START_SHIFT_DATE,END_SHIFT_DATE
2026-07-01,2026-07-31

EquipmentNo,LOAD_START_SHIFT_DATE,Load_Start_Shift_Ident,Total_Trips,Coal_Trips,Coal_Quantity,OB_Trips,OB_Quantity,Loading_Unit_First_Load,Loading_Unit_Last_Load
EX001,01/07/2026,1,88,0,0.00,88,3080.00,7/1/2026 6:38:31 AM,7/1/2026 1:10:14 PM
EX0010,01/07/2026,1,64,0,0.00,64,2240.00,7/1/2026 6:32:06 AM,7/1/2026 1:06:45 PM
EX0011,01/07/2026,1,115,0,0.00,115,4025.00,7/1/2026 6:37:21 AM,7/1/2026 1:42:09 PM
EX003,01/07/2026,1,24,1,92.80,19,665.00,7/1/2026 6:56:13 AM,7/1/2026 9:52:14 AM
EX004,01/07/2026,1,60,9,643.30,51,1785.00,7/1/2026 6:56:28 AM,7/1/2026 1:16:29 PM
EX005,01/07/2026,1,1,0,0.00,1,35.00,7/1/2026 7:09:13 AM,7/1/2026 7:09:13 AM
EX006,01/07/2026,1,89,0,0.00,89,3115.00,7/1/2026 6:52:38 AM,7/1/2026 1:09:39 PM
EX007,01/07/2026,1,103,5,508.50,98,3430.00,7/1/2026 6:29:36 AM,7/1/2026 1:33:51 PM
EX010,01/07/2026,1,30,0,0.00,25,875.00,7/1/2026 6:58:00 AM,7/1/2026 11:40:17 AM
EX012,01/07/2026,1,22,14,1095.00,8,280.00,7/1/2026 6:58:59 AM,7/1/2026 11:51:21 AM
PL003,01/07/2026,1,70,0,0.00,70,2450.00,7/1/2026 6:41:16 AM,7/1/2026 1:39:39 PM
PL004,01/07/2026,1,31,0,0.00,31,1085.00,7/1/2026 9:05:58 AM,7/1/2026 1:33:49 PM
PL2K05,01/07/2026,1,20,15,369.90,5,175.00,7/1/2026 7:03:09 AM,7/1/2026 1:05:13 PM
PL2K06,01/07/2026,1,36,36,887.76,0,0.00,7/1/2026 6:42:53 AM,7/1/2026 12:54:33 PM
EX001,01/07/2026,2,11,0,0.00,11,385.00,7/1/2026 3:52:11 PM,7/1/2026 5:32:28 PM
EX0010,01/07/2026,2,72,0,0.00,72,2520.00,7/1/2026 4:01:48 PM,7/1/2026 9:25:44 PM
EX0011,01/07/2026,2,106,0,0.00,106,3710.00,7/1/2026 3:52:10 PM,7/1/2026 9:33:41 PM
EX003,01/07/2026,2,26,0,0.00,26,910.00,7/1/2026 4:05:40 PM,7/1/2026 9:18:15 PM
EX004,01/07/2026,2,66,14,857.10,52,1820.00,7/1/2026 4:14:52 PM,7/1/2026 9:24:07 PM
EX005,01/07/2026,2,29,29,1665.80,0,0.00,7/1/2026 7:28:51 PM,7/1/2026 9:58:15 PM
EX006,01/07/2026,2,78,0,0.00,78,2730.00,7/1/2026 4:14:17 PM,7/1/2026 9:16:08 PM
EX007,01/07/2026,2,67,4,358.10,63,2205.00,7/1/2026 3:06:03 PM,7/1/2026 9:23:26 PM
EX008,01/07/2026,2,77,64,5868.70,13,455.00,7/1/2026 3:14:50 PM,7/1/2026 9:25:19 PM
EX009,01/07/2026,2,30,16,907.15,14,490.00,7/1/2026 4:13:05 PM,7/1/2026 9:09:56 PM
EX012,01/07/2026,2,15,13,1123.75,2,70.00,7/1/2026 6:55:59 PM,7/1/2026 9:04:08 PM
PL003,01/07/2026,2,70,0,0.00,70,2450.00,7/1/2026 3:22:13 PM,7/1/2026 9:30:09 PM
PL2K05,01/07/2026,2,21,21,517.86,0,0.00,7/1/2026 3:33:07 PM,7/1/2026 5:15:58 PM
PL2K06,01/07/2026,2,41,41,1011.06,0,0.00,7/1/2026 5:35:50 PM,7/1/2026 9:18:57 PM
EX0010,01/07/2026,3,55,0,0.00,55,1925.00,7/1/2026 10:49:58 PM,7/2/2026 5:16:59 AM
EX0011,01/07/2026,3,99,0,0.00,99,3465.00,7/1/2026 11:10:43 PM,7/2/2026 5:31:17 AM
EX003,01/07/2026,3,27,0,0.00,24,840.00,7/1/2026 10:44:21 PM,7/2/2026 5:13:26 AM
EX004,01/07/2026,3,55,2,145.30,53,1855.00,7/1/2026 10:45:44 PM,7/2/2026 5:14:32 AM
EX005,01/07/2026,3,68,67,4540.19,1,35.00,7/1/2026 10:02:06 PM,7/2/2026 5:15:14 AM
EX006,01/07/2026,3,63,3,190.60,60,2100.00,7/1/2026 10:42:25 PM,7/2/2026 5:09:09 AM
EX007,01/07/2026,3,50,11,702.55,39,1365.00,7/1/2026 10:50:36 PM,7/2/2026 5:27:07 AM
EX008,01/07/2026,3,69,18,1709.20,51,1785.00,7/1/2026 10:49:51 PM,7/2/2026 5:19:17 AM
EX010,01/07/2026,3,33,30,1886.20,0,0.00,7/1/2026 10:55:51 PM,7/2/2026 5:17:58 AM
EX012,01/07/2026,3,41,27,1611.15,14,490.00,7/1/2026 10:45:24 PM,7/2/2026 5:16:43 AM
PL003,01/07/2026,3,90,0,0.00,90,3150.00,7/1/2026 10:58:01 PM,7/2/2026 5:32:31 AM
PL2K06,01/07/2026,3,49,46,1134.36,3,105.00,7/1/2026 10:47:46 PM,7/2/2026 4:55:24 AM
EX001,02/07/2026,1,57,54,3505.25,3,105.00,7/2/2026 6:57:34 AM,7/2/2026 1:33:25 PM
EX0010,02/07/2026,1,67,0,0.00,67,2345.00,7/2/2026 6:45:09 AM,7/2/2026 1:27:39 PM
EX0011,02/07/2026,1,45,0,0.00,45,1575.00,7/2/2026 6:39:56 AM,7/2/2026 1:29:24 PM
EX003,02/07/2026,1,37,0,0.00,37,1295.00,7/2/2026 6:50:13 AM,7/2/2026 1:07:05 PM
EX004,02/07/2026,1,51,14,1001.90,37,1295.00,7/2/2026 6:51:29 AM,7/2/2026 1:23:44 PM
EX005,02/07/2026,1,25,0,0.00,25,875.00,7/2/2026 9:56:23 AM,7/2/2026 12:44:03 PM
EX006,02/07/2026,1,63,0,0.00,63,2205.00,7/2/2026 6:33:39 AM,7/2/2026 1:15:25 PM
EX007,02/07/2026,1,108,14,1172.50,94,3290.00,7/2/2026 6:31:18 AM,7/2/2026 1:24:50 PM
EX008,02/07/2026,1,42,1,90.50,41,1435.00,7/2/2026 6:43:32 AM,7/2/2026 1:21:51 PM
EX010,02/07/2026,1,41,41,2243.15,0,0.00,7/2/2026 6:54:13 AM,7/2/2026 1:03:01 PM
EX012,02/07/2026,1,33,8,587.15,25,875.00,7/2/2026 6:48:29 AM,7/2/2026 10:31:05 AM
PL003,02/07/2026,1,43,0,0.00,43,1505.00,7/2/2026 6:37:22 AM,7/2/2026 1:33:24 PM
PL2K05,02/07/2026,1,36,36,887.76,0,0.00,7/2/2026 7:50:36 AM,7/2/2026 1:37:22 PM
PL2K06,02/07/2026,1,2,2,49.32,0,0.00,7/2/2026 6:36:52 AM,7/2/2026 6:43:03 AM
EX001,02/07/2026,2,2,1,60.60,1,35.00,7/2/2026 3:04:44 PM,7/2/2026 3:17:07 PM
EX0010,02/07/2026,2,70,69,4064.63,1,35.00,7/2/2026 2:44:27 PM,7/2/2026 9:34:54 PM
EX0011,02/07/2026,2,88,0,0.00,88,3080.00,7/2/2026 2:52:23 PM,7/2/2026 9:32:33 PM
EX003,02/07/2026,2,39,0,0.00,39,1365.00,7/2/2026 3:23:05 PM,7/2/2026 9:43:50 PM
EX004,02/07/2026,2,64,12,776.45,52,1820.00,7/2/2026 3:06:22 PM,7/2/2026 9:18:39 PM
EX005,02/07/2026,2,78,0,0.00,78,2730.00,7/2/2026 2:44:50 PM,7/2/2026 9:23:44 PM
EX006,02/07/2026,2,92,0,0.00,92,3220.00,7/2/2026 3:10:32 PM,7/2/2026 9:31:18 PM
EX007,02/07/2026,2,91,44,3113.35,47,1645.00,7/2/2026 2:34:57 PM,7/2/2026 9:39:13 PM
EX008,02/07/2026,2,74,0,0.00,74,2590.00,7/2/2026 2:39:46 PM,7/2/2026 9:01:39 PM
EX010,02/07/2026,2,11,0,0.00,3,105.00,7/2/2026 4:03:57 PM,7/2/2026 8:18:19 PM
EX012,02/07/2026,2,39,24,1596.45,15,525.00,7/2/2026 3:18:12 PM,7/2/2026 9:14:26 PM
PL003,02/07/2026,2,18,1,95.60,17,595.00,7/2/2026 2:45:01 PM,7/2/2026 5:54:26 PM
PL004,02/07/2026,2,36,28,2100.75,8,280.00,7/2/2026 4:47:04 PM,7/2/2026 9:56:55 PM
PL2K05,02/07/2026,2,35,35,863.10,0,0.00,7/2/2026 2:38:31 PM,7/2/2026 9:12:59 PM
PL2K06,02/07/2026,2,26,26,641.16,0,0.00,7/2/2026 5:37:48 PM,7/2/2026 7:54:27 PM
EX001,02/07/2026,3,12,1,47.95,11,385.00,7/3/2026 4:38:24 AM,7/3/2026 5:27:49 AM
EX0010,02/07/2026,3,25,23,1368.99,2,70.00,7/2/2026 10:31:46 PM,7/3/2026 4:30:48 AM
EX0011,02/07/2026,3,122,1,47.95,121,4235.00,7/2/2026 10:55:02 PM,7/3/2026 5:33:57 AM
EX003,02/07/2026,3,2,0,0.00,2,70.00,7/2/2026 10:51:44 PM,7/2/2026 11:09:59 PM
EX004,02/07/2026,3,50,0,0.00,50,1750.00,7/2/2026 10:38:06 PM,7/3/2026 3:46:35 AM
EX005,02/07/2026,3,73,0,0.00,73,2555.00,7/2/2026 10:53:39 PM,7/3/2026 5:21:23 AM
EX006,02/07/2026,3,68,0,0.00,66,2310.00,7/2/2026 10:51:27 PM,7/3/2026 5:18:55 AM
EX007,02/07/2026,3,80,1,47.95,79,2765.00,7/2/2026 10:44:03 PM,7/3/2026 5:24:58 AM
EX008,02/07/2026,3,93,0,0.00,93,3255.00,7/2/2026 10:49:34 PM,7/3/2026 5:21:15 AM
EX010,02/07/2026,3,32,14,744.35,12,420.00,7/2/2026 10:59:54 PM,7/3/2026 5:19:07 AM
EX012,02/07/2026,3,29,10,640.20,19,665.00,7/2/2026 10:55:19 PM,7/3/2026 5:18:17 AM
PL003,02/07/2026,3,44,0,0.00,44,1540.00,7/2/2026 10:54:42 PM,7/3/2026 5:14:30 AM
PL004,02/07/2026,3,70,70,5035.58,0,0.00,7/2/2026 10:02:53 PM,7/3/2026 5:17:02 AM
PL2K05,02/07/2026,3,55,55,1611.21,0,0.00,7/2/2026 10:44:43 PM,7/3/2026 5:08:57 AM
EX001,03/07/2026,1,43,23,1923.00,20,700.00,7/3/2026 6:49:39 AM,7/3/2026 11:05:58 AM
EX0011,03/07/2026,1,128,0,0.00,128,4480.00,7/3/2026 6:41:49 AM,7/3/2026 1:22:24 PM
EX004,03/07/2026,1,36,1,57.80,35,1225.00,7/3/2026 9:01:18 AM,7/3/2026 1:13:05 PM
EX005,03/07/2026,1,58,4,282.95,54,1890.00,7/3/2026 6:41:20 AM,7/3/2026 1:12:03 PM
EX006,03/07/2026,1,43,0,0.00,43,1505.00,7/3/2026 7:41:53 AM,7/3/2026 1:02:50 PM
EX007,03/07/2026,1,109,2,209.10,107,3745.00,7/3/2026 6:25:17 AM,7/3/2026 1:25:48 PM
EX008,03/07/2026,1,51,0,0.00,51,1785.00,7/3/2026 6:41:04 AM,7/3/2026 1:07:13 PM
EX009,03/07/2026,1,21,0,0.00,21,735.00,7/3/2026 10:36:26 AM,7/3/2026 1:11:25 PM
EX010,03/07/2026,1,40,18,936.05,5,175.00,7/3/2026 6:49:47 AM,7/3/2026 1:02:53 PM
EX012,03/07/2026,1,59,0,0.00,59,2065.00,7/3/2026 6:46:43 AM,7/3/2026 1:20:03 PM
PL003,03/07/2026,1,75,0,0.00,75,2625.00,7/3/2026 6:44:12 AM,7/3/2026 1:40:02 PM
PL004,03/07/2026,1,51,51,3678.39,0,0.00,7/3/2026 6:35:27 AM,7/3/2026 1:11:18 PM
PL2K05,03/07/2026,1,40,28,690.48,12,420.00,7/3/2026 6:52:58 AM,7/3/2026 1:31:44 PM
EX0010,03/07/2026,2,71,0,0.00,71,2485.00,7/3/2026 3:22:21 PM,7/3/2026 9:27:25 PM
EX004,03/07/2026,2,65,30,2009.05,35,1225.00,7/3/2026 3:35:07 PM,7/3/2026 9:10:16 PM
EX005,03/07/2026,2,93,5,432.65,88,3080.00,7/3/2026 3:10:49 PM,7/3/2026 9:25:16 PM
EX006,03/07/2026,2,64,0,0.00,64,2240.00,7/3/2026 3:31:37 PM,7/3/2026 9:13:14 PM
EX007,03/07/2026,2,92,9,733.95,83,2905.00,7/3/2026 2:56:36 PM,7/3/2026 9:35:59 PM
EX008,03/07/2026,2,74,6,459.40,68,2380.00,7/3/2026 3:11:59 PM,7/3/2026 9:24:44 PM
EX009,03/07/2026,2,30,0,0.00,30,1050.00,7/3/2026 3:39:56 PM,7/3/2026 9:05:17 PM
EX010,03/07/2026,2,20,7,346.65,10,350.00,7/3/2026 4:51:14 PM,7/3/2026 9:18:42 PM
EX012,03/07/2026,2,39,11,842.35,18,630.00,7/3/2026 3:31:45 PM,7/3/2026 9:12:50 PM
PL003,03/07/2026,2,73,25,2388.65,48,1680.00,7/3/2026 3:15:21 PM,7/3/2026 9:39:22 PM
PL004,03/07/2026,2,53,1,94.60,52,1820.00,7/3/2026 4:03:01 PM,7/3/2026 9:18:22 PM
PL2K05,03/07/2026,2,14,10,246.60,4,140.00,7/3/2026 2:52:48 PM,7/3/2026 4:34:10 PM
PL2K06,03/07/2026,2,25,15,369.90,10,350.00,7/3/2026 6:22:18 PM,7/3/2026 9:09:59 PM
EX0010,03/07/2026,3,72,0,0.00,72,2520.00,7/3/2026 10:59:29 PM,7/4/2026 5:23:54 AM
EX0011,03/07/2026,3,112,0,0.00,112,3920.00,7/3/2026 10:53:27 PM,7/4/2026 5:24:04 AM
EX003,03/07/2026,3,49,24,1496.20,10,350.00,7/3/2026 11:19:48 PM,7/4/2026 5:17:39 AM
EX004,03/07/2026,3,53,7,584.90,46,1610.00,7/3/2026 10:43:09 PM,7/4/2026 5:16:53 AM
EX005,03/07/2026,3,43,0,0.00,43,1505.00,7/3/2026 11:14:18 PM,7/4/2026 5:24:37 AM
EX006,03/07/2026,3,66,0,0.00,66,2310.00,7/3/2026 10:46:10 PM,7/4/2026 5:10:35 AM
EX007,03/07/2026,3,54,47,4239.90,7,245.00,7/3/2026 11:27:05 PM,7/4/2026 5:19:04 AM
EX008,03/07/2026,3,34,0,0.00,34,1190.00,7/3/2026 11:32:12 PM,7/4/2026 5:19:09 AM
EX009,03/07/2026,3,32,3,227.80,25,875.00,7/3/2026 10:55:02 PM,7/4/2026 5:17:53 AM
EX010,03/07/2026,3,5,2,114.05,3,105.00,7/3/2026 10:47:58 PM,7/3/2026 11:29:27 PM
EX012,03/07/2026,3,37,0,0.00,37,1295.00,7/3/2026 10:55:10 PM,7/4/2026 5:05:44 AM
PL003,03/07/2026,3,55,49,4059.85,6,210.00,7/3/2026 10:59:54 PM,7/4/2026 5:11:51 AM
PL004,03/07/2026,3,31,0,0.00,31,1085.00,7/3/2026 11:43:21 PM,7/4/2026 5:23:19 AM
PL2K06,03/07/2026,3,40,16,394.56,24,840.00,7/3/2026 10:43:47 PM,7/4/2026 5:04:16 AM
EX0010,04/07/2026,1,59,4,388.80,55,1925.00,7/4/2026 6:40:12 AM,7/4/2026 1:19:51 PM
EX0011,04/07/2026,1,110,5,488.00,105,3675.00,7/4/2026 6:33:20 AM,7/4/2026 1:25:16 PM
EX003,04/07/2026,1,50,18,1242.00,29,1015.00,7/4/2026 7:05:52 AM,7/4/2026 12:30:46 PM
EX004,04/07/2026,1,42,0,0.00,42,1470.00,7/4/2026 6:45:42 AM,7/4/2026 10:56:15 AM
EX005,04/07/2026,1,34,0,0.00,34,1190.00,7/4/2026 9:50:37 AM,7/4/2026 1:15:01 PM
EX006,04/07/2026,1,43,0,0.00,43,1505.00,7/4/2026 9:53:14 AM,7/4/2026 1:10:13 PM
EX007,04/07/2026,1,73,50,4444.70,23,805.00,7/4/2026 6:28:47 AM,7/4/2026 1:22:16 PM
EX008,04/07/2026,1,67,0,0.00,67,2345.00,7/4/2026 6:36:27 AM,7/4/2026 1:16:46 PM
EX009,04/07/2026,1,53,47,2455.80,3,105.00,7/4/2026 6:43:52 AM,7/4/2026 1:16:20 PM
EX010,04/07/2026,1,18,10,523.65,7,245.00,7/4/2026 7:13:39 AM,7/4/2026 9:16:45 AM
EX012,04/07/2026,1,18,0,0.00,18,630.00,7/4/2026 6:49:54 AM,7/4/2026 1:00:50 PM
PL003,04/07/2026,1,45,45,3109.35,0,0.00,7/4/2026 6:37:59 AM,7/4/2026 1:21:33 PM
PL004,04/07/2026,1,44,0,0.00,44,1540.00,7/4/2026 6:48:43 AM,7/4/2026 1:20:57 PM
PL2K06,04/07/2026,1,40,32,867.50,8,280.00,7/4/2026 7:38:41 AM,7/4/2026 1:04:18 PM
EX0011,04/07/2026,2,106,0,0.00,106,3710.00,7/4/2026 3:36:28 PM,7/4/2026 9:28:22 PM
EX003,04/07/2026,2,32,0,0.00,27,945.00,7/4/2026 5:58:20 PM,7/4/2026 9:20:22 PM
EX004,04/07/2026,2,3,0,0.00,3,105.00,7/4/2026 8:55:31 PM,7/4/2026 9:15:34 PM
EX005,04/07/2026,2,64,2,134.55,62,2170.00,7/4/2026 3:33:14 PM,7/4/2026 9:21:44 PM
EX006,04/07/2026,2,70,7,436.70,56,1960.00,7/4/2026 2:53:08 PM,7/4/2026 9:16:03 PM
EX007,04/07/2026,2,53,15,1095.15,38,1330.00,7/4/2026 3:26:09 PM,7/4/2026 9:21:09 PM
EX008,04/07/2026,2,17,1,94.70,16,560.00,7/4/2026 8:00:01 PM,7/4/2026 9:23:52 PM
EX009,04/07/2026,2,38,0,0.00,38,1330.00,7/4/2026 2:58:07 PM,7/4/2026 8:03:40 PM
EX010,04/07/2026,2,48,0,0.00,39,1365.00,7/4/2026 2:53:57 PM,7/4/2026 9:18:18 PM
EX012,04/07/2026,2,59,2,139.30,57,1995.00,7/4/2026 3:04:01 PM,7/4/2026 9:24:00 PM
PL003,04/07/2026,2,47,47,3219.61,0,0.00,7/4/2026 3:25:59 PM,7/4/2026 9:30:37 PM
PL004,04/07/2026,2,56,0,0.00,56,1960.00,7/4/2026 3:26:03 PM,7/4/2026 9:29:32 PM
PL2K06,04/07/2026,2,24,15,385.43,9,315.00,7/4/2026 3:26:23 PM,7/4/2026 9:05:04 PM
EX0010,04/07/2026,3,51,0,0.00,51,1785.00,7/4/2026 10:52:09 PM,7/5/2026 5:20:41 AM
EX0011,04/07/2026,3,88,0,0.00,88,3080.00,7/4/2026 10:59:15 PM,7/5/2026 5:32:06 AM
EX003,04/07/2026,3,53,1,97.10,44,1540.00,7/4/2026 10:46:37 PM,7/5/2026 5:18:29 AM
EX004,04/07/2026,3,62,30,2453.25,32,1120.00,7/4/2026 10:43:34 PM,7/5/2026 5:15:08 AM
EX005,04/07/2026,3,78,10,892.10,68,2380.00,7/4/2026 10:52:50 PM,7/5/2026 5:24:50 AM
EX006,04/07/2026,3,56,1,47.95,48,1680.00,7/4/2026 10:42:28 PM,7/5/2026 5:20:34 AM
EX007,04/07/2026,3,48,2,140.65,46,1610.00,7/4/2026 11:49:00 PM,7/5/2026 5:28:06 AM
EX008,04/07/2026,3,87,0,0.00,87,3045.00,7/4/2026 10:50:16 PM,7/5/2026 5:29:16 AM
EX010,04/07/2026,3,38,0,0.00,38,1330.00,7/4/2026 10:33:21 PM,7/5/2026 5:18:58 AM
EX012,04/07/2026,3,44,0,0.00,44,1540.00,7/4/2026 10:43:21 PM,7/5/2026 5:20:15 AM
PL003,04/07/2026,3,49,49,3345.12,0,0.00,7/4/2026 10:55:47 PM,7/5/2026 5:22:51 AM
PL004,04/07/2026,3,86,0,0.00,86,3010.00,7/4/2026 11:04:20 PM,7/5/2026 5:36:04 AM
PL2K06,04/07/2026,3,48,43,1178.50,5,175.00,7/4/2026 10:42:51 PM,7/5/2026 5:04:49 AM
EX0011,05/07/2026,1,66,39,2754.65,27,945.00,7/5/2026 10:01:50 AM,7/5/2026 1:24:59 PM
EX003,05/07/2026,1,39,0,0.00,39,1365.00,7/5/2026 6:47:14 AM,7/5/2026 1:04:49 PM
EX004,05/07/2026,1,62,26,2002.60,36,1260.00,7/5/2026 6:41:47 AM,7/5/2026 1:10:22 PM
EX005,05/07/2026,1,101,0,0.00,101,3535.00,7/5/2026 6:31:39 AM,7/5/2026 1:28:28 PM
EX006,05/07/2026,1,59,0,0.00,59,2065.00,7/5/2026 8:00:42 AM,7/5/2026 1:21:09 PM
EX007,05/07/2026,1,117,45,3514.85,72,2520.00,7/5/2026 6:36:34 AM,7/5/2026 1:30:33 PM
EX008,05/07/2026,1,104,6,507.10,98,3430.00,7/5/2026 6:33:30 AM,7/5/2026 1:23:55 PM
EX009,05/07/2026,1,14,0,0.00,14,490.00,7/5/2026 11:07:18 AM,7/5/2026 1:09:50 PM
EX010,05/07/2026,1,9,0,0.00,9,315.00,7/5/2026 6:35:19 AM,7/5/2026 8:05:25 AM
EX012,05/07/2026,1,59,0,0.00,59,2065.00,7/5/2026 6:40:16 AM,7/5/2026 1:15:17 PM
PL003,05/07/2026,1,63,62,4585.10,1,35.00,7/5/2026 6:56:24 AM,7/5/2026 1:13:50 PM
PL004,05/07/2026,1,43,0,0.00,43,1505.00,7/5/2026 6:38:03 AM,7/5/2026 1:26:55 PM
PL2K05,05/07/2026,1,16,4,136.68,12,420.00,7/5/2026 6:52:38 AM,7/5/2026 8:32:04 AM
PL2K06,05/07/2026,1,34,9,240.10,25,875.00,7/5/2026 6:57:15 AM,7/5/2026 1:46:18 PM
EX0010,05/07/2026,2,37,0,0.00,37,1295.00,7/5/2026 4:51:14 PM,7/5/2026 9:27:30 PM
EX0011,05/07/2026,2,88,19,1638.50,69,2415.00,7/5/2026 4:29:06 PM,7/5/2026 9:29:05 PM
EX003,05/07/2026,2,34,0,0.00,34,1190.00,7/5/2026 6:02:56 PM,7/5/2026 9:15:34 PM
EX004,05/07/2026,2,66,1,90.10,65,2275.00,7/5/2026 2:54:31 PM,7/5/2026 9:12:29 PM
EX005,05/07/2026,2,30,0,0.00,30,1050.00,7/5/2026 6:24:41 PM,7/5/2026 9:19:39 PM
EX006,05/07/2026,2,65,0,0.00,65,2275.00,7/5/2026 3:14:50 PM,7/5/2026 9:15:25 PM
EX007,05/07/2026,2,46,29,2576.95,17,595.00,7/5/2026 4:36:58 PM,7/5/2026 9:17:06 PM
EX008,05/07/2026,2,53,13,1084.65,40,1400.00,7/5/2026 4:51:50 PM,7/5/2026 9:09:54 PM
EX009,05/07/2026,2,6,0,0.00,6,210.00,7/5/2026 3:32:42 PM,7/5/2026 4:37:08 PM
EX010,05/07/2026,2,30,16,978.90,7,245.00,7/5/2026 3:17:31 PM,7/5/2026 9:08:41 PM
EX012,05/07/2026,2,48,0,0.00,48,1680.00,7/5/2026 3:04:12 PM,7/5/2026 9:16:28 PM
PL003,05/07/2026,2,42,42,2549.60,0,0.00,7/5/2026 4:40:58 PM,7/5/2026 9:17:29 PM
PL004,05/07/2026,2,34,0,0.00,34,1190.00,7/5/2026 5:52:10 PM,7/5/2026 8:36:52 PM
PL2K05,05/07/2026,2,1,1,24.66,0,0.00,7/5/2026 4:59:22 PM,7/5/2026 4:59:22 PM
PL2K06,05/07/2026,2,65,59,1708.23,6,210.00,7/5/2026 2:54:32 PM,7/5/2026 9:17:21 PM
EX0011,05/07/2026,3,90,0,0.00,90,3150.00,7/5/2026 10:38:10 PM,7/6/2026 5:23:04 AM
EX003,05/07/2026,3,71,0,0.00,71,2485.00,7/5/2026 10:43:08 PM,7/6/2026 5:49:53 AM
EX004,05/07/2026,3,51,0,0.00,51,1785.00,7/5/2026 10:45:28 PM,7/6/2026 5:38:37 AM
EX005,05/07/2026,3,48,42,2589.54,6,210.00,7/5/2026 10:52:57 PM,7/6/2026 5:41:07 AM
EX006,05/07/2026,3,17,0,0.00,17,595.00,7/5/2026 10:48:21 PM,7/6/2026 12:28:51 AM
EX007,05/07/2026,3,46,12,1185.60,34,1190.00,7/5/2026 10:36:07 PM,7/6/2026 5:19:00 AM
EX008,05/07/2026,3,88,0,0.00,88,3080.00,7/5/2026 10:47:00 PM,7/6/2026 5:26:21 AM
EX009,05/07/2026,3,20,13,889.95,7,245.00,7/6/2026 2:24:51 AM,7/6/2026 5:41:50 AM
EX010,05/07/2026,3,23,6,362.40,17,595.00,7/5/2026 10:51:56 PM,7/6/2026 5:11:39 AM
EX012,05/07/2026,3,41,0,0.00,41,1435.00,7/5/2026 10:43:33 PM,7/6/2026 5:40:13 AM
PL003,05/07/2026,3,32,5,492.50,27,945.00,7/5/2026 11:39:18 PM,7/6/2026 5:20:51 AM
PL004,05/07/2026,3,12,12,774.18,0,0.00,7/5/2026 10:43:41 PM,7/6/2026 12:16:44 AM
PL2K05,05/07/2026,3,29,26,752.05,3,105.00,7/6/2026 1:43:25 AM,7/6/2026 5:44:10 AM
PL2K06,05/07/2026,3,20,20,648.28,0,0.00,7/5/2026 10:38:18 PM,7/6/2026 2:48:46 AM
EX0011,06/07/2026,1,79,24,1608.60,55,1925.00,7/6/2026 6:47:28 AM,7/6/2026 1:30:48 PM
EX003,06/07/2026,1,87,0,0.00,87,3045.00,7/6/2026 6:52:19 AM,7/6/2026 12:59:45 PM
EX004,06/07/2026,1,58,1,86.20,57,1995.00,7/6/2026 6:48:27 AM,7/6/2026 1:12:53 PM
EX005,06/07/2026,1,61,3,269.10,58,2030.00,7/6/2026 6:49:15 AM,7/6/2026 1:04:02 PM
EX007,06/07/2026,1,50,9,785.45,41,1435.00,7/6/2026 9:33:03 AM,7/6/2026 1:28:32 PM
EX008,06/07/2026,1,22,3,286.50,19,665.00,7/6/2026 6:48:48 AM,7/6/2026 11:16:20 AM
EX009,06/07/2026,1,27,10,644.65,17,595.00,7/6/2026 6:57:09 AM,7/6/2026 1:10:48 PM
EX010,06/07/2026,1,31,0,0.00,31,1085.00,7/6/2026 6:51:17 AM,7/6/2026 1:06:37 PM
EX012,06/07/2026,1,44,0,0.00,44,1540.00,7/6/2026 6:40:44 AM,7/6/2026 1:17:17 PM
PL003,06/07/2026,1,64,3,183.00,61,2135.00,7/6/2026 6:34:51 AM,7/6/2026 1:23:53 PM
PL004,06/07/2026,1,43,2,117.55,41,1435.00,7/6/2026 6:44:43 AM,7/6/2026 1:07:53 PM
PL2K05,06/07/2026,1,13,1,24.66,12,420.00,7/6/2026 6:52:05 AM,7/6/2026 8:53:58 AM
PL2K06,06/07/2026,1,14,5,123.30,9,315.00,7/6/2026 10:34:26 AM,7/6/2026 12:46:00 PM
EX0010,06/07/2026,2,62,0,0.00,62,2170.00,7/6/2026 3:17:12 PM,7/6/2026 9:17:59 PM
EX0011,06/07/2026,2,61,42,3821.85,19,665.00,7/6/2026 2:42:02 PM,7/6/2026 9:26:31 PM
EX003,06/07/2026,2,7,0,0.00,7,245.00,7/6/2026 6:49:15 PM,7/6/2026 7:22:11 PM
EX004,06/07/2026,2,53,15,1308.75,38,1330.00,7/6/2026 4:25:50 PM,7/6/2026 9:13:45 PM
EX005,06/07/2026,2,50,0,0.00,50,1750.00,7/6/2026 3:04:26 PM,7/6/2026 9:24:34 PM
EX007,06/07/2026,2,45,2,134.65,43,1505.00,7/6/2026 2:45:20 PM,7/6/2026 9:26:20 PM
EX008,06/07/2026,2,79,14,996.80,65,2275.00,7/6/2026 2:57:08 PM,7/6/2026 9:16:42 PM
EX009,06/07/2026,2,39,8,515.25,13,455.00,7/6/2026 4:13:19 PM,7/6/2026 9:17:30 PM
EX010,06/07/2026,2,25,6,328.50,16,560.00,7/6/2026 4:15:42 PM,7/6/2026 9:15:22 PM
EX012,06/07/2026,2,42,0,0.00,42,1470.00,7/6/2026 4:10:17 PM,7/6/2026 9:10:26 PM
PL003,06/07/2026,2,68,26,2100.05,42,1470.00,7/6/2026 2:57:41 PM,7/6/2026 9:19:30 PM
PL004,06/07/2026,2,24,0,0.00,24,840.00,7/6/2026 7:01:30 PM,7/6/2026 9:18:38 PM
PL2K06,06/07/2026,2,52,47,1340.95,5,175.00,7/6/2026 2:45:52 PM,7/6/2026 9:08:49 PM
EX0010,06/07/2026,3,60,60,3725.28,0,0.00,7/6/2026 10:57:57 PM,7/7/2026 5:18:51 AM
EX0011,06/07/2026,3,52,0,0.00,52,1820.00,7/6/2026 10:52:02 PM,7/7/2026 5:24:35 AM
EX003,06/07/2026,3,38,0,0.00,38,1330.00,7/6/2026 10:48:43 PM,7/7/2026 2:14:48 AM
EX004,06/07/2026,3,70,28,2023.65,42,1470.00,7/6/2026 11:03:30 PM,7/7/2026 5:44:12 AM
EX005,06/07/2026,3,52,0,0.00,52,1820.00,7/6/2026 10:54:14 PM,7/7/2026 5:11:41 AM
EX006,06/07/2026,3,35,0,0.00,35,1225.00,7/6/2026 10:58:43 PM,7/7/2026 5:43:15 AM
EX007,06/07/2026,3,27,3,229.95,24,840.00,7/6/2026 11:00:10 PM,7/7/2026 5:26:04 AM
EX008,06/07/2026,3,72,2,198.80,70,2450.00,7/6/2026 10:47:32 PM,7/7/2026 5:22:55 AM
EX009,06/07/2026,3,35,0,0.00,0,0.00,7/6/2026 10:28:17 PM,7/7/2026 5:46:12 AM
EX010,06/07/2026,3,1,0,0.00,1,35.00,7/7/2026 1:11:08 AM,7/7/2026 1:11:08 AM
EX012,06/07/2026,3,1,0,0.00,1,35.00,7/6/2026 11:09:15 PM,7/6/2026 11:09:15 PM
PL003,06/07/2026,3,23,18,1490.70,5,175.00,7/6/2026 10:54:45 PM,7/7/2026 12:58:47 AM
PL004,06/07/2026,3,1,0,0.00,1,35.00,7/6/2026 11:29:15 PM,7/6/2026 11:29:15 PM
PL2K05,06/07/2026,3,25,25,770.85,0,0.00,7/7/2026 2:47:13 AM,7/7/2026 5:40:48 AM
PL2K06,06/07/2026,3,17,17,538.31,0,0.00,7/6/2026 11:21:08 PM,7/7/2026 3:06:38 AM
EX0010,07/07/2026,1,75,71,3946.28,4,140.00,7/7/2026 7:20:40 AM,7/7/2026 1:19:10 PM
EX0011,07/07/2026,1,63,9,651.50,54,1890.00,7/7/2026 7:27:19 AM,7/7/2026 1:25:23 PM
EX004,07/07/2026,1,63,0,0.00,63,2205.00,7/7/2026 7:00:24 AM,7/7/2026 1:18:13 PM
EX005,07/07/2026,1,56,0,0.00,56,1960.00,7/7/2026 7:03:55 AM,7/7/2026 1:38:28 PM
EX006,07/07/2026,1,66,0,0.00,66,2310.00,7/7/2026 6:49:18 AM,7/7/2026 1:15:50 PM
EX007,07/07/2026,1,59,9,860.20,50,1750.00,7/7/2026 7:00:11 AM,7/7/2026 1:31:20 PM
EX008,07/07/2026,1,40,0,0.00,40,1400.00,7/7/2026 7:01:31 AM,7/7/2026 8:57:49 AM
EX009,07/07/2026,1,37,35,2077.80,2,70.00,7/7/2026 6:41:54 AM,7/7/2026 1:29:19 PM
EX010,07/07/2026,1,37,0,0.00,20,700.00,7/7/2026 7:12:43 AM,7/7/2026 12:54:32 PM
EX012,07/07/2026,1,26,0,0.00,26,910.00,7/7/2026 9:41:36 AM,7/7/2026 1:02:31 PM
PL004,07/07/2026,1,73,0,0.00,73,2555.00,7/7/2026 6:57:06 AM,7/7/2026 1:27:16 PM
PL2K05,07/07/2026,1,1,1,24.66,0,0.00,7/7/2026 9:35:16 AM,7/7/2026 9:35:16 AM
PL2K06,07/07/2026,1,57,57,1471.36,0,0.00,7/7/2026 7:22:10 AM,7/7/2026 1:20:23 PM
EX0010,07/07/2026,2,59,58,3447.00,1,35.00,7/7/2026 4:14:00 PM,7/7/2026 9:56:08 PM
EX0011,07/07/2026,2,57,0,0.00,57,1995.00,7/7/2026 3:58:47 PM,7/7/2026 9:21:19 PM
EX004,07/07/2026,2,45,0,0.00,45,1575.00,7/7/2026 5:25:13 PM,7/7/2026 9:22:10 PM
EX005,07/07/2026,2,74,0,0.00,74,2590.00,7/7/2026 3:55:21 PM,7/7/2026 9:25:58 PM
EX006,07/07/2026,2,64,0,0.00,64,2240.00,7/7/2026 3:46:49 PM,7/7/2026 9:23:14 PM
EX007,07/07/2026,2,53,1,47.95,52,1820.00,7/7/2026 3:52:30 PM,7/7/2026 9:18:19 PM
EX008,07/07/2026,2,8,0,0.00,8,280.00,7/7/2026 7:59:33 PM,7/7/2026 8:42:57 PM
EX009,07/07/2026,2,32,30,2202.45,2,70.00,7/7/2026 3:36:19 PM,7/7/2026 9:07:26 PM
EX010,07/07/2026,2,30,11,635.30,17,595.00,7/7/2026 4:02:09 PM,7/7/2026 9:17:10 PM
EX012,07/07/2026,2,34,34,1886.05,0,0.00,7/7/2026 4:00:59 PM,7/7/2026 9:13:40 PM
PL003,07/07/2026,2,13,0,0.00,13,455.00,7/7/2026 4:18:14 PM,7/7/2026 6:12:56 PM
PL004,07/07/2026,2,62,41,2879.85,21,735.00,7/7/2026 3:54:43 PM,7/7/2026 9:38:23 PM
PL2K06,07/07/2026,2,63,59,1513.50,4,140.00,7/7/2026 2:43:16 PM,7/7/2026 9:16:35 PM
EX0010,07/07/2026,3,62,36,2096.26,26,910.00,7/7/2026 10:09:25 PM,7/8/2026 5:19:43 AM
EX0011,07/07/2026,3,85,0,0.00,85,2975.00,7/7/2026 10:41:56 PM,7/8/2026 5:25:38 AM
EX003,07/07/2026,3,1,0,0.00,1,35.00,7/8/2026 3:27:52 AM,7/8/2026 3:27:52 AM
EX004,07/07/2026,3,51,0,0.00,51,1785.00,7/7/2026 10:49:07 PM,7/8/2026 5:11:46 AM
EX006,07/07/2026,3,61,0,0.00,61,2135.00,7/7/2026 10:43:53 PM,7/8/2026 5:13:28 AM
EX007,07/07/2026,3,38,5,412.20,33,1155.00,7/7/2026 10:40:21 PM,7/8/2026 5:23:10 AM
EX008,07/07/2026,3,65,0,0.00,65,2275.00,7/7/2026 10:44:15 PM,7/8/2026 5:24:21 AM
EX009,07/07/2026,3,31,10,889.20,21,735.00,7/7/2026 10:44:22 PM,7/8/2026 5:32:47 AM
EX010,07/07/2026,3,29,25,1387.75,4,140.00,7/7/2026 10:51:07 PM,7/8/2026 4:36:46 AM
EX012,07/07/2026,3,37,30,1744.60,7,245.00,7/7/2026 10:38:34 PM,7/8/2026 5:41:32 AM
PL004,07/07/2026,3,32,14,1322.40,18,630.00,7/7/2026 11:00:36 PM,7/8/2026 5:17:21 AM
PL2K05,07/07/2026,3,32,32,848.06,0,0.00,7/8/2026 1:18:16 AM,7/8/2026 5:05:00 AM
PL2K06,07/07/2026,3,22,22,542.52,0,0.00,7/7/2026 10:53:28 PM,7/8/2026 1:24:22 AM
EX0010,08/07/2026,1,41,2,95.90,28,980.00,7/8/2026 6:53:07 AM,7/8/2026 1:12:00 PM
EX0011,08/07/2026,1,52,0,0.00,52,1820.00,7/8/2026 7:10:25 AM,7/8/2026 1:34:13 PM
EX003,08/07/2026,1,49,0,0.00,49,1715.00,7/8/2026 7:12:17 AM,7/8/2026 12:10:04 PM
EX004,08/07/2026,1,23,0,0.00,23,805.00,7/8/2026 6:42:43 AM,7/8/2026 8:48:33 AM
EX005,08/07/2026,1,61,35,3097.00,26,910.00,7/8/2026 6:46:29 AM,7/8/2026 1:13:40 PM
EX006,08/07/2026,1,51,0,0.00,51,1785.00,7/8/2026 9:22:25 AM,7/8/2026 1:07:26 PM
EX007,08/07/2026,1,52,3,248.60,49,1715.00,7/8/2026 6:45:59 AM,7/8/2026 1:17:36 PM
EX008,08/07/2026,1,74,0,0.00,74,2590.00,7/8/2026 6:48:37 AM,7/8/2026 1:22:48 PM
EX009,08/07/2026,1,35,25,1604.25,10,350.00,7/8/2026 6:36:17 AM,7/8/2026 12:58:52 PM
EX010,08/07/2026,1,16,1,47.95,15,525.00,7/8/2026 6:39:11 AM,7/8/2026 1:20:50 PM
EX012,08/07/2026,1,43,32,1659.10,11,385.00,7/8/2026 6:46:49 AM,7/8/2026 1:29:50 PM
PL003,08/07/2026,1,38,30,1733.76,8,280.00,7/8/2026 7:20:37 AM,7/8/2026 1:16:31 PM
PL004,08/07/2026,1,44,0,0.00,44,1540.00,7/8/2026 7:09:03 AM,7/8/2026 1:09:29 PM
PL2K05,08/07/2026,1,17,17,419.22,0,0.00,7/8/2026 7:07:04 AM,7/8/2026 10:33:46 AM
PL2K06,08/07/2026,1,25,25,616.50,0,0.00,7/8/2026 9:25:00 AM,7/8/2026 1:34:52 PM
EX0010,08/07/2026,2,55,0,0.00,55,1925.00,7/8/2026 3:28:52 PM,7/8/2026 9:15:51 PM
EX0011,08/07/2026,2,76,0,0.00,76,2660.00,7/8/2026 3:32:36 PM,7/8/2026 9:24:35 PM
EX003,08/07/2026,2,35,0,0.00,35,1225.00,7/8/2026 4:05:03 PM,7/8/2026 8:27:15 PM
EX004,08/07/2026,2,21,0,0.00,21,735.00,7/8/2026 7:23:34 PM,7/8/2026 9:15:25 PM
EX005,08/07/2026,2,29,17,1171.25,12,420.00,7/8/2026 5:40:18 PM,7/8/2026 9:28:34 PM
EX006,08/07/2026,2,69,0,0.00,69,2415.00,7/8/2026 3:29:53 PM,7/8/2026 9:14:39 PM
EX007,08/07/2026,2,39,1,102.10,38,1330.00,7/8/2026 3:16:28 PM,7/8/2026 9:35:34 PM
EX008,08/07/2026,2,77,0,0.00,77,2695.00,7/8/2026 3:08:14 PM,7/8/2026 9:21:52 PM
EX009,08/07/2026,2,36,36,2062.60,0,0.00,7/8/2026 3:32:37 PM,7/8/2026 9:11:33 PM
EX010,08/07/2026,2,10,0,0.00,10,350.00,7/8/2026 3:42:52 PM,7/8/2026 5:12:03 PM
EX012,08/07/2026,2,34,0,0.00,34,1190.00,7/8/2026 3:33:38 PM,7/8/2026 9:10:49 PM
PL003,08/07/2026,2,50,49,2968.32,1,35.00,7/8/2026 3:14:24 PM,7/8/2026 9:35:10 PM
PL004,08/07/2026,2,20,1,47.95,19,665.00,7/8/2026 7:53:34 PM,7/8/2026 9:35:47 PM
PL2K06,08/07/2026,2,43,43,1219.25,0,0.00,7/8/2026 3:32:24 PM,7/8/2026 9:16:58 PM
EX0010,08/07/2026,3,75,1,76.10,74,2590.00,7/8/2026 11:03:08 PM,7/9/2026 5:29:54 AM
EX0011,08/07/2026,3,71,0,0.00,71,2485.00,7/8/2026 10:40:32 PM,7/9/2026 5:24:00 AM
EX003,08/07/2026,3,20,0,0.00,20,700.00,7/8/2026 11:01:04 PM,7/9/2026 5:17:08 AM
EX004,08/07/2026,3,41,0,0.00,41,1435.00,7/8/2026 10:51:06 PM,7/9/2026 5:28:05 AM
EX005,08/07/2026,3,31,31,2035.15,0,0.00,7/8/2026 10:53:09 PM,7/9/2026 2:40:20 AM
EX006,08/07/2026,3,54,0,0.00,54,1890.00,7/8/2026 10:42:00 PM,7/9/2026 5:25:16 AM
EX007,08/07/2026,3,61,0,0.00,61,2135.00,7/8/2026 10:48:24 PM,7/9/2026 5:16:05 AM
EX008,08/07/2026,3,44,0,0.00,44,1540.00,7/8/2026 11:21:49 PM,7/9/2026 4:54:05 AM
EX009,08/07/2026,3,40,36,1969.50,4,140.00,7/8/2026 10:49:42 PM,7/9/2026 5:07:42 AM
EX010,08/07/2026,3,12,0,0.00,12,420.00,7/8/2026 11:55:08 PM,7/9/2026 5:23:26 AM
EX012,08/07/2026,3,26,0,0.00,26,910.00,7/8/2026 10:50:55 PM,7/9/2026 5:20:56 AM
PL003,08/07/2026,3,30,0,0.00,30,1050.00,7/8/2026 11:47:24 PM,7/9/2026 4:07:03 AM
PL004,08/07/2026,3,29,29,2046.85,0,0.00,7/9/2026 3:00:43 AM,7/9/2026 5:57:02 AM
PL2K05,08/07/2026,3,32,32,833.15,0,0.00,7/9/2026 12:37:47 AM,7/9/2026 5:22:39 AM
PL2K06,08/07/2026,3,21,21,517.86,0,0.00,7/8/2026 10:44:06 PM,7/9/2026 5:11:23 AM
EX0010,09/07/2026,1,43,25,1710.15,18,630.00,7/9/2026 6:56:20 AM,7/9/2026 1:24:10 PM
EX0011,09/07/2026,1,38,0,0.00,38,1330.00,7/9/2026 7:19:46 AM,7/9/2026 1:18:36 PM
EX003,09/07/2026,1,63,0,0.00,63,2205.00,7/9/2026 6:42:50 AM,7/9/2026 1:23:03 PM
EX004,09/07/2026,1,63,0,0.00,63,2205.00,7/9/2026 6:32:03 AM,7/9/2026 1:09:03 PM
EX005,09/07/2026,1,42,0,0.00,42,1470.00,7/9/2026 7:02:43 AM,7/9/2026 1:10:06 PM
EX006,09/07/2026,1,63,0,0.00,63,2205.00,7/9/2026 7:14:23 AM,7/9/2026 1:12:22 PM
EX007,09/07/2026,1,77,0,0.00,77,2695.00,7/9/2026 6:32:43 AM,7/9/2026 1:14:34 PM
EX008,09/07/2026,1,47,0,0.00,47,1645.00,7/9/2026 6:47:16 AM,7/9/2026 1:23:37 PM
EX009,09/07/2026,1,44,42,2396.10,2,70.00,7/9/2026 6:37:59 AM,7/9/2026 1:10:19 PM
EX010,09/07/2026,1,32,0,0.00,32,1120.00,7/9/2026 7:10:41 AM,7/9/2026 1:04:52 PM
EX012,09/07/2026,1,9,0,0.00,9,315.00,7/9/2026 8:55:26 AM,7/9/2026 10:06:32 AM
PL004,09/07/2026,1,53,53,3916.40,0,0.00,7/9/2026 6:04:49 AM,7/9/2026 1:11:40 PM
PL2K05,09/07/2026,1,24,24,622.35,0,0.00,7/9/2026 6:47:01 AM,7/9/2026 1:40:53 PM
PL2K06,09/07/2026,1,48,48,1183.68,0,0.00,7/9/2026 9:18:15 AM,7/9/2026 1:29:49 PM
EX0010,09/07/2026,2,52,48,4133.10,4,140.00,7/9/2026 3:54:15 PM,7/9/2026 9:26:11 PM
EX0011,09/07/2026,2,70,67,3970.41,3,105.00,7/9/2026 4:06:00 PM,7/9/2026 9:59:40 PM
EX003,09/07/2026,2,26,0,0.00,26,910.00,7/9/2026 2:57:49 PM,7/9/2026 7:35:37 PM
EX004,09/07/2026,2,66,0,0.00,66,2310.00,7/9/2026 3:18:53 PM,7/9/2026 9:20:29 PM
EX005,09/07/2026,2,14,11,718.65,3,105.00,7/9/2026 8:09:13 PM,7/9/2026 9:18:09 PM
EX006,09/07/2026,2,85,0,0.00,85,2975.00,7/9/2026 3:00:08 PM,7/9/2026 9:14:44 PM
EX007,09/07/2026,2,41,0,0.00,41,1435.00,7/9/2026 4:02:08 PM,7/9/2026 9:18:11 PM
EX008,09/07/2026,2,50,0,0.00,50,1750.00,7/9/2026 4:16:06 PM,7/9/2026 9:15:46 PM
EX009,09/07/2026,2,43,21,1127.10,22,770.00,7/9/2026 3:01:32 PM,7/9/2026 9:22:10 PM
EX010,09/07/2026,2,8,0,0.00,8,280.00,7/9/2026 8:04:41 PM,7/9/2026 9:08:22 PM
EX012,09/07/2026,2,10,0,0.00,10,350.00,7/9/2026 6:55:07 PM,7/9/2026 8:35:29 PM
PL004,09/07/2026,2,47,2,146.25,45,1575.00,7/9/2026 4:24:53 PM,7/9/2026 9:13:05 PM
PL2K05,09/07/2026,2,49,48,1443.16,1,35.00,7/9/2026 2:45:48 PM,7/9/2026 9:12:41 PM
PL2K06,09/07/2026,2,9,9,331.44,0,0.00,7/9/2026 8:07:29 PM,7/9/2026 8:54:43 PM
EX0010,09/07/2026,3,80,0,0.00,80,2800.00,7/9/2026 11:22:25 PM,7/10/2026 5:27:45 AM
EX0011,09/07/2026,3,80,78,4786.64,2,70.00,7/9/2026 10:07:32 PM,7/10/2026 5:57:38 AM
EX003,09/07/2026,3,28,0,0.00,28,980.00,7/10/2026 1:18:08 AM,7/10/2026 5:13:07 AM
EX004,09/07/2026,3,51,0,0.00,51,1785.00,7/9/2026 10:44:56 PM,7/10/2026 4:51:41 AM
EX005,09/07/2026,3,43,29,2331.20,14,490.00,7/9/2026 10:34:41 PM,7/10/2026 4:07:34 AM
EX006,09/07/2026,3,9,0,0.00,9,315.00,7/9/2026 10:48:07 PM,7/9/2026 11:27:55 PM
EX007,09/07/2026,3,76,1,102.50,75,2625.00,7/9/2026 10:34:31 PM,7/10/2026 5:28:11 AM
EX008,09/07/2026,3,61,6,494.75,55,1925.00,7/9/2026 10:39:02 PM,7/10/2026 5:24:54 AM
EX009,09/07/2026,3,59,47,2603.25,12,420.00,7/9/2026 10:53:36 PM,7/10/2026 5:15:30 AM
EX010,09/07/2026,3,41,0,0.00,41,1435.00,7/9/2026 11:02:57 PM,7/10/2026 5:09:42 AM
EX012,09/07/2026,3,4,0,0.00,4,140.00,7/10/2026 2:17:50 AM,7/10/2026 2:50:52 AM
PL004,09/07/2026,3,55,0,0.00,55,1925.00,7/9/2026 10:50:56 PM,7/10/2026 5:33:02 AM
PL2K05,09/07/2026,3,28,28,812.07,0,0.00,7/9/2026 10:23:30 PM,7/10/2026 5:45:28 AM
PL2K06,09/07/2026,3,40,40,1351.38,0,0.00,7/9/2026 11:31:25 PM,7/10/2026 5:19:48 AM
EX0010,10/07/2026,1,66,0,0.00,66,2310.00,7/10/2026 6:45:35 AM,7/10/2026 1:13:31 PM
EX0011,10/07/2026,1,67,67,3884.33,0,0.00,7/10/2026 6:01:16 AM,7/10/2026 1:20:27 PM
EX003,10/07/2026,1,57,0,0.00,57,1995.00,7/10/2026 6:33:44 AM,7/10/2026 1:10:22 PM
EX004,10/07/2026,1,44,0,0.00,44,1540.00,7/10/2026 6:57:41 AM,7/10/2026 1:06:21 PM
EX005,10/07/2026,1,24,1,66.40,22,770.00,7/10/2026 10:25:18 AM,7/10/2026 12:49:03 PM
EX006,10/07/2026,1,36,0,0.00,36,1260.00,7/10/2026 10:06:41 AM,7/10/2026 1:12:08 PM
EX007,10/07/2026,1,66,0,0.00,66,2310.00,7/10/2026 6:33:29 AM,7/10/2026 1:14:17 PM
EX008,10/07/2026,1,68,0,0.00,68,2380.00,7/10/2026 6:51:43 AM,7/10/2026 1:10:34 PM
EX009,10/07/2026,1,50,44,2434.65,6,210.00,7/10/2026 6:36:52 AM,7/10/2026 1:28:18 PM
EX010,10/07/2026,1,18,0,0.00,18,630.00,7/10/2026 6:45:56 AM,7/10/2026 10:59:44 AM
EX012,10/07/2026,1,47,0,0.00,47,1645.00,7/10/2026 6:47:41 AM,7/10/2026 1:13:49 PM
PL003,10/07/2026,1,59,13,873.25,46,1610.00,7/10/2026 8:38:41 AM,7/10/2026 1:20:24 PM
PL004,10/07/2026,1,16,0,0.00,16,560.00,7/10/2026 6:58:55 AM,7/10/2026 8:51:03 AM
PL2K05,10/07/2026,1,18,18,462.40,0,0.00,7/10/2026 6:46:22 AM,7/10/2026 1:56:03 PM
PL2K06,10/07/2026,1,40,40,986.40,0,0.00,7/10/2026 9:22:51 AM,7/10/2026 1:54:33 PM
EX0010,10/07/2026,2,43,0,0.00,43,1505.00,7/10/2026 4:01:04 PM,7/10/2026 9:20:54 PM
EX0011,10/07/2026,2,21,0,0.00,21,735.00,7/10/2026 3:41:10 PM,7/10/2026 5:53:55 PM
EX003,10/07/2026,2,37,0,0.00,37,1295.00,7/10/2026 3:52:00 PM,7/10/2026 9:11:06 PM
EX004,10/07/2026,2,11,0,0.00,11,385.00,7/10/2026 3:56:52 PM,7/10/2026 7:25:34 PM
EX005,10/07/2026,2,17,4,291.80,13,455.00,7/10/2026 6:18:47 PM,7/10/2026 7:50:19 PM
EX006,10/07/2026,2,71,0,0.00,71,2485.00,7/10/2026 3:44:14 PM,7/10/2026 9:23:08 PM
EX007,10/07/2026,2,56,0,0.00,56,1960.00,7/10/2026 3:37:21 PM,7/10/2026 9:17:47 PM
EX008,10/07/2026,2,62,6,439.00,56,1960.00,7/10/2026 4:25:45 PM,7/10/2026 9:21:40 PM
EX009,10/07/2026,2,38,25,1862.65,13,455.00,7/10/2026 3:51:27 PM,7/10/2026 9:16:25 PM
EX010,10/07/2026,2,26,26,1580.15,0,0.00,7/10/2026 4:02:05 PM,7/10/2026 9:13:36 PM
EX012,10/07/2026,2,1,0,0.00,1,35.00,7/10/2026 3:39:24 PM,7/10/2026 3:39:24 PM
PL003,10/07/2026,2,48,0,0.00,48,1680.00,7/10/2026 4:05:25 PM,7/10/2026 9:04:49 PM
PL004,10/07/2026,2,53,53,3411.21,0,0.00,7/10/2026 3:26:26 PM,7/10/2026 9:12:23 PM
PL2K06,10/07/2026,2,34,26,756.05,8,280.00,7/10/2026 2:49:47 PM,7/10/2026 9:00:27 PM
EX0010,10/07/2026,3,52,45,2671.39,7,245.00,7/10/2026 10:42:35 PM,7/11/2026 5:22:30 AM
EX0011,10/07/2026,3,52,1,101.90,51,1785.00,7/10/2026 10:51:52 PM,7/11/2026 5:22:11 AM
EX003,10/07/2026,3,38,0,0.00,38,1330.00,7/10/2026 11:00:07 PM,7/11/2026 5:00:15 AM
EX004,10/07/2026,3,19,0,0.00,19,665.00,7/11/2026 3:49:22 AM,7/11/2026 4:54:50 AM
EX005,10/07/2026,3,66,14,1336.80,52,1820.00,7/10/2026 10:48:14 PM,7/11/2026 5:21:23 AM
EX006,10/07/2026,3,45,0,0.00,45,1575.00,7/10/2026 11:34:05 PM,7/11/2026 5:08:08 AM
EX007,10/07/2026,3,75,0,0.00,75,2625.00,7/10/2026 10:33:55 PM,7/11/2026 5:28:21 AM
EX008,10/07/2026,3,69,1,47.95,68,2380.00,7/10/2026 10:45:31 PM,7/11/2026 5:24:24 AM
EX009,10/07/2026,3,32,4,229.35,28,980.00,7/10/2026 10:57:57 PM,7/11/2026 5:05:33 AM
EX010,10/07/2026,3,51,42,2364.85,9,315.00,7/10/2026 10:36:08 PM,7/11/2026 5:11:04 AM
EX012,10/07/2026,3,12,0,0.00,12,420.00,7/10/2026 10:58:28 PM,7/11/2026 5:24:38 AM
PL003,10/07/2026,3,16,16,1099.84,0,0.00,7/10/2026 10:50:06 PM,7/11/2026 12:09:13 AM
PL004,10/07/2026,3,22,0,0.00,22,770.00,7/11/2026 3:18:36 AM,7/11/2026 5:16:08 AM
PL2K05,10/07/2026,3,31,31,764.46,0,0.00,7/11/2026 2:57:16 AM,7/11/2026 5:18:19 AM
PL2K06,10/07/2026,3,22,22,542.52,0,0.00,7/10/2026 11:02:55 PM,7/11/2026 5:16:19 AM
EX0010,11/07/2026,1,79,78,4647.76,1,35.00,7/11/2026 6:38:48 AM,7/11/2026 1:10:03 PM
EX0011,11/07/2026,1,47,1,89.30,46,1610.00,7/11/2026 7:44:02 AM,7/11/2026 1:03:56 PM
EX003,11/07/2026,1,41,0,0.00,41,1435.00,7/11/2026 7:11:49 AM,7/11/2026 1:20:17 PM
EX004,11/07/2026,1,30,0,0.00,30,1050.00,7/11/2026 6:41:56 AM,7/11/2026 11:05:20 AM
EX006,11/07/2026,1,54,0,0.00,54,1890.00,7/11/2026 8:08:55 AM,7/11/2026 1:13:55 PM
EX007,11/07/2026,1,42,3,273.50,39,1365.00,7/11/2026 9:56:00 AM,7/11/2026 1:22:22 PM
EX008,11/07/2026,1,69,2,146.05,67,2345.00,7/11/2026 6:38:34 AM,7/11/2026 1:17:41 PM
EX009,11/07/2026,1,46,17,889.55,29,1015.00,7/11/2026 6:41:38 AM,7/11/2026 1:01:09 PM
EX010,11/07/2026,1,29,22,1331.55,7,245.00,7/11/2026 6:50:51 AM,7/11/2026 1:16:49 PM
EX012,11/07/2026,1,1,0,0.00,1,35.00,7/11/2026 7:50:16 AM,7/11/2026 7:50:16 AM
PL003,11/07/2026,1,76,1,47.95,75,2625.00,7/11/2026 6:54:40 AM,7/11/2026 1:20:18 PM
PL2K05,11/07/2026,1,49,49,1228.95,0,0.00,7/11/2026 6:36:21 AM,7/11/2026 1:15:17 PM
PL2K06,11/07/2026,1,5,5,145.09,0,0.00,7/11/2026 9:37:03 AM,7/11/2026 9:56:48 AM
EX0010,11/07/2026,2,72,72,4523.79,0,0.00,7/11/2026 3:38:38 PM,7/11/2026 9:58:47 PM
EX0011,11/07/2026,2,61,8,736.80,53,1855.00,7/11/2026 3:49:14 PM,7/11/2026 9:18:20 PM
EX003,11/07/2026,2,21,0,0.00,21,735.00,7/11/2026 6:56:10 PM,7/11/2026 9:19:15 PM
EX004,11/07/2026,2,1,0,0.00,1,35.00,7/11/2026 7:42:47 PM,7/11/2026 7:42:47 PM
EX005,11/07/2026,2,10,6,553.80,4,140.00,7/11/2026 6:17:03 PM,7/11/2026 9:15:00 PM
EX006,11/07/2026,2,64,0,0.00,64,2240.00,7/11/2026 3:10:07 PM,7/11/2026 9:19:07 PM
EX007,11/07/2026,2,63,40,3810.35,23,805.00,7/11/2026 3:57:00 PM,7/11/2026 9:20:13 PM
EX008,11/07/2026,2,50,6,521.08,44,1540.00,7/11/2026 4:28:24 PM,7/11/2026 9:22:11 PM
EX009,11/07/2026,2,29,1,97.80,28,980.00,7/11/2026 3:17:24 PM,7/11/2026 9:22:08 PM
EX010,11/07/2026,2,38,21,1163.60,17,595.00,7/11/2026 3:14:50 PM,7/11/2026 9:14:49 PM
EX012,11/07/2026,2,42,33,1806.25,9,315.00,7/11/2026 3:14:37 PM,7/11/2026 9:06:22 PM
PL004,11/07/2026,2,34,0,0.00,34,1190.00,7/11/2026 3:55:14 PM,7/11/2026 9:22:31 PM
PL2K05,11/07/2026,2,40,38,1042.96,2,70.00,7/11/2026 2:46:39 PM,7/11/2026 9:33:59 PM
EX0009,11/07/2026,3,101,0,0.00,101,3535.00,7/11/2026 10:53:25 PM,7/12/2026 5:20:52 AM
EX0010,11/07/2026,3,80,80,5230.29,0,0.00,7/11/2026 10:03:27 PM,7/12/2026 5:57:06 AM
EX0011,11/07/2026,3,41,10,915.00,31,1085.00,7/11/2026 10:43:55 PM,7/12/2026 5:23:41 AM
EX003,11/07/2026,3,44,0,0.00,44,1540.00,7/11/2026 10:57:33 PM,7/12/2026 5:11:13 AM
EX005,11/07/2026,3,52,15,1458.50,37,1295.00,7/11/2026 10:43:53 PM,7/12/2026 5:37:16 AM
EX006,11/07/2026,3,24,0,0.00,24,840.00,7/11/2026 10:55:13 PM,7/12/2026 5:10:49 AM
EX007,11/07/2026,3,68,31,2891.15,37,1295.00,7/11/2026 10:53:18 PM,7/12/2026 5:19:38 AM
EX008,11/07/2026,3,45,14,1237.85,31,1085.00,7/11/2026 10:41:00 PM,7/12/2026 5:18:19 AM
EX009,11/07/2026,3,39,7,531.05,32,1120.00,7/11/2026 10:55:48 PM,7/12/2026 5:16:46 AM
EX012,11/07/2026,3,35,31,1623.65,4,140.00,7/11/2026 11:07:21 PM,7/12/2026 4:42:14 AM
PL003,11/07/2026,3,15,5,239.75,10,350.00,7/11/2026 10:56:40 PM,7/12/2026 3:34:27 AM
PL004,11/07/2026,3,20,0,0.00,20,700.00,7/12/2026 1:06:55 AM,7/12/2026 5:15:17 AM
PL2K05,11/07/2026,3,42,42,1128.05,0,0.00,7/11/2026 10:44:27 PM,7/12/2026 5:03:20 AM
EX0009,12/07/2026,1,82,0,0.00,82,2870.00,7/12/2026 6:40:29 AM,7/12/2026 1:13:16 PM
EX0010,12/07/2026,1,84,84,5253.06,0,0.00,7/12/2026 6:01:10 AM,7/12/2026 1:24:06 PM
EX0011,12/07/2026,1,93,26,2237.00,67,2345.00,7/12/2026 7:09:10 AM,7/12/2026 1:19:17 PM
EX003,12/07/2026,1,45,0,0.00,45,1575.00,7/12/2026 7:41:11 AM,7/12/2026 1:16:04 PM
EX005,12/07/2026,1,74,3,293.80,71,2485.00,7/12/2026 6:53:43 AM,7/12/2026 1:28:39 PM
EX006,12/07/2026,1,67,0,0.00,67,2345.00,7/12/2026 6:39:43 AM,7/12/2026 1:18:36 PM
EX007,12/07/2026,1,87,15,1368.20,72,2520.00,7/12/2026 6:47:33 AM,7/12/2026 1:21:50 PM
EX008,12/07/2026,1,52,16,1210.64,36,1260.00,7/12/2026 6:53:03 AM,7/12/2026 1:11:28 PM
EX009,12/07/2026,1,41,15,1078.25,26,910.00,7/12/2026 6:42:55 AM,7/12/2026 1:08:26 PM
EX012,12/07/2026,1,14,5,251.30,9,315.00,7/12/2026 6:48:48 AM,7/12/2026 1:12:05 PM
PL003,12/07/2026,1,17,3,254.45,14,490.00,7/12/2026 11:01:36 AM,7/12/2026 1:31:38 PM
PL004,12/07/2026,1,36,24,2020.10,12,420.00,7/12/2026 6:51:27 AM,7/12/2026 1:59:06 PM
PL2K05,12/07/2026,1,66,65,1711.04,1,35.00,7/12/2026 6:41:05 AM,7/12/2026 1:11:26 PM
EX0009,12/07/2026,2,61,0,0.00,61,2135.00,7/12/2026 4:20:33 PM,7/12/2026 9:38:27 PM
EX0010,12/07/2026,2,47,24,1714.44,23,805.00,7/12/2026 3:41:16 PM,7/12/2026 9:22:27 PM
EX0011,12/07/2026,2,72,15,1474.00,57,1995.00,7/12/2026 4:01:01 PM,7/12/2026 9:22:58 PM
EX003,12/07/2026,2,29,2,142.10,26,910.00,7/12/2026 4:14:44 PM,7/12/2026 9:16:36 PM
EX005,12/07/2026,2,36,10,904.90,26,910.00,7/12/2026 3:58:14 PM,7/12/2026 7:40:49 PM
EX006,12/07/2026,2,44,9,549.80,35,1225.00,7/12/2026 4:10:37 PM,7/12/2026 9:05:05 PM
EX007,12/07/2026,2,64,48,3957.50,16,560.00,7/12/2026 3:28:30 PM,7/12/2026 9:19:32 PM
EX008,12/07/2026,2,34,7,677.30,27,945.00,7/12/2026 3:53:56 PM,7/12/2026 9:18:57 PM
EX009,12/07/2026,2,19,0,0.00,19,665.00,7/12/2026 4:27:00 PM,7/12/2026 9:04:10 PM
EX012,12/07/2026,2,31,27,1331.75,4,140.00,7/12/2026 4:15:46 PM,7/12/2026 9:11:09 PM
PL003,12/07/2026,2,34,6,430.20,28,980.00,7/12/2026 3:15:56 PM,7/12/2026 9:58:27 PM
PL004,12/07/2026,2,48,48,3657.65,0,0.00,7/12/2026 2:00:45 PM,7/12/2026 9:27:28 PM
PL2K05,12/07/2026,2,42,42,1035.72,0,0.00,7/12/2026 2:55:08 PM,7/12/2026 9:10:14 PM
EX0009,12/07/2026,3,63,0,0.00,63,2205.00,7/12/2026 10:59:18 PM,7/13/2026 5:16:44 AM
EX0010,12/07/2026,3,68,68,4005.30,0,0.00,7/12/2026 10:37:06 PM,7/13/2026 5:26:30 AM
EX0011,12/07/2026,3,78,13,1204.70,65,2275.00,7/12/2026 10:47:59 PM,7/13/2026 5:21:56 AM
EX003,12/07/2026,3,62,0,0.00,61,2135.00,7/12/2026 10:55:12 PM,7/13/2026 5:19:06 AM
EX004,12/07/2026,3,72,1,47.95,71,2485.00,7/13/2026 12:07:59 AM,7/13/2026 5:16:24 AM
EX007,12/07/2026,3,61,51,4579.25,10,350.00,7/12/2026 10:46:51 PM,7/13/2026 5:14:51 AM
EX008,12/07/2026,3,69,14,1286.75,55,1925.00,7/12/2026 10:31:25 PM,7/13/2026 5:24:14 AM
EX009,12/07/2026,3,33,0,0.00,33,1155.00,7/12/2026 10:58:29 PM,7/13/2026 5:17:29 AM
EX012,12/07/2026,3,50,26,1416.15,24,840.00,7/12/2026 10:43:07 PM,7/13/2026 5:23:45 AM
PL003,12/07/2026,3,36,20,1684.05,16,560.00,7/12/2026 10:09:33 PM,7/13/2026 5:16:24 AM
PL004,12/07/2026,3,13,13,698.07,0,0.00,7/13/2026 2:47:41 AM,7/13/2026 3:00:54 AM
PL2K05,12/07/2026,3,27,27,737.46,0,0.00,7/12/2026 10:32:42 PM,7/13/2026 12:58:56 AM
PL2K06,12/07/2026,3,52,52,1282.32,0,0.00,7/13/2026 1:32:27 AM,7/13/2026 5:15:53 AM
EX0009,13/07/2026,1,70,8,608.80,62,2170.00,7/13/2026 7:26:30 AM,7/13/2026 1:22:33 PM
EX001,13/07/2026,1,8,1,81.30,6,210.00,7/13/2026 11:22:48 AM,7/13/2026 12:56:17 PM
EX0010,13/07/2026,1,93,59,5146.10,34,1190.00,7/13/2026 6:59:58 AM,7/13/2026 1:19:04 PM
EX0011,13/07/2026,1,85,12,1078.10,73,2555.00,7/13/2026 6:49:16 AM,7/13/2026 1:21:35 PM
EX003,13/07/2026,1,9,0,0.00,9,315.00,7/13/2026 6:59:53 AM,7/13/2026 7:59:05 AM
EX004,13/07/2026,1,87,2,174.60,85,2975.00,7/13/2026 6:49:23 AM,7/13/2026 12:51:02 PM
EX005,13/07/2026,1,67,8,687.90,59,2065.00,7/13/2026 7:05:04 AM,7/13/2026 1:22:30 PM
EX006,13/07/2026,1,19,17,1320.45,2,70.00,7/13/2026 8:34:25 AM,7/13/2026 1:40:29 PM
EX007,13/07/2026,1,91,14,1291.20,77,2695.00,7/13/2026 7:02:20 AM,7/13/2026 1:18:34 PM
EX008,13/07/2026,1,35,9,514.45,26,910.00,7/13/2026 7:47:40 AM,7/13/2026 1:12:54 PM
EX009,13/07/2026,1,33,8,466.25,20,700.00,7/13/2026 6:57:39 AM,7/13/2026 12:55:31 PM
EX012,13/07/2026,1,14,5,255.50,9,315.00,7/13/2026 6:47:48 AM,7/13/2026 12:58:31 PM
PL003,13/07/2026,1,68,8,529.99,60,2100.00,7/13/2026 6:53:12 AM,7/13/2026 1:20:56 PM
PL004,13/07/2026,1,61,0,0.00,61,2135.00,7/13/2026 9:55:53 AM,7/13/2026 1:25:59 PM
PL2K05,13/07/2026,1,2,2,83.10,0,0.00,7/13/2026 6:45:45 AM,7/13/2026 6:56:48 AM
PL2K06,13/07/2026,1,47,47,1290.94,0,0.00,7/13/2026 6:37:46 AM,7/13/2026 1:09:25 PM
EX0009,13/07/2026,2,85,0,0.00,85,2975.00,7/13/2026 3:32:56 PM,7/13/2026 9:25:50 PM
EX0010,13/07/2026,2,65,16,1427.92,49,1715.00,7/13/2026 3:25:53 PM,7/13/2026 9:14:28 PM
EX0011,13/07/2026,2,44,37,2439.15,7,245.00,7/13/2026 3:24:18 PM,7/13/2026 9:28:17 PM
EX004,13/07/2026,2,62,0,0.00,62,2170.00,7/13/2026 3:20:50 PM,7/13/2026 9:17:25 PM
EX005,13/07/2026,2,31,14,1262.30,17,595.00,7/13/2026 5:25:29 PM,7/13/2026 9:18:59 PM
EX006,13/07/2026,2,32,9,779.30,23,805.00,7/13/2026 3:25:58 PM,7/13/2026 9:07:16 PM
EX007,13/07/2026,2,84,20,1873.30,64,2240.00,7/13/2026 3:21:18 PM,7/13/2026 9:26:28 PM
EX008,13/07/2026,2,22,4,387.10,18,630.00,7/13/2026 6:03:02 PM,7/13/2026 8:01:14 PM
EX010,13/07/2026,2,21,2,165.50,19,665.00,7/13/2026 3:37:40 PM,7/13/2026 9:16:53 PM
EX012,13/07/2026,2,39,17,1044.00,15,525.00,7/13/2026 3:35:56 PM,7/13/2026 9:12:06 PM
PL004,13/07/2026,2,51,0,0.00,51,1785.00,7/13/2026 3:19:59 PM,7/13/2026 9:31:00 PM
PL2K05,13/07/2026,2,21,21,587.96,0,0.00,7/13/2026 3:03:16 PM,7/13/2026 6:51:28 PM
PL2K06,13/07/2026,2,32,32,877.92,0,0.00,7/13/2026 2:44:23 PM,7/13/2026 9:08:50 PM
EX0009,13/07/2026,3,74,0,0.00,74,2590.00,7/13/2026 10:50:12 PM,7/14/2026 5:40:41 AM
EX001,13/07/2026,3,55,4,281.30,51,1785.00,7/13/2026 11:50:35 PM,7/14/2026 5:20:11 AM
EX0010,13/07/2026,3,60,7,677.70,53,1855.00,7/13/2026 11:11:21 PM,7/14/2026 5:36:10 AM
EX0011,13/07/2026,3,72,72,4225.72,0,0.00,7/13/2026 10:34:12 PM,7/14/2026 5:13:57 AM
EX004,13/07/2026,3,50,1,61.40,49,1715.00,7/13/2026 10:46:34 PM,7/14/2026 5:22:20 AM
EX005,13/07/2026,3,38,9,803.80,29,1015.00,7/13/2026 10:52:51 PM,7/14/2026 5:10:57 AM
EX006,13/07/2026,3,81,0,0.00,81,2835.00,7/13/2026 10:50:46 PM,7/14/2026 5:42:13 AM
EX007,13/07/2026,3,72,3,267.70,69,2415.00,7/13/2026 10:39:10 PM,7/14/2026 5:26:37 AM
EX008,13/07/2026,3,37,6,555.50,31,1085.00,7/13/2026 10:44:45 PM,7/14/2026 5:14:28 AM
EX009,13/07/2026,3,35,0,0.00,35,1225.00,7/13/2026 11:00:33 PM,7/14/2026 5:08:34 AM
EX010,13/07/2026,3,13,0,0.00,13,455.00,7/14/2026 3:35:58 AM,7/14/2026 5:13:58 AM
EX012,13/07/2026,3,14,3,161.10,11,385.00,7/13/2026 10:43:36 PM,7/14/2026 12:51:02 AM
PL004,13/07/2026,3,49,0,0.00,49,1715.00,7/13/2026 10:48:07 PM,7/14/2026 5:26:15 AM
PL2K05,13/07/2026,3,27,27,869.75,0,0.00,7/13/2026 10:50:36 PM,7/14/2026 4:09:57 AM
PL2K06,13/07/2026,3,10,10,320.32,0,0.00,7/14/2026 4:30:21 AM,7/14/2026 5:30:53 AM
EX0009,14/07/2026,1,71,0,0.00,71,2485.00,7/14/2026 6:37:08 AM,7/14/2026 1:16:14 PM
EX001,14/07/2026,1,45,0,0.00,45,1575.00,7/14/2026 6:55:00 AM,7/14/2026 1:18:28 PM
EX0010,14/07/2026,1,80,17,1633.90,63,2205.00,7/14/2026 6:47:22 AM,7/14/2026 1:19:22 PM
EX0011,14/07/2026,1,65,35,2226.60,30,1050.00,7/14/2026 7:07:23 AM,7/14/2026 1:28:02 PM
EX004,14/07/2026,1,15,1,109.90,14,490.00,7/14/2026 7:26:23 AM,7/14/2026 9:25:41 AM
EX005,14/07/2026,1,19,7,410.63,12,420.00,7/14/2026 6:47:34 AM,7/14/2026 8:41:42 AM
EX006,14/07/2026,1,103,0,0.00,103,3605.00,7/14/2026 7:28:10 AM,7/14/2026 1:14:10 PM
EX007,14/07/2026,1,84,15,1548.50,69,2415.00,7/14/2026 6:47:13 AM,7/14/2026 1:19:35 PM
EX008,14/07/2026,1,83,71,4883.51,12,420.00,7/14/2026 6:33:33 AM,7/14/2026 1:12:37 PM
EX009,14/07/2026,1,32,10,752.55,22,770.00,7/14/2026 6:47:26 AM,7/14/2026 1:12:10 PM
EX010,14/07/2026,1,14,14,757.60,0,0.00,7/14/2026 6:39:30 AM,7/14/2026 8:31:22 AM
EX012,14/07/2026,1,39,1,47.95,38,1330.00,7/14/2026 6:44:48 AM,7/14/2026 1:11:33 PM
PL003,14/07/2026,1,51,14,961.25,37,1295.00,7/14/2026 6:43:50 AM,7/14/2026 1:56:09 PM
PL2K05,14/07/2026,1,21,21,727.31,0,0.00,7/14/2026 6:48:20 AM,7/14/2026 8:28:53 AM
PL2K06,14/07/2026,1,23,10,328.30,13,455.00,7/14/2026 8:51:55 AM,7/14/2026 12:53:55 PM
EX0009,14/07/2026,2,100,0,0.00,100,3500.00,7/14/2026 3:04:30 PM,7/14/2026 9:25:35 PM
EX001,14/07/2026,2,13,9,686.35,4,140.00,7/14/2026 7:04:43 PM,7/14/2026 9:13:40 PM
EX0010,14/07/2026,2,67,7,670.10,60,2100.00,7/14/2026 3:42:45 PM,7/14/2026 9:22:06 PM
EX0011,14/07/2026,2,47,47,2651.89,0,0.00,7/14/2026 3:45:17 PM,7/14/2026 7:54:19 PM
EX004,14/07/2026,2,35,1,104.20,34,1190.00,7/14/2026 3:07:43 PM,7/14/2026 5:34:12 PM
EX005,14/07/2026,2,45,11,1040.30,34,1190.00,7/14/2026 5:07:37 PM,7/14/2026 9:19:44 PM
EX006,14/07/2026,2,104,0,0.00,104,3640.00,7/14/2026 3:15:21 PM,7/14/2026 9:20:35 PM
EX007,14/07/2026,2,43,12,1147.90,31,1085.00,7/14/2026 3:56:30 PM,7/14/2026 9:25:42 PM
EX008,14/07/2026,2,62,8,745.50,54,1890.00,7/14/2026 3:41:27 PM,7/14/2026 9:15:17 PM
EX009,14/07/2026,2,15,0,0.00,15,525.00,7/14/2026 5:45:11 PM,7/14/2026 7:59:23 PM
EX012,14/07/2026,2,37,0,0.00,37,1295.00,7/14/2026 3:04:10 PM,7/14/2026 9:21:06 PM
PL003,14/07/2026,2,61,39,3011.70,22,770.00,7/14/2026 2:00:42 PM,7/14/2026 8:56:57 PM
PL2K05,14/07/2026,2,9,3,91.14,6,210.00,7/14/2026 3:11:59 PM,7/14/2026 7:15:02 PM
PL2K06,14/07/2026,2,14,5,138.19,9,315.00,7/14/2026 2:49:19 PM,7/14/2026 8:36:42 PM
EX0009,14/07/2026,3,71,0,0.00,71,2485.00,7/14/2026 11:22:57 PM,7/15/2026 5:17:52 AM
EX001,14/07/2026,3,45,2,131.35,43,1505.00,7/14/2026 11:57:00 PM,7/15/2026 5:17:53 AM
EX0010,14/07/2026,3,36,3,181.30,33,1155.00,7/14/2026 10:58:54 PM,7/15/2026 5:19:50 AM
EX0011,14/07/2026,3,56,56,3579.01,0,0.00,7/15/2026 12:42:35 AM,7/15/2026 5:57:24 AM
EX003,14/07/2026,3,30,0,0.00,30,1050.00,7/14/2026 11:11:35 PM,7/15/2026 4:18:20 AM
EX004,14/07/2026,3,31,0,0.00,31,1085.00,7/14/2026 10:45:49 PM,7/15/2026 5:20:12 AM
EX005,14/07/2026,3,61,7,675.30,54,1890.00,7/14/2026 10:36:13 PM,7/15/2026 5:31:45 AM
EX006,14/07/2026,3,114,0,0.00,114,3990.00,7/14/2026 10:45:50 PM,7/15/2026 5:17:13 AM
EX007,14/07/2026,3,77,5,492.90,72,2520.00,7/14/2026 10:36:31 PM,7/15/2026 5:29:11 AM
EX008,14/07/2026,3,62,1,99.30,61,2135.00,7/14/2026 10:41:46 PM,7/15/2026 5:21:41 AM
EX009,14/07/2026,3,18,0,0.00,18,630.00,7/15/2026 1:15:56 AM,7/15/2026 5:37:25 AM
EX010,14/07/2026,3,51,51,2976.65,0,0.00,7/14/2026 11:07:57 PM,7/15/2026 5:22:41 AM
EX012,14/07/2026,3,15,0,0.00,15,525.00,7/14/2026 10:56:00 PM,7/15/2026 2:12:30 AM
PL004,14/07/2026,3,16,16,1187.46,0,0.00,7/14/2026 10:59:51 PM,7/15/2026 12:39:58 AM
PL2K05,14/07/2026,3,26,20,505.28,6,210.00,7/14/2026 10:56:30 PM,7/15/2026 4:51:49 AM
PL2K06,14/07/2026,3,30,29,715.14,1,35.00,7/14/2026 10:43:52 PM,7/15/2026 5:47:57 AM
EX0009,15/07/2026,1,73,0,0.00,73,2555.00,7/15/2026 6:39:36 AM,7/15/2026 1:12:15 PM
EX001,15/07/2026,1,38,1,47.95,37,1295.00,7/15/2026 6:50:35 AM,7/15/2026 11:06:00 AM
EX0010,15/07/2026,1,59,7,405.55,52,1820.00,7/15/2026 6:52:17 AM,7/15/2026 1:21:10 PM
EX0011,15/07/2026,1,75,75,4436.60,0,0.00,7/15/2026 6:01:28 AM,7/15/2026 1:18:43 PM
EX003,15/07/2026,1,35,0,0.00,35,1225.00,7/15/2026 6:45:15 AM,7/15/2026 1:15:02 PM
EX004,15/07/2026,1,27,0,0.00,27,945.00,7/15/2026 6:50:36 AM,7/15/2026 1:21:04 PM
EX005,15/07/2026,1,12,0,0.00,12,420.00,7/15/2026 10:35:54 AM,7/15/2026 1:36:05 PM
EX006,15/07/2026,1,100,0,0.00,100,3500.00,7/15/2026 6:36:07 AM,7/15/2026 1:39:36 PM
EX007,15/07/2026,1,55,1,107.90,54,1890.00,7/15/2026 6:56:15 AM,7/15/2026 10:45:48 AM
EX008,15/07/2026,1,54,1,96.20,53,1855.00,7/15/2026 6:59:42 AM,7/15/2026 1:20:39 PM
EX012,15/07/2026,1,38,3,200.85,32,1120.00,7/15/2026 6:51:34 AM,7/15/2026 1:26:38 PM
PL004,15/07/2026,1,46,3,228.00,43,1505.00,7/15/2026 7:29:26 AM,7/15/2026 1:17:48 PM
PL2K05,15/07/2026,1,11,11,282.89,0,0.00,7/15/2026 9:00:37 AM,7/15/2026 10:12:46 AM
PL2K06,15/07/2026,1,36,36,1046.65,0,0.00,7/15/2026 6:37:03 AM,7/15/2026 1:28:41 PM
EX0009,15/07/2026,2,52,0,0.00,52,1820.00,7/15/2026 3:01:05 PM,7/15/2026 9:19:03 PM
EX001,15/07/2026,2,69,0,0.00,69,2415.00,7/15/2026 2:47:36 PM,7/15/2026 9:32:06 PM
EX0010,15/07/2026,2,47,25,1638.73,22,770.00,7/15/2026 2:52:56 PM,7/15/2026 8:09:41 PM
EX0011,15/07/2026,2,38,37,2371.64,1,35.00,7/15/2026 2:49:40 PM,7/15/2026 9:22:35 PM
EX003,15/07/2026,2,44,0,0.00,44,1540.00,7/15/2026 2:57:21 PM,7/15/2026 9:22:52 PM
EX004,15/07/2026,2,9,1,90.20,8,280.00,7/15/2026 7:33:33 PM,7/15/2026 9:12:17 PM
EX005,15/07/2026,2,76,11,1044.60,65,2275.00,7/15/2026 2:50:17 PM,7/15/2026 9:23:55 PM
EX006,15/07/2026,2,64,0,0.00,64,2240.00,7/15/2026 2:58:07 PM,7/15/2026 9:14:28 PM
EX008,15/07/2026,2,66,10,956.90,56,1960.00,7/15/2026 2:52:08 PM,7/15/2026 9:27:08 PM
EX009,15/07/2026,2,42,3,143.50,39,1365.00,7/15/2026 3:16:36 PM,7/15/2026 9:23:42 PM
EX012,15/07/2026,2,14,0,0.00,14,490.00,7/15/2026 3:11:21 PM,7/15/2026 7:23:00 PM
PL004,15/07/2026,2,57,0,0.00,57,1995.00,7/15/2026 2:56:14 PM,7/15/2026 9:25:48 PM
PL2K05,15/07/2026,2,37,36,1037.66,1,35.00,7/15/2026 2:39:45 PM,7/15/2026 8:59:59 PM
EX0009,15/07/2026,3,76,0,0.00,76,2660.00,7/15/2026 10:44:42 PM,7/16/2026 5:15:43 AM
EX001,15/07/2026,3,60,0,0.00,60,2100.00,7/15/2026 10:37:33 PM,7/16/2026 5:25:08 AM
EX0010,15/07/2026,3,15,1,90.00,14,490.00,7/15/2026 11:25:28 PM,7/16/2026 2:57:49 AM
EX0011,15/07/2026,3,47,8,701.70,39,1365.00,7/15/2026 11:05:06 PM,7/16/2026 5:20:06 AM
EX003,15/07/2026,3,25,0,0.00,25,875.00,7/15/2026 10:38:51 PM,7/16/2026 4:45:02 AM
EX004,15/07/2026,3,43,6,424.80,37,1295.00,7/15/2026 10:41:24 PM,7/16/2026 5:14:33 AM
EX005,15/07/2026,3,95,6,574.30,89,3115.00,7/15/2026 10:42:33 PM,7/16/2026 5:21:15 AM
EX006,15/07/2026,3,84,0,0.00,84,2940.00,7/15/2026 10:32:40 PM,7/16/2026 5:17:45 AM
EX008,15/07/2026,3,70,1,92.50,69,2415.00,7/15/2026 10:44:07 PM,7/16/2026 5:24:08 AM
EX009,15/07/2026,3,21,0,0.00,21,735.00,7/15/2026 10:34:32 PM,7/16/2026 2:25:00 AM
EX010,15/07/2026,3,15,15,787.95,0,0.00,7/16/2026 2:43:50 AM,7/16/2026 5:17:20 AM
PL004,15/07/2026,3,49,49,3600.13,0,0.00,7/15/2026 11:24:45 PM,7/16/2026 5:21:25 AM
PL2K05,15/07/2026,3,17,17,501.86,0,0.00,7/15/2026 10:51:12 PM,7/16/2026 12:50:41 AM
PL2K06,15/07/2026,3,16,16,394.56,0,0.00,7/16/2026 3:29:14 AM,7/16/2026 5:17:24 AM
EX0009,16/07/2026,1,71,0,0.00,71,2485.00,7/16/2026 6:43:30 AM,7/16/2026 1:09:19 PM
EX001,16/07/2026,1,108,0,0.00,108,3780.00,7/16/2026 6:50:19 AM,7/16/2026 1:22:24 PM
EX0011,16/07/2026,1,47,5,409.63,42,1470.00,7/16/2026 6:59:16 AM,7/16/2026 1:17:24 PM
EX003,16/07/2026,1,34,0,0.00,34,1190.00,7/16/2026 9:16:20 AM,7/16/2026 1:19:06 PM
EX004,16/07/2026,1,70,3,266.50,67,2345.00,7/16/2026 6:47:50 AM,7/16/2026 1:10:55 PM
EX005,16/07/2026,1,54,1,94.00,53,1855.00,7/16/2026 6:56:44 AM,7/16/2026 1:24:22 PM
EX006,16/07/2026,1,91,0,0.00,91,3185.00,7/16/2026 6:42:54 AM,7/16/2026 1:43:58 PM
EX008,16/07/2026,1,85,0,0.00,85,2975.00,7/16/2026 6:56:05 AM,7/16/2026 1:28:44 PM
EX009,16/07/2026,1,12,1,47.95,11,385.00,7/16/2026 6:53:54 AM,7/16/2026 9:46:38 AM
EX010,16/07/2026,1,36,34,1982.45,2,70.00,7/16/2026 6:46:20 AM,7/16/2026 1:06:41 PM
EX012,16/07/2026,1,6,0,0.00,6,210.00,7/16/2026 10:03:31 AM,7/16/2026 12:44:13 PM
PL004,16/07/2026,1,52,52,4007.93,0,0.00,7/16/2026 6:47:19 AM,7/16/2026 1:04:48 PM
PL2K06,16/07/2026,1,54,51,1433.81,3,105.00,7/16/2026 6:46:07 AM,7/16/2026 1:09:39 PM
EX0009,16/07/2026,2,63,0,0.00,63,2205.00,7/16/2026 3:49:56 PM,7/16/2026 9:16:06 PM
EX001,16/07/2026,2,71,0,0.00,71,2485.00,7/16/2026 3:30:35 PM,7/16/2026 9:24:59 PM
EX0010,16/07/2026,2,4,0,0.00,4,140.00,7/16/2026 3:08:31 PM,7/16/2026 9:12:17 PM
EX0011,16/07/2026,2,77,9,841.30,68,2380.00,7/16/2026 3:14:40 PM,7/16/2026 9:21:51 PM
EX003,16/07/2026,2,50,0,0.00,50,1750.00,7/16/2026 3:40:01 PM,7/16/2026 9:20:02 PM
EX004,16/07/2026,2,63,0,0.00,63,2205.00,7/16/2026 3:51:17 PM,7/16/2026 9:17:41 PM
EX005,16/07/2026,2,26,5,432.00,21,735.00,7/16/2026 6:20:49 PM,7/16/2026 9:11:40 PM
EX006,16/07/2026,2,37,0,0.00,37,1295.00,7/16/2026 3:57:53 PM,7/16/2026 9:14:42 PM
EX008,16/07/2026,2,62,41,2707.13,21,735.00,7/16/2026 3:26:25 PM,7/16/2026 9:23:33 PM
EX009,16/07/2026,2,3,0,0.00,1,35.00,7/16/2026 5:12:54 PM,7/16/2026 6:39:24 PM
EX012,16/07/2026,2,30,0,0.00,30,1050.00,7/16/2026 3:55:12 PM,7/16/2026 9:10:04 PM
PL004,16/07/2026,2,18,17,1143.80,1,35.00,7/16/2026 3:42:10 PM,7/16/2026 8:01:24 PM
PL2K05,16/07/2026,2,41,41,1236.88,0,0.00,7/16/2026 4:00:33 PM,7/16/2026 9:01:10 PM
PL2K06,16/07/2026,2,5,5,145.27,0,0.00,7/16/2026 2:58:36 PM,7/16/2026 3:34:02 PM
EX0009,16/07/2026,3,112,0,0.00,112,3920.00,7/16/2026 10:35:23 PM,7/17/2026 5:22:28 AM
EX001,16/07/2026,3,40,0,0.00,40,1400.00,7/16/2026 10:37:24 PM,7/17/2026 5:36:12 AM
EX0010,16/07/2026,3,87,0,0.00,87,3045.00,7/16/2026 10:54:36 PM,7/17/2026 5:16:24 AM
EX0011,16/07/2026,3,82,1,82.50,81,2835.00,7/16/2026 10:46:29 PM,7/17/2026 5:22:11 AM
EX003,16/07/2026,3,57,0,0.00,57,1995.00,7/16/2026 10:43:02 PM,7/17/2026 5:12:41 AM
EX004,16/07/2026,3,6,0,0.00,6,210.00,7/16/2026 10:33:33 PM,7/16/2026 11:10:52 PM
EX005,16/07/2026,3,84,0,0.00,84,2940.00,7/16/2026 10:44:44 PM,7/17/2026 5:20:31 AM
EX006,16/07/2026,3,93,0,0.00,93,3255.00,7/16/2026 10:44:09 PM,7/17/2026 5:15:45 AM
EX008,16/07/2026,3,70,70,5305.72,0,0.00,7/16/2026 10:43:07 PM,7/17/2026 5:17:50 AM
EX009,16/07/2026,3,11,0,0.00,11,385.00,7/17/2026 12:41:44 AM,7/17/2026 5:17:59 AM
EX012,16/07/2026,3,44,0,0.00,44,1540.00,7/16/2026 10:38:15 PM,7/17/2026 5:12:40 AM
PL004,16/07/2026,3,43,0,0.00,43,1505.00,7/17/2026 12:33:55 AM,7/17/2026 5:22:21 AM
PL2K05,16/07/2026,3,33,31,764.46,2,70.00,7/16/2026 11:17:06 PM,7/17/2026 5:14:16 AM
PL2K06,16/07/2026,3,7,2,49.32,5,175.00,7/16/2026 11:01:21 PM,7/17/2026 12:16:12 AM
EX0009,17/07/2026,1,77,0,0.00,77,2695.00,7/17/2026 6:44:11 AM,7/17/2026 1:12:15 PM
EX001,17/07/2026,1,37,0,0.00,37,1295.00,7/17/2026 7:50:22 AM,7/17/2026 11:07:45 AM
EX0010,17/07/2026,1,124,0,0.00,124,4340.00,7/17/2026 6:51:31 AM,7/17/2026 1:21:20 PM
EX0011,17/07/2026,1,77,5,448.00,72,2520.00,7/17/2026 6:58:32 AM,7/17/2026 1:29:41 PM
EX003,17/07/2026,1,46,18,1345.25,28,980.00,7/17/2026 7:14:32 AM,7/17/2026 12:47:59 PM
EX005,17/07/2026,1,57,0,0.00,57,1995.00,7/17/2026 6:56:52 AM,7/17/2026 1:15:12 PM
EX006,17/07/2026,1,92,0,0.00,92,3220.00,7/17/2026 6:50:34 AM,7/17/2026 1:16:48 PM
EX008,17/07/2026,1,69,69,5060.19,0,0.00,7/17/2026 6:55:07 AM,7/17/2026 1:12:35 PM
EX009,17/07/2026,1,5,0,0.00,2,70.00,7/17/2026 8:03:15 AM,7/17/2026 1:12:19 PM
EX010,17/07/2026,1,23,23,1400.80,0,0.00,7/17/2026 7:07:27 AM,7/17/2026 1:15:28 PM
EX012,17/07/2026,1,29,0,0.00,29,1015.00,7/17/2026 6:55:53 AM,7/17/2026 1:07:18 PM
PL004,17/07/2026,1,40,0,0.00,40,1400.00,7/17/2026 6:51:26 AM,7/17/2026 1:18:38 PM
PL2K05,17/07/2026,1,23,23,669.99,0,0.00,7/17/2026 6:37:36 AM,7/17/2026 12:11:41 PM
PL2K06,17/07/2026,1,14,13,320.58,1,35.00,7/17/2026 8:04:10 AM,7/17/2026 1:25:42 PM
EX0009,17/07/2026,2,86,10,831.10,38,1330.00,7/17/2026 3:31:20 PM,7/17/2026 9:15:08 PM
EX001,17/07/2026,2,19,0,0.00,19,665.00,7/17/2026 7:34:00 PM,7/17/2026 9:23:14 PM
EX0010,17/07/2026,2,70,0,0.00,70,2450.00,7/17/2026 3:51:04 PM,7/17/2026 9:22:18 PM
EX0011,17/07/2026,2,67,57,5437.25,10,350.00,7/17/2026 3:44:04 PM,7/17/2026 9:34:07 PM
EX005,17/07/2026,2,59,59,3854.78,0,0.00,7/17/2026 3:43:50 PM,7/17/2026 9:14:30 PM
EX006,17/07/2026,2,77,0,0.00,77,2695.00,7/17/2026 3:46:22 PM,7/17/2026 9:10:50 PM
EX008,17/07/2026,2,54,20,1337.95,34,1190.00,7/17/2026 4:26:38 PM,7/17/2026 9:28:16 PM
EX009,17/07/2026,2,21,5,344.15,9,315.00,7/17/2026 3:58:58 PM,7/17/2026 9:01:37 PM
EX010,17/07/2026,2,33,0,0.00,33,1155.00,7/17/2026 3:42:44 PM,7/17/2026 9:11:26 PM
EX012,17/07/2026,2,30,0,0.00,30,1050.00,7/17/2026 3:41:07 PM,7/17/2026 9:08:16 PM
PL004,17/07/2026,2,40,0,0.00,40,1400.00,7/17/2026 3:32:11 PM,7/17/2026 9:24:56 PM
PL2K05,17/07/2026,2,28,28,820.90,0,0.00,7/17/2026 3:37:16 PM,7/17/2026 9:33:32 PM
EX0009,17/07/2026,3,90,7,502.90,40,1400.00,7/17/2026 10:39:30 PM,7/18/2026 5:24:08 AM
EX001,17/07/2026,3,56,0,0.00,56,1960.00,7/17/2026 10:38:11 PM,7/18/2026 5:28:34 AM
EX0010,17/07/2026,3,119,0,0.00,119,4165.00,7/17/2026 10:40:47 PM,7/18/2026 5:27:42 AM
EX0011,17/07/2026,3,76,0,0.00,76,2660.00,7/17/2026 10:47:36 PM,7/18/2026 5:19:28 AM
EX003,17/07/2026,3,30,19,973.35,11,385.00,7/17/2026 10:49:51 PM,7/18/2026 4:57:44 AM
EX004,17/07/2026,3,13,0,0.00,13,455.00,7/18/2026 2:46:03 AM,7/18/2026 5:12:12 AM
EX005,17/07/2026,3,74,73,4973.37,1,35.00,7/17/2026 10:44:50 PM,7/18/2026 5:24:38 AM
EX006,17/07/2026,3,91,0,0.00,91,3185.00,7/17/2026 10:33:26 PM,7/18/2026 5:19:37 AM
EX008,17/07/2026,3,87,0,0.00,87,3045.00,7/17/2026 10:38:20 PM,7/18/2026 5:24:59 AM
EX009,17/07/2026,3,28,0,0.00,17,595.00,7/17/2026 10:33:55 PM,7/18/2026 5:05:41 AM
EX010,17/07/2026,3,14,0,0.00,14,490.00,7/17/2026 10:46:49 PM,7/18/2026 1:04:47 AM
EX012,17/07/2026,3,28,0,0.00,28,980.00,7/17/2026 10:48:01 PM,7/18/2026 2:35:48 AM
PL2K05,17/07/2026,3,12,12,315.35,0,0.00,7/17/2026 10:41:21 PM,7/18/2026 12:44:07 AM
PL2K06,17/07/2026,3,10,10,246.60,0,0.00,7/18/2026 2:19:03 AM,7/18/2026 4:58:55 AM
EX0009,18/07/2026,1,79,1,47.95,75,2625.00,7/18/2026 6:50:58 AM,7/18/2026 1:47:34 PM
EX001,18/07/2026,1,78,0,0.00,78,2730.00,7/18/2026 6:55:54 AM,7/18/2026 1:22:47 PM
EX0010,18/07/2026,1,66,0,0.00,66,2310.00,7/18/2026 6:48:56 AM,7/18/2026 1:27:18 PM
EX0011,18/07/2026,1,95,0,0.00,95,3325.00,7/18/2026 6:51:36 AM,7/18/2026 1:23:14 PM
EX003,18/07/2026,1,41,22,1378.40,13,455.00,7/18/2026 9:45:09 AM,7/18/2026 1:46:56 PM
EX004,18/07/2026,1,49,6,506.15,43,1505.00,7/18/2026 7:02:14 AM,7/18/2026 1:48:47 PM
EX005,18/07/2026,1,64,51,3455.20,13,455.00,7/18/2026 6:49:03 AM,7/18/2026 1:13:26 PM
EX006,18/07/2026,1,97,0,0.00,97,3395.00,7/18/2026 6:54:38 AM,7/18/2026 1:48:22 PM
EX007,18/07/2026,1,9,3,276.60,6,210.00,7/18/2026 10:37:22 AM,7/18/2026 1:17:40 PM
EX008,18/07/2026,1,109,0,0.00,109,3815.00,7/18/2026 6:37:02 AM,7/18/2026 1:27:59 PM
EX009,18/07/2026,1,16,2,190.60,10,350.00,7/18/2026 7:05:02 AM,7/18/2026 9:57:03 AM
EX010,18/07/2026,1,14,13,849.60,1,35.00,7/18/2026 7:15:34 AM,7/18/2026 11:23:47 AM
EX012,18/07/2026,1,8,0,0.00,8,280.00,7/18/2026 8:46:02 AM,7/18/2026 1:49:19 PM
PL004,18/07/2026,1,60,24,1614.20,36,1260.00,7/18/2026 6:44:24 AM,7/18/2026 1:31:07 PM
PL2K06,18/07/2026,1,15,15,369.90,0,0.00,7/18/2026 6:54:53 AM,7/18/2026 1:25:56 PM
EX0009,18/07/2026,2,24,4,302.60,6,210.00,7/18/2026 7:31:55 PM,7/18/2026 9:07:06 PM
EX001,18/07/2026,2,50,0,0.00,50,1750.00,7/18/2026 4:55:49 PM,7/18/2026 9:17:34 PM
EX0010,18/07/2026,2,75,0,0.00,75,2625.00,7/18/2026 3:11:49 PM,7/18/2026 9:29:20 PM
EX0011,18/07/2026,2,33,0,0.00,33,1155.00,7/18/2026 2:58:19 PM,7/18/2026 6:04:26 PM
EX003,18/07/2026,2,38,17,1165.85,21,735.00,7/18/2026 2:52:41 PM,7/18/2026 9:14:13 PM
EX004,18/07/2026,2,44,0,0.00,44,1540.00,7/18/2026 3:17:40 PM,7/18/2026 7:15:37 PM
EX006,18/07/2026,2,100,0,0.00,100,3500.00,7/18/2026 2:49:44 PM,7/18/2026 9:12:20 PM
EX007,18/07/2026,2,51,51,2941.95,0,0.00,7/18/2026 4:00:38 PM,7/18/2026 9:33:58 PM
EX008,18/07/2026,2,69,0,0.00,69,2415.00,7/18/2026 3:38:49 PM,7/18/2026 9:19:19 PM
EX009,18/07/2026,2,43,30,1798.25,2,70.00,7/18/2026 3:04:13 PM,7/18/2026 9:16:46 PM
EX012,18/07/2026,2,25,0,0.00,25,875.00,7/18/2026 3:41:04 PM,7/18/2026 7:50:56 PM
PL004,18/07/2026,2,42,40,3024.95,2,70.00,7/18/2026 2:40:31 PM,7/18/2026 9:53:50 PM
PL2K05,18/07/2026,2,7,7,172.62,0,0.00,7/18/2026 6:54:25 PM,7/18/2026 9:10:50 PM
PL2K06,18/07/2026,2,11,11,312.66,0,0.00,7/18/2026 3:08:55 PM,7/18/2026 6:45:14 PM
EX0009,18/07/2026,3,83,9,774.10,32,1120.00,7/18/2026 10:44:31 PM,7/19/2026 5:17:57 AM
EX001,18/07/2026,3,35,0,0.00,35,1225.00,7/18/2026 10:44:41 PM,7/19/2026 5:26:20 AM
EX0010,18/07/2026,3,90,0,0.00,90,3150.00,7/18/2026 10:43:12 PM,7/19/2026 5:26:24 AM
EX0011,18/07/2026,3,51,1,98.80,50,1750.00,7/19/2026 12:33:04 AM,7/19/2026 5:24:50 AM
EX003,18/07/2026,3,42,26,1515.90,4,140.00,7/18/2026 11:07:28 PM,7/19/2026 5:15:10 AM
EX004,18/07/2026,3,51,0,0.00,51,1785.00,7/18/2026 10:47:01 PM,7/19/2026 5:15:05 AM
EX006,18/07/2026,3,87,0,0.00,87,3045.00,7/18/2026 10:49:13 PM,7/19/2026 5:18:38 AM
EX007,18/07/2026,3,71,71,4380.20,0,0.00,7/18/2026 10:40:54 PM,7/19/2026 5:15:41 AM
EX008,18/07/2026,3,75,0,0.00,75,2625.00,7/18/2026 10:48:19 PM,7/19/2026 5:19:40 AM
EX009,18/07/2026,3,29,8,468.20,19,665.00,7/18/2026 10:49:16 PM,7/19/2026 5:06:53 AM
EX012,18/07/2026,3,9,0,0.00,9,315.00,7/18/2026 11:03:17 PM,7/19/2026 3:03:45 AM
PL004,18/07/2026,3,57,57,4565.36,0,0.00,7/18/2026 10:02:53 PM,7/19/2026 5:56:43 AM
PL2K05,18/07/2026,3,16,16,394.56,0,0.00,7/18/2026 10:37:29 PM,7/19/2026 12:44:48 AM
PL2K06,18/07/2026,3,19,19,468.54,0,0.00,7/19/2026 1:25:20 AM,7/19/2026 4:56:21 AM
EX0009,19/07/2026,1,81,7,647.10,35,1225.00,7/19/2026 6:40:27 AM,7/19/2026 1:30:41 PM
EX001,19/07/2026,1,60,8,433.15,52,1820.00,7/19/2026 6:32:50 AM,7/19/2026 1:19:04 PM
EX0010,19/07/2026,1,60,4,373.60,56,1960.00,7/19/2026 6:40:37 AM,7/19/2026 11:48:58 AM
EX0011,19/07/2026,1,88,0,0.00,88,3080.00,7/19/2026 7:06:14 AM,7/19/2026 1:12:56 PM
EX003,19/07/2026,1,41,37,2233.75,0,0.00,7/19/2026 6:45:22 AM,7/19/2026 12:59:02 PM
EX004,19/07/2026,1,47,0,0.00,47,1645.00,7/19/2026 8:15:38 AM,7/19/2026 1:15:55 PM
EX006,19/07/2026,1,107,0,0.00,107,3745.00,7/19/2026 6:43:29 AM,7/19/2026 1:20:25 PM
EX007,19/07/2026,1,83,83,5277.99,0,0.00,7/19/2026 6:47:33 AM,7/19/2026 1:05:33 PM
EX008,19/07/2026,1,52,0,0.00,52,1820.00,7/19/2026 6:44:54 AM,7/19/2026 1:20:05 PM
EX009,19/07/2026,1,25,23,1213.60,2,70.00,7/19/2026 6:55:24 AM,7/19/2026 1:06:48 PM
EX012,19/07/2026,1,6,0,0.00,6,210.00,7/19/2026 6:49:25 AM,7/19/2026 7:58:37 AM
PL004,19/07/2026,1,42,21,1261.40,20,700.00,7/19/2026 6:01:51 AM,7/19/2026 1:59:06 PM
PL2K05,19/07/2026,1,32,32,962.76,0,0.00,7/19/2026 9:52:16 AM,7/19/2026 1:15:03 PM
PL2K06,19/07/2026,1,10,10,284.73,0,0.00,7/19/2026 6:43:01 AM,7/19/2026 7:55:02 AM
EX0009,19/07/2026,2,60,0,0.00,20,700.00,7/19/2026 3:42:28 PM,7/19/2026 9:20:13 PM
EX001,19/07/2026,2,22,0,0.00,22,770.00,7/19/2026 8:30:01 PM,7/19/2026 9:38:07 PM
EX0010,19/07/2026,2,26,0,0.00,26,910.00,7/19/2026 5:56:54 PM,7/19/2026 9:22:13 PM
EX0011,19/07/2026,2,63,1,101.50,62,2170.00,7/19/2026 5:59:52 PM,7/19/2026 9:23:52 PM
EX003,19/07/2026,2,42,18,954.20,10,350.00,7/19/2026 3:42:47 PM,7/19/2026 9:20:18 PM
EX004,19/07/2026,2,58,0,0.00,58,2030.00,7/19/2026 3:40:37 PM,7/19/2026 9:15:29 PM
EX006,19/07/2026,2,63,0,0.00,63,2205.00,7/19/2026 3:41:21 PM,7/19/2026 9:09:26 PM
EX007,19/07/2026,2,56,56,3395.08,0,0.00,7/19/2026 3:25:40 PM,7/19/2026 9:57:18 PM
EX009,19/07/2026,2,30,16,961.85,14,490.00,7/19/2026 3:57:01 PM,7/19/2026 9:03:48 PM
EX012,19/07/2026,2,1,0,0.00,1,35.00,7/19/2026 6:34:04 PM,7/19/2026 6:34:04 PM
PL004,19/07/2026,2,53,7,514.90,46,1610.00,7/19/2026 2:04:56 PM,7/19/2026 9:27:04 PM
PL2K06,19/07/2026,2,47,47,1174.55,0,0.00,7/19/2026 3:08:26 PM,7/19/2026 9:04:49 PM
EX0009,19/07/2026,3,41,9,713.50,15,525.00,7/19/2026 10:43:24 PM,7/20/2026 5:18:32 AM
EX001,19/07/2026,3,81,0,0.00,81,2835.00,7/19/2026 10:38:00 PM,7/20/2026 5:28:05 AM
EX0010,19/07/2026,3,52,2,188.00,50,1750.00,7/19/2026 10:44:26 PM,7/20/2026 5:26:14 AM
EX0011,19/07/2026,3,102,2,204.40,100,3500.00,7/19/2026 10:38:33 PM,7/20/2026 5:29:13 AM
EX004,19/07/2026,3,61,1,95.00,60,2100.00,7/19/2026 10:55:05 PM,7/20/2026 5:51:06 AM
EX006,19/07/2026,3,71,0,0.00,71,2485.00,7/19/2026 10:50:03 PM,7/20/2026 5:06:29 AM
EX007,19/07/2026,3,73,72,4907.74,1,35.00,7/19/2026 10:02:41 PM,7/20/2026 5:34:38 AM
EX009,19/07/2026,3,34,30,1522.20,4,140.00,7/19/2026 10:45:06 PM,7/20/2026 5:19:11 AM
EX012,19/07/2026,3,29,0,0.00,29,1015.00,7/19/2026 10:53:01 PM,7/20/2026 5:45:54 AM
PL004,19/07/2026,3,92,4,259.40,88,3080.00,7/19/2026 10:33:33 PM,7/20/2026 5:57:56 AM
PL2K06,19/07/2026,3,37,37,1070.30,0,0.00,7/19/2026 11:21:55 PM,7/20/2026 5:41:31 AM
EX0009,20/07/2026,1,36,1,102.70,35,1225.00,7/20/2026 6:57:37 AM,7/20/2026 12:58:23 PM
EX001,20/07/2026,1,92,0,0.00,92,3220.00,7/20/2026 6:46:14 AM,7/20/2026 1:22:30 PM
EX0010,20/07/2026,1,113,0,0.00,113,3955.00,7/20/2026 6:33:27 AM,7/20/2026 1:23:19 PM
EX0011,20/07/2026,1,63,0,0.00,63,2205.00,7/20/2026 7:31:16 AM,7/20/2026 1:22:13 PM
EX004,20/07/2026,1,29,1,90.60,28,980.00,7/20/2026 7:08:30 AM,7/20/2026 1:13:21 PM
EX006,20/07/2026,1,31,0,0.00,31,1085.00,7/20/2026 10:45:30 AM,7/20/2026 1:07:37 PM
EX007,20/07/2026,1,43,25,1565.97,18,630.00,7/20/2026 6:39:18 AM,7/20/2026 1:24:38 PM
EX008,20/07/2026,1,57,0,0.00,57,1995.00,7/20/2026 6:48:13 AM,7/20/2026 1:26:29 PM
EX009,20/07/2026,1,18,18,1244.80,0,0.00,7/20/2026 7:03:51 AM,7/20/2026 1:06:27 PM
EX012,20/07/2026,1,18,1,80.20,17,595.00,7/20/2026 10:48:44 AM,7/20/2026 1:04:20 PM
PL004,20/07/2026,1,44,43,3181.90,1,35.00,7/20/2026 6:01:11 AM,7/20/2026 1:18:00 PM
PL2K05,20/07/2026,1,4,4,98.64,0,0.00,7/20/2026 10:52:34 AM,7/20/2026 12:29:20 PM
PL2K06,20/07/2026,1,20,7,172.62,13,455.00,7/20/2026 7:02:51 AM,7/20/2026 12:59:39 PM
EX0009,20/07/2026,2,79,0,0.00,79,2765.00,7/20/2026 3:15:20 PM,7/20/2026 9:21:22 PM
EX001,20/07/2026,2,105,0,0.00,105,3675.00,7/20/2026 2:37:28 PM,7/20/2026 9:21:29 PM
EX0011,20/07/2026,2,74,74,4596.86,0,0.00,7/20/2026 3:42:50 PM,7/20/2026 9:59:28 PM
EX004,20/07/2026,2,72,1,83.20,71,2485.00,7/20/2026 3:19:05 PM,7/20/2026 9:28:45 PM
EX006,20/07/2026,2,47,0,0.00,47,1645.00,7/20/2026 5:37:19 PM,7/20/2026 9:23:23 PM
EX007,20/07/2026,2,78,1,78.70,77,2695.00,7/20/2026 3:04:57 PM,7/20/2026 9:21:44 PM
EX008,20/07/2026,2,74,0,0.00,74,2590.00,7/20/2026 2:41:11 PM,7/20/2026 9:16:19 PM
EX009,20/07/2026,2,31,28,1811.00,3,105.00,7/20/2026 3:16:37 PM,7/20/2026 8:57:53 PM
EX012,20/07/2026,2,37,32,1805.00,5,175.00,7/20/2026 3:19:24 PM,7/20/2026 9:23:02 PM
PL004,20/07/2026,2,58,13,917.20,45,1575.00,7/20/2026 2:35:59 PM,7/20/2026 9:23:12 PM
PL2K06,20/07/2026,2,45,27,665.82,18,630.00,7/20/2026 2:42:39 PM,7/20/2026 9:16:08 PM
EX0009,20/07/2026,3,62,62,4015.50,0,0.00,7/20/2026 10:43:33 PM,7/21/2026 5:19:02 AM
EX001,20/07/2026,3,104,0,0.00,104,3640.00,7/20/2026 10:36:45 PM,7/21/2026 5:28:50 AM
EX0010,20/07/2026,3,86,0,0.00,86,3010.00,7/20/2026 10:49:32 PM,7/21/2026 5:17:55 AM
EX0011,20/07/2026,3,89,89,5772.38,0,0.00,7/20/2026 10:05:39 PM,7/21/2026 5:56:10 AM
EX004,20/07/2026,3,71,0,0.00,71,2485.00,7/20/2026 10:48:58 PM,7/21/2026 5:20:45 AM
EX006,20/07/2026,3,80,0,0.00,80,2800.00,7/20/2026 10:39:11 PM,7/21/2026 5:20:05 AM
EX007,20/07/2026,3,88,1,90.10,87,3045.00,7/20/2026 10:46:10 PM,7/21/2026 5:26:37 AM
EX008,20/07/2026,3,50,1,86.40,49,1715.00,7/20/2026 11:03:32 PM,7/21/2026 5:22:36 AM
EX009,20/07/2026,3,29,11,533.30,18,630.00,7/20/2026 11:17:05 PM,7/21/2026 5:21:38 AM
EX012,20/07/2026,3,35,4,305.85,31,1085.00,7/20/2026 11:00:07 PM,7/21/2026 5:18:07 AM
PL004,20/07/2026,3,36,0,0.00,36,1260.00,7/20/2026 10:51:00 PM,7/21/2026 5:17:39 AM
PL2K06,20/07/2026,3,46,46,1285.43,0,0.00,7/20/2026 10:41:13 PM,7/21/2026 5:01:20 AM
EX0009,21/07/2026,1,72,71,4465.25,1,35.00,7/21/2026 6:56:25 AM,7/21/2026 1:20:22 PM
EX001,21/07/2026,1,49,0,0.00,49,1715.00,7/21/2026 6:53:08 AM,7/21/2026 1:07:23 PM
EX0010,21/07/2026,1,16,0,0.00,16,560.00,7/21/2026 6:43:57 AM,7/21/2026 8:09:46 AM
EX0011,21/07/2026,1,64,44,2921.69,20,700.00,7/21/2026 6:01:15 AM,7/21/2026 1:24:28 PM
EX004,21/07/2026,1,41,0,0.00,41,1435.00,7/21/2026 6:47:59 AM,7/21/2026 12:44:18 PM
EX006,21/07/2026,1,63,0,0.00,63,2205.00,7/21/2026 6:55:36 AM,7/21/2026 1:28:30 PM
EX007,21/07/2026,1,60,51,3307.85,9,315.00,7/21/2026 7:34:02 AM,7/21/2026 1:12:04 PM
EX008,21/07/2026,1,61,0,0.00,61,2135.00,7/21/2026 7:26:53 AM,7/21/2026 1:23:17 PM
EX009,21/07/2026,1,40,3,156.10,37,1295.00,7/21/2026 6:52:23 AM,7/21/2026 1:03:53 PM
EX012,21/07/2026,1,39,2,186.80,37,1295.00,7/21/2026 6:43:51 AM,7/21/2026 1:13:54 PM
PL004,21/07/2026,1,62,5,328.50,57,1995.00,7/21/2026 6:45:54 AM,7/21/2026 1:51:58 PM
PL2K05,21/07/2026,1,47,47,1364.05,0,0.00,7/21/2026 7:16:11 AM,7/21/2026 1:35:28 PM
EX0009,21/07/2026,2,61,61,3441.75,0,0.00,7/21/2026 3:40:00 PM,7/21/2026 9:27:18 PM
EX001,21/07/2026,2,55,0,0.00,55,1925.00,7/21/2026 2:52:39 PM,7/21/2026 9:36:55 PM
EX0010,21/07/2026,2,48,0,0.00,48,1680.00,7/21/2026 6:36:48 PM,7/21/2026 9:42:15 PM
EX0011,21/07/2026,2,97,1,94.10,96,3360.00,7/21/2026 2:36:43 PM,7/21/2026 9:25:48 PM
EX003,21/07/2026,2,15,9,702.20,3,105.00,7/21/2026 7:20:27 PM,7/21/2026 9:09:09 PM
EX004,21/07/2026,2,47,0,0.00,47,1645.00,7/21/2026 3:53:19 PM,7/21/2026 9:25:24 PM
EX006,21/07/2026,2,77,0,0.00,77,2695.00,7/21/2026 3:44:55 PM,7/21/2026 9:19:55 PM
EX007,21/07/2026,2,72,71,4527.30,1,35.00,7/21/2026 2:50:03 PM,7/21/2026 9:50:01 PM
EX008,21/07/2026,2,97,0,0.00,97,3395.00,7/21/2026 2:42:52 PM,7/21/2026 9:20:46 PM
EX009,21/07/2026,2,5,2,111.15,3,105.00,7/21/2026 3:40:59 PM,7/21/2026 9:32:37 PM
EX012,21/07/2026,2,49,2,123.15,47,1645.00,7/21/2026 3:29:52 PM,7/21/2026 9:10:53 PM
PL004,21/07/2026,2,73,18,1170.93,55,1925.00,7/21/2026 2:01:02 PM,7/21/2026 9:16:47 PM
PL2K05,21/07/2026,2,49,49,1208.34,0,0.00,7/21/2026 2:35:36 PM,7/21/2026 9:37:30 PM
PL2K06,21/07/2026,2,4,4,98.64,0,0.00,7/21/2026 6:26:32 PM,7/21/2026 6:42:12 PM
EX0009,21/07/2026,3,41,2,155.60,39,1365.00,7/21/2026 10:39:33 PM,7/22/2026 3:28:12 AM
EX001,21/07/2026,3,59,0,0.00,59,2065.00,7/21/2026 10:56:04 PM,7/22/2026 5:33:44 AM
EX0010,21/07/2026,3,89,0,0.00,89,3115.00,7/21/2026 10:48:38 PM,7/22/2026 5:30:28 AM
EX0011,21/07/2026,3,71,0,0.00,71,2485.00,7/21/2026 10:39:01 PM,7/22/2026 5:18:20 AM
EX003,21/07/2026,3,38,37,2233.20,0,0.00,7/21/2026 10:49:22 PM,7/22/2026 5:11:04 AM
EX006,21/07/2026,3,67,0,0.00,67,2345.00,7/21/2026 10:46:41 PM,7/22/2026 5:31:41 AM
EX007,21/07/2026,3,82,82,5086.45,0,0.00,7/21/2026 10:02:33 PM,7/22/2026 5:30:13 AM
EX008,21/07/2026,3,46,1,93.40,45,1575.00,7/21/2026 10:44:12 PM,7/22/2026 5:24:18 AM
EX012,21/07/2026,3,37,0,0.00,37,1295.00,7/21/2026 10:50:04 PM,7/22/2026 5:48:04 AM
PL004,21/07/2026,3,48,1,49.10,47,1645.00,7/21/2026 10:38:35 PM,7/22/2026 5:15:02 AM
PL2K05,21/07/2026,3,29,29,715.14,0,0.00,7/21/2026 10:38:20 PM,7/22/2026 4:10:08 AM
PL2K06,21/07/2026,3,8,8,197.28,0,0.00,7/22/2026 1:58:17 AM,7/22/2026 3:03:18 AM
EX0009,22/07/2026,1,56,0,0.00,56,1960.00,7/22/2026 7:42:33 AM,7/22/2026 1:09:11 PM
EX001,22/07/2026,1,69,0,0.00,69,2415.00,7/22/2026 6:43:59 AM,7/22/2026 1:25:38 PM
EX0010,22/07/2026,1,22,0,0.00,22,770.00,7/22/2026 6:47:14 AM,7/22/2026 9:04:32 AM
EX0011,22/07/2026,1,91,4,374.50,87,3045.00,7/22/2026 6:43:56 AM,7/22/2026 1:06:55 PM
EX003,22/07/2026,1,31,0,0.00,31,1085.00,7/22/2026 6:57:27 AM,7/22/2026 1:19:17 PM
EX004,22/07/2026,1,50,0,0.00,50,1750.00,7/22/2026 6:43:56 AM,7/22/2026 1:08:28 PM
EX005,22/07/2026,1,22,0,0.00,22,770.00,7/22/2026 10:41:24 AM,7/22/2026 1:05:37 PM
EX006,22/07/2026,1,40,0,0.00,40,1400.00,7/22/2026 7:01:22 AM,7/22/2026 1:14:53 PM
EX007,22/07/2026,1,38,36,2531.00,2,70.00,7/22/2026 7:04:49 AM,7/22/2026 1:03:34 PM
EX008,22/07/2026,1,55,0,0.00,55,1925.00,7/22/2026 6:46:37 AM,7/22/2026 1:07:07 PM
EX012,22/07/2026,1,33,0,0.00,33,1155.00,7/22/2026 6:55:19 AM,7/22/2026 1:15:20 PM
PL004,22/07/2026,1,51,0,0.00,51,1785.00,7/22/2026 6:46:50 AM,7/22/2026 1:19:53 PM
PL2K05,22/07/2026,1,32,32,998.13,0,0.00,7/22/2026 6:50:08 AM,7/22/2026 1:38:21 PM
EX0009,22/07/2026,2,61,0,0.00,61,2135.00,7/22/2026 3:55:55 PM,7/22/2026 9:24:25 PM
EX001,22/07/2026,2,57,0,0.00,57,1995.00,7/22/2026 4:23:01 PM,7/22/2026 9:28:32 PM
EX0010,22/07/2026,2,23,0,0.00,23,805.00,7/22/2026 5:25:27 PM,7/22/2026 9:10:26 PM
EX0011,22/07/2026,2,53,3,294.80,50,1750.00,7/22/2026 4:38:24 PM,7/22/2026 9:17:56 PM
EX004,22/07/2026,2,40,0,0.00,40,1400.00,7/22/2026 4:10:12 PM,7/22/2026 9:20:04 PM
EX005,22/07/2026,2,77,4,323.85,73,2555.00,7/22/2026 4:25:08 PM,7/22/2026 9:20:10 PM
EX006,22/07/2026,2,59,0,0.00,59,2065.00,7/22/2026 3:47:01 PM,7/22/2026 9:20:26 PM
EX007,22/07/2026,2,22,20,1139.45,0,0.00,7/22/2026 4:46:47 PM,7/22/2026 9:00:30 PM
EX008,22/07/2026,2,26,1,100.70,25,875.00,7/22/2026 7:04:15 PM,7/22/2026 9:12:15 PM
EX009,22/07/2026,2,19,8,566.15,11,385.00,7/22/2026 3:54:19 PM,7/22/2026 8:56:41 PM
EX012,22/07/2026,2,19,3,143.85,16,560.00,7/22/2026 4:00:32 PM,7/22/2026 9:17:10 PM
PL004,22/07/2026,2,29,29,2220.91,0,0.00,7/22/2026 4:26:20 PM,7/22/2026 9:22:32 PM
PL2K06,22/07/2026,2,50,50,1233.00,0,0.00,7/22/2026 2:52:40 PM,7/22/2026 9:34:34 PM
EX0009,22/07/2026,3,71,30,1991.25,7,245.00,7/22/2026 10:37:33 PM,7/23/2026 5:26:33 AM
EX001,22/07/2026,3,117,0,0.00,117,4095.00,7/22/2026 10:41:09 PM,7/23/2026 5:21:59 AM
EX0010,22/07/2026,3,22,0,0.00,22,770.00,7/22/2026 11:14:17 PM,7/23/2026 4:18:52 AM
EX0011,22/07/2026,3,49,0,0.00,49,1715.00,7/22/2026 10:49:10 PM,7/23/2026 5:15:04 AM
EX004,22/07/2026,3,55,0,0.00,55,1925.00,7/22/2026 10:40:36 PM,7/23/2026 5:30:47 AM
EX005,22/07/2026,3,56,4,345.15,52,1820.00,7/23/2026 12:12:52 AM,7/23/2026 5:27:58 AM
EX006,22/07/2026,3,63,0,0.00,63,2205.00,7/22/2026 11:07:47 PM,7/23/2026 5:08:29 AM
EX007,22/07/2026,3,10,5,419.58,5,175.00,7/22/2026 11:28:15 PM,7/23/2026 5:19:18 AM
EX008,22/07/2026,3,50,0,0.00,50,1750.00,7/22/2026 10:50:50 PM,7/23/2026 5:18:12 AM
EX009,22/07/2026,3,26,3,174.30,1,35.00,7/22/2026 10:58:13 PM,7/23/2026 5:24:51 AM
EX012,22/07/2026,3,27,6,287.70,21,735.00,7/22/2026 10:56:12 PM,7/23/2026 5:15:46 AM
PL004,22/07/2026,3,78,78,4940.63,0,0.00,7/22/2026 10:20:28 PM,7/23/2026 5:35:17 AM
PL2K05,22/07/2026,3,18,16,434.86,2,70.00,7/23/2026 2:49:42 AM,7/23/2026 5:49:24 AM
PL2K06,22/07/2026,3,24,21,563.28,3,105.00,7/22/2026 10:41:55 PM,7/23/2026 1:42:01 AM
EX0009,23/07/2026,1,60,29,2002.60,0,0.00,7/23/2026 9:06:05 AM,7/23/2026 1:17:42 PM
EX001,23/07/2026,1,49,0,0.00,49,1715.00,7/23/2026 6:47:08 AM,7/23/2026 1:18:57 PM
EX0010,23/07/2026,1,27,1,94.30,26,910.00,7/23/2026 6:48:45 AM,7/23/2026 12:58:44 PM
EX0011,23/07/2026,1,60,1,102.60,59,2065.00,7/23/2026 6:46:36 AM,7/23/2026 1:13:45 PM
EX003,23/07/2026,1,27,27,1690.00,0,0.00,7/23/2026 9:32:26 AM,7/23/2026 12:46:19 PM
EX004,23/07/2026,1,66,0,0.00,61,2135.00,7/23/2026 6:50:00 AM,7/23/2026 1:11:36 PM
EX005,23/07/2026,1,88,8,675.35,80,2800.00,7/23/2026 6:38:40 AM,7/23/2026 1:22:58 PM
EX007,23/07/2026,1,62,2,136.10,60,2100.00,7/23/2026 7:21:12 AM,7/23/2026 1:23:00 PM
EX008,23/07/2026,1,43,0,0.00,43,1505.00,7/23/2026 6:44:41 AM,7/23/2026 12:15:51 PM
EX009,23/07/2026,1,40,5,294.85,3,105.00,7/23/2026 8:08:39 AM,7/23/2026 1:10:33 PM
EX012,23/07/2026,1,26,11,538.50,1,35.00,7/23/2026 6:50:51 AM,7/23/2026 1:03:27 PM
PL004,23/07/2026,1,48,48,3747.63,0,0.00,7/23/2026 6:52:00 AM,7/23/2026 1:17:28 PM
PL2K06,23/07/2026,1,41,40,986.40,1,35.00,7/23/2026 6:58:28 AM,7/23/2026 1:14:56 PM
EX0009,23/07/2026,2,30,7,610.00,0,0.00,7/23/2026 6:34:56 PM,7/23/2026 9:17:20 PM
EX001,23/07/2026,2,77,1,84.60,76,2660.00,7/23/2026 2:56:10 PM,7/23/2026 9:34:06 PM
EX0010,23/07/2026,2,25,0,0.00,25,875.00,7/23/2026 3:18:29 PM,7/23/2026 9:13:38 PM
EX0011,23/07/2026,2,94,0,0.00,94,3290.00,7/23/2026 2:53:15 PM,7/23/2026 9:27:24 PM
EX003,23/07/2026,2,22,22,1642.80,0,0.00,7/23/2026 3:45:37 PM,7/23/2026 6:22:38 PM
EX004,23/07/2026,2,48,0,0.00,48,1680.00,7/23/2026 3:30:44 PM,7/23/2026 9:20:08 PM
EX005,23/07/2026,2,63,0,0.00,63,2205.00,7/23/2026 2:56:01 PM,7/23/2026 9:22:55 PM
EX006,23/07/2026,2,57,0,0.00,57,1995.00,7/23/2026 4:11:16 PM,7/23/2026 9:16:18 PM
EX007,23/07/2026,2,42,42,2836.68,0,0.00,7/23/2026 4:11:41 PM,7/23/2026 9:24:21 PM
EX008,23/07/2026,2,15,0,0.00,15,525.00,7/23/2026 7:06:15 PM,7/23/2026 9:19:28 PM
EX009,23/07/2026,2,28,0,0.00,1,35.00,7/23/2026 3:27:07 PM,7/23/2026 9:04:42 PM
EX012,23/07/2026,2,27,3,197.85,0,0.00,7/23/2026 3:27:14 PM,7/23/2026 9:12:28 PM
PL004,23/07/2026,2,32,26,1633.47,6,210.00,7/23/2026 2:51:33 PM,7/23/2026 9:13:34 PM
PL2K05,23/07/2026,2,29,29,726.50,0,0.00,7/23/2026 3:19:05 PM,7/23/2026 9:36:41 PM
EX0009,23/07/2026,3,68,0,0.00,60,2100.00,7/23/2026 10:45:34 PM,7/24/2026 5:11:37 AM
EX001,23/07/2026,3,61,0,0.00,61,2135.00,7/23/2026 10:58:10 PM,7/24/2026 5:14:48 AM
EX0011,23/07/2026,3,48,0,0.00,48,1680.00,7/23/2026 10:47:55 PM,7/24/2026 5:20:23 AM
EX003,23/07/2026,3,15,15,855.55,0,0.00,7/24/2026 3:56:10 AM,7/24/2026 5:19:44 AM
EX004,23/07/2026,3,48,6,362.80,6,210.00,7/23/2026 10:41:10 PM,7/24/2026 4:55:42 AM
EX005,23/07/2026,3,64,0,0.00,64,2240.00,7/23/2026 10:48:27 PM,7/24/2026 5:19:36 AM
EX006,23/07/2026,3,72,1,54.80,71,2485.00,7/23/2026 10:51:25 PM,7/24/2026 5:13:29 AM
EX007,23/07/2026,3,60,60,4245.14,0,0.00,7/23/2026 10:40:12 PM,7/24/2026 5:17:39 AM
EX008,23/07/2026,3,34,2,146.30,32,1120.00,7/23/2026 10:53:05 PM,7/24/2026 5:17:49 AM
EX012,23/07/2026,3,42,6,301.90,1,35.00,7/23/2026 10:49:14 PM,7/24/2026 5:09:07 AM
PL004,23/07/2026,3,124,7,567.40,117,4095.00,7/23/2026 10:44:43 PM,7/24/2026 5:26:15 AM
PL2K05,23/07/2026,3,27,27,665.82,0,0.00,7/23/2026 10:37:48 PM,7/24/2026 3:24:30 AM
EX0009,24/07/2026,1,126,0,0.00,126,4410.00,7/24/2026 6:43:28 AM,7/24/2026 1:14:53 PM
EX001,24/07/2026,1,78,2,203.20,76,2660.00,7/24/2026 6:35:40 AM,7/24/2026 1:14:13 PM
EX0010,24/07/2026,1,36,0,0.00,36,1260.00,7/24/2026 6:42:58 AM,7/24/2026 1:16:37 PM
EX003,24/07/2026,1,6,6,398.90,0,0.00,7/24/2026 7:02:41 AM,7/24/2026 8:08:55 AM
EX004,24/07/2026,1,49,18,1116.30,1,35.00,7/24/2026 7:40:30 AM,7/24/2026 1:12:29 PM
EX005,24/07/2026,1,68,52,2915.46,16,560.00,7/24/2026 6:41:57 AM,7/24/2026 1:07:05 PM
EX006,24/07/2026,1,50,0,0.00,50,1750.00,7/24/2026 6:53:30 AM,7/24/2026 12:18:16 PM
EX007,24/07/2026,1,41,15,1042.59,1,35.00,7/24/2026 6:46:41 AM,7/24/2026 12:41:48 PM
EX008,24/07/2026,1,66,3,210.70,63,2205.00,7/24/2026 6:42:01 AM,7/24/2026 12:54:45 PM
EX012,24/07/2026,1,28,0,0.00,8,280.00,7/24/2026 6:47:37 AM,7/24/2026 1:04:11 PM
PL004,24/07/2026,1,35,7,460.20,28,980.00,7/24/2026 6:46:07 AM,7/24/2026 1:55:29 PM
PL2K05,24/07/2026,1,13,13,320.58,0,0.00,7/24/2026 6:44:53 AM,7/24/2026 1:13:25 PM
PL2K06,24/07/2026,1,28,28,690.48,0,0.00,7/24/2026 6:49:58 AM,7/24/2026 12:58:48 PM
EX0009,24/07/2026,2,1,0,0.00,1,35.00,7/24/2026 3:15:14 PM,7/24/2026 3:15:14 PM
EX001,24/07/2026,2,68,1,85.70,67,2345.00,7/24/2026 3:25:56 PM,7/24/2026 9:28:18 PM
EX0010,24/07/2026,2,27,0,0.00,27,945.00,7/24/2026 3:40:20 PM,7/24/2026 9:11:38 PM
EX0011,24/07/2026,2,1,1,90.80,0,0.00,7/24/2026 4:23:32 PM,7/24/2026 4:23:32 PM
EX003,24/07/2026,2,17,17,998.85,0,0.00,7/24/2026 3:00:42 PM,7/24/2026 5:31:40 PM
EX004,24/07/2026,2,59,13,928.75,35,1225.00,7/24/2026 3:02:41 PM,7/24/2026 9:19:00 PM
EX005,24/07/2026,2,64,3,297.70,61,2135.00,7/24/2026 3:51:34 PM,7/24/2026 9:27:07 PM
EX006,24/07/2026,2,40,0,0.00,40,1400.00,7/24/2026 5:45:34 PM,7/24/2026 9:10:56 PM
EX007,24/07/2026,2,46,5,295.23,41,1435.00,7/24/2026 5:30:50 PM,7/24/2026 9:34:41 PM
EX008,24/07/2026,2,47,0,0.00,47,1645.00,7/24/2026 3:34:29 PM,7/24/2026 9:22:07 PM
EX009,24/07/2026,2,37,0,0.00,0,0.00,7/24/2026 3:05:52 PM,7/24/2026 9:21:04 PM
EX012,24/07/2026,2,42,0,0.00,41,1435.00,7/24/2026 3:11:09 PM,7/24/2026 9:22:39 PM
PL004,24/07/2026,2,83,83,4842.82,0,0.00,7/24/2026 2:01:33 PM,7/24/2026 9:54:00 PM
PL2K06,24/07/2026,2,44,44,1085.04,0,0.00,7/24/2026 2:54:20 PM,7/24/2026 9:15:00 PM
EX0009,24/07/2026,3,44,0,0.00,44,1540.00,7/25/2026 1:40:45 AM,7/25/2026 5:11:02 AM
EX001,24/07/2026,3,22,0,0.00,22,770.00,7/24/2026 10:58:56 PM,7/25/2026 1:01:56 AM
EX0010,24/07/2026,3,13,0,0.00,13,455.00,7/25/2026 3:33:07 AM,7/25/2026 5:22:39 AM
EX0011,24/07/2026,3,62,0,0.00,62,2170.00,7/24/2026 10:51:22 PM,7/25/2026 5:23:10 AM
EX004,24/07/2026,3,64,0,0.00,64,2240.00,7/24/2026 10:42:46 PM,7/25/2026 5:08:01 AM
EX005,24/07/2026,3,86,0,0.00,86,3010.00,7/24/2026 11:06:24 PM,7/25/2026 5:24:50 AM
EX006,24/07/2026,3,94,0,0.00,94,3290.00,7/24/2026 10:42:02 PM,7/25/2026 5:17:09 AM
EX007,24/07/2026,3,50,3,249.35,47,1645.00,7/24/2026 10:50:14 PM,7/25/2026 5:20:31 AM
EX008,24/07/2026,3,38,0,0.00,38,1330.00,7/24/2026 10:52:01 PM,7/25/2026 5:30:02 AM
EX009,24/07/2026,3,31,0,0.00,0,0.00,7/24/2026 10:45:06 PM,7/25/2026 5:12:17 AM
EX012,24/07/2026,3,13,0,0.00,13,455.00,7/24/2026 10:54:07 PM,7/25/2026 3:17:39 AM
PL004,24/07/2026,3,88,87,5511.47,1,35.00,7/24/2026 10:05:29 PM,7/25/2026 5:59:59 AM
PL2K05,24/07/2026,3,17,17,419.22,0,0.00,7/24/2026 11:02:14 PM,7/25/2026 12:47:00 AM
PL2K06,24/07/2026,3,33,33,825.14,0,0.00,7/25/2026 1:03:19 AM,7/25/2026 5:16:06 AM
EX0009,25/07/2026,1,106,0,0.00,106,3710.00,7/25/2026 7:06:28 AM,7/25/2026 1:08:15 PM
EX001,25/07/2026,1,31,0,0.00,31,1085.00,7/25/2026 7:45:47 AM,7/25/2026 10:59:34 AM
EX0010,25/07/2026,1,44,0,0.00,44,1540.00,7/25/2026 6:49:35 AM,7/25/2026 12:56:50 PM
EX0011,25/07/2026,1,65,0,0.00,65,2275.00,7/25/2026 6:34:43 AM,7/25/2026 1:03:08 PM
EX004,25/07/2026,1,62,6,442.00,18,630.00,7/25/2026 6:54:19 AM,7/25/2026 1:16:59 PM
EX005,25/07/2026,1,72,56,3237.70,16,560.00,7/25/2026 6:40:23 AM,7/25/2026 1:05:50 PM
EX006,25/07/2026,1,75,0,0.00,75,2625.00,7/25/2026 6:52:06 AM,7/25/2026 1:18:54 PM
EX007,25/07/2026,1,6,0,0.00,6,210.00,7/25/2026 6:40:18 AM,7/25/2026 7:17:14 AM
EX008,25/07/2026,1,61,0,0.00,61,2135.00,7/25/2026 6:44:14 AM,7/25/2026 1:19:57 PM
EX009,25/07/2026,1,32,0,0.00,0,0.00,7/25/2026 6:52:01 AM,7/25/2026 1:06:11 PM
PL003,25/07/2026,1,33,0,0.00,33,1155.00,7/25/2026 7:27:32 AM,7/25/2026 1:17:50 PM
PL004,25/07/2026,1,58,15,982.68,43,1505.00,7/25/2026 6:02:18 AM,7/25/2026 1:33:05 PM
PL2K05,25/07/2026,1,28,28,690.48,0,0.00,7/25/2026 6:40:59 AM,7/25/2026 12:17:53 PM
PL2K06,25/07/2026,1,19,19,486.70,0,0.00,7/25/2026 9:08:35 AM,7/25/2026 1:06:15 PM
EX0009,25/07/2026,2,56,0,0.00,56,1960.00,7/25/2026 3:27:27 PM,7/25/2026 9:31:06 PM
EX001,25/07/2026,2,24,0,0.00,24,840.00,7/25/2026 7:40:52 PM,7/25/2026 9:19:04 PM
EX0010,25/07/2026,2,54,0,0.00,54,1890.00,7/25/2026 3:43:31 PM,7/25/2026 9:25:49 PM
EX0011,25/07/2026,2,76,0,0.00,76,2660.00,7/25/2026 3:44:59 PM,7/25/2026 9:20:18 PM
EX004,25/07/2026,2,62,0,0.00,49,1715.00,7/25/2026 3:15:50 PM,7/25/2026 9:22:36 PM
EX005,25/07/2026,2,64,1,70.03,63,2205.00,7/25/2026 3:44:13 PM,7/25/2026 9:18:24 PM
EX006,25/07/2026,2,61,0,0.00,61,2135.00,7/25/2026 3:27:21 PM,7/25/2026 9:28:25 PM
EX007,25/07/2026,2,28,1,92.60,27,945.00,7/25/2026 3:43:19 PM,7/25/2026 6:14:04 PM
EX008,25/07/2026,2,25,0,0.00,25,875.00,7/25/2026 6:35:30 PM,7/25/2026 8:47:22 PM
EX009,25/07/2026,2,17,1,47.95,0,0.00,7/25/2026 3:29:44 PM,7/25/2026 9:04:48 PM
EX012,25/07/2026,2,34,0,0.00,34,1190.00,7/25/2026 3:19:21 PM,7/25/2026 9:15:31 PM
PL003,25/07/2026,2,32,4,218.95,28,980.00,7/25/2026 3:31:16 PM,7/25/2026 9:52:50 PM
PL004,25/07/2026,2,61,60,3581.46,1,35.00,7/25/2026 3:57:40 PM,7/25/2026 9:20:47 PM
PL2K06,25/07/2026,2,21,21,539.19,0,0.00,7/25/2026 2:46:57 PM,7/25/2026 9:01:42 PM
EX0009,25/07/2026,3,55,0,0.00,55,1925.00,7/25/2026 10:47:21 PM,7/26/2026 5:35:10 AM
EX001,25/07/2026,3,150,0,0.00,150,5250.00,7/25/2026 10:41:09 PM,7/26/2026 5:39:02 AM
EX0010,25/07/2026,3,73,70,4201.45,3,105.00,7/25/2026 11:00:00 PM,7/26/2026 5:59:36 AM
EX0011,25/07/2026,3,101,0,0.00,101,3535.00,7/25/2026 10:48:56 PM,7/26/2026 5:25:27 AM
EX004,25/07/2026,3,56,0,0.00,56,1960.00,7/25/2026 10:52:15 PM,7/26/2026 5:08:41 AM
EX005,25/07/2026,3,56,0,0.00,56,1960.00,7/25/2026 11:18:39 PM,7/26/2026 5:18:37 AM
EX006,25/07/2026,3,72,0,0.00,72,2520.00,7/25/2026 10:52:38 PM,7/26/2026 5:34:26 AM
EX008,25/07/2026,3,35,0,0.00,35,1225.00,7/26/2026 12:25:22 AM,7/26/2026 5:15:43 AM
EX009,25/07/2026,3,31,0,0.00,0,0.00,7/25/2026 11:07:03 PM,7/26/2026 5:36:21 AM
EX012,25/07/2026,3,21,0,0.00,21,735.00,7/25/2026 10:58:10 PM,7/26/2026 5:14:18 AM
PL003,25/07/2026,3,16,16,1095.85,0,0.00,7/25/2026 10:00:59 PM,7/26/2026 2:54:25 AM
PL004,25/07/2026,3,12,11,626.85,1,35.00,7/25/2026 10:49:08 PM,7/25/2026 11:39:10 PM
PL2K05,25/07/2026,3,4,4,98.64,0,0.00,7/26/2026 2:32:29 AM,7/26/2026 2:46:57 AM
PL2K06,25/07/2026,3,40,40,1145.92,0,0.00,7/25/2026 10:42:41 PM,7/26/2026 5:41:09 AM
EX0009,26/07/2026,1,59,0,0.00,59,2065.00,7/26/2026 7:17:03 AM,7/26/2026 1:23:54 PM
EX001,26/07/2026,1,89,0,0.00,89,3115.00,7/26/2026 6:40:18 AM,7/26/2026 1:28:55 PM
EX0010,26/07/2026,1,45,5,291.70,40,1400.00,7/26/2026 6:04:26 AM,7/26/2026 1:07:44 PM
EX0011,26/07/2026,1,75,0,0.00,75,2625.00,7/26/2026 6:45:37 AM,7/26/2026 1:07:59 PM
EX003,26/07/2026,1,39,39,2013.20,0,0.00,7/26/2026 7:23:17 AM,7/26/2026 12:14:16 PM
EX004,26/07/2026,1,47,0,0.00,47,1645.00,7/26/2026 6:55:45 AM,7/26/2026 1:14:31 PM
EX005,26/07/2026,1,61,61,3514.23,0,0.00,7/26/2026 6:52:14 AM,7/26/2026 1:13:05 PM
EX006,26/07/2026,1,50,0,0.00,50,1750.00,7/26/2026 6:52:34 AM,7/26/2026 1:12:59 PM
EX007,26/07/2026,1,52,5,445.90,47,1645.00,7/26/2026 7:10:29 AM,7/26/2026 1:07:20 PM
EX008,26/07/2026,1,21,0,0.00,21,735.00,7/26/2026 6:50:50 AM,7/26/2026 1:11:55 PM
EX009,26/07/2026,1,10,0,0.00,0,0.00,7/26/2026 7:00:18 AM,7/26/2026 11:04:17 AM
EX012,26/07/2026,1,16,0,0.00,16,560.00,7/26/2026 6:46:52 AM,7/26/2026 1:02:44 PM
PL003,26/07/2026,1,13,0,0.00,13,455.00,7/26/2026 6:43:10 AM,7/26/2026 7:42:31 AM
PL2K05,26/07/2026,1,4,1,24.66,3,105.00,7/26/2026 10:31:43 AM,7/26/2026 11:48:43 AM
PL2K06,26/07/2026,1,33,27,679.08,6,210.00,7/26/2026 6:36:46 AM,7/26/2026 1:31:07 PM
EX001,26/07/2026,2,143,0,0.00,143,5005.00,7/26/2026 3:21:12 PM,7/26/2026 9:29:34 PM
EX0011,26/07/2026,2,82,1,88.40,81,2835.00,7/26/2026 3:28:45 PM,7/26/2026 9:23:54 PM
EX004,26/07/2026,2,77,0,0.00,77,2695.00,7/26/2026 3:02:30 PM,7/26/2026 9:17:30 PM
EX005,26/07/2026,2,76,18,1680.70,58,2030.00,7/26/2026 3:42:01 PM,7/26/2026 9:22:58 PM
EX006,26/07/2026,2,82,0,0.00,82,2870.00,7/26/2026 3:00:19 PM,7/26/2026 9:38:15 PM
EX008,26/07/2026,2,52,2,122.75,50,1750.00,7/26/2026 3:20:18 PM,7/26/2026 9:20:25 PM
EX009,26/07/2026,2,29,9,533.85,17,595.00,7/26/2026 3:12:00 PM,7/26/2026 9:36:47 PM
EX012,26/07/2026,2,41,40,2036.20,1,35.00,7/26/2026 3:02:10 PM,7/26/2026 9:11:43 PM
PL003,26/07/2026,2,74,74,4888.10,0,0.00,7/26/2026 3:10:09 PM,7/26/2026 9:20:45 PM
PL2K06,26/07/2026,2,48,46,1325.29,2,70.00,7/26/2026 3:20:18 PM,7/26/2026 9:39:54 PM
EX0009,26/07/2026,3,85,0,0.00,85,2975.00,7/26/2026 11:09:44 PM,7/27/2026 5:14:29 AM
EX001,26/07/2026,3,114,0,0.00,114,3990.00,7/26/2026 10:33:58 PM,7/27/2026 5:39:58 AM
EX0011,26/07/2026,3,79,1,80.50,78,2730.00,7/26/2026 11:06:54 PM,7/27/2026 5:26:04 AM
EX004,26/07/2026,3,93,0,0.00,93,3255.00,7/26/2026 10:52:29 PM,7/27/2026 5:18:30 AM
EX005,26/07/2026,3,71,49,3141.63,22,770.00,7/26/2026 10:45:52 PM,7/27/2026 5:16:04 AM
EX006,26/07/2026,3,72,0,0.00,72,2520.00,7/26/2026 10:56:47 PM,7/27/2026 5:16:17 AM
EX007,26/07/2026,3,44,2,144.00,42,1470.00,7/27/2026 2:22:10 AM,7/27/2026 5:23:29 AM
EX008,26/07/2026,3,71,5,412.95,66,2310.00,7/26/2026 10:29:03 PM,7/27/2026 5:28:25 AM
EX009,26/07/2026,3,4,0,0.00,4,140.00,7/26/2026 11:00:12 PM,7/26/2026 11:32:45 PM
EX012,26/07/2026,3,26,6,319.15,20,700.00,7/26/2026 11:06:58 PM,7/27/2026 5:02:36 AM
PL003,26/07/2026,3,19,19,1322.72,0,0.00,7/26/2026 10:45:42 PM,7/27/2026 12:47:22 AM
PL2K06,26/07/2026,3,45,45,1300.99,0,0.00,7/26/2026 10:57:10 PM,7/27/2026 5:20:26 AM
EX0009,27/07/2026,1,56,0,0.00,56,1960.00,7/27/2026 6:56:51 AM,7/27/2026 1:20:01 PM
EX001,27/07/2026,1,59,0,0.00,59,2065.00,7/27/2026 6:49:28 AM,7/27/2026 1:14:10 PM
EX0011,27/07/2026,1,101,9,813.10,92,3220.00,7/27/2026 6:51:59 AM,7/27/2026 1:22:15 PM
EX004,27/07/2026,1,64,0,0.00,64,2240.00,7/27/2026 7:10:54 AM,7/27/2026 1:05:23 PM
EX005,27/07/2026,1,71,71,4574.75,0,0.00,7/27/2026 6:58:41 AM,7/27/2026 1:27:57 PM
EX006,27/07/2026,1,43,0,0.00,43,1505.00,7/27/2026 8:29:12 AM,7/27/2026 12:55:49 PM
EX007,27/07/2026,1,44,10,728.80,34,1190.00,7/27/2026 7:04:40 AM,7/27/2026 1:30:26 PM
EX009,27/07/2026,1,26,0,0.00,26,910.00,7/27/2026 8:57:23 AM,7/27/2026 12:58:45 PM
EX012,27/07/2026,1,37,35,1831.05,2,70.00,7/27/2026 7:15:26 AM,7/27/2026 12:59:46 PM
PL003,27/07/2026,1,73,2,206.60,71,2485.00,7/27/2026 7:45:09 AM,7/27/2026 1:27:48 PM
PL004,27/07/2026,1,77,1,94.50,76,2660.00,7/27/2026 6:58:18 AM,7/27/2026 1:29:46 PM
PL2K06,27/07/2026,1,43,32,802.65,11,385.00,7/27/2026 7:11:19 AM,7/27/2026 1:14:40 PM
EX0009,27/07/2026,2,68,0,0.00,68,2380.00,7/27/2026 3:24:03 PM,7/27/2026 9:32:46 PM
EX001,27/07/2026,2,38,6,403.15,32,1120.00,7/27/2026 5:18:11 PM,7/27/2026 9:29:07 PM
EX0010,27/07/2026,2,4,0,0.00,4,140.00,7/27/2026 8:28:06 PM,7/27/2026 9:19:30 PM
EX0011,27/07/2026,2,73,0,0.00,73,2555.00,7/27/2026 5:04:15 PM,7/27/2026 9:30:59 PM
EX003,27/07/2026,2,45,0,0.00,45,1575.00,7/27/2026 3:40:43 PM,7/27/2026 9:19:21 PM
EX004,27/07/2026,2,13,0,0.00,13,455.00,7/27/2026 7:33:12 PM,7/27/2026 9:12:52 PM
EX005,27/07/2026,2,50,22,1369.35,25,875.00,7/27/2026 5:04:57 PM,7/27/2026 9:14:47 PM
EX006,27/07/2026,2,72,0,0.00,72,2520.00,7/27/2026 3:39:24 PM,7/27/2026 9:14:50 PM
EX007,27/07/2026,2,34,12,869.95,22,770.00,7/27/2026 6:12:58 PM,7/27/2026 9:19:40 PM
EX009,27/07/2026,2,35,34,1750.45,0,0.00,7/27/2026 3:27:07 PM,7/27/2026 9:20:58 PM
EX012,27/07/2026,2,9,0,0.00,9,315.00,7/27/2026 3:35:22 PM,7/27/2026 5:04:15 PM
PL003,27/07/2026,2,21,21,1511.72,0,0.00,7/27/2026 5:40:42 PM,7/27/2026 8:42:03 PM
PL004,27/07/2026,2,44,0,0.00,44,1540.00,7/27/2026 5:31:24 PM,7/27/2026 9:26:57 PM
PL2K05,27/07/2026,2,7,7,172.62,0,0.00,7/27/2026 6:48:48 PM,7/27/2026 7:32:05 PM
PL2K06,27/07/2026,2,26,26,747.03,0,0.00,7/27/2026 2:43:37 PM,7/27/2026 5:50:28 PM
EX0009,27/07/2026,3,100,0,0.00,100,3500.00,7/27/2026 10:43:35 PM,7/28/2026 5:22:35 AM
EX001,27/07/2026,3,57,1,97.50,56,1960.00,7/27/2026 11:03:39 PM,7/28/2026 4:57:55 AM
EX0010,27/07/2026,3,78,0,0.00,78,2730.00,7/27/2026 10:58:14 PM,7/28/2026 5:19:51 AM
EX0011,27/07/2026,3,68,44,2681.51,24,840.00,7/27/2026 10:49:08 PM,7/28/2026 5:09:20 AM
EX004,27/07/2026,3,25,0,0.00,25,875.00,7/27/2026 10:46:14 PM,7/28/2026 1:20:21 AM
EX005,27/07/2026,3,39,24,1456.88,15,525.00,7/27/2026 10:50:58 PM,7/28/2026 5:13:14 AM
EX006,27/07/2026,3,62,15,970.65,47,1645.00,7/27/2026 10:36:59 PM,7/28/2026 5:06:55 AM
EX009,27/07/2026,3,36,27,1561.30,9,315.00,7/27/2026 10:49:12 PM,7/28/2026 5:14:55 AM
EX012,27/07/2026,3,19,10,646.50,8,280.00,7/27/2026 11:00:48 PM,7/28/2026 5:11:05 AM
PL003,27/07/2026,3,64,0,0.00,64,2240.00,7/27/2026 10:58:35 PM,7/28/2026 5:23:50 AM
PL004,27/07/2026,3,59,0,0.00,59,2065.00,7/27/2026 10:46:08 PM,7/28/2026 5:20:58 AM
PL2K05,27/07/2026,3,25,25,635.02,0,0.00,7/27/2026 10:38:13 PM,7/28/2026 4:57:46 AM
EX0009,28/07/2026,1,61,0,0.00,61,2135.00,7/28/2026 6:50:07 AM,7/28/2026 1:07:33 PM
EX0010,28/07/2026,1,59,0,0.00,59,2065.00,7/28/2026 6:36:57 AM,7/28/2026 1:17:24 PM
EX0011,28/07/2026,1,79,7,433.77,72,2520.00,7/28/2026 6:45:55 AM,7/28/2026 1:10:53 PM
EX003,28/07/2026,1,66,0,0.00,66,2310.00,7/28/2026 9:22:55 AM,7/28/2026 1:22:31 PM
EX004,28/07/2026,1,43,0,0.00,43,1505.00,7/28/2026 6:45:10 AM,7/28/2026 1:15:21 PM
EX005,28/07/2026,1,34,0,0.00,34,1190.00,7/28/2026 6:47:12 AM,7/28/2026 1:07:47 PM
EX006,28/07/2026,1,60,59,3112.55,1,35.00,7/28/2026 6:39:51 AM,7/28/2026 1:03:55 PM
EX007,28/07/2026,1,34,7,651.70,27,945.00,7/28/2026 6:42:26 AM,7/28/2026 12:10:01 PM
EX008,28/07/2026,1,68,0,0.00,68,2380.00,7/28/2026 7:00:05 AM,7/28/2026 1:24:47 PM
EX009,28/07/2026,1,36,22,1151.60,14,490.00,7/28/2026 6:52:55 AM,7/28/2026 1:06:59 PM
EX012,28/07/2026,1,35,1,47.95,26,910.00,7/28/2026 7:55:52 AM,7/28/2026 12:59:38 PM
PL003,28/07/2026,1,137,0,0.00,137,4795.00,7/28/2026 6:28:16 AM,7/28/2026 1:18:40 PM
PL004,28/07/2026,1,59,31,2052.30,28,980.00,7/28/2026 7:24:50 AM,7/28/2026 1:40:48 PM
PL2K05,28/07/2026,1,1,1,24.66,0,0.00,7/28/2026 6:53:55 AM,7/28/2026 6:53:55 AM
PL2K06,28/07/2026,1,55,44,1148.32,11,385.00,7/28/2026 6:55:45 AM,7/28/2026 1:14:06 PM
EX0009,28/07/2026,2,29,0,0.00,29,1015.00,7/28/2026 6:56:18 PM,7/28/2026 9:49:37 PM
EX0010,28/07/2026,2,25,5,386.95,20,700.00,7/28/2026 6:04:19 PM,7/28/2026 9:17:15 PM
EX0011,28/07/2026,2,48,7,514.90,41,1435.00,7/28/2026 6:05:10 PM,7/28/2026 9:27:59 PM
EX003,28/07/2026,2,27,0,0.00,27,945.00,7/28/2026 5:34:21 PM,7/28/2026 8:49:38 PM
EX004,28/07/2026,2,48,0,0.00,48,1680.00,7/28/2026 5:20:23 PM,7/28/2026 9:46:41 PM
EX005,28/07/2026,2,13,1,90.80,12,420.00,7/28/2026 8:02:49 PM,7/28/2026 9:23:52 PM
EX006,28/07/2026,2,36,36,1967.70,0,0.00,7/28/2026 5:57:24 PM,7/28/2026 9:43:18 PM
EX007,28/07/2026,2,1,1,85.70,0,0.00,7/28/2026 5:51:01 PM,7/28/2026 5:51:01 PM
EX008,28/07/2026,2,48,0,0.00,48,1680.00,7/28/2026 6:01:15 PM,7/28/2026 9:14:50 PM
EX009,28/07/2026,2,24,10,479.50,14,490.00,7/28/2026 5:38:35 PM,7/28/2026 9:48:39 PM
EX012,28/07/2026,2,22,2,105.50,9,315.00,7/28/2026 5:38:35 PM,7/28/2026 9:21:18 PM
PL003,28/07/2026,2,28,2,171.00,26,910.00,7/28/2026 7:01:15 PM,7/28/2026 9:35:15 PM
PL004,28/07/2026,2,41,39,3131.45,2,70.00,7/28/2026 4:48:04 PM,7/28/2026 9:14:27 PM
PL2K06,28/07/2026,2,69,69,1701.54,0,0.00,7/28/2026 2:40:13 PM,7/28/2026 9:07:15 PM
EX0009,28/07/2026,3,41,0,0.00,41,1435.00,7/28/2026 10:49:03 PM,7/29/2026 5:24:13 AM
EX0010,28/07/2026,3,46,1,82.30,45,1575.00,7/28/2026 11:14:41 PM,7/29/2026 5:15:50 AM
EX0011,28/07/2026,3,51,51,3241.90,0,0.00,7/28/2026 11:11:20 PM,7/29/2026 5:20:24 AM
EX003,28/07/2026,3,28,0,0.00,28,980.00,7/28/2026 11:24:35 PM,7/29/2026 5:48:04 AM
EX004,28/07/2026,3,55,0,0.00,55,1925.00,7/28/2026 10:46:55 PM,7/29/2026 5:28:11 AM
EX005,28/07/2026,3,62,5,440.75,57,1995.00,7/28/2026 11:16:03 PM,7/29/2026 5:23:11 AM
EX006,28/07/2026,3,57,45,2838.55,12,420.00,7/28/2026 10:46:14 PM,7/29/2026 4:54:44 AM
EX008,28/07/2026,3,73,1,104.10,72,2520.00,7/28/2026 11:22:53 PM,7/29/2026 5:10:45 AM
EX009,28/07/2026,3,19,8,426.55,11,385.00,7/29/2026 1:17:16 AM,7/29/2026 5:20:04 AM
EX012,28/07/2026,3,15,1,54.20,3,105.00,7/28/2026 10:59:31 PM,7/29/2026 1:03:03 AM
PL003,28/07/2026,3,70,2,194.40,68,2380.00,7/28/2026 11:12:26 PM,7/29/2026 5:19:38 AM
PL2K05,28/07/2026,3,17,8,197.28,9,315.00,7/28/2026 11:56:13 PM,7/29/2026 4:49:36 AM
PL2K06,28/07/2026,3,19,19,468.54,0,0.00,7/28/2026 10:56:18 PM,7/29/2026 5:32:15 AM
EX0009,29/07/2026,1,69,0,0.00,69,2415.00,7/29/2026 6:39:50 AM,7/29/2026 1:21:43 PM
EX001,29/07/2026,1,65,10,897.90,55,1925.00,7/29/2026 7:14:55 AM,7/29/2026 1:16:21 PM
EX0010,29/07/2026,1,36,0,0.00,36,1260.00,7/29/2026 7:07:11 AM,7/29/2026 1:10:40 PM
EX0011,29/07/2026,1,70,68,4276.86,2,70.00,7/29/2026 6:51:02 AM,7/29/2026 1:17:48 PM
EX004,29/07/2026,1,71,0,0.00,71,2485.00,7/29/2026 7:23:48 AM,7/29/2026 1:19:32 PM
EX005,29/07/2026,1,67,0,0.00,67,2345.00,7/29/2026 6:52:43 AM,7/29/2026 1:10:31 PM
EX006,29/07/2026,1,61,0,0.00,61,2135.00,7/29/2026 6:48:48 AM,7/29/2026 1:02:01 PM
EX008,29/07/2026,1,53,0,0.00,53,1855.00,7/29/2026 7:32:58 AM,7/29/2026 1:22:27 PM
EX009,29/07/2026,1,8,1,94.30,7,245.00,7/29/2026 12:19:44 PM,7/29/2026 1:06:25 PM
EX012,29/07/2026,1,40,2,108.15,31,1085.00,7/29/2026 6:41:10 AM,7/29/2026 1:05:01 PM
PL003,29/07/2026,1,103,14,1360.60,89,3115.00,7/29/2026 6:45:02 AM,7/29/2026 1:13:12 PM
PL004,29/07/2026,1,2,2,95.90,0,0.00,7/29/2026 1:22:20 PM,7/29/2026 1:22:35 PM
PL2K05,29/07/2026,1,17,17,419.22,0,0.00,7/29/2026 6:38:44 AM,7/29/2026 8:35:01 AM
PL2K06,29/07/2026,1,32,32,789.12,0,0.00,7/29/2026 10:16:15 AM,7/29/2026 1:32:37 PM
EX0009,29/07/2026,2,46,0,0.00,46,1610.00,7/29/2026 5:08:24 PM,7/29/2026 9:18:50 PM
EX001,29/07/2026,2,46,5,380.15,41,1435.00,7/29/2026 3:02:22 PM,7/29/2026 9:35:09 PM
EX0010,29/07/2026,2,40,0,0.00,40,1400.00,7/29/2026 3:27:09 PM,7/29/2026 9:21:20 PM
EX0011,29/07/2026,2,47,0,0.00,47,1645.00,7/29/2026 5:44:56 PM,7/29/2026 9:22:29 PM
EX004,29/07/2026,2,24,0,0.00,24,840.00,7/29/2026 4:04:54 PM,7/29/2026 9:11:56 PM
EX005,29/07/2026,2,55,0,0.00,55,1925.00,7/29/2026 3:18:39 PM,7/29/2026 9:17:52 PM
EX006,29/07/2026,2,47,3,196.80,25,875.00,7/29/2026 4:33:12 PM,7/29/2026 9:22:16 PM
EX008,29/07/2026,2,54,39,2694.88,15,525.00,7/29/2026 3:18:17 PM,7/29/2026 9:13:45 PM
EX009,29/07/2026,2,18,3,143.85,15,525.00,7/29/2026 4:02:27 PM,7/29/2026 9:12:37 PM
EX012,29/07/2026,2,19,9,471.80,5,175.00,7/29/2026 4:11:02 PM,7/29/2026 9:08:07 PM
PL003,29/07/2026,2,49,14,1295.90,35,1225.00,7/29/2026 3:06:04 PM,7/29/2026 9:19:44 PM
PL2K05,29/07/2026,2,22,22,651.09,0,0.00,7/29/2026 6:44:00 PM,7/29/2026 9:48:01 PM
PL2K06,29/07/2026,2,29,29,826.69,0,0.00,7/29/2026 3:13:03 PM,7/29/2026 6:25:42 PM
EX0009,29/07/2026,3,80,0,0.00,80,2800.00,7/29/2026 10:44:36 PM,7/30/2026 5:29:57 AM
EX001,29/07/2026,3,78,24,2182.40,54,1890.00,7/29/2026 10:49:05 PM,7/30/2026 5:27:54 AM
EX0010,29/07/2026,3,38,0,0.00,38,1330.00,7/29/2026 11:04:25 PM,7/30/2026 5:21:02 AM
EX0011,29/07/2026,3,72,0,0.00,72,2520.00,7/29/2026 10:39:36 PM,7/30/2026 5:22:35 AM
EX004,29/07/2026,3,52,0,0.00,52,1820.00,7/29/2026 10:57:20 PM,7/30/2026 5:13:42 AM
EX006,29/07/2026,3,8,2,117.70,5,175.00,7/29/2026 10:56:53 PM,7/30/2026 1:43:46 AM
EX007,29/07/2026,3,50,50,3382.50,0,0.00,7/29/2026 10:46:34 PM,7/30/2026 4:07:34 AM
EX008,29/07/2026,3,62,20,1252.93,42,1470.00,7/29/2026 11:04:02 PM,7/30/2026 5:23:05 AM
EX009,29/07/2026,3,17,2,95.90,15,525.00,7/30/2026 12:20:33 AM,7/30/2026 5:10:02 AM
EX012,29/07/2026,3,41,14,825.60,21,735.00,7/29/2026 11:02:36 PM,7/30/2026 5:15:15 AM
PL003,29/07/2026,3,38,3,253.87,35,1225.00,7/29/2026 10:55:39 PM,7/30/2026 5:11:13 AM
PL2K05,29/07/2026,3,17,11,351.41,3,105.00,7/29/2026 11:36:09 PM,7/30/2026 12:55:13 AM
PL2K06,29/07/2026,3,32,28,823.31,1,35.00,7/29/2026 11:06:40 PM,7/30/2026 5:15:05 AM
EX0009,30/07/2026,1,92,0,0.00,92,3220.00,7/30/2026 6:52:30 AM,7/30/2026 1:17:48 PM
EX001,30/07/2026,1,67,17,1525.50,50,1750.00,7/30/2026 6:43:34 AM,7/30/2026 1:21:00 PM
EX0010,30/07/2026,1,50,0,0.00,50,1750.00,7/30/2026 6:54:05 AM,7/30/2026 1:21:07 PM
EX0011,30/07/2026,1,51,0,0.00,51,1785.00,7/30/2026 7:03:35 AM,7/30/2026 1:21:16 PM
EX003,30/07/2026,1,10,7,357.70,3,105.00,7/30/2026 7:36:37 AM,7/30/2026 9:00:26 AM
EX004,30/07/2026,1,66,0,0.00,66,2310.00,7/30/2026 6:45:56 AM,7/30/2026 1:24:03 PM
EX005,30/07/2026,1,69,48,2787.07,21,735.00,7/30/2026 7:08:50 AM,7/30/2026 1:58:47 PM
EX006,30/07/2026,1,12,0,0.00,11,385.00,7/30/2026 12:21:16 PM,7/30/2026 1:28:54 PM
EX008,30/07/2026,1,34,6,467.80,28,980.00,7/30/2026 6:49:08 AM,7/30/2026 1:22:59 PM
EX009,30/07/2026,1,25,6,426.30,19,665.00,7/30/2026 6:54:04 AM,7/30/2026 10:37:02 AM
EX010,30/07/2026,1,1,1,95.30,0,0.00,7/30/2026 10:59:20 AM,7/30/2026 10:59:20 AM
EX012,30/07/2026,1,32,2,125.80,18,630.00,7/30/2026 6:54:52 AM,7/30/2026 1:01:33 PM
PL003,30/07/2026,1,78,28,2637.00,50,1750.00,7/30/2026 6:41:19 AM,7/30/2026 1:26:10 PM
PL2K05,30/07/2026,1,16,9,221.94,0,0.00,7/30/2026 7:12:58 AM,7/30/2026 9:39:42 AM
PL2K06,30/07/2026,1,39,39,961.74,0,0.00,7/30/2026 6:38:48 AM,7/30/2026 1:32:12 PM
EX0009,30/07/2026,2,42,0,0.00,42,1470.00,7/30/2026 3:34:37 PM,7/30/2026 9:20:33 PM
EX001,30/07/2026,2,38,2,142.00,36,1260.00,7/30/2026 3:44:12 PM,7/30/2026 9:13:53 PM
EX0010,30/07/2026,2,2,0,0.00,2,70.00,7/30/2026 3:28:56 PM,7/30/2026 3:34:00 PM
EX0011,30/07/2026,2,73,44,3968.35,29,1015.00,7/30/2026 3:25:06 PM,7/30/2026 9:34:54 PM
EX003,30/07/2026,2,45,0,0.00,45,1575.00,7/30/2026 3:33:08 PM,7/30/2026 9:20:42 PM
EX004,30/07/2026,2,12,0,0.00,12,420.00,7/30/2026 8:24:37 PM,7/30/2026 9:20:21 PM
EX005,30/07/2026,2,50,12,762.97,38,1330.00,7/30/2026 3:19:07 PM,7/30/2026 9:19:14 PM
EX006,30/07/2026,2,58,0,0.00,56,1960.00,7/30/2026 3:15:47 PM,7/30/2026 8:44:17 PM
EX007,30/07/2026,2,37,3,174.90,34,1190.00,7/30/2026 4:21:01 PM,7/30/2026 9:12:38 PM
EX009,30/07/2026,2,34,11,568.25,23,805.00,7/30/2026 3:22:57 PM,7/30/2026 9:29:26 PM
EX012,30/07/2026,2,2,0,0.00,2,70.00,7/30/2026 4:18:49 PM,7/30/2026 4:24:20 PM
PL003,30/07/2026,2,60,10,822.60,50,1750.00,7/30/2026 3:16:56 PM,7/30/2026 9:25:15 PM
PL004,30/07/2026,2,52,51,3230.91,1,35.00,7/30/2026 3:59:55 PM,7/30/2026 9:58:28 PM
PL2K05,30/07/2026,2,43,43,1077.27,0,0.00,7/30/2026 5:17:48 PM,7/30/2026 9:27:21 PM
PL2K06,30/07/2026,2,22,22,542.52,0,0.00,7/30/2026 2:54:25 PM,7/30/2026 5:15:39 PM
EX0009,30/07/2026,3,72,0,0.00,72,2520.00,7/30/2026 10:46:24 PM,7/31/2026 5:16:26 AM
EX001,30/07/2026,3,79,20,1885.80,59,2065.00,7/30/2026 10:29:38 PM,7/31/2026 5:27:19 AM
EX0010,30/07/2026,3,48,0,0.00,48,1680.00,7/30/2026 10:49:18 PM,7/31/2026 5:07:13 AM
EX0011,30/07/2026,3,68,68,4280.62,0,0.00,7/30/2026 10:04:29 PM,7/31/2026 5:57:40 AM
EX003,30/07/2026,3,46,13,775.05,33,1155.00,7/30/2026 11:18:21 PM,7/31/2026 5:19:53 AM
EX004,30/07/2026,3,46,0,0.00,46,1610.00,7/30/2026 10:56:13 PM,7/31/2026 5:13:45 AM
EX005,30/07/2026,3,72,0,0.00,72,2520.00,7/30/2026 10:42:01 PM,7/31/2026 5:21:36 AM
EX006,30/07/2026,3,31,0,0.00,31,1085.00,7/30/2026 10:58:32 PM,7/31/2026 5:15:47 AM
EX008,30/07/2026,3,41,0,0.00,41,1435.00,7/30/2026 11:45:21 PM,7/31/2026 5:20:06 AM
EX009,30/07/2026,3,30,1,47.95,29,1015.00,7/30/2026 10:53:37 PM,7/31/2026 5:14:35 AM
PL003,30/07/2026,3,55,13,1211.29,42,1470.00,7/30/2026 10:46:56 PM,7/31/2026 5:04:48 AM
PL004,30/07/2026,3,8,8,549.95,0,0.00,7/30/2026 10:01:32 PM,7/30/2026 11:13:32 PM
PL2K05,30/07/2026,3,37,11,271.26,9,315.00,7/30/2026 11:04:06 PM,7/31/2026 5:18:49 AM
EX0009,31/07/2026,1,43,0,0.00,43,1505.00,7/31/2026 7:48:37 AM,7/31/2026 1:16:43 PM
EX001,31/07/2026,1,57,18,1554.30,39,1365.00,7/31/2026 6:37:41 AM,7/31/2026 1:34:00 PM
EX0010,31/07/2026,1,53,0,0.00,53,1855.00,7/31/2026 6:55:59 AM,7/31/2026 1:17:08 PM
EX0011,31/07/2026,1,91,89,5294.70,2,70.00,7/31/2026 6:00:44 AM,7/31/2026 1:15:04 PM
EX003,31/07/2026,1,34,33,1940.65,1,35.00,7/31/2026 7:02:04 AM,7/31/2026 1:27:37 PM
EX004,31/07/2026,1,27,0,0.00,22,770.00,7/31/2026 6:38:28 AM,7/31/2026 1:19:16 PM
EX005,31/07/2026,1,50,1,47.95,49,1715.00,7/31/2026 6:49:53 AM,7/31/2026 1:35:43 PM
EX006,31/07/2026,1,58,2,167.40,41,1435.00,7/31/2026 6:37:44 AM,7/31/2026 1:13:40 PM
EX007,31/07/2026,1,12,1,74.90,5,175.00,7/31/2026 7:29:24 AM,7/31/2026 8:45:15 AM
EX008,31/07/2026,1,25,0,0.00,25,875.00,7/31/2026 10:03:28 AM,7/31/2026 1:15:59 PM
EX009,31/07/2026,1,40,2,110.65,38,1330.00,7/31/2026 6:55:31 AM,7/31/2026 1:13:58 PM
PL003,31/07/2026,1,87,16,1404.80,71,2485.00,7/31/2026 6:36:03 AM,7/31/2026 1:24:16 PM
PL2K05,31/07/2026,1,18,16,474.10,1,35.00,7/31/2026 8:16:30 AM,7/31/2026 1:01:56 PM
PL2K06,31/07/2026,1,19,19,557.05,0,0.00,7/31/2026 7:01:12 AM,7/31/2026 1:06:57 PM
EX0009,31/07/2026,2,22,0,0.00,22,770.00,7/31/2026 4:09:58 PM,7/31/2026 6:33:30 PM
EX001,31/07/2026,2,10,0,0.00,10,350.00,7/31/2026 7:35:11 PM,7/31/2026 9:12:38 PM
EX0010,31/07/2026,2,61,0,0.00,61,2135.00,7/31/2026 3:08:07 PM,7/31/2026 9:18:26 PM
EX0011,31/07/2026,2,72,71,4685.54,1,35.00,7/31/2026 3:08:27 PM,7/31/2026 9:24:14 PM
EX003,31/07/2026,2,38,32,2157.35,5,175.00,7/31/2026 3:40:55 PM,7/31/2026 9:21:29 PM
EX004,31/07/2026,2,37,0,0.00,37,1295.00,7/31/2026 4:03:49 PM,7/31/2026 9:17:47 PM
EX005,31/07/2026,2,29,13,953.22,16,560.00,7/31/2026 3:08:47 PM,7/31/2026 9:56:53 PM
EX006,31/07/2026,2,61,1,98.00,50,1750.00,7/31/2026 3:57:23 PM,7/31/2026 9:16:12 PM
EX008,31/07/2026,2,100,0,0.00,100,3500.00,7/31/2026 3:00:01 PM,7/31/2026 9:27:31 PM
EX009,31/07/2026,2,23,7,356.50,16,560.00,7/31/2026 4:12:35 PM,7/31/2026 9:46:04 PM
PL003,31/07/2026,2,77,8,640.64,69,2415.00,7/31/2026 3:08:33 PM,7/31/2026 9:20:28 PM
PL004,31/07/2026,2,38,9,810.90,29,1015.00,7/31/2026 4:35:19 PM,7/31/2026 9:16:44 PM
PL2K05,31/07/2026,2,1,0,0.00,1,35.00,7/31/2026 7:29:21 PM,7/31/2026 7:29:21 PM
PL2K06,31/07/2026,2,43,33,976.85,10,350.00,7/31/2026 2:41:26 PM,7/31/2026 9:14:27 PM
EX0009,31/07/2026,3,12,0,0.00,12,420.00,8/1/2026 3:39:25 AM,8/1/2026 5:14:08 AM
EX001,31/07/2026,3,48,19,1799.90,29,1015.00,7/31/2026 10:41:41 PM,8/1/2026 5:22:49 AM
EX0010,31/07/2026,3,71,0,0.00,71,2485.00,7/31/2026 10:53:56 PM,8/1/2026 5:16:55 AM
EX0011,31/07/2026,3,49,1,47.95,48,1680.00,7/31/2026 10:59:49 PM,8/1/2026 5:16:23 AM
EX003,31/07/2026,3,37,23,1564.60,14,490.00,7/31/2026 10:53:18 PM,8/1/2026 5:29:40 AM
EX004,31/07/2026,3,55,0,0.00,55,1925.00,7/31/2026 10:55:54 PM,8/1/2026 5:05:14 AM
EX005,31/07/2026,3,78,78,4785.18,0,0.00,7/31/2026 10:01:07 PM,8/1/2026 5:51:50 AM
EX006,31/07/2026,3,59,0,0.00,49,1715.00,7/31/2026 10:51:44 PM,8/1/2026 5:18:54 AM
EX008,31/07/2026,3,45,0,0.00,45,1575.00,7/31/2026 11:11:24 PM,8/1/2026 5:15:45 AM
EX009,31/07/2026,3,35,13,648.45,21,735.00,7/31/2026 10:51:38 PM,8/1/2026 5:28:34 AM
PL003,31/07/2026,3,72,25,2330.30,47,1645.00,7/31/2026 10:43:34 PM,8/1/2026 5:21:20 AM
PL2K05,31/07/2026,3,15,15,431.93,0,0.00,8/1/2026 2:42:28 AM,8/1/2026 3:59:53 AM
PL2K06,31/07/2026,3,29,20,515.35,9,315.00,7/31/2026 10:43:39 PM,8/1/2026 1:55:20 AM

EquipmentNo1,Shift_Ident,Operator,Run_Hours,Total_Loading_time,Avg_Loading_time,Total_Waiting_time,Avg_Waiting_Time,Tea_breakfast_time,Total_Loading_Units_Availability
EX0009,3,,125.97,66:21:56,00:02:28,51:48:17,00:02:28,03:43:43,155:38:06
EX0009,2,,100.94,46:44:06,00:02:28,37:25:22,00:02:27,02:27:09,138:05:11
EX0009,1,,121.34,65:47:10,00:02:29,44:39:36,00:02:27,04:14:26,151:24:58
EX001,3, KAJAL KUMARI (270676),133.27,62:48:40,00:02:28,40:42:50,00:02:25,02:58:37,153:14:17
EX001,2, SUNIL KUMAR (269448),99.37,44:35:08,00:02:27,34:33:09,00:02:21,01:11:37,125:21:45
EX001,1, SHAHABUDDIN ANSARI (269419),123.32,63:33:41,00:02:28,45:13:47,00:02:26,03:42:50,142:43:45
EX0010,3, RAM SEWAK KUMAR (269025),195.16,96:05:16,00:02:29,64:25:55,00:02:28,08:33:12,238:23:39
EX0010,2, RAJENDRA KR. SINGH (270148),168.10,74:35:33,00:02:29,58:54:13,00:02:28,04:14:15,240:52:27
EX0010,1, SHURBHI MALIK (270662),185.95,86:20:06,00:02:29,56:30:50,00:02:26,04:59:32,226:42:02
EX0011,3, MAHABIR SAW (269011),158.78,105:23:03,00:02:29,87:35:36,00:02:26,07:24:40,239:30:45
EX0011,2, NIYAZ AHMAD (270755),144.87,86:00:15,00:02:28,63:49:32,00:01:26,00:00:00,227:55:16
EX0011,1, RAJENDRA KR. SINGH (270148),153.12,107:14:42,00:02:28,73:10:40,00:02:26,03:08:35,234:19:37
EX003,3, DASHRATH RABIDAS (269682),46.20,45:21:57,00:03:27,40:35:00,00:03:27,13:21:14,198:03:54
EX003,2," AVIJIT BHATTACHARYA (267031), SADHU YADAV (267744), Wenco Support",53.19,44:40:37,00:03:27,28:00:01,00:02:27,05:41:48,164:07:22
EX003,1," PARDESHI RAJBHAR (269056), RAMASHISH PRASAD (269034)",53.59,53:05:47,00:03:26,42:32:15,00:02:28,14:33:05,185:50:52
EX004,3," BHUSHAN KUMAR (267069), RAJESH HEMBROM (269903), SITA RAM MAHTO (269403), Wenco Support",214.20,73:42:18,00:02:28,78:00:09,00:03:28,01:33:58,208:32:07
EX004,2, AMIR MAHTO (270699),198.54,62:07:18,00:02:29,56:08:37,00:02:29,02:28:25,193:04:59
EX004,1, TINA SARDAR (270700),205.94,73:32:48,00:02:28,64:51:52,00:02:28,02:54:31,197:00:26
EX005,3, ANU KUMARI (270657),169.30,79:42:08,00:02:28,64:19:29,00:02:28,03:59:36,206:51:55
EX005,2, AZHAR ALAM FARIDI (269445),153.05,70:01:47,00:02:28,52:05:57,00:02:28,00:48:39,197:59:49
EX005,1, PUSHPA KUMARI (270649),175.53,80:06:22,00:02:29,51:21:59,00:02:28,02:59:52,201:37:20
EX006,3," SITA RAM MAHTO (269403), TALO MANJHI (270081)",181.66,84:05:04,00:02:27,75:42:06,00:02:27,04:35:29,228:11:26
EX006,2," BASANT KUMAR (269029), SADHU YADAV (267744)",180.51,85:06:50,00:02:28,68:04:39,00:02:27,00:38:24,227:01:40
EX006,1, SHRAWAN KUMAR (270224),176.52,79:07:19,00:02:27,65:04:20,00:02:27,01:32:49,209:32:34
EX007,3, MD. MUSLIM (270763),143.73,73:23:26,00:02:29,55:44:00,00:02:26,05:54:37,215:08:44
EX007,2, SHAHEED ALI (270256),145.18,70:12:02,00:02:29,51:30:50,00:02:28,05:27:36,206:22:38
EX007,1, ARVIND KR. SINGH (268925),157.69,87:03:14,00:02:28,52:40:40,00:02:27,04:03:51,208:15:02
EX008,3, TEJ NARAYAN PRASAD (269502),175.99,103:20:50,00:03:29,68:37:26,00:02:27,10:03:28,229:18:09
EX008,2, NISHA SINGH (270658),146.97,84:13:53,00:02:29,52:54:32,00:02:28,01:52:21,212:53:35
EX008,1, LAXMI KUMARI (270668),167.69,92:08:24,00:02:29,64:06:23,00:02:29,01:38:21,211:17:19
EX009,3,,134.61,64:39:53,00:04:27,57:56:25,00:04:29,09:02:34,208:37:30
EX009,2," GOUTAM KUMAR YADAV (269979), MD. SABIR ANSARI (270184)",137.78,63:45:33,00:04:28,58:57:33,00:04:27,08:08:31,209:53:12
EX009,1,,136.14,62:26:04,00:04:27,53:18:17,00:04:28,02:47:28,179:27:50
EX010,3, MAHESH MAHATO (269878),55.04,28:12:39,00:04:28,29:08:41,00:05:27,09:37:40,131:01:52
EX010,2,,56.98,26:52:20,00:04:28,17:43:47,00:03:24,07:42:32,114:46:53
EX010,1," LAV KR. SINGH (269727), SANTOSH KUMAR (270249)",72.27,30:53:18,00:04:28,32:37:44,00:04:27,05:46:05,116:41:51
EX012,3," BHUSHAN KUMAR (267069), SHIV NARAYAN (270286)",130.36,63:52:17,00:04:28,59:32:36,00:04:28,08:45:06,197:39:43
EX012,2, NARESH BESRA (270414),131.78,71:15:23,00:04:29,56:27:16,00:03:28,06:33:29,212:16:56
EX012,1, PANKAJ KUMAR (269882),132.82,65:36:07,00:04:28,54:16:32,00:03:28,04:06:27,192:22:46
PL003,3, NIYAZ AHMAD (270755),77.77,43:46:15,00:03:29,41:08:16,00:03:28,04:19:53,147:47:37
PL003,2,,87.31,42:12:13,00:02:26,42:54:36,00:03:28,05:12:53,158:54:32
PL003,1, ARVIND KUNWAR (270294),97.20,55:12:44,00:02:27,52:32:11,00:02:26,04:58:57,155:37:59
PL004,3,,114.84,59:27:40,00:03:28,54:44:05,00:02:28,08:01:02,244:58:11
PL004,2,,145.87,72:29:13,00:03:28,56:51:00,00:02:27,04:39:02,230:54:24
PL004,1, RAVI VISHWAKARMA (269768),136.40,63:11:57,00:02:27,68:08:10,00:03:28,04:43:48,227:12:32
PL2K05,3,,83.56,38:56:07,00:03:26,51:11:53,00:04:25,06:44:28,201:28:01
PL2K05,2, MD. SAKIR HUSSAIN (270245),62.03,27:06:19,00:03:30,38:39:09,00:04:27,09:51:43,183:39:36
PL2K05,1," FAGU MANJHI (269601), PANKAJ KUMAR (269922)",74.18,31:42:55,00:03:30,49:49:07,00:04:28,06:15:05,180:30:50
PL2K06,3," ASHOK KUMAR (268614), KAMLESH KUMAR SINGH (266884)",82.75,37:41:58,00:02:26,56:04:01,00:04:27,06:50:55,193:13:36
PL2K06,2, AMIT KR. BHOGTA (269776),102.69,50:07:12,00:02:26,57:02:41,00:03:27,09:29:43,199:45:12
PL2K06,1," FAGU MANJHI (269601), MAHESH MAHTO (267597)",105.68,43:03:40,00:02:27,63:44:11,00:04:26,07:00:52,200:34:42

EquipmentNo2,LOAD_START_SHIFT_DATE1,Load_Start_Shift_Ident1,Material_Ident,Loading_Face,Dumping_Face,Lead_Distance
EX001,01/07/2026,1,OB,QSEB_VI OB 3,AIR STRIP OB DUMP II,10.14
EX001,01/07/2026,1,OB,QSEB_VI OB 3,QSE_ FILLING POINT DUMP,4.07
EX001,01/07/2026,1,OB,QSEB_VI OB 3,QSE_FILLING POINT DUMP 2,2.86
EX0010,01/07/2026,1,OB,QSE-X OB1 Air strip,QSE_ FILLING POINT DUMP,1.71
EX0011,01/07/2026,1,OB,QSEXOB1,AIR STRIP OB DUMP II,1.60
EX0011,01/07/2026,1,OB,QSEXOB1,QSE LOWER MASJID DUMP,1.23
EX0011,01/07/2026,1,OB,QSEXOB1,QSE_MASJID DUMP,0.79
EX003,01/07/2026,1,CO1,QAB_VI A OB/COAL,COAL _STOCK_DFP,2.25
EX003,01/07/2026,1,MXC,QAB_VI A OB/COAL,QAB_HANGER STOCK 1,0.21
EX003,01/07/2026,1,OB,QAB_VI A OB/COAL,QAB_BANJEE DUMP,5.79
EX004,01/07/2026,1,CO1,QAB_X OB Fire area,Banjee Middle Stock,3.72
EX004,01/07/2026,1,OB,QAB_X OB Fire area,QAB_BANJEE DUMP,6.06
EX004,01/07/2026,1,OB,QAB_X OB Fire area,QAB_TYCOON DUMP,5.17
EX004,01/07/2026,1,OBS,QAB_X OB 2 NEW,QAB_TYCOON DUMP,4.49
EX004,01/07/2026,1,OBS,QAB_X OB Fire area,QAB_BANJEE DUMP,1.94
EX004,01/07/2026,1,OBS,QAB_X OB Fire area,QAB_TYCOON DUMP,4.21
EX005,01/07/2026,1,OB,QSE-X OB2,QSE LOWER MASJID DUMP,0.00
EX006,01/07/2026,1,OB,QAB_VI A OB/COAL,QAB_TYCOON DUMP,0.41
EX006,01/07/2026,1,OB,QAB_VI B OB/COAL,QAB_TYCOON DUMP,4.27
EX007,01/07/2026,1,CO1,QSE-X OB1 Air strip,NEW N2 STOCK,1.45
EX007,01/07/2026,1,OB,QSE-X OB1 Air strip,AIR STRIP OB DUMP II,3.74
EX007,01/07/2026,1,OB,QSE-X OB1 Air strip,QSE LOWER MASJID DUMP,5.01
EX010,01/07/2026,1,MXC,QAB_VI A OB/COAL,COAL _STOCK_DFP,0.97
EX010,01/07/2026,1,MXC,QAB_VI B OB/COAL,COAL _STOCK_DFP,2.76
EX010,01/07/2026,1,OB,QAB_VI A OB/COAL,QAB_BANJEE DUMP,4.51
EX010,01/07/2026,1,OB,QAB_VI B OB/COAL,QAB_BANJEE DUMP,4.75
EX012,01/07/2026,1,CO1,QAB_X OB 2 NEW,Banjee Middle Stock,5.26
EX012,01/07/2026,1,OB,QAB_X OB 2 NEW,QAB_BANJEE DUMP,3.48
EX012,01/07/2026,1,OBS,QAB_X OB 2 NEW,QAB_BANJEE DUMP,0.86
EX012,01/07/2026,1,OBS,QAB_X OB Fire area,QAB_BANJEE DUMP,5.55
PL003,01/07/2026,1,OB,QSEXOB1,AIR STRIP OB DUMP II,0.90
PL003,01/07/2026,1,OB,QSEXOB1,QSE LOWER MASJID DUMP,1.96
PL004,01/07/2026,1,OB,QSEXOB1,AIR STRIP OB DUMP II,3.29
PL004,01/07/2026,1,OB,QSEXOB1,QSE LOWER MASJID DUMP,1.88
PL2K05,01/07/2026,1,CO1,COAL _STOCK_DFP,Banjee Lower Stock,4.29
PL2K05,01/07/2026,1,CO1,COAL _STOCK_DFP,Banjee Middle Stock,5.66
PL2K05,01/07/2026,1,CO1,COAL _STOCK_DFP,COAL _STOCK_DFP,4.75
PL2K05,01/07/2026,1,CO1,COAL _STOCK_DFP,QAB_HANGER STOCK 1,1.35
PL2K05,01/07/2026,1,CO1,QAB LMV1,Banjee Middle Stock,2.17
PL2K05,01/07/2026,1,CO1,QAB LMV1,Banjee Upper Stock,0.00
PL2K05,01/07/2026,1,CO1,QAB LMV1,PCP-III,4.73
PL2K05,01/07/2026,1,OB,COAL _STOCK_DFP,QAB_BANJEE DUMP,0.00
PL2K06,01/07/2026,1,CO1,COAL _STOCK_DFP,Banjee Middle Stock,2.07
PL2K06,01/07/2026,1,CO1,MD_COAL STOCK,PCP-III,1.33
PL2K06,01/07/2026,1,CO1,QAB_HANGER STOCK 1,Banjee Upper Stock,0.00
PL2K06,01/07/2026,1,CO1,QAB_HANGER STOCK 1,MD_COAL STOCK,1.50
PL2K06,01/07/2026,1,CO1,QAB_HANGER STOCK 1,PCP-III,0.73
PL2K06,01/07/2026,1,CO1,QAB_HANGER STOCK 1,QAB_HANGER STOCK 1,0.57
PL2K06,01/07/2026,1,CO1,SEC C,COAL _STOCK_DFP,3.64
EX001,01/07/2026,2,OB,QSE-X OB2,QSE_ FILLING POINT DUMP,2.95
EX001,01/07/2026,2,OB,QSE-X OB2,QSE_FILLING POINT DUMP 2,3.66
EX0010,01/07/2026,2,OB,QSE-X OB1 Air strip,QSE_ FILLING POINT DUMP,1.32
EX0010,01/07/2026,2,OB,QSE-X OB1 Air strip,QSE_FILLING POINT DUMP 2,0.98
EX0011,01/07/2026,2,OB,QSEXOB1,AIR STRIP OB DUMP II,1.68
EX0011,01/07/2026,2,OB,QSEXOB1,QSE LOWER MASJID DUMP,3.60
EX0011,01/07/2026,2,OB,QSEXOB1,QSE_MASJID DUMP,0.14
EX003,01/07/2026,2,OB,QAB_VI A OB/COAL,QAB_BANJEE DUMP,11.93
EX003,01/07/2026,2,OB,QAB_VII COAL HW PAD,QAB_TYCOON DUMP,5.16
EX004,01/07/2026,2,CO1,QAB_X OB Fire area,Banjee Middle Stock,3.54
EX004,01/07/2026,2,OB,QAB_X OB Fire area,QAB_BANJEE DUMP,3.51
EX004,01/07/2026,2,OB,QAB_X OB Fire area,QAB_TYCOON DUMP,4.91
EX004,01/07/2026,2,OB,QAB_X OB Fire area,QAB_UPPER OFFICE,5.96
EX004,01/07/2026,2,OBS,QAB_X OB Fire area,QAB_BANJEE DUMP,2.17
EX004,01/07/2026,2,OBS,QAB_X OB Fire area,QAB_TYCOON DUMP,2.73
EX005,01/07/2026,2,CO1,QSE_VII OB 2,NEW CHP,7.01
EX005,01/07/2026,2,CO1,QSEB_VI OB 3,NEW CHP,6.66
EX006,01/07/2026,2,OB,QAB_VI A OB/COAL,QAB_TYCOON DUMP,0.00
EX006,01/07/2026,2,OB,QAB_VI B OB/COAL,QAB_TYCOON DUMP,4.38
EX007,01/07/2026,2,CO1,QSE-X OB1 Air strip,NEW N2 STOCK,2.26
EX007,01/07/2026,2,OB,QSE-X OB1 Air strip,AIR STRIP OB DUMP II,4.25
EX007,01/07/2026,2,OB,QSE-X OB1 Air strip,QSE LOWER MASJID DUMP,4.43
EX007,01/07/2026,2,OB,QSE-X OB1 Air strip,QSE_MASJID DUMP,4.03
EX008,01/07/2026,2,CO1,QSEB_VI OB 3,,2.41
EX008,01/07/2026,2,CO1,QSEB_VI OB 3,NEW CHP,5.64
EX008,01/07/2026,2,CO1,QSEB_VI OB 3,QSE_ FILLING POINT DUMP,3.05
EX008,01/07/2026,2,CO1,QSEB_VI OB 3,RAM SETU COAL STOCK,2.37
EX008,01/07/2026,2,OB,QSEB_VI OB 3,QSE_ FILLING POINT DUMP,4.26
EX008,01/07/2026,2,OB,QSEB_VI OB 3,QSE_FILLING POINT DUMP 2,2.51
EX009,01/07/2026,2,CO1,QAB_VI B OB/COAL,PCP-III,3.26
EX009,01/07/2026,2,CO1,QAB_VI B OB/COAL,QAB LMV1,4.60
EX009,01/07/2026,2,CO1,QAB_VI B OB/COAL,QAB_HANGER STOCK 1,4.09
EX009,01/07/2026,2,OB,QAB_VI A OB/COAL,QAB_BANJEE DUMP,6.90
EX009,01/07/2026,2,OB,QAB_VI B OB/COAL,QAB_BANJEE DUMP,5.24
EX009,01/07/2026,2,OB,QAB_VI B OB/COAL,QAB_TYCOON DUMP,4.45
EX012,01/07/2026,2,CO1,QAB_X OB 2 NEW,Banjee Middle Stock,4.38
EX012,01/07/2026,2,OBS,QAB_X OB 2 NEW,QAB_BANJEE DUMP,2.08
PL003,01/07/2026,2,OB,QSEXOB1,AIR STRIP OB DUMP II,0.66
PL003,01/07/2026,2,OB,QSEXOB1,QSE LOWER MASJID DUMP,1.32
PL2K05,01/07/2026,2,CO1,COAL _STOCK_DFP,PCP-III,2.49
PL2K05,01/07/2026,2,CO1,QAB LMV1,Banjee Middle Stock,5.97
PL2K05,01/07/2026,2,CO1,QAB LMV1,COAL _STOCK_DFP,0.00
PL2K06,01/07/2026,2,CO1,COAL _STOCK_DFP,PCP-III,2.21
PL2K06,01/07/2026,2,CO1,QAB_HANGER STOCK 1,PCP-III,0.68
EX0010,01/07/2026,3,OB,QSE-X OB1 Air strip,QSE_ FILLING POINT DUMP,1.55
EX0011,01/07/2026,3,OB,QSEXOB1,AIR STRIP OB DUMP II,1.39
EX0011,01/07/2026,3,OB,QSEXOB1,QSE LOWER MASJID DUMP,1.57
EX0011,01/07/2026,3,OB,QSEXOB1,QSE_MASJID DUMP,0.28
EX003,01/07/2026,3,MXC,QAB_VII COAL HW PAD,COAL _STOCK_DFP,4.33
EX003,01/07/2026,3,OB,QAB_VII COAL HW PAD,QAB_BANJEE DUMP,4.69
EX003,01/07/2026,3,OB,QAB_VII COAL HW PAD,QAB_TYCOON DUMP,6.06
EX004,01/07/2026,3,CO1,QAB_X OB Fire area,Banjee Middle Stock,6.64
EX004,01/07/2026,3,OB,QAB_X OB Fire area,QAB_BANJEE DUMP,3.75
EX004,01/07/2026,3,OB,QAB_X OB Fire area,QAB_TYCOON DUMP,4.92
EX004,01/07/2026,3,OBS,QAB_X OB Fire area,QAB_TYCOON DUMP,4.13
EX005,01/07/2026,3,CO1,QSE_VII OB 2,NEW CHP,6.85
EX005,01/07/2026,3,CO1,QSEB_VI OB 3,NEW CHP,5.99
EX005,01/07/2026,3,OB,QSE_VII OB 2,QSE LOWER MASJID DUMP,1.82
EX006,01/07/2026,3,CO1,QAB_VI B OB/COAL,COAL _STOCK_DFP,3.56
EX006,01/07/2026,3,CO1,QAB_VI B OB/COAL,QAB_HANGER STOCK 1,3.77
EX006,01/07/2026,3,OB,QAB_VI A OB/COAL,QAB_TYCOON DUMP,3.40
EX006,01/07/2026,3,OB,QAB_VI B OB/COAL,QAB_BANJEE DUMP,4.51
EX006,01/07/2026,3,OB,QAB_VI B OB/COAL,QAB_TYCOON DUMP,4.49
EX007,01/07/2026,3,CO1,NEW N2 STOCK,,3.15
EX007,01/07/2026,3,CO1,NEW N2 STOCK,AIR STRIP OB DUMP II,0.42
EX007,01/07/2026,3,CO1,NEW N2 STOCK,NEW N2 STOCK,0.22
EX007,01/07/2026,3,CO1,QSE-X OB1 Air strip,AIR STRIP OB DUMP II,0.36
EX007,01/07/2026,3,OB,NEW N2 STOCK,AIR STRIP OB DUMP II,6.48
EX007,01/07/2026,3,OB,NEW N2 STOCK,QSE LOWER MASJID DUMP,4.16
EX007,01/07/2026,3,OB,QSE-X OB1 Air strip,AIR STRIP OB DUMP II,5.69
EX007,01/07/2026,3,OB,QSE-X OB1 Air strip,QSE_MASJID DUMP,4.01
EX008,01/07/2026,3,CO1,QSEB_VI OB 3,QSE_ FILLING POINT DUMP,2.99
EX008,01/07/2026,3,OB,QSEB_VI OB 3,QSE_ FILLING POINT DUMP,3.29
EX008,01/07/2026,3,OB,QSEB_VI OB 3,QSE_FILLING POINT DUMP 2,2.62
EX010,01/07/2026,3,CO1,QAB_VI A OB/COAL,MD_COAL STOCK,3.93
EX010,01/07/2026,3,CO1,QAB_VI A OB/COAL,PCP-III,5.04
EX010,01/07/2026,3,MXC,QAB_VI A OB/COAL,COAL _STOCK_DFP,6.78
EX012,01/07/2026,3,CO1,QAB_X OB 2 NEW,Banjee Lower Stock,3.94
EX012,01/07/2026,3,CO1,QAB_X OB 2 NEW,Banjee Middle Stock,4.77
EX012,01/07/2026,3,OB,QAB_X OB 2 NEW,QAB_BANJEE DUMP,3.76
EX012,01/07/2026,3,OBS,QAB_X OB 2 NEW,QAB_BANJEE DUMP,5.77
PL003,01/07/2026,3,OB,QSEXOB1,AIR STRIP OB DUMP II,1.03
PL003,01/07/2026,3,OB,QSEXOB1,QSE LOWER MASJID DUMP,1.11
PL2K06,01/07/2026,3,CO1,COAL _STOCK_DFP,COAL _STOCK_DFP,3.46
PL2K06,01/07/2026,3,CO1,COAL _STOCK_DFP,PCP-III,2.29
PL2K06,01/07/2026,3,CO1,QAB LMV1,PCP-III,3.72
PL2K06,01/07/2026,3,CO1,QAB LMV1,QAB_HANGER STOCK 1,5.49
PL2K06,01/07/2026,3,CO1,SCC-C STOCK,Banjee Upper Stock,0.32
PL2K06,01/07/2026,3,OB,SCC-C STOCK,QAB_BANJEE DUMP,3.41
EX001,02/07/2026,1,CO1,QSE_VII OB 2,NEW CHP,6.57
EX001,02/07/2026,1,CO1,QSEB_VI OB 3,NEW CHP,5.96
EX001,02/07/2026,1,OB,QSE_VII OB 2,QSE_ FILLING POINT DUMP,4.47
EX001,02/07/2026,1,OB,QSEB_VI OB 3,QSE_ FILLING POINT DUMP,4.54
EX0010,02/07/2026,1,OB,QSE-X OB1 Air strip,QSE_ FILLING POINT DUMP,1.83
EX0010,02/07/2026,1,OB,QSE-X OB1 Air strip,QSE_FILLING POINT DUMP 2,1.04
EX0011,02/07/2026,1,OB,QSEXOB1,AIR STRIP OB DUMP II,0.77
EX0011,02/07/2026,1,OB,QSEXOB1,QSE LOWER MASJID DUMP,0.81
EX0011,02/07/2026,1,OB,QSEXOB1,QSE_MASJID DUMP,1.14
EX003,02/07/2026,1,OB,QAB_VI A OB/COAL,QAB_TYCOON DUMP,6.00
EX003,02/07/2026,1,OB,QAB_VI B OB/COAL,QAB_TYCOON DUMP,3.73
EX003,02/07/2026,1,OB,QAB_VII COAL HW PAD,QAB_TYCOON DUMP,4.64
EX004,02/07/2026,1,CO1,QAB_X OB Fire area,Banjee Middle Stock,3.98
EX004,02/07/2026,1,CO1,QAB_X OB Fire area,MD_COAL STOCK,5.89
EX004,02/07/2026,1,OB,QAB_X OB Fire area,QAB_BANJEE DUMP,5.01
EX004,02/07/2026,1,OB,QAB_X OB Fire area,QAB_TYCOON DUMP,4.28
EX004,02/07/2026,1,OBS,QAB_X OB Fire area,QAB_BANJEE DUMP,5.43
EX004,02/07/2026,1,OBS,QAB_X OB Fire area,QAB_TYCOON DUMP,3.82
EX005,02/07/2026,1,OB,QSEB_VI OB 3,QSE_ FILLING POINT DUMP,3.42
EX006,02/07/2026,1,OB,QAB_VI A OB/COAL,QAB_TYCOON DUMP,6.09
EX006,02/07/2026,1,OB,QAB_VI B OB/COAL,QAB_TYCOON DUMP,3.61
EX007,02/07/2026,1,CO1,NEW N2 STOCK,,3.81
EX007,02/07/2026,1,CO1,NEW N2 STOCK,NEW N2 STOCK,2.03
EX007,02/07/2026,1,CO1,NEW N2 STOCK,QSE_MASJID DUMP,4.10
EX007,02/07/2026,1,CO1,QSE-X OB1 Air strip,NEW N2 STOCK,1.58
EX007,02/07/2026,1,CO1,QSE-X OB1 Air strip,QSE_MASJID DUMP,3.81
EX007,02/07/2026,1,OB,NEW N2 STOCK,AIR STRIP OB DUMP II,3.89
EX007,02/07/2026,1,OB,NEW N2 STOCK,QSE LOWER MASJID DUMP,3.37
EX007,02/07/2026,1,OB,NEW N2 STOCK,QSE_MASJID DUMP,3.66
EX007,02/07/2026,1,OB,QSE-X OB1 Air strip,AIR STRIP OB DUMP II,4.77
EX007,02/07/2026,1,OB,QSE-X OB1 Air strip,QSE LOWER MASJID DUMP,3.91
EX007,02/07/2026,1,OB,QSE-X OB1 Air strip,QSE_MASJID DUMP,3.68
EX008,02/07/2026,1,CO1,QSEB_VI OB 3,RAM SETU COAL STOCK,6.82
EX008,02/07/2026,1,OB,QSE_VII OB 2,QSE_ FILLING POINT DUMP,3.71
EX008,02/07/2026,1,OB,QSEB_VI OB 3,QSE_ FILLING POINT DUMP,3.02
EX010,02/07/2026,1,CO1,QAB_VI A OB/COAL,MD_COAL STOCK,5.84
EX010,02/07/2026,1,CO1,QAB_VI A OB/COAL,PCP-III,4.75
EX010,02/07/2026,1,CO1,QAB_VI A OB/COAL,QAB_HANGER STOCK 1,4.52
EX010,02/07/2026,1,CO1,QAB_VII COAL HW PAD,QAB_HANGER STOCK 1,3.96
EX012,02/07/2026,1,CO1,QAB_X OB 2 NEW,Banjee Lower Stock,7.00
EX012,02/07/2026,1,CO1,QAB_X OB 2 NEW,Banjee Middle Stock,6.46
EX012,02/07/2026,1,CO1,QAB_X OB 2 NEW,QAB LMV1,4.05
EX012,02/07/2026,1,OB,QAB_X OB 2 NEW,QAB_BANJEE DUMP,4.77
EX012,02/07/2026,1,OB,QAB_X OB 2 NEW,QAB_UPPER OFFICE,0.53
EX012,02/07/2026,1,OBS,QAB_X OB 2 NEW,QAB_BANJEE DUMP,4.19
PL003,02/07/2026,1,OB,QSEXOB1,AIR STRIP OB DUMP II,0.84
PL003,02/07/2026,1,OB,QSEXOB1,QSE LOWER MASJID DUMP,1.28
PL003,02/07/2026,1,OB,QSEXOB1,QSE_MASJID DUMP,1.89
PL2K05,02/07/2026,1,CO1,MD_COAL STOCK,PCP-III,2.18
PL2K05,02/07/2026,1,CO1,QAB_HANGER STOCK 1,,0.12
PL2K05,02/07/2026,1,CO1,QAB_HANGER STOCK 1,PCP-III,0.79
PL2K05,02/07/2026,1,CO1,QAB_HANGER STOCK 1,QAB_HANGER STOCK 1,0.41
PL2K06,02/07/2026,1,CO1,QAB_HANGER STOCK 1,PCP-III,2.67
EX001,02/07/2026,2,CO1,QSE_VII OB 2,NEW CHP,6.21
EX001,02/07/2026,2,OB,QSE_VII OB 2,QSE_ FILLING POINT DUMP,2.96
EX0010,02/07/2026,2,CO1,QSE-X OB1 Air strip,BELT LINE COAL STOCK,5.27
EX0010,02/07/2026,2,CO1,QSE-X OB1 Air strip,NEW CHP,6.14
EX0010,02/07/2026,2,OB,QSE-X OB1 Air strip,QSE_ FILLING POINT DUMP,9.74
EX0011,02/07/2026,2,OB,NEW N2 STOCK,AIR STRIP OB DUMP II,1.38
EX0011,02/07/2026,2,OB,QSE-X OB1 Air strip,AIR STRIP OB DUMP II,2.10
EX0011,02/07/2026,2,OB,QSE-X OB1 Air strip,QSE LOWER MASJID DUMP,1.54
EX0011,02/07/2026,2,OB,QSE-X OB1 Air strip,QSE_MASJID DUMP,1.07
EX0011,02/07/2026,2,OB,QSEXOB1,AIR STRIP OB DUMP II,1.91
EX0011,02/07/2026,2,OB,QSEXOB1,QSE LOWER MASJID DUMP,1.67
EX0011,02/07/2026,2,OB,QSEXOB1,QSE_ FILLING POINT DUMP,0.00
EX0011,02/07/2026,2,OB,QSEXOB1,QSE_MASJID DUMP,0.18
EX003,02/07/2026,2,OB,QAB_VI A OB/COAL,QAB_TYCOON DUMP,4.39
EX003,02/07/2026,2,OB,QAB_VI B OB/COAL,QAB_TYCOON DUMP,3.78
EX004,02/07/2026,2,CO1,QAB_X OB Fire area,Banjee Middle Stock,3.85
EX004,02/07/2026,2,OB,QAB_X OB Fire area,QAB_BANJEE DUMP,5.36
EX004,02/07/2026,2,OB,QAB_X OB Fire area,QAB_TYCOON DUMP,3.31
EX004,02/07/2026,2,OBS,QAB_X OB Fire area,QAB_BANJEE DUMP,2.61
EX004,02/07/2026,2,OBS,QAB_X OB Fire area,QAB_TYCOON DUMP,3.16
EX005,02/07/2026,2,OB,QSEB_VI OB 3,QSE_ FILLING POINT DUMP,3.40
EX006,02/07/2026,2,OB,QAB_VI A OB/COAL,QAB_TYCOON DUMP,1.82
EX006,02/07/2026,2,OB,QAB_VI B OB/COAL,QAB_TYCOON DUMP,2.15
EX007,02/07/2026,2,CO1,NEW N2 STOCK,,0.24
EX007,02/07/2026,2,CO1,NEW N2 STOCK,AIR STRIP OB DUMP II,1.83
EX007,02/07/2026,2,CO1,NEW N2 STOCK,QSE LOWER MASJID DUMP,6.46
EX007,02/07/2026,2,OB,NEW N2 STOCK,AIR STRIP OB DUMP II,3.76
EX007,02/07/2026,2,OB,NEW N2 STOCK,QSE LOWER MASJID DUMP,4.09
EX008,02/07/2026,2,OB,QSEB_VI OB 3,QSE LOWER MASJID DUMP,1.31
EX008,02/07/2026,2,OB,QSEB_VI OB 3,QSE_ FILLING POINT DUMP,3.40
EX010,02/07/2026,2,MXC,QAB_VII COAL HW PAD,COAL _STOCK_DFP,3.51
EX010,02/07/2026,2,OB,QAB_VII COAL HW PAD,QAB_BANJEE DUMP,4.11
EX012,02/07/2026,2,CO1,QAB_X OB 2 NEW,Banjee Middle Stock,3.86
EX012,02/07/2026,2,CO1,QAB_X OB 2 NEW,PCP-III,8.20
EX012,02/07/2026,2,CO1,QAB_X OB 2 NEW,QAB LMV1,3.62
EX012,02/07/2026,2,CO1,QAB_X OB 2 NEW,QAB_HANGER STOCK 1,8.79
EX012,02/07/2026,2,OB,QAB_X OB 2 NEW,QAB_BANJEE DUMP,4.35
EX012,02/07/2026,2,OBS,QAB_X OB 2 NEW,QAB_BANJEE DUMP,1.72
PL003,02/07/2026,2,CO1,QSEXOB1,SANJAY VAN STOCK,4.66
PL003,02/07/2026,2,OB,QSEXOB1,AIR STRIP OB DUMP II,1.35
PL003,02/07/2026,2,OB,QSEXOB1,QSE LOWER MASJID DUMP,2.64
PL004,02/07/2026,2,CO1,BELT LINE COAL STOCK,NEW CHP,1.97
PL004,02/07/2026,2,CO1,SANJAY VAN STOCK,,2.28
PL004,02/07/2026,2,CO1,SANJAY VAN STOCK,AIR STRIP OB DUMP II,4.03
PL004,02/07/2026,2,OB,SANJAY VAN STOCK,QSE LOWER MASJID DUMP,4.36
PL004,02/07/2026,2,OB,SANJAY VAN STOCK,TAILING YARD STOCK,2.13
PL2K05,02/07/2026,2,CO1,MD_COAL STOCK,,0.00
PL2K05,02/07/2026,2,CO1,MD_COAL STOCK,PCP-III,1.61
PL2K05,02/07/2026,2,CO1,QAB LMV1,MD_COAL STOCK,3.50
PL2K05,02/07/2026,2,CO1,QAB LMV1,PCP-III,3.59
PL2K05,02/07/2026,2,CO1,QAB LMV1,QAB LMV1,5.55
PL2K05,02/07/2026,2,CO1,QAB_HANGER STOCK 1,,0.00
PL2K05,02/07/2026,2,CO1,QAB_HANGER STOCK 1,MD_COAL STOCK,3.15
PL2K05,02/07/2026,2,CO1,QAB_HANGER STOCK 1,PCP-III,1.01
PL2K06,02/07/2026,2,CO1,COAL _STOCK_DFP,Banjee Upper Stock,0.00
PL2K06,02/07/2026,2,CO1,COAL _STOCK_DFP,PCP-III,2.49
EX001,02/07/2026,3,CO1,QSE-X OB1 Air strip,NEW CHP,0.27
EX001,02/07/2026,3,OB,QSE-X OB1 Air strip,QSE_ FILLING POINT DUMP,1.32
EX0010,02/07/2026,3,CO1,QSE-X OB1 Air strip,BELT LINE COAL STOCK,5.49
EX0010,02/07/2026,3,CO1,QSE-X OB1 Air strip,NEW CHP,5.34
EX0010,02/07/2026,3,OB,QSE-X OB1 Air strip,QSE_ FILLING POINT DUMP,1.27
EX0011,02/07/2026,3,CO1,QSE-X OB1 Air strip,NEW N2 STOCK,0.82
EX0011,02/07/2026,3,OB,QSE-X OB1 Air strip,AIR STRIP OB DUMP II,1.11
EX0011,02/07/2026,3,OB,QSE-X OB1 Air strip,QSE LOWER MASJID DUMP,1.35
EX003,02/07/2026,3,OB,QAB_VI B OB/COAL,QAB_TYCOON DUMP,5.74
EX004,02/07/2026,3,OB,QAB_X OB 2 NEW,QAB_TYCOON DUMP,6.68
EX004,02/07/2026,3,OB,QAB_X OB Fire area,QAB_BANJEE DUMP,5.70
EX004,02/07/2026,3,OB,QAB_X OB Fire area,QAB_TYCOON DUMP,4.82
EX004,02/07/2026,3,OBS,QAB_X OB 2 NEW,QAB_TYCOON DUMP,4.09
EX004,02/07/2026,3,OBS,QAB_X OB Fire area,QAB_TYCOON DUMP,3.01
EX005,02/07/2026,3,OB,QSEB_VI OB 3,QSE_ FILLING POINT DUMP,3.38
EX005,02/07/2026,3,OB,QSEB_VI OB 3,QSE_FILLING POINT DUMP 2,3.39
EX006,02/07/2026,3,MXC,QAB_VI B OB/COAL,PCP-III,6.76
EX006,02/07/2026,3,OB,QAB_VI A OB/COAL,QAB_TYCOON DUMP,3.99
EX006,02/07/2026,3,OB,QAB_VI B OB/COAL,QAB_BANJEE DUMP,4.63
EX006,02/07/2026,3,OB,QAB_VI B OB/COAL,QAB_TYCOON DUMP,4.69
EX007,02/07/2026,3,CO1,NEW N2 STOCK,NEW N2 STOCK,0.80
EX007,02/07/2026,3,OB,NEW N2 STOCK,AIR STRIP OB DUMP II,1.84
EX007,02/07/2026,3,OB,NEW N2 STOCK,QSE LOWER MASJID DUMP,2.65
EX008,02/07/2026,3,OB,QSE_VII OB 2,QSE_ FILLING POINT DUMP,2.94
EX008,02/07/2026,3,OB,QSEB_VI OB 3,QSE_ FILLING POINT DUMP,3.85
EX008,02/07/2026,3,OB,QSEB_VI OB 3,QSE_FILLING POINT DUMP 2,2.01
EX010,02/07/2026,3,CO1,QAB_VI A OB/COAL,COAL _STOCK_DFP,3.75
EX010,02/07/2026,3,CO1,QAB_VI A OB/COAL,PCP-III,6.14
EX010,02/07/2026,3,CO1,QAB_VI B OB/COAL,Banjee Middle Stock,8.27
EX010,02/07/2026,3,CO1,QAB_VI B OB/COAL,COAL _STOCK_DFP,4.93
EX010,02/07/2026,3,CO1,QAB_VI B OB/COAL,MD_COAL STOCK,3.71
EX010,02/07/2026,3,CO1,QAB_VI B OB/COAL,PCP-III,4.51
EX010,02/07/2026,3,MXC,QAB_VI A OB/COAL,COAL _STOCK_DFP,3.72
EX010,02/07/2026,3,MXC,QAB_VI B OB/COAL,COAL _STOCK_DFP,1.45
EX010,02/07/2026,3,MXC,QAB_VI B OB/COAL,PCP-III,4.35
EX010,02/07/2026,3,OB,QAB_VI A OB/COAL,QAB_BANJEE DUMP,4.52
EX010,02/07/2026,3,OB,QAB_VI B OB/COAL,QAB_BANJEE DUMP,5.03
EX012,02/07/2026,3,CO1,QAB_X OB 2 NEW,Banjee Middle Stock,4.91
EX012,02/07/2026,3,CO1,QAB_X OB 2 NEW,QAB_HANGER STOCK 1,5.13
EX012,02/07/2026,3,OB,QAB_X OB 2 NEW,QAB_BANJEE DUMP,3.87
EX012,02/07/2026,3,OB,QAB_X OB 2 NEW,QAB_FRS DUMP NEW,4.38
EX012,02/07/2026,3,OB,QAB_X OB 2 NEW,QAB_TYCOON DUMP,4.28
EX012,02/07/2026,3,OBS,QAB_X OB 2 NEW,QAB_BANJEE DUMP,4.45
PL003,02/07/2026,3,OB,QSEXOB1,AIR STRIP OB DUMP II,0.81
PL003,02/07/2026,3,OB,QSEXOB1,QSE LOWER MASJID DUMP,2.18
PL004,02/07/2026,3,CO1,ACD COAL STOCK,NEW CHP,4.91
PL004,02/07/2026,3,CO1,BELT LINE COAL STOCK,BELT LINE COAL STOCK,5.31
PL004,02/07/2026,3,CO1,BELT LINE COAL STOCK,NEW CHP,1.10
PL2K05,02/07/2026,3,CO1,QAB LMV1,MD_COAL STOCK,4.00
PL2K05,02/07/2026,3,CO1,QAB LMV1,PCP-III,4.09
EX001,03/07/2026,1,CO1,QSE-X OB1 Air strip,NEW CHP,2.35
EX001,03/07/2026,1,CO1,QSEB_VI OB 3,NEW CHP,1.66
EX001,03/07/2026,1,OB,QSE-X OB1 Air strip,QSE_ FILLING POINT DUMP,2.19
EX001,03/07/2026,1,OB,QSE-X OB2,QSE_ FILLING POINT DUMP,1.41
EX001,03/07/2026,1,OB,QSEB_VI OB 3,QSE_ FILLING POINT DUMP,1.51
EX0011,03/07/2026,1,OB,QSE-X OB1 Air strip,AIR STRIP OB DUMP II,1.36
EX0011,03/07/2026,1,OB,QSE-X OB1 Air strip,QSE LOWER MASJID DUMP,0.55
EX0011,03/07/2026,1,OB,QSE-X OB1 Air strip,QSE_MASJID DUMP,0.94
EX004,03/07/2026,1,CO1,QAB_X OB Fire area,Banjee Middle Stock,1.22
EX004,03/07/2026,1,OB,QAB_X OB Fire area,QAB_BANJEE DUMP,1.03
EX004,03/07/2026,1,OB,QAB_X OB Fire area,QAB_TYCOON DUMP,6.19
EX004,03/07/2026,1,OBS,QAB_X OB Fire area,QAB_TYCOON DUMP,1.71
EX005,03/07/2026,1,CO1,QSEB_VI OB 3,RAM SETU COAL STOCK,4.63
EX005,03/07/2026,1,OB,QSEB_VI OB 3,QSE_ FILLING POINT DUMP,3.49
EX005,03/07/2026,1,OB,QSEB_VI OB 3,QSE_FILLING POINT DUMP 2,2.93
EX006,03/07/2026,1,OB,QAB_VI A OB/COAL,QAB_TYCOON DUMP,4.55
EX006,03/07/2026,1,OB,QAB_VI B OB/COAL,QAB_TYCOON DUMP,4.55
EX007,03/07/2026,1,CO1,NEW N2 STOCK,NEW N2 STOCK,1.94
EX007,03/07/2026,1,OB,NEW N2 STOCK,AIR STRIP OB DUMP II,1.92
EX007,03/07/2026,1,OB,NEW N2 STOCK,QSE_MASJID DUMP,2.61
EX008,03/07/2026,1,OB,QSE_VII OB 2,QSE_ FILLING POINT DUMP,3.44
EX008,03/07/2026,1,OB,QSE_VII OB 2,QSE_FILLING POINT DUMP 2,2.99
EX008,03/07/2026,1,OB,QSEB_VI OB 3,QSE_FILLING POINT DUMP 2,0.86
EX009,03/07/2026,1,OB,QAB_VI A OB/COAL,QAB_TYCOON DUMP,3.86
EX010,03/07/2026,1,CO1,QAB_VI B OB/COAL,COAL _STOCK_DFP,4.36
EX010,03/07/2026,1,CO1,QAB_VI B OB/COAL,PCP-III,5.72
EX010,03/07/2026,1,CO1,QAB_VI B OB/COAL,QAB_HANGER STOCK 1,3.59
EX010,03/07/2026,1,MXC,QAB_VI B OB/COAL,COAL _STOCK_DFP,3.48
EX010,03/07/2026,1,OB,QAB_VI B OB/COAL,QAB_BANJEE DUMP,4.19
EX012,03/07/2026,1,OB,QAB_X OB 2 NEW,QAB_FRS DUMP NEW,2.84
EX012,03/07/2026,1,OB,QAB_X OB 2 NEW,QAB_TYCOON DUMP,0.66
PL003,03/07/2026,1,OB,QSEXOB1,AIR STRIP OB DUMP II,0.81
PL003,03/07/2026,1,OB,QSEXOB1,QSE LOWER MASJID DUMP,1.23
PL003,03/07/2026,1,OB,QSEXOB1,QSE_MASJID DUMP,1.87
PL004,03/07/2026,1,CO1,ACD COAL STOCK,ACD COAL STOCK,0.00
PL004,03/07/2026,1,CO1,ACD COAL STOCK,BELT LINE COAL STOCK,7.51
PL004,03/07/2026,1,CO1,ACD COAL STOCK,NEW CHP,6.78
PL2K05,03/07/2026,1,CO1,QAB LMV1,PCP-III,3.68
PL2K05,03/07/2026,1,CO1,QAB LMV1,QAB LMV1,2.63
PL2K05,03/07/2026,1,CO1,QAB_HANGER STOCK 1,PCP-III,0.57
PL2K05,03/07/2026,1,OB,QAB LMV1,QAB_BANJEE DUMP,3.18
PL2K05,03/07/2026,1,OB,QAB LMV1,QAB_FRS DUMP NEW,2.29
EX0010,03/07/2026,2,OB,QSE-X OB1 Air strip,QSE_ FILLING POINT DUMP,2.20
EX0010,03/07/2026,2,OB,QSE-X OB1 Air strip,QSE_FILLING POINT DUMP 2,1.32
EX0010,03/07/2026,2,OB,QSEB_VI OB 3,QSE_ FILLING POINT DUMP,1.92
EX0010,03/07/2026,2,OB,QSEB_VI OB 3,QSE_FILLING POINT DUMP 2,1.41
EX004,03/07/2026,2,CO1,QAB_X OB Fire area,Banjee Lower Stock,2.91
EX004,03/07/2026,2,CO1,QAB_X OB Fire area,Banjee Middle Stock,4.14
EX004,03/07/2026,2,OB,QAB_X OB Fire area,QAB_BANJEE DUMP,3.03
EX004,03/07/2026,2,OB,QAB_X OB Fire area,QAB_TYCOON DUMP,4.22
EX004,03/07/2026,2,OBS,QAB_X OB Fire area,QAB_BANJEE DUMP,2.14
EX004,03/07/2026,2,OBS,QAB_X OB Fire area,QAB_TYCOON DUMP,3.51
EX005,03/07/2026,2,CO1,QSEB_VI OB 3,,2.22
EX005,03/07/2026,2,CO1,QSEB_VI OB 3,QSE_ FILLING POINT DUMP,2.83
EX005,03/07/2026,2,CO1,QSEB_VI OB 3,RAM SETU COAL STOCK,2.20
EX005,03/07/2026,2,OB,QSEB_VI OB 3,QSE_ FILLING POINT DUMP,3.52
EX006,03/07/2026,2,OB,QAB_VI A OB/COAL,QAB_TYCOON DUMP,3.92
EX006,03/07/2026,2,OBS,QAB_VI A OB/COAL,QAB_TYCOON DUMP,6.00
EX006,03/07/2026,2,OBS,QAB_VI B OB/COAL,QAB_TYCOON DUMP,4.71
EX007,03/07/2026,2,CO1,QSEXOB1,AIR STRIP OB DUMP II,1.91
EX007,03/07/2026,2,CO1,SANJAY VAN STOCK,AIR STRIP OB DUMP II,2.36
EX007,03/07/2026,2,OB,NEW N2 STOCK,AIR STRIP OB DUMP II,2.62
EX007,03/07/2026,2,OB,QSEXOB1,AIR STRIP OB DUMP II,2.31
EX007,03/07/2026,2,OB,QSEXOB1,QSE LOWER MASJID DUMP,2.06
EX007,03/07/2026,2,OB,SANJAY VAN STOCK,QSE LOWER MASJID DUMP,2.17
EX008,03/07/2026,2,CO1,QSEB_VI OB 3,,0.81
EX008,03/07/2026,2,OB,QSEB_VI OB 3,QSE_ FILLING POINT DUMP,3.32
EX008,03/07/2026,2,OB,QSEB_VI OB 3,QSE_FILLING POINT DUMP 2,2.03
EX009,03/07/2026,2,OB,QAB_VI A OB/COAL,QAB_TYCOON DUMP,4.96
EX009,03/07/2026,2,OB,QAB_VI B OB/COAL,QAB_TYCOON DUMP,4.71
EX010,03/07/2026,2,CO1,QAB_VI A OB/COAL,QAB LMV1,4.42
EX010,03/07/2026,2,CO1,QAB_VI A OB/COAL,QAB_HANGER STOCK 1,4.01
EX010,03/07/2026,2,CO1,QAB_VI B OB/COAL,QAB LMV1,4.50
EX010,03/07/2026,2,CO1,QAB_VI B OB/COAL,QAB_HANGER STOCK 1,4.13
EX010,03/07/2026,2,MXC,QAB_VI A OB/COAL,COAL _STOCK_DFP,3.54
EX010,03/07/2026,2,MXC,QAB_VI B OB/COAL,COAL _STOCK_DFP,4.99
EX010,03/07/2026,2,OB,QAB_VI A OB/COAL,QAB_BANJEE DUMP,4.81
EX010,03/07/2026,2,OB,QAB_VI B OB/COAL,QAB_BANJEE DUMP,7.26
EX012,03/07/2026,2,CO1,QAB_X OB 2 NEW,Banjee Middle Stock,5.25
EX012,03/07/2026,2,CO1,QAB_X OB 2 NEW,COAL _STOCK_DFP,4.94
EX012,03/07/2026,2,MXC,QAB_X OB 2 NEW,Banjee Upper Stock,4.64
EX012,03/07/2026,2,OB,QAB_X OB 2 NEW,QAB_BANJEE DUMP,6.25
EX012,03/07/2026,2,OB,QAB_X OB 2 NEW,QAB_FRS DUMP NEW,6.92
EX012,03/07/2026,2,OB,QAB_X OB 2 NEW,QAB_UPPER OFFICE,3.82
EX012,03/07/2026,2,OBS,QAB_X OB 2 NEW,QAB_FRS DUMP NEW,4.34
PL003,03/07/2026,2,CO1,SANJAY VAN STOCK,AIR STRIP OB DUMP II,3.53
PL003,03/07/2026,2,OB,QSE-X OB1 Air strip,AIR STRIP OB DUMP II,1.42
PL003,03/07/2026,2,OB,QSE-X OB1 Air strip,QSE LOWER MASJID DUMP,1.54
PL003,03/07/2026,2,OB,QSEXOB1,AIR STRIP OB DUMP II,0.54
PL003,03/07/2026,2,OB,QSEXOB1,QSE LOWER MASJID DUMP,0.72
PL003,03/07/2026,2,OB,SANJAY VAN STOCK,AIR STRIP OB DUMP II,3.85
PL003,03/07/2026,2,OB,SANJAY VAN STOCK,QSE_FILLING POINT DUMP 2,1.60
PL004,03/07/2026,2,CO1,QSE_X OB IV 2,NEW CHP,4.49
PL004,03/07/2026,2,OB,QSE_X OB IV 2,QSE_ FILLING POINT DUMP,4.25
PL2K05,03/07/2026,2,CO1,QAB LMV1,Banjee Lower Stock,1.84
PL2K05,03/07/2026,2,CO1,QAB LMV1,Banjee Middle Stock,3.05
PL2K05,03/07/2026,2,CO1,QAB LMV1,QAB LMV1,1.44
PL2K05,03/07/2026,2,OB,QAB LMV1,QAB_BANJEE DUMP,2.05
PL2K05,03/07/2026,2,OB,QAB LMV1,QAB_FRS DUMP NEW,5.88
PL2K06,03/07/2026,2,CO1,COAL _STOCK_DFP,PCP-III,0.00
PL2K06,03/07/2026,2,CO1,SCC-C STOCK,Banjee Upper Stock,1.85
PL2K06,03/07/2026,2,CO1,SCC-C STOCK,MD_COAL STOCK,0.00
PL2K06,03/07/2026,2,CO1,SCC-C STOCK,PCP-III,0.00
PL2K06,03/07/2026,2,CO1,SCC-C STOCK,SCC-C STOCK,0.00
PL2K06,03/07/2026,2,OB,COAL _STOCK_DFP,QAB_BANJEE DUMP,3.60
PL2K06,03/07/2026,2,OB,SCC-C STOCK,QAB_BANJEE DUMP,4.44
EX0010,03/07/2026,3,OB,QSE-X OB1 Air strip,QSE_ FILLING POINT DUMP,2.57
EX0010,03/07/2026,3,OB,QSE-X OB1 Air strip,QSE_FILLING POINT DUMP 2,1.07
EX0010,03/07/2026,3,OB,QSEB_VI OB 3,QSE_ FILLING POINT DUMP,1.63
EX0010,03/07/2026,3,OB,QSEB_VI OB 3,QSE_FILLING POINT DUMP 2,1.37
EX0011,03/07/2026,3,OB,QSE-X OB1 Air strip,AIR STRIP OB DUMP II,1.56
EX0011,03/07/2026,3,OB,QSE-X OB1 Air strip,QSE LOWER MASJID DUMP,1.42
EX003,03/07/2026,3,CO1,QAB_VI A OB/COAL,COAL _STOCK_DFP,3.62
EX003,03/07/2026,3,CO1,QAB_VI B OB/COAL,COAL _STOCK_DFP,4.45
EX003,03/07/2026,3,CO1,QAB_VI B OB/COAL,QAB LMV1,4.54
EX003,03/07/2026,3,CO1,QAB_VI B OB/COAL,QAB_HANGER STOCK 1,4.13
EX003,03/07/2026,3,MXC,QAB_VI A OB/COAL,COAL _STOCK_DFP,2.78
EX003,03/07/2026,3,MXC,QAB_VI B OB/COAL,COAL _STOCK_DFP,3.23
EX003,03/07/2026,3,OB,QAB_VI A OB/COAL,QAB_BANJEE DUMP,4.48
EX003,03/07/2026,3,OB,QAB_VI B OB/COAL,QAB_BANJEE DUMP,4.78
EX004,03/07/2026,3,CO1,QAB_X OB Fire area,Banjee Middle Stock,4.72
EX004,03/07/2026,3,OB,QAB_X OB Fire area,QAB_BANJEE DUMP,4.02
EX004,03/07/2026,3,OB,QAB_X OB Fire area,QAB_TYCOON DUMP,4.03
EX004,03/07/2026,3,OBS,QAB_X OB Fire area,QAB_TYCOON DUMP,4.23
EX005,03/07/2026,3,OB,QSEB_VI OB 3,QSE_ FILLING POINT DUMP,3.93
EX005,03/07/2026,3,OB,QSEB_VI OB 3,QSE_FILLING POINT DUMP 2,2.64
EX006,03/07/2026,3,OBS,QAB_VI B OB/COAL,QAB_TYCOON DUMP,4.87
EX007,03/07/2026,3,CO1,NEW N2 STOCK,AIR STRIP OB DUMP II,2.34
EX007,03/07/2026,3,CO1,QSEXOB1,AIR STRIP OB DUMP II,1.60
EX007,03/07/2026,3,CO1,SANJAY VAN STOCK,AIR STRIP OB DUMP II,2.64
EX007,03/07/2026,3,CO1,SANJAY VAN STOCK,SANJAY VAN STOCK,1.16
EX007,03/07/2026,3,OB,NEW N2 STOCK,AIR STRIP OB DUMP II,6.70
EX007,03/07/2026,3,OB,QSEXOB1,AIR STRIP OB DUMP II,5.73
EX007,03/07/2026,3,OB,SANJAY VAN STOCK,AIR STRIP OB DUMP II,2.09
EX007,03/07/2026,3,OB,SANJAY VAN STOCK,QSE LOWER MASJID DUMP,2.05
EX008,03/07/2026,3,OB,QSE_VII OB 2,QSE_ FILLING POINT DUMP,2.82
EX008,03/07/2026,3,OB,QSE_VII OB 2,QSE_FILLING POINT DUMP 2,1.41
EX008,03/07/2026,3,OB,QSEB_VI OB 3,QSE_ FILLING POINT DUMP,4.55
EX008,03/07/2026,3,OB,QSEB_VI OB 3,QSE_FILLING POINT DUMP 2,2.80
EX009,03/07/2026,3,CO1,QAB_VI A OB/COAL,QAB_HANGER STOCK 1,4.30
EX009,03/07/2026,3,CO1,QAB_VI B OB/COAL,COAL _STOCK_DFP,2.86
EX009,03/07/2026,3,CO1,QAB_VI B OB/COAL,QAB LMV1,4.48
EX009,03/07/2026,3,MXC,QAB_VI B OB/COAL,COAL _STOCK_DFP,5.29
EX009,03/07/2026,3,OB,QAB_VI A OB/COAL,QAB_BANJEE DUMP,4.41
EX009,03/07/2026,3,OB,QAB_VI A OB/COAL,QAB_TYCOON DUMP,2.97
EX009,03/07/2026,3,OB,QAB_VI B OB/COAL,QAB_BANJEE DUMP,4.40
EX009,03/07/2026,3,OB,QAB_VI B OB/COAL,QAB_TYCOON DUMP,3.67
EX010,03/07/2026,3,CO1,QAB_VI A OB/COAL,QAB LMV1,7.13
EX010,03/07/2026,3,OB,QAB_VI A OB/COAL,QAB_BANJEE DUMP,4.60
EX012,03/07/2026,3,OBS,QAB_X OB 2 NEW,QAB_FRS DUMP NEW,4.70
PL003,03/07/2026,3,CO1,ACD COAL STOCK,ACD COAL STOCK,6.70
PL003,03/07/2026,3,CO1,ACD COAL STOCK,NEW CHP,7.02
PL003,03/07/2026,3,OB,ACD COAL STOCK,NEW CHP,7.60
PL004,03/07/2026,3,OB,QSE_X OB IV 2,QSE_ FILLING POINT DUMP,4.84
PL004,03/07/2026,3,OB,QSE_X OB IV 2,QSE_FILLING POINT DUMP 2,3.55
PL2K06,03/07/2026,3,CO1,SCC-C STOCK,Banjee Upper Stock,3.24
PL2K06,03/07/2026,3,OB,SCC-C STOCK,QAB_BANJEE DUMP,5.60
EX0010,04/07/2026,1,CO1,QSEB_VI OB 3,NEW N2 STOCK,6.51
EX0010,04/07/2026,1,OB,QSEB_VI OB 3,QAB_BANJEE DUMP,4.19
EX0010,04/07/2026,1,OB,QSEB_VI OB 3,QSE_ FILLING POINT DUMP,1.82
EX0010,04/07/2026,1,OB,QSEB_VI OB 3,QSE_FILLING POINT DUMP 2,2.06
EX0011,04/07/2026,1,CO1,QSE-X OB1 Air strip,NEW N2 STOCK,0.96
EX0011,04/07/2026,1,OB,QSE-X OB1 Air strip,AIR STRIP OB DUMP II,1.34
EX003,04/07/2026,1,CO1,QAB_VI A OB/COAL,QAB LMV1,5.29
EX003,04/07/2026,1,CO1,QAB_VI A OB/COAL,QAB_HANGER STOCK 1,4.04
EX003,04/07/2026,1,CO1,QAB_VI B OB/COAL,QAB LMV1,5.19
EX003,04/07/2026,1,MXC,QAB_VI A OB/COAL,COAL _STOCK_DFP,0.00
EX003,04/07/2026,1,MXC,QAB_VI B OB/COAL,COAL _STOCK_DFP,3.69
EX003,04/07/2026,1,OB,QAB_VI A OB/COAL,QAB_BANJEE DUMP,5.69
EX003,04/07/2026,1,OB,QAB_VI B OB/COAL,QAB_BANJEE DUMP,4.38
EX004,04/07/2026,1,OB,QAB_X OB Fire area,QAB_BANJEE DUMP,4.13
EX004,04/07/2026,1,OB,QAB_X OB Fire area,QAB_TYCOON DUMP,6.44
EX004,04/07/2026,1,OBS,QAB_X OB Fire area,QAB_TYCOON DUMP,4.83
EX005,04/07/2026,1,OB,QSEB_VI OB 3,QSE_ FILLING POINT DUMP,3.71
EX005,04/07/2026,1,OB,QSEB_VI OB 3,QSE_FILLING POINT DUMP 2,2.98
EX006,04/07/2026,1,OBS,QAB_VI B OB/COAL,QAB_TYCOON DUMP,4.49
EX007,04/07/2026,1,CO1,QSE-X OB1 Air strip,AIR STRIP OB DUMP II,2.51
EX007,04/07/2026,1,CO1,QSE-X OB1 Air strip,NEW N2 STOCK,1.02
EX007,04/07/2026,1,CO1,QSEXOB1,AIR STRIP OB DUMP II,2.29
EX007,04/07/2026,1,CO1,QSEXOB1,NEW N2 STOCK,0.86
EX007,04/07/2026,1,OB,QSE-X OB1 Air strip,AIR STRIP OB DUMP II,3.60
EX007,04/07/2026,1,OB,QSEXOB1,AIR STRIP OB DUMP II,3.54
EX007,04/07/2026,1,OB,SANJAY VAN STOCK,TAILING YARD STOCK,4.97
EX008,04/07/2026,1,OB,QSE_VII OB 2,QSE_ FILLING POINT DUMP,3.49
EX008,04/07/2026,1,OB,QSE_VII OB 2,QSE_FILLING POINT DUMP 2,1.68
EX008,04/07/2026,1,OB,QSEB_VI OB 3,QSE_ FILLING POINT DUMP,4.18
EX009,04/07/2026,1,CO1,QAB_VI A OB/COAL,QAB LMV1,6.46
EX009,04/07/2026,1,CO1,QAB_VII COAL HW PAD,MD_COAL STOCK,3.41
EX009,04/07/2026,1,CO1,QAB_VII COAL HW PAD,PCP-III,5.15
EX009,04/07/2026,1,MXC,QAB_VI A OB/COAL,COAL _STOCK_DFP,7.25
EX009,04/07/2026,1,MXC,QAB_VII COAL HW PAD,COAL _STOCK_DFP,4.30
EX009,04/07/2026,1,OB,QAB_VI A OB/COAL,QAB_BANJEE DUMP,6.37
EX010,04/07/2026,1,CO1,QAB_VI A OB/COAL,QAB LMV1,2.26
EX010,04/07/2026,1,CO1,QAB_VI B OB/COAL,PCP-III,4.39
EX010,04/07/2026,1,CO1,QAB_VI B OB/COAL,QAB LMV1,4.77
EX010,04/07/2026,1,MXC,QAB_VI B OB/COAL,COAL _STOCK_DFP,6.98
EX010,04/07/2026,1,OB,QAB_VI B OB/COAL,QAB_BANJEE DUMP,5.35
EX012,04/07/2026,1,OBS,QAB_X OB 2 NEW,QAB_FRS DUMP NEW,3.90
PL003,04/07/2026,1,CO1,ACD COAL STOCK,ACD COAL STOCK,3.76
PL003,04/07/2026,1,CO1,ACD COAL STOCK,NEW CHP,7.37
PL004,04/07/2026,1,OB,QSE-VII OB/Coal 2,QSE_FILLING POINT DUMP 2,1.03
PL004,04/07/2026,1,OB,QSE_X OB IV 2,QSE_ FILLING POINT DUMP,5.09
PL004,04/07/2026,1,OB,QSE_X OB IV 2,QSE_FILLING POINT DUMP 2,0.68
PL2K06,04/07/2026,1,CO1,MD_COAL STOCK,PCP-III,1.72
PL2K06,04/07/2026,1,CO1,QAB_HANGER STOCK 1,Banjee Upper Stock,0.00
PL2K06,04/07/2026,1,CO1,QAB_HANGER STOCK 1,PCP-III,1.17
PL2K06,04/07/2026,1,CO1,SCC-C STOCK,Banjee Upper Stock,4.00
PL2K06,04/07/2026,1,CO1,SCC-C STOCK,PCP-III,0.00
PL2K06,04/07/2026,1,OB,SCC-C STOCK,QAB_BANJEE DUMP,3.95
EX0011,04/07/2026,2,OB,QSE-X OB1 Air strip,AIR STRIP OB DUMP II,1.38
EX003,04/07/2026,2,MXC,QAB_VI A OB/COAL,COAL _STOCK_DFP,0.81
EX003,04/07/2026,2,MXC,QAB_VII COAL HW PAD,COAL _STOCK_DFP,2.50
EX003,04/07/2026,2,OB,QAB_VI A OB/COAL,QAB_BANJEE DUMP,4.77
EX003,04/07/2026,2,OB,QAB_VI B OB/COAL,QAB_BANJEE DUMP,5.60
EX003,04/07/2026,2,OB,QAB_VII COAL HW PAD,QAB_BANJEE DUMP,3.03
EX004,04/07/2026,2,OB,QAB_X OB Fire area,QAB_TYCOON DUMP,6.89
EX004,04/07/2026,2,OBS,QAB_X OB Fire area,QAB_TYCOON DUMP,2.29
EX005,04/07/2026,2,CO1,QSEB_VI OB 3,,2.03
EX005,04/07/2026,2,OB,QSE_VII OB 2,QSE_ FILLING POINT DUMP,4.57
EX005,04/07/2026,2,OB,QSEB_VI OB 3,QSE_ FILLING POINT DUMP,3.67
EX006,04/07/2026,2,CO1,QAB_VI A OB/COAL,COAL _STOCK_DFP,3.88
EX006,04/07/2026,2,CO1,QAB_VI A OB/COAL,QAB LMV1,5.02
EX006,04/07/2026,2,CO1,QAB_VI A OB/COAL,QAB_HANGER STOCK 1,5.17
EX006,04/07/2026,2,MXC,QAB_VI B OB/COAL,QAB_HANGER STOCK 1,1.00
EX006,04/07/2026,2,OB,QAB_VI A OB/COAL,QAB_BANJEE DUMP,4.48
EX006,04/07/2026,2,OB,QAB_VI A OB/COAL,QAB_TYCOON DUMP,3.95
EX006,04/07/2026,2,OB,QAB_VI B OB/COAL,QAB_BANJEE DUMP,3.23
EX006,04/07/2026,2,OB,QAB_VI B OB/COAL,QAB_TYCOON DUMP,4.62
EX006,04/07/2026,2,OBS,QAB_VI A OB/COAL,QAB_TYCOON DUMP,4.81
EX006,04/07/2026,2,OBS,QAB_VI B OB/COAL,QAB_TYCOON DUMP,5.94
EX007,04/07/2026,2,CO1,NEW N2 STOCK,AIR STRIP OB DUMP II,2.51
EX007,04/07/2026,2,CO1,NEW N2 STOCK,NEW N2 STOCK,2.14
EX007,04/07/2026,2,CO1,NEW N2 STOCK,SANJAY VAN STOCK,1.17
EX007,04/07/2026,2,CO1,QSEXOB1,NEW N2 STOCK,4.49
EX007,04/07/2026,2,OB,NEW N2 STOCK,AIR STRIP OB DUMP II,2.42
EX008,04/07/2026,2,CO1,QSEB_VI OB 3,QSE_FILLING POINT DUMP 2,2.50
EX008,04/07/2026,2,OB,QSEB_VI OB 3,QSE_ FILLING POINT DUMP,3.19
EX009,04/07/2026,2,OB,QAB_VI B OB/COAL,QAB_BANJEE DUMP,5.28
EX009,04/07/2026,2,OB,QAB_VI B OB/COAL,QAB_TYCOON DUMP,3.63
EX010,04/07/2026,2,MXC,QAB_VI A OB/COAL,COAL _STOCK_DFP,2.97
EX010,04/07/2026,2,OB,QAB_VI A OB/COAL,QAB_BANJEE DUMP,4.43
EX012,04/07/2026,2,CO1,QAB_X OB 2 NEW,QAB LMV1,6.92
EX012,04/07/2026,2,OB,QAB_X OB 2 NEW,QAB_BANJEE DUMP,8.85
EX012,04/07/2026,2,OB,QAB_X OB 2 NEW,QAB_FRS DUMP NEW,4.11
EX012,04/07/2026,2,OB,QAB_X OB 2 NEW,QAB_TYCOON DUMP,3.46
PL003,04/07/2026,2,CO1,ACD COAL STOCK,NEW CHP,6.68
PL004,04/07/2026,2,OB,QSE_X OB IV 2,QSE_ FILLING POINT DUMP,4.79
PL004,04/07/2026,2,OB,QSE_X OB IV 2,QSE_FILLING POINT DUMP 2,0.77
PL2K06,04/07/2026,2,CO1,COAL _STOCK_DFP,Banjee Lower Stock,0.00
PL2K06,04/07/2026,2,CO1,COAL _STOCK_DFP,Banjee Upper Stock,1.97
PL2K06,04/07/2026,2,CO1,QAB LMV1,Banjee Upper Stock,0.00
PL2K06,04/07/2026,2,CO1,QAB LMV1,QAB LMV1,2.27
PL2K06,04/07/2026,2,CO1,SCC-C STOCK,Banjee Lower Stock,0.00
PL2K06,04/07/2026,2,CO1,SCC-C STOCK,Banjee Upper Stock,4.11
PL2K06,04/07/2026,2,OB,COAL _STOCK_DFP,QAB_BANJEE DUMP,2.93
PL2K06,04/07/2026,2,OB,QAB LMV1,QAB_BANJEE DUMP,2.71
PL2K06,04/07/2026,2,OB,SCC-C STOCK,QAB_BANJEE DUMP,5.66
EX0010,04/07/2026,3,OB,QSE-X OB1 Air strip,QSE_ FILLING POINT DUMP,1.77
EX0010,04/07/2026,3,OB,QSE-X OB1 Air strip,QSE_FILLING POINT DUMP 2,1.28
EX0010,04/07/2026,3,OB,QSEB_VI OB 3,QSE_ FILLING POINT DUMP,2.55
EX0011,04/07/2026,3,OB,QSE-X OB1 Air strip,AIR STRIP OB DUMP II,1.02
EX003,04/07/2026,3,CO1,QAB_VI A OB/COAL,MD_COAL STOCK,4.39
EX003,04/07/2026,3,MXC,QAB_VI A OB/COAL,COAL _STOCK_DFP,1.06
EX003,04/07/2026,3,MXC,QAB_VI B OB/COAL,COAL _STOCK_DFP,2.46
EX003,04/07/2026,3,OB,QAB_VI A OB/COAL,QAB_BANJEE DUMP,4.55
EX003,04/07/2026,3,OB,QAB_VI B OB/COAL,QAB_BANJEE DUMP,5.03
EX004,04/07/2026,3,CO1,QAB_X OB 2 NEW,Banjee Lower Stock,3.98
EX004,04/07/2026,3,CO1,QAB_X OB 2 NEW,Banjee Middle Stock,2.22
EX004,04/07/2026,3,CO1,QAB_X OB Fire area,Banjee Lower Stock,4.07
EX004,04/07/2026,3,CO1,QAB_X OB Fire area,Banjee Middle Stock,4.67
EX004,04/07/2026,3,OB,QAB_X OB 2 NEW,QAB_BANJEE DUMP,4.38
EX004,04/07/2026,3,OB,QAB_X OB 2 NEW,QAB_UPPER OFFICE,2.32
EX004,04/07/2026,3,OB,QAB_X OB Fire area,QAB_BANJEE DUMP,4.76
EX004,04/07/2026,3,OB,QAB_X OB Fire area,QAB_TYCOON DUMP,6.85
EX004,04/07/2026,3,OBS,QAB_X OB 2 NEW,QAB_BANJEE DUMP,2.73
EX004,04/07/2026,3,OBS,QAB_X OB Fire area,QAB_BANJEE DUMP,5.05
EX005,04/07/2026,3,CO1,QSEB_VI OB 3,,0.14
EX005,04/07/2026,3,OB,QSEB_VI OB 3,QSE_ FILLING POINT DUMP,3.11
EX005,04/07/2026,3,OB,QSEB_VI OB 3,QSE_FILLING POINT DUMP 2,5.81
EX006,04/07/2026,3,CO1,QAB_VI B OB/COAL,COAL _STOCK_DFP,0.00
EX006,04/07/2026,3,MXC,QAB_VI A OB/COAL,QAB_HANGER STOCK 1,2.42
EX006,04/07/2026,3,MXC,QAB_VI B OB/COAL,QAB_HANGER STOCK 1,4.66
EX006,04/07/2026,3,OB,QAB_VI A OB/COAL,QAB_BANJEE DUMP,4.52
EX006,04/07/2026,3,OB,QAB_VI A OB/COAL,QAB_TYCOON DUMP,4.31
EX006,04/07/2026,3,OB,QAB_VI B OB/COAL,QAB_BANJEE DUMP,4.87
EX006,04/07/2026,3,OB,QAB_VI B OB/COAL,QAB_TYCOON DUMP,3.17
EX007,04/07/2026,3,CO1,SANJAY VAN STOCK,AIR STRIP OB DUMP II,1.55
EX007,04/07/2026,3,OB,NEW N2 STOCK,AIR STRIP OB DUMP II,2.63
EX008,04/07/2026,3,OB,QSEB_VI OB 3,QSE_ FILLING POINT DUMP,3.30
EX008,04/07/2026,3,OB,QSEB_VI OB 3,QSE_FILLING POINT DUMP 2,1.53
EX010,04/07/2026,3,OB,QAB_VI A OB/COAL,QAB_BANJEE DUMP,5.00
EX010,04/07/2026,3,OB,QAB_VI A OB/COAL,QAB_TYCOON DUMP,4.48
EX012,04/07/2026,3,OB,QAB_X OB 2 NEW,QAB_FRS DUMP NEW,4.90
EX012,04/07/2026,3,OB,QAB_X OB 2 NEW,QAB_TYCOON DUMP,4.25
PL003,04/07/2026,3,CO1,ACD COAL STOCK,NEW CHP,6.52
PL004,04/07/2026,3,OB,QSE_X OB IV 2,AIR STRIP OB DUMP II,0.91
PL2K06,04/07/2026,3,CO1,SCC-C STOCK,Banjee Upper Stock,4.05
PL2K06,04/07/2026,3,OB,SCC-C STOCK,QAB_BANJEE DUMP,6.90
EX0011,05/07/2026,1,CO1,NEW N2 STOCK,AIR STRIP OB DUMP II,0.39
EX0011,05/07/2026,1,CO1,QSE-X OB1 Air strip,AIR STRIP OB DUMP II,1.47
EX0011,05/07/2026,1,CO1,QSE-X OB1 Air strip,QSE_MASJID DUMP,3.32
EX0011,05/07/2026,1,OB,QSE-X OB1 Air strip,AIR STRIP OB DUMP II,1.77
EX0011,05/07/2026,1,OB,QSE-X OB1 Air strip,QSE_MASJID DUMP,0.00
EX003,05/07/2026,1,OB,QAB_VI A OB/COAL,QAB_BANJEE DUMP,7.21
EX003,05/07/2026,1,OB,QAB_VI A OB/COAL,QAB_TYCOON DUMP,3.83
EX003,05/07/2026,1,OB,QAB_VI B OB/COAL,QAB_TYCOON DUMP,4.42
EX004,05/07/2026,1,CO1,QAB_X OB Fire area,Banjee Middle Stock,4.62
EX004,05/07/2026,1,CO1,QAB_X OB Fire area,QAB LMV1,2.13
EX004,05/07/2026,1,OB,QAB_X OB Fire area,QAB_BANJEE DUMP,4.20
EX004,05/07/2026,1,OBS,QAB_X OB Fire area,QAB_BANJEE DUMP,3.77
EX005,05/07/2026,1,OB,QSEB_VI OB 3,QSE_ FILLING POINT DUMP,3.23
EX005,05/07/2026,1,OB,QSEB_VI OB 3,QSE_FILLING POINT DUMP 2,1.98
EX006,05/07/2026,1,OB,QAB_VI A OB/COAL,QAB_TYCOON DUMP,4.90
EX006,05/07/2026,1,OB,QAB_VI B OB/COAL,QAB_TYCOON DUMP,4.68
EX007,05/07/2026,1,CO1,NEW N2 STOCK,AIR STRIP OB DUMP II,1.64
EX007,05/07/2026,1,CO1,NEW N2 STOCK,NEW N2 STOCK,3.11
EX007,05/07/2026,1,CO1,SANJAY VAN STOCK,,0.00
EX007,05/07/2026,1,CO1,SANJAY VAN STOCK,AIR STRIP OB DUMP II,1.55
EX007,05/07/2026,1,CO1,SANJAY VAN STOCK,NEW N2 STOCK,1.03
EX007,05/07/2026,1,CO1,SANJAY VAN STOCK,QSE_FILLING POINT DUMP 2,0.00
EX007,05/07/2026,1,OB,NEW N2 STOCK,AIR STRIP OB DUMP II,2.15
EX007,05/07/2026,1,OB,SANJAY VAN STOCK,AIR STRIP OB DUMP II,2.03
EX008,05/07/2026,1,CO1,QSEB_VI OB 3,RAM SETU COAL STOCK,2.42
EX008,05/07/2026,1,OB,QSEB_VI OB 3,QSE_ FILLING POINT DUMP,3.26
EX008,05/07/2026,1,OB,QSEB_VI OB 3,QSE_FILLING POINT DUMP 2,1.45
EX009,05/07/2026,1,OB,QAB_VI B OB/COAL,QAB_TYCOON DUMP,4.48
EX010,05/07/2026,1,OB,QAB_VI A OB/COAL,QAB_TYCOON DUMP,6.06
EX012,05/07/2026,1,OB,QAB_X OB 2 NEW,QAB_FRS DUMP NEW,3.83
EX012,05/07/2026,1,OB,QAB_X OB 2 NEW,QAB_TYCOON DUMP,3.42
PL003,05/07/2026,1,CO1,ACD COAL STOCK,NEW CHP,5.32
PL003,05/07/2026,1,CO1,QSE_FILLING POINT DUMP 2,NEW CHP,5.01
PL003,05/07/2026,1,OB,QSE_FILLING POINT DUMP 2,QSE_ FILLING POINT DUMP,0.00
PL004,05/07/2026,1,OB,QSE_X OB IV 2,AIR STRIP OB DUMP II,1.48
PL2K05,05/07/2026,1,CO1,SCC-C STOCK,Banjee Upper Stock,2.71
PL2K05,05/07/2026,1,OB,SCC-C STOCK,QAB_BANJEE DUMP,5.35
PL2K06,05/07/2026,1,CO1,SCC-C STOCK,Banjee Lower Stock,1.37
PL2K06,05/07/2026,1,CO1,SCC-C STOCK,Banjee Upper Stock,2.11
PL2K06,05/07/2026,1,CO1,SCC-C STOCK,SCC-C STOCK,7.65
PL2K06,05/07/2026,1,OB,SCC-C STOCK,QAB_BANJEE DUMP,3.82
EX0010,05/07/2026,2,OB,QSEB_VI OB 3,QSE_ FILLING POINT DUMP,2.34
EX0010,05/07/2026,2,OB,QSEB_VI OB 3,QSE_FILLING POINT DUMP 2,1.05
EX0011,05/07/2026,2,CO1,QSE-X OB1 Air strip,AIR STRIP OB DUMP II,1.59
EX0011,05/07/2026,2,CO1,QSE-X OB1 Air strip,NEW N2 STOCK,1.75
EX0011,05/07/2026,2,OB,QSE-X OB1 Air strip,AIR STRIP OB DUMP II,1.41
EX0011,05/07/2026,2,OB,QSE-X OB1 Air strip,QSE LOWER MASJID DUMP,1.34
EX003,05/07/2026,2,OB,QAB_FIRE AREA SEC A,QAB_TYCOON DUMP,3.86
EX003,05/07/2026,2,OB,QAB_VI B OB/COAL,QAB_TYCOON DUMP,4.40
EX004,05/07/2026,2,CO1,QAB_X OB Fire area,Banjee Middle Stock,4.17
EX004,05/07/2026,2,OB,QAB_X OB Fire area,QAB_BANJEE DUMP,4.91
EX004,05/07/2026,2,OB,QAB_X OB Fire area,QAB_UPPER OFFICE,3.78
EX004,05/07/2026,2,OBS,QAB_X OB Fire area,QAB_BANJEE DUMP,4.43
EX005,05/07/2026,2,OB,QSE_VII OB 2,QSE_ FILLING POINT DUMP,4.54
EX005,05/07/2026,2,OB,QSEB_VI OB 3,QSE_ FILLING POINT DUMP,2.94
EX005,05/07/2026,2,OB,QSEB_VI OB 3,QSE_FILLING POINT DUMP 2,2.58
EX006,05/07/2026,2,OB,QAB_VI B OB/COAL,QAB_TYCOON DUMP,2.72
EX007,05/07/2026,2,CO1,NEW N2 STOCK,AIR STRIP OB DUMP II,2.57
EX007,05/07/2026,2,CO1,SANJAY VAN STOCK,,0.00
EX007,05/07/2026,2,CO1,SANJAY VAN STOCK,AIR STRIP OB DUMP II,2.27
EX007,05/07/2026,2,OB,NEW N2 STOCK,AIR STRIP OB DUMP II,2.70
EX007,05/07/2026,2,OB,SANJAY VAN STOCK,AIR STRIP OB DUMP II,2.58
EX007,05/07/2026,2,OB,SANJAY VAN STOCK,QSE LOWER MASJID DUMP,1.72
EX008,05/07/2026,2,CO1,QSEB_VI OB 3,,3.12
EX008,05/07/2026,2,CO1,QSEB_VI OB 3,AIR STRIP OB DUMP II,9.13
EX008,05/07/2026,2,CO1,QSEB_VI OB 3,RAM SETU COAL STOCK,1.69
EX008,05/07/2026,2,OB,QSEB_VI OB 3,QSE_ FILLING POINT DUMP,3.53
EX008,05/07/2026,2,OB,QSEB_VI OB 3,QSE_FILLING POINT DUMP 2,2.77
EX009,05/07/2026,2,OB,QAB_VI A OB/COAL,QAB_TYCOON DUMP,3.94
EX009,05/07/2026,2,OB,QAB_VI B OB/COAL,QAB_TYCOON DUMP,4.60
EX010,05/07/2026,2,CO1,QAB_VI A OB/COAL,COAL _STOCK_DFP,3.41
EX010,05/07/2026,2,CO1,QAB_VI A OB/COAL,PCP-III,3.37
EX010,05/07/2026,2,MXC,QAB_VI A OB/COAL,PCP-III,4.30
EX010,05/07/2026,2,MXC,QAB_VI A OB/COAL,QAB_HANGER STOCK 1,4.87
EX010,05/07/2026,2,OB,QAB_VI A OB/COAL,QAB_BANJEE DUMP,4.22
EX012,05/07/2026,2,OB,QAB_X OB 2 NEW,QAB_FRS DUMP NEW,4.60
EX012,05/07/2026,2,OB,QAB_X OB 2 NEW,QAB_TYCOON DUMP,5.40
PL003,05/07/2026,2,CO1,ACD COAL STOCK,NEW CHP,4.87
PL003,05/07/2026,2,CO1,BELT LINE COAL STOCK,NEW CHP,2.52
PL003,05/07/2026,2,CO1,QSE_FILLING POINT DUMP 2,NEW CHP,5.30
PL003,05/07/2026,2,CO1,QSE_VII OB 2,NEW CHP,5.74
PL004,05/07/2026,2,OB,QSE_X OB IV 2,AIR STRIP OB DUMP II,1.97
PL2K05,05/07/2026,2,CO1,SCC-C STOCK,Banjee Upper Stock,0.00
PL2K06,05/07/2026,2,CO1,COAL _STOCK_DFP,Banjee Lower Stock,0.00
PL2K06,05/07/2026,2,CO1,COAL _STOCK_DFP,Banjee Upper Stock,0.00
PL2K06,05/07/2026,2,CO1,COAL _STOCK_DFP,COAL _STOCK_DFP,0.00
PL2K06,05/07/2026,2,CO1,QAB_HANGER STOCK 1,Banjee Upper Stock,0.25
PL2K06,05/07/2026,2,CO1,QAB_HANGER STOCK 1,PCP-III,0.46
PL2K06,05/07/2026,2,OB,COAL _STOCK_DFP,QAB_BANJEE DUMP,1.81
EX0011,05/07/2026,3,OB,QSE-X OB1 Air strip,AIR STRIP OB DUMP II,1.58
EX0011,05/07/2026,3,OB,QSE-X OB1 Air strip,QSE LOWER MASJID DUMP,1.45
EX0011,05/07/2026,3,OB,QSE-X OB1 Air strip,QSE_MASJID DUMP,0.52
EX003,05/07/2026,3,OB,QAB_VI B OB/COAL,QAB_TYCOON DUMP,3.81
EX004,05/07/2026,3,OB,QAB_X OB Fire area,QAB_BANJEE DUMP,5.46
EX004,05/07/2026,3,OBS,QAB_X OB Fire area,QAB_BANJEE DUMP,4.81
EX005,05/07/2026,3,CO1,QSE_VII OB 2,NEW CHP,4.50
EX005,05/07/2026,3,CO1,QSEB_VI OB 3,BELT LINE COAL STOCK,5.95
EX005,05/07/2026,3,CO1,QSEB_VI OB 3,NEW CHP,7.17
EX005,05/07/2026,3,CO1,QSEB_VI OB 3,QSE_FILLING POINT DUMP 2,9.26
EX005,05/07/2026,3,OB,QSEB_VI OB 3,QSE_ FILLING POINT DUMP,4.23
EX006,05/07/2026,3,OB,QAB_VI B OB/COAL,QAB_TYCOON DUMP,4.73
EX007,05/07/2026,3,CO1,QSEXOB1,AIR STRIP OB DUMP II,2.75
EX007,05/07/2026,3,CO1,SANJAY VAN STOCK,AIR STRIP OB DUMP II,2.27
EX007,05/07/2026,3,OB,QSEXOB1,AIR STRIP OB DUMP II,2.03
EX007,05/07/2026,3,OB,QSEXOB1,QSE LOWER MASJID DUMP,2.13
EX007,05/07/2026,3,OB,SANJAY VAN STOCK,AIR STRIP OB DUMP II,3.40
EX007,05/07/2026,3,OB,SANJAY VAN STOCK,QSE_ FILLING POINT DUMP,0.00
EX008,05/07/2026,3,OB,QSEB_VI OB 3,QSE_ FILLING POINT DUMP,3.37
EX008,05/07/2026,3,OB,QSEB_VI OB 3,QSE_FILLING POINT DUMP 2,4.51
EX009,05/07/2026,3,CO1,QAB_VII COAL HW PAD,MD_COAL STOCK,3.79
EX009,05/07/2026,3,CO1,QAB_VII COAL HW PAD,PCP-III,4.13
EX009,05/07/2026,3,OB,QAB_VII COAL HW PAD,QAB_TYCOON DUMP,4.95
EX010,05/07/2026,3,CO1,QAB_VI A OB/COAL,PCP-III,6.09
EX010,05/07/2026,3,CO1,QAB_VI A OB/COAL,QAB LMV1,5.17
EX010,05/07/2026,3,OB,QAB_VI A OB/COAL,QAB_BANJEE DUMP,5.00
EX012,05/07/2026,3,OB,QAB_X OB 2 NEW,QAB_FRS DUMP NEW,4.79
EX012,05/07/2026,3,OB,QAB_X OB 2 NEW,QAB_TYCOON DUMP,5.45
PL003,05/07/2026,3,CO1,QSE-X OB1 Air strip,AIR STRIP OB DUMP II,1.75
PL003,05/07/2026,3,OB,QSE-X OB1 Air strip,AIR STRIP OB DUMP II,2.06
PL003,05/07/2026,3,OB,QSE-X OB1 Air strip,QSE LOWER MASJID DUMP,3.12
PL004,05/07/2026,3,CO1,QSE_VII OB 2,NEW CHP,6.69
PL004,05/07/2026,3,CO1,QSEB_VI OB 3,NEW CHP,6.31
PL2K05,05/07/2026,3,CO1,COAL _STOCK_DFP,Banjee Upper Stock,0.46
PL2K05,05/07/2026,3,CO1,COAL _STOCK_DFP,COAL _STOCK_DFP,3.15
PL2K05,05/07/2026,3,CO1,COAL _STOCK_DFP,PCP-III,2.33
PL2K05,05/07/2026,3,CO1,SCC-C STOCK,Banjee Upper Stock,2.25
PL2K05,05/07/2026,3,OB,COAL _STOCK_DFP,QAB_BANJEE DUMP,4.50
PL2K05,05/07/2026,3,OB,SCC-C STOCK,QAB_BANJEE DUMP,4.79
PL2K06,05/07/2026,3,CO1,COAL _STOCK_DFP,PCP-III,2.25
PL2K06,05/07/2026,3,CO1,QAB_HANGER STOCK 1,PCP-III,0.88
EX0011,06/07/2026,1,CO1,NEW N2 STOCK,,0.82
EX0011,06/07/2026,1,CO1,NEW N2 STOCK,AIR STRIP OB DUMP II,1.54
EX0011,06/07/2026,1,OB,NEW N2 STOCK,AIR STRIP OB DUMP II,1.36
EX0011,06/07/2026,1,OB,NEW N2 STOCK,QSE LOWER MASJID DUMP,1.92
EX0011,06/07/2026,1,OB,QSE-X OB1 Air strip,AIR STRIP OB DUMP II,1.87
EX0011,06/07/2026,1,OB,QSE-X OB1 Air strip,QSE LOWER MASJID DUMP,1.77
EX003,06/07/2026,1,OB,QAB_VI B OB/COAL,QAB_TYCOON DUMP,3.71
EX004,06/07/2026,1,CO1,QAB_X OB Fire area,Banjee Middle Stock,4.08
EX004,06/07/2026,1,OB,QAB_X OB Fire area,QAB_BANJEE DUMP,3.44
EX004,06/07/2026,1,OBS,QAB_X OB Fire area,QAB_BANJEE DUMP,4.33
EX005,06/07/2026,1,CO1,QSEB_VI OB 3,RAM SETU COAL STOCK,3.28
EX005,06/07/2026,1,OB,QSEB_VI OB 3,QSE_ FILLING POINT DUMP,4.00
EX005,06/07/2026,1,OB,QSEB_VI OB 3,QSE_FILLING POINT DUMP 2,7.59
EX007,06/07/2026,1,CO1,NEW N2 STOCK,AIR STRIP OB DUMP II,2.79
EX007,06/07/2026,1,CO1,NEW N2 STOCK,QSE LOWER MASJID DUMP,3.17
EX007,06/07/2026,1,CO1,NEW N2 STOCK,QSE_ FILLING POINT DUMP,4.20
EX007,06/07/2026,1,OB,NEW N2 STOCK,AIR STRIP OB DUMP II,3.28
EX007,06/07/2026,1,OB,NEW N2 STOCK,QSE LOWER MASJID DUMP,2.97
EX008,06/07/2026,1,CO1,QSEB_VI OB 3,RAM SETU COAL STOCK,4.11
EX008,06/07/2026,1,OB,QSEB_VI OB 3,QSE_ FILLING POINT DUMP,3.92
EX008,06/07/2026,1,OB,QSEB_VI OB 3,QSE_FILLING POINT DUMP 2,3.92
EX009,06/07/2026,1,CO1,QAB_VI A OB/COAL,PCP-III,2.28
EX009,06/07/2026,1,CO1,QAB_VI B OB/COAL,COAL _STOCK_DFP,2.88
EX009,06/07/2026,1,CO1,QAB_VI B OB/COAL,QAB LMV1,4.54
EX009,06/07/2026,1,OB,QAB_VI A OB/COAL,QAB_BANJEE DUMP,3.10
EX009,06/07/2026,1,OB,QAB_VI B OB/COAL,QAB_BANJEE DUMP,3.78
EX010,06/07/2026,1,OB,QAB_VI A OB/COAL,QAB_BANJEE DUMP,4.85
EX012,06/07/2026,1,OB,QAB_X OB 2 NEW,QAB_FRS DUMP NEW,3.76
EX012,06/07/2026,1,OB,QAB_X OB 2 NEW,QAB_TYCOON DUMP,6.93
PL003,06/07/2026,1,CO1,QSE-X OB1 Air strip,,4.43
PL003,06/07/2026,1,CO1,QSE-X OB1 Air strip,AIR STRIP OB DUMP II,1.80
PL003,06/07/2026,1,CO1,QSE-X OB1 Air strip,QSE LOWER MASJID DUMP,1.73
PL003,06/07/2026,1,OB,NEW N2 STOCK,AIR STRIP OB DUMP II,1.54
PL003,06/07/2026,1,OB,QSE-X OB1 Air strip,AIR STRIP OB DUMP II,1.86
PL003,06/07/2026,1,OB,QSE-X OB1 Air strip,QSE LOWER MASJID DUMP,1.94
PL003,06/07/2026,1,OB,QSE-X OB1 Air strip,QSE_MASJID DUMP,1.50
PL003,06/07/2026,1,OB,QSE-X OB1 Air strip,TAILING YARD STOCK,3.20
PL004,06/07/2026,1,CO1,QSEB_VI OB 3,NEW CHP,0.00
PL004,06/07/2026,1,CO1,QSEB_VI OB 3,SANJAY VAN STOCK,3.86
PL004,06/07/2026,1,OB,QSE_VII OB 2,QSE_ FILLING POINT DUMP,8.44
PL004,06/07/2026,1,OB,QSEB_VI OB 3,QSE_ FILLING POINT DUMP,2.90
PL2K05,06/07/2026,1,CO1,COAL _STOCK_DFP,Banjee Upper Stock,0.00
PL2K05,06/07/2026,1,OB,COAL _STOCK_DFP,QAB_BANJEE DUMP,1.52
PL2K06,06/07/2026,1,CO1,COAL _STOCK_DFP,PCP-III,0.00
PL2K06,06/07/2026,1,CO1,QAB LMV1,PCP-III,0.00
PL2K06,06/07/2026,1,OB,COAL _STOCK_DFP,QAB_BANJEE DUMP,2.22
PL2K06,06/07/2026,1,OB,QAB LMV1,QAB_BANJEE DUMP,1.81
EX0010,06/07/2026,2,OB,QSE-X OB2,QSE_ FILLING POINT DUMP,4.02
EX0010,06/07/2026,2,OB,QSE-X OB2,QSE_FILLING POINT DUMP 2,4.34
EX0011,06/07/2026,2,CO1,NEW N2 STOCK,AIR STRIP OB DUMP II,1.40
EX0011,06/07/2026,2,OB,NEW N2 STOCK,AIR STRIP OB DUMP II,4.02
EX0011,06/07/2026,2,OB,NEW N2 STOCK,QSE LOWER MASJID DUMP,1.08
EX0011,06/07/2026,2,OB,QSE-X OB1 Air strip,AIR STRIP OB DUMP II,0.00
EX0011,06/07/2026,2,OB,QSE-X OB1 Air strip,QSE_ FILLING POINT DUMP,4.37
EX0011,06/07/2026,2,OB,QSE-X OB1 Air strip,QSE_FILLING POINT DUMP 2,3.52
EX003,06/07/2026,2,OB,QAB_VI B OB/COAL,QAB_TYCOON DUMP,4.40
EX004,06/07/2026,2,CO1,QAB-X OB,Banjee Middle Stock,3.76
EX004,06/07/2026,2,CO1,QAB_X OB Fire area,Banjee Middle Stock,4.72
EX004,06/07/2026,2,CO1,QAB_X OB Fire area,PCP-III,4.31
EX004,06/07/2026,2,OB,QAB-X OB,QAB_BANJEE DUMP,4.22
EX004,06/07/2026,2,OB,QAB_X OB Fire area,QAB_BANJEE DUMP,5.61
EX004,06/07/2026,2,OBS,QAB-X OB,QAB_BANJEE DUMP,3.51
EX004,06/07/2026,2,OBS,QAB_X OB Fire area,QAB_BANJEE DUMP,4.56
EX005,06/07/2026,2,OB,QSE-X OB1 Air strip,QSE_ FILLING POINT DUMP,2.24
EX005,06/07/2026,2,OB,QSEB_VI OB 3,QSE_ FILLING POINT DUMP,2.33
EX007,06/07/2026,2,CO1,NEW N2 STOCK,,1.63
EX007,06/07/2026,2,CO1,OLD N2 STOCK,AIR STRIP OB DUMP II,5.25
EX007,06/07/2026,2,OB,NEW N2 STOCK,AIR STRIP OB DUMP II,2.32
EX007,06/07/2026,2,OB,NEW N2 STOCK,QSE LOWER MASJID DUMP,1.82
EX007,06/07/2026,2,OB,NEW N2 STOCK,QSE_MASJID DUMP,3.24
EX007,06/07/2026,2,OB,OLD N2 STOCK,AIR STRIP OB DUMP II,2.79
EX007,06/07/2026,2,OB,OLD N2 STOCK,QSE_MASJID DUMP,2.11
EX007,06/07/2026,2,OB,QSEXOB1,AIR STRIP DUMP 1,2.14
EX008,06/07/2026,2,CO1,QSEB_VI OB 3,,6.12
EX008,06/07/2026,2,CO1,QSEB_VI OB 3,QSE_ FILLING POINT DUMP,3.61
EX008,06/07/2026,2,CO1,QSEB_VI OB 3,QSE_FILLING POINT DUMP 2,2.81
EX008,06/07/2026,2,OB,QSEB_VI OB 3,QSE_ FILLING POINT DUMP,3.68
EX008,06/07/2026,2,OB,QSEB_VI OB 3,QSE_FILLING POINT DUMP 2,3.13
EX009,06/07/2026,2,CO1,QAB_VI B OB/COAL,COAL _STOCK_DFP,5.20
EX009,06/07/2026,2,CO1,QAB_VI B OB/COAL,QAB LMV1,3.83
EX009,06/07/2026,2,MXC,QAB_VI A OB/COAL,PCP-III,5.17
EX009,06/07/2026,2,MXC,QAB_VI B OB/COAL,PCP-III,1.75
EX009,06/07/2026,2,MXC,QAB_VI B OB/COAL,QAB_TYCOON DUMP,4.68
EX009,06/07/2026,2,OB,QAB_VI B OB/COAL,QAB_BANJEE DUMP,4.89
EX010,06/07/2026,2,CO1,QAB_VI A OB/COAL,COAL _STOCK_DFP,2.31
EX010,06/07/2026,2,MXC,QAB_VI A OB/COAL,COAL _STOCK_DFP,0.49
EX010,06/07/2026,2,MXC,QAB_VI A OB/COAL,QAB_HANGER STOCK 1,4.99
EX010,06/07/2026,2,OB,QAB_VI A OB/COAL,QAB_BANJEE DUMP,4.91
EX012,06/07/2026,2,OB,QAB_X OB 2 NEW,QAB_FRS DUMP NEW,5.19
EX012,06/07/2026,2,OB,QAB_X OB 2 NEW,QAB_TYCOON DUMP,5.39
PL003,06/07/2026,2,CO1,NEW N2 STOCK,AIR STRIP OB DUMP II,1.67
PL003,06/07/2026,2,CO1,QSE-X OB1 Air strip,AIR STRIP OB DUMP II,1.25
PL003,06/07/2026,2,OB,NEW N2 STOCK,AIR STRIP OB DUMP II,1.55
PL003,06/07/2026,2,OB,QSE-X OB1 Air strip,AIR STRIP DUMP 1,0.00
PL003,06/07/2026,2,OB,QSE-X OB1 Air strip,AIR STRIP OB DUMP II,1.69
PL003,06/07/2026,2,OB,QSE-X OB1 Air strip,QSE LOWER MASJID DUMP,3.09
PL003,06/07/2026,2,OB,QSE-X OB1 Air strip,QSE_MASJID DUMP,1.10
PL004,06/07/2026,2,OB,SANJAY VAN STOCK,AIR STRIP DUMP 1,5.70
PL004,06/07/2026,2,OB,SANJAY VAN STOCK,QSE_ FILLING POINT DUMP,1.56
PL2K06,06/07/2026,2,CO1,COAL _STOCK_DFP,COAL _STOCK_DFP,1.24
PL2K06,06/07/2026,2,CO1,COAL _STOCK_DFP,PCP-III,1.52
PL2K06,06/07/2026,2,CO1,COAL _STOCK_DFP,QAB_BANJEE DUMP,0.88
PL2K06,06/07/2026,2,CO1,QAB LMV1,PCP-III,0.00
PL2K06,06/07/2026,2,CO1,QAB LMV1,QAB_BANJEE DUMP,0.98
PL2K06,06/07/2026,2,OB,COAL _STOCK_DFP,QAB_BANJEE DUMP,0.00
PL2K06,06/07/2026,2,OB,QAB LMV1,QAB_BANJEE DUMP,3.60
EX0010,06/07/2026,3,CO1,QSEB_VI OB 3,NEW CHP,6.64
EX0011,06/07/2026,3,OB,QSE-X OB2,QSE_ FILLING POINT DUMP,4.44
EX0011,06/07/2026,3,OB,QSE-X OB2,QSE_FILLING POINT DUMP 2,3.78
EX0011,06/07/2026,3,OB,QSE_X OB IV 2,AIR STRIP OB DUMP II,8.07
EX0011,06/07/2026,3,OB,QSE_X OB IV 2,QSE_ FILLING POINT DUMP,5.19
EX0011,06/07/2026,3,OB,QSE_X OB IV 2,QSE_FILLING POINT DUMP 2,1.67
EX003,06/07/2026,3,OB,QAB_VI B OB/COAL,QAB_BANJEE DUMP,5.64
EX003,06/07/2026,3,OB,QAB_VI B OB/COAL,QAB_TYCOON DUMP,3.55
EX004,06/07/2026,3,CO1,QAB-X OB,Banjee Middle Stock,5.72
EX004,06/07/2026,3,CO1,QAB-X OB,QAB LMV1,4.28
EX004,06/07/2026,3,OB,QAB-X OB,QAB_BANJEE DUMP,5.23
EX004,06/07/2026,3,OBS,QAB-X OB,QAB_BANJEE DUMP,2.77
EX005,06/07/2026,3,OB,QSE-VII OB/Coal 2,QSE_ FILLING POINT DUMP,2.35
EX005,06/07/2026,3,OB,QSE-VII OB/Coal 2,QSE_FILLING POINT DUMP 2,1.25
EX005,06/07/2026,3,OB,QSEB_VI OB 3,QSE_ FILLING POINT DUMP,2.00
EX006,06/07/2026,3,OB,QAB_VI A OB/COAL,QAB_TYCOON DUMP,4.21
EX007,06/07/2026,3,CO1,SANJAY VAN STOCK,,2.89
EX007,06/07/2026,3,OB,QSEXOB1,AIR STRIP OB DUMP II,5.81
EX007,06/07/2026,3,OB,SANJAY VAN STOCK,AIR STRIP OB DUMP II,3.73
EX008,06/07/2026,3,CO1,QSEB_VI OB 3,,3.08
EX008,06/07/2026,3,CO1,QSEB_VI OB 3,QSE LOWER MIDDLE DUMP,3.08
EX008,06/07/2026,3,OB,QSEB_VI OB 3,QSE_ FILLING POINT DUMP,3.92
EX008,06/07/2026,3,OB,QSEB_VI OB 3,QSE_FILLING POINT DUMP 2,3.18
EX009,06/07/2026,3,MXC,QAB_VI A OB/COAL,QAB_TYCOON DUMP,4.72
EX009,06/07/2026,3,MXC,QAB_VII COAL HW PAD,QAB_TYCOON DUMP,4.29
EX010,06/07/2026,3,OB,QAB_VI A OB/COAL,QAB_BANJEE DUMP,9.17
EX012,06/07/2026,3,OB,QAB_X OB 2 NEW,QAB_FRS DUMP NEW,8.80
PL003,06/07/2026,3,CO1,NEW N2 STOCK,AIR STRIP OB DUMP II,0.74
PL003,06/07/2026,3,OB,NEW N2 STOCK,AIR STRIP OB DUMP II,3.25
PL004,06/07/2026,3,OB,SANJAY VAN STOCK,QSE_ FILLING POINT DUMP,7.28
PL2K05,06/07/2026,3,CO1,QAB LMV1,PCP-III,2.11
PL2K06,06/07/2026,3,CO1,COAL _STOCK_DFP,PCP-III,3.15
PL2K06,06/07/2026,3,CO1,QAB LMV1,PCP-III,3.27
EX0010,07/07/2026,1,CO1,QSEB_VI OB 3,BELT LINE COAL STOCK,6.94
EX0010,07/07/2026,1,CO1,QSEB_VI OB 3,NEW CHP,6.88
EX0010,07/07/2026,1,OB,QSEB_VI OB 3,QSE_ FILLING POINT DUMP,7.86
EX0011,07/07/2026,1,CO1,QSE-X OB2,RAM SETU COAL STOCK,2.86
EX0011,07/07/2026,1,CO1,QSE_X OB IV 2,RAM SETU COAL STOCK,3.46
EX0011,07/07/2026,1,OB,QSE-X OB2,QSE_ FILLING POINT DUMP,3.87
EX0011,07/07/2026,1,OB,QSE-X OB2,QSE_FILLING POINT DUMP 2,2.87
EX0011,07/07/2026,1,OB,QSE_X OB IV 2,QSE_ FILLING POINT DUMP,5.23
EX0011,07/07/2026,1,OB,QSE_X OB IV 2,QSE_FILLING POINT DUMP 2,2.25
EX004,07/07/2026,1,OB,QAB-X OB,QAB_FRS DUMP NEW,6.00
EX004,07/07/2026,1,OBS,QAB-X OB,QAB_FRS DUMP NEW,4.04
EX005,07/07/2026,1,OB,QSE-VII OB/Coal 2,QSE_ FILLING POINT DUMP,2.51
EX005,07/07/2026,1,OB,QSE-VII OB/Coal 2,QSE_FILLING POINT DUMP 2,1.59
EX005,07/07/2026,1,OB,QSEB_VI OB 3,QSE_ FILLING POINT DUMP,1.80
EX005,07/07/2026,1,OB,QSEB_VI OB 3,QSE_FILLING POINT DUMP 2,1.24
EX006,07/07/2026,1,OB,QAB_VI A OB/COAL,QAB_TYCOON DUMP,2.86
EX007,07/07/2026,1,CO1,SANJAY VAN STOCK,AIR STRIP OB DUMP II,4.34
EX007,07/07/2026,1,CO1,SANJAY VAN STOCK,NEW N2 STOCK,2.27
EX007,07/07/2026,1,OB,SANJAY VAN STOCK,AIR STRIP DUMP 1,0.92
EX007,07/07/2026,1,OB,SANJAY VAN STOCK,AIR STRIP OB DUMP II,4.48
EX007,07/07/2026,1,OB,SANJAY VAN STOCK,TAILING YARD STOCK,2.60
EX008,07/07/2026,1,OB,QSEB_VI OB 3,QSE_ FILLING POINT DUMP,4.04
EX008,07/07/2026,1,OB,QSEB_VI OB 3,QSE_FILLING POINT DUMP 2,0.51
EX009,07/07/2026,1,CO1,COAL _STOCK_DFP,PCP-III,0.36
EX009,07/07/2026,1,CO1,MD_COAL STOCK,PCP-III,1.81
EX009,07/07/2026,1,CO1,QAB_VII COAL HW PAD,MD_COAL STOCK,4.62
EX009,07/07/2026,1,CO1,QAB_VII COAL HW PAD,PCP-III,4.60
EX009,07/07/2026,1,OB,MD_COAL STOCK,QAB_BANJEE DUMP,5.43
EX009,07/07/2026,1,OB,QAB_VII COAL HW PAD,QAB_BANJEE DUMP,4.63
EX010,07/07/2026,1,MXC,QAB_VI B OB/COAL,QAB LMV1,4.68
EX010,07/07/2026,1,OB,QAB_VI B OB/COAL,QAB_BANJEE DUMP,3.71
EX010,07/07/2026,1,OBS,QAB_VI B OB/COAL,QAB_TYCOON DUMP,5.27
EX012,07/07/2026,1,OB,QAB_X OB 2 NEW,QAB_FRS DUMP NEW,4.96
EX012,07/07/2026,1,OB,QAB_X OB 2 NEW,QAB_TYCOON DUMP,4.82
PL004,07/07/2026,1,OB,QSE_FILLING POINT DUMP 2,QSE_ FILLING POINT DUMP,0.81
PL004,07/07/2026,1,OB,SANJAY VAN STOCK,QSE_ FILLING POINT DUMP,2.39
PL2K05,07/07/2026,1,CO1,QAB LMV1,PCP-III,0.92
PL2K06,07/07/2026,1,CO1,MD_COAL STOCK,PCP-III,1.36
EX0010,07/07/2026,2,CO1,QSE_VII OB 2,NEW CHP,7.31
EX0010,07/07/2026,2,CO1,QSEB_VI OB 3,NEW CHP,7.50
EX0010,07/07/2026,2,OB,QSEB_VI OB 3,QSE_ FILLING POINT DUMP,3.03
EX0011,07/07/2026,2,OB,QSE-X OB2,QSE_ FILLING POINT DUMP,3.77
EX0011,07/07/2026,2,OB,QSE-X OB2,QSE_FILLING POINT DUMP 2,1.08
EX0011,07/07/2026,2,OB,QSE_X OB IV 2,QSE_ FILLING POINT DUMP,5.84
EX0011,07/07/2026,2,OB,QSE_X OB IV 2,QSE_FILLING POINT DUMP 2,1.17
EX004,07/07/2026,2,OBS,QAB-X OB,QAB_FRS DUMP NEW,4.35
EX005,07/07/2026,2,OB,QSEB_VI OB 3,QSE_ FILLING POINT DUMP,1.84
EX005,07/07/2026,2,OB,QSEB_VI OB 3,QSE_FILLING POINT DUMP 2,1.30
EX006,07/07/2026,2,OB,QAB_VI A OB/COAL,QAB_TYCOON DUMP,2.66
EX007,07/07/2026,2,CO1,SANJAY VAN STOCK,SANJAY VAN STOCK,7.25
EX007,07/07/2026,2,OB,SANJAY VAN STOCK,AIR STRIP DUMP 1,3.27
EX007,07/07/2026,2,OB,SANJAY VAN STOCK,AIR STRIP OB DUMP II,4.51
EX007,07/07/2026,2,OB,SANJAY VAN STOCK,TAILING YARD STOCK,2.71
EX008,07/07/2026,2,OB,QSE_VII OB 2,QSE_ FILLING POINT DUMP,2.69
EX009,07/07/2026,2,CO1,COAL _STOCK_DFP,PCP-III,0.00
EX009,07/07/2026,2,CO1,QAB_X OB 2 NEW,Banjee Lower Stock,4.87
EX009,07/07/2026,2,CO1,QAB_X OB 2 NEW,PCP-III,3.55
EX009,07/07/2026,2,OB,QAB_X OB 2 NEW,QAB_BANJEE DUMP,3.96
EX010,07/07/2026,2,CO1,QAB_VI A OB/COAL,COAL _STOCK_DFP,3.58
EX010,07/07/2026,2,CO1,QAB_VI B OB/COAL,COAL _STOCK_DFP,4.22
EX010,07/07/2026,2,CO1,QAB_VI B OB/COAL,MD_COAL STOCK,6.77
EX010,07/07/2026,2,MXC,QAB_VI A OB/COAL,COAL _STOCK_DFP,3.33
EX010,07/07/2026,2,OB,QAB_VI A OB/COAL,QAB_BANJEE DUMP,4.36
EX010,07/07/2026,2,OB,QAB_VI B OB/COAL,QAB_BANJEE DUMP,5.97
EX012,07/07/2026,2,CO1,QAB_X OB 2 NEW,PCP-III,6.88
EX012,07/07/2026,2,CO1,QAB_X OB 2 NEW,QAB_HANGER STOCK 1,5.81
EX012,07/07/2026,2,CO1,QAB_X OB Fire area,PCP-III,5.91
EX012,07/07/2026,2,CO1,QAB_X OB Fire area,QAB_HANGER STOCK 1,6.32
PL003,07/07/2026,2,OB,QSE_VII OB 2,QSE_ FILLING POINT DUMP,3.46
PL004,07/07/2026,2,CO1,RAM SETU COAL STOCK,,3.02
PL004,07/07/2026,2,CO1,RAM SETU COAL STOCK,QSE_ FILLING POINT DUMP,3.37
PL004,07/07/2026,2,CO1,RAM SETU COAL STOCK,QSE_FILLING POINT DUMP 2,1.48
PL004,07/07/2026,2,OB,QSE_VII OB 2,QSE_ FILLING POINT DUMP,4.48
PL004,07/07/2026,2,OB,RAM SETU COAL STOCK,QSE_ FILLING POINT DUMP,3.15
PL004,07/07/2026,2,OB,RAM SETU COAL STOCK,QSE_FILLING POINT DUMP 2,2.51
PL2K06,07/07/2026,2,CO1,COAL _STOCK_DFP,COAL _STOCK_DFP,2.12
PL2K06,07/07/2026,2,CO1,COAL _STOCK_DFP,PCP-III,0.00
PL2K06,07/07/2026,2,CO1,MD_COAL STOCK,PCP-III,1.24
PL2K06,07/07/2026,2,CO1,QAB_HANGER STOCK 1,PCP-III,0.86
PL2K06,07/07/2026,2,CO1,SCC-C STOCK,Banjee Upper Stock,2.07
PL2K06,07/07/2026,2,OB,COAL _STOCK_DFP,QAB_BANJEE DUMP,2.33
PL2K06,07/07/2026,2,OB,SCC-C STOCK,QAB_BANJEE DUMP,2.40
EX0010,07/07/2026,3,CO1,QSE_VII OB 2,NEW CHP,6.66
EX0010,07/07/2026,3,CO1,QSEB_VI OB 3,BELT LINE COAL STOCK,6.59
EX0010,07/07/2026,3,CO1,QSEB_VI OB 3,NEW CHP,8.12
EX0010,07/07/2026,3,OB,QSEB_VI OB 3,QSE_ FILLING POINT DUMP,5.26
EX0010,07/07/2026,3,OB,QSEB_VI OB 3,QSE_FILLING POINT DUMP 2,5.63
EX0011,07/07/2026,3,OB,QSE-X OB2,QSE_ FILLING POINT DUMP,4.67
EX0011,07/07/2026,3,OB,QSE_X OB IV 2,QSE_ FILLING POINT DUMP,4.01
EX003,07/07/2026,3,OB,QAB_VI B OB/COAL,QAB_TYCOON DUMP,4.28
EX004,07/07/2026,3,OBS,QAB-X OB,QAB_FRS DUMP NEW,4.76
EX004,07/07/2026,3,OBS,QAB_X OB Fire area,QAB_FRS DUMP NEW,4.14
EX006,07/07/2026,3,OB,QAB_VI A OB/COAL,QAB_TYCOON DUMP,3.68
EX007,07/07/2026,3,CO1,NEW N2 STOCK,AIR STRIP DUMP 1,0.00
EX007,07/07/2026,3,CO1,SANJAY VAN STOCK,AIR STRIP DUMP 1,0.00
EX007,07/07/2026,3,OB,NEW N2 STOCK,AIR STRIP OB DUMP II,5.35
EX007,07/07/2026,3,OB,QSEXOB1,AIR STRIP DUMP 1,0.00
EX007,07/07/2026,3,OB,QSEXOB1,AIR STRIP OB DUMP II,5.52
EX007,07/07/2026,3,OB,SANJAY VAN STOCK,AIR STRIP DUMP 1,0.00
EX007,07/07/2026,3,OB,SANJAY VAN STOCK,AIR STRIP OB DUMP II,4.94
EX008,07/07/2026,3,OB,QSE-X OB2,QSE_ FILLING POINT DUMP,4.66
EX008,07/07/2026,3,OB,QSE-X OB2,QSE_FILLING POINT DUMP 2,3.79
EX009,07/07/2026,3,CO1,QAB_X OB 2 NEW,PCP-III,3.43
EX009,07/07/2026,3,CO1,QAB_X OB 2 NEW,QAB LMV1,2.10
EX009,07/07/2026,3,OB,QAB_X OB 2 NEW,QAB_BANJEE DUMP,4.67
EX009,07/07/2026,3,OB,QAB_X OB 2 NEW,QAB_UPPER OFFICE,2.88
EX010,07/07/2026,3,CO1,QAB_VII COAL HW PAD,COAL _STOCK_DFP,0.73
EX010,07/07/2026,3,CO1,QAB_VII COAL HW PAD,MD_COAL STOCK,4.39
EX010,07/07/2026,3,CO1,QAB_VII COAL HW PAD,PCP-III,4.20
EX010,07/07/2026,3,OB,QAB_VI A OB/COAL,QAB_BANJEE DUMP,4.95
EX012,07/07/2026,3,CO1,QAB_X OB 2 NEW,PCP-III,0.79
EX012,07/07/2026,3,CO1,QAB_X OB 2 NEW,QAB LMV1,5.09
EX012,07/07/2026,3,CO1,QAB_X OB 2 NEW,QAB_HANGER STOCK 1,5.49
EX012,07/07/2026,3,OB,QAB_X OB 2 NEW,QAB_BANJEE DUMP,5.12
PL004,07/07/2026,3,CO1,QSE_VII OB 2,QSE_ FILLING POINT DUMP,2.86
PL004,07/07/2026,3,CO1,RAM SETU COAL STOCK,QSE_ FILLING POINT DUMP,2.75
PL004,07/07/2026,3,OB,QSE_VII OB 2,QSE_ FILLING POINT DUMP,2.97
PL004,07/07/2026,3,OB,RAM SETU COAL STOCK,QSE_ FILLING POINT DUMP,3.79
PL2K05,07/07/2026,3,CO1,MD_COAL STOCK,PCP-III,1.29
PL2K06,07/07/2026,3,CO1,COAL _STOCK_DFP,Banjee Upper Stock,0.02
PL2K06,07/07/2026,3,CO1,COAL _STOCK_DFP,PCP-III,2.46
EX0010,08/07/2026,1,CO1,QSEB_VI OB 3,NEW CHP,7.87
EX0010,08/07/2026,1,MXC,QSEB_VI OB 3,NEW CHP,6.27
EX0010,08/07/2026,1,OB,QSEB_VI OB 3,QSE_ FILLING POINT DUMP,3.76
EX0011,08/07/2026,1,OB,QSE-X OB2,QSE_ FILLING POINT DUMP,4.79
EX0011,08/07/2026,1,OB,QSE-X OB2,QSE_FILLING POINT DUMP 2,4.65
EX003,08/07/2026,1,OB,QAB_VI B OB/COAL,QAB_TYCOON DUMP,3.61
EX004,08/07/2026,1,OBS,QAB_X OB Fire area,QAB_FRS DUMP NEW,4.76
EX005,08/07/2026,1,CO1,QSEB_VI OB 3,QSE_ FILLING POINT DUMP,3.05
EX005,08/07/2026,1,CO1,RAM SETU COAL STOCK,QSE_ FILLING POINT DUMP,3.20
EX005,08/07/2026,1,OB,QSEB_VI OB 3,QSE_ FILLING POINT DUMP,2.76
EX005,08/07/2026,1,OB,RAM SETU COAL STOCK,QSE_ FILLING POINT DUMP,2.74
EX006,08/07/2026,1,OB,QAB_VI A OB/COAL,QAB_TYCOON DUMP,4.16
EX007,08/07/2026,1,CO1,QSEXOB1,,3.94
EX007,08/07/2026,1,OB,QSEXOB1,AIR STRIP OB DUMP II,4.81
EX007,08/07/2026,1,OB,QSEXOB1,QSE LOWER MASJID DUMP,4.83
EX008,08/07/2026,1,OB,QSE-X OB2,QSE_ FILLING POINT DUMP,4.73
EX008,08/07/2026,1,OB,QSE-X OB2,QSE_FILLING POINT DUMP 2,3.82
EX009,08/07/2026,1,CO1,QAB_X OB 2 NEW,Banjee Middle Stock,5.22
EX009,08/07/2026,1,CO1,QAB_X OB 2 NEW,PCP-III,0.83
EX009,08/07/2026,1,CO1,QAB_X OB Fire area,Banjee Lower Stock,3.65
EX009,08/07/2026,1,CO1,QAB_X OB Fire area,PCP-III,1.58
EX009,08/07/2026,1,OB,QAB_X OB Fire area,QAB_BANJEE DUMP,3.41
EX009,08/07/2026,1,OB,QAB_X OB Fire area,QAB_UPPER OFFICE,3.99
EX010,08/07/2026,1,CO1,QAB_VI A OB/COAL,COAL _STOCK_DFP,0.00
EX010,08/07/2026,1,OB,QAB_FIRE AREA SEC A,QAB_TYCOON DUMP,4.90
EX010,08/07/2026,1,OB,QAB_VI A OB/COAL,QAB_TYCOON DUMP,5.13
EX012,08/07/2026,1,CO1,QAB_X OB 2 NEW,Banjee Lower Stock,5.48
EX012,08/07/2026,1,CO1,QAB_X OB 2 NEW,PCP-III,4.75
EX012,08/07/2026,1,CO1,QAB_X OB 2 NEW,QAB LMV1,4.62
EX012,08/07/2026,1,CO1,QAB_X OB 2 NEW,QAB_HANGER STOCK 1,4.26
EX012,08/07/2026,1,CO1,QAB_X OB Fire area,PCP-III,4.60
EX012,08/07/2026,1,OB,QAB_X OB 2 NEW,QAB_BANJEE DUMP,5.04
EX012,08/07/2026,1,OB,QAB_X OB 2 NEW,QAB_UPPER OFFICE,3.81
EX012,08/07/2026,1,OB,QAB_X OB Fire area,QAB_BANJEE DUMP,5.47
PL003,08/07/2026,1,CO1,BELT LINE COAL STOCK,NEW CHP,4.74
PL003,08/07/2026,1,CO1,QSE_ FILLING POINT DUMP,NEW CHP,5.52
PL003,08/07/2026,1,OB,QSE_VII OB 2,AIR STRIP OB DUMP II,0.73
PL003,08/07/2026,1,OB,QSE_VII OB 2,QSE LOWER MASJID DUMP,2.35
PL004,08/07/2026,1,OB,QSE_VII OB 2,QSE_ FILLING POINT DUMP,3.82
PL2K05,08/07/2026,1,CO1,QAB_HANGER STOCK 1,PCP-III,0.58
PL2K06,08/07/2026,1,CO1,QAB LMV1,Banjee Upper Stock,0.00
PL2K06,08/07/2026,1,CO1,QAB LMV1,PCP-III,4.02
PL2K06,08/07/2026,1,CO1,QAB_HANGER STOCK 1,PCP-III,1.01
EX0010,08/07/2026,2,OB,QSE_VII OB 2,QSE_ FILLING POINT DUMP,3.86
EX0010,08/07/2026,2,OB,QSEB_VI OB 3,QSE_ FILLING POINT DUMP,3.22
EX0011,08/07/2026,2,OB,QSE-X OB2,QSE_ FILLING POINT DUMP,4.39
EX0011,08/07/2026,2,OB,QSE-X OB2,QSE_FILLING POINT DUMP 2,4.39
EX003,08/07/2026,2,OB,QAB_VI B OB/COAL,QAB_TYCOON DUMP,3.06
EX004,08/07/2026,2,OBS,QAB_X OB Fire area,QAB_FRS DUMP NEW,4.46
EX005,08/07/2026,2,CO1,QSE_VII OB 2,QSE_ FILLING POINT DUMP,2.05
EX005,08/07/2026,2,CO1,RAM SETU COAL STOCK,QSE_ FILLING POINT DUMP,2.16
EX005,08/07/2026,2,OB,QSE_VII OB 2,QSE_ FILLING POINT DUMP,15.65
EX005,08/07/2026,2,OB,QSEB_VI OB 3,QSE_ FILLING POINT DUMP,5.65
EX005,08/07/2026,2,OB,RAM SETU COAL STOCK,QSE_ FILLING POINT DUMP,3.30
EX006,08/07/2026,2,OB,QAB_FIRE AREA SEC A,QAB_TYCOON DUMP,4.04
EX006,08/07/2026,2,OB,QAB_VI B OB/COAL,QAB_TYCOON DUMP,3.80
EX007,08/07/2026,2,CO1,QSEXOB1,SANJAY VAN STOCK,2.02
EX007,08/07/2026,2,OB,QSEXOB1,AIR STRIP OB DUMP II,3.85
EX008,08/07/2026,2,OB,QSE-X OB2,QSE_ FILLING POINT DUMP,4.82
EX008,08/07/2026,2,OB,QSE-X OB2,QSE_FILLING POINT DUMP 2,1.46
EX009,08/07/2026,2,CO1,QAB_X OB Fire area,COAL _STOCK_DFP,5.37
EX009,08/07/2026,2,CO1,QAB_X OB Fire area,PCP-III,6.44
EX009,08/07/2026,2,CO1,QAB_X OB Fire area,QAB LMV1,4.60
EX009,08/07/2026,2,CO1,QAB_X OB Fire area,QAB_HANGER STOCK 1,6.21
EX010,08/07/2026,2,OB,QAB_VI A OB/COAL,QAB_TYCOON DUMP,5.07
EX012,08/07/2026,2,OBS,QAB_X OB Fire area,QAB_FRS DUMP NEW,3.54
PL003,08/07/2026,2,CO1,QSE_ FILLING POINT DUMP,NEW CHP,5.93
PL003,08/07/2026,2,OB,QSE_ FILLING POINT DUMP,QSE_ FILLING POINT DUMP,8.29
PL004,08/07/2026,2,CO1,QSE_VII OB 2,NEW CHP,11.34
PL004,08/07/2026,2,OB,QSE_VII OB 2,QSE_ FILLING POINT DUMP,1.85
PL2K06,08/07/2026,2,CO1,COAL _STOCK_DFP,PCP-III,2.18
PL2K06,08/07/2026,2,CO1,QAB LMV1,Banjee Upper Stock,0.00
PL2K06,08/07/2026,2,CO1,QAB LMV1,PCP-III,4.05
PL2K06,08/07/2026,2,CO1,QAB LMV1,QAB_HANGER STOCK 1,4.27
EX0010,08/07/2026,3,CO1,QSEB_VI OB 3,NEW CHP,5.55
EX0010,08/07/2026,3,OB,QSE_VII OB 2,QSE_ FILLING POINT DUMP,3.36
EX0010,08/07/2026,3,OB,QSEB_VI OB 3,QSE_ FILLING POINT DUMP,3.84
EX0010,08/07/2026,3,OB,QSEB_VI OB 3,QSE_FILLING POINT DUMP 2,3.17
EX0011,08/07/2026,3,OB,QSE-X OB2,QSE_ FILLING POINT DUMP,4.95
EX0011,08/07/2026,3,OB,QSE-X OB2,QSE_FILLING POINT DUMP 2,5.71
EX0011,08/07/2026,3,OB,QSE_X OB IV 2,QSE_ FILLING POINT DUMP,4.26
EX0011,08/07/2026,3,OB,QSE_X OB IV 2,QSE_FILLING POINT DUMP 2,2.83
EX003,08/07/2026,3,OB,QAB_VI A OB/COAL,QAB_TYCOON DUMP,3.26
EX003,08/07/2026,3,OB,QAB_VI B OB/COAL,QAB_TYCOON DUMP,4.64
EX004,08/07/2026,3,OBS,QAB_X OB Fire area,QAB_FRS DUMP NEW,5.25
EX005,08/07/2026,3,CO1,QSE_VII OB 2,NEW CHP,7.46
EX005,08/07/2026,3,CO1,QSE_VII OB 2,QSE_FILLING POINT DUMP 2,7.27
EX006,08/07/2026,3,OB,QAB_FIRE AREA SEC A,QAB_TYCOON DUMP,5.09
EX006,08/07/2026,3,OB,QAB_VI A OB/COAL,QAB_TYCOON DUMP,4.02
EX006,08/07/2026,3,OB,QAB_VI B OB/COAL,QAB_TYCOON DUMP,4.02
EX007,08/07/2026,3,OB,QSEXOB1,AIR STRIP OB DUMP II,3.61
EX007,08/07/2026,3,OB,QSEXOB1,TAILING YARD STOCK,3.65
EX008,08/07/2026,3,OB,QSE-X OB2,QSE_ FILLING POINT DUMP,4.88
EX008,08/07/2026,3,OB,QSE-X OB2,QSE_FILLING POINT DUMP 2,2.29
EX009,08/07/2026,3,CO1,QAB_X OB Fire area,Banjee Middle Stock,6.77
EX009,08/07/2026,3,CO1,QAB_X OB Fire area,COAL _STOCK_DFP,8.38
EX009,08/07/2026,3,CO1,QAB_X OB Fire area,PCP-III,6.53
EX009,08/07/2026,3,CO1,QAB_X OB Fire area,QAB LMV1,4.16
EX009,08/07/2026,3,OB,QAB_X OB Fire area,QAB_BANJEE DUMP,5.91
EX010,08/07/2026,3,OB,QAB_VI A OB/COAL,QAB_TYCOON DUMP,4.32
EX012,08/07/2026,3,OBS,QAB_X OB Fire area,QAB_FRS DUMP NEW,6.44
EX012,08/07/2026,3,OBS,QAB_X/IX/VIII Firey Seam,QAB_FRS DUMP NEW,3.96
PL003,08/07/2026,3,OB,QSE_ FILLING POINT DUMP,AIR STRIP OB DUMP II,1.02
PL003,08/07/2026,3,OB,QSE_ FILLING POINT DUMP,In Pit,0.00
PL004,08/07/2026,3,CO1,ACD COAL STOCK,NEW CHP,7.05
PL2K05,08/07/2026,3,CO1,COAL _STOCK_DFP,PCP-III,2.56
PL2K05,08/07/2026,3,CO1,QAB LMV1,PCP-III,2.64
PL2K05,08/07/2026,3,CO1,QAB LMV1,QAB LMV1,2.18
PL2K06,08/07/2026,3,CO1,COAL _STOCK_DFP,Banjee Upper Stock,0.00
PL2K06,08/07/2026,3,CO1,COAL _STOCK_DFP,PCP-III,2.49
PL2K06,08/07/2026,3,CO1,QAB LMV1,Banjee Upper Stock,0.00
EX0010,09/07/2026,1,CO1,QSEB_VI OB 3,QSE_ FILLING POINT DUMP,3.49
EX0010,09/07/2026,1,CO1,QSEB_VI OB 3,RAM SETU COAL STOCK,2.44
EX0010,09/07/2026,1,CO1,RAM SETU COAL STOCK,QSE_ FILLING POINT DUMP,4.30
EX0010,09/07/2026,1,OB,QSEB_VI OB 3,QSE_ FILLING POINT DUMP,3.47
EX0011,09/07/2026,1,OB,QSE_X OB IV 2,QSE_ FILLING POINT DUMP,4.49
EX0011,09/07/2026,1,OB,QSE_X OB IV 2,QSE_FILLING POINT DUMP 2,4.68
EX003,09/07/2026,1,OB,QAB_VI A OB/COAL,QAB_TYCOON DUMP,3.58
EX004,09/07/2026,1,OBS,QAB_X OB Fire area,QAB_FRS DUMP NEW,3.06
EX005,09/07/2026,1,OB,QSEB_VI OB 3,QSE_ FILLING POINT DUMP,3.85
EX005,09/07/2026,1,OB,QSEB_VI OB 3,QSE_FILLING POINT DUMP 2,2.53
EX006,09/07/2026,1,OB,QAB_VI A OB/COAL,QAB_TYCOON DUMP,4.37
EX006,09/07/2026,1,OB,QAB_VI B OB/COAL,QAB_TYCOON DUMP,3.92
EX007,09/07/2026,1,OB,QSE-X OB2,AIR STRIP OB DUMP II,3.25
EX007,09/07/2026,1,OB,QSEXOB1,AIR STRIP OB DUMP II,3.82
EX007,09/07/2026,1,OB,QSEXOB1,TAILING YARD STOCK,2.03
EX008,09/07/2026,1,OB,QSE-VII OB/Coal 2,QSE_FILLING POINT DUMP 2,0.91
EX008,09/07/2026,1,OB,QSE-VIII OB/Coal,QSE_ FILLING POINT DUMP,5.99
EX008,09/07/2026,1,OB,QSE-VIII OB/Coal,QSE_FILLING POINT DUMP 2,5.28
EX008,09/07/2026,1,OB,QSE-X OB2,QSE_ FILLING POINT DUMP,5.28
EX008,09/07/2026,1,OB,QSE-X OB2,QSE_FILLING POINT DUMP 2,3.70
EX009,09/07/2026,1,CO1,QAB_X OB Fire area,PCP-III,4.88
EX009,09/07/2026,1,CO1,QAB_X OB Fire area,QAB LMV1,4.44
EX009,09/07/2026,1,CO1,QAB_X OB Fire area,QAB_HANGER STOCK 1,6.19
EX009,09/07/2026,1,OB,QAB_X OB Fire area,QAB_BANJEE DUMP,5.76
EX010,09/07/2026,1,OB,QAB_FIRE AREA SEC A,QAB_TYCOON DUMP,4.57
EX010,09/07/2026,1,OB,QAB_VI B OB/COAL,QAB_TYCOON DUMP,3.20
EX012,09/07/2026,1,OBS,QAB_X OB Fire area,QAB_FRS DUMP NEW,2.54
PL004,09/07/2026,1,CO1,ACD COAL STOCK,NEW CHP,7.03
PL2K05,09/07/2026,1,CO1,QAB LMV1,PCP-III,2.07
PL2K06,09/07/2026,1,CO1,COAL _STOCK_DFP,Banjee Upper Stock,0.00
PL2K06,09/07/2026,1,CO1,COAL _STOCK_DFP,PCP-III,2.32
PL2K06,09/07/2026,1,CO1,QAB_HANGER STOCK 1,Banjee Upper Stock,0.00
PL2K06,09/07/2026,1,CO1,QAB_HANGER STOCK 1,PCP-III,0.63
EX0010,09/07/2026,2,CO1,QSE_VII OB 2,QSE_ FILLING POINT DUMP,2.84
EX0010,09/07/2026,2,CO1,QSEB_VI OB 3,QSE_ FILLING POINT DUMP,3.42
EX0010,09/07/2026,2,CO1,RAM SETU COAL STOCK,QSE_ FILLING POINT DUMP,10.14
EX0010,09/07/2026,2,OB,QSE_VII OB 2,QSE_ FILLING POINT DUMP,3.40
EX0010,09/07/2026,2,OB,RAM SETU COAL STOCK,QSE_ FILLING POINT DUMP,5.42
EX0011,09/07/2026,2,CO1,QSE-X OB2,NEW CHP,5.15
EX0011,09/07/2026,2,CO1,QSE_X OB IV 2,NEW CHP,7.48
EX0011,09/07/2026,2,OB,QSE_X OB IV 2,QSE_ FILLING POINT DUMP,4.96
EX003,09/07/2026,2,OB,QAB_VI A OB/COAL,QAB_TYCOON DUMP,4.48
EX004,09/07/2026,2,OBS,QAB-X OB,QAB_FRS DUMP NEW,3.75
EX004,09/07/2026,2,OBS,QAB_X OB Fire area,QAB_FRS DUMP NEW,4.66
EX005,09/07/2026,2,CO1,QSEB_VI OB 3,RAM SETU COAL STOCK,3.60
EX005,09/07/2026,2,CO1,RAM SETU COAL STOCK,QSE_ FILLING POINT DUMP,2.88
EX005,09/07/2026,2,OB,RAM SETU COAL STOCK,QSE_ FILLING POINT DUMP,5.42
EX006,09/07/2026,2,OB,QAB_VI A OB/COAL,QAB_TYCOON DUMP,5.99
EX006,09/07/2026,2,OB,QAB_VI B OB/COAL,QAB_TYCOON DUMP,4.02
EX007,09/07/2026,2,OB,QSEXOB1,AIR STRIP OB DUMP II,5.44
EX007,09/07/2026,2,OB,QSEXOB1,QSE LOWER MASJID DUMP,4.32
EX007,09/07/2026,2,OB,QSEXOB1,TAILING YARD STOCK,1.86
EX008,09/07/2026,2,OB,QSE-X OB2,QSE_ FILLING POINT DUMP,5.22
EX008,09/07/2026,2,OB,QSE-X OB2,QSE_FILLING POINT DUMP 2,3.98
EX009,09/07/2026,2,CO1,QAB_X OB 2 NEW,PCP-III,5.37
EX009,09/07/2026,2,CO1,QAB_X OB 2 NEW,QAB LMV1,3.37
EX009,09/07/2026,2,CO1,QAB_X OB 2 NEW,QAB_HANGER STOCK 1,6.00
EX009,09/07/2026,2,CO1,QAB_X/IX/VIII Firey Seam,Banjee Lower Stock,4.30
EX009,09/07/2026,2,CO1,QAB_X/IX/VIII Firey Seam,PCP-III,8.22
EX009,09/07/2026,2,OB,QAB_X OB 2 NEW,QAB_BANJEE DUMP,5.01
EX009,09/07/2026,2,OB,QAB_X/IX/VIII Firey Seam,QAB_BANJEE DUMP,4.84
EX009,09/07/2026,2,OBS,QAB_X OB 2 NEW,QAB_FIRE DUMP UPPER,0.00
EX009,09/07/2026,2,OBS,QAB_X/IX/VIII Firey Seam,QAB_FIRE DUMP UPPER,2.47
EX010,09/07/2026,2,OB,QAB_VI A OB/COAL,QAB_TYCOON DUMP,4.50
EX012,09/07/2026,2,OBS,QAB_X OB 2 NEW,QAB_FRS DUMP NEW,6.60
PL004,09/07/2026,2,CO1,SANJAY VAN STOCK,SANJAY VAN STOCK,1.34
PL004,09/07/2026,2,OB,SANJAY VAN STOCK,AIR STRIP OB DUMP II,4.69
PL2K05,09/07/2026,2,CO1,COAL _STOCK_DFP,PCP-III,2.06
PL2K05,09/07/2026,2,CO1,MD_COAL STOCK,PCP-III,1.07
PL2K05,09/07/2026,2,CO1,QAB LMV1,Banjee Lower Stock,1.91
PL2K05,09/07/2026,2,CO1,QAB LMV1,PCP-III,1.44
PL2K05,09/07/2026,2,OB,COAL _STOCK_DFP,QAB_BANJEE DUMP,2.22
PL2K06,09/07/2026,2,CO1,QAB_HANGER STOCK 1,PCP-III,0.60
EX0010,09/07/2026,3,OB,QSEB_VI OB 3,QSE_ FILLING POINT DUMP,3.84
EX0010,09/07/2026,3,OB,QSEB_VI OB 3,QSE_FILLING POINT DUMP 2,3.04
EX0011,09/07/2026,3,CO1,QSE-X OB2,NEW CHP,7.76
EX0011,09/07/2026,3,CO1,QSE_X OB IV 2,BELT LINE COAL STOCK,8.15
EX0011,09/07/2026,3,CO1,QSE_X OB IV 2,NEW CHP,7.63
EX0011,09/07/2026,3,OB,QSE_X OB IV 2,QSE_ FILLING POINT DUMP,7.03
EX003,09/07/2026,3,OB,QAB_VI A OB/COAL,QAB_TYCOON DUMP,4.61
EX004,09/07/2026,3,OBS,QAB-X OB,QAB_FRS DUMP NEW,4.59
EX004,09/07/2026,3,OBS,QAB_X OB Fire area,QAB_FRS DUMP NEW,9.51
EX005,09/07/2026,3,CO1,QSE_VII OB 2,QSE_ FILLING POINT DUMP,2.90
EX005,09/07/2026,3,CO1,RAM SETU COAL STOCK,QSE_ FILLING POINT DUMP,3.48
EX005,09/07/2026,3,OB,QSEB_VI OB 3,QSE_ FILLING POINT DUMP,3.24
EX005,09/07/2026,3,OB,RAM SETU COAL STOCK,QSE_ FILLING POINT DUMP,4.92
EX006,09/07/2026,3,OB,QAB_VI B OB/COAL,QAB_TYCOON DUMP,4.62
EX007,09/07/2026,3,CO1,QSEXOB1,SANJAY VAN STOCK,1.95
EX007,09/07/2026,3,OB,QSEXOB1,AIR STRIP OB DUMP II,3.73
EX008,09/07/2026,3,CO1,QSE-X OB2,RAM SETU COAL STOCK,4.50
EX008,09/07/2026,3,OB,QSE-X OB2,QSE_ FILLING POINT DUMP,5.11
EX008,09/07/2026,3,OB,QSE-X OB2,QSE_FILLING POINT DUMP 2,3.10
EX009,09/07/2026,3,CO1,QAB_X OB 2 NEW,Banjee Middle Stock,4.08
EX009,09/07/2026,3,CO1,QAB_X OB 2 NEW,COAL _STOCK_DFP,4.47
EX009,09/07/2026,3,CO1,QAB_X OB 2 NEW,PCP-III,5.04
EX009,09/07/2026,3,CO1,QAB_X OB 2 NEW,QAB LMV1,5.32
EX009,09/07/2026,3,CO1,QAB_X OB 2 NEW,QAB_HANGER STOCK 1,7.03
EX009,09/07/2026,3,OB,QAB_X OB 2 NEW,QAB_BANJEE DUMP,4.48
EX010,09/07/2026,3,OB,QAB_VI A OB/COAL,QAB_TYCOON DUMP,3.97
EX010,09/07/2026,3,OB,QAB_VI B OB/COAL,QAB_TYCOON DUMP,4.67
EX012,09/07/2026,3,OBS,QAB_X OB Fire area,QAB_FRS DUMP NEW,1.84
EX012,09/07/2026,3,OBS,QAB_X/IX/VIII Firey Seam,QAB_FRS DUMP NEW,6.48
PL004,09/07/2026,3,OB,SANJAY VAN STOCK,AIR STRIP OB DUMP II,1.08
PL2K05,09/07/2026,3,CO1,MD_COAL STOCK,PCP-III,0.94
PL2K05,09/07/2026,3,CO1,QAB LMV1,PCP-III,1.10
PL2K06,09/07/2026,3,CO1,QAB LMV1,PCP-III,3.95
PL2K06,09/07/2026,3,CO1,QAB_HANGER STOCK 1,Banjee Upper Stock,0.00
PL2K06,09/07/2026,3,CO1,QAB_HANGER STOCK 1,PCP-III,0.60
PL2K06,09/07/2026,3,CO1,QAB_HANGER STOCK 1,QAB_HANGER STOCK 1,1.00
EX0010,10/07/2026,1,OB,QSE_VII OB 2,QSE_ FILLING POINT DUMP,3.62
EX0010,10/07/2026,1,OB,QSEB_VI OB 3,QSE_ FILLING POINT DUMP,4.19
EX0011,10/07/2026,1,CO1,QSE-X OB2,NEW CHP,7.83
EX0011,10/07/2026,1,CO1,QSE_X OB IV 2,NEW CHP,7.86
EX003,10/07/2026,1,OB,QAB_VI A OB/COAL,QAB_TYCOON DUMP,4.49
EX004,10/07/2026,1,OB,QAB-X OB,QAB_BANJEE DUMP,2.29
EX004,10/07/2026,1,OBS,QAB-X OB,QAB_FRS DUMP NEW,3.00
EX004,10/07/2026,1,OBS,QAB_X OB Fire area,QAB_BANJEE DUMP,0.00
EX004,10/07/2026,1,OBS,QAB_X OB Fire area,QAB_FRS DUMP NEW,2.74
EX005,10/07/2026,1,CO1,RAM SETU COAL STOCK,QSE_ FILLING POINT DUMP,3.01
EX005,10/07/2026,1,MXC,RAM SETU COAL STOCK,QSE_FILLING POINT DUMP 2,0.00
EX005,10/07/2026,1,OB,QSE_VII OB 2,QSE_ FILLING POINT DUMP,2.99
EX005,10/07/2026,1,OB,RAM SETU COAL STOCK,QSE_ FILLING POINT DUMP,4.07
EX006,10/07/2026,1,OB,QAB_VI B OB/COAL,QAB_TYCOON DUMP,3.42
EX007,10/07/2026,1,OB,QSEXOB1,AIR STRIP OB DUMP II,3.91
EX007,10/07/2026,1,OB,QSEXOB1,QSE LOWER MASJID DUMP,3.77
EX008,10/07/2026,1,OB,QSE-VIII OB/Coal,QSE_ FILLING POINT DUMP,4.76
EX008,10/07/2026,1,OB,QSE-VIII OB/Coal,QSE_FILLING POINT DUMP 2,2.18
EX008,10/07/2026,1,OB,QSE-X OB2,NEW CHP,6.21
EX008,10/07/2026,1,OB,QSE-X OB2,QSE_ FILLING POINT DUMP,5.48
EX008,10/07/2026,1,OB,QSE-X OB2,QSE_FILLING POINT DUMP 2,3.47
EX009,10/07/2026,1,CO1,QAB_X OB 2 NEW,Banjee Middle Stock,7.06
EX009,10/07/2026,1,CO1,QAB_X OB 2 NEW,PCP-III,4.47
EX009,10/07/2026,1,CO1,QAB_X OB 2 NEW,QAB LMV1,3.65
EX009,10/07/2026,1,CO1,QAB_X OB 2 NEW,QAB_HANGER STOCK 1,5.26
EX009,10/07/2026,1,OB,QAB_X OB 2 NEW,QAB_BANJEE DUMP,5.05
EX010,10/07/2026,1,OB,QAB_VI A OB/COAL,QAB_TYCOON DUMP,4.41
EX010,10/07/2026,1,OB,QAB_VI B OB/COAL,QAB_TYCOON DUMP,7.24
EX012,10/07/2026,1,OBS,QAB_X/IX/VIII Firey Seam,QAB_FRS DUMP NEW,1.65
PL003,10/07/2026,1,CO1,QSE_ FILLING POINT DUMP,QSE_FILLING POINT DUMP 2,0.33
PL003,10/07/2026,1,OB,QSE_ FILLING POINT DUMP,QSE_ FILLING POINT DUMP,1.89
PL004,10/07/2026,1,OB,SANJAY VAN STOCK,AIR STRIP OB DUMP II,3.96
PL004,10/07/2026,1,OB,SANJAY VAN STOCK,TAILING YARD STOCK,2.98
PL2K05,10/07/2026,1,CO1,QAB LMV1,PCP-III,1.99
PL2K06,10/07/2026,1,CO1,COAL _STOCK_DFP,PCP-III,1.26
PL2K06,10/07/2026,1,CO1,QAB_HANGER STOCK 1,Banjee Upper Stock,0.00
PL2K06,10/07/2026,1,CO1,QAB_HANGER STOCK 1,PCP-III,0.86
EX0010,10/07/2026,2,OB,QSEB_VI OB 3,QSE_ FILLING POINT DUMP,4.20
EX0010,10/07/2026,2,OB,QSEB_VI OB 3,QSE_FILLING POINT DUMP 2,3.10
EX0011,10/07/2026,2,OB,QSE-IV OB,QSE_ FILLING POINT DUMP,7.95
EX0011,10/07/2026,2,OB,QSE-VIII OB/Coal,QSE_ FILLING POINT DUMP,5.03
EX0011,10/07/2026,2,OB,QSE-X OB2,QSE_ FILLING POINT DUMP,4.34
EX003,10/07/2026,2,OB,QAB_VI A OB/COAL,QAB_TYCOON DUMP,4.43
EX004,10/07/2026,2,OBS,QAB-X OB,QAB_FRS DUMP NEW,2.86
EX004,10/07/2026,2,OBS,QAB_X OB Fire area,QAB_FRS DUMP NEW,2.88
EX005,10/07/2026,2,CO1,QSEB_VI OB 3,QSE LOWER MIDDLE DUMP,5.36
EX005,10/07/2026,2,CO1,QSEB_VI OB 3,QSE_FILLING POINT DUMP 2,3.13
EX005,10/07/2026,2,OB,QSEB_VI OB 3,QSE_ FILLING POINT DUMP,3.52
EX006,10/07/2026,2,OB,QAB_VI B OB/COAL,QAB_TYCOON DUMP,4.52
EX007,10/07/2026,2,OB,QSEXOB1,AIR STRIP OB DUMP II,4.09
EX007,10/07/2026,2,OB,QSEXOB1,NITROGEN FILLING OB DUMP,3.61
EX007,10/07/2026,2,OB,QSEXOB1,QSE LOWER MASJID DUMP,4.53
EX007,10/07/2026,2,OB,QSEXOB1,TAILING YARD STOCK,2.29
EX008,10/07/2026,2,CO1,QSE-X OB2,RAM SETU COAL STOCK,3.21
EX008,10/07/2026,2,OB,QSE-X OB2,QSE_ FILLING POINT DUMP,4.79
EX008,10/07/2026,2,OB,QSE-X OB2,QSE_FILLING POINT DUMP 2,3.07
EX008,10/07/2026,2,OB,QSE_X OB IV 2,QSE_ FILLING POINT DUMP,5.00
EX009,10/07/2026,2,CO1,QAB_X OB 2 NEW,COAL _STOCK_DFP,6.71
EX009,10/07/2026,2,CO1,QAB_X OB 2 NEW,PCP-III,3.22
EX009,10/07/2026,2,CO1,QAB_X OB 2 NEW,QAB LMV1,3.94
EX009,10/07/2026,2,CO1,QAB_X OB 2 NEW,QAB_HANGER STOCK 1,8.00
EX009,10/07/2026,2,CO1,QAB_X OB 2 NEW,QAB_V OB INPIT DUMP,3.44
EX009,10/07/2026,2,CO1,QAB_X OB Fire area,PCP-III,0.89
EX009,10/07/2026,2,OB,QAB_X OB 2 NEW,QAB_BANJEE DUMP,3.58
EX009,10/07/2026,2,OB,QAB_X OB 2 NEW,QAB_UPPER OFFICE,3.65
EX010,10/07/2026,2,CO1,QAB_VII COAL HW PAD,MD_COAL STOCK,3.88
EX010,10/07/2026,2,CO1,QAB_VII COAL HW PAD,PCP-III,3.81
EX012,10/07/2026,2,OBS,QAB_X/IX/VIII Firey Seam,QAB_FRS DUMP NEW,5.68
PL003,10/07/2026,2,OB,QSE_ FILLING POINT DUMP,AIR STRIP OB DUMP II,5.60
PL003,10/07/2026,2,OB,QSE_ FILLING POINT DUMP,NEW CHP,0.00
PL003,10/07/2026,2,OB,QSE_ FILLING POINT DUMP,QSE_ FILLING POINT DUMP,1.96
PL003,10/07/2026,2,OB,SANJAY VAN STOCK,AIR STRIP OB DUMP II,5.50
PL004,10/07/2026,2,CO1,ACD COAL STOCK,NEW CHP,7.86
PL2K06,10/07/2026,2,CO1,COAL _STOCK_DFP,PCP-III,0.00
PL2K06,10/07/2026,2,CO1,QAB_HANGER STOCK 1,PCP-III,0.84
PL2K06,10/07/2026,2,CO1,SCC-C STOCK,Banjee Upper Stock,0.69
PL2K06,10/07/2026,2,OB,COAL _STOCK_DFP,QAB_BANJEE DUMP,2.47
PL2K06,10/07/2026,2,OB,QAB_HANGER STOCK 1,QAB_BANJEE DUMP,7.37
PL2K06,10/07/2026,2,OB,SCC-C STOCK,QAB_BANJEE DUMP,3.74
EX0010,10/07/2026,3,CO1,QSEB_VI OB 3,NEW CHP,6.99
EX0010,10/07/2026,3,OB,QSEB_VI OB 3,NEW CHP,4.82
EX0010,10/07/2026,3,OB,QSEB_VI OB 3,QSE_ FILLING POINT DUMP,5.62
EX0011,10/07/2026,3,CO1,QSE-X OB2,QSE LOWER MIDDLE DUMP,2.21
EX0011,10/07/2026,3,OB,QSE-VIII OB/Coal,QSE_ FILLING POINT DUMP,5.04
EX0011,10/07/2026,3,OB,QSE-VIII OB/Coal,QSE_FILLING POINT DUMP 2,2.27
EX0011,10/07/2026,3,OB,QSE-X OB2,QSE_ FILLING POINT DUMP,4.56
EX0011,10/07/2026,3,OB,QSE_X OB IV 2,QSE_ FILLING POINT DUMP,7.83
EX003,10/07/2026,3,OB,QAB_VI A OB/COAL,QAB_TYCOON DUMP,4.26
EX004,10/07/2026,3,OBS,QAB-X OB,QAB_FRS DUMP NEW,3.41
EX005,10/07/2026,3,CO1,QSEB_VI OB 3,QSE LOWER MIDDLE DUMP,8.35
EX005,10/07/2026,3,CO1,QSEB_VI OB 3,QSE_FILLING POINT DUMP 2,2.54
EX005,10/07/2026,3,CO1,QSEB_VI OB 3,RAM SETU COAL STOCK,5.49
EX005,10/07/2026,3,OB,QSEB_VI OB 3,QSE_ FILLING POINT DUMP,3.68
EX006,10/07/2026,3,OB,QAB_VI B OB/COAL,QAB_TYCOON DUMP,2.37
EX007,10/07/2026,3,OB,QSEXOB1,AIR STRIP OB DUMP II,4.26
EX007,10/07/2026,3,OB,QSEXOB1,QSE_MASJID DUMP,3.51
EX008,10/07/2026,3,CO1,QSE_X OB IV 2,QSE LOWER MIDDLE DUMP,4.14
EX008,10/07/2026,3,OB,QSE-X OB2,QSE_ FILLING POINT DUMP,4.04
EX008,10/07/2026,3,OB,QSE-X OB2,QSE_FILLING POINT DUMP 2,3.65
EX008,10/07/2026,3,OB,QSE_X OB IV 2,QSE_ FILLING POINT DUMP,5.44
EX008,10/07/2026,3,OB,QSE_X OB IV 2,QSE_FILLING POINT DUMP 2,3.38
EX009,10/07/2026,3,CO1,QAB_X OB 2 NEW,Banjee Middle Stock,3.57
EX009,10/07/2026,3,CO1,QAB_X OB 2 NEW,QAB LMV1,3.53
EX009,10/07/2026,3,OB,QAB_X OB 2 NEW,QAB_BANJEE DUMP,4.50
EX009,10/07/2026,3,OB,QAB_X OB 2 NEW,QAB_UPPER OFFICE,7.25
EX009,10/07/2026,3,OB,QAB_X OB Fire area,QAB_BANJEE DUMP,4.04
EX010,10/07/2026,3,CO1,QAB_VI A OB/COAL,COAL _STOCK_DFP,3.77
EX010,10/07/2026,3,CO1,QAB_VI A OB/COAL,PCP-III,2.13
EX010,10/07/2026,3,CO1,QAB_VI A OB/COAL,QAB LMV1,14.62
EX010,10/07/2026,3,CO1,QAB_VII COAL HW PAD,MD_COAL STOCK,5.11
EX010,10/07/2026,3,CO1,QAB_VII COAL HW PAD,PCP-III,5.14
EX010,10/07/2026,3,CO1,QAB_VII COAL HW PAD,QAB_MADIRA DEVI DUMP,4.16
EX010,10/07/2026,3,OB,QAB_VI A OB/COAL,QAB_BANJEE DUMP,6.04
EX012,10/07/2026,3,OBS,QAB_X/IX/VIII Firey Seam,QAB_FRS DUMP NEW,3.92
PL003,10/07/2026,3,CO1,QSEXOB1,NEW CHP,5.68
PL004,10/07/2026,3,OB,ACD COAL STOCK,AIR STRIP OB DUMP II,1.77
PL004,10/07/2026,3,OB,QSE_MASJID DUMP,AIR STRIP OB DUMP II,1.29
PL004,10/07/2026,3,OB,QSE_MASJID DUMP,In Pit,0.55
PL2K05,10/07/2026,3,CO1,MD_COAL STOCK,Banjee Middle Stock,5.08
PL2K05,10/07/2026,3,CO1,MD_COAL STOCK,MD_COAL STOCK,1.86
PL2K05,10/07/2026,3,CO1,MD_COAL STOCK,PCP-III,0.89
PL2K05,10/07/2026,3,CO1,SCC-C STOCK,Banjee Upper Stock,0.00
PL2K05,10/07/2026,3,CO1,SCC-C STOCK,PCP-III,6.29
PL2K06,10/07/2026,3,CO1,MD_COAL STOCK,Banjee Upper Stock,0.00
PL2K06,10/07/2026,3,CO1,MD_COAL STOCK,PCP-III,2.21
PL2K06,10/07/2026,3,CO1,SCC-C STOCK,Banjee Upper Stock,0.66
EX0010,11/07/2026,1,CO1,QSEB_VI OB 3,NEW CHP,7.43
EX0010,11/07/2026,1,OB,QSEB_VI OB 3,QSE_ FILLING POINT DUMP,5.83
EX0011,11/07/2026,1,CO1,QSE-X OB2,QSE LOWER MIDDLE DUMP,4.28
EX0011,11/07/2026,1,OB,QSE-VIII OB/Coal,QSE_ FILLING POINT DUMP,6.08
EX0011,11/07/2026,1,OB,QSE-VIII OB/Coal,QSE_FILLING POINT DUMP 2,5.39
EX0011,11/07/2026,1,OB,QSE-X OB2,QSE_ FILLING POINT DUMP,4.25
EX0011,11/07/2026,1,OB,QSE-X OB2,QSE_FILLING POINT DUMP 2,7.21
EX003,11/07/2026,1,OB,QAB_VI A OB/COAL,QAB_TYCOON DUMP,4.64
EX004,11/07/2026,1,OB,QAB-X OB,QAB_FRS DUMP NEW,3.66
EX004,11/07/2026,1,OBS,QAB-X OB,QAB_FRS DUMP NEW,4.59
EX006,11/07/2026,1,OB,QAB_FIRE AREA SEC A,QAB_TYCOON DUMP,4.90
EX006,11/07/2026,1,OB,QAB_VI B OB/COAL,QAB_TYCOON DUMP,4.52
EX007,11/07/2026,1,CO1,QSEB_VI OB 3,QSE_ FILLING POINT DUMP,2.83
EX007,11/07/2026,1,OB,QSEB_VI OB 3,AIR STRIP OB DUMP II,2.78
EX007,11/07/2026,1,OB,QSEB_VI OB 3,QSE_ FILLING POINT DUMP,3.52
EX008,11/07/2026,1,CO1,QSE-X OB2,QSE LOWER MIDDLE DUMP,4.18
EX008,11/07/2026,1,CO1,QSE_X OB IV 2,QSE LOWER MIDDLE DUMP,7.02
EX008,11/07/2026,1,OB,QSE-X OB2,QSE_ FILLING POINT DUMP,5.28
EX008,11/07/2026,1,OB,QSE-X OB2,QSE_FILLING POINT DUMP 2,2.90
EX008,11/07/2026,1,OB,QSE_X OB IV 2,QSE_ FILLING POINT DUMP,4.73
EX009,11/07/2026,1,CO1,QAB_X OB 2 NEW,PCP-III,4.39
EX009,11/07/2026,1,CO1,QAB_X OB 2 NEW,QAB LMV1,4.11
EX009,11/07/2026,1,CO1,QAB_X OB 2 NEW,QAB_HANGER STOCK 1,5.34
EX009,11/07/2026,1,OB,QAB_X OB 2 NEW,QAB_BANJEE DUMP,3.37
EX009,11/07/2026,1,OB,QAB_X OB 2 NEW,QAB_UPPER OFFICE,2.68
EX010,11/07/2026,1,CO1,QAB_VI A OB/COAL,PCP-III,4.34
EX010,11/07/2026,1,CO1,QAB_VI A OB/COAL,QAB LMV1,5.04
EX010,11/07/2026,1,CO1,QAB_VI A OB/COAL,QAB_HANGER STOCK 1,4.54
EX010,11/07/2026,1,OB,QAB_VI A OB/COAL,QAB_BANJEE DUMP,5.68
EX012,11/07/2026,1,OBS,QAB_X/IX/VIII Firey Seam,QAB_FRS DUMP NEW,0.00
PL003,11/07/2026,1,CO1,QSEXOB1,NEW CHP,0.38
PL003,11/07/2026,1,OB,QSEXOB1,QSE_ FILLING POINT DUMP,1.17
PL2K05,11/07/2026,1,CO1,COAL _STOCK_DFP,PCP-III,1.79
PL2K05,11/07/2026,1,CO1,QAB LMV1,PCP-III,4.08
PL2K05,11/07/2026,1,CO1,QAB LMV1,QAB LMV1,1.99
PL2K06,11/07/2026,1,CO1,QAB LMV1,PCP-III,3.32
EX0010,11/07/2026,2,CO1,QSEB_VI OB 3,NEW CHP,7.49
EX0011,11/07/2026,2,CO1,QSE-X OB2,QSE LOWER MIDDLE DUMP,5.27
EX0011,11/07/2026,2,CO1,QSE_X OB IV 2,QSE LOWER MIDDLE DUMP,4.09
EX0011,11/07/2026,2,OB,QSE-X OB2,QSE_ FILLING POINT DUMP,4.70
EX0011,11/07/2026,2,OB,QSE-X OB2,QSE_FILLING POINT DUMP 2,3.74
EX0011,11/07/2026,2,OB,QSE_X OB IV 2,QSE_ FILLING POINT DUMP,4.04
EX0011,11/07/2026,2,OB,QSE_X OB IV 2,QSE_FILLING POINT DUMP 2,3.51
EX003,11/07/2026,2,OB,QAB_VI A OB/COAL,QAB_TYCOON DUMP,4.28
EX004,11/07/2026,2,OBS,QAB-X OB,QAB_FRS DUMP NEW,3.88
EX005,11/07/2026,2,CO1,QSE-X OB2,QSE LOWER MIDDLE DUMP,1.16
EX005,11/07/2026,2,CO1,QSE-X OB2,QSE_FILLING POINT DUMP 2,1.11
EX005,11/07/2026,2,CO1,QSEB_VI OB 3,QSE_FILLING POINT DUMP 2,0.45
EX005,11/07/2026,2,OB,QSE-X OB2,QSE_ FILLING POINT DUMP,1.88
EX006,11/07/2026,2,OB,QAB_FIRE AREA SEC A,QAB_TYCOON DUMP,4.51
EX006,11/07/2026,2,OB,QAB_VI B OB/COAL,QAB_TYCOON DUMP,4.34
EX007,11/07/2026,2,CO1,QSEB_VI OB 3,QSE LOWER MIDDLE DUMP,5.78
EX007,11/07/2026,2,CO1,QSEB_VI OB 3,QSE_ FILLING POINT DUMP,3.41
EX007,11/07/2026,2,CO1,RAM SETU COAL STOCK,QSE LOWER MIDDLE DUMP,2.97
EX007,11/07/2026,2,OB,QSEB_VI OB 3,QSE_ FILLING POINT DUMP,3.94
EX007,11/07/2026,2,OB,QSEB_VI OB 3,QSE_FILLING POINT DUMP 2,3.06
EX007,11/07/2026,2,OB,RAM SETU COAL STOCK,QSE_ FILLING POINT DUMP,6.75
EX008,11/07/2026,2,CO1,QSE-VIII OB/Coal,QSE LOWER MIDDLE DUMP,4.27
EX008,11/07/2026,2,CO1,QSE-X OB2,QSE LOWER MIDDLE DUMP,5.66
EX008,11/07/2026,2,OB,QSE-VIII OB/Coal,QSE_ FILLING POINT DUMP,5.53
EX008,11/07/2026,2,OB,QSE-VIII OB/Coal,QSE_FILLING POINT DUMP 2,2.58
EX008,11/07/2026,2,OB,QSE-X OB2,QSE_ FILLING POINT DUMP,5.41
EX008,11/07/2026,2,OB,QSE-X OB2,QSE_FILLING POINT DUMP 2,5.90
EX009,11/07/2026,2,CO1,QAB_X OB Fire area,QAB_V OB INPIT DUMP,2.76
EX009,11/07/2026,2,OB,QAB_X OB Fire area,QAB_BANJEE DUMP,3.39
EX010,11/07/2026,2,CO1,QAB_VI A OB/COAL,COAL _STOCK_DFP,3.63
EX010,11/07/2026,2,CO1,QAB_VI A OB/COAL,PCP-III,4.41
EX010,11/07/2026,2,CO1,QAB_VI B OB/COAL,COAL _STOCK_DFP,3.53
EX010,11/07/2026,2,CO1,QAB_VI B OB/COAL,PCP-III,3.63
EX010,11/07/2026,2,CO1,QAB_VI B OB/COAL,QAB LMV1,5.84
EX010,11/07/2026,2,OB,QAB_VI A OB/COAL,QAB_BANJEE DUMP,5.55
EX010,11/07/2026,2,OB,QAB_VI B OB/COAL,QAB_BANJEE DUMP,3.76
EX012,11/07/2026,2,CO1,QAB_X OB 2 NEW,PCP-III,4.51
EX012,11/07/2026,2,CO1,QAB_X OB 2 NEW,QAB LMV1,4.40
EX012,11/07/2026,2,CO1,QAB_X OB 2 NEW,QAB_HANGER STOCK 1,6.31
EX012,11/07/2026,2,OB,QAB_X OB 2 NEW,QAB_BANJEE DUMP,4.40
EX012,11/07/2026,2,OBS,QAB_X OB 2 NEW,QAB_FIRE DUMP UPPER,3.30
EX012,11/07/2026,2,OBS,QAB_X/IX/VIII Firey Seam,QAB_FRS DUMP NEW,7.95
PL004,11/07/2026,2,OB,SANJAY VAN STOCK,AIR STRIP OB DUMP II,4.79
PL004,11/07/2026,2,OB,SANJAY VAN STOCK,QSE LOWER MASJID DUMP,5.94
PL004,11/07/2026,2,OB,SANJAY VAN STOCK,QSE_MASJID DUMP,4.74
PL004,11/07/2026,2,OB,SANJAY VAN STOCK,TAILING YARD STOCK,2.81
PL2K05,11/07/2026,2,CO1,QAB LMV1,PCP-III,3.66
PL2K05,11/07/2026,2,CO1,QAB LMV1,QAB LMV1,2.77
PL2K05,11/07/2026,2,OB,QAB LMV1,QAB_BANJEE DUMP,3.57
EX0009,11/07/2026,3,OB,QAB_X/IX/VIII Firey Seam,QAB_BANJEE DUMP,6.01
EX0009,11/07/2026,3,OB,QAB_X/IX/VIII Firey Seam,QAB_TYCOON DUMP,3.55
EX0010,11/07/2026,3,CO1,QSEB_VI OB 3,NEW CHP,7.63
EX0011,11/07/2026,3,CO1,QSEB_VI OB 3,QSE LOWER MIDDLE DUMP,1.77
EX0011,11/07/2026,3,OB,QSE-VII OB/Coal 2,QSE_ FILLING POINT DUMP,4.27
EX0011,11/07/2026,3,OB,QSE-X OB2,QSE_ FILLING POINT DUMP,8.94
EX0011,11/07/2026,3,OB,QSEB_VI OB 3,QSE_ FILLING POINT DUMP,2.24
EX0011,11/07/2026,3,OB,QSEB_VI OB 3,QSE_FILLING POINT DUMP 2,1.46
EX003,11/07/2026,3,OB,QAB_VI A OB/COAL,QAB_TYCOON DUMP,2.88
EX005,11/07/2026,3,CO1,QSE-X OB2,QSE LOWER MIDDLE DUMP,3.05
EX005,11/07/2026,3,CO1,QSE-X OB2,QSE_FILLING POINT DUMP 2,1.61
EX005,11/07/2026,3,OB,QSE-X OB2,QSE_ FILLING POINT DUMP,2.70
EX005,11/07/2026,3,OB,QSE-X OB2,QSE_FILLING POINT DUMP 2,1.56
EX006,11/07/2026,3,OB,QAB_FIRE AREA SEC A,QAB_TYCOON DUMP,4.93
EX006,11/07/2026,3,OB,QAB_VI B OB/COAL,QAB_TYCOON DUMP,3.78
EX007,11/07/2026,3,CO1,QSEB_VI OB 3,QSE LOWER MIDDLE DUMP,4.01
EX007,11/07/2026,3,CO1,QSEB_VI OB 3,QSE_ FILLING POINT DUMP,2.95
EX007,11/07/2026,3,OB,QSEB_VI OB 3,QSE_ FILLING POINT DUMP,3.55
EX007,11/07/2026,3,OB,QSEB_VI OB 3,QSE_FILLING POINT DUMP 2,2.68
EX008,11/07/2026,3,CO1,QSE-VIII OB/Coal,QSE LOWER MIDDLE DUMP,4.45
EX008,11/07/2026,3,OB,QSE-VIII OB/Coal,QSE_ FILLING POINT DUMP,5.60
EX008,11/07/2026,3,OB,QSE-X OB2,QSE_ FILLING POINT DUMP,3.99
EX008,11/07/2026,3,OB,QSE-X OB2,QSE_FILLING POINT DUMP 2,3.97
EX009,11/07/2026,3,CO1,QAB_X OB Fire area,Banjee Lower Stock,2.93
EX009,11/07/2026,3,CO1,QAB_X OB Fire area,Banjee Middle Stock,2.98
EX009,11/07/2026,3,OB,QAB_X OB Fire area,QAB_BANJEE DUMP,4.13
EX012,11/07/2026,3,CO1,QAB_X OB 2 NEW,PCP-III,3.82
EX012,11/07/2026,3,CO1,QAB_X OB 2 NEW,QAB LMV1,4.89
EX012,11/07/2026,3,CO1,QAB_X OB 2 NEW,QAB_HANGER STOCK 1,6.22
EX012,11/07/2026,3,OB,QAB_X OB 2 NEW,QAB_BANJEE DUMP,3.00
PL003,11/07/2026,3,CO1,QSEXOB1,NEW CHP,1.73
PL003,11/07/2026,3,OB,QSEXOB1,AIR STRIP OB DUMP II,1.22
PL004,11/07/2026,3,OB,AIR STRIP OB DUMP II,AIR STRIP OB DUMP II,1.57
PL004,11/07/2026,3,OB,AIR STRIP OB DUMP II,QSE LOWER MASJID DUMP,0.47
PL004,11/07/2026,3,OB,AIR STRIP OB DUMP II,QSE_MASJID DUMP,1.09
PL004,11/07/2026,3,OB,SANJAY VAN STOCK,AIR STRIP OB DUMP II,0.79
PL2K05,11/07/2026,3,CO1,QAB LMV1,PCP-III,3.79
PL2K05,11/07/2026,3,CO1,QAB LMV1,QAB LMV1,3.62
PL2K05,11/07/2026,3,CO1,QAB_HANGER STOCK 1,PCP-III,0.61
EX0009,12/07/2026,1,OB,QAB_X/IX/VIII Firey Seam,QAB_TYCOON DUMP,6.00
EX0009,12/07/2026,1,OBS,QAB_X/IX/VIII Firey Seam,QAB_TYCOON DUMP,3.62
EX0010,12/07/2026,1,CO1,QSEB_VI OB 3,NEW CHP,7.76
EX0011,12/07/2026,1,CO1,QSEB_VI OB 3,QSE LOWER MIDDLE DUMP,1.97
EX0011,12/07/2026,1,OB,QSEB_VI OB 3,QSE_ FILLING POINT DUMP,1.93
EX0011,12/07/2026,1,OB,QSEB_VI OB 3,QSE_FILLING POINT DUMP 2,0.91
EX003,12/07/2026,1,OB,QAB_VI A OB/COAL,QAB_TYCOON DUMP,4.73
EX005,12/07/2026,1,CO1,QSE-X OB2,QSE LOWER MIDDLE DUMP,5.38
EX005,12/07/2026,1,OB,QSE-X OB2,QSE_ FILLING POINT DUMP,1.61
EX006,12/07/2026,1,OB,QAB_FIRE AREA SEC A,QAB_TYCOON DUMP,5.70
EX006,12/07/2026,1,OB,QAB_VI B OB/COAL,QAB_TYCOON DUMP,4.41
EX007,12/07/2026,1,CO1,QSEB_VI OB 3,QSE LOWER MIDDLE DUMP,3.37
EX007,12/07/2026,1,OB,QSEB_VI OB 3,QSE_ FILLING POINT DUMP,3.27
EX008,12/07/2026,1,CO1,QSE-VIII OB/Coal,QSE LOWER MIDDLE DUMP,4.44
EX008,12/07/2026,1,CO1,QSE-X OB2,QSE LOWER MIDDLE DUMP,6.14
EX008,12/07/2026,1,OB,QSE-VIII OB/Coal,QSE_ FILLING POINT DUMP,4.28
EX008,12/07/2026,1,OB,QSE-VIII OB/Coal,QSE_FILLING POINT DUMP 2,4.22
EX008,12/07/2026,1,OB,QSE-X OB2,QSE_ FILLING POINT DUMP,5.09
EX008,12/07/2026,1,OB,QSE-X OB2,QSE_FILLING POINT DUMP 2,2.20
EX009,12/07/2026,1,CO1,QAB_X OB Fire area,Banjee Lower Stock,3.84
EX009,12/07/2026,1,OB,QAB_X OB Fire area,QAB_BANJEE DUMP,3.40
EX012,12/07/2026,1,CO1,QAB_X OB 2 NEW,PCP-III,6.69
EX012,12/07/2026,1,CO1,QAB_X OB 2 NEW,QAB LMV1,2.45
EX012,12/07/2026,1,CO1,QAB_X OB 2 NEW,QAB_HANGER STOCK 1,0.00
EX012,12/07/2026,1,OB,QAB_X OB 2 NEW,QAB_BANJEE DUMP,2.54
EX012,12/07/2026,1,OB,QAB_X OB Fire area,QAB_BANJEE DUMP,4.31
PL003,12/07/2026,1,CO1,NEW CHP,NEW CHP,2.49
PL003,12/07/2026,1,OB,NEW CHP,AIR STRIP OB DUMP II,4.62
PL003,12/07/2026,1,OB,NEW CHP,TAILING YARD STOCK,1.17
PL003,12/07/2026,1,OB,SANJAY VAN STOCK,AIR STRIP OB DUMP II,3.58
PL003,12/07/2026,1,OB,SANJAY VAN STOCK,QSE_MASJID DUMP,3.24
PL003,12/07/2026,1,OB,SANJAY VAN STOCK,TAILING YARD STOCK,1.48
PL004,12/07/2026,1,CO1,BELT LINE COAL STOCK,,0.00
PL004,12/07/2026,1,CO1,BELT LINE COAL STOCK,NEW CHP,1.81
PL004,12/07/2026,1,CO1,SANJAY VAN STOCK,AIR STRIP OB DUMP II,4.08
PL004,12/07/2026,1,CO1,SANJAY VAN STOCK,SANJAY VAN STOCK,2.08
PL004,12/07/2026,1,CO1,TAILING YARD STOCK,NEW CHP,9.39
PL004,12/07/2026,1,OB,QSEXOB1,AIR STRIP OB DUMP II,3.83
PL004,12/07/2026,1,OB,SANJAY VAN STOCK,AIR STRIP OB DUMP II,3.26
PL004,12/07/2026,1,OB,TAILING YARD STOCK,AIR STRIP OB DUMP II,3.61
PL2K05,12/07/2026,1,CO1,QAB LMV1,PCP-III,3.84
PL2K05,12/07/2026,1,CO1,QAB LMV1,QAB LMV1,2.14
PL2K05,12/07/2026,1,OB,QAB LMV1,QAB_BANJEE DUMP,2.90
EX0009,12/07/2026,2,OBS,QAB_X OB Fire area,QAB_TYCOON DUMP,4.00
EX0010,12/07/2026,2,CO1,QSEB_VI OB 3,BELT LINE COAL STOCK,6.48
EX0010,12/07/2026,2,CO1,QSEB_VI OB 3,NEW CHP,9.01
EX0010,12/07/2026,2,CO1,QSEB_VI OB 3,QSE LOWER MIDDLE DUMP,4.41
EX0010,12/07/2026,2,OB,QSEB_VI OB 3,QSE_ FILLING POINT DUMP,3.53
EX0011,12/07/2026,2,CO1,QSE-X OB2,QSE LOWER MIDDLE DUMP,2.16
EX0011,12/07/2026,2,OB,QSE-X OB2,QSE_ FILLING POINT DUMP,2.38
EX0011,12/07/2026,2,OB,QSE-X OB2,QSE_FILLING POINT DUMP 2,3.51
EX003,12/07/2026,2,CO1,QAB_VI A OB/COAL,QAB LMV1,4.76
EX003,12/07/2026,2,MXC,QAB_VI A OB/COAL,COAL _STOCK_DFP,0.86
EX003,12/07/2026,2,OB,QAB_VI A OB/COAL,QAB_BANJEE DUMP,4.47
EX003,12/07/2026,2,OB,QAB_VI A OB/COAL,QAB_TYCOON DUMP,6.67
EX005,12/07/2026,2,CO1,QSE-X OB2,QSE LOWER MIDDLE DUMP,3.54
EX005,12/07/2026,2,CO1,QSEXOB1,QSE LOWER MIDDLE DUMP,1.58
EX005,12/07/2026,2,OB,QSE-X OB2,QSE_ FILLING POINT DUMP,1.84
EX005,12/07/2026,2,OB,QSEXOB1,QSE_ FILLING POINT DUMP,2.30
EX006,12/07/2026,2,CO1,QAB_FIRE AREA SEC A,COAL _STOCK_DFP,2.74
EX006,12/07/2026,2,OB,QAB_FIRE AREA SEC A,QAB_BANJEE DUMP,3.29
EX006,12/07/2026,2,OB,QAB_FIRE AREA SEC A,QAB_TYCOON DUMP,3.23
EX006,12/07/2026,2,OB,QAB_VI A OB/COAL,QAB_TYCOON DUMP,5.31
EX006,12/07/2026,2,OB,QAB_VI B OB/COAL,QAB_TYCOON DUMP,4.97
EX007,12/07/2026,2,CO1,QSEB_VI OB 3,QSE LOWER MIDDLE DUMP,3.77
EX007,12/07/2026,2,CO1,QSEB_VI OB 3,QSE_ FILLING POINT DUMP,3.56
EX007,12/07/2026,2,OB,QSEB_VI OB 3,QSE_ FILLING POINT DUMP,3.36
EX008,12/07/2026,2,CO1,QSE-VIII OB/Coal,QSE LOWER MIDDLE DUMP,3.34
EX008,12/07/2026,2,CO1,QSE-X OB2,QSE LOWER MIDDLE DUMP,6.56
EX008,12/07/2026,2,OB,QSE-VIII OB/Coal,QSE_ FILLING POINT DUMP,4.42
EX008,12/07/2026,2,OB,QSE-VIII OB/Coal,QSE_FILLING POINT DUMP 2,0.29
EX008,12/07/2026,2,OB,QSE-X OB2,QSE_ FILLING POINT DUMP,6.27
EX008,12/07/2026,2,OB,QSE-X OB2,QSE_FILLING POINT DUMP 2,2.35
EX009,12/07/2026,2,OB,QAB_X OB 2 NEW,QAB_BANJEE DUMP,7.31
EX009,12/07/2026,2,OB,QAB_X OB Fire area,QAB_BANJEE DUMP,6.86
EX009,12/07/2026,2,OB,QAB_X/IX/VIII Firey Seam,QAB_BANJEE DUMP,4.02
EX012,12/07/2026,2,CO1,QAB_X OB 2 NEW,QAB_HANGER STOCK 1,6.01
EX012,12/07/2026,2,OB,QAB_X OB 2 NEW,QAB_BANJEE DUMP,5.30
PL003,12/07/2026,2,CO1,BELT LINE COAL STOCK,NEW CHP,2.01
PL003,12/07/2026,2,OB,SANJAY VAN STOCK,AIR STRIP OB DUMP II,1.94
PL003,12/07/2026,2,OB,SANJAY VAN STOCK,QSE_MASJID DUMP,3.56
PL004,12/07/2026,2,CO1,BELT LINE COAL STOCK,,4.62
PL004,12/07/2026,2,CO1,BELT LINE COAL STOCK,BELT LINE COAL STOCK,7.53
PL004,12/07/2026,2,CO1,BELT LINE COAL STOCK,NEW CHP,4.54
PL004,12/07/2026,2,CO1,BELT LINE COAL STOCK,QSE_ FILLING POINT DUMP,1.90
PL004,12/07/2026,2,CO1,NEW CHP,BELT LINE COAL STOCK,7.07
PL004,12/07/2026,2,CO1,QSE_ FILLING POINT DUMP,BELT LINE COAL STOCK,6.24
PL004,12/07/2026,2,CO1,QSE_ FILLING POINT DUMP,NEW CHP,8.50
PL2K05,12/07/2026,2,CO1,QAB LMV1,COAL _STOCK_DFP,5.09
PL2K05,12/07/2026,2,CO1,QAB LMV1,PCP-III,3.87
PL2K05,12/07/2026,2,CO1,QAB LMV1,QAB LMV1,2.54
EX0009,12/07/2026,3,OBS,QAB_X OB Fire area,QAB_TYCOON DUMP,3.45
EX0010,12/07/2026,3,CO1,QSEB_VI OB 3,BELT LINE COAL STOCK,7.43
EX0010,12/07/2026,3,CO1,QSEB_VI OB 3,NEW CHP,7.58
EX0011,12/07/2026,3,CO1,QSE-X OB2,QSE LOWER MIDDLE DUMP,3.83
EX0011,12/07/2026,3,OB,QSE-X OB2,QSE_ FILLING POINT DUMP,2.62
EX003,12/07/2026,3,MXC,QAB_VI A OB/COAL,COAL _STOCK_DFP,3.80
EX003,12/07/2026,3,OB,QAB_VI A OB/COAL,QAB_BANJEE DUMP,6.30
EX003,12/07/2026,3,OB,QAB_VI A OB/COAL,QAB_TYCOON DUMP,3.91
EX004,12/07/2026,3,CO1,QAB-X OB,Banjee Middle Stock,2.33
EX004,12/07/2026,3,OB,QAB-X OB,QAB_BANJEE DUMP,3.33
EX004,12/07/2026,3,OB,QAB-X OB,QAB_FRS DUMP NEW,1.99
EX004,12/07/2026,3,OBS,QAB-X OB,QAB_BANJEE DUMP,2.34
EX004,12/07/2026,3,OBS,QAB-X OB,QAB_FRS DUMP NEW,4.23
EX007,12/07/2026,3,CO1,QSEB_VI OB 3,,1.02
EX007,12/07/2026,3,CO1,QSEB_VI OB 3,QSE LOWER MIDDLE DUMP,4.09
EX007,12/07/2026,3,CO1,QSEB_VI OB 3,QSE_ FILLING POINT DUMP,3.48
EX007,12/07/2026,3,OB,QSEB_VI OB 3,QSE_ FILLING POINT DUMP,4.14
EX008,12/07/2026,3,CO1,QSE-VIII OB/Coal,QSE LOWER MIDDLE DUMP,4.34
EX008,12/07/2026,3,CO1,QSE-X OB2,QSE LOWER MIDDLE DUMP,6.00
EX008,12/07/2026,3,OB,QSE-VIII OB/Coal,QSE_ FILLING POINT DUMP,4.15
EX008,12/07/2026,3,OB,QSE-VIII OB/Coal,QSE_FILLING POINT DUMP 2,7.75
EX008,12/07/2026,3,OB,QSE-X OB2,QSE_ FILLING POINT DUMP,4.64
EX008,12/07/2026,3,OB,QSE-X OB2,QSE_FILLING POINT DUMP 2,2.94
EX009,12/07/2026,3,OB,QAB_X/IX/VIII Firey Seam,QAB_BANJEE DUMP,4.63
EX012,12/07/2026,3,CO1,QAB_X OB 2 NEW,Banjee Lower Stock,3.39
EX012,12/07/2026,3,CO1,QAB_X OB 2 NEW,Banjee Middle Stock,3.91
EX012,12/07/2026,3,CO1,QAB_X OB 2 NEW,PCP-III,6.17
EX012,12/07/2026,3,CO1,QAB_X OB 2 NEW,QAB LMV1,3.63
EX012,12/07/2026,3,CO1,QAB_X OB 2 NEW,QAB_HANGER STOCK 1,5.62
EX012,12/07/2026,3,OB,QAB_X OB 2 NEW,QAB_BANJEE DUMP,4.66
PL003,12/07/2026,3,CO1,BELT LINE COAL STOCK,NEW CHP,1.17
PL003,12/07/2026,3,CO1,SANJAY VAN STOCK,AIR STRIP OB DUMP II,4.58
PL003,12/07/2026,3,CO1,SANJAY VAN STOCK,QSE_FILLING POINT DUMP 2,6.88
PL003,12/07/2026,3,CO1,SANJAY VAN STOCK,SANJAY VAN STOCK,3.02
PL003,12/07/2026,3,OB,SANJAY VAN STOCK,AIR STRIP OB DUMP II,3.88
PL003,12/07/2026,3,OB,SANJAY VAN STOCK,QSE LOWER MASJID DUMP,4.42
PL004,12/07/2026,3,CO1,QSE_ FILLING POINT DUMP,BELT LINE COAL STOCK,0.00
PL004,12/07/2026,3,CO1,QSE_ FILLING POINT DUMP,NEW CHP,1.30
PL2K05,12/07/2026,3,CO1,QAB LMV1,PCP-III,3.96
PL2K06,12/07/2026,3,CO1,COAL _STOCK_DFP,PCP-III,2.56
PL2K06,12/07/2026,3,CO1,QAB_HANGER STOCK 1,PCP-III,0.61
EX0009,13/07/2026,1,CO1,QAB_X OB Fire area,Banjee Lower Stock,3.66
EX0009,13/07/2026,1,CO1,QAB_X OB Fire area,Banjee Middle Stock,3.66
EX0009,13/07/2026,1,OB,QAB_X OB Fire area,QAB_BANJEE DUMP,3.68
EX0009,13/07/2026,1,OBS,QAB_X OB Fire area,QAB_BANJEE DUMP,3.77
EX0009,13/07/2026,1,OBS,QAB_X OB Fire area,QAB_TYCOON DUMP,4.27
EX001,13/07/2026,1,CO1,NEW N2 STOCK,QSE_ FILLING POINT DUMP,4.52
EX001,13/07/2026,1,MXC,PC DUMP COAL STOCK,,4.08
EX001,13/07/2026,1,OB,NEW N2 STOCK,AIR STRIP OB DUMP II,1.71
EX0010,13/07/2026,1,CO1,QSE_VII OB 2,QSE LOWER MIDDLE DUMP,3.76
EX0010,13/07/2026,1,CO1,QSE_VII OB 2,QSE_ FILLING POINT DUMP,2.87
EX0010,13/07/2026,1,CO1,RAM SETU COAL STOCK,QSE LOWER MIDDLE DUMP,4.65
EX0010,13/07/2026,1,CO1,RAM SETU COAL STOCK,QSE_ FILLING POINT DUMP,3.73
EX0010,13/07/2026,1,OB,QSE_VII OB 2,QSE_ FILLING POINT DUMP,3.30
EX0010,13/07/2026,1,OB,QSEB_VI OB 3,QSE_ FILLING POINT DUMP,7.23
EX0010,13/07/2026,1,OB,RAM SETU COAL STOCK,QSE_ FILLING POINT DUMP,2.89
EX0011,13/07/2026,1,CO1,QSE-X OB2,QSE LOWER MIDDLE DUMP,3.17
EX0011,13/07/2026,1,OB,QSE-X OB2,AIR STRIP OB DUMP II,6.58
EX0011,13/07/2026,1,OB,QSE-X OB2,QSE_ FILLING POINT DUMP,2.75
EX0011,13/07/2026,1,OB,QSE-X OB2,QSE_FILLING POINT DUMP 2,1.20
EX003,13/07/2026,1,OB,QAB_VI A OB/COAL,QAB_TYCOON DUMP,5.60
EX004,13/07/2026,1,CO1,QAB-X OB,Banjee Lower Stock,2.28
EX004,13/07/2026,1,CO1,QAB-X OB,Banjee Middle Stock,2.34
EX004,13/07/2026,1,OB,QAB-X OB,QAB_BANJEE DUMP,4.51
EX004,13/07/2026,1,OB,QAB_X OB Fire area,QAB_FRS DUMP NEW,4.24
EX004,13/07/2026,1,OBS,QAB-X OB,QAB_BANJEE DUMP,2.72
EX004,13/07/2026,1,OBS,QAB_X OB Fire area,QAB_FRS DUMP NEW,2.57
EX005,13/07/2026,1,CO1,QSE-X OB2,QSE LOWER MIDDLE DUMP,1.58
EX005,13/07/2026,1,OB,QSE-X OB2,QSE_ FILLING POINT DUMP,1.67
EX006,13/07/2026,1,CO1,QAB_X OB Fire area,Banjee Middle Stock,2.78
EX006,13/07/2026,1,CO1,QAB_X OB Fire area,COAL _STOCK_DFP,2.13
EX006,13/07/2026,1,OB,QAB_X OB Fire area,QAB_BANJEE DUMP,3.30
EX007,13/07/2026,1,CO1,QSEB_VI OB 3,QSE LOWER MIDDLE DUMP,3.21
EX007,13/07/2026,1,OB,QSEB_VI OB 3,QSE_ FILLING POINT DUMP,3.82
EX008,13/07/2026,1,CO1,QSE-VIII OB/Coal,QSE LOWER MIDDLE DUMP,5.01
EX008,13/07/2026,1,OB,QSE-VIII OB/Coal,QSE_ FILLING POINT DUMP,5.07
EX008,13/07/2026,1,OB,QSE-VIII OB/Coal,QSE_FILLING POINT DUMP 2,5.07
EX009,13/07/2026,1,CO1,QAB_X OB 2 NEW,Banjee Lower Stock,5.15
EX009,13/07/2026,1,CO1,QAB_X OB 2 NEW,QAB LMV1,4.74
EX009,13/07/2026,1,CO1,QAB_X OB 2 NEW,QAB_HANGER STOCK 1,6.50
EX009,13/07/2026,1,CO1,QAB_X/IX/VIII Firey Seam,Banjee Middle Stock,4.41
EX009,13/07/2026,1,MXC,QAB_X OB 2 NEW,QAB_HANGER STOCK 1,6.46
EX009,13/07/2026,1,OB,QAB_X OB 2 NEW,QAB_BANJEE DUMP,3.91
EX009,13/07/2026,1,OB,QAB_X/IX/VIII Firey Seam,QAB_BANJEE DUMP,4.41
EX009,13/07/2026,1,OBS,QAB_X/IX/VIII Firey Seam,QAB_BANJEE DUMP,2.50
EX009,13/07/2026,1,OBS,QAB_X/IX/VIII Firey Seam,QAB_FIRE DUMP UPPER,6.72
EX012,13/07/2026,1,CO1,QAB_X OB 2 NEW,QAB LMV1,3.02
EX012,13/07/2026,1,CO1,QAB_X/IX/VIII Firey Seam,Banjee Middle Stock,8.23
EX012,13/07/2026,1,CO1,QAB_X/IX/VIII Firey Seam,QAB LMV1,5.04
EX012,13/07/2026,1,OB,QAB_X OB 2 NEW,QAB_BANJEE DUMP,8.31
EX012,13/07/2026,1,OBS,QAB_X OB 2 NEW,QAB_BANJEE DUMP,4.33
EX012,13/07/2026,1,OBS,QAB_X/IX/VIII Firey Seam,QAB_BANJEE DUMP,5.37
PL003,13/07/2026,1,CO1,SANJAY VAN STOCK,,0.00
PL003,13/07/2026,1,CO1,SANJAY VAN STOCK,SANJAY VAN STOCK,0.00
PL003,13/07/2026,1,CO1,SANJAY VAN STOCK,TAILING YARD STOCK,0.58
PL003,13/07/2026,1,OB,QSEXOB1,AIR STRIP DUMP 1,1.73
PL003,13/07/2026,1,OB,QSEXOB1,AIR STRIP OB DUMP II,3.45
PL003,13/07/2026,1,OB,QSEXOB1,TAILING YARD STOCK,1.87
PL003,13/07/2026,1,OB,SANJAY VAN STOCK,AIR STRIP OB DUMP II,2.75
PL003,13/07/2026,1,OB,SANJAY VAN STOCK,TAILING YARD STOCK,1.61
PL004,13/07/2026,1,OB,QSE_ FILLING POINT DUMP,AIR STRIP DUMP 1,0.47
PL004,13/07/2026,1,OB,QSE_ FILLING POINT DUMP,AIR STRIP OB DUMP II,1.08
PL2K05,13/07/2026,1,CO1,QAB LMV1,PCP-III,2.21
PL2K06,13/07/2026,1,CO1,COAL _STOCK_DFP,COAL _STOCK_DFP,0.00
PL2K06,13/07/2026,1,CO1,COAL _STOCK_DFP,PCP-III,2.50
PL2K06,13/07/2026,1,CO1,QAB LMV1,PCP-III,3.15
PL2K06,13/07/2026,1,CO1,QAB LMV1,QAB LMV1,1.76
EX0009,13/07/2026,2,OBS,QAB_X OB Fire area,QAB_FRS DUMP NEW,4.15
EX0010,13/07/2026,2,CO1,QSE_VII OB 2,QSE LOWER MIDDLE DUMP,4.07
EX0010,13/07/2026,2,CO1,QSE_VII OB 2,QSE_ FILLING POINT DUMP,3.46
EX0010,13/07/2026,2,CO1,QSE_VII OB 2,QSE_FILLING POINT DUMP 2,2.23
EX0010,13/07/2026,2,OB,QSE_VII OB 2,QSE_ FILLING POINT DUMP,3.09
EX0010,13/07/2026,2,OB,QSE_VII OB 2,QSE_FILLING POINT DUMP 2,3.25
EX0011,13/07/2026,2,CO1,QSE-X OB2,BELT LINE COAL STOCK,7.00
EX0011,13/07/2026,2,CO1,QSE-X OB2,NEW CHP,6.25
EX0011,13/07/2026,2,CO1,QSE-X OB2,QSE LOWER MIDDLE DUMP,5.02
EX0011,13/07/2026,2,OB,QSE-X OB2,QSE_ FILLING POINT DUMP,5.03
EX004,13/07/2026,2,OB,QAB_X OB Fire area,QAB_BANJEE DUMP,7.06
EX004,13/07/2026,2,OBS,QAB-X OB,QAB_FRS DUMP NEW,3.54
EX004,13/07/2026,2,OBS,QAB_X OB Fire area,QAB_FRS DUMP NEW,2.87
EX005,13/07/2026,2,CO1,QSE-X OB2,QSE LOWER MIDDLE DUMP,4.46
EX005,13/07/2026,2,OB,QSE-X OB2,QSE_ FILLING POINT DUMP,4.17
EX005,13/07/2026,2,OB,QSE-X OB2,QSE_FILLING POINT DUMP 2,3.50
EX006,13/07/2026,2,CO1,QAB_X OB Fire area,Banjee Lower Stock,3.14
EX006,13/07/2026,2,CO1,QAB_X OB Fire area,Banjee Middle Stock,3.25
EX006,13/07/2026,2,CO1,QAB_X OB Fire area,COAL _STOCK_DFP,2.03
EX006,13/07/2026,2,OB,QAB_X OB Fire area,QAB_BANJEE DUMP,4.06
EX007,13/07/2026,2,CO1,QSEB_VI OB 3,QSE LOWER MIDDLE DUMP,4.33
EX007,13/07/2026,2,CO1,QSEB_VI OB 3,QSE_ FILLING POINT DUMP,7.34
EX007,13/07/2026,2,OB,QSEB_VI OB 3,QSE_ FILLING POINT DUMP,3.65
EX007,13/07/2026,2,OB,QSEB_VI OB 3,QSE_FILLING POINT DUMP 2,2.71
EX008,13/07/2026,2,CO1,QSE-VIII OB/Coal,QSE LOWER MIDDLE DUMP,6.53
EX008,13/07/2026,2,OB,QSE-VIII OB/Coal,QSE_ FILLING POINT DUMP,5.51
EX008,13/07/2026,2,OB,QSE-VIII OB/Coal,QSE_FILLING POINT DUMP 2,3.69
EX010,13/07/2026,2,CO1,QAB_FIRE AREA SEC A,COAL _STOCK_DFP,4.99
EX010,13/07/2026,2,OB,QAB_FIRE AREA SEC A,QAB_BANJEE DUMP,5.68
EX010,13/07/2026,2,OB,QAB_FIRE AREA SEC A,QAB_FRS DUMP NEW,5.64
EX012,13/07/2026,2,CO1,QAB_X OB 2 NEW,Banjee Lower Stock,3.84
EX012,13/07/2026,2,CO1,QAB_X OB 2 NEW,PCP-III,6.15
EX012,13/07/2026,2,CO1,QAB_X OB 2 NEW,QAB LMV1,5.10
EX012,13/07/2026,2,MXC,QAB_X OB 2 NEW,QAB LMV1,1.92
EX012,13/07/2026,2,OB,QAB_X OB 2 NEW,QAB_BANJEE DUMP,4.85
EX012,13/07/2026,2,OBS,QAB_X OB 2 NEW,QAB_FIRE DUMP UPPER,5.39
PL004,13/07/2026,2,OB,QSE_ FILLING POINT DUMP,AIR STRIP DUMP 1,0.84
PL004,13/07/2026,2,OB,QSE_ FILLING POINT DUMP,AIR STRIP OB DUMP II,2.07
PL004,13/07/2026,2,OB,QSE_ FILLING POINT DUMP,QSE LOWER MASJID DUMP,1.29
PL004,13/07/2026,2,OB,QSE_ FILLING POINT DUMP,QSE_MASJID DUMP,0.59
PL2K05,13/07/2026,2,CO1,QAB LMV1,PCP-III,3.71
PL2K05,13/07/2026,2,CO1,QAB LMV1,QAB LMV1,2.20
PL2K06,13/07/2026,2,CO1,COAL _STOCK_DFP,COAL _STOCK_DFP,1.17
PL2K06,13/07/2026,2,CO1,COAL _STOCK_DFP,PCP-III,2.29
PL2K06,13/07/2026,2,CO1,QAB LMV1,PCP-III,4.15
PL2K06,13/07/2026,2,CO1,QAB_HANGER STOCK 1,PCP-III,0.60
EX0009,13/07/2026,3,OBS,QAB_X OB Fire area,QAB_FRS DUMP NEW,3.13
EX001,13/07/2026,3,CO1,NEW N2 STOCK,AIR STRIP OB DUMP II,1.73
EX001,13/07/2026,3,OB,NEW N2 STOCK,AIR STRIP OB DUMP II,1.88
EX0010,13/07/2026,3,CO1,QSEB_VI OB 3,QSE LOWER MIDDLE DUMP,2.03
EX0010,13/07/2026,3,CO1,QSEB_VI OB 3,QSE_ FILLING POINT DUMP,8.61
EX0010,13/07/2026,3,OB,QSEB_VI OB 3,QSE_ FILLING POINT DUMP,1.88
EX0010,13/07/2026,3,OB,QSEB_VI OB 3,QSE_FILLING POINT DUMP 2,3.06
EX0011,13/07/2026,3,CO1,QSE-X OB2,NEW CHP,6.77
EX004,13/07/2026,3,CO1,QAB-X OB,QAB LMV1,1.60
EX004,13/07/2026,3,OB,QAB-X OB,QAB_BANJEE DUMP,4.07
EX004,13/07/2026,3,OB,QAB-X OB,QAB_FRS DUMP NEW,4.93
EX004,13/07/2026,3,OBS,QAB-X OB,QAB_BANJEE DUMP,2.72
EX004,13/07/2026,3,OBS,QAB-X OB,QAB_FRS DUMP NEW,4.57
EX004,13/07/2026,3,OBS,QAB_X OB Fire area,QAB_FRS DUMP NEW,4.29
EX005,13/07/2026,3,CO1,QSE-X OB2,QSE LOWER MIDDLE DUMP,4.84
EX005,13/07/2026,3,OB,QSE-X OB2,QSE_ FILLING POINT DUMP,4.60
EX006,13/07/2026,3,OB,QAB_X OB Fire area,QAB_BANJEE DUMP,7.14
EX006,13/07/2026,3,OB,QAB_X OB Fire area,QAB_FRS DUMP NEW,3.35
EX007,13/07/2026,3,CO1,QSEB_VI OB 3,QSE LOWER MIDDLE DUMP,3.19
EX007,13/07/2026,3,OB,QSEB_VI OB 3,QSE_ FILLING POINT DUMP,3.54
EX007,13/07/2026,3,OB,QSEB_VI OB 3,QSE_FILLING POINT DUMP 2,1.70
EX008,13/07/2026,3,CO1,QSE-VIII OB/Coal,QSE LOWER MIDDLE DUMP,4.37
EX008,13/07/2026,3,OB,QSE-VIII OB/Coal,QSE_ FILLING POINT DUMP,5.53
EX008,13/07/2026,3,OB,QSE-VIII OB/Coal,QSE_FILLING POINT DUMP 2,3.81
EX009,13/07/2026,3,OB,QAB_X/IX/VIII Firey Seam,QAB_BANJEE DUMP,8.34
EX009,13/07/2026,3,OBS,QAB_X/IX/VIII Firey Seam,QAB_BANJEE DUMP,4.36
EX009,13/07/2026,3,OBS,QAB_X/IX/VIII Firey Seam,QAB_FIRE DUMP UPPER,1.34
EX010,13/07/2026,3,OB,QAB_VII COAL HW PAD,QAB_FRS DUMP NEW,4.95
EX012,13/07/2026,3,CO1,QAB_X OB 2 NEW,PCP-III,5.26
EX012,13/07/2026,3,CO1,QAB_X OB 2 NEW,QAB LMV1,6.46
EX012,13/07/2026,3,OB,QAB_X OB 2 NEW,QAB_BANJEE DUMP,5.22
EX012,13/07/2026,3,OB,QAB_X/IX/VIII Firey Seam,QAB_BANJEE DUMP,4.34
PL004,13/07/2026,3,OB,QSE_ FILLING POINT DUMP,AIR STRIP OB DUMP II,1.23
PL2K05,13/07/2026,3,CO1,QAB LMV1,PCP-III,3.88
PL2K05,13/07/2026,3,CO1,QAB LMV1,QAB LMV1,2.17
PL2K06,13/07/2026,3,CO1,MD_COAL STOCK,PCP-III,1.18
EX0009,14/07/2026,1,OBS,QAB-X OB,QAB_FRS DUMP NEW,3.60
EX0009,14/07/2026,1,OBS,QAB_X OB Fire area,QAB_FRS DUMP NEW,4.25
EX001,14/07/2026,1,OB,NEW N2 STOCK,AIR STRIP OB DUMP II,1.82
EX001,14/07/2026,1,OB,NEW N2 STOCK,TAILING YARD STOCK,1.31
EX0010,14/07/2026,1,CO1,QSEB_VI OB 3,QSE LOWER MIDDLE DUMP,1.98
EX0010,14/07/2026,1,OB,QSEB_VI OB 3,QSE_ FILLING POINT DUMP,1.89
EX0010,14/07/2026,1,OB,QSEB_VI OB 3,QSE_FILLING POINT DUMP 2,1.60
EX0011,14/07/2026,1,CO1,QSE-X OB2,NEW CHP,5.40
EX0011,14/07/2026,1,CO1,QSE-X OB2,QSE LOWER MIDDLE DUMP,3.19
EX0011,14/07/2026,1,OB,QSE-X OB2,QSE_ FILLING POINT DUMP,2.14
EX004,14/07/2026,1,CO1,QAB-X OB,Banjee Lower Stock,4.01
EX004,14/07/2026,1,OB,QAB-X OB,QAB_BANJEE DUMP,3.59
EX004,14/07/2026,1,OB,QAB-X OB,QAB_FRS DUMP NEW,4.01
EX004,14/07/2026,1,OBS,QAB-X OB,QAB_FRS DUMP NEW,4.02
EX004,14/07/2026,1,OBS,QAB_X OB Fire area,QAB_BANJEE DUMP,0.96
EX004,14/07/2026,1,OBS,QAB_X OB Fire area,QAB_FRS DUMP NEW,2.91
EX005,14/07/2026,1,CO1,QSE-X OB2,QSE LOWER MIDDLE DUMP,6.53
EX005,14/07/2026,1,OB,QSE-X OB2,QSE_ FILLING POINT DUMP,4.50
EX005,14/07/2026,1,OB,QSE-X OB2,QSE_FILLING POINT DUMP 2,3.77
EX006,14/07/2026,1,OB,QAB_X OB Fire area,QAB_FRS DUMP NEW,2.61
EX007,14/07/2026,1,CO1,QSEB_VI OB 3,QSE LOWER MIDDLE DUMP,3.17
EX007,14/07/2026,1,OB,QSEB_VI OB 3,QSE_ FILLING POINT DUMP,3.65
EX007,14/07/2026,1,OB,QSEB_VI OB 3,QSE_FILLING POINT DUMP 2,4.30
EX008,14/07/2026,1,CO1,QSE-X OB2,BELT LINE COAL STOCK,9.03
EX008,14/07/2026,1,CO1,QSE-X OB2,NEW CHP,8.25
EX008,14/07/2026,1,CO1,QSE_X OB IV 2,BELT LINE COAL STOCK,5.97
EX008,14/07/2026,1,CO1,QSE_X OB IV 2,NEW CHP,6.80
EX008,14/07/2026,1,CO1,QSE_X OB IV 2,QSE LOWER MIDDLE DUMP,4.44
EX008,14/07/2026,1,OB,QSE_X OB IV 2,QSE_ FILLING POINT DUMP,4.91
EX009,14/07/2026,1,CO1,QAB_X/IX/VIII Firey Seam,Banjee Lower Stock,3.08
EX009,14/07/2026,1,OB,QAB_X/IX/VIII Firey Seam,QAB_BANJEE DUMP,8.44
EX009,14/07/2026,1,OBS,QAB_X/IX/VIII Firey Seam,QAB_BANJEE DUMP,3.55
EX009,14/07/2026,1,OBS,QAB_X/IX/VIII Firey Seam,QAB_FIRE DUMP UPPER,0.59
EX010,14/07/2026,1,CO1,QAB_VII COAL HW PAD,MD_COAL STOCK,3.95
EX010,14/07/2026,1,CO1,QAB_VII COAL HW PAD,PCP-III,4.89
EX012,14/07/2026,1,CO1,QAB_X OB 2 NEW,QAB LMV1,7.46
EX012,14/07/2026,1,OBS,QAB_X OB 2 NEW,QAB_FRS DUMP NEW,3.63
EX012,14/07/2026,1,OBS,QAB_X OB Fire area,QAB_FRS DUMP NEW,2.81
PL003,14/07/2026,1,CO1,BELT LINE COAL STOCK,NEW CHP,1.50
PL003,14/07/2026,1,CO1,NEW N2 STOCK,,1.05
PL003,14/07/2026,1,CO1,NEW N2 STOCK,SANJAY VAN STOCK,0.69
PL003,14/07/2026,1,CO1,NEW N2 STOCK,TAILING YARD STOCK,0.95
PL003,14/07/2026,1,CO1,SANJAY VAN STOCK,AIR STRIP DUMP 1,0.00
PL003,14/07/2026,1,CO1,SANJAY VAN STOCK,SANJAY VAN STOCK,0.59
PL003,14/07/2026,1,OB,NEW N2 STOCK,TAILING YARD STOCK,0.89
PL003,14/07/2026,1,OB,SANJAY VAN STOCK,AIR STRIP DUMP 1,2.86
PL003,14/07/2026,1,OB,SANJAY VAN STOCK,AIR STRIP OB DUMP II,3.35
PL003,14/07/2026,1,OB,SANJAY VAN STOCK,TAILING YARD STOCK,2.36
PL003,14/07/2026,1,OB,TAILING YARD STOCK,AIR STRIP DUMP 1,0.00
PL2K05,14/07/2026,1,CO1,QAB LMV1,PCP-III,4.16
PL2K05,14/07/2026,1,CO1,QAB LMV1,QAB_HANGER STOCK 1,4.55
PL2K06,14/07/2026,1,CO1,SCC-C STOCK,Banjee Upper Stock,4.36
PL2K06,14/07/2026,1,OB,SCC-C STOCK,QAB_BANJEE DUMP,3.87
EX0009,14/07/2026,2,OBS,QAB-X OB,QAB_FRS DUMP NEW,3.82
EX0009,14/07/2026,2,OBS,QAB_X OB Fire area,QAB_FRS DUMP NEW,5.03
EX001,14/07/2026,2,CO1,QSEXOB1,,1.14
EX001,14/07/2026,2,CO1,QSEXOB1,AIR STRIP OB DUMP II,1.32
EX001,14/07/2026,2,OB,QSEXOB1,AIR STRIP OB DUMP II,2.49
EX0010,14/07/2026,2,CO1,QSEB_VI OB 3,QSE LOWER MIDDLE DUMP,2.92
EX0010,14/07/2026,2,OB,QSEB_VI OB 3,QSE_ FILLING POINT DUMP,2.05
EX0010,14/07/2026,2,OB,QSEB_VI OB 3,QSE_FILLING POINT DUMP 2,1.67
EX0011,14/07/2026,2,CO1,QSE-X OB2,BELT LINE COAL STOCK,6.45
EX0011,14/07/2026,2,CO1,QSE-X OB2,NEW CHP,7.11
EX004,14/07/2026,2,CO1,QAB_X OB Fire area,Banjee Lower Stock,3.85
EX004,14/07/2026,2,OB,QAB_X OB Fire area,QAB_BANJEE DUMP,2.65
EX004,14/07/2026,2,OB,QAB_X OB Fire area,QAB_UPPER OFFICE,1.18
EX004,14/07/2026,2,OBS,QAB_X OB Fire area,QAB_BANJEE DUMP,4.15
EX004,14/07/2026,2,OBS,QAB_X OB Fire area,QAB_FRS DUMP NEW,4.60
EX005,14/07/2026,2,CO1,QSE-X OB2,QSE LOWER MIDDLE DUMP,5.23
EX005,14/07/2026,2,OB,QSE-X OB2,QSE_ FILLING POINT DUMP,5.08
EX005,14/07/2026,2,OB,QSE-X OB2,QSE_VIEW POINT DUMP,4.16
EX006,14/07/2026,2,OB,QAB_X OB Fire area,QAB_FRS DUMP NEW,3.64
EX007,14/07/2026,2,CO1,QSEB_VI OB 3,QSE LOWER MIDDLE DUMP,5.35
EX007,14/07/2026,2,OB,QSEB_VI OB 3,QSE_ FILLING POINT DUMP,3.34
EX007,14/07/2026,2,OB,QSEB_VI OB 3,QSE_FILLING POINT DUMP 2,2.31
EX008,14/07/2026,2,CO1,QSE-X OB2,QSE LOWER MIDDLE DUMP,4.20
EX008,14/07/2026,2,CO1,QSE_X OB IV 2,QSE LOWER MIDDLE DUMP,7.06
EX008,14/07/2026,2,OB,QSE-VII OB/Coal 2,QSE_ FILLING POINT DUMP,7.73
EX008,14/07/2026,2,OB,QSE-X OB2,QSE_ FILLING POINT DUMP,4.65
EX008,14/07/2026,2,OB,QSE_X OB IV 2,QSE_ FILLING POINT DUMP,4.84
EX009,14/07/2026,2,OB,QAB_X OB Fire area,QAB_TYCOON DUMP,4.74
EX009,14/07/2026,2,OBS,QAB_X OB Fire area,QAB_TYCOON DUMP,3.21
EX012,14/07/2026,2,OB,QAB_X/IX/VIII Firey Seam,QAB_TYCOON DUMP,5.14
EX012,14/07/2026,2,OBS,QAB_X OB 2 NEW,QAB_FRS DUMP NEW,8.08
EX012,14/07/2026,2,OBS,QAB_X/IX/VIII Firey Seam,QAB_TYCOON DUMP,3.71
PL003,14/07/2026,2,CO1,ACD COAL STOCK,NEW CHP,10.47
PL003,14/07/2026,2,CO1,BELT LINE COAL STOCK,NEW CHP,1.49
PL003,14/07/2026,2,CO1,NEW N2 STOCK,,0.93
PL003,14/07/2026,2,CO1,NEW N2 STOCK,AIR STRIP DUMP 1,0.00
PL003,14/07/2026,2,CO1,NEW N2 STOCK,NEW CHP,4.01
PL003,14/07/2026,2,CO1,NEW N2 STOCK,NEW N2 STOCK,2.41
PL003,14/07/2026,2,CO1,QSEXOB1,,0.00
PL003,14/07/2026,2,CO1,QSEXOB1,AIR STRIP OB DUMP II,1.27
PL003,14/07/2026,2,CO1,SANJAY VAN STOCK,NEW CHP,1.51
PL003,14/07/2026,2,OB,BELT LINE COAL STOCK,AIR STRIP DUMP 1,0.00
PL003,14/07/2026,2,OB,NEW N2 STOCK,TAILING YARD STOCK,1.71
PL003,14/07/2026,2,OB,QSEXOB1,AIR STRIP OB DUMP II,2.25
PL2K05,14/07/2026,2,CO1,QAB LMV1,Banjee Upper Stock,5.01
PL2K05,14/07/2026,2,OB,QAB LMV1,QAB_BANJEE DUMP,4.82
PL2K06,14/07/2026,2,CO1,QAB LMV1,Banjee Upper Stock,0.51
PL2K06,14/07/2026,2,CO1,QAB LMV1,QAB LMV1,1.50
PL2K06,14/07/2026,2,CO1,SCC-C STOCK,Banjee Upper Stock,0.70
PL2K06,14/07/2026,2,OB,PCP-III,QAB_BANJEE DUMP,6.66
PL2K06,14/07/2026,2,OB,QAB LMV1,QAB_BANJEE DUMP,4.21
PL2K06,14/07/2026,2,OB,SCC-C STOCK,QAB_BANJEE DUMP,5.90
EX0009,14/07/2026,3,OBS,QAB-X OB,QAB_FRS DUMP NEW,2.57
EX0009,14/07/2026,3,OBS,QAB_X OB Fire area,QAB_FRS DUMP NEW,4.69
EX001,14/07/2026,3,CO1,QSEXOB1,QSE_ FILLING POINT DUMP,1.60
EX001,14/07/2026,3,OB,QSEXOB1,AIR STRIP OB DUMP II,1.94
EX0010,14/07/2026,3,CO1,QSEB_VI OB 3,QSE LOWER MIDDLE DUMP,1.78
EX0010,14/07/2026,3,OB,QSEB_VI OB 3,QSE_ FILLING POINT DUMP,3.24
EX0010,14/07/2026,3,OB,QSEB_VI OB 3,QSE_FILLING POINT DUMP 2,2.32
EX0010,14/07/2026,3,OB,QSEB_VI OB 3,QSE_VIEW POINT DUMP,1.71
EX0011,14/07/2026,3,CO1,QSE-X OB2,NEW CHP,6.82
EX0011,14/07/2026,3,CO1,QSE_VII OB 2,NEW CHP,6.66
EX003,14/07/2026,3,OB,QAB_FIRE AREA SEC A,QAB_TYCOON DUMP,4.39
EX003,14/07/2026,3,OB,QAB_VI B OB/COAL,QAB_TYCOON DUMP,2.41
EX004,14/07/2026,3,OB,QAB_X OB Fire area,QAB_BANJEE DUMP,2.82
EX004,14/07/2026,3,OB,QAB_X OB Fire area,QAB_UPPER OFFICE,0.10
EX004,14/07/2026,3,OBS,QAB_X OB Fire area,QAB_BANJEE DUMP,1.31
EX004,14/07/2026,3,OBS,QAB_X OB Fire area,QAB_FRS DUMP NEW,5.16
EX005,14/07/2026,3,CO1,QSE-X OB2,QSE LOWER MIDDLE DUMP,4.22
EX005,14/07/2026,3,OB,QSE-VII OB/Coal 2,QSE_ FILLING POINT DUMP,2.35
EX005,14/07/2026,3,OB,QSE-X OB2,QSE_ FILLING POINT DUMP,4.90
EX005,14/07/2026,3,OB,QSE_X OB IV 2,QSE_FILLING POINT DUMP 2,0.76
EX006,14/07/2026,3,OB,QAB_X OB Fire area,QAB_FRS DUMP NEW,3.47
EX007,14/07/2026,3,CO1,QSEB_VI OB 3,QSE LOWER MIDDLE DUMP,4.20
EX007,14/07/2026,3,OB,QSEB_VI OB 3,QSE_ FILLING POINT DUMP,3.77
EX007,14/07/2026,3,OB,QSEB_VI OB 3,QSE_FILLING POINT DUMP 2,2.87
EX007,14/07/2026,3,OB,QSEB_VI OB 3,QSE_VIEW POINT DUMP,3.11
EX008,14/07/2026,3,CO1,QSE_X OB IV 2,QSE LOWER MIDDLE DUMP,2.32
EX008,14/07/2026,3,OB,QSE-X OB2,QSE_ FILLING POINT DUMP,2.65
EX008,14/07/2026,3,OB,QSE_X OB IV 2,QSE_ FILLING POINT DUMP,2.12
EX009,14/07/2026,3,OB,QAB_X/IX/VIII Firey Seam,QAB_TYCOON DUMP,10.77
EX009,14/07/2026,3,OBS,QAB_X/IX/VIII Firey Seam,QAB_TYCOON DUMP,3.53
EX010,14/07/2026,3,CO1,QAB_VII COAL HW PAD,COAL _STOCK_DFP,3.17
EX010,14/07/2026,3,CO1,QAB_VII COAL HW PAD,PCP-III,4.33
EX012,14/07/2026,3,OB,QAB_X/IX/VIII Firey Seam,QAB_TYCOON DUMP,4.65
EX012,14/07/2026,3,OBS,QAB_X OB 2 NEW,QAB_TYCOON DUMP,2.35
EX012,14/07/2026,3,OBS,QAB_X/IX/VIII Firey Seam,QAB_FRS DUMP NEW,7.27
EX012,14/07/2026,3,OBS,QAB_X/IX/VIII Firey Seam,QAB_TYCOON DUMP,1.10
PL004,14/07/2026,3,CO1,ACD COAL STOCK,NEW CHP,7.65
PL2K05,14/07/2026,3,CO1,QAB LMV1,Banjee Upper Stock,2.97
PL2K05,14/07/2026,3,CO1,QAB LMV1,PCP-III,1.63
PL2K05,14/07/2026,3,CO1,QAB LMV1,QAB_HANGER STOCK 1,2.99
PL2K05,14/07/2026,3,CO1,QAB LMV1,SCC-C STOCK,15.12
PL2K05,14/07/2026,3,OB,QAB LMV1,QAB_BANJEE DUMP,3.19
PL2K06,14/07/2026,3,CO1,QAB_HANGER STOCK 1,Banjee Upper Stock,1.21
PL2K06,14/07/2026,3,CO1,QAB_HANGER STOCK 1,PCP-III,0.60
PL2K06,14/07/2026,3,OB,QAB LMV1,QAB_BANJEE DUMP,6.04
EX0009,15/07/2026,1,OBS,QAB-X OB,QAB_FRS DUMP NEW,3.89
EX0009,15/07/2026,1,OBS,QAB_X OB Fire area,QAB_FRS DUMP NEW,6.01
EX001,15/07/2026,1,CO1,QSEXOB1,NEW CHP,7.02
EX001,15/07/2026,1,OB,QSEXOB1,AIR STRIP OB DUMP II,2.05
EX001,15/07/2026,1,OB,QSEXOB1,TAILING YARD STOCK,1.20
EX0010,15/07/2026,1,CO1,QSEB_VI OB 3,NEW CHP,5.17
EX0010,15/07/2026,1,OB,QSEB_VI OB 3,QSE_ FILLING POINT DUMP,2.18
EX0010,15/07/2026,1,OB,QSEB_VI OB 3,QSE_FILLING POINT DUMP 2,2.69
EX0010,15/07/2026,1,OB,QSEB_VI OB 3,QSE_VIEW POINT DUMP,2.86
EX0011,15/07/2026,1,CO1,QSE-X OB2,BELT LINE COAL STOCK,5.09
EX0011,15/07/2026,1,CO1,QSE-X OB2,NEW CHP,7.11
EX0011,15/07/2026,1,CO1,QSE_VII OB 2,NEW CHP,6.94
EX003,15/07/2026,1,OB,QAB_VI B OB/COAL,QAB_TYCOON DUMP,4.46
EX004,15/07/2026,1,OB,QAB_X OB 2 NEW,QAB_BANJEE DUMP,6.01
EX004,15/07/2026,1,OB,QAB_X OB 2 NEW,QAB_FRS DUMP NEW,3.66
EX004,15/07/2026,1,OB,QAB_X OB Fire area,QAB_BANJEE DUMP,5.37
EX004,15/07/2026,1,OB,QAB_X OB Fire area,QAB_FRS DUMP NEW,4.03
EX004,15/07/2026,1,OBS,QAB_X OB 2 NEW,QAB_FRS DUMP NEW,3.93
EX004,15/07/2026,1,OBS,QAB_X OB Fire area,QAB_BANJEE DUMP,2.27
EX004,15/07/2026,1,OBS,QAB_X OB Fire area,QAB_FRS DUMP NEW,4.44
EX005,15/07/2026,1,OB,QSE-IV OB,QSE_ FILLING POINT DUMP,2.08
EX005,15/07/2026,1,OB,QSE-X OB2,QSE_ FILLING POINT DUMP,8.75
EX005,15/07/2026,1,OB,QSE-X OB2,QSE_FILLING POINT DUMP 2,0.00
EX006,15/07/2026,1,OB,QAB_X OB Fire area,QAB_FRS DUMP NEW,4.26
EX006,15/07/2026,1,OBS,QAB_X OB Fire area,QAB_FRS DUMP NEW,2.92
EX007,15/07/2026,1,CO1,QSEB_VI OB 3,QSE LOWER MIDDLE DUMP,3.05
EX007,15/07/2026,1,OB,QSEB_VI OB 3,QSE_ FILLING POINT DUMP,3.37
EX007,15/07/2026,1,OB,QSEB_VI OB 3,QSE_FILLING POINT DUMP 2,3.60
EX007,15/07/2026,1,OB,QSEB_VI OB 3,QSE_VIEW POINT DUMP,3.06
EX008,15/07/2026,1,CO1,QSE-X OB2,QSE LOWER MIDDLE DUMP,9.57
EX008,15/07/2026,1,OB,QSE-X OB2,QSE_ FILLING POINT DUMP,5.13
EX008,15/07/2026,1,OB,QSE-X OB2,QSE_FILLING POINT DUMP 2,4.44
EX012,15/07/2026,1,CO1,QAB_X OB 2 NEW,Banjee Lower Stock,4.12
EX012,15/07/2026,1,CO1,QAB_X/IX/VIII Firey Seam,Banjee Lower Stock,8.24
EX012,15/07/2026,1,MXC,QAB_X OB 2 NEW,QAB_HANGER STOCK 1,3.58
EX012,15/07/2026,1,MXC,QAB_X/IX/VIII Firey Seam,QAB_HANGER STOCK 1,3.63
EX012,15/07/2026,1,OB,QAB_X OB 2 NEW,QAB_BANJEE DUMP,5.12
EX012,15/07/2026,1,OB,QAB_X OB 2 NEW,QAB_FRS DUMP NEW,0.13
EX012,15/07/2026,1,OB,QAB_X OB 2 NEW,QAB_TYCOON DUMP,5.69
EX012,15/07/2026,1,OB,QAB_X/IX/VIII Firey Seam,QAB_BANJEE DUMP,4.80
EX012,15/07/2026,1,OBS,QAB_X OB 2 NEW,QAB_FRS DUMP NEW,2.10
EX012,15/07/2026,1,OBS,QAB_X OB 2 NEW,QAB_TYCOON DUMP,2.28
EX012,15/07/2026,1,OBS,QAB_X/IX/VIII Firey Seam,QAB_FRS DUMP NEW,3.35
PL004,15/07/2026,1,CO1,BELT LINE COAL STOCK,BELT LINE COAL STOCK,1.67
PL004,15/07/2026,1,CO1,BELT LINE COAL STOCK,NEW CHP,4.70
PL004,15/07/2026,1,CO1,BELT LINE COAL STOCK,SANJAY VAN STOCK,3.98
PL004,15/07/2026,1,OB,BELT LINE COAL STOCK,AIR STRIP OB DUMP II,3.14
PL004,15/07/2026,1,OB,SANJAY VAN STOCK,AIR STRIP OB DUMP II,2.45
PL004,15/07/2026,1,OB,SANJAY VAN STOCK,TAILING YARD STOCK,2.99
PL2K05,15/07/2026,1,CO1,QAB_HANGER STOCK 1,PCP-III,0.84
PL2K06,15/07/2026,1,CO1,COAL _STOCK_DFP,PCP-III,2.66
PL2K06,15/07/2026,1,CO1,QAB LMV1,PCP-III,3.74
PL2K06,15/07/2026,1,CO1,QAB LMV1,QAB LMV1,10.27
EX0009,15/07/2026,2,OBS,QAB-X OB,QAB_FRS DUMP NEW,4.69
EX0009,15/07/2026,2,OBS,QAB_X OB Fire area,QAB_FRS DUMP NEW,5.34
EX001,15/07/2026,2,OB,QSEXOB1,AIR STRIP DUMP 1,0.00
EX001,15/07/2026,2,OB,QSEXOB1,AIR STRIP OB DUMP II,2.27
EX001,15/07/2026,2,OB,QSEXOB1,QSE LOWER MASJID DUMP,1.39
EX0010,15/07/2026,2,CO1,QSE-X OB2,NEW CHP,6.70
EX0010,15/07/2026,2,CO1,QSEB_VI OB 3,QSE LOWER MIDDLE DUMP,3.60
EX0010,15/07/2026,2,OB,QSEB_VI OB 3,QSE_ FILLING POINT DUMP,2.23
EX0010,15/07/2026,2,OB,QSEB_VI OB 3,QSE_FILLING POINT DUMP 2,1.72
EX0011,15/07/2026,2,CO1,QSE-X OB2,NEW CHP,6.57
EX0011,15/07/2026,2,OB,QSE-X OB2,QSE_ FILLING POINT DUMP,1.72
EX003,15/07/2026,2,OB,QAB_VI B OB/COAL,QAB_TYCOON DUMP,4.52
EX004,15/07/2026,2,CO1,QAB_X OB Fire area,Banjee Lower Stock,4.14
EX004,15/07/2026,2,OBS,QAB_X OB Fire area,QAB_FRS DUMP NEW,4.62
EX005,15/07/2026,2,CO1,QSE-X OB2,QSE LOWER MIDDLE DUMP,4.97
EX005,15/07/2026,2,OB,QSE-X OB2,QSE_ FILLING POINT DUMP,5.18
EX005,15/07/2026,2,OB,QSE-X OB2,QSE_FILLING POINT DUMP 2,2.91
EX005,15/07/2026,2,OB,QSE-X OB2,QSE_VIEW POINT DUMP,5.33
EX006,15/07/2026,2,OBS,QAB-X OB,QAB_FRS DUMP NEW,4.18
EX006,15/07/2026,2,OBS,QAB_X OB Fire area,QAB_FRS DUMP NEW,4.14
EX008,15/07/2026,2,CO1,QSE-X OB2,QSE LOWER MIDDLE DUMP,4.78
EX008,15/07/2026,2,OB,QSE-X OB2,QSE_ FILLING POINT DUMP,4.70
EX008,15/07/2026,2,OB,QSE-X OB2,QSE_FILLING POINT DUMP 2,3.87
EX008,15/07/2026,2,OB,QSE-X OB2,QSE_VIEW POINT DUMP,5.69
EX009,15/07/2026,2,CO1,QAB_X/IX/VIII Firey Seam,PCP-III,8.00
EX009,15/07/2026,2,CO1,QAB_X/IX/VIII Firey Seam,QAB_HANGER STOCK 1,4.00
EX009,15/07/2026,2,OB,QAB_X/IX/VIII Firey Seam,QAB_BANJEE DUMP,3.99
EX009,15/07/2026,2,OB,QAB_X/IX/VIII Firey Seam,QAB_TYCOON DUMP,4.70
EX009,15/07/2026,2,OBS,QAB_X OB 2 NEW,QAB_TYCOON DUMP,7.35
EX009,15/07/2026,2,OBS,QAB_X/IX/VIII Firey Seam,QAB_FIRE DUMP UPPER,4.90
EX009,15/07/2026,2,OBS,QAB_X/IX/VIII Firey Seam,QAB_TYCOON DUMP,4.43
EX012,15/07/2026,2,OB,QAB_X OB 2 NEW,QAB_TYCOON DUMP,4.82
EX012,15/07/2026,2,OB,QAB_X OB Fire area,QAB_FRS DUMP NEW,2.37
EX012,15/07/2026,2,OB,QAB_X OB Fire area,QAB_TYCOON DUMP,4.14
EX012,15/07/2026,2,OBS,QAB_X OB Fire area,QAB_FRS DUMP NEW,2.43
EX012,15/07/2026,2,OBS,QAB_X OB Fire area,QAB_TYCOON DUMP,3.25
PL004,15/07/2026,2,OB,QSEXOB1,AIR STRIP OB DUMP II,1.86
PL2K05,15/07/2026,2,CO1,QAB LMV1,COAL _STOCK_DFP,1.24
PL2K05,15/07/2026,2,CO1,QAB LMV1,PCP-III,3.91
PL2K05,15/07/2026,2,CO1,QAB LMV1,QAB LMV1,3.87
PL2K05,15/07/2026,2,CO1,QAB_HANGER STOCK 1,Banjee Upper Stock,3.16
PL2K05,15/07/2026,2,CO1,SCC-C STOCK,Banjee Upper Stock,3.59
PL2K05,15/07/2026,2,CO1,SCC-C STOCK,PCP-III,0.69
PL2K05,15/07/2026,2,OB,SCC-C STOCK,QAB_BANJEE DUMP,4.62
EX0009,15/07/2026,3,OBS,QAB-X OB,QAB_FRS DUMP NEW,4.61
EX001,15/07/2026,3,OB,QSEXOB1,AIR STRIP DUMP 1,0.33
EX001,15/07/2026,3,OB,QSEXOB1,AIR STRIP OB DUMP II,1.88
EX001,15/07/2026,3,OB,QSEXOB1,QSE LOWER MASJID DUMP,1.22
EX0010,15/07/2026,3,CO1,QSEB_VI OB 3,QSE LOWER MIDDLE DUMP,7.79
EX0010,15/07/2026,3,OB,QSEB_VI OB 3,QSE_ FILLING POINT DUMP,2.67
EX0010,15/07/2026,3,OB,QSEB_VI OB 3,QSE_FILLING POINT DUMP 2,0.80
EX0010,15/07/2026,3,OB,QSEB_VI OB 3,QSE_VIEW POINT DUMP,1.78
EX0011,15/07/2026,3,CO1,QSE-X OB2,QSE LOWER MIDDLE DUMP,2.22
EX0011,15/07/2026,3,OB,QSE-X OB2,QSE_ FILLING POINT DUMP,2.13
EX0011,15/07/2026,3,OB,QSE-X OB2,QSE_VIEW POINT DUMP,2.54
EX003,15/07/2026,3,OB,QAB_VI B OB/COAL,QAB_TYCOON DUMP,4.66
EX004,15/07/2026,3,CO1,QAB_X OB Fire area,Banjee Lower Stock,4.79
EX004,15/07/2026,3,OB,QAB_X OB Fire area,QAB_BANJEE DUMP,5.17
EX004,15/07/2026,3,OB,QAB_X OB Fire area,QAB_FRS DUMP NEW,4.48
EX004,15/07/2026,3,OBS,QAB_X OB Fire area,QAB_BANJEE DUMP,4.12
EX004,15/07/2026,3,OBS,QAB_X OB Fire area,QAB_FRS DUMP NEW,5.58
EX005,15/07/2026,3,CO1,QSE-X OB2,QSE LOWER MIDDLE DUMP,6.55
EX005,15/07/2026,3,OB,QSE-X OB2,QSE_ FILLING POINT DUMP,4.77
EX005,15/07/2026,3,OB,QSE-X OB2,QSE_FILLING POINT DUMP 2,3.51
EX005,15/07/2026,3,OB,QSE-X OB2,QSE_VIEW POINT DUMP,4.26
EX006,15/07/2026,3,OBS,QAB_X OB Fire area,QAB_FRS DUMP NEW,3.64
EX008,15/07/2026,3,CO1,QSE-VIII OB/Coal,QSE LOWER MIDDLE DUMP,10.44
EX008,15/07/2026,3,OB,QSE-VIII OB/Coal,QSE_ FILLING POINT DUMP,5.63
EX008,15/07/2026,3,OB,QSE-VIII OB/Coal,QSE_VIEW POINT DUMP,4.26
EX008,15/07/2026,3,OB,QSE-X OB2,QSE_ FILLING POINT DUMP,4.57
EX008,15/07/2026,3,OB,QSE-X OB2,QSE_VIEW POINT DUMP,4.27
EX009,15/07/2026,3,OB,QAB_X/IX/VIII Firey Seam,QAB_TYCOON DUMP,8.27
EX009,15/07/2026,3,OBS,QAB_X/IX/VIII Firey Seam,QAB_TYCOON DUMP,4.96
EX010,15/07/2026,3,CO1,QAB_VII COAL HW PAD,PCP-III,4.70
PL004,15/07/2026,3,CO1,QSEXOB1,NEW CHP,5.14
PL2K05,15/07/2026,3,CO1,QAB LMV1,PCP-III,3.95
PL2K05,15/07/2026,3,CO1,QAB LMV1,QAB LMV1,6.29
PL2K06,15/07/2026,3,CO1,MD_COAL STOCK,MD_COAL STOCK,2.17
PL2K06,15/07/2026,3,CO1,MD_COAL STOCK,PCP-III,1.26
PL2K06,15/07/2026,3,CO1,QAB LMV1,PCP-III,4.85
EX0009,16/07/2026,1,OBS,QAB-X OB,QAB_FRS DUMP NEW,4.08
EX0009,16/07/2026,1,OBS,QAB_X OB Fire area,QAB_FRS DUMP NEW,3.76
EX001,16/07/2026,1,OB,QSEXOB1,AIR STRIP DUMP 1,0.28
EX001,16/07/2026,1,OB,QSEXOB1,AIR STRIP OB DUMP II,1.70
EX001,16/07/2026,1,OB,QSEXOB1,QSE LOWER MASJID DUMP,2.09
EX0011,16/07/2026,1,CO1,QSE_VII OB 2,,2.68
EX0011,16/07/2026,1,CO1,QSE_VII OB 2,QSE LOWER MIDDLE DUMP,3.06
EX0011,16/07/2026,1,CO1,QSE_VII OB 2,QSE_ FILLING POINT DUMP,9.16
EX0011,16/07/2026,1,OB,QSE-X OB2,QSE_ FILLING POINT DUMP,6.50
EX0011,16/07/2026,1,OB,QSE-X OB2,QSE_VIEW POINT DUMP,6.37
EX0011,16/07/2026,1,OB,QSE_VII OB 2,QSE_ FILLING POINT DUMP,3.43
EX0011,16/07/2026,1,OB,QSE_VII OB 2,QSE_VIEW POINT DUMP,4.36
EX003,16/07/2026,1,OB,QAB_FIRE AREA SEC A,QAB_TYCOON DUMP,5.22
EX003,16/07/2026,1,OB,QAB_VI B OB/COAL,QAB_TYCOON DUMP,4.65
EX004,16/07/2026,1,CO1,QAB_X OB Fire area,Banjee Lower Stock,5.23
EX004,16/07/2026,1,OB,QAB_X OB Fire area,QAB_BANJEE DUMP,4.36
EX004,16/07/2026,1,OB,QAB_X OB Fire area,QAB_FRS DUMP NEW,5.20
EX004,16/07/2026,1,OBS,QAB_X OB Fire area,QAB_BANJEE DUMP,4.18
EX004,16/07/2026,1,OBS,QAB_X OB Fire area,QAB_FRS DUMP NEW,5.55
EX005,16/07/2026,1,CO1,QSE-X OB2,QSE LOWER MIDDLE DUMP,4.28
EX005,16/07/2026,1,OB,QSE-VII OB/Coal 2,QSE_FILLING POINT DUMP 2,0.00
EX005,16/07/2026,1,OB,QSE-X OB2,QSE_ FILLING POINT DUMP,5.01
EX005,16/07/2026,1,OB,QSE-X OB2,QSE_FILLING POINT DUMP 2,5.47
EX005,16/07/2026,1,OB,QSE-X OB2,QSE_VIEW POINT DUMP,6.59
EX006,16/07/2026,1,OBS,QAB-X OB,QAB_FRS DUMP NEW,3.35
EX006,16/07/2026,1,OBS,QAB_X OB Fire area,QAB_FRS DUMP NEW,1.58
EX008,16/07/2026,1,OB,QSE-X OB2,QSE_ FILLING POINT DUMP,5.11
EX008,16/07/2026,1,OB,QSE-X OB2,QSE_FILLING POINT DUMP 2,3.97
EX008,16/07/2026,1,OB,QSE-X OB2,QSE_VIEW POINT DUMP,4.32
EX009,16/07/2026,1,CO1,QAB_X/IX/VIII Firey Seam,Banjee Lower Stock,8.53
EX009,16/07/2026,1,OB,QAB_X/IX/VIII Firey Seam,QAB_BANJEE DUMP,4.41
EX009,16/07/2026,1,OB,QAB_X/IX/VIII Firey Seam,QAB_TYCOON DUMP,7.42
EX009,16/07/2026,1,OBS,QAB_X/IX/VIII Firey Seam,QAB_TYCOON DUMP,4.67
EX010,16/07/2026,1,CO1,QAB_VII COAL HW PAD,MD_COAL STOCK,3.90
EX010,16/07/2026,1,CO1,QAB_VII COAL HW PAD,PCP-III,4.96
EX010,16/07/2026,1,OB,QAB_VII COAL HW PAD,QAB_BANJEE DUMP,5.66
EX012,16/07/2026,1,OB,QAB_X OB 2 NEW,QAB_TYCOON DUMP,1.76
EX012,16/07/2026,1,OBS,QAB_X OB 2 NEW,QAB_FRS DUMP NEW,5.27
EX012,16/07/2026,1,OBS,QAB_X OB 2 NEW,QAB_TYCOON DUMP,0.75
PL004,16/07/2026,1,CO1,ACD COAL STOCK,NEW CHP,6.92
PL004,16/07/2026,1,CO1,QSEXOB1,NEW CHP,5.96
PL2K06,16/07/2026,1,CO1,COAL _STOCK_DFP,COAL _STOCK_DFP,2.55
PL2K06,16/07/2026,1,CO1,COAL _STOCK_DFP,PCP-III,3.14
PL2K06,16/07/2026,1,CO1,MD_COAL STOCK,PCP-III,0.89
PL2K06,16/07/2026,1,CO1,QAB LMV1,PCP-III,3.90
PL2K06,16/07/2026,1,CO1,QAB LMV1,QAB_HANGER STOCK 1,5.44
PL2K06,16/07/2026,1,CO1,QAB_HANGER STOCK 1,PCP-III,0.59
PL2K06,16/07/2026,1,CO1,QAB_HANGER STOCK 1,QAB_HANGER STOCK 1,0.59
PL2K06,16/07/2026,1,OB,COAL _STOCK_DFP,QAB_BANJEE DUMP,2.58
EX0009,16/07/2026,2,OBS,QAB-X OB,QAB_FRS DUMP NEW,4.69
EX0009,16/07/2026,2,OBS,QAB_X OB Fire area,QAB_FRS DUMP NEW,4.12
EX001,16/07/2026,2,OB,QSEXOB1,AIR STRIP DUMP 1,0.10
EX001,16/07/2026,2,OB,QSEXOB1,AIR STRIP OB DUMP II,1.94
EX0010,16/07/2026,2,OB,QSE-X OB1 Air strip,QSE_ FILLING POINT DUMP,7.57
EX0010,16/07/2026,2,OB,QSE-X OB2,QSE_FILLING POINT DUMP 2,2.76
EX0011,16/07/2026,2,CO1,QSE-VII OB 1,QSE_ FILLING POINT DUMP,2.53
EX0011,16/07/2026,2,CO1,QSE_VII OB 2,QSE_ FILLING POINT DUMP,8.49
EX0011,16/07/2026,2,CO1,QSEB_VI OB 3,QSE LOWER MIDDLE DUMP,2.83
EX0011,16/07/2026,2,CO1,QSEB_VI OB 3,QSE_FILLING POINT DUMP 2,2.42
EX0011,16/07/2026,2,OB,QSE_VII OB 2,QSE_ FILLING POINT DUMP,6.49
EX0011,16/07/2026,2,OB,QSEB_VI OB 3,QSE_ FILLING POINT DUMP,3.11
EX0011,16/07/2026,2,OB,QSEB_VI OB 3,QSE_VIEW POINT DUMP,3.14
EX0011,16/07/2026,2,OB,RAM SETU COAL STOCK,QSE_ FILLING POINT DUMP,3.10
EX0011,16/07/2026,2,OB,VII OB1 QSE_Pit_1,QSE_ FILLING POINT DUMP,2.87
EX0011,16/07/2026,2,OB,VII OB1 QSE_Pit_1,QSE_VIEW POINT DUMP,2.94
EX003,16/07/2026,2,OB,QAB_FIRE AREA SEC A,QAB_TYCOON DUMP,2.23
EX003,16/07/2026,2,OB,QAB_VI B OB/COAL,QAB_TYCOON DUMP,4.30
EX003,16/07/2026,2,OBS,QAB_FIRE AREA SEC A,QAB_TYCOON DUMP,3.66
EX003,16/07/2026,2,OBS,QAB_VI B OB/COAL,QAB_TYCOON DUMP,3.61
EX004,16/07/2026,2,OB,QAB_X OB Fire area,QAB_BANJEE DUMP,4.32
EX004,16/07/2026,2,OB,QAB_X OB Fire area,QAB_FRS DUMP NEW,4.35
EX004,16/07/2026,2,OBS,QAB_X OB Fire area,QAB_BANJEE DUMP,4.22
EX004,16/07/2026,2,OBS,QAB_X OB Fire area,QAB_FRS DUMP NEW,3.60
EX005,16/07/2026,2,CO1,QSE-VII OB/Coal 2,QSE LOWER MIDDLE DUMP,6.50
EX005,16/07/2026,2,OB,QSE-VII OB/Coal 2,QSE_ FILLING POINT DUMP,5.70
EX005,16/07/2026,2,OB,QSE-VII OB/Coal 2,QSE_FILLING POINT DUMP 2,4.86
EX005,16/07/2026,2,OB,QSE-VII OB/Coal 2,QSE_VIEW POINT DUMP,4.25
EX006,16/07/2026,2,OBS,QAB_X OB Fire area,QAB_FRS DUMP NEW,3.02
EX008,16/07/2026,2,CO1,QSE-X OB2,BELT LINE COAL STOCK,7.85
EX008,16/07/2026,2,CO1,QSE-X OB2,NEW CHP,8.17
EX008,16/07/2026,2,OB,QSE-X OB2,QSE_ FILLING POINT DUMP,4.65
EX008,16/07/2026,2,OB,QSE-X OB2,QSE_VIEW POINT DUMP,4.25
EX008,16/07/2026,2,OB,QSE_X OB IV 2,QSE_ FILLING POINT DUMP,6.57
EX009,16/07/2026,2,MXC,QAB_X OB 2 NEW,PCP-III,5.22
EX009,16/07/2026,2,OB,QAB_X OB 2 NEW,QAB_BANJEE DUMP,6.94
EX012,16/07/2026,2,OB,QAB_X OB 2 NEW,QAB_TYCOON DUMP,7.22
EX012,16/07/2026,2,OB,QAB_X/IX/VIII Firey Seam,QAB_FRS DUMP NEW,3.70
EX012,16/07/2026,2,OB,QAB_X/IX/VIII Firey Seam,QAB_TYCOON DUMP,2.40
EX012,16/07/2026,2,OBS,QAB_X/IX/VIII Firey Seam,QAB_FRS DUMP NEW,4.64
EX012,16/07/2026,2,OBS,QAB_X/IX/VIII Firey Seam,QAB_TYCOON DUMP,3.82
PL004,16/07/2026,2,CO1,ACD COAL STOCK,NEW CHP,7.34
PL004,16/07/2026,2,OB,ACD COAL STOCK,AIR STRIP OB DUMP II,2.44
PL2K05,16/07/2026,2,CO1,COAL _STOCK_DFP,PCP-III,2.11
PL2K05,16/07/2026,2,CO1,MD_COAL STOCK,PCP-III,0.90
PL2K05,16/07/2026,2,CO1,QAB_VII COAL HW PAD,PCP-III,1.52
PL2K06,16/07/2026,2,CO1,COAL _STOCK_DFP,PCP-III,2.56
EX0009,16/07/2026,3,OBS,QAB-X OB,QAB_FRS DUMP NEW,3.87
EX0009,16/07/2026,3,OBS,QAB_X OB Fire area,QAB_FRS DUMP NEW,4.14
EX001,16/07/2026,3,OB,QSEXOB1,AIR STRIP DUMP 1,0.77
EX001,16/07/2026,3,OB,QSEXOB1,AIR STRIP OB DUMP II,1.87
EX0010,16/07/2026,3,OB,QSE-X OB2,QSE_ FILLING POINT DUMP,2.26
EX0010,16/07/2026,3,OB,QSE-X OB2,QSE_VIEW POINT DUMP,2.20
EX0010,16/07/2026,3,OBS,QSE-X OB2,QSE_FILLING POINT DUMP 2,2.82
EX0011,16/07/2026,3,CO1,QSEB_VI OB 3,QSE_FILLING POINT DUMP 2,7.21
EX0011,16/07/2026,3,OB,QSEB_VI OB 3,QSE_ FILLING POINT DUMP,3.63
EX0011,16/07/2026,3,OB,QSEB_VI OB 3,QSE_VIEW POINT DUMP,5.18
EX003,16/07/2026,3,OBS,QAB_FIRE AREA SEC A,QAB_TYCOON DUMP,3.92
EX003,16/07/2026,3,OBS,QAB_VI B OB/COAL,QAB_TYCOON DUMP,3.98
EX004,16/07/2026,3,OBS,QAB_X OB Fire area,QAB_FRS DUMP NEW,6.02
EX005,16/07/2026,3,OB,QSE-VII OB/Coal 2,QSE_ FILLING POINT DUMP,4.79
EX005,16/07/2026,3,OB,QSE-VII OB/Coal 2,QSE_FILLING POINT DUMP 2,1.85
EX005,16/07/2026,3,OB,QSE-X OB2,QSE_ FILLING POINT DUMP,4.44
EX005,16/07/2026,3,OB,QSE-X OB2,QSE_FILLING POINT DUMP 2,1.99
EX005,16/07/2026,3,OB,QSE-X OB2,QSE_VIEW POINT DUMP,4.34
EX006,16/07/2026,3,OBS,QAB_X OB Fire area,QAB_FRS DUMP NEW,3.90
EX008,16/07/2026,3,CO1,QSE-VIII OB/Coal,NEW CHP,8.20
EX008,16/07/2026,3,CO1,QSE-X OB2,BELT LINE COAL STOCK,7.80
EX008,16/07/2026,3,CO1,QSE-X OB2,NEW CHP,8.57
EX009,16/07/2026,3,OB,QAB_X OB Fire area,QAB_BANJEE DUMP,5.41
EX012,16/07/2026,3,OB,QAB_X/IX/VIII Firey Seam,QAB_FRS DUMP NEW,3.15
EX012,16/07/2026,3,OB,QAB_X/IX/VIII Firey Seam,QAB_TYCOON DUMP,5.54
EX012,16/07/2026,3,OBS,QAB_X/IX/VIII Firey Seam,QAB_FRS DUMP NEW,4.26
EX012,16/07/2026,3,OBS,QAB_X/IX/VIII Firey Seam,QAB_TYCOON DUMP,4.60
PL004,16/07/2026,3,OB,ACD COAL STOCK,AIR STRIP OB DUMP II,1.61
PL004,16/07/2026,3,OB,ACD COAL STOCK,QSE LOWER MASJID DUMP,1.11
PL2K05,16/07/2026,3,CO1,COAL _STOCK_DFP,PCP-III,3.04
PL2K05,16/07/2026,3,CO1,QAB LMV1,PCP-III,2.08
PL2K05,16/07/2026,3,CO1,QAB LMV1,QAB LMV1,0.00
PL2K05,16/07/2026,3,CO1,QAB_VII COAL HW PAD,PCP-III,5.74
PL2K05,16/07/2026,3,OB,QAB_VII COAL HW PAD,QAB_BANJEE DUMP,3.26
PL2K06,16/07/2026,3,CO1,SCC-C STOCK,PCP-III,0.00
PL2K06,16/07/2026,3,OB,SCC-C STOCK,QAB_BANJEE DUMP,5.72
EX0009,17/07/2026,1,OBS,QAB-X OB,QAB_FRS DUMP NEW,4.70
EX0009,17/07/2026,1,OBS,QAB_X OB Fire area,QAB_FRS DUMP NEW,4.75
EX001,17/07/2026,1,OB,QSEXOB1,AIR STRIP DUMP 1,0.51
EX001,17/07/2026,1,OB,QSEXOB1,AIR STRIP OB DUMP II,2.18
EX0010,17/07/2026,1,OB,QSE-X OB2,QSE_ FILLING POINT DUMP,2.70
EX0010,17/07/2026,1,OB,QSE-X OB2,QSE_VIEW POINT DUMP,2.18
EX0010,17/07/2026,1,OBS,QSE-X OB2,QSE_FILLING POINT DUMP 2,1.40
EX0011,17/07/2026,1,CO1,QSEB_VI OB 3,QSE LOWER MIDDLE DUMP,4.26
EX0011,17/07/2026,1,CO1,QSEB_VI OB 3,RAM SETU COAL STOCK,0.35
EX0011,17/07/2026,1,OB,QSEB_VI OB 3,QSE_ FILLING POINT DUMP,1.98
EX0011,17/07/2026,1,OB,QSEB_VI OB 3,QSE_VIEW POINT DUMP,2.89
EX003,17/07/2026,1,CO1,QAB_FIRE AREA SEC A,COAL _STOCK_DFP,6.01
EX003,17/07/2026,1,CO1,QAB_FIRE AREA SEC A,PCP-III,3.72
EX003,17/07/2026,1,CO1,QAB_FIRE AREA SEC A,QAB_HANGER STOCK 1,5.18
EX003,17/07/2026,1,CO1,QAB_VI A OB/COAL,PCP-III,1.23
EX003,17/07/2026,1,OB,QAB_FIRE AREA SEC A,QAB_BANJEE DUMP,2.48
EX003,17/07/2026,1,OB,QAB_VI A OB/COAL,QAB_BANJEE DUMP,3.05
EX003,17/07/2026,1,OBS,QAB_FIRE AREA SEC A,QAB_TYCOON DUMP,4.33
EX005,17/07/2026,1,OB,QSE-X OB2,QSE_ FILLING POINT DUMP,5.47
EX005,17/07/2026,1,OB,QSE-X OB2,QSE_FILLING POINT DUMP 2,3.96
EX005,17/07/2026,1,OB,QSE-X OB2,QSE_VIEW POINT DUMP,4.20
EX005,17/07/2026,1,OB,QSE_X OB IV 2,QSE_ FILLING POINT DUMP,3.76
EX006,17/07/2026,1,OBS,QAB_X OB Fire area,QAB_FRS DUMP NEW,3.67
EX008,17/07/2026,1,CO1,QSE-VIII OB/Coal,BELT LINE COAL STOCK,8.80
EX008,17/07/2026,1,CO1,QSE-VIII OB/Coal,NEW CHP,8.26
EX008,17/07/2026,1,CO1,QSE-X OB2,BELT LINE COAL STOCK,7.95
EX008,17/07/2026,1,CO1,QSE-X OB2,NEW CHP,8.99
EX009,17/07/2026,1,MXC,QAB_X OB 2 NEW,PCP-III,5.60
EX009,17/07/2026,1,OB,QAB_X OB 2 NEW,QAB_BANJEE DUMP,4.13
EX010,17/07/2026,1,CO1,QAB_VI A OB/COAL,COAL _STOCK_DFP,2.95
EX010,17/07/2026,1,CO1,QAB_VI A OB/COAL,PCP-III,4.42
EX010,17/07/2026,1,CO1,QAB_VI B OB/COAL,COAL _STOCK_DFP,3.17
EX010,17/07/2026,1,CO1,QAB_VI B OB/COAL,MD_COAL STOCK,3.05
EX010,17/07/2026,1,CO1,QAB_VI B OB/COAL,PCP-III,3.52
EX010,17/07/2026,1,CO1,QAB_VII COAL HW PAD,PCP-III,8.45
EX012,17/07/2026,1,OB,QAB_X/IX/VIII Firey Seam,QAB_FRS DUMP NEW,3.94
EX012,17/07/2026,1,OB,QAB_X/IX/VIII Firey Seam,QAB_TYCOON DUMP,4.92
EX012,17/07/2026,1,OBS,QAB_X/IX/VIII Firey Seam,QAB_FRS DUMP NEW,4.70
EX012,17/07/2026,1,OBS,QAB_X/IX/VIII Firey Seam,QAB_TYCOON DUMP,4.66
PL004,17/07/2026,1,OB,QSEXOB1,AIR STRIP OB DUMP II,2.87
PL004,17/07/2026,1,OB,QSEXOB1,QSE LOWER MASJID DUMP,2.93
PL2K05,17/07/2026,1,CO1,COAL _STOCK_DFP,COAL _STOCK_DFP,2.14
PL2K05,17/07/2026,1,CO1,COAL _STOCK_DFP,PCP-III,2.49
PL2K05,17/07/2026,1,CO1,QAB_HANGER STOCK 1,PCP-III,0.43
PL2K06,17/07/2026,1,CO1,COAL _STOCK_DFP,PCP-III,0.00
PL2K06,17/07/2026,1,CO1,QAB-Highwall pad,Banjee Upper Stock,2.57
PL2K06,17/07/2026,1,CO1,QAB-Highwall pad,COAL _STOCK_DFP,7.23
PL2K06,17/07/2026,1,CO1,QAB-Highwall pad,PCP-III,2.63
PL2K06,17/07/2026,1,CO1,QAB_HANGER STOCK 1,PCP-III,0.00
PL2K06,17/07/2026,1,OB,QAB_HANGER STOCK 1,QAB_BANJEE DUMP,5.12
EX0009,17/07/2026,2,CO1,QAB-X OB,Banjee Lower Stock,3.81
EX0009,17/07/2026,2,CO1,QAB_X OB Fire area,Banjee Lower Stock,4.21
EX0009,17/07/2026,2,CO1,QAB_X OB Fire area,PCP-III,9.56
EX0009,17/07/2026,2,CO1,QAB_X OB Fire area,QAB LMV1,2.80
EX0009,17/07/2026,2,MXC,QAB-X OB,QAB LMV1,4.14
EX0009,17/07/2026,2,MXC,QAB_X OB Fire area,QAB LMV1,3.69
EX0009,17/07/2026,2,OB,QAB-X OB,QAB_BANJEE DUMP,4.41
EX0009,17/07/2026,2,OB,QAB_X OB Fire area,QAB_BANJEE DUMP,3.77
EX0009,17/07/2026,2,OB,QAB_X OB Fire area,QAB_UPPER OFFICE,2.26
EX0009,17/07/2026,2,OBS,QAB_X OB Fire area,QAB_FRS DUMP NEW,4.50
EX001,17/07/2026,2,OB,QSEXOB1,AIR STRIP DUMP 1,1.14
EX001,17/07/2026,2,OB,QSEXOB1,AIR STRIP OB DUMP II,2.92
EX0010,17/07/2026,2,OB,QSE-X OB2,QSE_ FILLING POINT DUMP,2.83
EX0010,17/07/2026,2,OB,QSE-X OB2,QSE_VIEW POINT DUMP,2.25
EX0010,17/07/2026,2,OBS,QSE-X OB2,QSE_FILLING POINT DUMP 2,2.26
EX0011,17/07/2026,2,CO1,QSEB_VI OB 3,,8.86
EX0011,17/07/2026,2,CO1,QSEB_VI OB 3,QSE_ FILLING POINT DUMP,3.50
EX0011,17/07/2026,2,CO1,QSEB_VI OB 3,RAM SETU COAL STOCK,1.82
EX0011,17/07/2026,2,CO1,RAM SETU COAL STOCK,QSE_ FILLING POINT DUMP,4.43
EX0011,17/07/2026,2,OB,QSEB_VI OB 3,QSE_ FILLING POINT DUMP,2.59
EX0011,17/07/2026,2,OB,QSEB_VI OB 3,QSE_VIEW POINT DUMP,3.28
EX0011,17/07/2026,2,OB,RAM SETU COAL STOCK,QSE_ FILLING POINT DUMP,11.37
EX005,17/07/2026,2,CO1,QSE-VIII OB/Coal,NEW CHP,8.90
EX005,17/07/2026,2,CO1,QSE-X OB2,BELT LINE COAL STOCK,7.93
EX005,17/07/2026,2,CO1,QSE-X OB2,NEW CHP,8.70
EX006,17/07/2026,2,OB,QAB_X OB Fire area,QAB_FRS DUMP NEW,3.08
EX006,17/07/2026,2,OBS,QAB_X OB Fire area,QAB_FRS DUMP NEW,4.31
EX008,17/07/2026,2,CO1,QSE-X OB2,BELT LINE COAL STOCK,7.14
EX008,17/07/2026,2,CO1,QSE-X OB2,NEW CHP,5.76
EX008,17/07/2026,2,OB,QSE-X OB2,QSE_ FILLING POINT DUMP,2.75
EX008,17/07/2026,2,OB,QSE-X OB2,QSE_VIEW POINT DUMP,1.38
EX008,17/07/2026,2,OB,QSEB_VI OB 3,QSE_ FILLING POINT DUMP,1.33
EX008,17/07/2026,2,OB,QSEB_VI OB 3,QSE_VIEW POINT DUMP,1.65
EX009,17/07/2026,2,CO1,QAB_X OB 2 NEW,QAB LMV1,5.70
EX009,17/07/2026,2,CO1,QAB_X/IX/VIII Firey Seam,Banjee Lower Stock,4.63
EX009,17/07/2026,2,MXC,QAB_X OB 2 NEW,PCP-III,1.95
EX009,17/07/2026,2,MXC,QAB_X/IX/VIII Firey Seam,PCP-III,4.80
EX009,17/07/2026,2,OB,QAB_X OB 2 NEW,QAB_BANJEE DUMP,3.23
EX009,17/07/2026,2,OB,QAB_X/IX/VIII Firey Seam,QAB_BANJEE DUMP,4.65
EX010,17/07/2026,2,OB,QAB_VI A OB/COAL,QAB_BANJEE DUMP,6.80
EX010,17/07/2026,2,OB,QAB_VI A OB/COAL,QAB_TYCOON DUMP,4.68
EX010,17/07/2026,2,OB,QAB_VI B OB/COAL,QAB_TYCOON DUMP,4.56
EX012,17/07/2026,2,OB,QAB_X/IX/VIII Firey Seam,QAB_FRS DUMP NEW,4.60
EX012,17/07/2026,2,OB,QAB_X/IX/VIII Firey Seam,QAB_TYCOON DUMP,8.65
PL004,17/07/2026,2,OB,QSEXOB1,AIR STRIP OB DUMP II,1.78
PL004,17/07/2026,2,OB,QSEXOB1,QSE LOWER MASJID DUMP,1.24
PL2K05,17/07/2026,2,CO1,COAL _STOCK_DFP,PCP-III,1.63
PL2K05,17/07/2026,2,CO1,MD_COAL STOCK,PCP-III,0.98
PL2K05,17/07/2026,2,CO1,QAB_HANGER STOCK 1,PCP-III,0.00
PL2K05,17/07/2026,2,CO1,QAB_VII COAL HW PAD,PCP-III,3.17
EX0009,17/07/2026,3,CO1,QAB_X OB Fire area,Banjee Lower Stock,4.79
EX0009,17/07/2026,3,CO1,QAB_X OB Fire area,PCP-III,5.22
EX0009,17/07/2026,3,MXC,QAB-X OB,QAB LMV1,3.07
EX0009,17/07/2026,3,MXC,QAB_X OB Fire area,QAB LMV1,2.63
EX0009,17/07/2026,3,OB,QAB-X OB,QAB_BANJEE DUMP,4.39
EX0009,17/07/2026,3,OB,QAB_X OB Fire area,QAB_BANJEE DUMP,4.40
EX001,17/07/2026,3,OB,QSEXOB1,AIR STRIP DUMP 1,1.02
EX001,17/07/2026,3,OB,QSEXOB1,AIR STRIP OB DUMP II,2.01
EX0010,17/07/2026,3,OB,QSE-X OB2,QSE_ FILLING POINT DUMP,2.58
EX0010,17/07/2026,3,OBS,QSE-X OB2,QSE_FILLING POINT DUMP 2,1.19
EX0011,17/07/2026,3,OB,QSEB_VI OB 3,QSE_ FILLING POINT DUMP,3.79
EX0011,17/07/2026,3,OB,QSEB_VI OB 3,QSE_FILLING POINT DUMP 2,3.34
EX0011,17/07/2026,3,OB,QSEB_VI OB 3,QSE_VIEW POINT DUMP,3.26
EX003,17/07/2026,3,CO1,QAB_VI A OB/COAL,PCP-III,3.34
EX003,17/07/2026,3,CO1,QAB_VI A OB/COAL,QAB LMV1,6.86
EX003,17/07/2026,3,CO1,QAB_VI A OB/COAL,QAB_HANGER STOCK 1,4.10
EX003,17/07/2026,3,CO1,QAB_VI A OB/COAL,QAB_MADIRA DEVI DUMP,1.95
EX003,17/07/2026,3,OB,QAB_VI A OB/COAL,QAB_BANJEE DUMP,4.63
EX004,17/07/2026,3,OBS,QAB_X OB Fire area,QAB_FRS DUMP NEW,4.72
EX005,17/07/2026,3,CO1,QSE-X OB2,BELT LINE COAL STOCK,7.80
EX005,17/07/2026,3,CO1,QSE-X OB2,NEW CHP,8.36
EX005,17/07/2026,3,OB,QSE-X OB2,QSE_ FILLING POINT DUMP,6.24
EX006,17/07/2026,3,OBS,QAB_X OB Fire area,QAB_FRS DUMP NEW,3.47
EX008,17/07/2026,3,OB,QSE-X OB2,QSE_ FILLING POINT DUMP,1.78
EX008,17/07/2026,3,OB,QSEB_VI OB 3,QSE_ FILLING POINT DUMP,2.29
EX008,17/07/2026,3,OB,QSEB_VI OB 3,QSE_VIEW POINT DUMP,1.68
EX009,17/07/2026,3,MXC,QAB_X/IX/VIII Firey Seam,PCP-III,2.51
EX009,17/07/2026,3,OB,QAB_FRS DUMP NEW,QAB_BANJEE DUMP,3.46
EX009,17/07/2026,3,OB,QAB_X/IX/VIII Firey Seam,QAB_BANJEE DUMP,5.85
EX009,17/07/2026,3,OB,QAB_X/IX/VIII Firey Seam,QAB_FRS DUMP NEW,2.76
EX009,17/07/2026,3,OBS,QAB_FRS DUMP NEW,QAB_FIRE DUMP UPPER,2.45
EX010,17/07/2026,3,OB,QAB_VI B OB/COAL,QAB_TYCOON DUMP,3.97
EX012,17/07/2026,3,OB,QAB_X/IX/VIII Firey Seam,QAB_FRS DUMP NEW,4.19
EX012,17/07/2026,3,OB,QAB_X/IX/VIII Firey Seam,QAB_TYCOON DUMP,4.08
PL2K05,17/07/2026,3,CO1,COAL _STOCK_DFP,PCP-III,2.64
PL2K06,17/07/2026,3,CO1,QAB LMV1,PCP-III,0.00
PL2K06,17/07/2026,3,CO1,QAB LMV1,QAB LMV1,2.24
PL2K06,17/07/2026,3,CO1,QAB_VII COAL HW PAD,PCP-III,4.87
EX0009,18/07/2026,1,CO1,QAB-X OB,Banjee Lower Stock,9.31
EX0009,18/07/2026,1,MXC,QAB-X OB,QAB LMV1,5.76
EX0009,18/07/2026,1,OB,QAB-X OB,QAB_BANJEE DUMP,2.30
EX0009,18/07/2026,1,OB,QAB-X OB,QAB_FRS DUMP NEW,3.60
EX001,18/07/2026,1,OB,QSEXOB1,AIR STRIP DUMP 1,0.40
EX001,18/07/2026,1,OB,QSEXOB1,AIR STRIP OB DUMP II,1.72
EX001,18/07/2026,1,OB,QSEXOB1,QSE LOWER MASJID DUMP,3.10
EX0010,18/07/2026,1,OB,QSE-X OB2,QSE_ FILLING POINT DUMP,2.89
EX0010,18/07/2026,1,OB,QSE-X OB2,QSE_VIEW POINT DUMP,3.31
EX0010,18/07/2026,1,OB,QSE_VII OB 2,QSE_ FILLING POINT DUMP,2.29
EX0010,18/07/2026,1,OB,QSE_VII OB 2,QSE_VIEW POINT DUMP,2.29
EX0010,18/07/2026,1,OBS,QSE-X OB2,QSE_FILLING POINT DUMP 2,1.81
EX0011,18/07/2026,1,OB,QSEB_VI OB 3,QSE_ FILLING POINT DUMP,3.45
EX0011,18/07/2026,1,OB,QSEB_VI OB 3,QSE_FILLING POINT DUMP 2,1.58
EX0011,18/07/2026,1,OB,QSEB_VI OB 3,QSE_VIEW POINT DUMP,4.79
EX003,18/07/2026,1,CO1,QAB_VI A OB/COAL,COAL _STOCK_DFP,2.52
EX003,18/07/2026,1,CO1,QAB_VI A OB/COAL,PCP-III,4.62
EX003,18/07/2026,1,CO1,QAB_VI A OB/COAL,QAB_HANGER STOCK 1,4.07
EX003,18/07/2026,1,MXC,QAB_VI A OB/COAL,PCP-III,0.65
EX003,18/07/2026,1,OB,QAB_VI A OB/COAL,QAB_BANJEE DUMP,3.92
EX004,18/07/2026,1,CO1,QAB_X OB Fire area,Banjee Lower Stock,3.26
EX004,18/07/2026,1,OB,QAB_X OB Fire area,QAB_BANJEE DUMP,6.95
EX004,18/07/2026,1,OB,QAB_X OB Fire area,QAB_FRS DUMP NEW,4.33
EX004,18/07/2026,1,OBS,QAB_X OB Fire area,QAB_BANJEE DUMP,3.31
EX004,18/07/2026,1,OBS,QAB_X OB Fire area,QAB_FRS DUMP NEW,3.65
EX005,18/07/2026,1,CO1,QSE-X OB2,BELT LINE COAL STOCK,8.84
EX005,18/07/2026,1,CO1,QSE-X OB2,NEW CHP,6.70
EX005,18/07/2026,1,CO1,QSE_X OB IV 2,BELT LINE COAL STOCK,9.83
EX005,18/07/2026,1,OB,QSE-X OB2,QSE_ FILLING POINT DUMP,6.14
EX005,18/07/2026,1,OB,QSE-X OB2,QSE_VIEW POINT DUMP,3.98
EX006,18/07/2026,1,OBS,QAB_X OB Fire area,QAB_FRS DUMP NEW,3.93
EX007,18/07/2026,1,CO1,QSEB_VI OB 3,QSE_ FILLING POINT DUMP,3.05
EX007,18/07/2026,1,OB,QSEB_VI OB 3,QSE_ FILLING POINT DUMP,4.44
EX008,18/07/2026,1,OB,QSE-X OB2,QSE_ FILLING POINT DUMP,1.87
EX008,18/07/2026,1,OB,QSE-X OB2,QSE_FILLING POINT DUMP 2,2.49
EX008,18/07/2026,1,OB,QSE-X OB2,QSE_VIEW POINT DUMP,3.78
EX008,18/07/2026,1,OB,QSEB_VI OB 3,QSE_ FILLING POINT DUMP,1.74
EX008,18/07/2026,1,OB,QSEB_VI OB 3,QSE_FILLING POINT DUMP 2,1.61
EX008,18/07/2026,1,OB,QSEB_VI OB 3,QSE_VIEW POINT DUMP,1.69
EX009,18/07/2026,1,CO1,QAB_FRS DUMP NEW,Banjee Lower Stock,6.59
EX009,18/07/2026,1,MXC,QAB_FRS DUMP NEW,COAL _STOCK_DFP,5.41
EX009,18/07/2026,1,OB,QAB_FRS DUMP NEW,QAB_BANJEE DUMP,5.18
EX010,18/07/2026,1,CO1,QAB_VI A OB/COAL,PCP-III,4.26
EX010,18/07/2026,1,CO1,QAB_VI B OB/COAL,COAL _STOCK_DFP,4.72
EX010,18/07/2026,1,CO1,QAB_VI B OB/COAL,PCP-III,4.94
EX010,18/07/2026,1,OB,QAB_VI B OB/COAL,QAB_TYCOON DUMP,7.61
EX012,18/07/2026,1,OB,QAB_X OB Fire area,QAB_TYCOON DUMP,2.77
EX012,18/07/2026,1,OB,QAB_X/IX/VIII Firey Seam,QAB_TYCOON DUMP,4.35
PL004,18/07/2026,1,CO1,BELT LINE COAL STOCK,,0.31
PL004,18/07/2026,1,CO1,BELT LINE COAL STOCK,NEW CHP,2.25
PL004,18/07/2026,1,OB,QSEXOB1,AIR STRIP OB DUMP II,1.43
PL2K06,18/07/2026,1,CO1,QAB LMV1,PCP-III,3.40
EX0009,18/07/2026,2,CO1,QAB_X OB Fire area,Banjee Lower Stock,3.46
EX0009,18/07/2026,2,CO1,QAB_X OB Fire area,QAB LMV1,2.62
EX0009,18/07/2026,2,MXC,QAB_X OB Fire area,QAB LMV1,3.63
EX0009,18/07/2026,2,OB,QAB_X OB Fire area,QAB_BANJEE DUMP,3.63
EX0009,18/07/2026,2,OB,QAB_X OB Fire area,QAB_FRS DUMP NEW,4.03
EX001,18/07/2026,2,OB,QSEXOB1,AIR STRIP DUMP 1,1.79
EX001,18/07/2026,2,OB,QSEXOB1,AIR STRIP OB DUMP II,2.23
EX0010,18/07/2026,2,OB,QSE-X OB2,QSE_ FILLING POINT DUMP,2.05
EX0010,18/07/2026,2,OB,QSE-X OB2,QSE_VIEW POINT DUMP,1.69
EX0010,18/07/2026,2,OB,QSEB_VI OB 3,QSE_ FILLING POINT DUMP,4.05
EX0010,18/07/2026,2,OBS,QSE-X OB2,QSE_FILLING POINT DUMP 2,1.37
EX0010,18/07/2026,2,OBS,QSEB_VI OB 3,QSE_FILLING POINT DUMP 2,1.73
EX0011,18/07/2026,2,OB,QSEB_VI OB 3,QSE_ FILLING POINT DUMP,3.74
EX0011,18/07/2026,2,OB,QSEB_VI OB 3,QSE_FILLING POINT DUMP 2,1.61
EX003,18/07/2026,2,CO1,QAB_VI A OB/COAL,COAL _STOCK_DFP,3.78
EX003,18/07/2026,2,CO1,QAB_VI A OB/COAL,PCP-III,4.63
EX003,18/07/2026,2,CO1,QAB_VI B OB/COAL,COAL _STOCK_DFP,2.89
EX003,18/07/2026,2,CO1,QAB_VI B OB/COAL,PCP-III,4.28
EX003,18/07/2026,2,OB,QAB_VI A OB/COAL,QAB_BANJEE DUMP,4.76
EX003,18/07/2026,2,OB,QAB_VI A OB/COAL,QAB_TYCOON DUMP,5.16
EX003,18/07/2026,2,OB,QAB_VI B OB/COAL,QAB_TYCOON DUMP,4.64
EX004,18/07/2026,2,OB,QAB_X OB Fire area,QAB_FRS DUMP NEW,8.36
EX004,18/07/2026,2,OBS,QAB_X OB Fire area,QAB_FRS DUMP NEW,4.41
EX006,18/07/2026,2,OBS,QAB_X OB Fire area,QAB_FRS DUMP NEW,3.59
EX007,18/07/2026,2,CO1,QSE-X OB2,NEW CHP,7.37
EX007,18/07/2026,2,CO1,QSE_VII OB 2,,4.72
EX007,18/07/2026,2,CO1,QSE_VII OB 2,BELT LINE COAL STOCK,7.83
EX007,18/07/2026,2,CO1,QSE_VII OB 2,NEW CHP,6.78
EX008,18/07/2026,2,OB,QSE-VIII OB/Coal,QSE_ FILLING POINT DUMP,4.57
EX008,18/07/2026,2,OB,QSE-VIII OB/Coal,QSE_FILLING POINT DUMP 2,2.42
EX008,18/07/2026,2,OB,QSE-VIII OB/Coal,QSE_VIEW POINT DUMP,4.42
EX008,18/07/2026,2,OB,QSE-X OB2,QSE_ FILLING POINT DUMP,5.83
EX008,18/07/2026,2,OB,QSE-X OB2,QSE_FILLING POINT DUMP 2,8.07
EX008,18/07/2026,2,OB,QSE-X OB2,QSE_VIEW POINT DUMP,4.27
EX008,18/07/2026,2,OB,QSE_X OB IV 2,QSE_FILLING POINT DUMP 2,7.39
EX009,18/07/2026,2,CO1,QAB_X/IX/VIII Firey Seam,Banjee Lower Stock,5.61
EX009,18/07/2026,2,CO1,QAB_X/IX/VIII Firey Seam,PCP-III,5.48
EX009,18/07/2026,2,CO1,QAB_X/IX/VIII Firey Seam,QAB LMV1,4.47
EX009,18/07/2026,2,CO1,QAB_X/IX/VIII Firey Seam,QAB_HANGER STOCK 1,6.88
EX009,18/07/2026,2,MXC,QAB_X/IX/VIII Firey Seam,PCP-III,6.03
EX009,18/07/2026,2,OB,QAB_X/IX/VIII Firey Seam,QAB_BANJEE DUMP,4.73
EX012,18/07/2026,2,OB,QAB_X OB 2 NEW,QAB_FRS DUMP NEW,4.50
PL004,18/07/2026,2,CO1,BELT LINE COAL STOCK,BELT LINE COAL STOCK,7.11
PL004,18/07/2026,2,CO1,BELT LINE COAL STOCK,NEW CHP,3.96
PL004,18/07/2026,2,CO1,QSEB_VI OB 3,BELT LINE COAL STOCK,7.84
PL004,18/07/2026,2,CO1,QSEB_VI OB 3,NEW CHP,6.58
PL004,18/07/2026,2,CO1,QSEB_VI OB 3,RAM SETU COAL STOCK,8.41
PL004,18/07/2026,2,CO1,QSEB_VI OB 3,SANJAY VAN STOCK,11.92
PL004,18/07/2026,2,CO1,QSEB_VI OB 3,TAILING YARD STOCK,7.10
PL004,18/07/2026,2,OB,QSEB_VI OB 3,TAILING YARD STOCK,9.04
PL2K05,18/07/2026,2,CO1,QAB LMV1,PCP-III,3.69
PL2K05,18/07/2026,2,CO1,QAB_HANGER STOCK 1,PCP-III,0.59
PL2K06,18/07/2026,2,CO1,QAB LMV1,COAL _STOCK_DFP,0.00
PL2K06,18/07/2026,2,CO1,QAB LMV1,PCP-III,4.21
EX0009,18/07/2026,3,CO1,QAB-X OB,Banjee Lower Stock,4.40
EX0009,18/07/2026,3,CO1,QAB_X OB Fire area,Banjee Lower Stock,5.57
EX0009,18/07/2026,3,MXC,QAB-X OB,QAB LMV1,1.92
EX0009,18/07/2026,3,MXC,QAB_X OB Fire area,QAB LMV1,5.30
EX0009,18/07/2026,3,OB,QAB-X OB,QAB_BANJEE DUMP,4.05
EX0009,18/07/2026,3,OB,QAB-X OB,QAB_UPPER OFFICE,2.96
EX0009,18/07/2026,3,OB,QAB_X OB Fire area,QAB_BANJEE DUMP,4.53
EX001,18/07/2026,3,OB,QSEXOB1,AIR STRIP DUMP 1,0.00
EX001,18/07/2026,3,OB,QSEXOB1,AIR STRIP OB DUMP II,2.26
EX001,18/07/2026,3,OB,QSEXOB1,QSE LOWER MASJID DUMP,1.61
EX001,18/07/2026,3,OB,QSEXOB1,QSE_MASJID DUMP,1.52
EX0010,18/07/2026,3,OB,QSE-X OB2,QSE_ FILLING POINT DUMP,1.89
EX0010,18/07/2026,3,OB,QSEB_VI OB 3,QSE_ FILLING POINT DUMP,2.16
EX0010,18/07/2026,3,OBS,QSEB_VI OB 3,QSE_FILLING POINT DUMP 2,3.48
EX0011,18/07/2026,3,CO1,QSEB_VI OB 3,RAM SETU COAL STOCK,1.86
EX0011,18/07/2026,3,OB,QSEB_VI OB 3,QSE_ FILLING POINT DUMP,3.98
EX0011,18/07/2026,3,OB,QSEB_VI OB 3,QSE_FILLING POINT DUMP 2,1.66
EX0011,18/07/2026,3,OB,QSEB_VI OB 3,QSE_VIEW POINT DUMP,3.33
EX003,18/07/2026,3,CO1,QAB_VI A OB/COAL,PCP-III,3.66
EX003,18/07/2026,3,CO1,QAB_VI B OB/COAL,COAL _STOCK_DFP,5.53
EX003,18/07/2026,3,CO1,QAB_VI B OB/COAL,PCP-III,4.20
EX003,18/07/2026,3,CO1,QAB_VI B OB/COAL,QAB_HANGER STOCK 1,6.66
EX003,18/07/2026,3,CO1,QAB_VII COAL HW PAD,PCP-III,3.78
EX003,18/07/2026,3,MXC,QAB_VI A OB/COAL,PCP-III,0.73
EX003,18/07/2026,3,MXC,QAB_VII COAL HW PAD,PCP-III,4.47
EX003,18/07/2026,3,OB,QAB_VI A OB/COAL,QAB_BANJEE DUMP,5.94
EX003,18/07/2026,3,OB,QAB_VI B OB/COAL,QAB_BANJEE DUMP,7.21
EX004,18/07/2026,3,OB,QAB_X OB Fire area,QAB_FRS DUMP NEW,2.92
EX004,18/07/2026,3,OBS,QAB_X OB Fire area,QAB_FRS DUMP NEW,4.45
EX006,18/07/2026,3,OBS,QAB_X OB Fire area,QAB_FRS DUMP NEW,3.48
EX007,18/07/2026,3,CO1,QSE-X OB2,NEW CHP,6.91
EX008,18/07/2026,3,OB,QSE-VIII OB/Coal,QSE_ FILLING POINT DUMP,5.54
EX008,18/07/2026,3,OB,QSE-VIII OB/Coal,QSE_FILLING POINT DUMP 2,0.72
EX008,18/07/2026,3,OB,QSE-VIII OB/Coal,QSE_VIEW POINT DUMP,4.41
EX008,18/07/2026,3,OB,QSE-X OB2,QSE_ FILLING POINT DUMP,4.78
EX008,18/07/2026,3,OB,QSE-X OB2,QSE_FILLING POINT DUMP 2,0.86
EX008,18/07/2026,3,OB,QSE-X OB2,QSE_VIEW POINT DUMP,3.27
EX009,18/07/2026,3,CO1,QAB_X/IX/VIII Firey Seam,Banjee Lower Stock,4.39
EX009,18/07/2026,3,CO1,QAB_X/IX/VIII Firey Seam,PCP-III,5.18
EX009,18/07/2026,3,CO1,QAB_X/IX/VIII Firey Seam,QAB LMV1,6.30
EX009,18/07/2026,3,MXC,QAB_X/IX/VIII Firey Seam,PCP-III,7.04
EX009,18/07/2026,3,OB,QAB_X OB 2 NEW,QAB_BANJEE DUMP,4.69
EX009,18/07/2026,3,OB,QAB_X/IX/VIII Firey Seam,QAB_BANJEE DUMP,5.01
EX009,18/07/2026,3,OBS,QAB_X OB 2 NEW,QAB_FIRE DUMP UPPER,2.62
EX009,18/07/2026,3,OBS,QAB_X/IX/VIII Firey Seam,QAB_FIRE DUMP UPPER,2.26
EX012,18/07/2026,3,OB,QAB_X OB 2 NEW,QAB_FRS DUMP NEW,5.36
EX012,18/07/2026,3,OBS,QAB_X OB 2 NEW,QAB_FRS DUMP NEW,2.16
PL004,18/07/2026,3,CO1,BELT LINE COAL STOCK,NEW CHP,1.61
PL004,18/07/2026,3,CO1,QSE_VII OB 2,ASH POND COAL STOCK,9.05
PL004,18/07/2026,3,CO1,QSEB_VI OB 3,ASH POND COAL STOCK,9.01
PL004,18/07/2026,3,CO1,QSEB_VI OB 3,SANJAY VAN STOCK,9.30
PL2K05,18/07/2026,3,CO1,COAL _STOCK_DFP,COAL _STOCK_DFP,2.19
PL2K05,18/07/2026,3,CO1,COAL _STOCK_DFP,PCP-III,2.65
PL2K05,18/07/2026,3,CO1,QAB_HANGER STOCK 1,COAL _STOCK_DFP,1.18
PL2K05,18/07/2026,3,CO1,QAB_HANGER STOCK 1,PCP-III,0.63
PL2K06,18/07/2026,3,CO1,QAB LMV1,PCP-III,3.99
PL2K06,18/07/2026,3,CO1,QAB LMV1,QAB LMV1,1.78
EX0009,19/07/2026,1,CO1,QAB-X OB,Banjee Lower Stock,4.18
EX0009,19/07/2026,1,CO1,QAB_X OB Fire area,Banjee Lower Stock,4.19
EX0009,19/07/2026,1,CO1,QAB_X OB Fire area,QAB_V OB INPIT DUMP,7.35
EX0009,19/07/2026,1,MXC,QAB-X OB,QAB LMV1,5.21
EX0009,19/07/2026,1,MXC,QAB_X OB Fire area,QAB LMV1,2.96
EX0009,19/07/2026,1,OB,QAB-X OB,QAB_BANJEE DUMP,5.07
EX0009,19/07/2026,1,OB,QAB_X OB Fire area,QAB_BANJEE DUMP,4.72
EX001,19/07/2026,1,CO1,QSEXOB1,,0.43
EX001,19/07/2026,1,CO1,QSEXOB1,AIR STRIP DUMP 1,1.73
EX001,19/07/2026,1,CO1,SANJAY VAN STOCK,AIR STRIP DUMP 1,0.00
EX001,19/07/2026,1,OB,QSEXOB1,AIR STRIP OB DUMP II,2.30
EX0010,19/07/2026,1,CO1,QSEB_VI OB 3,QSE LOWER MIDDLE DUMP,3.46
EX0010,19/07/2026,1,OB,QSEB_VI OB 3,QSE_ FILLING POINT DUMP,1.97
EX0010,19/07/2026,1,OBS,QSEB_VI OB 3,QSE_FILLING POINT DUMP 2,4.33
EX0011,19/07/2026,1,OB,QSEB_VI OB 3,QSE_ FILLING POINT DUMP,3.94
EX0011,19/07/2026,1,OB,QSEB_VI OB 3,QSE_FILLING POINT DUMP 2,2.93
EX003,19/07/2026,1,CO1,QAB_VII COAL HW PAD,COAL _STOCK_DFP,2.63
EX003,19/07/2026,1,CO1,QAB_VII COAL HW PAD,MD_COAL STOCK,4.34
EX003,19/07/2026,1,CO1,QAB_VII COAL HW PAD,PCP-III,3.73
EX003,19/07/2026,1,MXC,QAB_VII COAL HW PAD,COAL _STOCK_DFP,1.25
EX003,19/07/2026,1,MXC,QAB_VII COAL HW PAD,PCP-III,0.00
EX004,19/07/2026,1,OB,QAB_X OB Fire area,QAB_FRS DUMP NEW,5.86
EX004,19/07/2026,1,OBS,QAB_X OB Fire area,QAB_FRS DUMP NEW,4.34
EX006,19/07/2026,1,OBS,QAB_X OB Fire area,QAB_FRS DUMP NEW,3.49
EX007,19/07/2026,1,CO1,QSE-X OB2,BELT LINE COAL STOCK,6.51
EX007,19/07/2026,1,CO1,QSE-X OB2,NEW CHP,6.67
EX008,19/07/2026,1,OB,QSE-VIII OB/Coal,QSE_ FILLING POINT DUMP,4.72
EX008,19/07/2026,1,OB,QSE-VIII OB/Coal,QSE_FILLING POINT DUMP 2,2.91
EX008,19/07/2026,1,OB,QSE-VIII OB/Coal,QSE_VIEW POINT DUMP,7.51
EX008,19/07/2026,1,OB,QSE-X OB2,QSE_ FILLING POINT DUMP,4.41
EX009,19/07/2026,1,CO1,QAB_X/IX/VIII Firey Seam,PCP-III,7.17
EX009,19/07/2026,1,CO1,QAB_X/IX/VIII Firey Seam,QAB LMV1,6.06
EX009,19/07/2026,1,CO1,QAB_X/IX/VIII Firey Seam,QAB_HANGER STOCK 1,6.17
EX009,19/07/2026,1,OB,QAB_X/IX/VIII Firey Seam,QAB_BANJEE DUMP,4.55
EX012,19/07/2026,1,OBS,QAB_X OB 2 NEW,QAB_FRS DUMP NEW,5.62
PL004,19/07/2026,1,CO1,BELT LINE COAL STOCK,NEW CHP,1.81
PL004,19/07/2026,1,CO1,QSE_ FILLING POINT DUMP,NEW CHP,2.18
PL004,19/07/2026,1,MXC,BELT LINE COAL STOCK,NEW CHP,6.88
PL004,19/07/2026,1,OB,BELT LINE COAL STOCK,QSE_ FILLING POINT DUMP,1.75
PL004,19/07/2026,1,OB,QSE_ FILLING POINT DUMP,QSE_ FILLING POINT DUMP,3.52
PL004,19/07/2026,1,OB,QSE_ FILLING POINT DUMP,QSE_FILLING POINT DUMP 2,0.98
PL2K05,19/07/2026,1,CO1,MD_COAL STOCK,PCP-III,1.33
PL2K05,19/07/2026,1,CO1,QAB LMV1,PCP-III,4.19
PL2K06,19/07/2026,1,CO1,QAB LMV1,PCP-III,4.33
PL2K06,19/07/2026,1,CO1,QAB LMV1,QAB LMV1,3.31
EX0009,19/07/2026,2,MXC,QAB_X OB Fire area,QAB LMV1,3.14
EX0009,19/07/2026,2,OB,QAB_X OB Fire area,QAB_BANJEE DUMP,5.18
EX001,19/07/2026,2,OB,QSEXOB1,AIR STRIP DUMP 1,2.31
EX001,19/07/2026,2,OB,QSEXOB1,AIR STRIP OB DUMP II,2.01
EX0010,19/07/2026,2,OB,QSE-X OB2,QSE_ FILLING POINT DUMP,1.93
EX0011,19/07/2026,2,CO1,QSEB_VI OB 3,QSE_ FILLING POINT DUMP,8.91
EX0011,19/07/2026,2,OB,QSEB_VI OB 3,QSE_ FILLING POINT DUMP,3.87
EX0011,19/07/2026,2,OB,QSEB_VI OB 3,QSE_FILLING POINT DUMP 2,2.84
EX003,19/07/2026,2,CO1,QAB_VI A OB/COAL,COAL _STOCK_DFP,3.24
EX003,19/07/2026,2,CO1,QAB_VI A OB/COAL,PCP-III,4.50
EX003,19/07/2026,2,CO1,QAB_VI A OB/COAL,QAB_HANGER STOCK 1,6.77
EX003,19/07/2026,2,CO1,QAB_VII COAL HW PAD,PCP-III,7.50
EX003,19/07/2026,2,MXC,QAB_VI A OB/COAL,COAL _STOCK_DFP,1.26
EX003,19/07/2026,2,MXC,QAB_VI A OB/COAL,PCP-III,3.67
EX003,19/07/2026,2,MXC,QAB_VII COAL HW PAD,PCP-III,6.23
EX003,19/07/2026,2,OB,QAB_VI A OB/COAL,QAB_BANJEE DUMP,4.65
EX004,19/07/2026,2,OBS,QAB_X OB Fire area,QAB_FRS DUMP NEW,3.49
EX006,19/07/2026,2,OBS,QAB-X OB,QAB_FRS DUMP NEW,2.73
EX006,19/07/2026,2,OBS,QAB_X OB Fire area,QAB_FRS DUMP NEW,4.21
EX007,19/07/2026,2,CO1,QSE-X OB2,BELT LINE COAL STOCK,7.57
EX007,19/07/2026,2,CO1,QSE-X OB2,NEW CHP,6.40
EX009,19/07/2026,2,CO1,QAB_X OB 2 NEW,PCP-III,6.23
EX009,19/07/2026,2,CO1,QAB_X OB 2 NEW,QAB LMV1,1.47
EX009,19/07/2026,2,CO1,QAB_X OB 2 NEW,QAB_V OB INPIT DUMP,4.71
EX009,19/07/2026,2,OB,QAB_X OB 2 NEW,QAB_BANJEE DUMP,5.27
EX012,19/07/2026,2,OBS,QAB_X/IX/VIII Firey Seam,QAB_FRS DUMP NEW,3.87
PL004,19/07/2026,2,CO1,QSE_ FILLING POINT DUMP,NEW CHP,2.38
PL004,19/07/2026,2,OB,QSE_ FILLING POINT DUMP,AIR STRIP OB DUMP II,1.59
PL004,19/07/2026,2,OB,QSE_ FILLING POINT DUMP,QSE_FILLING POINT DUMP 2,0.43
PL2K06,19/07/2026,2,CO1,MD_COAL STOCK,MD_COAL STOCK,0.64
PL2K06,19/07/2026,2,CO1,MD_COAL STOCK,PCP-III,1.28
PL2K06,19/07/2026,2,CO1,QAB LMV1,PCP-III,3.11
PL2K06,19/07/2026,2,CO1,QAB_HANGER STOCK 1,PCP-III,0.65
EX0009,19/07/2026,3,CO1,QAB-X OB,Banjee Lower Stock,4.22
EX0009,19/07/2026,3,CO1,QAB_X OB Fire area,Banjee Lower Stock,4.73
EX0009,19/07/2026,3,CO1,QAB_X OB Fire area,QAB_HANGER STOCK 1,6.36
EX0009,19/07/2026,3,MXC,QAB-X OB,QAB LMV1,4.14
EX0009,19/07/2026,3,MXC,QAB_X OB Fire area,QAB LMV1,4.46
EX0009,19/07/2026,3,OB,QAB-X OB,QAB_BANJEE DUMP,5.63
EX0009,19/07/2026,3,OB,QAB_X OB Fire area,QAB_BANJEE DUMP,5.37
EX001,19/07/2026,3,OB,QSEXOB1,AIR STRIP DUMP 1,2.34
EX001,19/07/2026,3,OB,QSEXOB1,AIR STRIP OB DUMP II,1.74
EX001,19/07/2026,3,OB,QSEXOB1,QSE LOWER MASJID DUMP,2.22
EX0010,19/07/2026,3,CO1,QSE-X OB2,QSE LOWER MIDDLE DUMP,1.64
EX0010,19/07/2026,3,OB,QSE-X OB2,QSE_ FILLING POINT DUMP,2.56
EX0010,19/07/2026,3,OB,QSE-X OB2,QSE_VIEW POINT DUMP,1.58
EX0010,19/07/2026,3,OBS,QSE-X OB2,QSE_FILLING POINT DUMP 2,0.82
EX0011,19/07/2026,3,CO1,QSEB_VI OB 3,QSE LOWER MIDDLE DUMP,3.42
EX0011,19/07/2026,3,OB,QSEB_VI OB 3,QSE_ FILLING POINT DUMP,3.74
EX0011,19/07/2026,3,OB,QSEB_VI OB 3,QSE_FILLING POINT DUMP 2,3.00
EX0011,19/07/2026,3,OB,QSEB_VI OB 3,QSE_VIEW POINT DUMP,3.40
EX004,19/07/2026,3,CO1,QAB_X OB Fire area,Banjee Lower Stock,4.50
EX004,19/07/2026,3,OB,QAB_X OB Fire area,QAB_BANJEE DUMP,2.97
EX004,19/07/2026,3,OB,QAB_X OB Fire area,QAB_FRS DUMP NEW,4.25
EX004,19/07/2026,3,OBS,QAB_X OB Fire area,QAB_FRS DUMP NEW,4.97
EX006,19/07/2026,3,OBS,QAB-X OB,QAB_FRS DUMP NEW,4.34
EX007,19/07/2026,3,CO1,QSE-X OB2,BELT LINE COAL STOCK,5.98
EX007,19/07/2026,3,CO1,QSE-X OB2,NEW CHP,6.80
EX007,19/07/2026,3,CO1,QSEB_VI OB 3,NEW CHP,6.62
EX007,19/07/2026,3,OB,QSEB_VI OB 3,QSE_ FILLING POINT DUMP,6.39
EX009,19/07/2026,3,CO1,QAB_X OB 2 NEW,PCP-III,5.89
EX009,19/07/2026,3,CO1,QAB_X OB 2 NEW,QAB LMV1,6.06
EX009,19/07/2026,3,CO1,QAB_X OB 2 NEW,QAB_HANGER STOCK 1,7.01
EX009,19/07/2026,3,OB,QAB_X OB 2 NEW,QAB_BANJEE DUMP,6.63
EX012,19/07/2026,3,OB,QAB_X OB 2 NEW,QAB_FRS DUMP NEW,4.21
EX012,19/07/2026,3,OB,QAB_X/IX/VIII Firey Seam,QAB_FRS DUMP NEW,5.49
EX012,19/07/2026,3,OB,QAB_X/IX/VIII Firey Seam,QAB_TYCOON DUMP,4.69
EX012,19/07/2026,3,OBS,QAB_X OB 2 NEW,QAB_FRS DUMP NEW,4.60
EX012,19/07/2026,3,OBS,QAB_X OB 2 NEW,QAB_TYCOON DUMP,3.84
EX012,19/07/2026,3,OBS,QAB_X/IX/VIII Firey Seam,QAB_FRS DUMP NEW,5.37
EX012,19/07/2026,3,OBS,QAB_X/IX/VIII Firey Seam,QAB_TYCOON DUMP,4.20
PL004,19/07/2026,3,CO1,BELT LINE COAL STOCK,NEW CHP,1.13
PL004,19/07/2026,3,OB,QSE_ FILLING POINT DUMP,AIR STRIP OB DUMP II,1.64
PL004,19/07/2026,3,OB,QSEXOB1,AIR STRIP OB DUMP II,1.56
PL2K06,19/07/2026,3,CO1,QAB LMV1,PCP-III,3.21
EX0009,20/07/2026,1,CO1,QAB_X OB Fire area,Banjee Lower Stock,5.79
EX0009,20/07/2026,1,OB,QAB-X OB,QAB_BANJEE DUMP,9.73
EX0009,20/07/2026,1,OB,QAB-X OB,QAB_FRS DUMP NEW,4.39
EX0009,20/07/2026,1,OB,QAB_X OB Fire area,QAB_BANJEE DUMP,7.58
EX0009,20/07/2026,1,OB,QAB_X OB Fire area,QAB_FRS DUMP NEW,4.97
EX001,20/07/2026,1,OB,QSEXOB1,AIR STRIP DUMP 1,0.49
EX001,20/07/2026,1,OB,QSEXOB1,AIR STRIP OB DUMP II,1.95
EX0010,20/07/2026,1,OB,QSE-X OB2,QSE_ FILLING POINT DUMP,1.60
EX0010,20/07/2026,1,OB,QSE-X OB2,QSE_VIEW POINT DUMP,1.59
EX0010,20/07/2026,1,OB,QSEB_VI OB 3,QSE_ FILLING POINT DUMP,2.04
EX0010,20/07/2026,1,OB,QSEB_VI OB 3,QSE_VIEW POINT DUMP,1.61
EX0010,20/07/2026,1,OBS,QSE-X OB2,QSE_FILLING POINT DUMP 2,1.62
EX0010,20/07/2026,1,OBS,QSEB_VI OB 3,QSE_FILLING POINT DUMP 2,0.73
EX0011,20/07/2026,1,OB,QSEB_VI OB 3,QSE_ FILLING POINT DUMP,3.98
EX0011,20/07/2026,1,OB,QSEB_VI OB 3,QSE_VIEW POINT DUMP,3.40
EX004,20/07/2026,1,CO1,QAB_X OB Fire area,Banjee Lower Stock,3.65
EX004,20/07/2026,1,OB,QAB_X OB Fire area,QAB_BANJEE DUMP,6.31
EX004,20/07/2026,1,OB,QAB_X OB Fire area,QAB_FRS DUMP NEW,4.63
EX004,20/07/2026,1,OB,QAB_X OB Fire area,QAB_UPPER OFFICE,4.00
EX004,20/07/2026,1,OBS,QAB_X OB Fire area,QAB_BANJEE DUMP,4.42
EX004,20/07/2026,1,OBS,QAB_X OB Fire area,QAB_FRS DUMP NEW,6.32
EX006,20/07/2026,1,OBS,QAB-X OB,QAB_FRS DUMP NEW,5.50
EX006,20/07/2026,1,OBS,QAB_X OB Fire area,QAB_FRS DUMP NEW,1.90
EX007,20/07/2026,1,CO1,QSE-X OB2,BELT LINE COAL STOCK,7.87
EX007,20/07/2026,1,CO1,QSE-X OB2,NEW CHP,6.68
EX007,20/07/2026,1,CO1,QSE_VII OB 2,BELT LINE COAL STOCK,9.04
EX007,20/07/2026,1,CO1,QSE_VII OB 2,NEW CHP,6.20
EX007,20/07/2026,1,OB,QSEB_VI OB 3,QSE_ FILLING POINT DUMP,2.01
EX007,20/07/2026,1,OB,QSEB_VI OB 3,QSE_FILLING POINT DUMP 2,1.28
EX007,20/07/2026,1,OB,QSEB_VI OB 3,QSE_VIEW POINT DUMP,1.68
EX008,20/07/2026,1,OB,QSE-VIII OB/Coal,QSE_ FILLING POINT DUMP,5.12
EX008,20/07/2026,1,OB,QSE-VIII OB/Coal,QSE_FILLING POINT DUMP 2,0.26
EX008,20/07/2026,1,OB,QSE-X OB2,QSE_ FILLING POINT DUMP,5.68
EX008,20/07/2026,1,OB,QSE-X OB2,QSE_FILLING POINT DUMP 2,1.35
EX008,20/07/2026,1,OB,QSE_X OB IV 2,QSE_VIEW POINT DUMP,4.28
EX009,20/07/2026,1,CO1,QAB_X OB 2 NEW,PCP-III,5.94
EX009,20/07/2026,1,CO1,QAB_X OB 2 NEW,QAB LMV1,5.06
EX009,20/07/2026,1,CO1,QAB_X OB 2 NEW,QAB_HANGER STOCK 1,8.37
EX012,20/07/2026,1,CO1,QAB_X/IX/VIII Firey Seam,QAB_HANGER STOCK 1,4.38
EX012,20/07/2026,1,OB,QAB_X/IX/VIII Firey Seam,QAB_BANJEE DUMP,4.87
EX012,20/07/2026,1,OB,QAB_X/IX/VIII Firey Seam,QAB_FRS DUMP NEW,4.25
EX012,20/07/2026,1,OB,QAB_X/IX/VIII Firey Seam,QAB_TYCOON DUMP,5.73
EX012,20/07/2026,1,OBS,QAB_X/IX/VIII Firey Seam,QAB_FRS DUMP NEW,5.45
EX012,20/07/2026,1,OBS,QAB_X/IX/VIII Firey Seam,QAB_TYCOON DUMP,2.38
PL004,20/07/2026,1,CO1,BELT LINE COAL STOCK,BELT LINE COAL STOCK,5.54
PL004,20/07/2026,1,CO1,BELT LINE COAL STOCK,NEW CHP,5.16
PL004,20/07/2026,1,CO1,QSEXOB1,BELT LINE COAL STOCK,3.68
PL004,20/07/2026,1,CO1,QSEXOB1,NEW CHP,2.65
PL004,20/07/2026,1,OBS,BELT LINE COAL STOCK,BELT LINE COAL STOCK,1.63
PL2K05,20/07/2026,1,CO1,QAB LMV1,PCP-III,0.00
PL2K05,20/07/2026,1,CO1,QAB LMV1,QAB LMV1,5.19
PL2K06,20/07/2026,1,CO1,QAB_HANGER STOCK 1,PCP-III,0.67
PL2K06,20/07/2026,1,CO1,SCC-C STOCK,PCP-III,10.58
PL2K06,20/07/2026,1,CO1,SCC-C STOCK,SCC-C STOCK,9.39
PL2K06,20/07/2026,1,OB,QAB LMV1,QAB_BANJEE DUMP,1.64
PL2K06,20/07/2026,1,OB,SCC-C STOCK,QAB_BANJEE DUMP,3.99
EX0009,20/07/2026,2,OB,QAB_X OB Fire area,QAB_FRS DUMP NEW,2.83
EX0009,20/07/2026,2,OB,QAB_X/IX/VIII Firey Seam,QAB_FRS DUMP NEW,4.71
EX001,20/07/2026,2,OB,QSEXOB1,AIR STRIP DUMP 1,0.06
EX001,20/07/2026,2,OB,QSEXOB1,AIR STRIP OB DUMP II,1.64
EX0011,20/07/2026,2,CO1,QSE-X OB2,BELT LINE COAL STOCK,6.80
EX0011,20/07/2026,2,CO1,QSE-X OB2,NEW CHP,6.33
EX0011,20/07/2026,2,CO1,QSEB_VI OB 3,BELT LINE COAL STOCK,6.71
EX0011,20/07/2026,2,CO1,QSEB_VI OB 3,NEW CHP,6.53
EX004,20/07/2026,2,CO1,QAB_X OB Fire area,Banjee Lower Stock,3.84
EX004,20/07/2026,2,OB,QAB-X OB,QAB_BANJEE DUMP,3.88
EX004,20/07/2026,2,OB,QAB-X OB,QAB_FRS DUMP NEW,0.89
EX004,20/07/2026,2,OB,QAB-X OB,QAB_UPPER OFFICE,7.81
EX004,20/07/2026,2,OB,QAB_X OB Fire area,QAB_BANJEE DUMP,3.56
EX004,20/07/2026,2,OB,QAB_X OB Fire area,QAB_FRS DUMP NEW,3.57
EX004,20/07/2026,2,OBS,QAB-X OB,QAB_BANJEE DUMP,3.28
EX004,20/07/2026,2,OBS,QAB-X OB,QAB_FIRE DUMP UPPER,7.84
EX004,20/07/2026,2,OBS,QAB-X OB,QAB_FRS DUMP NEW,3.63
EX004,20/07/2026,2,OBS,QAB_X OB Fire area,QAB_BANJEE DUMP,3.15
EX004,20/07/2026,2,OBS,QAB_X OB Fire area,QAB_FRS DUMP NEW,2.25
EX006,20/07/2026,2,OBS,QAB-X OB,QAB_FRS DUMP NEW,2.62
EX006,20/07/2026,2,OBS,QAB_X OB Fire area,QAB_FRS DUMP NEW,0.00
EX007,20/07/2026,2,CO1,QSEB_VI OB 3,BELT LINE COAL STOCK,7.99
EX007,20/07/2026,2,OB,QSE-X OB2,QSE_ FILLING POINT DUMP,2.28
EX007,20/07/2026,2,OB,QSE-X OB2,QSE_FILLING POINT DUMP 2,0.79
EX007,20/07/2026,2,OB,QSE-X OB2,QSE_VIEW POINT DUMP,1.40
EX008,20/07/2026,2,OB,QSE-X OB2,QSE_ FILLING POINT DUMP,5.16
EX008,20/07/2026,2,OB,QSE-X OB2,QSE_FILLING POINT DUMP 2,3.99
EX009,20/07/2026,2,CO1,QAB_X OB 2 NEW,PCP-III,4.09
EX009,20/07/2026,2,CO1,QAB_X OB 2 NEW,QAB LMV1,5.88
EX009,20/07/2026,2,CO1,QAB_X OB 2 NEW,QAB_HANGER STOCK 1,4.93
EX009,20/07/2026,2,OB,QAB_X OB 2 NEW,QAB_UPPER OFFICE,4.68
EX009,20/07/2026,2,OBS,QAB_X OB 2 NEW,QAB_FIRE DUMP UPPER,8.31
EX012,20/07/2026,2,CO1,QAB_X OB 2 NEW,QAB_HANGER STOCK 1,4.16
EX012,20/07/2026,2,CO1,QAB_X/IX/VIII Firey Seam,QAB LMV1,3.04
EX012,20/07/2026,2,CO1,QAB_X/IX/VIII Firey Seam,QAB_HANGER STOCK 1,6.84
EX012,20/07/2026,2,OB,QAB_X OB 2 NEW,QAB_UPPER OFFICE,3.52
PL004,20/07/2026,2,CO1,BELT LINE COAL STOCK,NEW CHP,1.56
PL004,20/07/2026,2,OB,BELT LINE COAL STOCK,AIR STRIP OB DUMP II,2.40
PL004,20/07/2026,2,OB,BELT LINE COAL STOCK,QSE LOWER MASJID DUMP,1.65
PL004,20/07/2026,2,OB,QSE-X OB1 Air strip,AIR STRIP OB DUMP II,1.47
PL2K06,20/07/2026,2,CO1,QAB_HANGER STOCK 1,PCP-III,0.76
PL2K06,20/07/2026,2,CO1,SCC-C STOCK,Banjee Upper Stock,2.76
PL2K06,20/07/2026,2,CO1,SCC-C STOCK,PCP-III,1.30
PL2K06,20/07/2026,2,CO1,SCC-C STOCK,SCC-C STOCK,5.97
PL2K06,20/07/2026,2,OB,SCC-C STOCK,QAB_BANJEE DUMP,4.69
EX0009,20/07/2026,3,CO1,QAB-X OB,MD_COAL STOCK,5.63
EX0009,20/07/2026,3,CO1,QAB-X OB,PCP-III,3.90
EX0009,20/07/2026,3,CO1,QAB_X OB Fire area,MD_COAL STOCK,4.40
EX0009,20/07/2026,3,CO1,QAB_X OB Fire area,PCP-III,5.67
EX0009,20/07/2026,3,CO1,QAB_X OB Fire area,QAB LMV1,3.77
EX001,20/07/2026,3,OB,QSEXOB1,AIR STRIP DUMP 1,0.48
EX001,20/07/2026,3,OB,QSEXOB1,AIR STRIP OB DUMP II,1.66
EX001,20/07/2026,3,OB,QSEXOB1,QSE LOWER MASJID DUMP,1.30
EX0010,20/07/2026,3,OB,QSE-X OB2,QSE_ FILLING POINT DUMP,1.93
EX0010,20/07/2026,3,OB,QSE-X OB2,QSE_VIEW POINT DUMP,1.69
EX0010,20/07/2026,3,OB,QSEB_VI OB 3,QSE_ FILLING POINT DUMP,2.23
EX0010,20/07/2026,3,OB,QSEB_VI OB 3,QSE_VIEW POINT DUMP,1.65
EX0010,20/07/2026,3,OBS,QSE-X OB2,QSE_FILLING POINT DUMP 2,1.73
EX0011,20/07/2026,3,CO1,QSE-X OB2,NEW CHP,6.06
EX0011,20/07/2026,3,CO1,QSEB_VI OB 3,NEW CHP,6.79
EX004,20/07/2026,3,OB,QAB-X OB,QAB_BANJEE DUMP,3.99
EX004,20/07/2026,3,OB,QAB-X OB,QAB_FRS DUMP NEW,4.01
EX004,20/07/2026,3,OB,QAB_X OB Fire area,QAB_BANJEE DUMP,4.43
EX004,20/07/2026,3,OB,QAB_X OB Fire area,QAB_FRS DUMP NEW,4.47
EX004,20/07/2026,3,OBS,QAB-X OB,QAB_BANJEE DUMP,4.38
EX004,20/07/2026,3,OBS,QAB-X OB,QAB_FRS DUMP NEW,3.73
EX004,20/07/2026,3,OBS,QAB_X OB Fire area,QAB_BANJEE DUMP,3.56
EX004,20/07/2026,3,OBS,QAB_X OB Fire area,QAB_FRS DUMP NEW,4.24
EX006,20/07/2026,3,OBS,QAB-X OB,QAB_FRS DUMP NEW,3.33
EX007,20/07/2026,3,CO1,QSE-X OB2,QSE LOWER MIDDLE DUMP,5.78
EX007,20/07/2026,3,OB,QSE-X OB2,QSE_ FILLING POINT DUMP,1.92
EX007,20/07/2026,3,OB,QSE-X OB2,QSE_FILLING POINT DUMP 2,0.89
EX007,20/07/2026,3,OB,QSE-X OB2,QSE_VIEW POINT DUMP,1.44
EX008,20/07/2026,3,CO1,QSE-X OB2,QSE LOWER MIDDLE DUMP,4.63
EX008,20/07/2026,3,OB,QSE-X OB2,QSE_ FILLING POINT DUMP,6.27
EX008,20/07/2026,3,OB,QSE-X OB2,QSE_FILLING POINT DUMP 2,1.71
EX009,20/07/2026,3,CO1,QAB_X OB 2 NEW,MD_COAL STOCK,4.34
EX009,20/07/2026,3,CO1,QAB_X OB 2 NEW,PCP-III,7.00
EX009,20/07/2026,3,CO1,QAB_X OB 2 NEW,QAB LMV1,4.15
EX009,20/07/2026,3,CO1,QAB_X OB 2 NEW,QAB_HANGER STOCK 1,5.66
EX009,20/07/2026,3,OBS,QAB_X OB 2 NEW,QAB_BANJEE DUMP,4.78
EX009,20/07/2026,3,OBS,QAB_X OB 2 NEW,QAB_FIRE DUMP UPPER,2.63
EX012,20/07/2026,3,CO1,QAB_X OB 2 NEW,Banjee Lower Stock,7.60
EX012,20/07/2026,3,CO1,QAB_X OB 2 NEW,QAB_HANGER STOCK 1,4.60
EX012,20/07/2026,3,OB,QAB_X OB 2 NEW,QAB_UPPER OFFICE,5.41
EX012,20/07/2026,3,OBS,QAB_X OB 2 NEW,QAB_BANJEE DUMP,4.11
PL004,20/07/2026,3,OB,QSE-X OB1 Air strip,AIR STRIP OB DUMP II,2.03
PL2K06,20/07/2026,3,CO1,MD_COAL STOCK,Banjee Upper Stock,1.25
PL2K06,20/07/2026,3,CO1,MD_COAL STOCK,PCP-III,1.43
PL2K06,20/07/2026,3,CO1,QAB LMV1,PCP-III,3.92
PL2K06,20/07/2026,3,CO1,QAB_HANGER STOCK 1,PCP-III,1.00
PL2K06,20/07/2026,3,CO1,QAB_HANGER STOCK 1,QAB_HANGER STOCK 1,0.86
EX0009,21/07/2026,1,CO1,QAB_X OB Fire area,MD_COAL STOCK,6.19
EX0009,21/07/2026,1,CO1,QAB_X OB Fire area,PCP-III,5.38
EX0009,21/07/2026,1,CO1,QAB_X OB Fire area,QAB LMV1,4.60
EX0009,21/07/2026,1,CO1,QAB_X OB Fire area,QAB_HANGER STOCK 1,6.40
EX0009,21/07/2026,1,CO1,QAB_X OB Fire area,QAB_MADIRA DEVI DUMP,4.67
EX0009,21/07/2026,1,OB,QAB_X OB Fire area,QAB_MADIRA DEVI DUMP,5.73
EX001,21/07/2026,1,OB,QSEXOB1,AIR STRIP DUMP 1,1.58
EX001,21/07/2026,1,OB,QSEXOB1,AIR STRIP OB DUMP II,2.14
EX001,21/07/2026,1,OB,QSEXOB1,QSE LOWER MASJID DUMP,1.45
EX0010,21/07/2026,1,OB,QSE-X OB2,QSE_ FILLING POINT DUMP,4.43
EX0010,21/07/2026,1,OB,QSEB_VI OB 3,QSE_ FILLING POINT DUMP,2.54
EX0010,21/07/2026,1,OBS,QSEB_VI OB 3,QSE_FILLING POINT DUMP 2,1.35
EX0011,21/07/2026,1,CO1,QSE-X OB2,BELT LINE COAL STOCK,5.60
EX0011,21/07/2026,1,CO1,QSE-X OB2,NEW CHP,6.93
EX0011,21/07/2026,1,CO1,QSEB_VI OB 3,NEW CHP,2.09
EX0011,21/07/2026,1,OB,QSEB_VI OB 3,QSE_ FILLING POINT DUMP,3.55
EX004,21/07/2026,1,OB,QAB-X OB,QAB_BANJEE DUMP,3.57
EX004,21/07/2026,1,OB,QAB-X OB,QAB_FRS DUMP NEW,2.76
EX004,21/07/2026,1,OB,QAB_X OB Fire area,QAB_BANJEE DUMP,3.92
EX004,21/07/2026,1,OB,QAB_X OB Fire area,QAB_FRS DUMP NEW,3.64
EX004,21/07/2026,1,OBS,QAB-X OB,QAB_BANJEE DUMP,4.26
EX004,21/07/2026,1,OBS,QAB-X OB,QAB_FRS DUMP NEW,3.59
EX004,21/07/2026,1,OBS,QAB_X OB Fire area,QAB_FRS DUMP NEW,3.93
EX006,21/07/2026,1,OBS,QAB-X OB,QAB_FRS DUMP NEW,3.80
EX006,21/07/2026,1,OBS,QAB_X OB Fire area,QAB_FRS DUMP NEW,2.79
EX007,21/07/2026,1,CO1,QSE-X OB2,BELT LINE COAL STOCK,6.35
EX007,21/07/2026,1,CO1,QSE-X OB2,NEW CHP,6.88
EX007,21/07/2026,1,CO1,QSE_VII OB 2,NEW CHP,6.73
EX007,21/07/2026,1,OB,QSE-X OB2,QSE_ FILLING POINT DUMP,3.72
EX007,21/07/2026,1,OB,QSE-X OB2,QSE_FILLING POINT DUMP 2,2.66
EX008,21/07/2026,1,OB,QSE-X OB2,QSE_ FILLING POINT DUMP,5.32
EX008,21/07/2026,1,OB,QSE-X OB2,QSE_FILLING POINT DUMP 2,3.90
EX008,21/07/2026,1,OB,QSE-X OB2,QSE_VIEW POINT DUMP,4.37
EX009,21/07/2026,1,CO1,QAB_X OB 2 NEW,QAB LMV1,2.62
EX009,21/07/2026,1,OBS,QAB_X OB 2 NEW,QAB_BANJEE DUMP,3.91
EX009,21/07/2026,1,OBS,QAB_X OB 2 NEW,QAB_FIRE DUMP UPPER,2.96
EX012,21/07/2026,1,CO1,QAB_X OB 2 NEW,Banjee Lower Stock,5.14
EX012,21/07/2026,1,OB,QAB_X OB 2 NEW,QAB_UPPER OFFICE,3.17
EX012,21/07/2026,1,OBS,QAB_X OB 2 NEW,QAB_BANJEE DUMP,3.90
PL004,21/07/2026,1,CO1,BELT LINE COAL STOCK,NEW CHP,1.63
PL004,21/07/2026,1,OB,QSE-X OB1 Air strip,AIR STRIP DUMP 1,0.00
PL004,21/07/2026,1,OB,QSE-X OB1 Air strip,AIR STRIP OB DUMP II,1.86
PL004,21/07/2026,1,OB,TAILING YARD STOCK,AIR STRIP OB DUMP II,1.63
PL2K05,21/07/2026,1,CO1,MD_COAL STOCK,PCP-III,1.22
PL2K05,21/07/2026,1,CO1,QAB LMV1,PCP-III,4.24
PL2K05,21/07/2026,1,CO1,QAB LMV1,QAB LMV1,1.96
EX0009,21/07/2026,2,CO1,QAB_X OB Fire area,MD_COAL STOCK,4.54
EX0009,21/07/2026,2,CO1,QAB_X OB Fire area,PCP-III,6.06
EX0009,21/07/2026,2,CO1,QAB_X OB Fire area,QAB LMV1,3.86
EX0009,21/07/2026,2,CO1,QAB_X OB Fire area,QAB_HANGER STOCK 1,4.82
EX0009,21/07/2026,2,CO1,QAB_X OB Fire area,QAB_MADIRA DEVI DUMP,4.64
EX001,21/07/2026,2,OB,QSEXOB1,AIR STRIP DUMP 1,0.58
EX001,21/07/2026,2,OB,QSEXOB1,AIR STRIP OB DUMP II,2.53
EX001,21/07/2026,2,OB,QSEXOB1,QSE LOWER MASJID DUMP,1.58
EX001,21/07/2026,2,OB,QSEXOB1,TAILING YARD STOCK,2.35
EX0010,21/07/2026,2,OB,QSE-X OB2,QSE_ FILLING POINT DUMP,1.76
EX0010,21/07/2026,2,OBS,QSE-X OB2,QSE_FILLING POINT DUMP 2,0.09
EX0011,21/07/2026,2,CO1,QSEB_VI OB 3,RAM SETU COAL STOCK,2.01
EX0011,21/07/2026,2,OB,QSEB_VI OB 3,QSE_ FILLING POINT DUMP,3.66
EX0011,21/07/2026,2,OB,QSEB_VI OB 3,QSE_FILLING POINT DUMP 2,3.35
EX003,21/07/2026,2,CO1,QAB_FIRE AREA SEC A,COAL _STOCK_DFP,4.59
EX003,21/07/2026,2,CO1,QAB_FIRE AREA SEC A,PCP-III,6.19
EX003,21/07/2026,2,CO1,QAB_FIRE AREA SEC A,QAB LMV1,5.85
EX003,21/07/2026,2,MXC,QAB_FIRE AREA SEC A,COAL _STOCK_DFP,5.33
EX003,21/07/2026,2,OB,QAB_FIRE AREA SEC A,QAB_BANJEE DUMP,4.66
EX004,21/07/2026,2,OB,QAB_X OB Fire area,QAB_FRS DUMP NEW,7.63
EX004,21/07/2026,2,OBS,QAB_X OB Fire area,QAB_FRS DUMP NEW,3.90
EX006,21/07/2026,2,OBS,QAB_X OB Fire area,QAB_FRS DUMP NEW,3.44
EX007,21/07/2026,2,CO1,QSE-X OB2,NEW CHP,6.80
EX007,21/07/2026,2,CO1,QSE_VII OB 2,NEW CHP,6.98
EX007,21/07/2026,2,OB,QSE-X OB2,QSE_ FILLING POINT DUMP,6.66
EX008,21/07/2026,2,OB,QSE-X OB2,QSE_ FILLING POINT DUMP,4.25
EX008,21/07/2026,2,OB,QSE-X OB2,QSE_FILLING POINT DUMP 2,1.58
EX009,21/07/2026,2,CO1,QAB_X OB Fire area,PCP-III,6.71
EX009,21/07/2026,2,CO1,QAB_X OB Fire area,QAB LMV1,7.87
EX009,21/07/2026,2,OBS,QAB_X OB Fire area,QAB_BANJEE DUMP,4.23
EX009,21/07/2026,2,OBS,QAB_X/IX/VIII Firey Seam,QAB_BANJEE DUMP,0.00
EX012,21/07/2026,2,CO1,QAB_X OB Fire area,QAB LMV1,5.37
EX012,21/07/2026,2,OBS,QAB_X OB 2 NEW,QAB_BANJEE DUMP,3.96
EX012,21/07/2026,2,OBS,QAB_X OB 2 NEW,QAB_FIRE DUMP UPPER,0.56
EX012,21/07/2026,2,OBS,QAB_X OB Fire area,QAB_BANJEE DUMP,3.47
EX012,21/07/2026,2,OBS,QAB_X OB Fire area,QAB_FIRE DUMP UPPER,1.55
PL004,21/07/2026,2,CO1,BELT LINE COAL STOCK,NEW CHP,1.28
PL004,21/07/2026,2,CO1,QSEXOB1,NEW CHP,0.00
PL004,21/07/2026,2,OB,QSEXOB1,AIR STRIP OB DUMP II,1.89
PL2K05,21/07/2026,2,CO1,MD_COAL STOCK,PCP-III,0.96
PL2K05,21/07/2026,2,CO1,QAB LMV1,PCP-III,1.23
PL2K05,21/07/2026,2,CO1,QAB LMV1,QAB LMV1,3.12
PL2K06,21/07/2026,2,CO1,MD_COAL STOCK,Banjee Upper Stock,0.00
PL2K06,21/07/2026,2,CO1,MD_COAL STOCK,PCP-III,0.95
EX0009,21/07/2026,3,CO1,QAB_X OB Fire area,QAB LMV1,7.47
EX0009,21/07/2026,3,OBS,QAB_X OB Fire area,QAB_TYCOON DUMP,4.91
EX001,21/07/2026,3,OB,QSEXOB1,AIR STRIP DUMP 1,0.47
EX001,21/07/2026,3,OB,QSEXOB1,AIR STRIP OB DUMP II,2.36
EX001,21/07/2026,3,OB,QSEXOB1,QSE_MASJID DUMP,5.89
EX0010,21/07/2026,3,OB,QSE-X OB2,QSE_ FILLING POINT DUMP,1.92
EX0010,21/07/2026,3,OB,QSEB_VI OB 3,QSE_ FILLING POINT DUMP,3.39
EX0010,21/07/2026,3,OB,QSEB_VI OB 3,QSE_VIEW POINT DUMP,1.72
EX0010,21/07/2026,3,OBS,QSE-X OB2,QSE_FILLING POINT DUMP 2,1.67
EX0011,21/07/2026,3,OB,QSEB_VI OB 3,QSE_ FILLING POINT DUMP,3.84
EX0011,21/07/2026,3,OB,QSEB_VI OB 3,QSE_FILLING POINT DUMP 2,0.00
EX0011,21/07/2026,3,OB,QSEB_VI OB 3,QSE_VIEW POINT DUMP,3.40
EX003,21/07/2026,3,CO1,QAB_VI A OB/COAL,COAL _STOCK_DFP,3.15
EX003,21/07/2026,3,CO1,QAB_VII COAL HW PAD,COAL _STOCK_DFP,6.13
EX003,21/07/2026,3,CO1,QAB_VII COAL HW PAD,PCP-III,5.18
EX003,21/07/2026,3,CO1,QAB_VII COAL HW PAD,QAB LMV1,9.04
EX003,21/07/2026,3,CO1,QAB_VII COAL HW PAD,QAB_HANGER STOCK 1,4.72
EX003,21/07/2026,3,MXC,QAB_VI A OB/COAL,PCP-III,3.71
EX006,21/07/2026,3,OBS,QAB_X OB Fire area,QAB_FRS DUMP NEW,3.71
EX007,21/07/2026,3,CO1,QSE-X OB2,NEW CHP,6.66
EX007,21/07/2026,3,CO1,QSE_VII OB 2,NEW CHP,6.50
EX008,21/07/2026,3,CO1,QSE-X OB2,QSE LOWER MIDDLE DUMP,4.45
EX008,21/07/2026,3,OB,QSE-X OB2,QSE_ FILLING POINT DUMP,5.37
EX008,21/07/2026,3,OB,QSE-X OB2,QSE_FILLING POINT DUMP 2,2.28
EX008,21/07/2026,3,OB,QSE-X OB2,QSE_VIEW POINT DUMP,7.07
EX012,21/07/2026,3,OBS,QAB_X OB 2 NEW,QAB_BANJEE DUMP,4.60
EX012,21/07/2026,3,OBS,QAB_X OB Fire area,QAB_BANJEE DUMP,4.43
PL004,21/07/2026,3,CO1,QSEXOB1,NEW CHP,3.47
PL004,21/07/2026,3,OB,QSEXOB1,AIR STRIP OB DUMP II,1.54
PL004,21/07/2026,3,OB,QSEXOB1,QSE LOWER MASJID DUMP,1.30
PL2K05,21/07/2026,3,CO1,MD_COAL STOCK,MD_COAL STOCK,6.35
PL2K05,21/07/2026,3,CO1,MD_COAL STOCK,PCP-III,0.94
PL2K05,21/07/2026,3,CO1,QAB_HANGER STOCK 1,PCP-III,0.58
PL2K06,21/07/2026,3,CO1,MD_COAL STOCK,Banjee Upper Stock,0.00
PL2K06,21/07/2026,3,CO1,MD_COAL STOCK,PCP-III,1.56
EX0009,22/07/2026,1,OBS,QAB_X OB Fire area,QAB_TYCOON DUMP,5.62
EX001,22/07/2026,1,OB,QSEXOB1,AIR STRIP DUMP 1,2.29
EX001,22/07/2026,1,OB,QSEXOB1,AIR STRIP OB DUMP II,2.58
EX001,22/07/2026,1,OB,QSEXOB1,QSE LOWER MASJID DUMP,2.45
EX0010,22/07/2026,1,OB,QSE-X OB2,QSE_ FILLING POINT DUMP,2.69
EX0010,22/07/2026,1,OBS,QSE-X OB2,QSE_FILLING POINT DUMP 2,0.56
EX0011,22/07/2026,1,CO1,QSEB_VI OB 3,RAM SETU COAL STOCK,1.75
EX0011,22/07/2026,1,OB,QSEB_VI OB 3,QSE_ FILLING POINT DUMP,3.89
EX0011,22/07/2026,1,OB,QSEB_VI OB 3,QSE_FILLING POINT DUMP 2,3.44
EX003,22/07/2026,1,OB,QAB_VI A OB/COAL,QAB_BANJEE DUMP,5.25
EX003,22/07/2026,1,OB,QAB_VI A OB/COAL,QAB_TYCOON DUMP,3.97
EX003,22/07/2026,1,OB,QAB_VII COAL HW PAD,QAB_BANJEE DUMP,5.90
EX003,22/07/2026,1,OB,QAB_VII COAL HW PAD,QAB_TYCOON DUMP,2.07
EX004,22/07/2026,1,OBS,QAB_X OB Fire area,QAB_FRS DUMP NEW,4.59
EX005,22/07/2026,1,OB,TAILING YARD STOCK,QSE_ FILLING POINT DUMP,4.03
EX005,22/07/2026,1,OB,TAILING YARD STOCK,QSE_FILLING POINT DUMP 2,2.85
EX006,22/07/2026,1,OBS,QAB_X OB Fire area,QAB_FRS DUMP NEW,2.91
EX007,22/07/2026,1,CO1,QSE-X OB2,BELT LINE COAL STOCK,6.40
EX007,22/07/2026,1,CO1,QSE-X OB2,NEW CHP,7.22
EX007,22/07/2026,1,CO1,QSE-X OB2,SANJAY VAN STOCK,6.77
EX007,22/07/2026,1,CO1,QSE_VII OB 2,BELT LINE COAL STOCK,6.92
EX007,22/07/2026,1,CO1,QSE_VII OB 2,SANJAY VAN STOCK,9.32
EX007,22/07/2026,1,OB,QSE-X OB2,QSE_ FILLING POINT DUMP,2.32
EX007,22/07/2026,1,OB,QSE_VII OB 2,QSE_FILLING POINT DUMP 2,7.24
EX008,22/07/2026,1,OB,QSE-X OB2,QSE_ FILLING POINT DUMP,5.40
EX008,22/07/2026,1,OB,QSE-X OB2,QSE_FILLING POINT DUMP 2,4.91
EX012,22/07/2026,1,OBS,QAB_X OB 2 NEW,QAB_BANJEE DUMP,4.94
EX012,22/07/2026,1,OBS,QAB_X OB Fire area,QAB_BANJEE DUMP,5.27
PL004,22/07/2026,1,OB,QSEXOB1,AIR STRIP OB DUMP II,1.99
PL004,22/07/2026,1,OB,QSEXOB1,QSE LOWER MASJID DUMP,1.84
PL2K05,22/07/2026,1,CO1,Banjee Lower Stock,PCP-III,0.00
PL2K05,22/07/2026,1,CO1,MD_COAL STOCK,MD_COAL STOCK,3.36
PL2K05,22/07/2026,1,CO1,MD_COAL STOCK,PCP-III,1.44
EX0009,22/07/2026,2,OBS,QAB_X OB Fire area,QAB_TYCOON DUMP,5.19
EX001,22/07/2026,2,OB,QSEXOB1,AIR STRIP OB DUMP II,2.33
EX001,22/07/2026,2,OB,QSEXOB1,QSE LOWER MASJID DUMP,2.69
EX0010,22/07/2026,2,OB,QSE-X OB2,QSE_ FILLING POINT DUMP,4.78
EX0010,22/07/2026,2,OBS,QSE-X OB2,QSE_FILLING POINT DUMP 2,3.37
EX0011,22/07/2026,2,CO1,QSEB_VI OB 3,QSE_FILLING POINT DUMP 2,6.43
EX0011,22/07/2026,2,OB,QSEB_VI OB 3,QSE_ FILLING POINT DUMP,3.82
EX0011,22/07/2026,2,OB,QSEB_VI OB 3,QSE_FILLING POINT DUMP 2,4.49
EX004,22/07/2026,2,OB,QAB_X OB 2 NEW,QAB_FRS DUMP NEW,3.82
EX004,22/07/2026,2,OB,QAB_X OB Fire area,QAB_FRS DUMP NEW,3.54
EX004,22/07/2026,2,OBS,QAB_X OB 2 NEW,QAB_FRS DUMP NEW,6.50
EX004,22/07/2026,2,OBS,QAB_X OB Fire area,QAB_FRS DUMP NEW,4.23
EX005,22/07/2026,2,CO1,QSEB_VI OB 3,,0.71
EX005,22/07/2026,2,CO1,QSEB_VI OB 3,QSE_ FILLING POINT DUMP,3.20
EX005,22/07/2026,2,OB,QSEB_VI OB 3,QSE_ FILLING POINT DUMP,3.99
EX005,22/07/2026,2,OB,QSEB_VI OB 3,QSE_FILLING POINT DUMP 2,4.65
EX006,22/07/2026,2,OBS,QAB_X OB Fire area,QAB_FRS DUMP NEW,3.74
EX007,22/07/2026,2,CO1,QSE-X OB2,BELT LINE COAL STOCK,6.70
EX007,22/07/2026,2,CO1,QSE-X OB2,NEW CHP,6.92
EX007,22/07/2026,2,MXC,QSE-X OB2,BELT LINE COAL STOCK,6.73
EX008,22/07/2026,2,CO1,QSE-X OB2,QSE LOWER MIDDLE DUMP,2.24
EX008,22/07/2026,2,OB,QSE-X OB2,QSE_ FILLING POINT DUMP,4.94
EX008,22/07/2026,2,OB,QSE-X OB2,QSE_FILLING POINT DUMP 2,2.04
EX009,22/07/2026,2,CO1,QAB_X OB 2 NEW,Banjee Lower Stock,4.02
EX009,22/07/2026,2,CO1,QAB_X OB 2 NEW,PCP-III,5.05
EX009,22/07/2026,2,CO1,QAB_X OB 2 NEW,QAB LMV1,6.15
EX009,22/07/2026,2,CO1,QAB_X OB Fire area,Banjee Lower Stock,6.20
EX009,22/07/2026,2,OBS,QAB_X OB 2 NEW,QAB_BANJEE DUMP,4.42
EX009,22/07/2026,2,OBS,QAB_X OB Fire area,QAB_BANJEE DUMP,7.86
EX012,22/07/2026,2,CO1,QAB_X OB 2 NEW,QAB LMV1,4.91
EX012,22/07/2026,2,OBS,QAB_X OB 2 NEW,QAB_BANJEE DUMP,4.24
PL004,22/07/2026,2,CO1,BELT LINE COAL STOCK,NEW CHP,1.73
PL2K06,22/07/2026,2,CO1,MD_COAL STOCK,Banjee Upper Stock,0.00
PL2K06,22/07/2026,2,CO1,MD_COAL STOCK,MD_COAL STOCK,1.02
PL2K06,22/07/2026,2,CO1,MD_COAL STOCK,PCP-III,1.55
EX0009,22/07/2026,3,CO1,QAB_X OB Fire area,MD_COAL STOCK,6.97
EX0009,22/07/2026,3,CO1,QAB_X OB Fire area,PCP-III,5.58
EX0009,22/07/2026,3,CO1,QAB_X OB Fire area,QAB LMV1,3.86
EX0009,22/07/2026,3,MXC,QAB_X OB Fire area,PCP-III,3.84
EX0009,22/07/2026,3,MXC,QAB_X OB Fire area,QAB LMV1,3.54
EX0009,22/07/2026,3,OBS,QAB_X OB Fire area,QAB_TYCOON DUMP,6.28
EX001,22/07/2026,3,OB,QSEXOB1,AIR STRIP OB DUMP II,1.60
EX001,22/07/2026,3,OB,QSEXOB1,QSE LOWER MASJID DUMP,1.84
EX0010,22/07/2026,3,OB,QSE-X OB2,QSE_ FILLING POINT DUMP,6.20
EX0010,22/07/2026,3,OBS,QSE-X OB2,QSE_FILLING POINT DUMP 2,3.18
EX0011,22/07/2026,3,OB,QSEB_VI OB 3,QSE_ FILLING POINT DUMP,4.23
EX0011,22/07/2026,3,OB,QSEB_VI OB 3,QSE_FILLING POINT DUMP 2,4.91
EX004,22/07/2026,3,OB,QAB_X OB Fire area,QAB_BANJEE DUMP,4.21
EX004,22/07/2026,3,OB,QAB_X OB Fire area,QAB_FRS DUMP NEW,3.96
EX004,22/07/2026,3,OBS,QAB_X OB Fire area,QAB_FRS DUMP NEW,4.28
EX005,22/07/2026,3,CO1,QSEB_VI OB 3,,2.13
EX005,22/07/2026,3,CO1,QSEB_VI OB 3,QSE LOWER MIDDLE DUMP,2.60
EX005,22/07/2026,3,CO1,QSEB_VI OB 3,QSE_ FILLING POINT DUMP,3.28
EX005,22/07/2026,3,CO1,QSEB_VI OB 3,QSE_FILLING POINT DUMP 2,2.65
EX005,22/07/2026,3,OB,QSEB_VI OB 3,QSE_ FILLING POINT DUMP,3.77
EX005,22/07/2026,3,OB,QSEB_VI OB 3,QSE_FILLING POINT DUMP 2,7.00
EX005,22/07/2026,3,OB,RAM SETU COAL STOCK,QSE_ FILLING POINT DUMP,3.23
EX006,22/07/2026,3,OBS,QAB_X OB Fire area,QAB_FRS DUMP NEW,3.81
EX007,22/07/2026,3,CO1,QSEB_VI OB 3,BELT LINE COAL STOCK,3.45
EX007,22/07/2026,3,OB,QSE-X OB2,QSE_ FILLING POINT DUMP,3.34
EX007,22/07/2026,3,OB,QSEB_VI OB 3,QSE_ FILLING POINT DUMP,3.14
EX008,22/07/2026,3,OB,QSE-X OB2,QSE_ FILLING POINT DUMP,5.31
EX008,22/07/2026,3,OB,QSE-X OB2,QSE_FILLING POINT DUMP 2,2.35
EX009,22/07/2026,3,CO1,QAB_X OB 2 NEW,QAB LMV1,3.32
EX009,22/07/2026,3,CO1,QAB_X OB 2 NEW,QAB_V OB INPIT DUMP,4.73
EX009,22/07/2026,3,MXC,QAB_X OB 2 NEW,MD_COAL STOCK,3.35
EX009,22/07/2026,3,MXC,QAB_X OB 2 NEW,PCP-III,4.87
EX009,22/07/2026,3,MXC,QAB_X/IX/VIII Firey Seam,PCP-III,4.38
EX009,22/07/2026,3,OBS,QAB_X OB 2 NEW,QAB_BANJEE DUMP,7.81
EX012,22/07/2026,3,CO1,QAB_X/IX/VIII Firey Seam,PCP-III,5.72
EX012,22/07/2026,3,CO1,QAB_X/IX/VIII Firey Seam,QAB LMV1,5.95
EX012,22/07/2026,3,OBS,QAB_X OB 2 NEW,QAB_BANJEE DUMP,4.11
EX012,22/07/2026,3,OBS,QAB_X OB Fire area,QAB_BANJEE DUMP,2.66
EX012,22/07/2026,3,OBS,QAB_X/IX/VIII Firey Seam,QAB_BANJEE DUMP,4.54
EX012,22/07/2026,3,OBS,QAB_X/IX/VIII Firey Seam,QAB_FIRE DUMP UPPER,8.07
PL004,22/07/2026,3,CO1,ACD COAL STOCK,ACD COAL STOCK,0.00
PL004,22/07/2026,3,CO1,ACD COAL STOCK,NEW CHP,4.34
PL004,22/07/2026,3,CO1,BELT LINE COAL STOCK,ACD COAL STOCK,0.00
PL004,22/07/2026,3,CO1,BELT LINE COAL STOCK,NEW CHP,4.11
PL2K05,22/07/2026,3,CO1,SCC-C STOCK,Banjee Upper Stock,2.89
PL2K05,22/07/2026,3,CO1,SCC-C STOCK,PCP-III,4.61
PL2K05,22/07/2026,3,OB,SCC-C STOCK,QAB_BANJEE DUMP,4.54
PL2K06,22/07/2026,3,CO1,MD_COAL STOCK,PCP-III,8.80
PL2K06,22/07/2026,3,CO1,QAB_HANGER STOCK 1,PCP-III,1.15
PL2K06,22/07/2026,3,CO1,QAB_HANGER STOCK 1,QAB_HANGER STOCK 1,0.36
PL2K06,22/07/2026,3,CO1,SCC-C STOCK,Banjee Upper Stock,4.44
PL2K06,22/07/2026,3,OB,SCC-C STOCK,QAB_BANJEE DUMP,2.71
EX0009,23/07/2026,1,CO1,QAB_X OB Fire area,PCP-III,5.38
EX0009,23/07/2026,1,CO1,QAB_X OB Fire area,QAB LMV1,6.11
EX0009,23/07/2026,1,CO1,QAB_X OB Fire area,QAB_HANGER STOCK 1,5.32
EX0009,23/07/2026,1,MXC,QAB_X OB Fire area,PCP-III,3.44
EX0009,23/07/2026,1,MXC,QAB_X OB Fire area,QAB LMV1,3.41
EX001,23/07/2026,1,OB,QSEXOB1,AIR STRIP OB DUMP II,5.98
EX001,23/07/2026,1,OB,QSEXOB1,QSE LOWER MASJID DUMP,2.25
EX0010,23/07/2026,1,CO1,QSE-X OB2,QSE LOWER MIDDLE DUMP,4.22
EX0010,23/07/2026,1,OB,QSE-X OB2,QSE_ FILLING POINT DUMP,5.24
EX0010,23/07/2026,1,OB,QSE-X OB2,QSE_VIEW POINT DUMP,4.27
EX0010,23/07/2026,1,OBS,QSE-X OB2,QSE_FILLING POINT DUMP 2,1.68
EX0011,23/07/2026,1,CO1,QSEB_VI OB 3,QSE LOWER MIDDLE DUMP,3.45
EX0011,23/07/2026,1,OB,QSEB_VI OB 3,QSE_ FILLING POINT DUMP,4.00
EX0011,23/07/2026,1,OB,QSEB_VI OB 3,QSE_FILLING POINT DUMP 2,2.06
EX0011,23/07/2026,1,OB,QSEB_VI OB 3,QSE_VIEW POINT DUMP,2.99
EX003,23/07/2026,1,CO1,QAB_VI A OB/COAL,PCP-III,4.37
EX003,23/07/2026,1,CO1,QAB_VII COAL HW PAD,COAL _STOCK_DFP,3.76
EX003,23/07/2026,1,CO1,QAB_VII COAL HW PAD,MD_COAL STOCK,3.98
EX003,23/07/2026,1,CO1,QAB_VII COAL HW PAD,PCP-III,5.16
EX004,23/07/2026,1,MXC,QAB_X OB Fire area,QAB LMV1,5.18
EX004,23/07/2026,1,OB,QAB_X OB Fire area,QAB_BANJEE DUMP,4.24
EX004,23/07/2026,1,OBS,QAB_X OB Fire area,QAB_FRS DUMP NEW,3.92
EX005,23/07/2026,1,CO1,QSEB_VI OB 3,,1.54
EX005,23/07/2026,1,CO1,QSEB_VI OB 3,BELT LINE COAL STOCK,4.94
EX005,23/07/2026,1,CO1,QSEB_VI OB 3,QSE LOWER MIDDLE DUMP,3.21
EX005,23/07/2026,1,CO1,QSEB_VI OB 3,QSE_ FILLING POINT DUMP,3.25
EX005,23/07/2026,1,CO1,QSEB_VI OB 3,QSE_FILLING POINT DUMP 2,8.51
EX005,23/07/2026,1,OB,QSEB_VI OB 3,QSE_ FILLING POINT DUMP,3.99
EX005,23/07/2026,1,OB,QSEB_VI OB 3,QSE_FILLING POINT DUMP 2,2.70
EX007,23/07/2026,1,CO1,QSEB_VI OB 3,BELT LINE COAL STOCK,5.13
EX007,23/07/2026,1,OB,QSEB_VI OB 3,QSE_ FILLING POINT DUMP,3.79
EX007,23/07/2026,1,OB,QSEB_VI OB 3,QSE_FILLING POINT DUMP 2,3.18
EX008,23/07/2026,1,OB,QSE-VIII OB/Coal,QSE_FILLING POINT DUMP 2,1.50
EX008,23/07/2026,1,OB,QSE-X OB2,QSE_ FILLING POINT DUMP,5.56
EX009,23/07/2026,1,CO1,QAB_X OB 2 NEW,QAB LMV1,3.36
EX009,23/07/2026,1,MXC,QAB_X OB 2 NEW,PCP-III,4.57
EX009,23/07/2026,1,MXC,QAB_X/IX/VIII Firey Seam,PCP-III,3.82
EX009,23/07/2026,1,OBS,QAB_X OB 2 NEW,QAB_FIRE DUMP UPPER,4.80
EX012,23/07/2026,1,CO1,QAB_X OB 2 NEW,QAB LMV1,3.07
EX012,23/07/2026,1,CO1,QAB_X/IX/VIII Firey Seam,QAB LMV1,3.89
EX012,23/07/2026,1,MXC,QAB_X OB 2 NEW,PCP-III,7.63
EX012,23/07/2026,1,MXC,QAB_X/IX/VIII Firey Seam,PCP-III,4.60
EX012,23/07/2026,1,OBS,QAB_X/IX/VIII Firey Seam,QAB_FIRE DUMP UPPER,2.19
PL004,23/07/2026,1,CO1,ACD COAL STOCK,NEW CHP,4.88
PL2K06,23/07/2026,1,CO1,QAB LMV1,PCP-III,4.24
PL2K06,23/07/2026,1,OB,QAB LMV1,QAB LMV1,0.12
EX0009,23/07/2026,2,CO1,QAB_X OB 2 NEW,QAB LMV1,4.66
EX0009,23/07/2026,2,CO1,QAB_X OB Fire area,QAB LMV1,6.51
EX0009,23/07/2026,2,MXC,QAB_X OB 2 NEW,PCP-III,1.71
EX0009,23/07/2026,2,MXC,QAB_X OB 2 NEW,QAB LMV1,3.48
EX0009,23/07/2026,2,MXC,QAB_X OB Fire area,QAB LMV1,3.52
EX0009,23/07/2026,2,MXC,QAB_X OB Fire area,QAB_FRS DUMP NEW,3.50
EX001,23/07/2026,2,CO1,QSEXOB1,ASH POND COAL STOCK,2.99
EX001,23/07/2026,2,OB,QSEXOB1,AIR STRIP DUMP 1,5.81
EX001,23/07/2026,2,OB,QSEXOB1,AIR STRIP OB DUMP II,3.04
EX001,23/07/2026,2,OB,QSEXOB1,QSE LOWER MASJID DUMP,2.62
EX0010,23/07/2026,2,OB,QSE-X OB2,QSE_ FILLING POINT DUMP,5.29
EX0010,23/07/2026,2,OBS,QSE-X OB2,QSE_FILLING POINT DUMP 2,0.00
EX0011,23/07/2026,2,OB,QSEB_VI OB 3,QSE_ FILLING POINT DUMP,3.85
EX0011,23/07/2026,2,OB,QSEB_VI OB 3,QSE_FILLING POINT DUMP 2,2.66
EX003,23/07/2026,2,CO1,QAB_VII COAL HW PAD,QAB_FRS DUMP NEW,4.27
EX003,23/07/2026,2,CO1,QAB_VII COAL HW PAD,QAB_TYCOON DUMP,4.69
EX004,23/07/2026,2,OBS,QAB_X OB Fire area,QAB_FRS DUMP NEW,4.50
EX005,23/07/2026,2,OB,QSEB_VI OB 3,QSE_ FILLING POINT DUMP,3.81
EX005,23/07/2026,2,OB,QSEB_VI OB 3,QSE_FILLING POINT DUMP 2,3.30
EX006,23/07/2026,2,OBS,QAB_X OB Fire area,QAB_FRS DUMP NEW,3.82
EX007,23/07/2026,2,CO1,QSE-X OB2,BELT LINE COAL STOCK,7.89
EX007,23/07/2026,2,CO1,QSE-X OB2,NEW CHP,8.39
EX008,23/07/2026,2,OB,QSE-VIII OB/Coal,QSE_ FILLING POINT DUMP,5.42
EX008,23/07/2026,2,OB,QSE-VIII OB/Coal,QSE_FILLING POINT DUMP 2,3.65
EX009,23/07/2026,2,MXC,QAB_X OB 2 NEW,PCP-III,3.79
EX009,23/07/2026,2,MXC,QAB_X/IX/VIII Firey Seam,PCP-III,5.37
EX009,23/07/2026,2,MXC,QAB_X/IX/VIII Firey Seam,QAB_FRS DUMP NEW,5.05
EX009,23/07/2026,2,OBS,QAB_X/IX/VIII Firey Seam,QAB_FIRE DUMP UPPER,4.03
EX012,23/07/2026,2,CO1,QAB_X OB 2 NEW,QAB LMV1,6.10
EX012,23/07/2026,2,MXC,QAB_X OB 2 NEW,PCP-III,4.52
PL004,23/07/2026,2,CO1,ACD COAL STOCK,NEW CHP,7.98
PL004,23/07/2026,2,CO1,BELT LINE COAL STOCK,BELT LINE COAL STOCK,4.48
PL004,23/07/2026,2,OB,BELT LINE COAL STOCK,QSE_ FILLING POINT DUMP,2.45
PL004,23/07/2026,2,OB,BELT LINE COAL STOCK,QSE_FILLING POINT DUMP 2,2.78
PL2K05,23/07/2026,2,CO1,Banjee Upper Stock,Banjee Upper Stock,0.00
PL2K05,23/07/2026,2,CO1,Banjee Upper Stock,PCP-III,4.60
EX0009,23/07/2026,3,MXC,QAB_X OB Fire area,QAB_FRS DUMP NEW,5.71
EX0009,23/07/2026,3,OB,QAB_X OB Fire area,QAB_TYCOON DUMP,3.94
EX001,23/07/2026,3,OB,QSEXOB1,AIR STRIP OB DUMP II,1.29
EX001,23/07/2026,3,OB,QSEXOB1,QSE LOWER MASJID DUMP,2.83
EX001,23/07/2026,3,OB,QSEXOB1,QSE_MASJID DUMP,3.00
EX0011,23/07/2026,3,OB,QSEB_VI OB 3,QSE_ FILLING POINT DUMP,4.55
EX0011,23/07/2026,3,OB,QSEB_VI OB 3,QSE_FILLING POINT DUMP 2,2.87
EX003,23/07/2026,3,CO1,QAB_FIRE AREA SEC A,PCP-III,4.60
EX003,23/07/2026,3,CO1,QAB_FIRE AREA SEC A,QAB_FRS DUMP NEW,4.51
EX003,23/07/2026,3,CO1,QAB_VI A OB/COAL,MD_COAL STOCK,1.67
EX003,23/07/2026,3,CO1,QAB_VI A OB/COAL,PCP-III,5.18
EX003,23/07/2026,3,CO1,QAB_VII COAL HW PAD,PCP-III,3.64
EX004,23/07/2026,3,CO1,QAB_X OB Fire area,QAB LMV1,3.28
EX004,23/07/2026,3,CO1,QAB_X OB Fire area,QAB_HANGER STOCK 1,3.11
EX004,23/07/2026,3,MXC,QAB_X OB Fire area,PCP-III,4.71
EX004,23/07/2026,3,MXC,QAB_X/IX/VIII Firey Seam,QAB_FRS DUMP NEW,6.00
EX004,23/07/2026,3,OBS,QAB_X OB Fire area,QAB_FRS DUMP NEW,6.24
EX005,23/07/2026,3,OB,QSEB_VI OB 3,QSE_ FILLING POINT DUMP,3.97
EX005,23/07/2026,3,OB,QSEB_VI OB 3,QSE_FILLING POINT DUMP 2,3.42
EX006,23/07/2026,3,CO1,QAB_X OB Fire area,QAB_FRS DUMP NEW,5.36
EX006,23/07/2026,3,OBS,QAB_X OB Fire area,QAB_FRS DUMP NEW,4.15
EX007,23/07/2026,3,CO1,QSE-X OB2,BELT LINE COAL STOCK,8.34
EX007,23/07/2026,3,CO1,QSE-X OB2,NEW CHP,8.41
EX008,23/07/2026,3,CO1,QSE-VIII OB/Coal,QSE_FILLING POINT DUMP 2,2.47
EX008,23/07/2026,3,OB,QSE-VIII OB/Coal,QSE_ FILLING POINT DUMP,5.74
EX008,23/07/2026,3,OB,QSE-VIII OB/Coal,QSE_FILLING POINT DUMP 2,2.61
EX012,23/07/2026,3,CO1,QAB_X OB 2 NEW,QAB LMV1,2.91
EX012,23/07/2026,3,CO1,QAB_X/IX/VIII Firey Seam,QAB LMV1,2.94
EX012,23/07/2026,3,CO1,QAB_X/IX/VIII Firey Seam,QAB_HANGER STOCK 1,8.70
EX012,23/07/2026,3,MXC,QAB_X OB 2 NEW,PCP-III,4.65
EX012,23/07/2026,3,MXC,QAB_X/IX/VIII Firey Seam,PCP-III,4.52
EX012,23/07/2026,3,OBS,QAB_X/IX/VIII Firey Seam,QAB_FIRE DUMP UPPER,3.22
PL004,23/07/2026,3,CO1,BELT LINE COAL STOCK,NEW CHP,2.36
PL004,23/07/2026,3,OB,QSEXOB1,AIR STRIP DUMP 1,2.31
PL004,23/07/2026,3,OB,QSEXOB1,AIR STRIP OB DUMP II,1.87
PL004,23/07/2026,3,OB,QSEXOB1,QSE LOWER MASJID DUMP,1.78
PL004,23/07/2026,3,OB,QSEXOB1,QSE_MASJID DUMP,2.14
PL2K05,23/07/2026,3,CO1,Banjee Upper Stock,PCP-III,4.65
EX0009,24/07/2026,1,OB,QAB_X OB Fire area,QAB_TYCOON DUMP,5.76
EX0009,24/07/2026,1,OBS,QAB_X OB Fire area,QAB_FRS DUMP NEW,4.57
EX001,24/07/2026,1,CO1,QSEXOB1,ASH POND COAL STOCK,1.95
EX001,24/07/2026,1,OB,QSEXOB1,AIR STRIP OB DUMP II,2.21
EX001,24/07/2026,1,OB,QSEXOB1,QSE LOWER MASJID DUMP,2.19
EX001,24/07/2026,1,OB,QSEXOB1,QSE_MASJID DUMP,0.55
EX0010,24/07/2026,1,OB,QSE-X OB2,QSE_ FILLING POINT DUMP,5.17
EX0010,24/07/2026,1,OBS,QSE-X OB2,QSE_FILLING POINT DUMP 2,5.99
EX003,24/07/2026,1,CO1,QAB_VII COAL HW PAD,MD_COAL STOCK,4.19
EX004,24/07/2026,1,CO1,QAB_X OB Fire area,QAB LMV1,4.18
EX004,24/07/2026,1,CO1,QAB_X OB Fire area,QAB_HANGER STOCK 1,4.98
EX004,24/07/2026,1,MXC,QAB_X OB Fire area,PCP-III,5.00
EX004,24/07/2026,1,OB,QAB_X OB Fire area,QAB_BANJEE DUMP,3.23
EX005,24/07/2026,1,CO1,QSEB_VI OB 3,BELT LINE COAL STOCK,7.48
EX005,24/07/2026,1,CO1,QSEB_VI OB 3,NEW CHP,6.94
EX005,24/07/2026,1,OB,QSEB_VI OB 3,QSE_ FILLING POINT DUMP,6.40
EX005,24/07/2026,1,OB,QSEB_VI OB 3,QSE_FILLING POINT DUMP 2,1.78
EX006,24/07/2026,1,OBS,QAB_X OB Fire area,QAB_FRS DUMP NEW,4.24
EX007,24/07/2026,1,CO1,QSE-X OB2,BELT LINE COAL STOCK,7.14
EX007,24/07/2026,1,CO1,QSE-X OB2,NEW CHP,9.56
EX007,24/07/2026,1,MXC,QSE-X OB2,BELT LINE COAL STOCK,7.93
EX007,24/07/2026,1,MXC,QSE_X OB IV 2,BELT LINE COAL STOCK,7.42
EX007,24/07/2026,1,OB,QSE_X OB IV 2,QSE_ FILLING POINT DUMP,6.76
EX008,24/07/2026,1,CO1,QSE-VIII OB/Coal,BELT LINE COAL STOCK,8.83
EX008,24/07/2026,1,CO1,QSE-VIII OB/Coal,SANJAY VAN STOCK,12.59
EX008,24/07/2026,1,OB,QSE-VIII OB/Coal,QSE_ FILLING POINT DUMP,5.53
EX008,24/07/2026,1,OB,QSE-VIII OB/Coal,QSE_FILLING POINT DUMP 2,3.56
EX008,24/07/2026,1,OB,QSE-X OB2,QSE_ FILLING POINT DUMP,4.84
EX008,24/07/2026,1,OB,QSE-X OB2,QSE_FILLING POINT DUMP 2,2.31
EX012,24/07/2026,1,MXC,QAB_X OB 2 NEW,PCP-III,5.08
EX012,24/07/2026,1,MXC,QAB_X/IX/VIII Firey Seam,PCP-III,4.48
EX012,24/07/2026,1,OB,QAB_X OB 2 NEW,QAB_BANJEE DUMP,4.57
EX012,24/07/2026,1,OB,QAB_X/IX/VIII Firey Seam,QAB_BANJEE DUMP,5.14
PL004,24/07/2026,1,CO1,QSEXOB1,NEW CHP,1.44
PL004,24/07/2026,1,OB,QSEXOB1,AIR STRIP DUMP 1,1.41
PL004,24/07/2026,1,OB,QSEXOB1,AIR STRIP OB DUMP II,4.58
PL004,24/07/2026,1,OB,QSEXOB1,QSE LOWER MASJID DUMP,2.36
PL004,24/07/2026,1,OB,QSEXOB1,QSE_MASJID DUMP,1.53
PL2K05,24/07/2026,1,CO1,Banjee Upper Stock,PCP-III,9.17
PL2K05,24/07/2026,1,CO1,QAB_HANGER STOCK 1,PCP-III,0.62
PL2K05,24/07/2026,1,CO1,QAB_HANGER STOCK 1,QAB_HANGER STOCK 1,0.00
PL2K06,24/07/2026,1,CO1,QAB LMV1,COAL _STOCK_DFP,14.04
PL2K06,24/07/2026,1,CO1,QAB LMV1,PCP-III,4.51
PL2K06,24/07/2026,1,CO1,QAB LMV1,QAB LMV1,4.07
EX0009,24/07/2026,2,OBS,QAB_X OB Fire area,QAB_FRS DUMP NEW,6.00
EX001,24/07/2026,2,CO1,SANJAY VAN STOCK,QSE LOWER MASJID DUMP,2.19
EX001,24/07/2026,2,OB,QSEXOB1,AIR STRIP OB DUMP II,1.41
EX001,24/07/2026,2,OB,QSEXOB1,QSE LOWER MASJID DUMP,2.25
EX0010,24/07/2026,2,OB,QSE-X OB2,QSE_ FILLING POINT DUMP,4.91
EX0010,24/07/2026,2,OBS,QSE-X OB2,QSE_FILLING POINT DUMP 2,3.58
EX0011,24/07/2026,2,CO1,QSEB_VI OB 3,QSE_ FILLING POINT DUMP,3.40
EX003,24/07/2026,2,CO1,QAB_VII COAL HW PAD,MD_COAL STOCK,4.14
EX003,24/07/2026,2,CO1,QAB_VII COAL HW PAD,PCP-III,5.45
EX004,24/07/2026,2,CO1,QAB_X OB Fire area,QAB LMV1,4.19
EX004,24/07/2026,2,CO1,QAB_X OB Fire area,QAB_HANGER STOCK 1,4.42
EX004,24/07/2026,2,MXC,QAB_X OB Fire area,PCP-III,4.37
EX004,24/07/2026,2,OB,QAB_X OB Fire area,QAB_BANJEE DUMP,3.45
EX004,24/07/2026,2,OB,QAB_X OB Fire area,QAB_FRS DUMP NEW,3.82
EX005,24/07/2026,2,CO1,QSEB_VI OB 3,NEW CHP,3.77
EX005,24/07/2026,2,CO1,QSEB_VI OB 3,RAM SETU COAL STOCK,2.22
EX005,24/07/2026,2,OB,QSEB_VI OB 3,QSE_ FILLING POINT DUMP,3.73
EX005,24/07/2026,2,OB,QSEB_VI OB 3,QSE_FILLING POINT DUMP 2,2.22
EX005,24/07/2026,2,OB,QSEB_VI OB 3,RAM SETU DUMP,1.30
EX006,24/07/2026,2,OBS,QAB_X OB Fire area,QAB_FRS DUMP NEW,3.15
EX007,24/07/2026,2,CO1,QSEB_VI OB 3,BELT LINE COAL STOCK,2.61
EX007,24/07/2026,2,CO1,QSEB_VI OB 3,NEW CHP,8.07
EX007,24/07/2026,2,OB,QSEB_VI OB 3,QSE_ FILLING POINT DUMP,3.96
EX007,24/07/2026,2,OB,QSEB_VI OB 3,QSE_FILLING POINT DUMP 2,2.69
EX007,24/07/2026,2,OB,QSEB_VI OB 3,QSE_VIEW POINT DUMP,3.23
EX008,24/07/2026,2,OB,QSE-X OB2,QSE_ FILLING POINT DUMP,5.19
EX008,24/07/2026,2,OB,QSE-X OB2,QSE_FILLING POINT DUMP 2,4.07
EX009,24/07/2026,2,MXC,QAB_X OB 2 NEW,QAB_FRS DUMP NEW,4.58
EX009,24/07/2026,2,MXC,QAB_X OB Fire area,QAB_FRS DUMP NEW,4.93
EX009,24/07/2026,2,MXC,QAB_X/IX/VIII Firey Seam,QAB_FRS DUMP NEW,4.56
EX012,24/07/2026,2,MXC,QAB_X OB 2 NEW,PCP-III,5.87
EX012,24/07/2026,2,OB,QAB_X OB 2 NEW,QAB_FRS DUMP NEW,4.04
EX012,24/07/2026,2,OB,QAB_X OB Fire area,QAB_FRS DUMP NEW,3.62
EX012,24/07/2026,2,OB,QAB_X/IX/VIII Firey Seam,QAB_FRS DUMP NEW,3.84
PL004,24/07/2026,2,CO1,QSEB_VI OB 3,BELT LINE COAL STOCK,7.34
PL004,24/07/2026,2,CO1,QSEB_VI OB 3,NEW CHP,7.34
PL004,24/07/2026,2,CO1,QSEXOB1,NEW CHP,1.56
PL2K06,24/07/2026,2,CO1,MD_COAL STOCK,MD_COAL STOCK,1.07
PL2K06,24/07/2026,2,CO1,MD_COAL STOCK,PCP-III,1.44
PL2K06,24/07/2026,2,CO1,MD_COAL STOCK,QAB_HANGER STOCK 1,1.58
PL2K06,24/07/2026,2,CO1,QAB LMV1,PCP-III,4.09
EX0009,24/07/2026,3,OBS,QAB_X OB Fire area,QAB_FRS DUMP NEW,3.89
EX001,24/07/2026,3,OB,QSEXOB1,QSE LOWER MASJID DUMP,2.20
EX0010,24/07/2026,3,OB,QSE-X OB2,QSE_ FILLING POINT DUMP,4.63
EX0011,24/07/2026,3,OB,QSE_VII OB 2,QSE_ FILLING POINT DUMP,4.38
EX0011,24/07/2026,3,OB,QSE_VII OB 2,QSE_FILLING POINT DUMP 2,3.03
EX0011,24/07/2026,3,OB,QSEB_VI OB 3,QSE_ FILLING POINT DUMP,4.00
EX0011,24/07/2026,3,OB,QSEB_VI OB 3,QSE_FILLING POINT DUMP 2,2.94
EX004,24/07/2026,3,OB,QAB_X OB Fire area,QAB_FRS DUMP NEW,4.55
EX005,24/07/2026,3,OB,QSE_VII OB 2,QSE_ FILLING POINT DUMP,3.91
EX005,24/07/2026,3,OB,QSE_VII OB 2,QSE_FILLING POINT DUMP 2,4.01
EX005,24/07/2026,3,OB,QSEB_VI OB 3,QSE_ FILLING POINT DUMP,3.69
EX005,24/07/2026,3,OB,QSEB_VI OB 3,QSE_FILLING POINT DUMP 2,2.82
EX006,24/07/2026,3,OBS,QAB_X OB Fire area,QAB_FRS DUMP NEW,3.18
EX007,24/07/2026,3,CO1,QSE_VII OB 2,RAM SETU COAL STOCK,1.54
EX007,24/07/2026,3,CO1,QSEB_VI OB 3,QSE_ FILLING POINT DUMP,8.46
EX007,24/07/2026,3,OB,QSE_VII OB 2,QSE_ FILLING POINT DUMP,3.02
EX007,24/07/2026,3,OB,QSE_VII OB 2,QSE_FILLING POINT DUMP 2,1.32
EX007,24/07/2026,3,OB,QSEB_VI OB 3,QSE_ FILLING POINT DUMP,4.43
EX007,24/07/2026,3,OB,RAM SETU COAL STOCK,QSE_ FILLING POINT DUMP,3.23
EX008,24/07/2026,3,OB,QSE-X OB2,QSE_ FILLING POINT DUMP,4.97
EX008,24/07/2026,3,OB,QSE-X OB2,QSE_FILLING POINT DUMP 2,2.99
EX009,24/07/2026,3,MXC,QAB_X OB Fire area,QAB_FRS DUMP NEW,4.25
EX009,24/07/2026,3,MXC,QAB_X/IX/VIII Firey Seam,QAB_FRS DUMP NEW,3.85
EX012,24/07/2026,3,OB,QAB_X OB 2 NEW,QAB_FRS DUMP NEW,6.21
EX012,24/07/2026,3,OB,QAB_X/IX/VIII Firey Seam,QAB_FRS DUMP NEW,4.21
PL004,24/07/2026,3,CO1,QSE_VII OB 2,NEW CHP,6.72
PL004,24/07/2026,3,CO1,QSEB_VI OB 3,NEW CHP,7.47
PL004,24/07/2026,3,OB,QSEB_VI OB 3,QSE_ FILLING POINT DUMP,6.38
PL2K05,24/07/2026,3,CO1,QAB_HANGER STOCK 1,PCP-III,3.96
PL2K05,24/07/2026,3,CO1,QAB_HANGER STOCK 1,QAB LMV1,2.73
PL2K06,24/07/2026,3,CO1,COAL _STOCK_DFP,PCP-III,2.44
EX0009,25/07/2026,1,OBS,QAB_X OB Fire area,QAB_FRS DUMP NEW,3.85
EX001,25/07/2026,1,OB,QSEXOB1,AIR STRIP DUMP 1,0.00
EX001,25/07/2026,1,OB,QSEXOB1,AIR STRIP OB DUMP II,2.50
EX001,25/07/2026,1,OB,QSEXOB1,QSE LOWER MASJID DUMP,3.06
EX0010,25/07/2026,1,OB,QSE-X OB2,QSE_ FILLING POINT DUMP,4.75
EX0010,25/07/2026,1,OBS,QSE-X OB2,QSE_FILLING POINT DUMP 2,3.16
EX0011,25/07/2026,1,OB,QSE_VII OB 2,QSE_ FILLING POINT DUMP,3.54
EX0011,25/07/2026,1,OB,QSEB_VI OB 3,QSE_ FILLING POINT DUMP,3.75
EX0011,25/07/2026,1,OB,QSEB_VI OB 3,QSE_FILLING POINT DUMP 2,3.15
EX004,25/07/2026,1,CO1,QAB_X OB Fire area,PCP-III,5.61
EX004,25/07/2026,1,MXC,QAB_X OB Fire area,QAB LMV1,4.07
EX004,25/07/2026,1,OB,QAB_X OB Fire area,QAB_BANJEE DUMP,3.72
EX005,25/07/2026,1,CO1,QSE_VII OB 2,BELT LINE COAL STOCK,7.23
EX005,25/07/2026,1,CO1,QSE_VII OB 2,NEW CHP,7.39
EX005,25/07/2026,1,OB,QSE_VII OB 2,QSE LOWER MASJID DUMP,0.63
EX005,25/07/2026,1,OB,QSE_VII OB 2,QSE_ FILLING POINT DUMP,4.46
EX005,25/07/2026,1,OB,QSEB_VI OB 3,QSE_ FILLING POINT DUMP,3.61
EX006,25/07/2026,1,OBS,QAB_X OB Fire area,QAB_FRS DUMP NEW,3.55
EX007,25/07/2026,1,OB,QSE_VII OB 2,QSE_ FILLING POINT DUMP,5.70
EX008,25/07/2026,1,OB,QSE-X OB2,QSE_ FILLING POINT DUMP,5.89
EX008,25/07/2026,1,OB,QSE-X OB2,QSE_FILLING POINT DUMP 2,0.96
EX009,25/07/2026,1,MXC,QAB_X OB 2 NEW,QAB_FRS DUMP NEW,4.30
PL003,25/07/2026,1,OB,ACD COAL STOCK,AIR STRIP OB DUMP II,7.09
PL003,25/07/2026,1,OB,QSE-X OB1 Air strip,AIR STRIP OB DUMP II,1.53
PL003,25/07/2026,1,OB,QSE-X OB1 Air strip,QSE LOWER MASJID DUMP,2.73
PL004,25/07/2026,1,CO1,QSE_VII OB 2,NEW CHP,7.97
PL004,25/07/2026,1,OB,QSE_VII OB 2,AIR STRIP OB DUMP II,1.20
PL004,25/07/2026,1,OB,QSE_VII OB 2,QSE LOWER MASJID DUMP,2.10
PL004,25/07/2026,1,OB,QSE_VII OB 2,QSE_ FILLING POINT DUMP,3.66
PL004,25/07/2026,1,OB,QSE_VII OB 2,QSE_FILLING POINT DUMP 2,1.83
PL004,25/07/2026,1,OB,QSE_VII OB 2,TAILING YARD STOCK,1.78
PL2K05,25/07/2026,1,CO1,QAB_HANGER STOCK 1,PCP-III,2.26
PL2K06,25/07/2026,1,CO1,QAB LMV1,PCP-III,3.99
EX0009,25/07/2026,2,OBS,QAB_X OB Fire area,QAB_FRS DUMP NEW,3.30
EX001,25/07/2026,2,OB,QSEXOB1,AIR STRIP OB DUMP II,1.65
EX001,25/07/2026,2,OB,QSEXOB1,QSE LOWER MASJID DUMP,1.88
EX0010,25/07/2026,2,OB,QSE_VII OB 2,QSE_ FILLING POINT DUMP,3.78
EX0010,25/07/2026,2,OBS,QSE_VII OB 2,QSE_FILLING POINT DUMP 2,2.80
EX0011,25/07/2026,2,OB,QSE-X OB2,QSE_ FILLING POINT DUMP,3.62
EX0011,25/07/2026,2,OB,QSE-X OB2,QSE_FILLING POINT DUMP 2,3.11
EX0011,25/07/2026,2,OB,QSE_VII OB 2,QSE_ FILLING POINT DUMP,5.49
EX0011,25/07/2026,2,OB,QSEB_VI OB 3,QSE_ FILLING POINT DUMP,3.99
EX0011,25/07/2026,2,OB,QSEB_VI OB 3,QSE_FILLING POINT DUMP 2,2.83
EX004,25/07/2026,2,MXC,QAB_X OB Fire area,QAB LMV1,2.10
EX004,25/07/2026,2,OB,QAB_X OB Fire area,QAB_BANJEE DUMP,4.51
EX005,25/07/2026,2,CO1,QSE_VII OB 2,NEW CHP,7.76
EX005,25/07/2026,2,OB,QSE_VII OB 2,QSE_ FILLING POINT DUMP,4.68
EX005,25/07/2026,2,OB,QSE_VII OB 2,QSE_FILLING POINT DUMP 2,3.08
EX005,25/07/2026,2,OB,QSEB_VI OB 3,QSE_ FILLING POINT DUMP,3.53
EX006,25/07/2026,2,OBS,QAB_X OB Fire area,QAB_FRS DUMP NEW,3.63
EX007,25/07/2026,2,CO1,QSE_VII OB 2,QSE_FILLING POINT DUMP 2,2.22
EX007,25/07/2026,2,OB,QSE_VII OB 2,QSE_ FILLING POINT DUMP,3.32
EX007,25/07/2026,2,OB,RAM SETU COAL STOCK,QSE_ FILLING POINT DUMP,4.41
EX008,25/07/2026,2,OB,QSE-X OB2,QSE_FILLING POINT DUMP 2,1.08
EX009,25/07/2026,2,CO1,QAB_X OB 2 NEW,PCP-III,5.00
EX009,25/07/2026,2,MXC,QAB_X OB 2 NEW,QAB_FRS DUMP NEW,5.13
EX012,25/07/2026,2,OB,QAB_X OB 2 NEW,QAB_FRS DUMP NEW,4.53
PL003,25/07/2026,2,CO1,BELT LINE COAL STOCK,NEW CHP,1.85
PL003,25/07/2026,2,OB,QSE-X OB1 Air strip,AIR STRIP OB DUMP II,1.61
PL003,25/07/2026,2,OB,QSE-X OB1 Air strip,QSE LOWER MASJID DUMP,2.78
PL003,25/07/2026,2,OB,QSEXOB1,AIR STRIP OB DUMP II,1.55
PL003,25/07/2026,2,OB,QSEXOB1,QSE LOWER MASJID DUMP,1.81
PL004,25/07/2026,2,CO1,QSE_VII OB 2,NEW CHP,7.04
PL004,25/07/2026,2,OB,QSE_VII OB 2,QSE_ FILLING POINT DUMP,6.15
PL2K06,25/07/2026,2,CO1,QAB LMV1,PCP-III,4.24
EX0009,25/07/2026,3,OBS,QAB_X OB Fire area,QAB_FRS DUMP NEW,4.46
EX001,25/07/2026,3,OB,QSEXOB1,AIR STRIP OB DUMP II,1.40
EX001,25/07/2026,3,OB,QSEXOB1,QSE LOWER MASJID DUMP,1.78
EX0010,25/07/2026,3,CO1,QSE_VII OB 2,BELT LINE COAL STOCK,7.35
EX0010,25/07/2026,3,CO1,QSE_VII OB 2,NEW CHP,7.01
EX0010,25/07/2026,3,CO1,QSEB_VI OB 3,NEW CHP,7.26
EX0010,25/07/2026,3,OB,QSE_VII OB 2,QSE_ FILLING POINT DUMP,8.56
EX0011,25/07/2026,3,OB,QSE-X OB2,QSE_ FILLING POINT DUMP,4.15
EX0011,25/07/2026,3,OB,QSE-X OB2,QSE_FILLING POINT DUMP 2,2.62
EX0011,25/07/2026,3,OB,QSE_VII OB 2,QSE_ FILLING POINT DUMP,3.71
EX0011,25/07/2026,3,OB,QSEB_VI OB 3,QSE_ FILLING POINT DUMP,4.15
EX0011,25/07/2026,3,OB,QSEB_VI OB 3,QSE_FILLING POINT DUMP 2,2.97
EX004,25/07/2026,3,OB,QAB_X OB Fire area,QAB_BANJEE DUMP,6.58
EX004,25/07/2026,3,OBS,QAB_X OB Fire area,QAB_FRS DUMP NEW,4.29
EX005,25/07/2026,3,OB,QSE_VII OB 2,QSE_ FILLING POINT DUMP,3.47
EX005,25/07/2026,3,OB,QSEB_VI OB 3,QSE_ FILLING POINT DUMP,3.83
EX005,25/07/2026,3,OB,QSEB_VI OB 3,QSE_FILLING POINT DUMP 2,3.04
EX006,25/07/2026,3,OBS,QAB_X OB Fire area,QAB_FRS DUMP NEW,3.93
EX008,25/07/2026,3,OB,QSE-X OB2,QSE_FILLING POINT DUMP 2,1.30
EX009,25/07/2026,3,MXC,QAB_X OB 2 NEW,QAB_FRS DUMP NEW,4.30
EX012,25/07/2026,3,OB,QAB_X OB 2 NEW,QAB_FRS DUMP NEW,5.51
PL003,25/07/2026,3,CO1,BELT LINE COAL STOCK,,0.00
PL003,25/07/2026,3,CO1,BELT LINE COAL STOCK,NEW CHP,1.68
PL004,25/07/2026,3,CO1,QSE_VII OB 2,NEW CHP,7.31
PL004,25/07/2026,3,CO1,QSEB_VI OB 3,NEW CHP,7.16
PL004,25/07/2026,3,OB,QSE_VII OB 2,QSE_ FILLING POINT DUMP,3.59
PL2K05,25/07/2026,3,CO1,QAB_HANGER STOCK 1,PCP-III,0.69
PL2K06,25/07/2026,3,CO1,COAL _STOCK_DFP,PCP-III,2.47
PL2K06,25/07/2026,3,CO1,QAB LMV1,PCP-III,3.35
PL2K06,25/07/2026,3,CO1,QAB LMV1,QAB LMV1,2.15
EX0009,26/07/2026,1,OBS,QAB_X OB Fire area,QAB_FRS DUMP NEW,4.04
EX001,26/07/2026,1,OB,QSEXOB1,AIR STRIP DUMP 1,1.18
EX001,26/07/2026,1,OB,QSEXOB1,AIR STRIP OB DUMP II,1.83
EX001,26/07/2026,1,OB,QSEXOB1,QSE LOWER MASJID DUMP,1.84
EX001,26/07/2026,1,OB,QSEXOB1,QSE_ FILLING POINT DUMP,7.34
EX001,26/07/2026,1,OB,QSEXOB1,TAILING YARD STOCK,2.10
EX0010,26/07/2026,1,CO1,QSE_VII OB 2,NEW CHP,7.62
EX0010,26/07/2026,1,OB,QSE_VII OB 2,QSE_ FILLING POINT DUMP,4.48
EX0010,26/07/2026,1,OB,QSEB_VI OB 3,QSE_ FILLING POINT DUMP,4.01
EX0010,26/07/2026,1,OB,QSEB_VI OB 3,QSE_FILLING POINT DUMP 2,2.69
EX0011,26/07/2026,1,OB,QSE-X OB2,QSE_ FILLING POINT DUMP,3.74
EX0011,26/07/2026,1,OB,QSE-X OB2,QSE_FILLING POINT DUMP 2,1.56
EX0011,26/07/2026,1,OB,QSE_VII OB 2,QSE_ FILLING POINT DUMP,5.16
EX0011,26/07/2026,1,OB,QSEB_VI OB 3,QSE_ FILLING POINT DUMP,4.08
EX0011,26/07/2026,1,OB,QSEB_VI OB 3,QSE_FILLING POINT DUMP 2,4.87
EX003,26/07/2026,1,CO1,QAB_VII COAL HW PAD,PCP-III,3.40
EX004,26/07/2026,1,OBS,QAB_X OB Fire area,QAB_FRS DUMP NEW,3.87
EX005,26/07/2026,1,CO1,QSE_VII OB 2,NEW CHP,7.37
EX005,26/07/2026,1,CO1,QSEB_VI OB 3,NEW CHP,8.03
EX006,26/07/2026,1,OBS,QAB_X OB Fire area,QAB_FRS DUMP NEW,3.70
EX007,26/07/2026,1,CO1,QSE-X OB2,,3.01
EX007,26/07/2026,1,CO1,QSE-X OB2,QSE_ FILLING POINT DUMP,5.78
EX007,26/07/2026,1,OB,QSE-X OB2,QSE_ FILLING POINT DUMP,4.99
EX007,26/07/2026,1,OBS,QSE-X OB2,QSE_FILLING POINT DUMP 2,0.75
EX008,26/07/2026,1,OB,QSE-X OB2,QSE_ FILLING POINT DUMP,4.91
EX008,26/07/2026,1,OB,QSE-X OB2,QSE_FILLING POINT DUMP 2,1.78
EX009,26/07/2026,1,MXC,QAB_X OB 2 NEW,QAB_FRS DUMP NEW,5.02
EX009,26/07/2026,1,MXC,QAB_X/IX/VIII Firey Seam,QAB_FRS DUMP NEW,1.85
EX012,26/07/2026,1,OB,QAB_X OB 2 NEW,QAB_FRS DUMP NEW,4.78
EX012,26/07/2026,1,OB,QAB_X/IX/VIII Firey Seam,QAB_FRS DUMP NEW,3.16
PL003,26/07/2026,1,OB,QSEXOB1,AIR STRIP OB DUMP II,6.17
PL003,26/07/2026,1,OB,QSEXOB1,QSE LOWER MASJID DUMP,3.92
PL003,26/07/2026,1,OB,QSEXOB1,TAILING YARD STOCK,1.80
PL2K05,26/07/2026,1,CO1,QAB_HANGER STOCK 1,PCP-III,3.68
PL2K05,26/07/2026,1,OB,QAB_HANGER STOCK 1,QAB_BANJEE DUMP,3.54
PL2K06,26/07/2026,1,CO1,QAB LMV1,PCP-III,2.99
PL2K06,26/07/2026,1,CO1,QAB LMV1,QAB LMV1,2.73
PL2K06,26/07/2026,1,OB,QAB LMV1,QAB_BANJEE DUMP,2.13
EX001,26/07/2026,2,OB,QSEXOB1,AIR STRIP DUMP 1,0.55
EX001,26/07/2026,2,OB,QSEXOB1,AIR STRIP OB DUMP II,1.04
EX001,26/07/2026,2,OB,QSEXOB1,QSE LOWER MASJID DUMP,1.33
EX0011,26/07/2026,2,CO1,QSEB_VI OB 3,QSE LOWER MIDDLE DUMP,3.41
EX0011,26/07/2026,2,OB,QSE_VII OB 2,QSE_ FILLING POINT DUMP,4.14
EX0011,26/07/2026,2,OB,QSE_VII OB 2,QSE_FILLING POINT DUMP 2,5.08
EX0011,26/07/2026,2,OB,QSEB_VI OB 3,QSE_ FILLING POINT DUMP,4.01
EX0011,26/07/2026,2,OB,QSEB_VI OB 3,QSE_FILLING POINT DUMP 2,1.67
EX004,26/07/2026,2,OBS,QAB_X OB Fire area,QAB_FRS DUMP NEW,4.04
EX005,26/07/2026,2,CO1,QSE_VII OB 2,NEW CHP,0.97
EX005,26/07/2026,2,CO1,QSEB_VI OB 3,NEW CHP,1.83
EX005,26/07/2026,2,OB,QSE_VII OB 2,QSE_ FILLING POINT DUMP,4.57
EX005,26/07/2026,2,OB,QSEB_VI OB 3,QSE_ FILLING POINT DUMP,2.78
EX006,26/07/2026,2,OBS,QAB_X OB Fire area,QAB_FRS DUMP NEW,3.73
EX008,26/07/2026,2,CO1,QSE-X OB2,QSE LOWER MIDDLE DUMP,5.39
EX008,26/07/2026,2,OB,QSE-X OB2,QSE_ FILLING POINT DUMP,5.70
EX008,26/07/2026,2,OB,QSE-X OB2,QSE_FILLING POINT DUMP 2,3.40
EX009,26/07/2026,2,CO1,QAB_X/IX/VIII Firey Seam,COAL _STOCK_DFP,6.26
EX009,26/07/2026,2,MXC,QAB_X/IX/VIII Firey Seam,QAB_FRS DUMP NEW,7.05
EX009,26/07/2026,2,OB,QAB_X/IX/VIII Firey Seam,QAB_BANJEE DUMP,5.45
EX009,26/07/2026,2,OBS,QAB_X/IX/VIII Firey Seam,QAB_BANJEE DUMP,4.50
EX012,26/07/2026,2,CO1,QAB_X OB 2 NEW,COAL _STOCK_DFP,5.04
EX012,26/07/2026,2,CO1,QAB_X OB 2 NEW,PCP-III,6.53
EX012,26/07/2026,2,CO1,QAB_X OB 2 NEW,QAB LMV1,3.47
EX012,26/07/2026,2,CO1,QAB_X OB 2 NEW,QAB_HANGER STOCK 1,4.96
EX012,26/07/2026,2,OB,QAB_X OB 2 NEW,QAB_BANJEE DUMP,3.95
PL003,26/07/2026,2,CO1,QSE_VII OB 2,NEW CHP,7.68
PL003,26/07/2026,2,CO1,QSEB_VI OB 3,NEW CHP,7.38
PL2K06,26/07/2026,2,CO1,QAB_VII COAL HW PAD,PCP-III,4.69
PL2K06,26/07/2026,2,OB,QAB_VII COAL HW PAD,sec-c dump,1.24
EX0009,26/07/2026,3,OBS,QAB_X OB Fire area,QAB_FRS DUMP NEW,4.21
EX001,26/07/2026,3,OB,QSEXOB1,AIR STRIP DUMP 1,0.87
EX001,26/07/2026,3,OB,QSEXOB1,AIR STRIP OB DUMP II,1.14
EX001,26/07/2026,3,OB,QSEXOB1,QSE LOWER MASJID DUMP,1.82
EX0011,26/07/2026,3,CO1,QSEB_VI OB 3,QSE LOWER MIDDLE DUMP,3.35
EX0011,26/07/2026,3,OB,QSEB_VI OB 3,QSE_ FILLING POINT DUMP,2.91
EX0011,26/07/2026,3,OB,QSEB_VI OB 3,QSE_FILLING POINT DUMP 2,2.27
EX004,26/07/2026,3,OBS,QAB_X OB Fire area,QAB_FRS DUMP NEW,4.17
EX005,26/07/2026,3,CO1,QSE_VII OB 2,NEW CHP,5.73
EX005,26/07/2026,3,CO1,QSEB_VI OB 3,NEW CHP,6.86
EX005,26/07/2026,3,CO1,QSEB_VI OB 3,QSE LOWER MIDDLE DUMP,3.54
EX005,26/07/2026,3,OB,QSE_VII OB 2,QSE_ FILLING POINT DUMP,3.58
EX005,26/07/2026,3,OB,QSEB_VI OB 3,QSE_ FILLING POINT DUMP,2.83
EX006,26/07/2026,3,OBS,QAB_X OB Fire area,QAB_FRS DUMP NEW,4.16
EX007,26/07/2026,3,CO1,QSE_VII OB 2,NEW CHP,7.25
EX007,26/07/2026,3,CO1,QSE_VII OB 2,QSE LOWER MIDDLE DUMP,2.46
EX007,26/07/2026,3,OB,QSE_VII OB 2,QSE_ FILLING POINT DUMP,2.20
EX007,26/07/2026,3,OBS,QSE_VII OB 2,QSE_FILLING POINT DUMP 2,1.95
EX008,26/07/2026,3,CO1,QSE-X OB2,QSE LOWER MIDDLE DUMP,4.25
EX008,26/07/2026,3,OB,QSE-X OB2,QSE_ FILLING POINT DUMP,5.51
EX008,26/07/2026,3,OB,QSE-X OB2,QSE_FILLING POINT DUMP 2,3.12
EX009,26/07/2026,3,OBS,QAB_X/IX/VIII Firey Seam,QAB_BANJEE DUMP,6.30
EX012,26/07/2026,3,CO1,QAB_X OB 2 NEW,COAL _STOCK_DFP,4.02
EX012,26/07/2026,3,CO1,QAB_X OB 2 NEW,QAB LMV1,4.24
EX012,26/07/2026,3,CO1,QAB_X/IX/VIII Firey Seam,QAB_HANGER STOCK 1,7.20
EX012,26/07/2026,3,OB,QAB_X/IX/VIII Firey Seam,QAB_BANJEE DUMP,3.82
EX012,26/07/2026,3,OBS,QAB_X OB 2 NEW,QAB_FIRE DUMP UPPER,5.91
PL003,26/07/2026,3,CO1,QSE-X OB2,NEW CHP,3.68
PL003,26/07/2026,3,CO1,QSE_VII OB 2,NEW CHP,7.60
PL003,26/07/2026,3,CO1,QSEB_VI OB 3,NEW CHP,7.24
PL2K06,26/07/2026,3,CO1,COAL _STOCK_DFP,PCP-III,2.44
PL2K06,26/07/2026,3,CO1,QAB LMV1,PCP-III,3.24
PL2K06,26/07/2026,3,CO1,QAB LMV1,QAB LMV1,2.93
PL2K06,26/07/2026,3,CO1,QAB_VII COAL HW PAD,COAL _STOCK_DFP,0.00
PL2K06,26/07/2026,3,CO1,QAB_VII COAL HW PAD,PCP-III,4.24
EX0009,27/07/2026,1,OBS,QAB_X OB Fire area,QAB_FRS DUMP NEW,4.01
EX001,27/07/2026,1,OB,QSEXOB1,AIR STRIP DUMP 1,1.06
EX001,27/07/2026,1,OB,QSEXOB1,AIR STRIP OB DUMP II,1.22
EX001,27/07/2026,1,OB,QSEXOB1,QSE LOWER MASJID DUMP,2.25
EX001,27/07/2026,1,OB,QSEXOB1,TAILING YARD STOCK,4.40
EX0011,27/07/2026,1,CO1,QSEB_VI OB 3,RAM SETU COAL STOCK,1.22
EX0011,27/07/2026,1,OB,QSEB_VI OB 3,QSE_ FILLING POINT DUMP,3.40
EX0011,27/07/2026,1,OB,QSEB_VI OB 3,QSE_FILLING POINT DUMP 2,1.27
EX004,27/07/2026,1,OBS,QAB_X OB Fire area,QAB_FRS DUMP NEW,3.91
EX005,27/07/2026,1,CO1,QSE-X OB2,NEW CHP,7.20
EX005,27/07/2026,1,CO1,QSE_VII OB 2,NEW CHP,6.31
EX005,27/07/2026,1,CO1,QSEB_VI OB 3,NEW CHP,5.61
EX006,27/07/2026,1,OBS,QAB_X OB Fire area,QAB_FRS DUMP NEW,3.44
EX007,27/07/2026,1,CO1,QSE_VII OB 2,,0.82
EX007,27/07/2026,1,CO1,RAM SETU COAL STOCK,,1.76
EX007,27/07/2026,1,CO1,RAM SETU COAL STOCK,QSE_FILLING POINT DUMP 2,0.97
EX007,27/07/2026,1,CO1,RAM SETU COAL STOCK,RAM SETU COAL STOCK,1.57
EX007,27/07/2026,1,OB,QSE_VII OB 2,QSE_ FILLING POINT DUMP,3.24
EX007,27/07/2026,1,OB,RAM SETU COAL STOCK,QSE_ FILLING POINT DUMP,4.49
EX007,27/07/2026,1,OBS,QSE_VII OB 2,QSE_FILLING POINT DUMP 2,0.95
EX009,27/07/2026,1,OBS,QAB_X OB 2 NEW,QAB_BANJEE DUMP,3.97
EX009,27/07/2026,1,OBS,QAB_X/IX/VIII Firey Seam,QAB_BANJEE DUMP,4.07
EX009,27/07/2026,1,OBS,QAB_X/IX/VIII Firey Seam,QAB_FIRE DUMP UPPER,2.72
EX012,27/07/2026,1,CO1,QAB_X OB 2 NEW,COAL _STOCK_DFP,5.95
EX012,27/07/2026,1,CO1,QAB_X OB 2 NEW,PCP-III,4.16
EX012,27/07/2026,1,CO1,QAB_X OB 2 NEW,QAB LMV1,3.41
EX012,27/07/2026,1,OB,QAB_X OB 2 NEW,QAB_BANJEE DUMP,10.49
EX012,27/07/2026,1,OBS,QAB_X OB 2 NEW,QAB_FIRE DUMP UPPER,1.36
PL003,27/07/2026,1,CO1,QSEXOB1,ASH POND COAL STOCK,1.73
PL003,27/07/2026,1,OB,QSEXOB1,AIR STRIP DUMP 1,1.31
PL003,27/07/2026,1,OB,QSEXOB1,AIR STRIP OB DUMP II,2.32
PL003,27/07/2026,1,OB,QSEXOB1,QSE LOWER MASJID DUMP,2.68
PL004,27/07/2026,1,CO1,QSEXOB1,NEW CHP,1.05
PL004,27/07/2026,1,OB,QSEXOB1,AIR STRIP OB DUMP II,0.75
PL004,27/07/2026,1,OB,QSEXOB1,QSE LOWER MASJID DUMP,1.08
PL004,27/07/2026,1,OB,QSEXOB1,QSE_FILLING POINT DUMP 2,0.62
PL2K06,27/07/2026,1,CO1,COAL _STOCK_DFP,COAL _STOCK_DFP,0.63
PL2K06,27/07/2026,1,CO1,COAL _STOCK_DFP,PCP-III,2.09
PL2K06,27/07/2026,1,CO1,QAB LMV1,PCP-III,3.83
PL2K06,27/07/2026,1,OB,QAB LMV1,QAB_BANJEE DUMP,2.09
EX0009,27/07/2026,2,OBS,QAB_X OB Fire area,QAB_FRS DUMP NEW,4.26
EX001,27/07/2026,2,CO1,SANJAY VAN STOCK,,1.37
EX001,27/07/2026,2,CO1,SANJAY VAN STOCK,AIR STRIP OB DUMP II,3.41
EX001,27/07/2026,2,OB,QSEXOB1,AIR STRIP OB DUMP II,2.15
EX001,27/07/2026,2,OB,QSEXOB1,QSE LOWER MASJID DUMP,2.62
EX001,27/07/2026,2,OB,SANJAY VAN STOCK,AIR STRIP OB DUMP II,1.77
EX001,27/07/2026,2,OB,SANJAY VAN STOCK,QSE LOWER MASJID DUMP,2.52
EX0010,27/07/2026,2,OB,QSE_VII OB 2,QSE_ FILLING POINT DUMP,3.20
EX0011,27/07/2026,2,OB,QSEB_VI OB 3,QSE_ FILLING POINT DUMP,4.06
EX0011,27/07/2026,2,OB,QSEB_VI OB 3,QSE_FILLING POINT DUMP 2,2.69
EX003,27/07/2026,2,OB,QAB_VI B OB/COAL,QAB_FRS DUMP NEW,0.53
EX004,27/07/2026,2,OBS,QAB_X OB Fire area,QAB_FRS DUMP NEW,3.99
EX005,27/07/2026,2,CO1,QSE_VII OB 2,NEW CHP,6.10
EX005,27/07/2026,2,CO1,QSEB_VI OB 3,NEW CHP,7.80
EX005,27/07/2026,2,MXC,QSE_VII OB 2,NEW CHP,0.88
EX005,27/07/2026,2,MXC,QSEB_VI OB 3,NEW CHP,7.78
EX005,27/07/2026,2,OB,QSE_VII OB 2,QSE_ FILLING POINT DUMP,3.92
EX005,27/07/2026,2,OB,QSEB_VI OB 3,QSE_ FILLING POINT DUMP,4.71
EX005,27/07/2026,2,OB,QSEB_VI OB 3,QSE_FILLING POINT DUMP 2,4.20
EX006,27/07/2026,2,OBS,QAB_X OB Fire area,QAB_FRS DUMP NEW,3.82
EX007,27/07/2026,2,CO1,QSE_VII OB 2,,0.39
EX007,27/07/2026,2,CO1,QSE_VII OB 2,BELT LINE COAL STOCK,7.05
EX007,27/07/2026,2,CO1,QSE_VII OB 2,QSE LOWER MIDDLE DUMP,2.98
EX007,27/07/2026,2,CO1,QSE_VII OB 2,QSE_ FILLING POINT DUMP,2.11
EX007,27/07/2026,2,OB,QSE_VII OB 2,QSE_ FILLING POINT DUMP,3.38
EX007,27/07/2026,2,OB,QSE_VII OB 2,QSE_FILLING POINT DUMP 2,1.00
EX009,27/07/2026,2,CO1,QAB_X OB 2 NEW,COAL _STOCK_DFP,8.36
EX009,27/07/2026,2,CO1,QAB_X OB 2 NEW,PCP-III,6.32
EX009,27/07/2026,2,CO1,QAB_X OB 2 NEW,QAB_HANGER STOCK 1,6.21
EX009,27/07/2026,2,MXC,QAB_X OB 2 NEW,COAL _STOCK_DFP,7.93
EX012,27/07/2026,2,OB,QAB_X/IX/VIII Firey Seam,QAB_BANJEE DUMP,5.48
PL003,27/07/2026,2,CO1,QSEXOB1,NEW CHP,3.20
PL003,27/07/2026,2,CO1,SANJAY VAN STOCK,NEW CHP,3.82
PL004,27/07/2026,2,OB,QSEXOB1,AIR STRIP OB DUMP II,2.26
PL004,27/07/2026,2,OB,QSEXOB1,QSE LOWER MASJID DUMP,3.07
PL004,27/07/2026,2,OB,QSEXOB1,TAILING YARD STOCK,1.42
PL2K05,27/07/2026,2,CO1,QAB_HANGER STOCK 1,PCP-III,1.09
PL2K06,27/07/2026,2,CO1,COAL _STOCK_DFP,COAL _STOCK_DFP,2.75
PL2K06,27/07/2026,2,CO1,COAL _STOCK_DFP,PCP-III,1.90
PL2K06,27/07/2026,2,CO1,COAL _STOCK_DFP,QAB LMV1,5.10
PL2K06,27/07/2026,2,CO1,QAB LMV1,PCP-III,4.00
EX0009,27/07/2026,3,OBS,QAB_X OB Fire area,QAB_FRS DUMP NEW,3.96
EX001,27/07/2026,3,CO1,QSEXOB1,QSE LOWER MASJID DUMP,2.12
EX001,27/07/2026,3,OB,QSEXOB1,AIR STRIP OB DUMP II,2.15
EX001,27/07/2026,3,OB,QSEXOB1,QSE LOWER MASJID DUMP,2.75
EX0010,27/07/2026,3,OB,QSE-X OB2,QSE_ FILLING POINT DUMP,4.79
EX0010,27/07/2026,3,OB,QSE-X OB2,QSE_FILLING POINT DUMP 2,3.64
EX0011,27/07/2026,3,CO1,QSEB_VI OB 3,NEW CHP,7.04
EX0011,27/07/2026,3,OB,QSEB_VI OB 3,QSE_ FILLING POINT DUMP,5.84
EX0011,27/07/2026,3,OB,QSEB_VI OB 3,QSE_FILLING POINT DUMP 2,3.13
EX004,27/07/2026,3,OBS,QAB_X OB Fire area,QAB_FRS DUMP NEW,3.81
EX005,27/07/2026,3,CO1,QSE_VII OB 2,NEW CHP,7.73
EX005,27/07/2026,3,OB,QSE_VII OB 2,QSE_ FILLING POINT DUMP,2.53
EX005,27/07/2026,3,OB,QSE_VII OB 2,QSE_FILLING POINT DUMP 2,5.02
EX006,27/07/2026,3,CO1,QAB_X OB Fire area,PCP-III,5.57
EX006,27/07/2026,3,CO1,QAB_X OB Fire area,QAB_HANGER STOCK 1,6.51
EX006,27/07/2026,3,OBS,QAB_X OB Fire area,QAB_FRS DUMP NEW,5.58
EX009,27/07/2026,3,CO1,QAB_X OB 2 NEW,COAL _STOCK_DFP,5.02
EX009,27/07/2026,3,CO1,QAB_X OB 2 NEW,PCP-III,6.88
EX009,27/07/2026,3,CO1,QAB_X OB 2 NEW,QAB LMV1,3.08
EX009,27/07/2026,3,CO1,QAB_X OB 2 NEW,QAB_HANGER STOCK 1,6.34
EX009,27/07/2026,3,CO1,QAB_X OB Fire area,COAL _STOCK_DFP,4.58
EX009,27/07/2026,3,OB,QAB_X OB 2 NEW,QAB_BANJEE DUMP,6.08
EX012,27/07/2026,3,CO1,QAB_X/IX/VIII Firey Seam,QAB LMV1,3.59
EX012,27/07/2026,3,MXC,QAB_X/IX/VIII Firey Seam,QAB_HANGER STOCK 1,4.01
EX012,27/07/2026,3,OB,QAB_X/IX/VIII Firey Seam,QAB_BANJEE DUMP,3.62
EX012,27/07/2026,3,OBS,QAB_X/IX/VIII Firey Seam,QAB_FIRE DUMP UPPER,2.53
PL003,27/07/2026,3,OB,QSEXOB1,AIR STRIP DUMP 1,1.55
PL003,27/07/2026,3,OB,QSEXOB1,AIR STRIP OB DUMP II,1.47
PL003,27/07/2026,3,OB,QSEXOB1,QSE LOWER MASJID DUMP,2.16
PL003,27/07/2026,3,OB,QSEXOB1,QSE_MASJID DUMP,1.23
PL004,27/07/2026,3,OB,QSEXOB1,AIR STRIP OB DUMP II,2.76
PL004,27/07/2026,3,OB,QSEXOB1,QSE LOWER MASJID DUMP,2.81
PL2K05,27/07/2026,3,CO1,COAL _STOCK_DFP,PCP-III,3.25
PL2K05,27/07/2026,3,CO1,QAB LMV1,PCP-III,0.00
PL2K05,27/07/2026,3,CO1,QAB_HANGER STOCK 1,PCP-III,0.63
EX0009,28/07/2026,1,OBS,QAB_X OB Fire area,QAB_FRS DUMP NEW,3.73
EX0010,28/07/2026,1,OB,QSE-X OB2,QSE_ FILLING POINT DUMP,4.22
EX0010,28/07/2026,1,OB,QSE-X OB2,QSE_FILLING POINT DUMP 2,2.45
EX0011,28/07/2026,1,CO1,QSEB_VI OB 3,NEW CHP,3.23
EX0011,28/07/2026,1,CO1,QSEB_VI OB 3,QSE LOWER MIDDLE DUMP,2.85
EX0011,28/07/2026,1,OB,QSEB_VI OB 3,QSE_ FILLING POINT DUMP,2.66
EX0011,28/07/2026,1,OB,QSEB_VI OB 3,QSE_FILLING POINT DUMP 2,3.49
EX003,28/07/2026,1,OB,QAB_VI B OB/COAL,QAB_FRS DUMP NEW,0.41
EX003,28/07/2026,1,OB,QAB_X OB Fire area,QAB_FRS DUMP NEW,0.19
EX004,28/07/2026,1,OBS,QAB_X OB Fire area,QAB_FRS DUMP NEW,3.17
EX005,28/07/2026,1,OB,QSE-X OB2,QSE_ FILLING POINT DUMP,2.09
EX005,28/07/2026,1,OB,QSE_VII OB 2,QSE_ FILLING POINT DUMP,3.32
EX005,28/07/2026,1,OB,QSE_VII OB 2,QSE_FILLING POINT DUMP 2,5.39
EX005,28/07/2026,1,OB,QSEB_VI OB 3,QSE_ FILLING POINT DUMP,2.42
EX006,28/07/2026,1,CO1,QAB_X OB Fire area,PCP-III,5.51
EX006,28/07/2026,1,CO1,QAB_X OB Fire area,QAB LMV1,4.43
EX006,28/07/2026,1,CO1,QAB_X OB Fire area,QAB_HANGER STOCK 1,5.63
EX006,28/07/2026,1,CO1,QAB_X OB Fire area,QAB_V OB INPIT DUMP,7.12
EX006,28/07/2026,1,OB,QAB_X OB Fire area,QAB_BANJEE DUMP,5.17
EX007,28/07/2026,1,CO1,QSE_VII OB 2,QSE_ FILLING POINT DUMP,7.53
EX007,28/07/2026,1,CO1,QSE_VII OB 2,QSE_FILLING POINT DUMP 2,3.20
EX007,28/07/2026,1,OB,QSE_VII OB 2,QSE_ FILLING POINT DUMP,2.84
EX007,28/07/2026,1,OB,QSE_VII OB 2,QSE_FILLING POINT DUMP 2,2.23
EX008,28/07/2026,1,OB,QSE-X OB2,QSE_ FILLING POINT DUMP,3.97
EX008,28/07/2026,1,OB,QSE-X OB2,QSE_FILLING POINT DUMP 2,3.91
EX009,28/07/2026,1,CO1,QAB_X OB 2 NEW,COAL _STOCK_DFP,4.98
EX009,28/07/2026,1,CO1,QAB_X OB 2 NEW,PCP-III,3.80
EX009,28/07/2026,1,CO1,QAB_X OB 2 NEW,QAB_HANGER STOCK 1,5.18
EX009,28/07/2026,1,CO1,QAB_X/IX/VIII Firey Seam,COAL _STOCK_DFP,4.32
EX009,28/07/2026,1,OB,QAB_X OB 2 NEW,QAB_BANJEE DUMP,4.91
EX012,28/07/2026,1,CO1,QAB_X/IX/VIII Firey Seam,COAL _STOCK_DFP,0.73
EX012,28/07/2026,1,MXC,QAB_X OB 2 NEW,QAB_HANGER STOCK 1,1.44
EX012,28/07/2026,1,MXC,QAB_X/IX/VIII Firey Seam,QAB_HANGER STOCK 1,0.47
EX012,28/07/2026,1,OB,QAB_X OB 2 NEW,QAB_BANJEE DUMP,3.17
EX012,28/07/2026,1,OB,QAB_X/IX/VIII Firey Seam,QAB_BANJEE DUMP,6.31
EX012,28/07/2026,1,OBS,QAB_X/IX/VIII Firey Seam,QAB_FIRE DUMP UPPER,8.58
PL003,28/07/2026,1,OB,QSEXOB1,AIR STRIP DUMP 1,1.04
PL003,28/07/2026,1,OB,QSEXOB1,AIR STRIP OB DUMP II,1.73
PL003,28/07/2026,1,OB,QSEXOB1,QSE LOWER MASJID DUMP,2.04
PL004,28/07/2026,1,CO1,QSEXOB1,ACD COAL STOCK,6.24
PL004,28/07/2026,1,CO1,QSEXOB1,NEW CHP,5.05
PL004,28/07/2026,1,OB,QSEXOB1,AIR STRIP OB DUMP II,4.66
PL004,28/07/2026,1,OB,QSEXOB1,TAILING YARD STOCK,11.10
PL2K05,28/07/2026,1,CO1,QAB_HANGER STOCK 1,PCP-III,3.25
PL2K06,28/07/2026,1,CO1,QAB_HANGER STOCK 1,PCP-III,0.65
PL2K06,28/07/2026,1,CO1,QAB_HANGER STOCK 1,QAB_HANGER STOCK 1,6.30
PL2K06,28/07/2026,1,OB,QAB LMV1,QAB_FRS DUMP NEW,2.25
EX0009,28/07/2026,2,OBS,QAB_X OB Fire area,QAB_FRS DUMP NEW,4.30
EX0010,28/07/2026,2,CO1,QSE-X OB2,QSE LOWER MIDDLE DUMP,4.20
EX0010,28/07/2026,2,OB,QSE-X OB2,QSE_ FILLING POINT DUMP,5.66
EX0010,28/07/2026,2,OB,QSE-X OB2,QSE_FILLING POINT DUMP 2,3.82
EX0011,28/07/2026,2,CO1,QSEB_VI OB 3,NEW CHP,5.33
EX0011,28/07/2026,2,CO1,QSEB_VI OB 3,QSE LOWER MIDDLE DUMP,2.94
EX0011,28/07/2026,2,OB,QSEB_VI OB 3,QSE_ FILLING POINT DUMP,3.59
EX0011,28/07/2026,2,OB,QSEB_VI OB 3,QSE_FILLING POINT DUMP 2,3.24
EX003,28/07/2026,2,OB,QAB_VI B OB/COAL,QAB_FRS DUMP NEW,0.56
EX004,28/07/2026,2,OBS,QAB_X OB Fire area,QAB_FRS DUMP NEW,3.41
EX005,28/07/2026,2,CO1,QSE-X OB2,QSE LOWER MIDDLE DUMP,3.58
EX005,28/07/2026,2,OB,QSE-X OB2,QSE_ FILLING POINT DUMP,3.91
EX005,28/07/2026,2,OB,QSE-X OB2,QSE_FILLING POINT DUMP 2,2.79
EX005,28/07/2026,2,OB,QSE_VII OB 2,QSE_ FILLING POINT DUMP,2.98
EX005,28/07/2026,2,OB,QSEB_VI OB 3,QSE_FILLING POINT DUMP 2,6.02
EX006,28/07/2026,2,CO1,QAB_X OB Fire area,PCP-III,5.89
EX006,28/07/2026,2,CO1,QAB_X OB Fire area,QAB LMV1,5.76
EX006,28/07/2026,2,CO1,QAB_X OB Fire area,QAB_HANGER STOCK 1,6.78
EX007,28/07/2026,2,CO1,RAM SETU COAL STOCK,QSE_ FILLING POINT DUMP,8.86
EX008,28/07/2026,2,OB,QSE-X OB2,QSE_ FILLING POINT DUMP,5.27
EX008,28/07/2026,2,OB,QSE-X OB2,QSE_FILLING POINT DUMP 2,3.85
EX009,28/07/2026,2,CO1,QAB_X OB 2 NEW,PCP-III,10.89
EX009,28/07/2026,2,CO1,QAB_X/IX/VIII Firey Seam,PCP-III,1.35
EX009,28/07/2026,2,OB,QAB_X/IX/VIII Firey Seam,QAB_BANJEE DUMP,4.76
EX009,28/07/2026,2,OBS,QAB_X/IX/VIII Firey Seam,QAB_FIRE DUMP UPPER,2.24
EX012,28/07/2026,2,CO1,QAB_X/IX/VIII Firey Seam,COAL _STOCK_DFP,3.08
EX012,28/07/2026,2,MXC,QAB_X OB 2 NEW,COAL _STOCK_DFP,3.93
EX012,28/07/2026,2,MXC,QAB_X/IX/VIII Firey Seam,COAL _STOCK_DFP,4.29
EX012,28/07/2026,2,OB,QAB_X OB 2 NEW,QAB_BANJEE DUMP,3.93
EX012,28/07/2026,2,OB,QAB_X/IX/VIII Firey Seam,QAB_BANJEE DUMP,4.84
EX012,28/07/2026,2,OBS,QAB_X/IX/VIII Firey Seam,QAB_FIRE DUMP UPPER,2.56
PL003,28/07/2026,2,CO1,QSEXOB1,QSE LOWER MIDDLE DUMP,2.59
PL003,28/07/2026,2,OB,QSEXOB1,AIR STRIP DUMP 1,1.17
PL003,28/07/2026,2,OB,QSEXOB1,QSE LOWER MASJID DUMP,2.15
PL004,28/07/2026,2,CO1,QSEXOB1,ACD COAL STOCK,7.87
PL004,28/07/2026,2,CO1,QSEXOB1,NEW CHP,7.37
PL004,28/07/2026,2,OB,QSEXOB1,AIR STRIP OB DUMP II,7.61
PL2K06,28/07/2026,2,CO1,COAL _STOCK_DFP,PCP-III,2.39
PL2K06,28/07/2026,2,CO1,QAB_HANGER STOCK 1,PCP-III,0.68
EX0009,28/07/2026,3,OBS,QAB_X OB Fire area,QAB_FRS DUMP NEW,4.86
EX0010,28/07/2026,3,CO1,QSE-X OB2,QSE LOWER MIDDLE DUMP,3.93
EX0010,28/07/2026,3,OB,QSE-X OB2,QSE_ FILLING POINT DUMP,4.51
EX0010,28/07/2026,3,OB,QSE-X OB2,QSE_FILLING POINT DUMP 2,4.98
EX0011,28/07/2026,3,CO1,QSEB_VI OB 3,NEW CHP,7.08
EX003,28/07/2026,3,OB,QAB_FIRE AREA SEC A,QAB_FRS DUMP NEW,2.49
EX003,28/07/2026,3,OB,QAB_VI A OB/COAL,QAB_FRS DUMP NEW,4.40
EX004,28/07/2026,3,OBS,QAB_X OB Fire area,QAB_FRS DUMP NEW,4.38
EX005,28/07/2026,3,CO1,QSE-X OB2,QSE LOWER MIDDLE DUMP,2.79
EX005,28/07/2026,3,CO1,QSEB_VI OB 3,QSE LOWER MIDDLE DUMP,10.46
EX005,28/07/2026,3,OB,QSE-X OB2,QSE_ FILLING POINT DUMP,3.82
EX005,28/07/2026,3,OB,QSE-X OB2,QSE_FILLING POINT DUMP 2,2.99
EX005,28/07/2026,3,OB,QSEB_VI OB 3,QSE_ FILLING POINT DUMP,6.78
EX005,28/07/2026,3,OB,QSEB_VI OB 3,QSE_FILLING POINT DUMP 2,3.60
EX006,28/07/2026,3,CO1,QAB_X OB Fire area,PCP-III,5.35
EX006,28/07/2026,3,CO1,QAB_X OB Fire area,QAB LMV1,3.62
EX006,28/07/2026,3,OB,QAB_X OB Fire area,QAB_BANJEE DUMP,5.00
EX008,28/07/2026,3,CO1,QSE-X OB2,QSE LOWER MIDDLE DUMP,4.38
EX008,28/07/2026,3,OB,QSE-X OB2,QSE_ FILLING POINT DUMP,4.81
EX008,28/07/2026,3,OB,QSE-X OB2,QSE_FILLING POINT DUMP 2,4.63
EX009,28/07/2026,3,CO1,QAB_X OB 2 NEW,COAL _STOCK_DFP,5.91
EX009,28/07/2026,3,CO1,QAB_X OB 2 NEW,QAB_HANGER STOCK 1,3.28
EX009,28/07/2026,3,CO1,QAB_X/IX/VIII Firey Seam,COAL _STOCK_DFP,5.68
EX009,28/07/2026,3,OB,QAB_X OB 2 NEW,QAB_BANJEE DUMP,5.48
EX009,28/07/2026,3,OB,QAB_X/IX/VIII Firey Seam,QAB_BANJEE DUMP,7.53
EX012,28/07/2026,3,CO1,QAB_X OB 2 NEW,COAL _STOCK_DFP,5.47
EX012,28/07/2026,3,MXC,QAB_X OB 2 NEW,COAL _STOCK_DFP,4.87
EX012,28/07/2026,3,MXC,QAB_X/IX/VIII Firey Seam,COAL _STOCK_DFP,3.70
EX012,28/07/2026,3,OB,QAB_X/IX/VIII Firey Seam,QAB_BANJEE DUMP,6.07
PL003,28/07/2026,3,CO1,QSEXOB1,QSE LOWER MIDDLE DUMP,1.82
PL003,28/07/2026,3,OB,QSEXOB1,AIR STRIP OB DUMP II,1.99
PL003,28/07/2026,3,OB,QSEXOB1,QSE LOWER MASJID DUMP,2.10
PL2K05,28/07/2026,3,CO1,SCC-C STOCK,PCP-III,3.49
PL2K05,28/07/2026,3,CO1,SCC-C STOCK,QAB LMV1,4.34
PL2K05,28/07/2026,3,CO1,SCC-C STOCK,SCC-C STOCK,6.71
PL2K05,28/07/2026,3,OB,SCC-C STOCK,QAB_BANJEE DUMP,4.83
PL2K06,28/07/2026,3,CO1,QAB LMV1,PCP-III,4.08
PL2K06,28/07/2026,3,CO1,QAB_HANGER STOCK 1,PCP-III,0.72
EX0009,29/07/2026,1,OBS,QAB_X OB Fire area,QAB_FRS DUMP NEW,3.80
EX001,29/07/2026,1,CO1,QSEXOB1,QSE LOWER MIDDLE DUMP,2.70
EX001,29/07/2026,1,OB,QSEXOB1,AIR STRIP DUMP 1,2.88
EX001,29/07/2026,1,OB,QSEXOB1,AIR STRIP OB DUMP II,2.70
EX001,29/07/2026,1,OB,QSEXOB1,QSE LOWER MASJID DUMP,2.50
EX001,29/07/2026,1,OB,QSEXOB1,TAILING YARD STOCK,2.58
EX0010,29/07/2026,1,OB,QSE-X OB2,QSE_ FILLING POINT DUMP,3.77
EX0010,29/07/2026,1,OB,QSE-X OB2,QSE_FILLING POINT DUMP 2,3.90
EX0011,29/07/2026,1,CO1,QSEB_VI OB 3,BELT LINE COAL STOCK,7.06
EX0011,29/07/2026,1,CO1,QSEB_VI OB 3,NEW CHP,7.01
EX0011,29/07/2026,1,CO1,QSEB_VI OB 3,QSE LOWER MIDDLE DUMP,0.77
EX0011,29/07/2026,1,OB,QSEB_VI OB 3,AIR STRIP OB DUMP II,1.05
EX0011,29/07/2026,1,OB,QSEB_VI OB 3,QSE LOWER MASJID DUMP,1.84
EX004,29/07/2026,1,OBS,QAB_X OB Fire area,QAB_FRS DUMP NEW,3.51
EX005,29/07/2026,1,OB,QSE-X OB2,QSE_FILLING POINT DUMP 2,2.93
EX005,29/07/2026,1,OB,QSEB_VI OB 3,QSE_ FILLING POINT DUMP,3.25
EX005,29/07/2026,1,OB,QSEB_VI OB 3,QSE_FILLING POINT DUMP 2,2.61
EX006,29/07/2026,1,OB,QAB_X OB Fire area,QAB_BANJEE DUMP,4.22
EX006,29/07/2026,1,OB,QAB_X OB Fire area,QAB_FRS DUMP NEW,4.36
EX008,29/07/2026,1,OB,QSE-X OB2,QSE_FILLING POINT DUMP 2,4.05
EX009,29/07/2026,1,CO1,QAB_X/IX/VIII Firey Seam,PCP-III,3.54
EX009,29/07/2026,1,OB,QAB_X/IX/VIII Firey Seam,QAB_BANJEE DUMP,4.21
EX012,29/07/2026,1,CO1,QAB_X/IX/VIII Firey Seam,COAL _STOCK_DFP,8.36
EX012,29/07/2026,1,CO1,QAB_X/IX/VIII Firey Seam,QAB LMV1,2.38
EX012,29/07/2026,1,MXC,QAB_X/IX/VIII Firey Seam,COAL _STOCK_DFP,6.90
EX012,29/07/2026,1,OB,QAB_X OB 2 NEW,QAB_BANJEE DUMP,3.92
EX012,29/07/2026,1,OB,QAB_X/IX/VIII Firey Seam,QAB_BANJEE DUMP,5.03
PL003,29/07/2026,1,CO1,QSEXOB1,QSE LOWER MIDDLE DUMP,2.24
PL003,29/07/2026,1,OB,QSEXOB1,AIR STRIP OB DUMP II,1.51
PL003,29/07/2026,1,OB,QSEXOB1,QSE LOWER MASJID DUMP,1.65
PL004,29/07/2026,1,CO1,QSEXOB1,NEW CHP,0.14
PL2K05,29/07/2026,1,CO1,MD_COAL STOCK,PCP-III,1.35
PL2K05,29/07/2026,1,CO1,QAB LMV1,PCP-III,3.94
PL2K06,29/07/2026,1,CO1,QAB LMV1,PCP-III,1.24
EX0009,29/07/2026,2,OBS,QAB_X OB Fire area,QAB_FRS DUMP NEW,4.26
EX001,29/07/2026,2,CO1,QSEXOB1,QSE LOWER MIDDLE DUMP,3.20
EX001,29/07/2026,2,OB,QSEXOB1,AIR STRIP DUMP 1,3.45
EX001,29/07/2026,2,OB,QSEXOB1,AIR STRIP OB DUMP II,2.93
EX0010,29/07/2026,2,OB,QSE-X OB2,QSE_ FILLING POINT DUMP,4.91
EX0010,29/07/2026,2,OB,QSE-X OB2,QSE_FILLING POINT DUMP 2,4.84
EX0011,29/07/2026,2,OB,QSEB_VI OB 3,QSE_ FILLING POINT DUMP,3.53
EX0011,29/07/2026,2,OB,QSEB_VI OB 3,QSE_FILLING POINT DUMP 2,3.36
EX004,29/07/2026,2,OBS,QAB_X OB Fire area,QAB_FRS DUMP NEW,5.33
EX005,29/07/2026,2,OB,QSE-X OB2,QSE_ FILLING POINT DUMP,4.07
EX005,29/07/2026,2,OB,QSE-X OB2,QSE_FILLING POINT DUMP 2,4.05
EX005,29/07/2026,2,OB,QSEB_VI OB 3,QSE_ FILLING POINT DUMP,3.93
EX005,29/07/2026,2,OB,QSEB_VI OB 3,QSE_FILLING POINT DUMP 2,3.25
EX006,29/07/2026,2,CO1,QAB_X OB Fire area,COAL _STOCK_DFP,5.32
EX006,29/07/2026,2,CO1,QAB_X OB Fire area,QAB LMV1,1.66
EX006,29/07/2026,2,MXC,QAB_X OB Fire area,PCP-III,5.59
EX006,29/07/2026,2,OB,QAB_X OB Fire area,QAB_BANJEE DUMP,4.30
EX006,29/07/2026,2,OB,QAB_X OB Fire area,QAB_FRS DUMP NEW,5.87
EX008,29/07/2026,2,CO1,QSE-X OB2,NEW CHP,8.32
EX008,29/07/2026,2,OB,QSE-X OB2,QSE_ FILLING POINT DUMP,6.03
EX008,29/07/2026,2,OB,QSE-X OB2,QSE_FILLING POINT DUMP 2,8.50
EX009,29/07/2026,2,CO1,QAB_X OB Fire area,PCP-III,7.72
EX009,29/07/2026,2,CO1,QAB_X/IX/VIII Firey Seam,PCP-III,6.51
EX009,29/07/2026,2,OB,QAB_X/IX/VIII Firey Seam,QAB_BANJEE DUMP,5.71
EX012,29/07/2026,2,CO1,QAB_X OB 2 NEW,COAL _STOCK_DFP,6.32
EX012,29/07/2026,2,CO1,QAB_X OB 2 NEW,PCP-III,7.21
EX012,29/07/2026,2,CO1,QAB_X OB Fire area,PCP-III,6.37
EX012,29/07/2026,2,MXC,QAB_X OB 2 NEW,COAL _STOCK_DFP,7.38
EX012,29/07/2026,2,OB,QAB_X OB 2 NEW,QAB_BANJEE DUMP,5.55
PL003,29/07/2026,2,CO1,QSEXOB1,QSE LOWER MIDDLE DUMP,1.78
PL003,29/07/2026,2,OB,QSEXOB1,AIR STRIP OB DUMP II,2.42
PL003,29/07/2026,2,OB,QSEXOB1,QSE LOWER MASJID DUMP,3.27
PL2K05,29/07/2026,2,CO1,QAB LMV1,PCP-III,2.43
PL2K06,29/07/2026,2,CO1,QAB LMV1,MD_COAL STOCK,6.81
PL2K06,29/07/2026,2,CO1,QAB LMV1,PCP-III,3.89
PL2K06,29/07/2026,2,CO1,QAB_HANGER STOCK 1,PCP-III,0.64
EX0009,29/07/2026,3,OBS,QAB_X OB Fire area,QAB_FRS DUMP NEW,4.05
EX001,29/07/2026,3,CO1,QSEXOB1,QSE LOWER MIDDLE DUMP,2.61
EX001,29/07/2026,3,OB,QSEXOB1,AIR STRIP DUMP 1,1.22
EX001,29/07/2026,3,OB,QSEXOB1,AIR STRIP OB DUMP II,2.46
EX001,29/07/2026,3,OB,QSEXOB1,QSE LOWER MASJID DUMP,2.28
EX001,29/07/2026,3,OB,QSEXOB1,TAILING YARD STOCK,0.95
EX0010,29/07/2026,3,OB,QSE-X OB2,QSE_ FILLING POINT DUMP,5.66
EX0010,29/07/2026,3,OB,QSE-X OB2,QSE_FILLING POINT DUMP 2,4.29
EX0011,29/07/2026,3,OB,QSE-X OB2,QSE_FILLING POINT DUMP 2,2.87
EX0011,29/07/2026,3,OB,QSEB_VI OB 3,QSE_ FILLING POINT DUMP,4.48
EX0011,29/07/2026,3,OB,QSEB_VI OB 3,QSE_FILLING POINT DUMP 2,3.11
EX004,29/07/2026,3,OBS,QAB_X OB Fire area,QAB_FRS DUMP NEW,4.86
EX006,29/07/2026,3,CO1,QAB_X OB Fire area,QAB LMV1,7.42
EX006,29/07/2026,3,MXC,QAB_X OB Fire area,PCP-III,4.21
EX006,29/07/2026,3,OB,QAB_X OB Fire area,QAB_BANJEE DUMP,4.50
EX006,29/07/2026,3,OBS,QAB_X OB Fire area,QAB_FIRE DUMP UPPER,1.59
EX007,29/07/2026,3,CO1,QSE-X OB2,BELT LINE COAL STOCK,8.08
EX007,29/07/2026,3,CO1,QSE-X OB2,NEW CHP,8.63
EX008,29/07/2026,3,CO1,QSE-VIII OB/Coal,NEW CHP,8.29
EX008,29/07/2026,3,OB,QSE-VIII OB/Coal,QSE_ FILLING POINT DUMP,6.16
EX008,29/07/2026,3,OB,QSE-VIII OB/Coal,QSE_FILLING POINT DUMP 2,3.94
EX009,29/07/2026,3,CO1,QAB_X/IX/VIII Firey Seam,QAB_HANGER STOCK 1,3.57
EX009,29/07/2026,3,OB,QAB_X OB 2 NEW,QAB_BANJEE DUMP,3.66
EX009,29/07/2026,3,OB,QAB_X/IX/VIII Firey Seam,QAB_BANJEE DUMP,4.52
EX009,29/07/2026,3,OBS,QAB_X/IX/VIII Firey Seam,QAB_FIRE DUMP UPPER,2.47
EX012,29/07/2026,3,CO1,QAB_X OB 2 NEW,QAB LMV1,3.40
EX012,29/07/2026,3,CO1,QAB_X/IX/VIII Firey Seam,QAB LMV1,7.50
EX012,29/07/2026,3,MXC,QAB_X OB 2 NEW,COAL _STOCK_DFP,2.21
EX012,29/07/2026,3,OB,QAB_X OB 2 NEW,QAB_BANJEE DUMP,5.10
EX012,29/07/2026,3,OB,QAB_X OB 2 NEW,QAB_FRS DUMP NEW,2.69
EX012,29/07/2026,3,OB,QAB_X/IX/VIII Firey Seam,QAB_BANJEE DUMP,7.07
EX012,29/07/2026,3,OBS,QAB_X OB 2 NEW,QAB_FIRE DUMP UPPER,1.92
PL003,29/07/2026,3,CO1,QSEXOB1,QSE LOWER MIDDLE DUMP,1.83
PL003,29/07/2026,3,OB,QSEXOB1,AIR STRIP OB DUMP II,2.43
PL003,29/07/2026,3,OB,QSEXOB1,QSE LOWER MASJID DUMP,3.71
PL2K05,29/07/2026,3,CO1,SCC-C STOCK,Banjee Upper Stock,1.37
PL2K05,29/07/2026,3,CO1,SCC-C STOCK,PCP-III,2.25
PL2K05,29/07/2026,3,CO1,SCC-C STOCK,SCC-C STOCK,0.73
PL2K05,29/07/2026,3,MXC,SCC-C STOCK,Banjee Upper Stock,0.00
PL2K05,29/07/2026,3,MXC,SCC-C STOCK,PCP-III,1.60
PL2K05,29/07/2026,3,OB,SCC-C STOCK,QAB_BANJEE DUMP,4.98
PL2K06,29/07/2026,3,CO1,COAL _STOCK_DFP,COAL _STOCK_DFP,1.80
PL2K06,29/07/2026,3,CO1,COAL _STOCK_DFP,PCP-III,1.90
PL2K06,29/07/2026,3,CO1,QAB LMV1,PCP-III,3.37
PL2K06,29/07/2026,3,MXC,SCC-C STOCK,Banjee Upper Stock,2.20
PL2K06,29/07/2026,3,OB,SCC-C STOCK,QAB_BANJEE DUMP,5.87
EX0009,30/07/2026,1,OBS,QAB_X OB Fire area,QAB_FRS DUMP NEW,3.87
EX001,30/07/2026,1,CO1,QSEXOB1,QSE LOWER MIDDLE DUMP,2.49
EX001,30/07/2026,1,OB,QSEXOB1,AIR STRIP OB DUMP II,2.56
EX001,30/07/2026,1,OB,QSEXOB1,QSE LOWER MASJID DUMP,2.11
EX0010,30/07/2026,1,OB,QSE-X OB2,QSE_FILLING POINT DUMP 2,2.17
EX0011,30/07/2026,1,OB,QSEB_VI OB 3,QSE_FILLING POINT DUMP 2,2.91
EX003,30/07/2026,1,CO1,QAB_FIRE AREA SEC A,MD_COAL STOCK,4.59
EX003,30/07/2026,1,CO1,QAB_FIRE AREA SEC A,PCP-III,3.75
EX003,30/07/2026,1,OB,QAB_FIRE AREA SEC A,QAB_FRS DUMP NEW,3.75
EX004,30/07/2026,1,OBS,QAB_X OB Fire area,QAB_FRS DUMP NEW,4.98
EX005,30/07/2026,1,CO1,QSE_VII OB 2,BELT LINE COAL STOCK,4.70
EX005,30/07/2026,1,CO1,QSE_VII OB 2,NEW CHP,7.47
EX005,30/07/2026,1,CO1,QSEB_VI OB 3,BELT LINE COAL STOCK,7.58
EX005,30/07/2026,1,CO1,QSEB_VI OB 3,NEW CHP,6.83
EX005,30/07/2026,1,OB,QSE_VII OB 2,QSE_ FILLING POINT DUMP,0.88
EX005,30/07/2026,1,OB,QSE_VII OB 2,QSE_FILLING POINT DUMP 2,4.22
EX005,30/07/2026,1,OB,QSEB_VI OB 3,In Pit,9.07
EX005,30/07/2026,1,OB,QSEB_VI OB 3,QSE_ FILLING POINT DUMP,1.54
EX005,30/07/2026,1,OB,QSEB_VI OB 3,QSE_FILLING POINT DUMP 2,2.60
EX006,30/07/2026,1,MXC,QAB_X OB Fire area,PCP-III,5.47
EX006,30/07/2026,1,OB,QAB_X OB Fire area,QAB_BANJEE DUMP,3.88
EX006,30/07/2026,1,OBS,QAB_X OB Fire area,QAB_FIRE DUMP UPPER,2.50
EX008,30/07/2026,1,CO1,QSE-VIII OB/Coal,BELT LINE COAL STOCK,8.23
EX008,30/07/2026,1,CO1,QSE-VIII OB/Coal,NEW CHP,6.48
EX008,30/07/2026,1,OB,QSE-VIII OB/Coal,QSE_ FILLING POINT DUMP,4.26
EX008,30/07/2026,1,OB,QSE-VIII OB/Coal,QSE_FILLING POINT DUMP 2,5.72
EX009,30/07/2026,1,CO1,QAB_X/IX/VIII Firey Seam,COAL _STOCK_DFP,4.28
EX009,30/07/2026,1,CO1,QAB_X/IX/VIII Firey Seam,PCP-III,5.23
EX009,30/07/2026,1,CO1,QAB_X/IX/VIII Firey Seam,QAB_HANGER STOCK 1,1.54
EX009,30/07/2026,1,OB,QAB_X/IX/VIII Firey Seam,QAB_BANJEE DUMP,4.89
EX009,30/07/2026,1,OBS,QAB_X/IX/VIII Firey Seam,QAB_FIRE DUMP UPPER,2.33
EX010,30/07/2026,1,CO1,QAB-Highwall pad,COAL _STOCK_DFP,2.13
EX012,30/07/2026,1,CO1,QAB_X OB 2 NEW,QAB LMV1,7.61
EX012,30/07/2026,1,MXC,QAB_X OB 2 NEW,COAL _STOCK_DFP,5.04
EX012,30/07/2026,1,MXC,QAB_X/IX/VIII Firey Seam,COAL _STOCK_DFP,1.58
EX012,30/07/2026,1,OB,QAB_X OB 2 NEW,QAB_BANJEE DUMP,3.79
EX012,30/07/2026,1,OB,QAB_X/IX/VIII Firey Seam,QAB_BANJEE DUMP,3.93
EX012,30/07/2026,1,OBS,QAB_X OB 2 NEW,QAB_FIRE DUMP UPPER,2.10
PL003,30/07/2026,1,CO1,QSEXOB1,QSE LOWER MIDDLE DUMP,2.28
PL003,30/07/2026,1,OB,QSEXOB1,AIR STRIP OB DUMP II,2.25
PL003,30/07/2026,1,OB,QSEXOB1,QSE LOWER MASJID DUMP,2.03
PL2K05,30/07/2026,1,CO1,SCC-C STOCK,PCP-III,2.02
PL2K05,30/07/2026,1,CO1,SCC-C STOCK,SCC-C STOCK,1.48
PL2K05,30/07/2026,1,MXC,SCC-C STOCK,Banjee Upper Stock,1.40
PL2K06,30/07/2026,1,CO1,COAL _STOCK_DFP,PCP-III,1.53
PL2K06,30/07/2026,1,CO1,QAB LMV1,PCP-III,2.06
PL2K06,30/07/2026,1,CO1,SCC-C STOCK,Banjee Upper Stock,4.73
EX0009,30/07/2026,2,OBS,QAB_X OB Fire area,QAB_FRS DUMP NEW,4.37
EX001,30/07/2026,2,CO1,QSEXOB1,NEW CHP,9.20
EX001,30/07/2026,2,CO1,QSEXOB1,QSE LOWER MIDDLE DUMP,2.33
EX001,30/07/2026,2,OB,QSE-X OB2,AIR STRIP OB DUMP II,2.13
EX001,30/07/2026,2,OB,QSEXOB1,AIR STRIP DUMP 1,0.00
EX001,30/07/2026,2,OB,QSEXOB1,AIR STRIP OB DUMP II,2.52
EX001,30/07/2026,2,OB,QSEXOB1,NEW CHP,0.00
EX001,30/07/2026,2,OB,QSEXOB1,QSE LOWER MASJID DUMP,1.98
EX0010,30/07/2026,2,OB,QSE-X OB2,QSE_FILLING POINT DUMP 2,5.46
EX0011,30/07/2026,2,CO1,QSEB_VI OB 3,NEW CHP,2.23
EX0011,30/07/2026,2,OB,QSEB_VI OB 3,QSE_ FILLING POINT DUMP,4.23
EX0011,30/07/2026,2,OB,QSEB_VI OB 3,QSE_FILLING POINT DUMP 2,2.76
EX003,30/07/2026,2,OB,QAB_VI A OB/COAL,QAB_FRS DUMP NEW,1.35
EX004,30/07/2026,2,OBS,QAB_X OB Fire area,QAB_FRS DUMP NEW,5.74
EX005,30/07/2026,2,CO1,QSEB_VI OB 3,NEW CHP,6.13
EX005,30/07/2026,2,OB,QSE-X OB2,QSE_FILLING POINT DUMP 2,1.46
EX005,30/07/2026,2,OB,QSEB_VI OB 3,QSE_ FILLING POINT DUMP,4.06
EX005,30/07/2026,2,OB,QSEB_VI OB 3,QSE_FILLING POINT DUMP 2,2.61
EX006,30/07/2026,2,MXC,QAB_X OB Fire area,PCP-III,6.98
EX006,30/07/2026,2,OB,QAB_X OB Fire area,QAB_FRS DUMP NEW,3.82
EX007,30/07/2026,2,CO1,QSE-X OB2,NEW CHP,7.14
EX007,30/07/2026,2,OB,QSE-X OB2,QSE_FILLING POINT DUMP 2,4.32
EX009,30/07/2026,2,CO1,QAB_X OB 2 NEW,QAB_HANGER STOCK 1,1.69
EX009,30/07/2026,2,CO1,QAB_X/IX/VIII Firey Seam,COAL _STOCK_DFP,4.76
EX009,30/07/2026,2,CO1,QAB_X/IX/VIII Firey Seam,PCP-III,7.81
EX009,30/07/2026,2,CO1,QAB_X/IX/VIII Firey Seam,QAB_HANGER STOCK 1,3.84
EX009,30/07/2026,2,OB,QAB_X OB 2 NEW,QAB_BANJEE DUMP,4.69
EX009,30/07/2026,2,OB,QAB_X/IX/VIII Firey Seam,QAB_BANJEE DUMP,5.91
EX009,30/07/2026,2,OBS,QAB_X OB 2 NEW,QAB_FIRE DUMP UPPER,3.30
EX012,30/07/2026,2,OB,QAB_X OB 2 NEW,QAB_BANJEE DUMP,6.71
PL003,30/07/2026,2,CO1,QSEXOB1,QSE LOWER MIDDLE DUMP,2.23
PL003,30/07/2026,2,OB,QSEXOB1,AIR STRIP OB DUMP II,2.16
PL003,30/07/2026,2,OB,QSEXOB1,QSE LOWER MASJID DUMP,1.88
PL004,30/07/2026,2,CO1,QSE_VII OB 2,NEW CHP,7.50
PL004,30/07/2026,2,CO1,QSEB_VI OB 3,NEW CHP,7.82
PL004,30/07/2026,2,CO1,QSEXOB1,NEW CHP,5.29
PL004,30/07/2026,2,OB,QSEB_VI OB 3,NEW CHP,7.23
PL2K05,30/07/2026,2,CO1,COAL _STOCK_DFP,COAL _STOCK_DFP,1.22
PL2K05,30/07/2026,2,CO1,COAL _STOCK_DFP,PCP-III,2.48
PL2K05,30/07/2026,2,CO1,QAB_HANGER STOCK 1,Banjee Upper Stock,0.14
PL2K05,30/07/2026,2,CO1,QAB_HANGER STOCK 1,PCP-III,1.12
PL2K06,30/07/2026,2,CO1,QAB LMV1,PCP-III,3.88
EX0009,30/07/2026,3,OBS,QAB_X OB Fire area,QAB_FRS DUMP NEW,4.78
EX001,30/07/2026,3,CO1,QSEXOB1,QSE LOWER MIDDLE DUMP,2.22
EX001,30/07/2026,3,OB,QSEXOB1,AIR STRIP DUMP 1,1.31
EX001,30/07/2026,3,OB,QSEXOB1,AIR STRIP OB DUMP II,2.59
EX001,30/07/2026,3,OB,QSEXOB1,QSE LOWER MASJID DUMP,2.38
EX001,30/07/2026,3,OB,QSEXOB1,QSE_FILLING POINT DUMP 2,3.11
EX0010,30/07/2026,3,OB,QSE-X OB2,QSE_FILLING POINT DUMP 2,4.17
EX0011,30/07/2026,3,CO1,QSE-X OB2,NEW CHP,6.41
EX0011,30/07/2026,3,CO1,QSE_VII OB 2,NEW CHP,8.28
EX0011,30/07/2026,3,CO1,QSEB_VI OB 3,NEW CHP,7.20
EX003,30/07/2026,3,CO1,QAB_FIRE AREA SEC A,QAB_FRS DUMP NEW,3.29
EX003,30/07/2026,3,OB,QAB_VI A OB/COAL,QAB_FRS DUMP NEW,1.19
EX004,30/07/2026,3,OBS,QAB_X OB Fire area,QAB_FRS DUMP NEW,4.54
EX005,30/07/2026,3,OB,QSE-X OB2,QSE_ FILLING POINT DUMP,2.73
EX005,30/07/2026,3,OB,QSE-X OB2,QSE_FILLING POINT DUMP 2,4.29
EX005,30/07/2026,3,OB,QSEB_VI OB 3,QSE_ FILLING POINT DUMP,3.04
EX005,30/07/2026,3,OB,QSEB_VI OB 3,QSE_FILLING POINT DUMP 2,3.34
EX006,30/07/2026,3,OB,QAB_X OB Fire area,QAB_FRS DUMP NEW,3.64
EX008,30/07/2026,3,OB,QSE-VIII OB/Coal,QSE_ FILLING POINT DUMP,1.91
EX008,30/07/2026,3,OB,QSE-VIII OB/Coal,QSE_FILLING POINT DUMP 2,6.90
EX008,30/07/2026,3,OB,QSE-X OB2,QSE_ FILLING POINT DUMP,3.70
EX008,30/07/2026,3,OB,QSE-X OB2,QSE_FILLING POINT DUMP 2,3.67
EX009,30/07/2026,3,CO1,QAB_X OB 2 NEW,COAL _STOCK_DFP,3.08
EX009,30/07/2026,3,OB,QAB_X/IX/VIII Firey Seam,QAB_BANJEE DUMP,7.72
EX009,30/07/2026,3,OBS,QAB_X OB 2 NEW,QAB_BANJEE DUMP,6.29
EX009,30/07/2026,3,OBS,QAB_X OB 2 NEW,QAB_FIRE DUMP UPPER,1.32
EX009,30/07/2026,3,OBS,QAB_X/IX/VIII Firey Seam,QAB_BANJEE DUMP,4.65
EX009,30/07/2026,3,OBS,QAB_X/IX/VIII Firey Seam,QAB_FIRE DUMP UPPER,2.27
PL003,30/07/2026,3,CO1,QSEXOB1,QSE LOWER MIDDLE DUMP,2.32
PL003,30/07/2026,3,OB,QSEXOB1,AIR STRIP OB DUMP II,2.74
PL003,30/07/2026,3,OB,QSEXOB1,QSE LOWER MASJID DUMP,2.07
PL004,30/07/2026,3,CO1,QSE_VII OB 2,NEW CHP,8.49
PL004,30/07/2026,3,CO1,QSEB_VI OB 3,NEW CHP,7.98
PL2K05,30/07/2026,3,CO1,SCC-C STOCK,PCP-III,1.50
PL2K05,30/07/2026,3,CO1,SCC-C STOCK,SCC-C STOCK,0.72
PL2K05,30/07/2026,3,MXC,SCC-C STOCK,Banjee Upper Stock,2.64
PL2K05,30/07/2026,3,OB,SCC-C STOCK,QAB_BANJEE DUMP,5.16
EX0009,31/07/2026,1,OBS,QAB_X OB Fire area,QAB_FRS DUMP NEW,4.54
EX001,31/07/2026,1,CO1,QSEXOB1,QSE LOWER MIDDLE DUMP,2.65
EX001,31/07/2026,1,OB,QSEXOB1,AIR STRIP OB DUMP II,2.55
EX001,31/07/2026,1,OB,QSEXOB1,QSE LOWER MASJID DUMP,2.19
EX0010,31/07/2026,1,OB,QSE-X OB2,QSE_FILLING POINT DUMP 2,3.57
EX0011,31/07/2026,1,CO1,QSE-X OB2,NEW CHP,5.66
EX0011,31/07/2026,1,CO1,QSE-X OB2,RAM SETU COAL STOCK,0.00
EX0011,31/07/2026,1,CO1,QSE_VII OB 2,NEW CHP,6.70
EX0011,31/07/2026,1,CO1,QSEB_VI OB 3,NEW CHP,7.13
EX0011,31/07/2026,1,OB,QSE-X OB2,QSE_FILLING POINT DUMP 2,2.58
EX0011,31/07/2026,1,OBS,QSEB_VI OB 3,NEW CHP,7.23
EX003,31/07/2026,1,CO1,QAB_FIRE AREA SEC A,MD_COAL STOCK,4.50
EX003,31/07/2026,1,CO1,QAB_FIRE AREA SEC A,PCP-III,4.61
EX003,31/07/2026,1,CO1,QAB_FIRE AREA SEC A,QAB_FRS DUMP NEW,6.37
EX003,31/07/2026,1,OB,QAB_FIRE AREA SEC A,QAB_BANJEE DUMP,5.43
EX004,31/07/2026,1,MXC,QAB_X OB Fire area,QAB LMV1,3.93
EX004,31/07/2026,1,OB,QAB_X OB Fire area,QAB_BANJEE DUMP,4.75
EX004,31/07/2026,1,OBS,QAB_X OB Fire area,QAB_FRS DUMP NEW,3.36
EX005,31/07/2026,1,CO1,RAM SETU COAL STOCK,QSE_ FILLING POINT DUMP,4.92
EX005,31/07/2026,1,OB,QSE-X OB2,QSE_ FILLING POINT DUMP,4.12
EX005,31/07/2026,1,OB,QSE-X OB2,QSE_FILLING POINT DUMP 2,3.20
EX005,31/07/2026,1,OB,QSEB_VI OB 3,QSE_ FILLING POINT DUMP,1.92
EX005,31/07/2026,1,OB,QSEB_VI OB 3,QSE_FILLING POINT DUMP 2,2.96
EX006,31/07/2026,1,CO1,QAB_X OB Fire area,COAL _STOCK_DFP,5.38
EX006,31/07/2026,1,CO1,QAB_X OB Fire area,QAB-Highwall pad,5.42
EX006,31/07/2026,1,MXC,QAB_X OB Fire area,QAB LMV1,4.29
EX006,31/07/2026,1,OB,QAB_X OB Fire area,QAB_BANJEE DUMP,4.28
EX006,31/07/2026,1,OB,QAB_X OB Fire area,QAB_FRS DUMP NEW,7.36
EX007,31/07/2026,1,CO1,QSE-VIII OB/Coal,BELT LINE COAL STOCK,5.84
EX007,31/07/2026,1,MXC,QSE-VIII OB/Coal,BELT LINE COAL STOCK,6.93
EX007,31/07/2026,1,MXC,QSE-VIII OB/Coal,QSE_FILLING POINT DUMP 2,3.70
EX007,31/07/2026,1,OB,QSE-VIII OB/Coal,QSE_FILLING POINT DUMP 2,7.32
EX008,31/07/2026,1,OB,QSE_VII OB 2,QSE_ FILLING POINT DUMP,2.10
EX008,31/07/2026,1,OB,QSE_VII OB 2,QSE_FILLING POINT DUMP 2,1.97
EX009,31/07/2026,1,CO1,QAB_X/IX/VIII Firey Seam,COAL _STOCK_DFP,4.29
EX009,31/07/2026,1,CO1,QAB_X/IX/VIII Firey Seam,PCP-III,5.84
EX009,31/07/2026,1,OB,QAB_X/IX/VIII Firey Seam,QAB_BANJEE DUMP,4.12
EX009,31/07/2026,1,OBS,QAB_X/IX/VIII Firey Seam,QAB_BANJEE DUMP,4.33
EX009,31/07/2026,1,OBS,QAB_X/IX/VIII Firey Seam,QAB_FIRE DUMP UPPER,3.10
PL003,31/07/2026,1,CO1,QSEXOB1,QSE LOWER MIDDLE DUMP,3.16
PL003,31/07/2026,1,OB,QSEXOB1,AIR STRIP OB DUMP II,1.56
PL003,31/07/2026,1,OB,QSEXOB1,QSE LOWER MASJID DUMP,2.12
PL2K05,31/07/2026,1,CO1,QAB LMV1,MD_COAL STOCK,9.46
PL2K05,31/07/2026,1,CO1,QAB LMV1,PCP-III,4.53
PL2K05,31/07/2026,1,CO1,QAB LMV1,QAB LMV1,7.89
PL2K05,31/07/2026,1,CO1,SCC-C STOCK,Banjee Upper Stock,3.39
PL2K05,31/07/2026,1,MXC,SCC-C STOCK,Banjee Upper Stock,7.74
PL2K05,31/07/2026,1,OB,SCC-C STOCK,QAB_BANJEE DUMP,5.48
PL2K06,31/07/2026,1,CO1,COAL _STOCK_DFP,PCP-III,2.42
PL2K06,31/07/2026,1,CO1,MD_COAL STOCK,PCP-III,1.53
PL2K06,31/07/2026,1,CO1,QAB LMV1,PCP-III,4.43
PL2K06,31/07/2026,1,CO1,QAB LMV1,QAB LMV1,2.77
EX0009,31/07/2026,2,OBS,QAB_X OB Fire area,QAB_FRS DUMP NEW,5.00
EX001,31/07/2026,2,OB,QSEXOB1,AIR STRIP OB DUMP II,3.28
EX001,31/07/2026,2,OB,TAILING YARD STOCK,TAILING YARD STOCK,2.98
EX0010,31/07/2026,2,OB,QSE-X OB2,QSE_ FILLING POINT DUMP,3.36
EX0010,31/07/2026,2,OB,QSE-X OB2,QSE_FILLING POINT DUMP 2,3.69
EX0010,31/07/2026,2,OB,QSE-X OB2,QSE_V OB DUMP,3.41
EX0011,31/07/2026,2,CO1,QSE-X OB2,NEW CHP,7.26
EX0011,31/07/2026,2,CO1,QSE_VII OB 2,NEW CHP,0.68
EX0011,31/07/2026,2,CO1,QSEB_VI OB 3,NEW CHP,7.73
EX0011,31/07/2026,2,OB,QSEB_VI OB 3,QSE_ FILLING POINT DUMP,8.24
EX003,31/07/2026,2,CO1,QAB_FIRE AREA SEC A,COAL _STOCK_DFP,2.69
EX003,31/07/2026,2,CO1,QAB_FIRE AREA SEC A,PCP-III,2.60
EX003,31/07/2026,2,CO1,QAB_FIRE AREA SEC A,QAB_HANGER STOCK 1,3.61
EX003,31/07/2026,2,MXC,QAB_FIRE AREA SEC A,PCP-III,2.25
EX003,31/07/2026,2,OB,QAB_FIRE AREA SEC A,QAB_BANJEE DUMP,5.44
EX004,31/07/2026,2,OBS,QAB_X OB Fire area,QAB_FRS DUMP NEW,3.65
EX005,31/07/2026,2,CO1,QSE-X OB2,NEW CHP,6.75
EX005,31/07/2026,2,CO1,QSE_VII OB 2,RAM SETU COAL STOCK,11.33
EX005,31/07/2026,2,CO1,QSEB_VI OB 3,,2.73
EX005,31/07/2026,2,CO1,QSEB_VI OB 3,AIR STRIP DUMP 1,10.11
EX005,31/07/2026,2,CO1,QSEB_VI OB 3,NEW CHP,7.18
EX005,31/07/2026,2,CO1,QSEB_VI OB 3,QSE_FILLING POINT DUMP 2,8.68
EX005,31/07/2026,2,OB,QSE_VII OB 2,QSE_ FILLING POINT DUMP,0.04
EX005,31/07/2026,2,OB,QSEB_VI OB 3,QSE_ FILLING POINT DUMP,2.94
EX005,31/07/2026,2,OB,QSEB_VI OB 3,QSE_FILLING POINT DUMP 2,2.42
EX005,31/07/2026,2,OB,QSEB_VI OB 3,RAM SETU DUMP,5.21
EX005,31/07/2026,2,OB,QSEB_VI OB 3,TAILING YARD STOCK,0.00
EX006,31/07/2026,2,CO1,QAB_X OB Fire area,QAB_V OB INPIT DUMP,4.73
EX006,31/07/2026,2,MXC,QAB_X OB Fire area,QAB LMV1,4.12
EX006,31/07/2026,2,OB,QAB_X OB Fire area,QAB_BANJEE DUMP,4.26
EX008,31/07/2026,2,OB,QSE_VII OB 2,QSE_ FILLING POINT DUMP,2.57
EX008,31/07/2026,2,OB,QSE_VII OB 2,QSE_FILLING POINT DUMP 2,3.12
EX009,31/07/2026,2,CO1,QAB_X OB Fire area,PCP-III,4.58
EX009,31/07/2026,2,OB,QAB_X OB 2 NEW,QAB_BANJEE DUMP,4.16
EX009,31/07/2026,2,OBS,QAB_X OB 2 NEW,QAB_BANJEE DUMP,5.35
EX009,31/07/2026,2,OBS,QAB_X OB Fire area,QAB_BANJEE DUMP,1.07
PL003,31/07/2026,2,CO1,QSEXOB1,QSE LOWER MIDDLE DUMP,1.72
PL003,31/07/2026,2,OB,QSEXOB1,AIR STRIP OB DUMP II,1.58
PL003,31/07/2026,2,OB,QSEXOB1,QSE LOWER MASJID DUMP,2.36
PL003,31/07/2026,2,OB,QSEXOB1,TAILING YARD STOCK,4.81
PL004,31/07/2026,2,CO1,QSEXOB1,NEW CHP,1.27
PL004,31/07/2026,2,CO1,QSEXOB1,QSE LOWER MIDDLE DUMP,1.90
PL004,31/07/2026,2,OB,QSEXOB1,AIR STRIP OB DUMP II,2.59
PL004,31/07/2026,2,OB,QSEXOB1,QSE LOWER MASJID DUMP,4.84
PL2K05,31/07/2026,2,OB,QAB LMV1,QAB_BANJEE DUMP,5.85
PL2K06,31/07/2026,2,CO1,COAL _STOCK_DFP,PCP-III,1.93
PL2K06,31/07/2026,2,CO1,COAL _STOCK_DFP,QAB LMV1,2.14
PL2K06,31/07/2026,2,CO1,QAB LMV1,PCP-III,4.24
PL2K06,31/07/2026,2,CO1,SCC-C STOCK,Banjee Upper Stock,1.97
PL2K06,31/07/2026,2,CO1,SCC-C STOCK,PCP-III,2.23
PL2K06,31/07/2026,2,CO1,SCC-C STOCK,SCC-C STOCK,3.92
PL2K06,31/07/2026,2,OB,SCC-C STOCK,QAB_BANJEE DUMP,5.63
EX0009,31/07/2026,3,OBS,QAB_X OB Fire area,QAB_FRS DUMP NEW,2.65
EX001,31/07/2026,3,CO1,QSEXOB1,QSE LOWER MIDDLE DUMP,2.17
EX001,31/07/2026,3,OB,QSEXOB1,AIR STRIP OB DUMP II,2.24
EX001,31/07/2026,3,OB,QSEXOB1,NEW CHP,0.00
EX001,31/07/2026,3,OB,QSEXOB1,QSE LOWER MASJID DUMP,2.68
EX0010,31/07/2026,3,OB,QSE-X OB2,QSE_FILLING POINT DUMP 2,4.22
EX0011,31/07/2026,3,CO1,QSE_VII OB 2,NEW CHP,8.02
EX0011,31/07/2026,3,OB,QSE-X OB1 Air strip,QSE_FILLING POINT DUMP 2,3.06
EX0011,31/07/2026,3,OB,QSE-X OB2,QSE_FILLING POINT DUMP 2,4.41
EX0011,31/07/2026,3,OB,QSEB_VI OB 3,QSE_FILLING POINT DUMP 2,3.85
EX003,31/07/2026,3,CO1,QAB_FIRE AREA SEC A,PCP-III,4.54
EX003,31/07/2026,3,CO1,QAB_FIRE AREA SEC A,QAB LMV1,5.95
EX003,31/07/2026,3,CO1,QAB_FIRE AREA SEC A,QAB_HANGER STOCK 1,5.64
EX003,31/07/2026,3,OB,QAB_FIRE AREA SEC A,QAB_BANJEE DUMP,7.61
EX004,31/07/2026,3,OB,QAB_X OB Fire area,QAB_BANJEE DUMP,2.37
EX004,31/07/2026,3,OBS,QAB_X OB Fire area,QAB_FRS DUMP NEW,3.88
EX005,31/07/2026,3,CO1,QSE-X OB2,BELT LINE COAL STOCK,8.05
EX005,31/07/2026,3,CO1,QSE-X OB2,NEW CHP,6.94
EX005,31/07/2026,3,CO1,QSEB_VI OB 3,BELT LINE COAL STOCK,8.36
EX005,31/07/2026,3,CO1,QSEB_VI OB 3,NEW CHP,7.70
EX006,31/07/2026,3,MXC,QAB_X OB Fire area,QAB LMV1,1.32
EX006,31/07/2026,3,OB,QAB_X OB Fire area,QAB_BANJEE DUMP,4.69
EX008,31/07/2026,3,OB,QSE_VII OB 2,QSE_ FILLING POINT DUMP,2.49
EX008,31/07/2026,3,OB,QSE_VII OB 2,QSE_FILLING POINT DUMP 2,3.27
EX009,31/07/2026,3,CO1,QAB_X OB Fire area,PCP-III,6.78
EX009,31/07/2026,3,CO1,QAB_X OB Fire area,QAB LMV1,6.85
EX009,31/07/2026,3,MXC,QAB_X OB Fire area,QAB_HANGER STOCK 1,3.51
EX009,31/07/2026,3,OB,QAB_X OB Fire area,QAB_BANJEE DUMP,6.75
EX009,31/07/2026,3,OBS,QAB_X OB 2 NEW,QAB_BANJEE DUMP,3.19
PL003,31/07/2026,3,CO1,QSEXOB1,QSE LOWER MIDDLE DUMP,2.16
PL003,31/07/2026,3,OB,QSEXOB1,AIR STRIP OB DUMP II,2.34
PL003,31/07/2026,3,OB,QSEXOB1,QSE LOWER MASJID DUMP,2.14
PL2K05,31/07/2026,3,CO1,QAB LMV1,PCP-III,3.86
PL2K06,31/07/2026,3,CO1,QAB_HANGER STOCK 1,Banjee Upper Stock,2.73
PL2K06,31/07/2026,3,CO1,QAB_HANGER STOCK 1,PCP-III,0.98
PL2K06,31/07/2026,3,CO1,SCC-C STOCK,Banjee Upper Stock,5.28
PL2K06,31/07/2026,3,CO1,SCC-C STOCK,PCP-III,2.87
PL2K06,31/07/2026,3,OB,QAB_HANGER STOCK 1,QAB_BANJEE DUMP,4.81
PL2K06,31/07/2026,3,OB,SCC-C STOCK,QAB_BANJEE DUMP,5.23

