textbox1,textbox19,textbox20,textbox16,textbox17,textbox14,textbox12,textbox15,textbox13,textbox10,textbox11,textbox297,textbox307,textbox18
Net Engine Hours by Fleet and Equipment,Report Created On:,12-08-2026,Parameters:,Description:,Start Shift Date:,21-07-2026,End Shift Date:,31-07-2026,Equipment:,All,IsDst:,False,This report contains a spreadsheet of the first and last engine hour entries for each equipment.  This report is grouped by fleet.

FLEET_IDENT,textbox49,Textbox39,Textbox57,Textbox59,EQUIP_IDENT,ORIGIN_SHORT_NAME2,DESTINATION_SHORT_NAME2,MAX_TIMESTAMP,NUM_LOADS2,PRODUCTION2
F01 - KOMATSU HD785-7,Equipment,First Entry,Last Entry,Net Hours,RD208,21-07-2026 06:33:13,"2,71,022.99",22-07-2026 04:09:27,"2,71,039.38",16.39
F01 - KOMATSU HD785-7,Equipment,First Entry,Last Entry,Net Hours,RD208,22-07-2026 06:34:28,"2,71,039.38",23-07-2026 05:25:13,"2,71,054.92",15.54
F01 - KOMATSU HD785-7,Equipment,First Entry,Last Entry,Net Hours,RD208,23-07-2026 06:34:14,"2,71,054.96",24-07-2026 05:33:29,"2,71,074.62",19.66
F01 - KOMATSU HD785-7,Equipment,First Entry,Last Entry,Net Hours,RD208,24-07-2026 06:31:29,"2,71,074.64",25-07-2026 05:31:44,"2,71,093.05",18.41
F01 - KOMATSU HD785-7,Equipment,First Entry,Last Entry,Net Hours,RD208,25-07-2026 06:49:45,"2,71,093.06",26-07-2026 05:29:01,"2,71,110.22",17.16
F01 - KOMATSU HD785-7,Equipment,First Entry,Last Entry,Net Hours,RD208,26-07-2026 06:44:01,"2,71,110.25",27-07-2026 05:30:16,"2,71,128.25",18.00
F01 - KOMATSU HD785-7,Equipment,First Entry,Last Entry,Net Hours,RD208,27-07-2026 07:08:17,"2,71,128.29",28-07-2026 04:59:07,"2,71,145.37",17.08
F01 - KOMATSU HD785-7,Equipment,First Entry,Last Entry,Net Hours,RD208,28-07-2026 06:50:08,"2,71,145.40",28-07-2026 19:45:49,"2,71,151.47",6.07
F01 - KOMATSU HD785-7,Equipment,First Entry,Last Entry,Net Hours,RD208,29-07-2026 12:11:57,"2,71,151.50",30-07-2026 05:27:56,"2,71,161.15",9.65
F01 - KOMATSU HD785-7,Equipment,First Entry,Last Entry,Net Hours,RD208,30-07-2026 06:39:56,"2,71,161.18",31-07-2026 05:32:10,"2,71,179.06",17.88
F01 - KOMATSU HD785-7,Equipment,First Entry,Last Entry,Net Hours,RD208,31-07-2026 06:42:10,"2,71,179.10",01-08-2026 05:28:25,"2,71,197.51",18.41
F01 - KOMATSU HD785-7,Equipment,First Entry,Last Entry,Net Hours,RD209,21-07-2026 06:28:13,"25,444.88",22-07-2026 05:25:28,"25,462.15",17.27
F01 - KOMATSU HD785-7,Equipment,First Entry,Last Entry,Net Hours,RD209,22-07-2026 06:31:29,"25,462.18",23-07-2026 05:26:44,"25,479.39",17.21
F01 - KOMATSU HD785-7,Equipment,First Entry,Last Entry,Net Hours,RD209,23-07-2026 06:35:45,"25,479.43",24-07-2026 05:23:01,"25,496.30",16.87
F01 - KOMATSU HD785-7,Equipment,First Entry,Last Entry,Net Hours,RD209,24-07-2026 06:30:01,"25,496.33",25-07-2026 05:32:17,"25,511.05",14.72
F01 - KOMATSU HD785-7,Equipment,First Entry,Last Entry,Net Hours,RD209,25-07-2026 06:51:18,"25,511.09",26-07-2026 05:30:57,"25,529.23",18.14
F01 - KOMATSU HD785-7,Equipment,First Entry,Last Entry,Net Hours,RD209,26-07-2026 06:26:57,"25,529.27",27-07-2026 05:25:52,"25,546.31",17.04
F01 - KOMATSU HD785-7,Equipment,First Entry,Last Entry,Net Hours,RD209,27-07-2026 06:43:52,"25,546.35",28-07-2026 05:23:07,"25,564.28",17.93
F01 - KOMATSU HD785-7,Equipment,First Entry,Last Entry,Net Hours,RD209,28-07-2026 06:29:07,"25,564.29",29-07-2026 04:58:23,"25,578.57",14.28
F01 - KOMATSU HD785-7,Equipment,First Entry,Last Entry,Net Hours,RD209,29-07-2026 06:30:23,"25,578.58",30-07-2026 05:24:56,"25,589.43",10.85
F01 - KOMATSU HD785-7,Equipment,First Entry,Last Entry,Net Hours,RD209,30-07-2026 06:45:57,"25,589.46",31-07-2026 05:26:09,"25,604.12",14.66
F01 - KOMATSU HD785-7,Equipment,First Entry,Last Entry,Net Hours,RD209,31-07-2026 06:39:09,"25,604.17",31-07-2026 16:20:17,"25,609.56",5.39
F01 - KOMATSU HD785-7,Equipment,First Entry,Last Entry,Net Hours,RD210,21-07-2026 06:35:06,"2,34,458.71",22-07-2026 01:15:12,"2,34,467.79",9.08
F01 - KOMATSU HD785-7,Equipment,First Entry,Last Entry,Net Hours,RD210,22-07-2026 08:10:39,"2,34,467.81",23-07-2026 05:43:42,"2,34,479.65",11.84
F01 - KOMATSU HD785-7,Equipment,First Entry,Last Entry,Net Hours,RD210,23-07-2026 06:26:42,"2,34,479.67",24-07-2026 05:25:58,"2,34,495.92",16.25
F01 - KOMATSU HD785-7,Equipment,First Entry,Last Entry,Net Hours,RD210,24-07-2026 09:14:13,"2,34,495.99",25-07-2026 05:59:53,"2,34,503.36",7.37
F01 - KOMATSU HD785-7,Equipment,First Entry,Last Entry,Net Hours,RD210,25-07-2026 06:54:54,"2,34,503.41",26-07-2026 05:30:54,"2,34,517.72",14.31
F01 - KOMATSU HD785-7,Equipment,First Entry,Last Entry,Net Hours,RD210,26-07-2026 06:37:55,"2,34,517.76",27-07-2026 05:30:09,"2,34,537.22",19.46
F01 - KOMATSU HD785-7,Equipment,First Entry,Last Entry,Net Hours,RD210,27-07-2026 06:49:10,"2,34,537.26",28-07-2026 05:26:26,"2,34,554.95",17.69
F01 - KOMATSU HD785-7,Equipment,First Entry,Last Entry,Net Hours,RD210,28-07-2026 06:19:26,"2,34,554.96",29-07-2026 05:29:42,"2,34,571.95",16.99
F01 - KOMATSU HD785-7,Equipment,First Entry,Last Entry,Net Hours,RD210,29-07-2026 06:42:43,"2,34,571.97",30-07-2026 05:29:47,"2,34,583.97",12.00
F01 - KOMATSU HD785-7,Equipment,First Entry,Last Entry,Net Hours,RD210,30-07-2026 06:30:48,"2,34,584.01",31-07-2026 05:37:02,"2,34,601.89",17.88
F01 - KOMATSU HD785-7,Equipment,First Entry,Last Entry,Net Hours,RD210,31-07-2026 06:25:03,"2,34,601.90",01-08-2026 05:22:18,"2,34,617.30",15.40
F01 - KOMATSU HD785-7,Equipment,First Entry,Last Entry,Net Hours,RD211,21-07-2026 06:26:36,"26,086.03",22-07-2026 05:18:52,"26,102.91",16.88
F01 - KOMATSU HD785-7,Equipment,First Entry,Last Entry,Net Hours,RD211,22-07-2026 06:26:52,"26,102.91",23-07-2026 05:27:49,"26,120.14",17.23
F01 - KOMATSU HD785-7,Equipment,First Entry,Last Entry,Net Hours,RD211,23-07-2026 06:27:50,"26,120.18",24-07-2026 05:31:42,"26,136.96",16.78
F01 - KOMATSU HD785-7,Equipment,First Entry,Last Entry,Net Hours,RD211,24-07-2026 06:34:43,"26,136.97",25-07-2026 05:24:58,"26,151.38",14.41
F01 - KOMATSU HD785-7,Equipment,First Entry,Last Entry,Net Hours,RD211,25-07-2026 06:46:58,"26,151.42",26-07-2026 05:23:51,"26,168.49",17.07
F01 - KOMATSU HD785-7,Equipment,First Entry,Last Entry,Net Hours,RD211,26-07-2026 06:41:51,"26,168.49",27-07-2026 05:18:07,"26,186.56",18.07
F01 - KOMATSU HD785-7,Equipment,First Entry,Last Entry,Net Hours,RD211,27-07-2026 06:51:07,"26,186.57",28-07-2026 05:23:24,"26,204.84",18.27
F01 - KOMATSU HD785-7,Equipment,First Entry,Last Entry,Net Hours,RD211,28-07-2026 06:23:24,"26,204.87",29-07-2026 04:54:40,"26,220.90",16.03
F01 - KOMATSU HD785-7,Equipment,First Entry,Last Entry,Net Hours,RD211,29-07-2026 06:29:41,"26,220.92",30-07-2026 05:21:55,"26,238.48",17.56
F01 - KOMATSU HD785-7,Equipment,First Entry,Last Entry,Net Hours,RD211,30-07-2026 06:47:57,"26,238.49",31-07-2026 05:19:10,"26,254.69",16.20
F01 - KOMATSU HD785-7,Equipment,First Entry,Last Entry,Net Hours,RD211,31-07-2026 06:36:10,"26,254.73",01-08-2026 05:12:25,"26,271.26",16.53
F01 - KOMATSU HD785-7,Equipment,First Entry,Last Entry,Net Hours,RD212,21-07-2026 06:32:31,"33,308.01",22-07-2026 05:30:51,"33,325.87",17.86
F01 - KOMATSU HD785-7,Equipment,First Entry,Last Entry,Net Hours,RD212,22-07-2026 06:29:51,"33,325.89",23-07-2026 05:40:02,"33,336.38",10.49
F01 - KOMATSU HD785-7,Equipment,First Entry,Last Entry,Net Hours,RD212,23-07-2026 06:31:02,"33,336.42",24-07-2026 05:32:22,"33,353.61",17.19
F01 - KOMATSU HD785-7,Equipment,First Entry,Last Entry,Net Hours,RD212,24-07-2026 06:33:23,"33,353.61",25-07-2026 05:39:41,"33,369.74",16.13
F01 - KOMATSU HD785-7,Equipment,First Entry,Last Entry,Net Hours,RD212,25-07-2026 06:53:41,"33,369.77",26-07-2026 05:31:01,"33,385.32",15.55
F01 - KOMATSU HD785-7,Equipment,First Entry,Last Entry,Net Hours,RD212,26-07-2026 06:50:01,"33,385.33",27-07-2026 05:22:22,"33,403.15",17.82
F01 - KOMATSU HD785-7,Equipment,First Entry,Last Entry,Net Hours,RD212,27-07-2026 06:44:20,"33,403.19",28-07-2026 05:20:15,"33,420.34",17.15
F01 - KOMATSU HD785-7,Equipment,First Entry,Last Entry,Net Hours,RD212,28-07-2026 06:20:16,"33,420.37",29-07-2026 05:23:33,"33,435.21",14.84
F01 - KOMATSU HD785-7,Equipment,First Entry,Last Entry,Net Hours,RD212,29-07-2026 06:34:33,"33,435.22",30-07-2026 03:50:49,"33,447.75",12.53
F01 - KOMATSU HD785-7,Equipment,First Entry,Last Entry,Net Hours,RD212,30-07-2026 06:58:51,"33,447.75",31-07-2026 05:25:20,"33,460.44",12.69
F01 - KOMATSU HD785-7,Equipment,First Entry,Last Entry,Net Hours,RD212,31-07-2026 06:40:21,"33,460.48",01-08-2026 05:24:40,"33,476.74",16.26
F01 - KOMATSU HD785-7,Equipment,First Entry,Last Entry,Net Hours,RD214,21-07-2026 07:00:18,"26,444.74",22-07-2026 05:28:33,"26,455.62",10.88
F01 - KOMATSU HD785-7,Equipment,First Entry,Last Entry,Net Hours,RD214,22-07-2026 06:34:33,"26,455.66",22-07-2026 17:31:14,"26,463.13",7.47
F01 - KOMATSU HD785-7,Equipment,First Entry,Last Entry,Net Hours,RD214,23-07-2026 09:51:21,"26,463.14",23-07-2026 16:53:27,"26,463.25",0.11
F01 - KOMATSU HD785-7,Equipment,First Entry,Last Entry,Net Hours,RD214,24-07-2026 11:39:31,"26,463.31",24-07-2026 16:08:31,"26,463.38",0.07
F01 - KOMATSU HD785-7,Equipment,First Entry,Last Entry,Net Hours,RD214,25-07-2026 12:58:53,"26,463.42",25-07-2026 17:04:34,"26,463.47",0.05
F01 - KOMATSU HD785-7,Equipment,First Entry,Last Entry,Net Hours,RD214,27-07-2026 07:12:02,"26,463.50",27-07-2026 07:15:48,"26,463.54",0.04
F01 - KOMATSU HD785-7,Equipment,First Entry,Last Entry,Net Hours,RD214,29-07-2026 16:27:26,"26,463.59",29-07-2026 16:55:26,"26,463.74",0.15
F01 - KOMATSU HD785-7,Equipment,First Entry,Last Entry,Net Hours,RD215,21-07-2026 09:44:37,"26,250.57",22-07-2026 03:50:25,"26,260.20",9.63
F01 - KOMATSU HD785-7,Equipment,First Entry,Last Entry,Net Hours,RD215,22-07-2026 06:27:26,"26,260.20",23-07-2026 05:27:41,"26,276.23",16.03
F01 - KOMATSU HD785-7,Equipment,First Entry,Last Entry,Net Hours,RD215,23-07-2026 06:28:42,"26,276.27",24-07-2026 05:26:58,"26,294.70",18.43
F01 - KOMATSU HD785-7,Equipment,First Entry,Last Entry,Net Hours,RD215,24-07-2026 06:35:59,"26,294.72",25-07-2026 05:26:35,"26,311.56",16.84
F01 - KOMATSU HD785-7,Equipment,First Entry,Last Entry,Net Hours,RD215,25-07-2026 06:39:36,"26,311.57",26-07-2026 05:30:07,"26,328.78",17.21
F01 - KOMATSU HD785-7,Equipment,First Entry,Last Entry,Net Hours,RD215,26-07-2026 06:45:07,"26,328.80",27-07-2026 05:34:22,"26,347.41",18.61
F01 - KOMATSU HD785-7,Equipment,First Entry,Last Entry,Net Hours,RD215,27-07-2026 06:51:23,"26,347.44",28-07-2026 05:24:38,"26,366.60",19.16
F01 - KOMATSU HD785-7,Equipment,First Entry,Last Entry,Net Hours,RD215,28-07-2026 06:34:39,"26,366.64",29-07-2026 05:22:56,"26,383.03",16.39
F01 - KOMATSU HD785-7,Equipment,First Entry,Last Entry,Net Hours,RD215,29-07-2026 06:23:57,"26,383.07",30-07-2026 05:26:11,"26,400.10",17.03
F01 - KOMATSU HD785-7,Equipment,First Entry,Last Entry,Net Hours,RD215,30-07-2026 06:30:12,"26,400.11",31-07-2026 05:25:27,"26,418.67",18.56
F01 - KOMATSU HD785-7,Equipment,First Entry,Last Entry,Net Hours,RD215,31-07-2026 06:24:28,"26,418.68",01-08-2026 05:25:44,"26,434.88",16.20
F01 - KOMATSU HD785-7,Equipment,First Entry,Last Entry,Net Hours,RD216,21-07-2026 06:31:39,"26,613.11",22-07-2026 05:21:09,"26,631.22",18.11
F01 - KOMATSU HD785-7,Equipment,First Entry,Last Entry,Net Hours,RD216,22-07-2026 06:31:54,"26,631.27",23-07-2026 05:29:18,"26,647.92",16.65
F01 - KOMATSU HD785-7,Equipment,First Entry,Last Entry,Net Hours,RD216,23-07-2026 06:35:57,"26,647.95",24-07-2026 05:11:57,"26,663.86",15.91
F01 - KOMATSU HD785-7,Equipment,First Entry,Last Entry,Net Hours,RD216,24-07-2026 06:39:11,"26,663.90",25-07-2026 05:26:22,"26,682.05",18.15
F01 - KOMATSU HD785-7,Equipment,First Entry,Last Entry,Net Hours,RD216,25-07-2026 06:44:00,"26,682.06",26-07-2026 05:00:49,"26,699.56",17.50
F01 - KOMATSU HD785-7,Equipment,First Entry,Last Entry,Net Hours,RD216,26-07-2026 06:43:32,"26,699.61",27-07-2026 05:24:50,"26,715.46",15.85
F01 - KOMATSU HD785-7,Equipment,First Entry,Last Entry,Net Hours,RD216,27-07-2026 06:58:53,"26,715.51",28-07-2026 05:29:22,"26,733.79",18.28
F01 - KOMATSU HD785-7,Equipment,First Entry,Last Entry,Net Hours,RD216,28-07-2026 06:34:37,"26,733.82",29-07-2026 05:00:31,"26,744.94",11.12
F01 - KOMATSU HD785-7,Equipment,First Entry,Last Entry,Net Hours,RD216,29-07-2026 06:30:29,"26,744.97",30-07-2026 05:25:39,"26,763.69",18.72
F01 - KOMATSU HD785-7,Equipment,First Entry,Last Entry,Net Hours,RD216,30-07-2026 06:37:08,"26,763.71",31-07-2026 05:31:36,"26,780.53",16.82
F01 - KOMATSU HD785-7,Equipment,First Entry,Last Entry,Net Hours,RD216,31-07-2026 06:39:44,"26,780.56",01-08-2026 05:24:15,"26,797.19",16.63
F01 - KOMATSU HD785-7,Equipment,First Entry,Last Entry,Net Hours,RD217,21-07-2026 06:01:55,"27,174.99",22-07-2026 05:58:04,"27,198.85",23.86
F01 - KOMATSU HD785-7,Equipment,First Entry,Last Entry,Net Hours,RD217,22-07-2026 06:01:04,"27,198.90",23-07-2026 05:59:28,"27,219.38",20.48
F01 - KOMATSU HD785-7,Equipment,First Entry,Last Entry,Net Hours,RD217,23-07-2026 06:02:28,"27,219.43",24-07-2026 05:59:46,"27,243.38",23.95
F01 - KOMATSU HD785-7,Equipment,First Entry,Last Entry,Net Hours,RD217,24-07-2026 06:02:45,"27,243.43",25-07-2026 05:58:03,"27,266.52",23.09
F01 - KOMATSU HD785-7,Equipment,First Entry,Last Entry,Net Hours,RD217,25-07-2026 06:01:04,"27,266.57",26-07-2026 05:58:20,"27,290.52",23.95
F01 - KOMATSU HD785-7,Equipment,First Entry,Last Entry,Net Hours,RD217,26-07-2026 06:01:20,"27,290.57",27-07-2026 05:58:39,"27,314.52",23.95
F01 - KOMATSU HD785-7,Equipment,First Entry,Last Entry,Net Hours,RD217,27-07-2026 06:01:39,"27,314.57",28-07-2026 05:57:45,"27,336.34",21.77
F01 - KOMATSU HD785-7,Equipment,First Entry,Last Entry,Net Hours,RD217,28-07-2026 06:00:45,"27,336.39",29-07-2026 05:58:01,"27,360.34",23.95
F01 - KOMATSU HD785-7,Equipment,First Entry,Last Entry,Net Hours,RD217,29-07-2026 06:01:01,"27,360.39",30-07-2026 05:58:18,"27,384.34",23.95
F01 - KOMATSU HD785-7,Equipment,First Entry,Last Entry,Net Hours,RD217,30-07-2026 06:01:19,"27,384.39",31-07-2026 05:58:34,"27,408.34",23.95
F01 - KOMATSU HD785-7,Equipment,First Entry,Last Entry,Net Hours,RD217,31-07-2026 06:01:34,"27,408.39",01-08-2026 05:58:56,"27,431.47",23.08
F01 - KOMATSU HD785-7,Equipment,First Entry,Last Entry,Net Hours,RD218,21-07-2026 17:15:32,"23,042.58",21-07-2026 17:15:32,"23,042.58",0.00
F01 - KOMATSU HD785-7,Equipment,First Entry,Last Entry,Net Hours,RD218,22-07-2026 09:59:19,"23,042.61",22-07-2026 11:31:05,"23,042.62",0.01
F01 - KOMATSU HD785-7,Equipment,First Entry,Last Entry,Net Hours,RD218,25-07-2026 02:20:30,"23,042.63",25-07-2026 02:31:10,"23,042.78",0.15
F01 - KOMATSU HD785-7,Equipment,First Entry,Last Entry,Net Hours,RD218,25-07-2026 07:02:18,"23,042.79",26-07-2026 05:33:28,"23,049.00",6.21
F01 - KOMATSU HD785-7,Equipment,First Entry,Last Entry,Net Hours,RD218,26-07-2026 06:38:28,"23,049.04",27-07-2026 05:29:44,"23,067.77",18.73
F01 - KOMATSU HD785-7,Equipment,First Entry,Last Entry,Net Hours,RD218,27-07-2026 08:51:46,"23,067.79",28-07-2026 05:24:00,"23,084.43",16.64
F01 - KOMATSU HD785-7,Equipment,First Entry,Last Entry,Net Hours,RD218,28-07-2026 06:34:00,"23,084.44",29-07-2026 05:20:41,"23,100.31",15.87
F01 - KOMATSU HD785-7,Equipment,First Entry,Last Entry,Net Hours,RD218,29-07-2026 06:27:41,"23,100.32",30-07-2026 03:54:56,"23,115.29",14.97
F01 - KOMATSU HD785-7,Equipment,First Entry,Last Entry,Net Hours,RD218,30-07-2026 07:32:57,"23,115.30",31-07-2026 05:21:50,"23,130.40",15.10
F01 - KOMATSU HD785-7,Equipment,First Entry,Last Entry,Net Hours,RD218,31-07-2026 06:27:51,"23,130.43",01-08-2026 05:17:13,"23,146.55",16.12
F01 - KOMATSU HD785-7,Equipment,First Entry,Last Entry,Net Hours,RD219,21-07-2026 06:41:16,"26,239.35",22-07-2026 05:16:33,"26,257.39",18.04
F01 - KOMATSU HD785-7,Equipment,First Entry,Last Entry,Net Hours,RD219,22-07-2026 06:30:33,"26,257.42",23-07-2026 05:24:49,"26,274.50",17.08
F01 - KOMATSU HD785-7,Equipment,First Entry,Last Entry,Net Hours,RD219,23-07-2026 06:38:50,"26,274.53",24-07-2026 05:21:06,"26,292.78",18.25
F01 - KOMATSU HD785-7,Equipment,First Entry,Last Entry,Net Hours,RD219,24-07-2026 06:42:07,"26,292.81",25-07-2026 05:21:22,"26,311.14",18.33
F01 - KOMATSU HD785-7,Equipment,First Entry,Last Entry,Net Hours,RD219,25-07-2026 06:55:23,"26,311.15",26-07-2026 05:24:38,"26,327.74",16.59
F01 - KOMATSU HD785-7,Equipment,First Entry,Last Entry,Net Hours,RD219,26-07-2026 06:44:38,"26,327.78",27-07-2026 05:06:53,"26,345.91",18.13
F01 - KOMATSU HD785-7,Equipment,First Entry,Last Entry,Net Hours,RD219,27-07-2026 07:13:53,"26,345.95",28-07-2026 05:24:36,"26,347.33",1.38
F01 - KOMATSU HD785-7,Equipment,First Entry,Last Entry,Net Hours,RD219,28-07-2026 06:27:37,"26,347.37",29-07-2026 05:16:46,"26,364.87",17.50
F01 - KOMATSU HD785-7,Equipment,First Entry,Last Entry,Net Hours,RD219,29-07-2026 06:30:46,"26,364.90",30-07-2026 05:23:02,"26,382.20",17.30
F01 - KOMATSU HD785-7,Equipment,First Entry,Last Entry,Net Hours,RD219,30-07-2026 06:33:02,"26,382.23",31-07-2026 05:21:05,"26,397.49",15.26
F01 - KOMATSU HD785-7,Equipment,First Entry,Last Entry,Net Hours,RD219,31-07-2026 07:19:06,"26,397.53",01-08-2026 05:11:20,"26,413.79",16.26
F01 - KOMATSU HD785-7,Equipment,First Entry,Last Entry,Net Hours,RD220,21-07-2026 06:00:29,"25,691.08",22-07-2026 05:57:00,"25,714.98",23.90
F01 - KOMATSU HD785-7,Equipment,First Entry,Last Entry,Net Hours,RD220,22-07-2026 06:00:00,"25,715.03",23-07-2026 05:57:16,"25,738.98",23.95
F01 - KOMATSU HD785-7,Equipment,First Entry,Last Entry,Net Hours,RD220,23-07-2026 06:00:16,"25,739.03",24-07-2026 05:57:35,"25,762.98",23.95
F01 - KOMATSU HD785-7,Equipment,First Entry,Last Entry,Net Hours,RD220,24-07-2026 06:00:35,"25,763.03",25-07-2026 05:57:51,"25,786.98",23.95
F01 - KOMATSU HD785-7,Equipment,First Entry,Last Entry,Net Hours,RD220,25-07-2026 06:00:51,"25,787.03",26-07-2026 03:17:07,"25,807.99",20.96
F01 - KOMATSU HD785-7,Equipment,First Entry,Last Entry,Net Hours,RD220,26-07-2026 08:09:10,"25,808.03",26-07-2026 16:49:20,"25,811.93",3.90
F01 - KOMATSU HD785-7,Equipment,First Entry,Last Entry,Net Hours,RD220,27-07-2026 07:06:18,"25,811.94",27-07-2026 16:29:03,"25,814.08",2.14
F01 - KOMATSU HD785-7,Equipment,First Entry,Last Entry,Net Hours,RD220,28-07-2026 07:01:41,"25,814.11",29-07-2026 05:57:57,"25,829.90",15.79
F01 - KOMATSU HD785-7,Equipment,First Entry,Last Entry,Net Hours,RD220,29-07-2026 06:00:57,"25,829.95",30-07-2026 01:16:09,"25,849.20",19.25
F01 - KOMATSU HD785-7,Equipment,First Entry,Last Entry,Net Hours,RD220,30-07-2026 06:53:49,"25,849.23",31-07-2026 05:59:08,"25,869.77",20.54
F01 - KOMATSU HD785-7,Equipment,First Entry,Last Entry,Net Hours,RD220,31-07-2026 06:02:08,"25,869.82",01-08-2026 05:57:51,"25,889.41",19.59
F01 - KOMATSU HD785-7,Equipment,First Entry,Last Entry,Net Hours,RD221,21-07-2026 06:00:37,"23,691.56",22-07-2026 05:57:55,"23,715.51",23.95
F01 - KOMATSU HD785-7,Equipment,First Entry,Last Entry,Net Hours,RD221,22-07-2026 06:00:56,"23,715.56",23-07-2026 05:58:11,"23,739.51",23.95
F01 - KOMATSU HD785-7,Equipment,First Entry,Last Entry,Net Hours,RD221,23-07-2026 06:01:11,"23,739.56",24-07-2026 05:58:28,"23,763.51",23.95
F01 - KOMATSU HD785-7,Equipment,First Entry,Last Entry,Net Hours,RD221,24-07-2026 06:01:28,"23,763.56",25-07-2026 05:58:44,"23,787.51",23.95
F01 - KOMATSU HD785-7,Equipment,First Entry,Last Entry,Net Hours,RD221,25-07-2026 06:01:44,"23,787.56",26-07-2026 05:59:02,"23,811.51",23.95
F01 - KOMATSU HD785-7,Equipment,First Entry,Last Entry,Net Hours,RD221,26-07-2026 06:02:02,"23,811.56",27-07-2026 05:59:48,"23,825.94",14.38
F01 - KOMATSU HD785-7,Equipment,First Entry,Last Entry,Net Hours,RD221,27-07-2026 06:02:48,"23,825.99",28-07-2026 05:58:58,"23,849.18",23.19
F01 - KOMATSU HD785-7,Equipment,First Entry,Last Entry,Net Hours,RD221,28-07-2026 06:01:58,"23,849.23",29-07-2026 05:58:14,"23,869.33",20.10
F01 - KOMATSU HD785-7,Equipment,First Entry,Last Entry,Net Hours,RD221,29-07-2026 06:01:14,"23,869.38",30-07-2026 05:59:23,"23,892.89",23.51
F01 - KOMATSU HD785-7,Equipment,First Entry,Last Entry,Net Hours,RD221,30-07-2026 06:02:23,"23,892.94",31-07-2026 05:59:39,"23,916.89",23.95
F01 - KOMATSU HD785-7,Equipment,First Entry,Last Entry,Net Hours,RD221,31-07-2026 06:02:39,"23,916.94",01-08-2026 05:59:55,"23,940.89",23.95
F01 - KOMATSU HD785-7,Equipment,First Entry,Last Entry,Net Hours,RD222,21-07-2026 06:53:48,"24,397.50",21-07-2026 23:38:59,"24,410.09",12.59
F01 - KOMATSU HD785-7,Equipment,First Entry,Last Entry,Net Hours,RD222,22-07-2026 06:48:02,"24,410.10",23-07-2026 05:26:17,"24,424.53",14.43
F01 - KOMATSU HD785-7,Equipment,First Entry,Last Entry,Net Hours,RD222,23-07-2026 06:30:18,"24,424.56",24-07-2026 05:26:34,"24,442.72",18.16
F01 - KOMATSU HD785-7,Equipment,First Entry,Last Entry,Net Hours,RD222,24-07-2026 06:34:35,"24,442.75",25-07-2026 05:19:50,"24,458.80",16.05
F01 - KOMATSU HD785-7,Equipment,First Entry,Last Entry,Net Hours,RD222,25-07-2026 06:39:51,"24,458.83",26-07-2026 05:35:06,"24,476.94",18.11
F01 - KOMATSU HD785-7,Equipment,First Entry,Last Entry,Net Hours,RD222,26-07-2026 06:33:06,"24,476.96",27-07-2026 05:27:21,"24,495.48",18.52
F01 - KOMATSU HD785-7,Equipment,First Entry,Last Entry,Net Hours,RD222,27-07-2026 08:19:22,"24,495.49",28-07-2026 05:23:02,"24,509.47",13.98
F01 - KOMATSU HD785-7,Equipment,First Entry,Last Entry,Net Hours,RD222,28-07-2026 06:43:02,"24,509.51",29-07-2026 05:24:17,"24,525.59",16.08
F01 - KOMATSU HD785-7,Equipment,First Entry,Last Entry,Net Hours,RD222,29-07-2026 06:36:17,"24,525.62",30-07-2026 05:21:32,"24,541.86",16.24
F01 - KOMATSU HD785-7,Equipment,First Entry,Last Entry,Net Hours,RD222,30-07-2026 06:46:32,"24,541.86",31-07-2026 05:26:48,"24,557.75",15.89
F01 - KOMATSU HD785-7,Equipment,First Entry,Last Entry,Net Hours,RD222,31-07-2026 06:27:48,"24,557.75",01-08-2026 05:25:05,"24,575.20",17.45
F01 - KOMATSU HD785-7,Equipment,First Entry,Last Entry,Net Hours,RD223,21-07-2026 06:29:28,"1,90,086.67",22-07-2026 05:18:43,"1,90,102.14",15.47
F01 - KOMATSU HD785-7,Equipment,First Entry,Last Entry,Net Hours,RD223,22-07-2026 06:43:44,"1,90,102.16",23-07-2026 05:27:00,"1,90,118.28",16.12
F01 - KOMATSU HD785-7,Equipment,First Entry,Last Entry,Net Hours,RD223,23-07-2026 06:42:00,"1,90,118.28",24-07-2026 05:42:17,"1,90,135.95",17.67
F01 - KOMATSU HD785-7,Equipment,First Entry,Last Entry,Net Hours,RD223,24-07-2026 06:40:17,"1,90,135.96",25-07-2026 05:30:34,"1,90,151.32",15.36
F01 - KOMATSU HD785-7,Equipment,First Entry,Last Entry,Net Hours,RD223,25-07-2026 07:11:36,"1,90,151.33",26-07-2026 05:27:48,"1,90,163.28",11.95
F01 - KOMATSU HD785-7,Equipment,First Entry,Last Entry,Net Hours,RD223,26-07-2026 06:42:49,"1,90,163.32",27-07-2026 05:31:02,"1,90,174.79",11.47
F01 - KOMATSU HD785-7,Equipment,First Entry,Last Entry,Net Hours,RD223,27-07-2026 06:53:02,"1,90,174.81",28-07-2026 05:27:29,"1,90,191.89",17.08
F01 - KOMATSU HD785-7,Equipment,First Entry,Last Entry,Net Hours,RD223,28-07-2026 06:51:30,"1,90,191.91",29-07-2026 05:26:44,"1,90,207.88",15.97
F01 - KOMATSU HD785-7,Equipment,First Entry,Last Entry,Net Hours,RD223,29-07-2026 06:31:44,"1,90,207.90",30-07-2026 04:39:57,"1,90,223.52",15.62
F01 - KOMATSU HD785-7,Equipment,First Entry,Last Entry,Net Hours,RD223,30-07-2026 09:38:59,"1,90,223.56",30-07-2026 14:49:58,"1,90,224.00",0.44
F01 - KOMATSU HD785-7,Equipment,First Entry,Last Entry,Net Hours,RD224,21-07-2026 06:56:22,"56,118.78",21-07-2026 20:59:58,"56,123.98",5.20
F01 - KOMATSU HD785-7,Equipment,First Entry,Last Entry,Net Hours,RD224,22-07-2026 16:56:08,"56,124.01",23-07-2026 05:26:22,"56,133.35",9.34
F01 - KOMATSU HD785-7,Equipment,First Entry,Last Entry,Net Hours,RD224,23-07-2026 09:43:42,"56,133.39",24-07-2026 05:19:07,"56,140.69",7.30
F01 - KOMATSU HD785-7,Equipment,First Entry,Last Entry,Net Hours,RD224,24-07-2026 06:42:08,"56,140.69",25-07-2026 05:32:24,"56,157.58",16.89
F01 - KOMATSU HD785-7,Equipment,First Entry,Last Entry,Net Hours,RD224,25-07-2026 06:52:24,"56,157.60",26-07-2026 05:33:39,"56,173.40",15.80
F01 - KOMATSU HD785-7,Equipment,First Entry,Last Entry,Net Hours,RD224,26-07-2026 06:41:40,"56,173.44",27-07-2026 05:31:18,"56,190.80",17.36
F01 - KOMATSU HD785-7,Equipment,First Entry,Last Entry,Net Hours,RD224,27-07-2026 06:57:18,"56,190.81",28-07-2026 05:29:35,"56,208.69",17.88
F01 - KOMATSU HD785-7,Equipment,First Entry,Last Entry,Net Hours,RD224,28-07-2026 06:42:36,"56,208.73",29-07-2026 05:22:50,"56,224.71",15.98
F01 - KOMATSU HD785-7,Equipment,First Entry,Last Entry,Net Hours,RD224,29-07-2026 06:25:50,"56,224.72",30-07-2026 05:17:07,"56,241.98",17.26
F01 - KOMATSU HD785-7,Equipment,First Entry,Last Entry,Net Hours,RD224,30-07-2026 06:39:08,"56,242.00",31-07-2026 05:19:59,"56,257.19",15.19
F01 - KOMATSU HD785-7,Equipment,First Entry,Last Entry,Net Hours,RD224,31-07-2026 06:28:00,"56,257.19",01-08-2026 05:31:15,"56,272.97",15.78
F01 - KOMATSU HD785-7,Equipment,First Entry,Last Entry,Net Hours,RD225,21-07-2026 06:38:43,"24,531.32",22-07-2026 05:18:08,"24,548.51",17.19
F01 - KOMATSU HD785-7,Equipment,First Entry,Last Entry,Net Hours,RD225,22-07-2026 06:34:09,"24,548.54",23-07-2026 05:27:34,"24,565.34",16.80
F01 - KOMATSU HD785-7,Equipment,First Entry,Last Entry,Net Hours,RD225,23-07-2026 06:42:35,"24,565.34",24-07-2026 00:46:11,"24,577.26",11.92
F01 - KOMATSU HD785-7,Equipment,First Entry,Last Entry,Net Hours,RD225,24-07-2026 06:29:56,"24,577.27",25-07-2026 05:14:19,"24,593.52",16.25
F01 - KOMATSU HD785-7,Equipment,First Entry,Last Entry,Net Hours,RD225,25-07-2026 06:29:19,"24,593.54",26-07-2026 05:28:43,"24,610.95",17.41
F01 - KOMATSU HD785-7,Equipment,First Entry,Last Entry,Net Hours,RD225,26-07-2026 06:41:43,"24,610.96",27-07-2026 05:23:06,"24,630.50",19.54
F01 - KOMATSU HD785-7,Equipment,First Entry,Last Entry,Net Hours,RD225,27-07-2026 06:50:07,"24,630.53",28-07-2026 05:15:29,"24,648.41",17.88
F01 - KOMATSU HD785-7,Equipment,First Entry,Last Entry,Net Hours,RD225,28-07-2026 06:25:30,"24,648.43",29-07-2026 05:18:52,"24,664.13",15.70
F01 - KOMATSU HD785-7,Equipment,First Entry,Last Entry,Net Hours,RD225,29-07-2026 06:30:53,"24,664.13",30-07-2026 05:33:15,"24,681.24",17.11
F01 - KOMATSU HD785-7,Equipment,First Entry,Last Entry,Net Hours,RD225,30-07-2026 06:32:15,"24,681.28",31-07-2026 05:31:36,"24,697.16",15.88
F01 - KOMATSU HD785-7,Equipment,First Entry,Last Entry,Net Hours,RD225,31-07-2026 06:53:37,"24,697.19",01-08-2026 05:25:57,"24,710.84",13.65
F01 - KOMATSU HD785-7,Equipment,First Entry,Last Entry,Net Hours,RD226,21-07-2026 06:00:05,"21,722.52",22-07-2026 05:35:32,"21,742.26",19.74
F01 - KOMATSU HD785-7,Equipment,First Entry,Last Entry,Net Hours,RD226,22-07-2026 06:40:32,"21,742.31",23-07-2026 05:45:03,"21,759.67",17.36
F01 - KOMATSU HD785-7,Equipment,First Entry,Last Entry,Net Hours,RD226,23-07-2026 06:38:03,"21,759.68",24-07-2026 05:09:02,"21,777.23",17.55
F01 - KOMATSU HD785-7,Equipment,First Entry,Last Entry,Net Hours,RD226,24-07-2026 06:49:28,"21,777.24",25-07-2026 05:01:55,"21,793.28",16.04
F01 - KOMATSU HD785-7,Equipment,First Entry,Last Entry,Net Hours,RD226,25-07-2026 06:30:56,"21,793.29",26-07-2026 05:34:51,"21,812.68",19.39
F01 - KOMATSU HD785-7,Equipment,First Entry,Last Entry,Net Hours,RD226,26-07-2026 06:43:52,"21,812.72",27-07-2026 05:43:33,"21,831.60",18.88
F01 - KOMATSU HD785-7,Equipment,First Entry,Last Entry,Net Hours,RD226,27-07-2026 06:32:33,"21,831.61",28-07-2026 05:21:32,"21,848.27",16.66
F01 - KOMATSU HD785-7,Equipment,First Entry,Last Entry,Net Hours,RD226,28-07-2026 06:34:32,"21,848.29",29-07-2026 05:23:34,"21,864.71",16.42
F01 - KOMATSU HD785-7,Equipment,First Entry,Last Entry,Net Hours,RD226,29-07-2026 06:40:35,"21,864.76",30-07-2026 04:48:53,"21,881.77",17.01
F01 - KOMATSU HD785-7,Equipment,First Entry,Last Entry,Net Hours,RD226,30-07-2026 06:42:47,"21,881.80",31-07-2026 03:52:40,"21,898.08",16.28
F01 - KOMATSU HD785-7,Equipment,First Entry,Last Entry,Net Hours,RD226,31-07-2026 06:56:42,"21,898.10",01-08-2026 05:58:47,"21,915.58",17.48
F01 - KOMATSU HD785-7,Equipment,First Entry,Last Entry,Net Hours,RD227,21-07-2026 06:56:38,"55,957.24",22-07-2026 05:31:49,"55,977.41",20.17
F01 - KOMATSU HD785-7,Equipment,First Entry,Last Entry,Net Hours,RD227,22-07-2026 08:03:53,"55,977.42",23-07-2026 05:39:59,"55,993.82",16.40
F01 - KOMATSU HD785-7,Equipment,First Entry,Last Entry,Net Hours,RD227,23-07-2026 10:39:39,"55,993.85",24-07-2026 05:34:13,"56,009.58",15.73
F01 - KOMATSU HD785-7,Equipment,First Entry,Last Entry,Net Hours,RD227,24-07-2026 07:41:26,"56,009.60",25-07-2026 01:16:57,"56,010.05",0.45
F01 - KOMATSU HD785-7,Equipment,First Entry,Last Entry,Net Hours,RD227,25-07-2026 07:20:40,"56,010.09",26-07-2026 05:24:56,"56,027.14",17.05
F01 - KOMATSU HD785-7,Equipment,First Entry,Last Entry,Net Hours,RD227,26-07-2026 06:35:57,"56,027.16",27-07-2026 05:13:45,"56,044.26",17.10
F01 - KOMATSU HD785-7,Equipment,First Entry,Last Entry,Net Hours,RD227,27-07-2026 06:53:46,"56,044.28",28-07-2026 05:25:20,"56,060.49",16.21
F01 - KOMATSU HD785-7,Equipment,First Entry,Last Entry,Net Hours,RD227,28-07-2026 06:28:20,"56,060.51",29-07-2026 05:30:44,"56,075.49",14.98
F01 - KOMATSU HD785-7,Equipment,First Entry,Last Entry,Net Hours,RD227,29-07-2026 06:35:45,"56,075.53",30-07-2026 05:21:18,"56,086.43",10.90
F01 - KOMATSU HD785-7,Equipment,First Entry,Last Entry,Net Hours,RD227,30-07-2026 06:37:19,"56,086.46",31-07-2026 03:52:24,"56,101.75",15.29
F01 - KOMATSU HD785-7,Equipment,First Entry,Last Entry,Net Hours,RD227,31-07-2026 10:31:55,"56,101.78",01-08-2026 05:57:52,"56,115.84",14.06
F01 - KOMATSU HD785-7,Equipment,First Entry,Last Entry,Net Hours,RD228,21-07-2026 06:31:11,"23,618.41",22-07-2026 05:39:48,"23,637.64",19.23
F01 - KOMATSU HD785-7,Equipment,First Entry,Last Entry,Net Hours,RD228,22-07-2026 06:27:48,"23,637.64",23-07-2026 05:34:45,"23,654.39",16.75
F01 - KOMATSU HD785-7,Equipment,First Entry,Last Entry,Net Hours,RD228,23-07-2026 06:41:45,"23,654.40",24-07-2026 05:36:11,"23,671.66",17.26
F01 - KOMATSU HD785-7,Equipment,First Entry,Last Entry,Net Hours,RD228,24-07-2026 06:42:11,"23,671.68",25-07-2026 05:32:20,"23,688.73",17.05
F01 - KOMATSU HD785-7,Equipment,First Entry,Last Entry,Net Hours,RD228,25-07-2026 06:44:21,"23,688.75",26-07-2026 05:33:07,"23,708.30",19.55
F01 - KOMATSU HD785-7,Equipment,First Entry,Last Entry,Net Hours,RD228,26-07-2026 07:17:08,"23,708.34",27-07-2026 05:17:50,"23,718.20",9.86
F01 - KOMATSU HD785-7,Equipment,First Entry,Last Entry,Net Hours,RD228,27-07-2026 06:35:50,"23,718.24",28-07-2026 05:26:59,"23,735.23",16.99
F01 - KOMATSU HD785-7,Equipment,First Entry,Last Entry,Net Hours,RD228,28-07-2026 06:33:00,"23,735.24",29-07-2026 05:37:37,"23,749.81",14.57
F01 - KOMATSU HD785-7,Equipment,First Entry,Last Entry,Net Hours,RD228,29-07-2026 07:04:38,"23,749.82",30-07-2026 03:50:33,"23,766.48",16.66
F01 - KOMATSU HD785-7,Equipment,First Entry,Last Entry,Net Hours,RD228,31-07-2026 04:34:18,"23,766.50",31-07-2026 04:39:06,"23,766.52",0.02
F01 - KOMATSU HD785-7,Equipment,First Entry,Last Entry,Net Hours,RD228,31-07-2026 06:59:07,"23,766.53",01-08-2026 05:25:59,"23,782.03",15.50
F01 - KOMATSU HD785-7,Equipment,First Entry,Last Entry,Net Hours,RD229,21-07-2026 06:30:32,"1,92,879.84",22-07-2026 05:42:23,"1,92,900.99",21.15
F01 - KOMATSU HD785-7,Equipment,First Entry,Last Entry,Net Hours,RD229,22-07-2026 06:32:24,"1,92,901.02",23-07-2026 05:33:53,"1,92,917.62",16.60
F01 - KOMATSU HD785-7,Equipment,First Entry,Last Entry,Net Hours,RD229,23-07-2026 10:48:55,"1,92,917.62",23-07-2026 20:50:33,"1,92,918.08",0.46
F01 - KOMATSU HD785-7,Equipment,First Entry,Last Entry,Net Hours,RD229,24-07-2026 15:04:36,"1,92,918.09",24-07-2026 17:24:33,"1,92,918.32",0.23
F01 - KOMATSU HD785-7,Equipment,First Entry,Last Entry,Net Hours,RD229,27-07-2026 00:12:30,"1,92,918.60",27-07-2026 05:15:12,"1,92,920.70",2.10
F01 - KOMATSU HD785-7,Equipment,First Entry,Last Entry,Net Hours,RD229,27-07-2026 06:51:12,"1,92,920.74",28-07-2026 04:08:28,"1,92,927.76",7.02
F01 - KOMATSU HD785-7,Equipment,First Entry,Last Entry,Net Hours,RD229,28-07-2026 06:25:29,"1,92,927.79",29-07-2026 05:21:45,"1,92,943.50",15.71
F01 - KOMATSU HD785-7,Equipment,First Entry,Last Entry,Net Hours,RD229,29-07-2026 06:38:46,"1,92,943.51",30-07-2026 05:24:38,"1,92,958.44",14.93
F01 - KOMATSU HD785-7,Equipment,First Entry,Last Entry,Net Hours,RD229,30-07-2026 06:44:38,"1,92,958.49",31-07-2026 05:58:02,"1,92,976.83",18.34
F01 - KOMATSU HD785-7,Equipment,First Entry,Last Entry,Net Hours,RD229,31-07-2026 06:01:02,"1,92,976.88",01-08-2026 05:33:09,"1,92,995.62",18.74
F01 - KOMATSU HD785-7,Equipment,First Entry,Last Entry,Net Hours,RD230,21-07-2026 06:43:13,"17,244.94",22-07-2026 05:35:08,"17,262.45",17.51
F01 - KOMATSU HD785-7,Equipment,First Entry,Last Entry,Net Hours,RD230,22-07-2026 06:31:09,"17,262.47",23-07-2026 05:35:01,"17,276.50",14.03
F01 - KOMATSU HD785-7,Equipment,First Entry,Last Entry,Net Hours,RD230,23-07-2026 06:54:02,"17,276.53",24-07-2026 05:26:44,"17,295.34",18.81
F01 - KOMATSU HD785-7,Equipment,First Entry,Last Entry,Net Hours,RD230,24-07-2026 06:36:46,"17,295.39",25-07-2026 05:31:48,"17,312.89",17.50
F01 - KOMATSU HD785-7,Equipment,First Entry,Last Entry,Net Hours,RD230,25-07-2026 06:28:48,"17,312.94",26-07-2026 05:33:44,"17,330.86",17.92
F01 - KOMATSU HD785-7,Equipment,First Entry,Last Entry,Net Hours,RD230,26-07-2026 07:06:46,"17,330.87",27-07-2026 05:33:08,"17,346.79",15.92
F01 - KOMATSU HD785-7,Equipment,First Entry,Last Entry,Net Hours,RD230,27-07-2026 06:36:09,"17,346.83",28-07-2026 05:23:04,"17,364.01",17.18
F01 - KOMATSU HD785-7,Equipment,First Entry,Last Entry,Net Hours,RD230,28-07-2026 06:22:04,"17,364.03",29-07-2026 05:26:53,"17,380.52",16.49
F01 - KOMATSU HD785-7,Equipment,First Entry,Last Entry,Net Hours,RD230,29-07-2026 07:02:54,"17,380.54",30-07-2026 05:38:11,"17,398.35",17.81
F01 - KOMATSU HD785-7,Equipment,First Entry,Last Entry,Net Hours,RD230,30-07-2026 06:40:12,"17,398.36",31-07-2026 05:29:53,"17,414.65",16.29
F01 - KOMATSU HD785-7,Equipment,First Entry,Last Entry,Net Hours,RD230,31-07-2026 06:37:54,"17,414.70",01-08-2026 05:33:18,"17,434.35",19.65
F01 - KOMATSU HD785-7,Equipment,First Entry,Last Entry,Net Hours,RD231,21-07-2026 06:39:46,"17,527.58",22-07-2026 05:38:04,"17,545.41",17.83
F01 - KOMATSU HD785-7,Equipment,First Entry,Last Entry,Net Hours,RD231,22-07-2026 06:34:04,"17,545.42",23-07-2026 05:34:24,"17,561.05",15.63
F01 - KOMATSU HD785-7,Equipment,First Entry,Last Entry,Net Hours,RD231,23-07-2026 06:41:24,"17,561.06",24-07-2026 05:37:39,"17,577.85",16.79
F01 - KOMATSU HD785-7,Equipment,First Entry,Last Entry,Net Hours,RD231,24-07-2026 06:25:39,"17,577.89",25-07-2026 05:32:58,"17,594.78",16.89
F01 - KOMATSU HD785-7,Equipment,First Entry,Last Entry,Net Hours,RD231,25-07-2026 06:31:59,"17,594.80",26-07-2026 05:14:39,"17,610.85",16.05
F01 - KOMATSU HD785-7,Equipment,First Entry,Last Entry,Net Hours,RD231,26-07-2026 06:44:40,"17,610.88",27-07-2026 00:55:50,"17,623.73",12.85
F01 - KOMATSU HD785-7,Equipment,First Entry,Last Entry,Net Hours,RD231,27-07-2026 06:40:52,"17,623.74",28-07-2026 05:27:17,"17,640.88",17.14
F01 - KOMATSU HD785-7,Equipment,First Entry,Last Entry,Net Hours,RD231,28-07-2026 06:30:17,"17,640.90",29-07-2026 05:10:28,"17,656.40",15.50
F01 - KOMATSU HD785-7,Equipment,First Entry,Last Entry,Net Hours,RD231,29-07-2026 06:37:28,"17,656.40",30-07-2026 05:20:23,"17,675.38",18.98
F01 - KOMATSU HD785-7,Equipment,First Entry,Last Entry,Net Hours,RD231,30-07-2026 07:01:24,"17,675.42",31-07-2026 05:40:46,"17,693.90",18.48
F01 - KOMATSU HD785-7,Equipment,First Entry,Last Entry,Net Hours,RD231,31-07-2026 06:31:47,"17,693.91",01-08-2026 05:23:31,"17,712.90",18.99
F01 - KOMATSU HD785-7,Equipment,First Entry,Last Entry,Net Hours,RD232,21-07-2026 07:28:01,"30,158.58",22-07-2026 05:19:14,"30,177.67",19.09
F01 - KOMATSU HD785-7,Equipment,First Entry,Last Entry,Net Hours,RD232,22-07-2026 06:36:14,"30,177.68",23-07-2026 05:29:31,"30,195.22",17.54
F01 - KOMATSU HD785-7,Equipment,First Entry,Last Entry,Net Hours,RD232,23-07-2026 06:38:32,"30,195.22",24-07-2026 05:31:57,"30,214.09",18.87
F01 - KOMATSU HD785-7,Equipment,First Entry,Last Entry,Net Hours,RD232,24-07-2026 06:37:58,"30,214.12",25-07-2026 05:58:49,"30,232.58",18.46
F01 - KOMATSU HD785-7,Equipment,First Entry,Last Entry,Net Hours,RD232,25-07-2026 06:01:49,"30,232.63",26-07-2026 05:57:10,"30,251.54",18.91
F01 - KOMATSU HD785-7,Equipment,First Entry,Last Entry,Net Hours,RD232,26-07-2026 06:00:10,"30,251.59",27-07-2026 04:57:27,"30,270.41",18.82
F01 - KOMATSU HD785-7,Equipment,First Entry,Last Entry,Net Hours,RD232,27-07-2026 06:48:27,"30,270.42",28-07-2026 05:33:42,"30,288.00",17.58
F01 - KOMATSU HD785-7,Equipment,First Entry,Last Entry,Net Hours,RD232,28-07-2026 06:24:43,"30,288.04",29-07-2026 03:52:22,"30,295.63",7.59
F01 - KOMATSU HD785-7,Equipment,First Entry,Last Entry,Net Hours,RD232,29-07-2026 07:16:24,"30,295.66",30-07-2026 05:32:39,"30,312.57",16.91
F01 - KOMATSU HD785-7,Equipment,First Entry,Last Entry,Net Hours,RD232,30-07-2026 06:35:40,"30,312.62",31-07-2026 05:34:05,"30,331.56",18.94
F01 - KOMATSU HD785-7,Equipment,First Entry,Last Entry,Net Hours,RD232,31-07-2026 06:47:05,"30,331.57",01-08-2026 05:38:18,"30,349.62",18.05
F01 - KOMATSU HD785-7,Equipment,First Entry,Last Entry,Net Hours,RD233,21-07-2026 06:46:02,"15,504.51",22-07-2026 05:27:28,"15,522.55",18.04
F01 - KOMATSU HD785-7,Equipment,First Entry,Last Entry,Net Hours,RD233,22-07-2026 06:40:29,"15,522.60",23-07-2026 05:31:35,"15,539.61",17.01
F01 - KOMATSU HD785-7,Equipment,First Entry,Last Entry,Net Hours,RD233,23-07-2026 06:33:35,"15,539.64",24-07-2026 05:33:52,"15,557.14",17.50
F01 - KOMATSU HD785-7,Equipment,First Entry,Last Entry,Net Hours,RD233,24-07-2026 06:35:53,"15,557.18",25-07-2026 05:59:31,"15,576.14",18.96
F01 - KOMATSU HD785-7,Equipment,First Entry,Last Entry,Net Hours,RD233,25-07-2026 06:02:31,"15,576.19",26-07-2026 05:36:48,"15,593.93",17.74
F01 - KOMATSU HD785-7,Equipment,First Entry,Last Entry,Net Hours,RD233,26-07-2026 06:38:48,"15,593.98",27-07-2026 05:32:07,"15,604.59",10.61
F01 - KOMATSU HD785-7,Equipment,First Entry,Last Entry,Net Hours,RD233,27-07-2026 06:33:07,"15,604.59",28-07-2026 05:30:54,"15,621.75",17.16
F01 - KOMATSU HD785-7,Equipment,First Entry,Last Entry,Net Hours,RD233,28-07-2026 06:30:55,"15,621.77",29-07-2026 05:27:09,"15,634.22",12.45
F01 - KOMATSU HD785-7,Equipment,First Entry,Last Entry,Net Hours,RD233,29-07-2026 06:40:09,"15,634.24",30-07-2026 05:41:33,"15,652.07",17.83
F01 - KOMATSU HD785-7,Equipment,First Entry,Last Entry,Net Hours,RD233,30-07-2026 06:43:34,"15,652.11",31-07-2026 05:32:38,"15,669.46",17.35
F01 - KOMATSU HD785-7,Equipment,First Entry,Last Entry,Net Hours,RD233,31-07-2026 06:43:39,"15,669.49",01-08-2026 04:52:38,"15,684.46",14.97
F01 - KOMATSU HD785-7,Equipment,First Entry,Last Entry,Net Hours,RD234,21-07-2026 06:36:55,"15,571.20",22-07-2026 05:44:03,"15,588.98",17.78
F01 - KOMATSU HD785-7,Equipment,First Entry,Last Entry,Net Hours,RD234,22-07-2026 06:34:03,"15,589.01",23-07-2026 05:37:37,"15,605.14",16.13
F01 - KOMATSU HD785-7,Equipment,First Entry,Last Entry,Net Hours,RD234,23-07-2026 06:41:38,"15,605.15",24-07-2026 05:33:55,"15,622.26",17.11
F01 - KOMATSU HD785-7,Equipment,First Entry,Last Entry,Net Hours,RD234,24-07-2026 06:32:56,"15,622.26",25-07-2026 05:15:15,"15,641.71",19.45
F01 - KOMATSU HD785-7,Equipment,First Entry,Last Entry,Net Hours,RD234,25-07-2026 06:29:15,"15,641.72",26-07-2026 00:19:08,"15,642.66",0.94
F01 - KOMATSU HD785-7,Equipment,First Entry,Last Entry,Net Hours,RD234,26-07-2026 06:45:11,"15,642.69",27-07-2026 05:31:14,"15,660.56",17.87
F01 - KOMATSU HD785-7,Equipment,First Entry,Last Entry,Net Hours,RD234,27-07-2026 06:35:14,"15,660.61",27-07-2026 11:20:17,"15,663.06",2.45
F01 - KOMATSU HD785-7,Equipment,First Entry,Last Entry,Net Hours,RD235,21-07-2026 07:47:53,"23,167.52",22-07-2026 05:35:57,"23,185.42",17.90
F01 - KOMATSU HD785-7,Equipment,First Entry,Last Entry,Net Hours,RD235,22-07-2026 06:31:57,"23,185.46",23-07-2026 05:36:21,"23,201.07",15.61
F01 - KOMATSU HD785-7,Equipment,First Entry,Last Entry,Net Hours,RD235,23-07-2026 06:49:22,"23,201.08",24-07-2026 05:31:04,"23,215.37",14.29
F01 - KOMATSU HD785-7,Equipment,First Entry,Last Entry,Net Hours,RD235,24-07-2026 06:29:05,"23,215.37",25-07-2026 05:35:31,"23,234.26",18.89
F01 - KOMATSU HD785-7,Equipment,First Entry,Last Entry,Net Hours,RD235,25-07-2026 06:29:31,"23,234.31",26-07-2026 05:31:34,"23,252.56",18.25
F01 - KOMATSU HD785-7,Equipment,First Entry,Last Entry,Net Hours,RD235,26-07-2026 06:47:35,"23,252.60",27-07-2026 05:35:13,"23,268.95",16.35
F01 - KOMATSU HD785-7,Equipment,First Entry,Last Entry,Net Hours,RD235,27-07-2026 06:35:14,"23,269.00",28-07-2026 05:35:58,"23,285.99",16.99
F01 - KOMATSU HD785-7,Equipment,First Entry,Last Entry,Net Hours,RD235,28-07-2026 06:29:58,"23,286.02",29-07-2026 05:37:15,"23,301.05",15.03
F01 - KOMATSU HD785-7,Equipment,First Entry,Last Entry,Net Hours,RD235,29-07-2026 06:38:16,"23,301.06",30-07-2026 05:35:19,"23,318.84",17.78
F01 - KOMATSU HD785-7,Equipment,First Entry,Last Entry,Net Hours,RD235,30-07-2026 06:37:19,"23,318.87",31-07-2026 05:36:46,"23,338.33",19.46
F01 - KOMATSU HD785-7,Equipment,First Entry,Last Entry,Net Hours,RD235,31-07-2026 06:32:47,"23,338.37",01-08-2026 05:57:07,"23,355.48",17.11
F01 - KOMATSU HD785-7,Equipment,First Entry,Last Entry,Net Hours,RD236,21-07-2026 07:53:17,"51,442.88",22-07-2026 05:36:33,"51,460.03",17.15
F01 - KOMATSU HD785-7,Equipment,First Entry,Last Entry,Net Hours,RD236,22-07-2026 06:33:33,"51,460.05",23-07-2026 05:39:53,"51,477.03",16.98
F01 - KOMATSU HD785-7,Equipment,First Entry,Last Entry,Net Hours,RD236,23-07-2026 06:46:54,"51,477.06",24-07-2026 05:35:11,"51,496.19",19.13
F01 - KOMATSU HD785-7,Equipment,First Entry,Last Entry,Net Hours,RD236,24-07-2026 06:32:11,"51,496.22",25-07-2026 05:38:31,"51,513.89",17.67
F01 - KOMATSU HD785-7,Equipment,First Entry,Last Entry,Net Hours,RD236,25-07-2026 06:39:32,"51,513.90",26-07-2026 04:57:50,"51,528.39",14.49
F01 - KOMATSU HD785-7,Equipment,First Entry,Last Entry,Net Hours,RD236,26-07-2026 07:00:51,"51,528.40",27-07-2026 05:33:28,"51,540.71",12.31
F01 - KOMATSU HD785-7,Equipment,First Entry,Last Entry,Net Hours,RD236,27-07-2026 08:17:29,"51,540.74",28-07-2026 05:32:08,"51,557.25",16.51
F01 - KOMATSU HD785-7,Equipment,First Entry,Last Entry,Net Hours,RD236,28-07-2026 06:29:08,"51,557.29",29-07-2026 05:36:58,"51,572.75",15.46
F01 - KOMATSU HD785-7,Equipment,First Entry,Last Entry,Net Hours,RD236,29-07-2026 07:37:59,"51,572.76",29-07-2026 14:58:07,"51,577.90",5.14
F01 - KOMATSU HD785-7,Equipment,First Entry,Last Entry,Net Hours,RD236,30-07-2026 21:18:19,"51,578.20",31-07-2026 05:25:25,"51,583.64",5.44
F01 - KOMATSU HD785-7,Equipment,First Entry,Last Entry,Net Hours,RD236,31-07-2026 06:48:26,"51,583.67",01-08-2026 05:21:55,"51,600.55",16.88
F01 - KOMATSU HD785-7,Equipment,First Entry,Last Entry,Net Hours,RD237,21-07-2026 06:20:26,"23,919.08",22-07-2026 05:22:07,"23,930.41",11.33
F01 - KOMATSU HD785-7,Equipment,First Entry,Last Entry,Net Hours,RD237,22-07-2026 06:27:08,"23,930.42",23-07-2026 05:29:33,"23,945.23",14.81
F01 - KOMATSU HD785-7,Equipment,First Entry,Last Entry,Net Hours,RD237,23-07-2026 06:24:33,"23,945.25",24-07-2026 05:37:31,"23,963.75",18.50
F01 - KOMATSU HD785-7,Equipment,First Entry,Last Entry,Net Hours,RD237,24-07-2026 06:29:31,"23,963.80",25-07-2026 05:29:52,"23,981.67",17.87
F01 - KOMATSU HD785-7,Equipment,First Entry,Last Entry,Net Hours,RD237,25-07-2026 06:21:52,"23,981.72",26-07-2026 05:27:14,"24,000.08",18.36
F01 - KOMATSU HD785-7,Equipment,First Entry,Last Entry,Net Hours,RD237,26-07-2026 07:00:15,"24,000.09",27-07-2026 05:04:34,"24,017.39",17.30
F01 - KOMATSU HD785-7,Equipment,First Entry,Last Entry,Net Hours,RD237,27-07-2026 06:30:34,"24,017.43",28-07-2026 05:31:49,"24,034.78",17.35
F01 - KOMATSU HD785-7,Equipment,First Entry,Last Entry,Net Hours,RD237,28-07-2026 06:16:49,"24,034.78",29-07-2026 05:29:39,"24,051.67",16.89
F01 - KOMATSU HD785-7,Equipment,First Entry,Last Entry,Net Hours,RD237,29-07-2026 07:00:40,"24,051.69",30-07-2026 05:35:59,"24,069.88",18.19
F01 - KOMATSU HD785-7,Equipment,First Entry,Last Entry,Net Hours,RD237,30-07-2026 06:46:00,"24,069.92",31-07-2026 05:57:48,"24,088.01",18.09
F01 - KOMATSU HD785-7,Equipment,First Entry,Last Entry,Net Hours,RD237,31-07-2026 06:00:48,"24,088.06",01-08-2026 05:36:04,"24,106.82",18.76
F01 - KOMATSU HD785-7,Equipment,First Entry,Last Entry,Net Hours,RD238,21-07-2026 06:35:06,"14,985.62",22-07-2026 05:36:48,"15,003.86",18.24
F01 - KOMATSU HD785-7,Equipment,First Entry,Last Entry,Net Hours,RD238,22-07-2026 06:36:49,"15,003.86",23-07-2026 05:51:11,"15,022.23",18.37
F01 - KOMATSU HD785-7,Equipment,First Entry,Last Entry,Net Hours,RD238,23-07-2026 06:37:12,"15,022.26",24-07-2026 05:25:02,"15,041.08",18.82
F01 - KOMATSU HD785-7,Equipment,First Entry,Last Entry,Net Hours,RD238,24-07-2026 06:29:02,"15,041.11",25-07-2026 05:30:52,"15,057.00",15.89
F01 - KOMATSU HD785-7,Equipment,First Entry,Last Entry,Net Hours,RD238,25-07-2026 06:37:52,"15,057.02",26-07-2026 05:32:44,"15,075.74",18.72
F01 - KOMATSU HD785-7,Equipment,First Entry,Last Entry,Net Hours,RD238,26-07-2026 06:55:45,"15,075.77",27-07-2026 05:14:17,"15,094.11",18.34
F01 - KOMATSU HD785-7,Equipment,First Entry,Last Entry,Net Hours,RD238,27-07-2026 06:43:17,"15,094.12",28-07-2026 05:28:16,"15,110.38",16.26
F01 - KOMATSU HD785-7,Equipment,First Entry,Last Entry,Net Hours,RD238,28-07-2026 06:30:17,"15,110.43",29-07-2026 05:19:11,"15,125.47",15.04
F01 - KOMATSU HD785-7,Equipment,First Entry,Last Entry,Net Hours,RD238,29-07-2026 06:34:12,"15,125.52",30-07-2026 05:23:32,"15,143.81",18.29
F01 - KOMATSU HD785-7,Equipment,First Entry,Last Entry,Net Hours,RD238,30-07-2026 06:31:32,"15,143.81",31-07-2026 05:29:54,"15,162.65",18.84
F01 - KOMATSU HD785-7,Equipment,First Entry,Last Entry,Net Hours,RD238,31-07-2026 06:31:55,"15,162.70",01-08-2026 05:26:52,"15,181.02",18.32
F01 - KOMATSU HD785-7,Equipment,First Entry,Last Entry,Net Hours,RD239,21-07-2026 12:28:42,"16,968.89",22-07-2026 05:26:52,"16,979.16",10.27
F01 - KOMATSU HD785-7,Equipment,First Entry,Last Entry,Net Hours,RD239,22-07-2026 06:27:53,"16,979.21",23-07-2026 05:34:31,"16,996.75",17.54
F01 - KOMATSU HD785-7,Equipment,First Entry,Last Entry,Net Hours,RD239,23-07-2026 06:30:31,"16,996.75",24-07-2026 05:26:51,"17,013.50",16.75
F01 - KOMATSU HD785-7,Equipment,First Entry,Last Entry,Net Hours,RD239,24-07-2026 06:26:52,"17,013.52",25-07-2026 05:14:12,"17,029.96",16.44
F01 - KOMATSU HD785-7,Equipment,First Entry,Last Entry,Net Hours,RD239,25-07-2026 06:27:12,"17,029.97",26-07-2026 05:57:37,"17,049.80",19.83
F01 - KOMATSU HD785-7,Equipment,First Entry,Last Entry,Net Hours,RD239,26-07-2026 06:00:38,"17,049.85",27-07-2026 04:12:47,"17,050.93",1.08
F01 - KOMATSU HD785-7,Equipment,First Entry,Last Entry,Net Hours,RD239,27-07-2026 07:09:48,"17,050.96",27-07-2026 07:15:48,"17,051.04",0.08
F01 - KOMATSU HD785-7,Equipment,First Entry,Last Entry,Net Hours,RD240,21-07-2026 06:40:26,"16,374.55",22-07-2026 05:27:44,"16,392.73",18.18
F01 - KOMATSU HD785-7,Equipment,First Entry,Last Entry,Net Hours,RD240,22-07-2026 06:26:44,"16,392.78",23-07-2026 05:31:23,"16,410.38",17.60
F01 - KOMATSU HD785-7,Equipment,First Entry,Last Entry,Net Hours,RD240,23-07-2026 06:34:23,"16,410.42",24-07-2026 05:29:19,"16,427.05",16.63
F01 - KOMATSU HD785-7,Equipment,First Entry,Last Entry,Net Hours,RD240,24-07-2026 06:31:21,"16,427.09",25-07-2026 05:22:18,"16,445.44",18.35
F01 - KOMATSU HD785-7,Equipment,First Entry,Last Entry,Net Hours,RD240,25-07-2026 06:30:19,"16,445.44",26-07-2026 05:59:31,"16,464.47",19.03
F01 - KOMATSU HD785-7,Equipment,First Entry,Last Entry,Net Hours,RD240,26-07-2026 06:02:31,"16,464.52",27-07-2026 05:38:37,"16,480.05",15.53
F01 - KOMATSU HD785-7,Equipment,First Entry,Last Entry,Net Hours,RD240,27-07-2026 06:39:38,"16,480.06",28-07-2026 05:34:55,"16,497.88",17.82
F01 - KOMATSU HD785-7,Equipment,First Entry,Last Entry,Net Hours,RD240,28-07-2026 06:32:55,"16,497.92",29-07-2026 05:31:28,"16,513.26",15.34
F01 - KOMATSU HD785-7,Equipment,First Entry,Last Entry,Net Hours,RD240,29-07-2026 06:43:29,"16,513.26",30-07-2026 05:29:28,"16,531.44",18.18
F01 - KOMATSU HD785-7,Equipment,First Entry,Last Entry,Net Hours,RD240,30-07-2026 06:48:29,"16,531.45",31-07-2026 05:59:24,"16,551.06",19.61
F01 - KOMATSU HD785-7,Equipment,First Entry,Last Entry,Net Hours,RD240,31-07-2026 06:02:25,"16,551.11",01-08-2026 05:57:56,"16,570.32",19.21
F01 - KOMATSU HD785-7,Equipment,First Entry,Last Entry,Net Hours,RD241,21-07-2026 06:01:17,"65,486.27",22-07-2026 05:23:14,"65,505.71",19.44
F01 - KOMATSU HD785-7,Equipment,First Entry,Last Entry,Net Hours,RD241,22-07-2026 06:28:15,"65,505.73",23-07-2026 05:29:43,"65,522.63",16.90
F01 - KOMATSU HD785-7,Equipment,First Entry,Last Entry,Net Hours,RD241,23-07-2026 06:37:43,"65,522.66",24-07-2026 05:26:11,"65,540.93",18.27
F01 - KOMATSU HD785-7,Equipment,First Entry,Last Entry,Net Hours,RD241,24-07-2026 06:33:12,"65,540.97",25-07-2026 05:34:59,"65,559.14",18.17
F01 - KOMATSU HD785-7,Equipment,First Entry,Last Entry,Net Hours,RD241,25-07-2026 06:24:00,"65,559.19",26-07-2026 05:37:09,"65,577.66",18.47
F01 - KOMATSU HD785-7,Equipment,First Entry,Last Entry,Net Hours,RD241,26-07-2026 06:38:10,"65,577.70",27-07-2026 05:36:38,"65,597.08",19.38
F01 - KOMATSU HD785-7,Equipment,First Entry,Last Entry,Net Hours,RD241,27-07-2026 08:09:39,"65,597.09",28-07-2026 05:34:30,"65,613.64",16.55
F01 - KOMATSU HD785-7,Equipment,First Entry,Last Entry,Net Hours,RD241,28-07-2026 06:19:30,"65,613.68",29-07-2026 05:20:51,"65,630.68",17.00
F01 - KOMATSU HD785-7,Equipment,First Entry,Last Entry,Net Hours,RD241,29-07-2026 06:38:51,"65,630.72",30-07-2026 05:36:53,"65,647.17",16.45
F01 - KOMATSU HD785-7,Equipment,First Entry,Last Entry,Net Hours,RD241,30-07-2026 06:32:53,"65,647.19",31-07-2026 05:32:26,"65,666.45",19.26
F01 - KOMATSU HD785-7,Equipment,First Entry,Last Entry,Net Hours,RD241,31-07-2026 06:21:26,"65,666.45",01-08-2026 05:58:08,"65,686.84",20.39
F01 - KOMATSU HD785-7,Equipment,First Entry,Last Entry,Net Hours,RD242,21-07-2026 06:01:51,"15,387.74",22-07-2026 05:17:49,"15,408.11",20.37
F01 - KOMATSU HD785-7,Equipment,First Entry,Last Entry,Net Hours,RD242,22-07-2026 06:25:50,"15,408.16",23-07-2026 05:36:15,"15,425.64",17.48
F01 - KOMATSU HD785-7,Equipment,First Entry,Last Entry,Net Hours,RD242,23-07-2026 06:27:16,"15,425.65",24-07-2026 05:31:40,"15,444.94",19.29
F01 - KOMATSU HD785-7,Equipment,First Entry,Last Entry,Net Hours,RD242,24-07-2026 06:23:40,"15,444.95",25-07-2026 05:59:49,"15,463.70",18.75
F01 - KOMATSU HD785-7,Equipment,First Entry,Last Entry,Net Hours,RD242,25-07-2026 06:02:49,"15,463.75",26-07-2026 05:34:18,"15,480.89",17.14
F01 - KOMATSU HD785-7,Equipment,First Entry,Last Entry,Net Hours,RD242,26-07-2026 06:31:19,"15,480.91",27-07-2026 05:43:41,"15,499.23",18.32
F01 - KOMATSU HD785-7,Equipment,First Entry,Last Entry,Net Hours,RD242,27-07-2026 06:41:42,"15,499.27",28-07-2026 05:32:05,"15,513.74",14.47
F01 - KOMATSU HD785-7,Equipment,First Entry,Last Entry,Net Hours,RD242,28-07-2026 06:23:06,"15,513.76",29-07-2026 05:35:20,"15,526.14",12.38
F01 - KOMATSU HD785-7,Equipment,First Entry,Last Entry,Net Hours,RD242,29-07-2026 06:50:20,"15,526.17",30-07-2026 05:43:40,"15,542.27",16.10
F01 - KOMATSU HD785-7,Equipment,First Entry,Last Entry,Net Hours,RD242,30-07-2026 06:35:40,"15,542.31",31-07-2026 03:51:13,"15,559.69",17.38
F01 - KOMATSU HD785-7,Equipment,First Entry,Last Entry,Net Hours,RD242,31-07-2026 07:24:15,"15,559.71",31-07-2026 07:24:15,"15,559.71",0.00
F01 - KOMATSU HD785-7,Equipment,First Entry,Last Entry,Net Hours,RD243,21-07-2026 06:37:21,"10,01,346.20",22-07-2026 05:29:37,"10,01,366.87",20.67
F01 - KOMATSU HD785-7,Equipment,First Entry,Last Entry,Net Hours,RD243,22-07-2026 06:25:38,"10,01,366.91",23-07-2026 05:36:28,"10,01,382.55",15.64
F01 - KOMATSU HD785-7,Equipment,First Entry,Last Entry,Net Hours,RD243,23-07-2026 07:05:29,"10,01,382.58",24-07-2026 05:29:24,"10,01,397.95",15.37
F01 - KOMATSU HD785-7,Equipment,First Entry,Last Entry,Net Hours,RD243,24-07-2026 06:30:25,"10,01,397.96",25-07-2026 05:31:17,"10,01,414.29",16.33
F01 - KOMATSU HD785-7,Equipment,First Entry,Last Entry,Net Hours,RD243,25-07-2026 07:03:18,"10,01,414.29",26-07-2026 05:30:33,"10,01,430.97",16.68
F01 - KOMATSU HD785-7,Equipment,First Entry,Last Entry,Net Hours,RD243,26-07-2026 06:28:34,"10,01,430.99",27-07-2026 05:43:20,"10,01,450.04",19.05
F01 - KOMATSU HD785-7,Equipment,First Entry,Last Entry,Net Hours,RD243,27-07-2026 06:31:20,"10,01,450.04",28-07-2026 05:30:00,"10,01,467.50",17.46
F01 - KOMATSU HD785-7,Equipment,First Entry,Last Entry,Net Hours,RD243,28-07-2026 06:19:00,"10,01,467.55",29-07-2026 05:39:39,"10,01,483.37",15.82
F01 - KOMATSU HD785-7,Equipment,First Entry,Last Entry,Net Hours,RD243,29-07-2026 07:06:40,"10,01,483.39",30-07-2026 05:32:32,"10,01,494.83",11.44
F01 - KOMATSU HD785-7,Equipment,First Entry,Last Entry,Net Hours,RD243,30-07-2026 06:27:33,"10,01,494.87",31-07-2026 05:22:20,"10,01,514.96",20.09
F01 - KOMATSU HD785-7,Equipment,First Entry,Last Entry,Net Hours,RD243,31-07-2026 06:28:20,"10,01,514.99",01-08-2026 05:34:35,"10,01,529.43",14.44
F01 - KOMATSU HD785-7,Equipment,First Entry,Last Entry,Net Hours,RD244,21-07-2026 06:30:32,"13,921.82",21-07-2026 22:39:50,"13,932.86",11.04
F01 - KOMATSU HD785-7,Equipment,First Entry,Last Entry,Net Hours,RD244,23-07-2026 04:09:40,"13,933.46",23-07-2026 04:12:40,"13,933.51",0.05
F01 - KOMATSU HD785-7,Equipment,First Entry,Last Entry,Net Hours,RD244,23-07-2026 06:51:41,"13,933.55",24-07-2026 05:27:19,"13,945.71",12.16
F01 - KOMATSU HD785-7,Equipment,First Entry,Last Entry,Net Hours,RD244,24-07-2026 06:25:20,"13,945.74",25-07-2026 05:37:05,"13,963.86",18.12
F01 - KOMATSU HD785-7,Equipment,First Entry,Last Entry,Net Hours,RD244,25-07-2026 06:29:05,"13,963.88",26-07-2026 05:38:50,"13,981.26",17.38
F01 - KOMATSU HD785-7,Equipment,First Entry,Last Entry,Net Hours,RD244,26-07-2026 09:30:52,"13,981.27",27-07-2026 05:42:58,"13,997.74",16.47
F01 - KOMATSU HD785-7,Equipment,First Entry,Last Entry,Net Hours,RD244,27-07-2026 06:33:58,"13,997.75",28-07-2026 05:08:12,"14,015.69",17.94
F01 - KOMATSU HD785-7,Equipment,First Entry,Last Entry,Net Hours,RD244,28-07-2026 06:24:13,"14,015.73",29-07-2026 05:36:05,"14,031.74",16.01
F01 - KOMATSU HD785-7,Equipment,First Entry,Last Entry,Net Hours,RD244,29-07-2026 06:49:06,"14,031.77",30-07-2026 05:36:29,"14,050.15",18.38
F01 - KOMATSU HD785-7,Equipment,First Entry,Last Entry,Net Hours,RD244,30-07-2026 06:33:29,"14,050.16",31-07-2026 05:26:02,"14,069.90",19.74
F01 - KOMATSU HD785-7,Equipment,First Entry,Last Entry,Net Hours,RD244,31-07-2026 06:25:02,"14,069.92",01-08-2026 05:27:48,"14,088.95",19.03
F01 - KOMATSU HD785-7,Equipment,First Entry,Last Entry,Net Hours,RD245,21-07-2026 06:01:23,"1,22,340.83",22-07-2026 05:41:43,"1,22,360.65",19.82
F01 - KOMATSU HD785-7,Equipment,First Entry,Last Entry,Net Hours,RD245,22-07-2026 06:25:43,"1,22,360.68",23-07-2026 05:36:03,"1,22,378.45",17.77
F01 - KOMATSU HD785-7,Equipment,First Entry,Last Entry,Net Hours,RD245,23-07-2026 06:35:04,"1,22,378.46",24-07-2026 05:37:26,"1,22,398.06",19.60
F01 - KOMATSU HD785-7,Equipment,First Entry,Last Entry,Net Hours,RD245,24-07-2026 06:28:27,"1,22,398.07",25-07-2026 05:59:48,"1,22,417.90",19.83
F01 - KOMATSU HD785-7,Equipment,First Entry,Last Entry,Net Hours,RD245,25-07-2026 06:02:48,"1,22,417.95",26-07-2026 05:30:10,"1,22,436.26",18.31
F01 - KOMATSU HD785-7,Equipment,First Entry,Last Entry,Net Hours,RD245,26-07-2026 06:31:10,"1,22,436.29",27-07-2026 05:28:51,"1,22,455.15",18.86
F01 - KOMATSU HD785-7,Equipment,First Entry,Last Entry,Net Hours,RD245,27-07-2026 06:34:52,"1,22,455.19",27-07-2026 17:45:57,"1,22,455.60",0.41
F01 - KOMATSU HD785-7,Equipment,First Entry,Last Entry,Net Hours,RD245,30-07-2026 10:21:53,"1,31,650.45",31-07-2026 05:35:49,"1,31,666.31",15.86
F01 - KOMATSU HD785-7,Equipment,First Entry,Last Entry,Net Hours,RD245,31-07-2026 06:39:49,"1,31,666.31",01-08-2026 05:30:11,"1,31,685.26",18.95
F01 - KOMATSU HD785-7,Equipment,First Entry,Last Entry,Net Hours,RD246,21-07-2026 06:02:22,"7,70,339.97",22-07-2026 05:59:41,"7,70,363.92",23.95
F01 - KOMATSU HD785-7,Equipment,First Entry,Last Entry,Net Hours,RD246,22-07-2026 06:02:41,"7,70,363.97",23-07-2026 05:57:39,"7,70,387.49",23.52
F01 - KOMATSU HD785-7,Equipment,First Entry,Last Entry,Net Hours,RD246,23-07-2026 06:00:39,"7,70,387.54",24-07-2026 05:57:19,"7,70,411.28",23.74
F01 - KOMATSU HD785-7,Equipment,First Entry,Last Entry,Net Hours,RD246,24-07-2026 06:00:19,"7,70,411.33",25-07-2026 05:57:24,"7,70,434.84",23.51
F01 - KOMATSU HD785-7,Equipment,First Entry,Last Entry,Net Hours,RD246,25-07-2026 06:00:24,"7,70,434.90",26-07-2026 05:57:56,"7,70,447.66",12.76
F01 - KOMATSU HD785-7,Equipment,First Entry,Last Entry,Net Hours,RD246,26-07-2026 06:00:56,"7,70,447.71",27-07-2026 05:57:08,"7,70,471.56",23.85
F01 - KOMATSU HD785-7,Equipment,First Entry,Last Entry,Net Hours,RD246,27-07-2026 06:00:08,"7,70,471.61",28-07-2026 05:59:16,"7,70,495.46",23.85
F01 - KOMATSU HD785-7,Equipment,First Entry,Last Entry,Net Hours,RD246,28-07-2026 06:02:16,"7,70,495.51",29-07-2026 05:59:38,"7,70,519.46",23.95
F01 - KOMATSU HD785-7,Equipment,First Entry,Last Entry,Net Hours,RD246,29-07-2026 06:02:38,"7,70,519.51",30-07-2026 05:58:45,"7,70,542.81",23.30
F01 - KOMATSU HD785-7,Equipment,First Entry,Last Entry,Net Hours,RD246,30-07-2026 06:01:45,"7,70,542.86",31-07-2026 03:50:04,"7,70,553.92",11.06
F01 - KOMATSU HD785-7,Equipment,First Entry,Last Entry,Net Hours,RD247,21-07-2026 09:46:51,"15,707.46",21-07-2026 20:51:16,"15,708.21",0.75
F01 - KOMATSU HD785-7,Equipment,First Entry,Last Entry,Net Hours,RD247,23-07-2026 13:38:18,"15,708.38",23-07-2026 13:42:42,"15,708.46",0.08
F01 - KOMATSU HD785-7,Equipment,First Entry,Last Entry,Net Hours,RD247,25-07-2026 20:09:26,"15,708.50",26-07-2026 03:17:47,"15,709.20",0.70
F01 - KOMATSU HD785-7,Equipment,First Entry,Last Entry,Net Hours,RD247,26-07-2026 06:42:50,"15,709.23",27-07-2026 05:36:10,"15,727.83",18.60
F01 - KOMATSU HD785-7,Equipment,First Entry,Last Entry,Net Hours,RD247,27-07-2026 06:36:12,"15,727.85",28-07-2026 05:34:51,"15,745.58",17.73
F01 - KOMATSU HD785-7,Equipment,First Entry,Last Entry,Net Hours,RD247,28-07-2026 06:23:52,"15,745.61",29-07-2026 05:22:57,"15,761.87",16.26
F01 - KOMATSU HD785-7,Equipment,First Entry,Last Entry,Net Hours,RD247,29-07-2026 07:13:58,"15,761.88",30-07-2026 02:24:12,"15,771.40",9.52
F01 - KOMATSU HD785-7,Equipment,First Entry,Last Entry,Net Hours,RD247,30-07-2026 06:47:16,"15,771.42",31-07-2026 05:33:11,"15,790.87",19.45
F01 - KOMATSU HD785-7,Equipment,First Entry,Last Entry,Net Hours,RD247,31-07-2026 06:33:12,"15,790.89",01-08-2026 05:26:37,"15,810.82",19.93
F01 - KOMATSU HD785-7,Equipment,First Entry,Last Entry,Net Hours,RD248,21-07-2026 17:17:02,"8,61,857.43",22-07-2026 05:30:28,"8,66,307.93","4,450.50"
F01 - KOMATSU HD785-7,Equipment,First Entry,Last Entry,Net Hours,RD248,22-07-2026 06:28:28,"8,66,307.95",23-07-2026 05:31:48,"8,66,325.70",17.75
F01 - KOMATSU HD785-7,Equipment,First Entry,Last Entry,Net Hours,RD248,23-07-2026 07:05:50,"8,66,325.71",24-07-2026 05:31:37,"8,66,343.49",17.78
F01 - KOMATSU HD785-7,Equipment,First Entry,Last Entry,Net Hours,RD248,24-07-2026 06:27:37,"8,66,343.50",25-07-2026 05:57:14,"8,75,375.03","9,031.53"
F01 - KOMATSU HD785-7,Equipment,First Entry,Last Entry,Net Hours,RD248,25-07-2026 06:00:14,"8,75,375.08",25-07-2026 18:31:23,"8,75,383.53",8.45
F01 - KOMATSU HD785-7,Equipment,First Entry,Last Entry,Net Hours,RD248,26-07-2026 09:19:50,"8,75,383.54",27-07-2026 05:32:32,"8,75,399.78",16.24
F01 - KOMATSU HD785-7,Equipment,First Entry,Last Entry,Net Hours,RD248,27-07-2026 06:33:32,"8,75,399.81",28-07-2026 05:32:40,"8,75,415.28",15.47
F01 - KOMATSU HD785-7,Equipment,First Entry,Last Entry,Net Hours,RD248,28-07-2026 06:13:40,"8,75,415.30",29-07-2026 05:31:00,"8,75,432.43",17.13
F01 - KOMATSU HD785-7,Equipment,First Entry,Last Entry,Net Hours,RD248,29-07-2026 06:35:01,"8,75,432.43",30-07-2026 05:37:23,"8,75,450.80",18.37
F01 - KOMATSU HD785-7,Equipment,First Entry,Last Entry,Net Hours,RD248,30-07-2026 06:38:23,"8,75,450.81",31-07-2026 05:28:31,"8,75,467.49",16.68
F01 - KOMATSU HD785-7,Equipment,First Entry,Last Entry,Net Hours,RD248,31-07-2026 06:16:31,"8,75,467.54",01-08-2026 05:26:05,"7,35,924.11","-1,39,543.43"
F01 - KOMATSU HD785-7,Equipment,First Entry,Last Entry,Net Hours,RD249,21-07-2026 06:32:10,"1,07,364.33",21-07-2026 18:57:17,"1,07,371.13",6.80
F01 - KOMATSU HD785-7,Equipment,First Entry,Last Entry,Net Hours,RD249,23-07-2026 02:40:48,"1,07,371.75",23-07-2026 02:41:16,"1,07,371.75",0.00
F01 - KOMATSU HD785-7,Equipment,First Entry,Last Entry,Net Hours,RD249,23-07-2026 06:48:50,"1,07,371.77",24-07-2026 05:35:55,"1,07,390.08",18.31
F01 - KOMATSU HD785-7,Equipment,First Entry,Last Entry,Net Hours,RD249,24-07-2026 06:28:55,"1,07,390.10",25-07-2026 05:31:36,"1,07,408.65",18.55
F01 - KOMATSU HD785-7,Equipment,First Entry,Last Entry,Net Hours,RD249,25-07-2026 06:23:37,"1,07,408.70",26-07-2026 05:57:54,"1,07,427.79",19.09
F01 - KOMATSU HD785-7,Equipment,First Entry,Last Entry,Net Hours,RD249,26-07-2026 06:00:54,"1,07,427.84",27-07-2026 05:35:05,"1,07,443.72",15.88
F01 - KOMATSU HD785-7,Equipment,First Entry,Last Entry,Net Hours,RD249,27-07-2026 06:30:05,"1,07,443.72",28-07-2026 05:26:21,"1,07,460.10",16.38
F01 - KOMATSU HD785-7,Equipment,First Entry,Last Entry,Net Hours,RD249,28-07-2026 06:24:22,"1,07,460.14",29-07-2026 05:40:37,"1,07,475.76",15.62
F01 - KOMATSU HD785-7,Equipment,First Entry,Last Entry,Net Hours,RD249,29-07-2026 06:51:38,"1,07,475.76",29-07-2026 20:51:10,"1,07,486.77",11.01
F01 - KOMATSU HD785-7,Equipment,First Entry,Last Entry,Net Hours,RD249,30-07-2026 13:18:25,"1,07,486.82",30-07-2026 16:24:26,"1,07,487.16",0.34
F01 - KOMATSU HD785-7,Equipment,First Entry,Last Entry,Net Hours,RD250,26-07-2026 15:40:47,"11,392.30",26-07-2026 15:40:47,"11,392.30",0.00
F01 - KOMATSU HD785-7,Equipment,First Entry,Last Entry,Net Hours,RD251,21-07-2026 06:33:50,"14,617.00",22-07-2026 05:19:01,"14,631.41",14.41
F01 - KOMATSU HD785-7,Equipment,First Entry,Last Entry,Net Hours,RD251,22-07-2026 07:21:02,"14,631.44",23-07-2026 05:36:46,"14,647.47",16.03
F01 - KOMATSU HD785-7,Equipment,First Entry,Last Entry,Net Hours,RD251,23-07-2026 06:37:46,"14,647.50",24-07-2026 05:32:52,"14,664.89",17.39
F01 - KOMATSU HD785-7,Equipment,First Entry,Last Entry,Net Hours,RD251,24-07-2026 06:26:52,"14,664.93",25-07-2026 05:40:11,"14,683.22",18.29
F01 - KOMATSU HD785-7,Equipment,First Entry,Last Entry,Net Hours,RD251,25-07-2026 06:26:11,"14,683.25",26-07-2026 05:35:28,"14,697.81",14.56
F01 - KOMATSU HD785-7,Equipment,First Entry,Last Entry,Net Hours,RD251,26-07-2026 06:41:29,"14,697.81",27-07-2026 05:23:45,"14,712.61",14.80
F01 - KOMATSU HD785-7,Equipment,First Entry,Last Entry,Net Hours,RD251,27-07-2026 07:35:46,"14,712.64",28-07-2026 05:17:02,"14,727.17",14.53
F01 - KOMATSU HD785-7,Equipment,First Entry,Last Entry,Net Hours,RD251,28-07-2026 06:32:02,"14,727.19",29-07-2026 05:32:32,"14,734.99",7.80
F01 - KOMATSU HD785-7,Equipment,First Entry,Last Entry,Net Hours,RD251,29-07-2026 06:38:32,"14,735.02",30-07-2026 05:34:58,"14,751.94",16.92
F01 - KOMATSU HD785-7,Equipment,First Entry,Last Entry,Net Hours,RD251,30-07-2026 06:31:59,"14,751.96",31-07-2026 05:31:22,"14,771.28",19.32
F01 - KOMATSU HD785-7,Equipment,First Entry,Last Entry,Net Hours,RD251,31-07-2026 06:36:22,"14,771.28",01-08-2026 05:31:49,"14,788.62",17.34
F01 - KOMATSU HD785-7,Equipment,First Entry,Last Entry,Net Hours,RD252,21-07-2026 06:33:58,"33,858.34",22-07-2026 05:45:43,"33,878.91",20.57
F01 - KOMATSU HD785-7,Equipment,First Entry,Last Entry,Net Hours,RD252,22-07-2026 06:35:43,"33,878.91",23-07-2026 05:31:26,"33,896.33",17.42
F01 - KOMATSU HD785-7,Equipment,First Entry,Last Entry,Net Hours,RD252,23-07-2026 06:36:27,"33,896.35",24-07-2026 05:36:22,"33,913.42",17.07
F01 - KOMATSU HD785-7,Equipment,First Entry,Last Entry,Net Hours,RD252,24-07-2026 06:26:23,"33,913.45",25-07-2026 04:58:10,"33,930.53",17.08
F01 - KOMATSU HD785-7,Equipment,First Entry,Last Entry,Net Hours,RD252,25-07-2026 06:34:11,"33,930.57",26-07-2026 05:59:31,"33,948.35",17.78
F01 - KOMATSU HD785-7,Equipment,First Entry,Last Entry,Net Hours,RD252,26-07-2026 06:02:31,"33,948.40",27-07-2026 05:36:56,"33,966.30",17.90
F01 - KOMATSU HD785-7,Equipment,First Entry,Last Entry,Net Hours,RD252,27-07-2026 06:30:56,"33,966.32",28-07-2026 05:28:42,"33,980.40",14.08
F01 - KOMATSU HD785-7,Equipment,First Entry,Last Entry,Net Hours,RD252,28-07-2026 06:15:43,"33,980.45",29-07-2026 05:01:44,"33,996.12",15.67
F01 - KOMATSU HD785-7,Equipment,First Entry,Last Entry,Net Hours,RD252,29-07-2026 07:05:45,"33,996.17",29-07-2026 13:17:05,"33,998.72",2.55
F01 - KOMATSU HD785-7,Equipment,First Entry,Last Entry,Net Hours,RD252,30-07-2026 21:34:20,"33,999.69",31-07-2026 05:58:27,"34,006.10",6.41
F01 - KOMATSU HD785-7,Equipment,First Entry,Last Entry,Net Hours,RD252,31-07-2026 06:01:28,"34,006.15",01-08-2026 05:41:47,"34,024.41",18.26
F01 - KOMATSU HD785-7,Equipment,First Entry,Last Entry,Net Hours,RD253,21-07-2026 06:00:06,"14,217.63",22-07-2026 05:32:43,"14,237.84",20.21
F01 - KOMATSU HD785-7,Equipment,First Entry,Last Entry,Net Hours,RD253,22-07-2026 07:03:44,"14,237.88",23-07-2026 05:27:30,"14,254.12",16.24
F01 - KOMATSU HD785-7,Equipment,First Entry,Last Entry,Net Hours,RD253,23-07-2026 06:26:30,"14,254.15",23-07-2026 20:46:38,"14,260.40",6.25
F01 - KOMATSU HD785-7,Equipment,First Entry,Last Entry,Net Hours,RD253,25-07-2026 06:47:14,"14,260.61",26-07-2026 05:58:54,"14,273.55",12.94
F01 - KOMATSU HD785-7,Equipment,First Entry,Last Entry,Net Hours,RD253,26-07-2026 06:01:54,"14,273.60",27-07-2026 05:39:38,"14,291.26",17.66
F01 - KOMATSU HD785-7,Equipment,First Entry,Last Entry,Net Hours,RD253,27-07-2026 08:19:39,"14,291.27",28-07-2026 05:34:19,"14,306.44",15.17
F01 - KOMATSU HD785-7,Equipment,First Entry,Last Entry,Net Hours,RD253,28-07-2026 06:25:20,"14,306.45",29-07-2026 05:30:27,"14,323.61",17.16
F01 - KOMATSU HD785-7,Equipment,First Entry,Last Entry,Net Hours,RD253,29-07-2026 06:33:28,"14,323.65",30-07-2026 05:33:23,"14,340.49",16.84
F01 - KOMATSU HD785-7,Equipment,First Entry,Last Entry,Net Hours,RD253,30-07-2026 06:35:24,"14,340.50",31-07-2026 05:57:40,"14,358.76",18.26
F01 - KOMATSU HD785-7,Equipment,First Entry,Last Entry,Net Hours,RD253,31-07-2026 06:00:40,"14,358.81",01-08-2026 05:57:14,"14,378.24",19.43
F02 - Caterpillar 773E,Equipment,First Entry,Last Entry,Net Hours,RD2KC1,28-07-2026 07:34:22,"62,888.40",28-07-2026 11:12:40,"62,888.54",0.14
F02 - Caterpillar 773E,Equipment,First Entry,Last Entry,Net Hours,RD2KC1,30-07-2026 10:10:47,"62,888.56",30-07-2026 23:40:32,"62,893.36",4.80
F02 - Caterpillar 773E,Equipment,First Entry,Last Entry,Net Hours,RD2KC1,31-07-2026 10:15:12,"62,893.39",31-07-2026 10:15:12,"62,893.39",0.00
F02 - Caterpillar 773E,Equipment,First Entry,Last Entry,Net Hours,RD2KC2,21-07-2026 06:50:24,"11,665.02",21-07-2026 08:16:20,"11,665.60",0.58
F02 - Caterpillar 773E,Equipment,First Entry,Last Entry,Net Hours,RD2KC2,22-07-2026 22:56:01,"11,667.60",23-07-2026 05:11:47,"11,668.06",0.46
F02 - Caterpillar 773E,Equipment,First Entry,Last Entry,Net Hours,RD2KC2,23-07-2026 06:49:48,"11,668.10",24-07-2026 05:11:25,"11,676.79",8.69
F02 - Caterpillar 773E,Equipment,First Entry,Last Entry,Net Hours,RD2KC2,24-07-2026 06:38:26,"11,676.79",25-07-2026 05:19:12,"11,688.61",11.82
F02 - Caterpillar 773E,Equipment,First Entry,Last Entry,Net Hours,RD2KC2,25-07-2026 06:37:13,"11,688.66",26-07-2026 05:18:16,"11,696.83",8.17
F02 - Caterpillar 773E,Equipment,First Entry,Last Entry,Net Hours,RD2KC2,26-07-2026 06:43:17,"11,696.85",27-07-2026 05:03:48,"11,709.39",12.54
F02 - Caterpillar 773E,Equipment,First Entry,Last Entry,Net Hours,RD2KC2,27-07-2026 07:15:49,"11,709.41",28-07-2026 05:08:11,"11,719.61",10.20
F02 - Caterpillar 773E,Equipment,First Entry,Last Entry,Net Hours,RD2KC2,28-07-2026 06:40:12,"11,719.66",29-07-2026 05:17:29,"11,728.82",9.16
F02 - Caterpillar 773E,Equipment,First Entry,Last Entry,Net Hours,RD2KC2,29-07-2026 06:32:30,"11,728.84",29-07-2026 21:46:52,"11,732.31",3.47
F02 - Caterpillar 773E,Equipment,First Entry,Last Entry,Net Hours,RD2KC2,30-07-2026 19:17:04,"11,732.36",31-07-2026 05:22:21,"11,736.13",3.77
F02 - Caterpillar 773E,Equipment,First Entry,Last Entry,Net Hours,RD2KC2,31-07-2026 07:17:20,"11,736.16",01-08-2026 05:01:12,"11,742.86",6.70
F02 - Caterpillar 773E,Equipment,First Entry,Last Entry,Net Hours,RD2KC4,25-07-2026 10:37:53,"41,510.19",25-07-2026 17:19:39,"41,510.61",0.42
F02 - Caterpillar 773E,Equipment,First Entry,Last Entry,Net Hours,RD2KC4,26-07-2026 11:44:11,"41,510.64",26-07-2026 22:51:32,"41,511.75",1.11
F02 - Caterpillar 773E,Equipment,First Entry,Last Entry,Net Hours,RD2KC4,27-07-2026 08:02:36,"41,511.78",27-07-2026 23:06:07,"41,513.49",1.71
F02 - Caterpillar 773E,Equipment,First Entry,Last Entry,Net Hours,RD2KC4,28-07-2026 14:30:13,"41,513.51",29-07-2026 01:08:18,"41,513.51",0.00
F02 - Caterpillar 773E,Equipment,First Entry,Last Entry,Net Hours,RD2KC4,29-07-2026 14:47:23,"41,513.55",29-07-2026 23:08:39,"41,513.89",0.34
F02 - Caterpillar 773E,Equipment,First Entry,Last Entry,Net Hours,RD2KC4,30-07-2026 06:34:42,"41,513.91",30-07-2026 10:36:45,"41,517.11",3.20
F02 - Caterpillar 773E,Equipment,First Entry,Last Entry,Net Hours,RD2KC5,21-07-2026 06:53:17,"85,219.19",21-07-2026 15:52:13,"85,222.74",3.55
F02 - Caterpillar 773E,Equipment,First Entry,Last Entry,Net Hours,RD2KC5,22-07-2026 07:08:20,"85,222.75",23-07-2026 05:11:34,"85,229.69",6.94
F02 - Caterpillar 773E,Equipment,First Entry,Last Entry,Net Hours,RD2KC5,23-07-2026 15:00:38,"85,229.73",24-07-2026 05:10:50,"85,236.78",7.05
F02 - Caterpillar 773E,Equipment,First Entry,Last Entry,Net Hours,RD2KC5,24-07-2026 06:35:50,"85,236.80",25-07-2026 02:10:59,"85,244.26",7.46
F02 - Caterpillar 773E,Equipment,First Entry,Last Entry,Net Hours,RD2KC5,25-07-2026 06:37:01,"85,244.30",26-07-2026 05:01:53,"85,250.18",5.88
F02 - Caterpillar 773E,Equipment,First Entry,Last Entry,Net Hours,RD2KC5,26-07-2026 06:26:53,"85,250.18",27-07-2026 05:07:47,"85,260.62",10.44
F02 - Caterpillar 773E,Equipment,First Entry,Last Entry,Net Hours,RD2KC5,27-07-2026 10:07:49,"85,260.65",28-07-2026 02:38:33,"85,265.35",4.70
F02 - Caterpillar 773E,Equipment,First Entry,Last Entry,Net Hours,RD2KC5,28-07-2026 07:18:35,"85,265.35",29-07-2026 05:20:30,"85,269.04",3.69
F02 - Caterpillar 773E,Equipment,First Entry,Last Entry,Net Hours,RD2KC5,29-07-2026 15:05:34,"85,269.08",30-07-2026 05:17:47,"85,277.46",8.38
F02 - Caterpillar 773E,Equipment,First Entry,Last Entry,Net Hours,RD2KC5,30-07-2026 06:31:48,"85,277.51",30-07-2026 18:09:31,"85,280.27",2.76
F02 - Caterpillar 773E,Equipment,First Entry,Last Entry,Net Hours,RD2KC5,31-07-2026 06:46:37,"85,280.30",01-08-2026 04:03:50,"85,292.37",12.07
F02 - Caterpillar 773E,Equipment,First Entry,Last Entry,Net Hours,RD2KC6,28-07-2026 10:59:47,"95,993.20",28-07-2026 10:59:47,"95,993.20",0.00
F02 - Caterpillar 773E,Equipment,First Entry,Last Entry,Net Hours,RDO01,21-07-2026 10:51:33,"7,48,516.61",21-07-2026 13:23:24,"7,48,517.04",0.43
F02 - Caterpillar 773E,Equipment,First Entry,Last Entry,Net Hours,RDO01,22-07-2026 11:41:30,"7,48,517.07",22-07-2026 16:46:01,"7,48,517.24",0.17
F02 - Caterpillar 773E,Equipment,First Entry,Last Entry,Net Hours,RDO01,23-07-2026 11:02:53,"7,48,517.28",24-07-2026 05:17:09,"7,48,524.06",6.78
F02 - Caterpillar 773E,Equipment,First Entry,Last Entry,Net Hours,RDO01,24-07-2026 06:39:09,"7,48,524.08",25-07-2026 05:23:04,"7,48,533.19",9.11
F02 - Caterpillar 773E,Equipment,First Entry,Last Entry,Net Hours,RDO01,25-07-2026 06:40:05,"7,48,533.22",26-07-2026 05:05:45,"7,48,546.13",12.91
F02 - Caterpillar 773E,Equipment,First Entry,Last Entry,Net Hours,RDO01,26-07-2026 06:50:46,"7,48,546.18",27-07-2026 05:15:14,"7,48,559.41",13.23
F02 - Caterpillar 773E,Equipment,First Entry,Last Entry,Net Hours,RDO01,27-07-2026 07:03:15,"7,48,559.42",28-07-2026 03:57:37,"7,48,570.27",10.85
F02 - Caterpillar 773E,Equipment,First Entry,Last Entry,Net Hours,RDO01,28-07-2026 06:40:39,"7,48,570.31",29-07-2026 05:12:46,"7,48,583.76",13.45
F02 - Caterpillar 773E,Equipment,First Entry,Last Entry,Net Hours,RDO01,29-07-2026 06:29:46,"7,48,583.79",30-07-2026 04:07:05,"7,48,596.83",13.04
F02 - Caterpillar 773E,Equipment,First Entry,Last Entry,Net Hours,RDO01,30-07-2026 06:46:39,"7,48,596.88",31-07-2026 05:22:01,"7,48,611.38",14.50
F02 - Caterpillar 773E,Equipment,First Entry,Last Entry,Net Hours,RDO01,31-07-2026 06:51:02,"7,48,611.41",01-08-2026 04:12:45,"7,48,622.65",11.24
F02 - Caterpillar 773E,Equipment,First Entry,Last Entry,Net Hours,RDO03,21-07-2026 06:49:51,"33,731.27",22-07-2026 05:20:21,"33,740.66",9.39
F02 - Caterpillar 773E,Equipment,First Entry,Last Entry,Net Hours,RDO03,22-07-2026 06:40:21,"33,740.66",23-07-2026 05:13:36,"33,751.34",10.68
F02 - Caterpillar 773E,Equipment,First Entry,Last Entry,Net Hours,RDO03,23-07-2026 06:50:36,"33,751.36",24-07-2026 05:11:33,"33,764.26",12.90
F02 - Caterpillar 773E,Equipment,First Entry,Last Entry,Net Hours,RDO03,24-07-2026 06:34:34,"33,764.29",25-07-2026 04:37:14,"33,775.47",11.18
F02 - Caterpillar 773E,Equipment,First Entry,Last Entry,Net Hours,RDO03,25-07-2026 06:29:16,"33,775.47",26-07-2026 05:16:52,"33,791.45",15.98
F02 - Caterpillar 773E,Equipment,First Entry,Last Entry,Net Hours,RDO03,26-07-2026 06:21:52,"33,791.50",27-07-2026 04:43:07,"33,805.03",13.53
F02 - Caterpillar 773E,Equipment,First Entry,Last Entry,Net Hours,RDO03,27-07-2026 07:04:08,"33,805.05",27-07-2026 18:59:57,"33,809.29",4.24
F02 - Caterpillar 773E,Equipment,First Entry,Last Entry,Net Hours,RDO03,28-07-2026 10:06:38,"33,809.29",29-07-2026 05:13:16,"33,812.49",3.20
F02 - Caterpillar 773E,Equipment,First Entry,Last Entry,Net Hours,RDO03,29-07-2026 07:15:16,"33,812.53",30-07-2026 05:13:25,"33,822.83",10.30
F02 - Caterpillar 773E,Equipment,First Entry,Last Entry,Net Hours,RDO03,30-07-2026 06:41:26,"33,822.85",31-07-2026 05:18:35,"33,834.93",12.08
F02 - Caterpillar 773E,Equipment,First Entry,Last Entry,Net Hours,RDO03,31-07-2026 06:31:36,"33,834.96",01-08-2026 04:56:37,"33,848.40",13.44
F02 - Caterpillar 773E,Equipment,First Entry,Last Entry,Net Hours,RDO04,21-07-2026 12:16:47,"10,328.05",22-07-2026 05:19:32,"10,334.73",6.68
F02 - Caterpillar 773E,Equipment,First Entry,Last Entry,Net Hours,RDO04,22-07-2026 06:40:33,"10,334.74",23-07-2026 03:26:38,"10,342.63",7.89
F02 - Caterpillar 773E,Equipment,First Entry,Last Entry,Net Hours,RDO04,23-07-2026 07:08:39,"10,342.67",24-07-2026 05:10:34,"10,354.08",11.41
F02 - Caterpillar 773E,Equipment,First Entry,Last Entry,Net Hours,RDO04,24-07-2026 06:32:35,"10,354.11",24-07-2026 23:43:20,"10,359.79",5.68
F02 - Caterpillar 773E,Equipment,First Entry,Last Entry,Net Hours,RDO04,25-07-2026 07:12:58,"10,359.81",25-07-2026 22:46:45,"10,360.80",0.99
F02 - Caterpillar 773E,Equipment,First Entry,Last Entry,Net Hours,RDO04,27-07-2026 16:42:06,"10,360.84",28-07-2026 05:10:38,"10,363.13",2.29
F02 - Caterpillar 773E,Equipment,First Entry,Last Entry,Net Hours,RDO04,28-07-2026 06:41:39,"10,363.14",28-07-2026 23:29:26,"10,365.38",2.24
F02 - Caterpillar 773E,Equipment,First Entry,Last Entry,Net Hours,RDO04,29-07-2026 06:33:13,"10,365.40",29-07-2026 16:15:07,"10,366.30",0.90
F02 - Caterpillar 773E,Equipment,First Entry,Last Entry,Net Hours,RDO04,30-07-2026 12:34:16,"10,366.35",30-07-2026 12:34:16,"10,366.35",0.00
F02 - Caterpillar 773E,Equipment,First Entry,Last Entry,Net Hours,RDO04,31-07-2026 16:37:30,"10,366.36",31-07-2026 18:22:34,"10,366.46",0.10
F03 - Caterpillar 777E,Equipment,First Entry,Last Entry,Net Hours,RD201,21-07-2026 06:29:57,"28,612.41",22-07-2026 05:09:09,"28,630.72",18.31
F03 - Caterpillar 777E,Equipment,First Entry,Last Entry,Net Hours,RD201,22-07-2026 06:42:10,"28,630.77",23-07-2026 05:25:13,"28,647.48",16.71
F03 - Caterpillar 777E,Equipment,First Entry,Last Entry,Net Hours,RD201,23-07-2026 06:25:15,"28,647.48",24-07-2026 05:24:24,"28,665.06",17.58
F03 - Caterpillar 777E,Equipment,First Entry,Last Entry,Net Hours,RD201,24-07-2026 06:34:24,"28,665.07",25-07-2026 05:25:49,"28,682.24",17.17
F03 - Caterpillar 777E,Equipment,First Entry,Last Entry,Net Hours,RD201,25-07-2026 06:52:50,"28,682.27",26-07-2026 00:42:46,"28,694.90",12.63
F03 - Caterpillar 777E,Equipment,First Entry,Last Entry,Net Hours,RD201,26-07-2026 07:11:51,"28,694.94",27-07-2026 05:27:47,"28,711.03",16.09
F03 - Caterpillar 777E,Equipment,First Entry,Last Entry,Net Hours,RD201,27-07-2026 06:55:48,"28,711.03",28-07-2026 05:33:21,"28,728.59",17.56
F03 - Caterpillar 777E,Equipment,First Entry,Last Entry,Net Hours,RD201,28-07-2026 06:36:21,"28,728.64",29-07-2026 05:37:31,"28,745.37",16.73
F03 - Caterpillar 777E,Equipment,First Entry,Last Entry,Net Hours,RD201,29-07-2026 06:29:33,"28,745.39",30-07-2026 05:34:34,"28,761.01",15.62
F03 - Caterpillar 777E,Equipment,First Entry,Last Entry,Net Hours,RD201,30-07-2026 06:40:36,"28,761.04",31-07-2026 00:32:33,"28,769.93",8.89
F03 - Caterpillar 777E,Equipment,First Entry,Last Entry,Net Hours,RD201,31-07-2026 09:15:59,"28,769.93",01-08-2026 05:20:41,"28,783.48",13.55
F03 - Caterpillar 777E,Equipment,First Entry,Last Entry,Net Hours,RD202,21-07-2026 06:36:05,"27,693.11",22-07-2026 05:16:16,"27,710.20",17.09
F03 - Caterpillar 777E,Equipment,First Entry,Last Entry,Net Hours,RD202,22-07-2026 06:35:17,"27,710.21",23-07-2026 05:27:13,"27,723.94",13.73
F03 - Caterpillar 777E,Equipment,First Entry,Last Entry,Net Hours,RD202,23-07-2026 06:41:14,"27,723.96",24-07-2026 05:32:03,"27,740.66",16.70
F03 - Caterpillar 777E,Equipment,First Entry,Last Entry,Net Hours,RD202,24-07-2026 06:41:04,"27,740.70",25-07-2026 02:59:11,"27,749.12",8.42
F03 - Caterpillar 777E,Equipment,First Entry,Last Entry,Net Hours,RD202,25-07-2026 07:17:39,"27,749.15",26-07-2026 05:34:36,"27,764.91",15.76
F03 - Caterpillar 777E,Equipment,First Entry,Last Entry,Net Hours,RD202,26-07-2026 06:52:36,"27,764.92",27-07-2026 05:25:18,"27,772.14",7.22
F03 - Caterpillar 777E,Equipment,First Entry,Last Entry,Net Hours,RD202,27-07-2026 08:24:19,"27,772.19",28-07-2026 05:19:44,"27,787.81",15.62
F03 - Caterpillar 777E,Equipment,First Entry,Last Entry,Net Hours,RD202,28-07-2026 07:06:45,"27,787.86",29-07-2026 05:27:47,"27,802.79",14.93
F03 - Caterpillar 777E,Equipment,First Entry,Last Entry,Net Hours,RD202,29-07-2026 06:37:48,"27,802.79",30-07-2026 05:26:04,"27,818.47",15.68
F03 - Caterpillar 777E,Equipment,First Entry,Last Entry,Net Hours,RD202,30-07-2026 06:37:05,"27,818.51",31-07-2026 05:34:37,"27,834.79",16.28
F03 - Caterpillar 777E,Equipment,First Entry,Last Entry,Net Hours,RD202,31-07-2026 06:29:37,"27,834.80",01-08-2026 05:24:57,"27,852.91",18.11
F03 - Caterpillar 777E,Equipment,First Entry,Last Entry,Net Hours,RD203,21-07-2026 06:35:45,"9,40,020.88",22-07-2026 05:19:32,"9,40,037.24",16.36
F03 - Caterpillar 777E,Equipment,First Entry,Last Entry,Net Hours,RD203,22-07-2026 06:42:33,"9,40,037.27",23-07-2026 05:29:48,"9,40,054.26",16.99
F03 - Caterpillar 777E,Equipment,First Entry,Last Entry,Net Hours,RD203,23-07-2026 06:31:48,"9,40,054.29",24-07-2026 05:28:07,"9,40,069.03",14.74
F03 - Caterpillar 777E,Equipment,First Entry,Last Entry,Net Hours,RD203,24-07-2026 06:33:07,"9,40,069.04",25-07-2026 05:20:23,"9,40,086.53",17.49
F03 - Caterpillar 777E,Equipment,First Entry,Last Entry,Net Hours,RD203,25-07-2026 06:47:23,"9,40,086.58",26-07-2026 05:33:41,"9,40,101.41",14.83
F03 - Caterpillar 777E,Equipment,First Entry,Last Entry,Net Hours,RD203,26-07-2026 06:35:42,"9,40,101.45",27-07-2026 05:31:54,"9,40,118.21",16.76
F03 - Caterpillar 777E,Equipment,First Entry,Last Entry,Net Hours,RD203,27-07-2026 07:02:55,"9,40,118.25",28-07-2026 04:07:48,"9,40,132.34",14.09
F03 - Caterpillar 777E,Equipment,First Entry,Last Entry,Net Hours,RD203,28-07-2026 06:48:49,"9,40,132.34",29-07-2026 05:21:46,"9,40,146.59",14.25
F03 - Caterpillar 777E,Equipment,First Entry,Last Entry,Net Hours,RD203,29-07-2026 06:33:47,"9,40,146.61",30-07-2026 05:35:36,"9,40,162.34",15.73
F03 - Caterpillar 777E,Equipment,First Entry,Last Entry,Net Hours,RD203,30-07-2026 06:42:37,"9,40,162.37",31-07-2026 05:23:03,"9,40,177.83",15.46
F03 - Caterpillar 777E,Equipment,First Entry,Last Entry,Net Hours,RD203,31-07-2026 06:36:03,"9,40,177.85",01-08-2026 05:44:33,"9,40,194.66",16.81
F03 - Caterpillar 777E,Equipment,First Entry,Last Entry,Net Hours,RD204,21-07-2026 06:33:21,"28,114.14",22-07-2026 05:23:25,"28,130.44",16.30
F03 - Caterpillar 777E,Equipment,First Entry,Last Entry,Net Hours,RD204,22-07-2026 08:28:26,"28,130.47",23-07-2026 05:27:41,"28,143.47",13.00
F03 - Caterpillar 777E,Equipment,First Entry,Last Entry,Net Hours,RD204,23-07-2026 06:35:41,"28,143.49",24-07-2026 05:33:20,"28,160.12",16.63
F03 - Caterpillar 777E,Equipment,First Entry,Last Entry,Net Hours,RD204,24-07-2026 06:39:20,"28,160.15",25-07-2026 05:20:36,"28,178.87",18.72
F03 - Caterpillar 777E,Equipment,First Entry,Last Entry,Net Hours,RD204,25-07-2026 06:49:37,"28,178.91",26-07-2026 05:32:55,"28,195.97",17.06
F03 - Caterpillar 777E,Equipment,First Entry,Last Entry,Net Hours,RD204,26-07-2026 06:41:55,"28,196.00",27-07-2026 05:29:10,"28,214.20",18.20
F03 - Caterpillar 777E,Equipment,First Entry,Last Entry,Net Hours,RD204,27-07-2026 07:03:11,"28,214.22",28-07-2026 05:35:37,"28,230.85",16.63
F03 - Caterpillar 777E,Equipment,First Entry,Last Entry,Net Hours,RD204,28-07-2026 06:39:37,"28,230.90",29-07-2026 05:31:00,"28,248.13",17.23
F03 - Caterpillar 777E,Equipment,First Entry,Last Entry,Net Hours,RD204,29-07-2026 06:35:01,"28,248.13",30-07-2026 05:28:07,"28,263.77",15.64
F03 - Caterpillar 777E,Equipment,First Entry,Last Entry,Net Hours,RD204,30-07-2026 06:44:08,"28,263.79",31-07-2026 05:42:21,"28,278.29",14.50
F03 - Caterpillar 777E,Equipment,First Entry,Last Entry,Net Hours,RD204,31-07-2026 06:37:22,"28,278.32",01-08-2026 05:24:57,"28,292.13",13.81
F03 - Caterpillar 777E,Equipment,First Entry,Last Entry,Net Hours,RD205,21-07-2026 06:29:50,"24,438.95",22-07-2026 05:08:37,"24,451.98",13.03
F03 - Caterpillar 777E,Equipment,First Entry,Last Entry,Net Hours,RD205,22-07-2026 06:30:38,"24,452.03",23-07-2026 05:24:53,"24,467.64",15.61
F03 - Caterpillar 777E,Equipment,First Entry,Last Entry,Net Hours,RD205,23-07-2026 06:39:53,"24,467.67",24-07-2026 05:28:59,"24,481.47",13.80
F03 - Caterpillar 777E,Equipment,First Entry,Last Entry,Net Hours,RD205,24-07-2026 06:35:00,"24,481.50",25-07-2026 05:28:13,"24,493.53",12.03
F03 - Caterpillar 777E,Equipment,First Entry,Last Entry,Net Hours,RD205,25-07-2026 10:49:55,"24,493.56",26-07-2026 02:40:28,"24,493.92",0.36
F03 - Caterpillar 777E,Equipment,First Entry,Last Entry,Net Hours,RD205,26-07-2026 10:29:04,"24,493.95",26-07-2026 23:48:19,"24,494.29",0.34
F03 - Caterpillar 777E,Equipment,First Entry,Last Entry,Net Hours,RD205,27-07-2026 17:58:45,"24,494.30",27-07-2026 20:28:29,"24,494.54",0.24
F03 - Caterpillar 777E,Equipment,First Entry,Last Entry,Net Hours,RD205,28-07-2026 14:58:46,"24,494.59",29-07-2026 05:25:11,"24,500.30",5.71
F03 - Caterpillar 777E,Equipment,First Entry,Last Entry,Net Hours,RD205,29-07-2026 06:28:11,"24,500.31",30-07-2026 05:44:11,"24,510.74",10.43
F03 - Caterpillar 777E,Equipment,First Entry,Last Entry,Net Hours,RD205,30-07-2026 06:48:39,"24,510.75",31-07-2026 05:29:00,"24,523.64",12.89
F03 - Caterpillar 777E,Equipment,First Entry,Last Entry,Net Hours,RD205,31-07-2026 06:22:00,"24,523.66",01-08-2026 05:19:41,"24,534.65",10.99
F03 - Caterpillar 777E,Equipment,First Entry,Last Entry,Net Hours,RD206,21-07-2026 06:30:21,"3,91,586.77",22-07-2026 05:13:06,"3,91,603.86",17.09
F03 - Caterpillar 777E,Equipment,First Entry,Last Entry,Net Hours,RD206,22-07-2026 06:33:06,"3,91,603.89",23-07-2026 05:28:46,"3,91,615.61",11.72
F03 - Caterpillar 777E,Equipment,First Entry,Last Entry,Net Hours,RD206,23-07-2026 06:32:46,"3,91,615.62",24-07-2026 04:30:59,"3,91,631.58",15.96
F03 - Caterpillar 777E,Equipment,First Entry,Last Entry,Net Hours,RD206,24-07-2026 06:45:00,"3,91,631.59",24-07-2026 23:39:32,"3,91,632.48",0.89
F03 - Caterpillar 777E,Equipment,First Entry,Last Entry,Net Hours,RD206,25-07-2026 12:33:50,"3,91,632.52",26-07-2026 05:28:49,"3,91,637.24",4.72
F03 - Caterpillar 777E,Equipment,First Entry,Last Entry,Net Hours,RD206,26-07-2026 06:42:50,"3,91,637.25",27-07-2026 05:20:47,"3,95,784.58","4,147.33"
F03 - Caterpillar 777E,Equipment,First Entry,Last Entry,Net Hours,RD206,27-07-2026 06:57:47,"3,95,784.58",27-07-2026 17:06:56,"3,95,788.53",3.95
F03 - Caterpillar 777E,Equipment,First Entry,Last Entry,Net Hours,RD206,28-07-2026 08:01:27,"3,95,788.55",29-07-2026 05:14:40,"3,95,803.70",15.15
F03 - Caterpillar 777E,Equipment,First Entry,Last Entry,Net Hours,RD206,29-07-2026 06:27:40,"3,95,803.74",30-07-2026 05:35:43,"4,00,026.36","4,222.62"
F03 - Caterpillar 777E,Equipment,First Entry,Last Entry,Net Hours,RD206,30-07-2026 06:41:44,"4,00,026.41",31-07-2026 05:32:54,"4,00,043.78",17.37
F03 - Caterpillar 777E,Equipment,First Entry,Last Entry,Net Hours,RD206,31-07-2026 06:39:54,"4,00,043.78",01-08-2026 05:30:09,"4,00,061.11",17.33
F03 - Caterpillar 777E,Equipment,First Entry,Last Entry,Net Hours,RD207,21-07-2026 07:07:09,"78,747.35",22-07-2026 05:11:14,"78,750.21",2.86
F03 - Caterpillar 777E,Equipment,First Entry,Last Entry,Net Hours,RD207,22-07-2026 06:41:15,"78,750.26",22-07-2026 22:12:24,"78,757.53",7.27
F03 - Caterpillar 777E,Equipment,First Entry,Last Entry,Net Hours,RD207,23-07-2026 08:59:28,"78,757.55",24-07-2026 05:31:46,"78,772.55",15.00
F03 - Caterpillar 777E,Equipment,First Entry,Last Entry,Net Hours,RD207,24-07-2026 06:29:46,"78,772.55",25-07-2026 04:36:13,"78,789.16",16.61
F03 - Caterpillar 777E,Equipment,First Entry,Last Entry,Net Hours,RD207,25-07-2026 11:03:47,"78,789.18",26-07-2026 05:32:02,"78,803.61",14.43
F03 - Caterpillar 777E,Equipment,First Entry,Last Entry,Net Hours,RD207,26-07-2026 06:26:03,"78,803.65",27-07-2026 05:31:12,"78,818.49",14.84
F03 - Caterpillar 777E,Equipment,First Entry,Last Entry,Net Hours,RD207,27-07-2026 06:41:12,"78,818.51",28-07-2026 05:31:31,"78,838.04",19.53
F03 - Caterpillar 777E,Equipment,First Entry,Last Entry,Net Hours,RD207,28-07-2026 06:16:32,"78,838.06",29-07-2026 05:21:59,"78,853.22",15.16
F03 - Caterpillar 777E,Equipment,First Entry,Last Entry,Net Hours,RD207,29-07-2026 06:17:59,"78,853.22",30-07-2026 05:21:16,"78,868.97",15.75
F03 - Caterpillar 777E,Equipment,First Entry,Last Entry,Net Hours,RD207,30-07-2026 06:40:16,"78,869.01",31-07-2026 04:26:09,"78,873.81",4.80
F03 - Caterpillar 777E,Equipment,First Entry,Last Entry,Net Hours,RD207,31-07-2026 10:00:29,"78,873.82",01-08-2026 05:26:19,"78,881.29",7.47
F04 - Caterpillar 777D SII,Equipment,First Entry,Last Entry,Net Hours,RD121,21-07-2026 06:01:17,"7,58,969.41",21-07-2026 22:45:24,"7,58,977.72",8.31
F04 - Caterpillar 777D SII,Equipment,First Entry,Last Entry,Net Hours,RD121,23-07-2026 06:46:49,"7,58,977.76",24-07-2026 05:13:34,"7,58,992.78",15.02
F04 - Caterpillar 777D SII,Equipment,First Entry,Last Entry,Net Hours,RD121,24-07-2026 06:26:35,"7,58,992.82",25-07-2026 05:19:20,"7,59,011.30",18.48
F04 - Caterpillar 777D SII,Equipment,First Entry,Last Entry,Net Hours,RD121,25-07-2026 06:27:21,"7,59,011.32",25-07-2026 15:25:52,"7,59,017.61",6.29
F04 - Caterpillar 777D SII,Equipment,First Entry,Last Entry,Net Hours,RD121,26-07-2026 22:54:18,"7,59,017.76",27-07-2026 05:16:54,"7,59,023.40",5.64
F04 - Caterpillar 777D SII,Equipment,First Entry,Last Entry,Net Hours,RD121,27-07-2026 11:01:59,"7,59,023.43",28-07-2026 05:17:28,"7,59,033.43",10.00
F04 - Caterpillar 777D SII,Equipment,First Entry,Last Entry,Net Hours,RD121,28-07-2026 06:30:29,"7,59,033.47",29-07-2026 05:24:35,"7,59,046.81",13.34
F04 - Caterpillar 777D SII,Equipment,First Entry,Last Entry,Net Hours,RD121,29-07-2026 08:57:37,"7,59,046.82",30-07-2026 05:32:45,"7,59,060.98",14.16
F04 - Caterpillar 777D SII,Equipment,First Entry,Last Entry,Net Hours,RD121,30-07-2026 06:43:46,"7,59,061.01",31-07-2026 05:17:29,"7,59,078.03",17.02
F04 - Caterpillar 777D SII,Equipment,First Entry,Last Entry,Net Hours,RD121,31-07-2026 06:27:29,"7,59,078.04",01-08-2026 05:58:13,"7,59,097.23",19.19
F04 - Caterpillar 777D SII,Equipment,First Entry,Last Entry,Net Hours,RD122,21-07-2026 20:32:52,"1,00,217.60",21-07-2026 22:41:02,"1,00,217.92",0.32
F04 - Caterpillar 777D SII,Equipment,First Entry,Last Entry,Net Hours,RD122,22-07-2026 09:56:14,"1,00,217.92",22-07-2026 09:59:14,"1,00,217.97",0.05
F04 - Caterpillar 777D SII,Equipment,First Entry,Last Entry,Net Hours,RD122,23-07-2026 06:59:34,"1,00,217.99",23-07-2026 16:36:06,"1,00,218.73",0.74
F04 - Caterpillar 777D SII,Equipment,First Entry,Last Entry,Net Hours,RD122,24-07-2026 14:01:35,"1,00,218.73",24-07-2026 21:23:08,"1,00,224.43",5.70
F04 - Caterpillar 777D SII,Equipment,First Entry,Last Entry,Net Hours,RD122,25-07-2026 06:36:17,"1,00,224.46",25-07-2026 11:21:40,"1,00,227.00",2.54
F04 - Caterpillar 777D SII,Equipment,First Entry,Last Entry,Net Hours,RD122,27-07-2026 15:35:03,"1,00,227.53",27-07-2026 19:24:04,"1,00,227.97",0.44
F04 - Caterpillar 777D SII,Equipment,First Entry,Last Entry,Net Hours,RD122,28-07-2026 08:43:16,"1,00,227.97",28-07-2026 21:33:43,"1,00,232.41",4.44
F04 - Caterpillar 777D SII,Equipment,First Entry,Last Entry,Net Hours,RD122,29-07-2026 15:06:01,"1,00,232.43",30-07-2026 05:35:29,"1,00,243.74",11.31
F04 - Caterpillar 777D SII,Equipment,First Entry,Last Entry,Net Hours,RD122,30-07-2026 06:54:31,"1,00,243.75",31-07-2026 05:17:42,"1,00,260.34",16.59
F04 - Caterpillar 777D SII,Equipment,First Entry,Last Entry,Net Hours,RD122,31-07-2026 06:31:44,"1,00,260.37",01-08-2026 05:57:05,"1,00,276.50",16.13
F04 - Caterpillar 777D SII,Equipment,First Entry,Last Entry,Net Hours,RD123,25-07-2026 10:57:45,"77,717.97",25-07-2026 18:18:43,"77,718.75",0.78
F04 - Caterpillar 777D SII,Equipment,First Entry,Last Entry,Net Hours,RD123,26-07-2026 15:21:44,"77,718.96",26-07-2026 23:26:38,"77,720.16",1.20
F04 - Caterpillar 777D SII,Equipment,First Entry,Last Entry,Net Hours,RD123,31-07-2026 11:15:05,"77,720.81",31-07-2026 11:15:05,"77,720.81",0.00
F04 - Caterpillar 777D SII,Equipment,First Entry,Last Entry,Net Hours,RD126,21-07-2026 18:26:12,"6,87,369.71",21-07-2026 21:20:18,"6,87,372.61",2.90
F04 - Caterpillar 777D SII,Equipment,First Entry,Last Entry,Net Hours,RD126,22-07-2026 17:42:37,"6,87,372.64",23-07-2026 05:31:56,"6,87,381.15",8.51
F04 - Caterpillar 777D SII,Equipment,First Entry,Last Entry,Net Hours,RD126,23-07-2026 09:51:48,"6,87,381.16",23-07-2026 20:09:14,"6,87,385.27",4.11
F04 - Caterpillar 777D SII,Equipment,First Entry,Last Entry,Net Hours,RD126,24-07-2026 12:54:27,"6,87,385.29",24-07-2026 23:18:28,"6,87,390.11",4.82
F04 - Caterpillar 777D SII,Equipment,First Entry,Last Entry,Net Hours,RD126,25-07-2026 06:38:36,"6,87,390.14",25-07-2026 21:27:42,"6,87,401.01",10.87
F04 - Caterpillar 777D SII,Equipment,First Entry,Last Entry,Net Hours,RD126,26-07-2026 06:44:52,"6,87,401.04",26-07-2026 13:20:29,"6,87,407.33",6.29
F04 - Caterpillar 777D SII,Equipment,First Entry,Last Entry,Net Hours,RD126,27-07-2026 16:37:01,"6,87,407.36",28-07-2026 02:06:28,"6,87,411.17",3.81
F04 - Caterpillar 777D SII,Equipment,First Entry,Last Entry,Net Hours,RD126,28-07-2026 08:10:35,"6,87,411.22",29-07-2026 05:23:28,"6,87,424.13",12.91
F04 - Caterpillar 777D SII,Equipment,First Entry,Last Entry,Net Hours,RD126,29-07-2026 15:00:37,"6,87,424.16",30-07-2026 05:31:38,"6,87,436.60",12.44
F04 - Caterpillar 777D SII,Equipment,First Entry,Last Entry,Net Hours,RD126,30-07-2026 06:31:39,"6,87,436.63",31-07-2026 05:21:42,"6,87,449.38",12.75
F04 - Caterpillar 777D SII,Equipment,First Entry,Last Entry,Net Hours,RD126,31-07-2026 06:40:43,"6,87,449.41",01-08-2026 05:05:58,"6,87,466.13",16.72
F04 - Caterpillar 777D SII,Equipment,First Entry,Last Entry,Net Hours,RD132,21-07-2026 06:02:52,"94,683.09",22-07-2026 05:58:41,"94,706.99",23.90
F04 - Caterpillar 777D SII,Equipment,First Entry,Last Entry,Net Hours,RD132,22-07-2026 06:01:42,"94,707.04",23-07-2026 05:57:07,"94,730.45",23.41
F04 - Caterpillar 777D SII,Equipment,First Entry,Last Entry,Net Hours,RD132,23-07-2026 06:00:08,"94,730.50",24-07-2026 05:58:04,"94,754.45",23.95
F04 - Caterpillar 777D SII,Equipment,First Entry,Last Entry,Net Hours,RD132,24-07-2026 06:01:04,"94,754.50",25-07-2026 05:58:58,"94,778.45",23.95
F04 - Caterpillar 777D SII,Equipment,First Entry,Last Entry,Net Hours,RD132,25-07-2026 06:01:58,"94,778.50",26-07-2026 05:57:16,"94,802.40",23.90
F04 - Caterpillar 777D SII,Equipment,First Entry,Last Entry,Net Hours,RD132,26-07-2026 06:00:17,"94,802.45",27-07-2026 05:59:23,"94,826.40",23.95
F04 - Caterpillar 777D SII,Equipment,First Entry,Last Entry,Net Hours,RD132,27-07-2026 06:02:23,"94,826.45",28-07-2026 05:58:33,"94,850.35",23.90
F04 - Caterpillar 777D SII,Equipment,First Entry,Last Entry,Net Hours,RD132,28-07-2026 06:01:34,"94,850.40",29-07-2026 05:57:09,"94,874.22",23.82
F04 - Caterpillar 777D SII,Equipment,First Entry,Last Entry,Net Hours,RD132,29-07-2026 06:00:09,"94,874.27",30-07-2026 05:58:04,"94,898.21",23.94
F04 - Caterpillar 777D SII,Equipment,First Entry,Last Entry,Net Hours,RD132,30-07-2026 06:01:05,"94,898.26",31-07-2026 05:59:44,"94,922.21",23.95
F04 - Caterpillar 777D SII,Equipment,First Entry,Last Entry,Net Hours,RD132,31-07-2026 06:02:44,"94,922.26",01-08-2026 05:58:15,"94,946.16",23.90
F04 - Caterpillar 777D SII,Equipment,First Entry,Last Entry,Net Hours,RD136,21-07-2026 06:02:48,"6,31,089.54",21-07-2026 16:17:56,"6,31,099.79",10.25
F04 - Caterpillar 777D SII,Equipment,First Entry,Last Entry,Net Hours,RD136,22-07-2026 18:19:22,"6,31,099.84",23-07-2026 05:57:33,"6,31,111.32",11.48
F04 - Caterpillar 777D SII,Equipment,First Entry,Last Entry,Net Hours,RD136,23-07-2026 06:00:33,"6,31,111.37",24-07-2026 05:57:03,"6,31,135.07",23.70
F04 - Caterpillar 777D SII,Equipment,First Entry,Last Entry,Net Hours,RD136,24-07-2026 06:00:03,"6,31,135.12",25-07-2026 05:57:20,"6,31,159.07",23.95
F04 - Caterpillar 777D SII,Equipment,First Entry,Last Entry,Net Hours,RD136,25-07-2026 06:00:20,"6,31,159.12",26-07-2026 05:57:23,"6,31,182.85",23.73
F04 - Caterpillar 777D SII,Equipment,First Entry,Last Entry,Net Hours,RD136,26-07-2026 06:00:23,"6,31,182.90",27-07-2026 05:57:39,"6,31,206.85",23.95
F04 - Caterpillar 777D SII,Equipment,First Entry,Last Entry,Net Hours,RD136,27-07-2026 06:00:39,"6,31,206.90",27-07-2026 07:42:40,"6,31,208.60",1.70
F04 - Caterpillar 777D SII,Equipment,First Entry,Last Entry,Net Hours,RD136,29-07-2026 11:28:07,"6,31,235.66",30-07-2026 05:58:27,"6,31,254.16",18.50
F04 - Caterpillar 777D SII,Equipment,First Entry,Last Entry,Net Hours,RD136,30-07-2026 06:01:27,"6,31,254.21",31-07-2026 05:59:39,"6,31,278.07",23.86
F04 - Caterpillar 777D SII,Equipment,First Entry,Last Entry,Net Hours,RD136,31-07-2026 06:02:39,"6,31,278.12",01-08-2026 05:59:52,"6,31,302.07",23.95
F04 - Caterpillar 777D SII,Equipment,First Entry,Last Entry,Net Hours,RD141,21-07-2026 06:59:50,"7,31,577.02",21-07-2026 21:25:59,"7,31,588.65",11.63
F04 - Caterpillar 777D SII,Equipment,First Entry,Last Entry,Net Hours,RD141,22-07-2026 06:40:03,"7,31,588.70",23-07-2026 05:27:14,"7,31,600.09",11.39
F04 - Caterpillar 777D SII,Equipment,First Entry,Last Entry,Net Hours,RD141,23-07-2026 06:40:15,"7,31,600.14",24-07-2026 05:36:30,"7,31,612.66",12.52
F04 - Caterpillar 777D SII,Equipment,First Entry,Last Entry,Net Hours,RD141,24-07-2026 06:30:30,"7,31,612.66",25-07-2026 05:59:40,"7,31,631.72",19.06
F04 - Caterpillar 777D SII,Equipment,First Entry,Last Entry,Net Hours,RD141,25-07-2026 06:02:40,"7,31,631.77",25-07-2026 20:47:18,"7,31,642.33",10.56
F04 - Caterpillar 777D SII,Equipment,First Entry,Last Entry,Net Hours,RD141,26-07-2026 06:31:22,"7,31,642.33",26-07-2026 23:28:28,"7,31,650.37",8.04
F04 - Caterpillar 777D SII,Equipment,First Entry,Last Entry,Net Hours,RD141,27-07-2026 16:16:35,"7,31,650.47",28-07-2026 05:08:48,"7,31,655.92",5.45
F04 - Caterpillar 777D SII,Equipment,First Entry,Last Entry,Net Hours,RD141,28-07-2026 06:28:48,"7,31,655.93",28-07-2026 07:47:49,"7,31,656.51",0.58
F04 - Caterpillar 777D SII,Equipment,First Entry,Last Entry,Net Hours,RD141,30-07-2026 03:05:51,"7,31,656.52",30-07-2026 05:17:53,"7,31,658.72",2.20
F04 - Caterpillar 777D SII,Equipment,First Entry,Last Entry,Net Hours,RD141,30-07-2026 07:00:54,"7,31,658.73",31-07-2026 05:01:39,"7,31,676.38",17.65
F04 - Caterpillar 777D SII,Equipment,First Entry,Last Entry,Net Hours,RD141,31-07-2026 06:26:39,"7,31,676.41",01-08-2026 05:23:13,"7,35,923.27","4,246.86"
F06 - Tata Hitachi EX1200-6,Equipment,First Entry,Last Entry,Net Hours,EX009,21-07-2026 06:37:29,"32,172.03",21-07-2026 20:27:18,"32,181.39",9.36
F06 - Tata Hitachi EX1200-6,Equipment,First Entry,Last Entry,Net Hours,EX009,22-07-2026 07:04:23,"32,181.39",23-07-2026 05:19:15,"32,192.23",10.84
F06 - Tata Hitachi EX1200-6,Equipment,First Entry,Last Entry,Net Hours,EX009,23-07-2026 06:45:14,"32,192.28",23-07-2026 21:15:21,"32,204.09",11.81
F06 - Tata Hitachi EX1200-6,Equipment,First Entry,Last Entry,Net Hours,EX009,24-07-2026 07:23:26,"32,204.14",25-07-2026 05:18:00,"32,215.78",11.64
F06 - Tata Hitachi EX1200-6,Equipment,First Entry,Last Entry,Net Hours,EX009,25-07-2026 06:38:01,"32,215.79",26-07-2026 05:22:17,"32,229.76",13.97
F06 - Tata Hitachi EX1200-6,Equipment,First Entry,Last Entry,Net Hours,EX009,26-07-2026 06:37:17,"32,229.77",27-07-2026 03:48:36,"32,238.18",8.41
F06 - Tata Hitachi EX1200-6,Equipment,First Entry,Last Entry,Net Hours,EX009,27-07-2026 07:02:38,"32,238.21",28-07-2026 05:19:57,"32,256.22",18.01
F06 - Tata Hitachi EX1200-6,Equipment,First Entry,Last Entry,Net Hours,EX009,28-07-2026 06:35:58,"32,256.27",29-07-2026 05:06:09,"32,271.02",14.75
F06 - Tata Hitachi EX1200-6,Equipment,First Entry,Last Entry,Net Hours,EX009,29-07-2026 06:39:10,"32,271.07",30-07-2026 05:20:29,"32,282.39",11.32
F06 - Tata Hitachi EX1200-6,Equipment,First Entry,Last Entry,Net Hours,EX009,30-07-2026 06:40:29,"32,282.41",31-07-2026 05:21:10,"32,298.32",15.91
F06 - Tata Hitachi EX1200-6,Equipment,First Entry,Last Entry,Net Hours,EX009,31-07-2026 06:34:10,"32,298.36",01-08-2026 05:14:02,"32,315.92",17.56
F06 - Tata Hitachi EX1200-6,Equipment,First Entry,Last Entry,Net Hours,EX010,31-07-2026 21:06:16,"31,799.05",31-07-2026 21:06:16,"31,799.05",0.00
F06 - Tata Hitachi EX1200-6,Equipment,First Entry,Last Entry,Net Hours,EX012,21-07-2026 06:35:45,"1,41,809.55",22-07-2026 04:47:54,"1,41,828.40",18.85
F06 - Tata Hitachi EX1200-6,Equipment,First Entry,Last Entry,Net Hours,EX012,22-07-2026 06:43:55,"1,41,828.42",23-07-2026 05:22:05,"1,41,844.33",15.91
F06 - Tata Hitachi EX1200-6,Equipment,First Entry,Last Entry,Net Hours,EX012,23-07-2026 06:46:06,"1,41,844.37",24-07-2026 05:19:51,"1,41,862.44",18.07
F06 - Tata Hitachi EX1200-6,Equipment,First Entry,Last Entry,Net Hours,EX012,24-07-2026 06:42:52,"1,41,862.47",25-07-2026 04:54:18,"1,41,878.73",16.26
F06 - Tata Hitachi EX1200-6,Equipment,First Entry,Last Entry,Net Hours,EX012,25-07-2026 07:21:59,"1,41,878.74",26-07-2026 05:20:30,"1,41,891.52",12.78
F06 - Tata Hitachi EX1200-6,Equipment,First Entry,Last Entry,Net Hours,EX012,26-07-2026 06:35:31,"1,41,891.52",27-07-2026 05:22:56,"1,41,909.01",17.49
F06 - Tata Hitachi EX1200-6,Equipment,First Entry,Last Entry,Net Hours,EX012,27-07-2026 06:57:57,"1,41,909.02",28-07-2026 05:17:29,"1,41,921.65",12.63
F06 - Tata Hitachi EX1200-6,Equipment,First Entry,Last Entry,Net Hours,EX012,28-07-2026 06:38:29,"1,41,921.67",29-07-2026 02:08:37,"1,41,934.23",12.56
F06 - Tata Hitachi EX1200-6,Equipment,First Entry,Last Entry,Net Hours,EX012,29-07-2026 06:34:39,"1,41,934.25",30-07-2026 05:18:48,"1,41,951.01",16.76
F06 - Tata Hitachi EX1200-6,Equipment,First Entry,Last Entry,Net Hours,EX012,30-07-2026 06:44:49,"1,41,951.01",30-07-2026 15:28:55,"1,41,957.49",6.48
F06 - Tata Hitachi EX1200-6,Equipment,First Entry,Last Entry,Net Hours,EX012,31-07-2026 08:22:02,"1,41,957.50",31-07-2026 08:22:02,"1,41,957.50",0.00
F07 - Tata Hitachi EX2500-5,Equipment,First Entry,Last Entry,Net Hours,EX001,21-07-2026 06:35:52,"22,493.70",22-07-2026 05:22:02,"22,513.89",20.19
F07 - Tata Hitachi EX2500-5,Equipment,First Entry,Last Entry,Net Hours,EX001,22-07-2026 06:39:02,"22,513.94",23-07-2026 05:41:43,"22,533.25",19.31
F07 - Tata Hitachi EX2500-5,Equipment,First Entry,Last Entry,Net Hours,EX001,23-07-2026 06:29:43,"22,533.28",24-07-2026 05:30:53,"22,552.07",18.79
F07 - Tata Hitachi EX2500-5,Equipment,First Entry,Last Entry,Net Hours,EX001,24-07-2026 06:32:53,"22,552.09",25-07-2026 03:15:19,"22,567.79",15.70
F07 - Tata Hitachi EX2500-5,Equipment,First Entry,Last Entry,Net Hours,EX001,25-07-2026 06:31:59,"22,567.84",26-07-2026 05:40:56,"22,580.85",13.01
F07 - Tata Hitachi EX2500-5,Equipment,First Entry,Last Entry,Net Hours,EX001,26-07-2026 06:31:56,"22,580.89",27-07-2026 05:35:05,"22,600.95",20.06
F07 - Tata Hitachi EX2500-5,Equipment,First Entry,Last Entry,Net Hours,EX001,27-07-2026 06:45:05,"22,600.97",28-07-2026 05:33:42,"22,618.63",17.66
F07 - Tata Hitachi EX2500-5,Equipment,First Entry,Last Entry,Net Hours,EX001,28-07-2026 06:05:43,"22,618.67",29-07-2026 05:58:57,"22,629.09",10.42
F07 - Tata Hitachi EX2500-5,Equipment,First Entry,Last Entry,Net Hours,EX001,29-07-2026 06:01:57,"22,629.14",30-07-2026 05:32:11,"22,648.28",19.14
F07 - Tata Hitachi EX2500-5,Equipment,First Entry,Last Entry,Net Hours,EX001,30-07-2026 06:31:11,"22,648.30",31-07-2026 05:27:34,"22,667.57",19.27
F07 - Tata Hitachi EX2500-5,Equipment,First Entry,Last Entry,Net Hours,EX001,31-07-2026 06:24:35,"22,667.62",01-08-2026 05:26:59,"22,682.09",14.47
F07 - Tata Hitachi EX2500-5,Equipment,First Entry,Last Entry,Net Hours,EX003,21-07-2026 15:45:58,"93,025.65",22-07-2026 05:16:37,"93,033.47",7.82
F07 - Tata Hitachi EX2500-5,Equipment,First Entry,Last Entry,Net Hours,EX003,22-07-2026 06:49:00,"93,033.48",22-07-2026 22:39:13,"93,038.61",5.13
F07 - Tata Hitachi EX2500-5,Equipment,First Entry,Last Entry,Net Hours,EX003,23-07-2026 06:40:51,"93,038.63",24-07-2026 05:23:17,"93,049.57",10.94
F07 - Tata Hitachi EX2500-5,Equipment,First Entry,Last Entry,Net Hours,EX003,24-07-2026 06:50:41,"93,049.62",24-07-2026 23:19:27,"93,053.67",4.05
F07 - Tata Hitachi EX2500-5,Equipment,First Entry,Last Entry,Net Hours,EX003,25-07-2026 07:04:27,"93,053.70",25-07-2026 18:19:14,"93,054.00",0.30
F07 - Tata Hitachi EX2500-5,Equipment,First Entry,Last Entry,Net Hours,EX003,26-07-2026 06:49:42,"93,054.03",26-07-2026 16:04:57,"93,058.59",4.56
F07 - Tata Hitachi EX2500-5,Equipment,First Entry,Last Entry,Net Hours,EX003,27-07-2026 08:49:12,"93,058.64",27-07-2026 21:27:19,"93,064.56",5.92
F07 - Tata Hitachi EX2500-5,Equipment,First Entry,Last Entry,Net Hours,EX003,28-07-2026 07:03:40,"93,064.59",29-07-2026 05:16:12,"93,077.98",13.39
F07 - Tata Hitachi EX2500-5,Equipment,First Entry,Last Entry,Net Hours,EX003,29-07-2026 06:34:27,"93,078.03",29-07-2026 19:57:24,"93,081.97",3.94
F07 - Tata Hitachi EX2500-5,Equipment,First Entry,Last Entry,Net Hours,EX003,30-07-2026 07:23:38,"93,081.98",31-07-2026 05:33:40,"93,096.16",14.18
F07 - Tata Hitachi EX2500-5,Equipment,First Entry,Last Entry,Net Hours,EX003,31-07-2026 06:41:05,"93,096.17",01-08-2026 05:24:15,"93,111.21",15.04
F08 - Liebherr R9250,Equipment,First Entry,Last Entry,Net Hours,EX006,21-07-2026 06:28:27,"10,01,405.41",22-07-2026 05:58:40,"10,01,425.14",19.73
F08 - Liebherr R9250,Equipment,First Entry,Last Entry,Net Hours,EX006,22-07-2026 06:01:40,"10,01,425.19",23-07-2026 05:44:52,"10,01,442.05",16.86
F08 - Liebherr R9250,Equipment,First Entry,Last Entry,Net Hours,EX006,23-07-2026 08:04:53,"10,01,442.07",24-07-2026 05:16:25,"10,01,457.49",15.42
F08 - Liebherr R9250,Equipment,First Entry,Last Entry,Net Hours,EX006,24-07-2026 06:16:25,"10,01,457.52",25-07-2026 05:58:39,"10,01,473.49",15.97
F08 - Liebherr R9250,Equipment,First Entry,Last Entry,Net Hours,EX006,25-07-2026 06:01:39,"10,01,473.53",26-07-2026 05:47:27,"10,01,492.34",18.81
F08 - Liebherr R9250,Equipment,First Entry,Last Entry,Net Hours,EX006,26-07-2026 06:42:27,"10,01,492.38",27-07-2026 05:22:39,"10,01,510.60",18.22
F08 - Liebherr R9250,Equipment,First Entry,Last Entry,Net Hours,EX006,27-07-2026 06:01:39,"10,01,510.64",28-07-2026 05:57:02,"10,01,529.18",18.54
F08 - Liebherr R9250,Equipment,First Entry,Last Entry,Net Hours,EX006,28-07-2026 06:00:02,"10,01,529.23",29-07-2026 05:46:15,"10,01,548.27",19.04
F08 - Liebherr R9250,Equipment,First Entry,Last Entry,Net Hours,EX006,29-07-2026 06:28:15,"10,01,548.27",30-07-2026 00:18:24,"10,01,561.85",13.58
F08 - Liebherr R9250,Equipment,First Entry,Last Entry,Net Hours,EX006,30-07-2026 06:12:27,"10,01,561.85",31-07-2026 05:22:31,"10,01,576.71",14.86
F08 - Liebherr R9250,Equipment,First Entry,Last Entry,Net Hours,EX006,31-07-2026 06:14:31,"10,01,576.71",01-08-2026 05:16:43,"10,01,596.16",19.45
F09 - Tata Hitachi EX2500-6,Equipment,First Entry,Last Entry,Net Hours,EX004,21-07-2026 06:01:10,"1,42,219.20",22-07-2026 05:57:40,"1,42,241.58",22.38
F09 - Tata Hitachi EX2500-6,Equipment,First Entry,Last Entry,Net Hours,EX004,22-07-2026 06:00:41,"1,42,241.63",23-07-2026 05:57:53,"1,42,265.58",23.95
F09 - Tata Hitachi EX2500-6,Equipment,First Entry,Last Entry,Net Hours,EX004,23-07-2026 06:00:53,"1,42,265.63",24-07-2026 05:58:06,"1,42,289.58",23.95
F09 - Tata Hitachi EX2500-6,Equipment,First Entry,Last Entry,Net Hours,EX004,24-07-2026 06:01:06,"1,42,289.63",25-07-2026 05:58:21,"1,42,313.58",23.95
F09 - Tata Hitachi EX2500-6,Equipment,First Entry,Last Entry,Net Hours,EX004,25-07-2026 06:01:20,"1,42,313.63",26-07-2026 05:58:32,"1,42,337.58",23.95
F09 - Tata Hitachi EX2500-6,Equipment,First Entry,Last Entry,Net Hours,EX004,26-07-2026 06:01:32,"1,42,337.63",27-07-2026 05:57:17,"1,42,360.71",23.08
F09 - Tata Hitachi EX2500-6,Equipment,First Entry,Last Entry,Net Hours,EX004,27-07-2026 06:00:16,"1,42,360.76",28-07-2026 04:30:19,"1,42,370.01",9.25
F09 - Tata Hitachi EX2500-6,Equipment,First Entry,Last Entry,Net Hours,EX004,28-07-2026 11:38:10,"1,42,370.01",28-07-2026 11:38:10,"1,42,370.01",0.00
F09 - Tata Hitachi EX2500-6,Equipment,First Entry,Last Entry,Net Hours,EX004,29-07-2026 18:51:27,"1,42,370.01",29-07-2026 18:51:27,"1,42,370.01",0.00
F09 - Tata Hitachi EX2500-6,Equipment,First Entry,Last Entry,Net Hours,EX004,30-07-2026 19:24:58,"1,42,370.01",31-07-2026 05:17:54,"1,42,377.77",7.76
F09 - Tata Hitachi EX2500-6,Equipment,First Entry,Last Entry,Net Hours,EX004,31-07-2026 06:33:55,"1,42,377.82",31-07-2026 11:41:48,"1,42,381.06",3.24
F09 - Tata Hitachi EX2500-6,Equipment,First Entry,Last Entry,Net Hours,EX005,21-07-2026 10:27:28,"22,551.62",22-07-2026 03:57:41,"22,555.32",3.70
F09 - Tata Hitachi EX2500-6,Equipment,First Entry,Last Entry,Net Hours,EX005,22-07-2026 06:26:56,"22,555.36",23-07-2026 05:24:43,"22,574.27",18.91
F09 - Tata Hitachi EX2500-6,Equipment,First Entry,Last Entry,Net Hours,EX005,23-07-2026 06:33:43,"22,574.29",24-07-2026 05:26:56,"22,593.21",18.92
F09 - Tata Hitachi EX2500-6,Equipment,First Entry,Last Entry,Net Hours,EX005,24-07-2026 06:36:57,"22,593.21",25-07-2026 05:29:09,"22,615.13",21.92
F09 - Tata Hitachi EX2500-6,Equipment,First Entry,Last Entry,Net Hours,EX005,25-07-2026 06:29:09,"22,615.13",26-07-2026 05:26:18,"22,633.61",18.48
F09 - Tata Hitachi EX2500-6,Equipment,First Entry,Last Entry,Net Hours,EX005,26-07-2026 06:33:19,"22,633.62",27-07-2026 05:26:13,"22,653.47",19.85
F09 - Tata Hitachi EX2500-6,Equipment,First Entry,Last Entry,Net Hours,EX005,27-07-2026 06:51:14,"22,653.51",27-07-2026 23:08:23,"22,665.48",11.97
F09 - Tata Hitachi EX2500-6,Equipment,First Entry,Last Entry,Net Hours,EX005,28-07-2026 11:19:29,"22,675.57",29-07-2026 05:26:16,"22,686.72",11.15
F09 - Tata Hitachi EX2500-6,Equipment,First Entry,Last Entry,Net Hours,EX005,29-07-2026 06:41:17,"22,686.75",30-07-2026 05:25:42,"22,705.65",18.90
F09 - Tata Hitachi EX2500-6,Equipment,First Entry,Last Entry,Net Hours,EX005,30-07-2026 06:34:42,"22,705.68",31-07-2026 05:23:41,"22,724.75",19.07
F09 - Tata Hitachi EX2500-6,Equipment,First Entry,Last Entry,Net Hours,EX005,31-07-2026 06:39:42,"22,724.78",01-08-2026 05:58:52,"22,743.97",19.19
F11 - Caterpillar 988H,Equipment,First Entry,Last Entry,Net Hours,PL2K05,21-07-2026 06:54:12,"41,327.98",22-07-2026 05:27:57,"41,340.01",12.03
F11 - Caterpillar 988H,Equipment,First Entry,Last Entry,Net Hours,PL2K05,22-07-2026 06:59:03,"41,340.02",23-07-2026 05:15:55,"41,347.73",7.71
F11 - Caterpillar 988H,Equipment,First Entry,Last Entry,Net Hours,PL2K05,23-07-2026 08:59:20,"41,347.77",24-07-2026 04:38:16,"41,356.34",8.57
F11 - Caterpillar 988H,Equipment,First Entry,Last Entry,Net Hours,PL2K05,24-07-2026 12:02:59,"41,356.72",25-07-2026 00:46:08,"41,360.20",3.48
F11 - Caterpillar 988H,Equipment,First Entry,Last Entry,Net Hours,PL2K05,25-07-2026 06:37:07,"41,360.24",26-07-2026 02:48:25,"41,365.42",5.18
F11 - Caterpillar 988H,Equipment,First Entry,Last Entry,Net Hours,PL2K05,26-07-2026 10:28:01,"41,365.46",26-07-2026 17:46:30,"41,366.91",1.45
F11 - Caterpillar 988H,Equipment,First Entry,Last Entry,Net Hours,PL2K05,27-07-2026 12:19:48,"41,366.94",28-07-2026 05:21:25,"41,373.99",7.05
F11 - Caterpillar 988H,Equipment,First Entry,Last Entry,Net Hours,PL2K05,28-07-2026 06:29:26,"41,374.03",29-07-2026 05:12:52,"41,378.39",4.36
F11 - Caterpillar 988H,Equipment,First Entry,Last Entry,Net Hours,PL2K05,29-07-2026 06:27:52,"41,378.42",30-07-2026 00:55:39,"41,385.04",6.62
F11 - Caterpillar 988H,Equipment,First Entry,Last Entry,Net Hours,PL2K05,30-07-2026 06:59:54,"41,385.08",31-07-2026 05:18:49,"41,395.59",10.51
F11 - Caterpillar 988H,Equipment,First Entry,Last Entry,Net Hours,PL2K05,31-07-2026 08:13:11,"41,395.67",01-08-2026 05:12:21,"41,401.93",6.26
F11 - Caterpillar 988H,Equipment,First Entry,Last Entry,Net Hours,PL2K06,21-07-2026 06:42:26,"31,185.89",22-07-2026 02:39:12,"31,188.30",2.41
F11 - Caterpillar 988H,Equipment,First Entry,Last Entry,Net Hours,PL2K06,22-07-2026 06:32:12,"31,188.33",23-07-2026 01:48:42,"31,199.26",10.93
F11 - Caterpillar 988H,Equipment,First Entry,Last Entry,Net Hours,PL2K06,23-07-2026 06:28:44,"31,199.29",23-07-2026 13:14:49,"31,204.83",5.54
F11 - Caterpillar 988H,Equipment,First Entry,Last Entry,Net Hours,PL2K06,24-07-2026 06:43:55,"31,204.84",25-07-2026 05:18:24,"31,219.37",14.53
F11 - Caterpillar 988H,Equipment,First Entry,Last Entry,Net Hours,PL2K06,25-07-2026 06:29:24,"31,219.39",26-07-2026 05:11:01,"31,230.16",10.77
F11 - Caterpillar 988H,Equipment,First Entry,Last Entry,Net Hours,PL2K06,26-07-2026 06:28:02,"31,230.16",27-07-2026 05:10:11,"31,244.43",14.27
F11 - Caterpillar 988H,Equipment,First Entry,Last Entry,Net Hours,PL2K06,27-07-2026 06:45:04,"31,244.45",28-07-2026 03:18:00,"31,253.34",8.89
F11 - Caterpillar 988H,Equipment,First Entry,Last Entry,Net Hours,PL2K06,28-07-2026 06:52:01,"31,253.38",29-07-2026 05:10:55,"31,268.71",15.33
F11 - Caterpillar 988H,Equipment,First Entry,Last Entry,Net Hours,PL2K06,29-07-2026 10:01:57,"31,268.72",30-07-2026 05:17:37,"31,279.43",10.71
F11 - Caterpillar 988H,Equipment,First Entry,Last Entry,Net Hours,PL2K06,30-07-2026 06:24:37,"31,279.45",30-07-2026 23:59:37,"31,285.29",5.84
F11 - Caterpillar 988H,Equipment,First Entry,Last Entry,Net Hours,PL2K06,31-07-2026 06:38:40,"31,285.34",01-08-2026 03:46:48,"31,297.11",11.77
F17 - Tata Hitachi EX2600-7,Equipment,First Entry,Last Entry,Net Hours,EX0009,21-07-2026 06:01:01,"55,313.88",22-07-2026 03:34:28,"55,331.69",17.81
F17 - Tata Hitachi EX2600-7,Equipment,First Entry,Last Entry,Net Hours,EX0009,22-07-2026 06:30:07,"55,331.70",23-07-2026 05:25:00,"55,350.61",18.91
F17 - Tata Hitachi EX2600-7,Equipment,First Entry,Last Entry,Net Hours,EX0009,23-07-2026 06:40:30,"55,350.63",24-07-2026 05:16:45,"55,366.46",15.83
F17 - Tata Hitachi EX2600-7,Equipment,First Entry,Last Entry,Net Hours,EX0009,24-07-2026 06:40:39,"55,366.50",25-07-2026 05:18:32,"55,378.06",11.56
F17 - Tata Hitachi EX2600-7,Equipment,First Entry,Last Entry,Net Hours,EX0009,25-07-2026 06:49:19,"55,378.09",26-07-2026 05:17:33,"55,395.96",17.87
F17 - Tata Hitachi EX2600-7,Equipment,First Entry,Last Entry,Net Hours,EX0009,26-07-2026 06:30:41,"55,395.99",27-07-2026 05:23:05,"55,411.79",15.80
F17 - Tata Hitachi EX2600-7,Equipment,First Entry,Last Entry,Net Hours,EX0009,27-07-2026 06:57:26,"55,411.82",28-07-2026 05:22:33,"55,429.28",17.46
F17 - Tata Hitachi EX2600-7,Equipment,First Entry,Last Entry,Net Hours,EX0009,28-07-2026 06:45:46,"55,429.31",29-07-2026 05:14:20,"55,444.95",15.64
F17 - Tata Hitachi EX2600-7,Equipment,First Entry,Last Entry,Net Hours,EX0009,29-07-2026 06:35:31,"55,444.99",30-07-2026 05:15:32,"55,462.11",17.12
F17 - Tata Hitachi EX2600-7,Equipment,First Entry,Last Entry,Net Hours,EX0009,30-07-2026 06:41:37,"55,462.14",31-07-2026 05:19:27,"55,479.46",17.32
F17 - Tata Hitachi EX2600-7,Equipment,First Entry,Last Entry,Net Hours,EX0009,31-07-2026 06:12:37,"55,479.49",01-08-2026 05:17:20,"55,490.88",11.39
F17 - Tata Hitachi EX2600-7,Equipment,First Entry,Last Entry,Net Hours,EX0010,21-07-2026 06:40:51,"31,084.79",22-07-2026 05:32:14,"31,098.61",13.82
F17 - Tata Hitachi EX2600-7,Equipment,First Entry,Last Entry,Net Hours,EX0010,22-07-2026 06:40:23,"31,098.63",23-07-2026 05:09:40,"31,111.87",13.24
F17 - Tata Hitachi EX2600-7,Equipment,First Entry,Last Entry,Net Hours,EX0010,23-07-2026 06:46:26,"31,111.92",24-07-2026 05:27:07,"31,127.67",15.75
F17 - Tata Hitachi EX2600-7,Equipment,First Entry,Last Entry,Net Hours,EX0010,24-07-2026 06:43:10,"31,127.72",25-07-2026 05:27:53,"31,145.99",18.27
F17 - Tata Hitachi EX2600-7,Equipment,First Entry,Last Entry,Net Hours,EX0010,25-07-2026 06:31:17,"31,146.04",26-07-2026 05:59:50,"31,164.94",18.90
F17 - Tata Hitachi EX2600-7,Equipment,First Entry,Last Entry,Net Hours,EX0010,26-07-2026 06:02:50,"31,164.99",27-07-2026 05:25:42,"31,179.83",14.84
F17 - Tata Hitachi EX2600-7,Equipment,First Entry,Last Entry,Net Hours,EX0010,27-07-2026 06:55:37,"31,179.86",28-07-2026 05:25:09,"31,197.47",17.61
F17 - Tata Hitachi EX2600-7,Equipment,First Entry,Last Entry,Net Hours,EX0010,28-07-2026 06:35:35,"31,197.50",29-07-2026 05:23:05,"31,214.48",16.98
F17 - Tata Hitachi EX2600-7,Equipment,First Entry,Last Entry,Net Hours,EX0010,29-07-2026 06:51:20,"31,214.50",30-07-2026 05:27:20,"31,232.84",18.34
F17 - Tata Hitachi EX2600-7,Equipment,First Entry,Last Entry,Net Hours,EX0010,30-07-2026 06:51:35,"31,232.89",31-07-2026 05:09:24,"31,247.37",14.48
F17 - Tata Hitachi EX2600-7,Equipment,First Entry,Last Entry,Net Hours,EX0010,31-07-2026 06:37:44,"31,247.40",01-08-2026 05:25:07,"31,267.28",19.88
F17 - Tata Hitachi EX2600-7,Equipment,First Entry,Last Entry,Net Hours,EX0011,21-07-2026 06:01:24,"84,959.67",22-07-2026 05:25:49,"84,979.31",19.64
F17 - Tata Hitachi EX2600-7,Equipment,First Entry,Last Entry,Net Hours,EX0011,22-07-2026 06:40:31,"84,979.34",23-07-2026 05:24:23,"84,997.30",17.96
F17 - Tata Hitachi EX2600-7,Equipment,First Entry,Last Entry,Net Hours,EX0011,23-07-2026 06:37:03,"84,997.33",24-07-2026 05:28:17,"85,016.11",18.78
F17 - Tata Hitachi EX2600-7,Equipment,First Entry,Last Entry,Net Hours,EX0011,24-07-2026 06:15:27,"85,016.12",25-07-2026 05:30:19,"85,028.54",12.42
F17 - Tata Hitachi EX2600-7,Equipment,First Entry,Last Entry,Net Hours,EX0011,25-07-2026 06:33:24,"85,028.58",26-07-2026 05:29:42,"85,048.34",19.76
F17 - Tata Hitachi EX2600-7,Equipment,First Entry,Last Entry,Net Hours,EX0011,26-07-2026 06:37:41,"85,048.37",26-07-2026 18:19:32,"85,058.24",9.87
F17 - Tata Hitachi EX2600-7,Equipment,First Entry,Last Entry,Net Hours,EX0011,30-07-2026 06:20:44,"85,122.34",31-07-2026 05:58:39,"85,142.87",20.53
F17 - Tata Hitachi EX2600-7,Equipment,First Entry,Last Entry,Net Hours,EX0011,31-07-2026 06:01:39,"85,142.92",01-08-2026 05:29:46,"85,162.36",19.44
F17 - Tata Hitachi EX2600-7,Equipment,First Entry,Last Entry,Net Hours,EX007,21-07-2026 06:39:05,"87,150.98",22-07-2026 05:32:31,"87,171.99",21.01
F17 - Tata Hitachi EX2600-7,Equipment,First Entry,Last Entry,Net Hours,EX007,22-07-2026 06:24:24,"87,172.02",23-07-2026 05:27:27,"87,189.32",17.30
F17 - Tata Hitachi EX2600-7,Equipment,First Entry,Last Entry,Net Hours,EX007,23-07-2026 06:21:19,"87,189.37",24-07-2026 05:22:08,"87,207.86",18.49
F17 - Tata Hitachi EX2600-7,Equipment,First Entry,Last Entry,Net Hours,EX007,24-07-2026 06:44:18,"87,207.91",25-07-2026 05:22:47,"87,224.39",16.48
F17 - Tata Hitachi EX2600-7,Equipment,First Entry,Last Entry,Net Hours,EX007,25-07-2026 06:29:53,"87,224.42",25-07-2026 21:13:52,"87,231.40",6.98
F17 - Tata Hitachi EX2600-7,Equipment,First Entry,Last Entry,Net Hours,EX007,26-07-2026 06:49:26,"87,231.42",27-07-2026 05:27:44,"87,241.63",10.21
F17 - Tata Hitachi EX2600-7,Equipment,First Entry,Last Entry,Net Hours,EX007,27-07-2026 06:59:06,"87,241.67",27-07-2026 21:24:49,"87,252.35",10.68
F17 - Tata Hitachi EX2600-7,Equipment,First Entry,Last Entry,Net Hours,EX007,28-07-2026 06:35:52,"87,252.40",29-07-2026 03:15:19,"87,264.96",12.56
F17 - Tata Hitachi EX2600-7,Equipment,First Entry,Last Entry,Net Hours,EX007,29-07-2026 10:10:58,"87,264.99",30-07-2026 04:04:30,"87,275.57",10.58
F17 - Tata Hitachi EX2600-7,Equipment,First Entry,Last Entry,Net Hours,EX007,30-07-2026 16:05:14,"87,275.60",31-07-2026 00:15:24,"87,280.92",5.32
F17 - Tata Hitachi EX2600-7,Equipment,First Entry,Last Entry,Net Hours,EX007,31-07-2026 06:58:33,"87,280.93",31-07-2026 11:12:20,"87,283.18",2.25
F17 - Tata Hitachi EX2600-7,Equipment,First Entry,Last Entry,Net Hours,EX008,21-07-2026 07:23:32,"20,082.70",22-07-2026 05:28:21,"20,101.03",18.33
F17 - Tata Hitachi EX2600-7,Equipment,First Entry,Last Entry,Net Hours,EX008,22-07-2026 06:43:08,"20,101.07",23-07-2026 05:23:50,"20,115.98",14.91
F17 - Tata Hitachi EX2600-7,Equipment,First Entry,Last Entry,Net Hours,EX008,23-07-2026 06:43:24,"20,116.00",24-07-2026 05:21:17,"20,130.39",14.39
F17 - Tata Hitachi EX2600-7,Equipment,First Entry,Last Entry,Net Hours,EX008,24-07-2026 06:39:30,"20,130.42",25-07-2026 05:27:11,"20,147.02",16.60
F17 - Tata Hitachi EX2600-7,Equipment,First Entry,Last Entry,Net Hours,EX008,25-07-2026 06:35:58,"20,147.04",26-07-2026 05:23:11,"20,162.16",15.12
F17 - Tata Hitachi EX2600-7,Equipment,First Entry,Last Entry,Net Hours,EX008,26-07-2026 06:42:14,"20,162.21",27-07-2026 05:30:15,"20,179.10",16.89
F17 - Tata Hitachi EX2600-7,Equipment,First Entry,Last Entry,Net Hours,EX008,27-07-2026 06:33:54,"20,179.13",28-07-2026 00:57:38,"20,180.68",1.55
F17 - Tata Hitachi EX2600-7,Equipment,First Entry,Last Entry,Net Hours,EX008,28-07-2026 06:29:40,"20,180.71",29-07-2026 05:25:22,"20,197.55",16.84
F17 - Tata Hitachi EX2600-7,Equipment,First Entry,Last Entry,Net Hours,EX008,29-07-2026 07:10:58,"20,197.60",30-07-2026 05:25:58,"20,216.78",19.18
F17 - Tata Hitachi EX2600-7,Equipment,First Entry,Last Entry,Net Hours,EX008,30-07-2026 06:44:18,"20,216.83",31-07-2026 05:19:29,"20,226.15",9.32
F17 - Tata Hitachi EX2600-7,Equipment,First Entry,Last Entry,Net Hours,EX008,31-07-2026 07:40:49,"20,226.16",01-08-2026 05:15:26,"20,243.51",17.35
F18 - KOMATSU WE1150,Equipment,First Entry,Last Entry,Net Hours,PL003,23-07-2026 19:02:36,"6,238.42",24-07-2026 02:05:54,"6,239.00",0.58
F18 - KOMATSU WE1150,Equipment,First Entry,Last Entry,Net Hours,PL003,24-07-2026 11:54:52,"6,239.04",24-07-2026 13:31:16,"6,239.80",0.76
F18 - KOMATSU WE1150,Equipment,First Entry,Last Entry,Net Hours,PL003,25-07-2026 15:49:57,"6,240.12",26-07-2026 05:28:38,"6,246.02",5.90
F18 - KOMATSU WE1150,Equipment,First Entry,Last Entry,Net Hours,PL003,26-07-2026 06:31:03,"6,246.03",27-07-2026 05:37:10,"6,255.95",9.92
F18 - KOMATSU WE1150,Equipment,First Entry,Last Entry,Net Hours,PL003,27-07-2026 06:59:34,"6,255.97",28-07-2026 05:41:28,"6,272.53",16.56
F18 - KOMATSU WE1150,Equipment,First Entry,Last Entry,Net Hours,PL003,28-07-2026 06:28:42,"6,272.57",29-07-2026 05:25:25,"6,288.53",15.96
F18 - KOMATSU WE1150,Equipment,First Entry,Last Entry,Net Hours,PL003,29-07-2026 06:35:44,"6,288.54",30-07-2026 05:25:29,"6,308.52",19.98
F18 - KOMATSU WE1150,Equipment,First Entry,Last Entry,Net Hours,PL003,30-07-2026 06:37:58,"6,308.56",31-07-2026 05:39:17,"6,326.35",17.79
F18 - KOMATSU WE1150,Equipment,First Entry,Last Entry,Net Hours,PL003,31-07-2026 06:30:38,"6,326.36",01-08-2026 05:44:31,"6,346.84",20.48
F18 - KOMATSU WE1150,Equipment,First Entry,Last Entry,Net Hours,PL004,21-07-2026 06:42:45,"14,818.93",22-07-2026 05:28:55,"14,837.85",18.92
F18 - KOMATSU WE1150,Equipment,First Entry,Last Entry,Net Hours,PL004,22-07-2026 06:35:56,"14,837.88",22-07-2026 23:07:03,"14,849.97",12.09
F18 - KOMATSU WE1150,Equipment,First Entry,Last Entry,Net Hours,PL004,23-07-2026 11:47:09,"14,861.58",24-07-2026 05:46:16,"14,876.13",14.55
F18 - KOMATSU WE1150,Equipment,First Entry,Last Entry,Net Hours,PL004,24-07-2026 06:41:17,"14,876.15",25-07-2026 05:58:26,"14,897.61",21.46
F18 - KOMATSU WE1150,Equipment,First Entry,Last Entry,Net Hours,PL004,25-07-2026 06:01:26,"14,897.66",26-07-2026 01:00:33,"14,912.45",14.79
F18 - KOMATSU WE1150,Equipment,First Entry,Last Entry,Net Hours,PL004,26-07-2026 15:30:10,"14,914.08",27-07-2026 05:14:15,"14,914.26",0.18
F18 - KOMATSU WE1150,Equipment,First Entry,Last Entry,Net Hours,PL004,27-07-2026 06:33:16,"14,914.29",28-07-2026 05:49:24,"14,930.92",16.63
F18 - KOMATSU WE1150,Equipment,First Entry,Last Entry,Net Hours,PL004,28-07-2026 06:24:24,"14,930.94",29-07-2026 05:04:33,"14,943.46",12.52
F18 - KOMATSU WE1150,Equipment,First Entry,Last Entry,Net Hours,PL004,29-07-2026 08:18:49,"14,943.47",29-07-2026 08:46:41,"14,943.67",0.20
F18 - KOMATSU WE1150,Equipment,First Entry,Last Entry,Net Hours,PL004,30-07-2026 11:22:50,"14,943.67",31-07-2026 05:59:02,"14,950.48",6.81
F18 - KOMATSU WE1150,Equipment,First Entry,Last Entry,Net Hours,PL004,31-07-2026 06:02:02,"14,950.52",31-07-2026 19:06:06,"14,957.01",6.49

