textbox1,textbox19,textbox20,textbox16,textbox17,textbox14,textbox12,textbox15,textbox13,textbox10,textbox11,textbox297,textbox307,textbox18
Net Engine Hours by Fleet and Equipment,Report Created On:,12-08-2026,Parameters:,Description:,Start Shift Date:,11-07-2026,End Shift Date:,20-07-2026,Equipment:,All,IsDst:,False,This report contains a spreadsheet of the first and last engine hour entries for each equipment.  This report is grouped by fleet.

FLEET_IDENT,textbox49,Textbox39,Textbox57,Textbox59,EQUIP_IDENT,ORIGIN_SHORT_NAME2,DESTINATION_SHORT_NAME2,MAX_TIMESTAMP,NUM_LOADS2,PRODUCTION2
F01 - KOMATSU HD785-7,Equipment,First Entry,Last Entry,Net Hours,RD208,11-07-2026 06:33:19,"2,70,865.96",12-07-2026 05:25:39,"2,70,879.23",13.27
F01 - KOMATSU HD785-7,Equipment,First Entry,Last Entry,Net Hours,RD208,12-07-2026 06:33:39,"2,70,879.25",13-07-2026 05:24:55,"2,70,895.22",15.97
F01 - KOMATSU HD785-7,Equipment,First Entry,Last Entry,Net Hours,RD208,13-07-2026 06:31:56,"2,70,895.25",14-07-2026 05:36:30,"2,70,903.97",8.72
F01 - KOMATSU HD785-7,Equipment,First Entry,Last Entry,Net Hours,RD208,14-07-2026 06:31:31,"2,70,904.00",15-07-2026 05:30:45,"2,70,922.07",18.07
F01 - KOMATSU HD785-7,Equipment,First Entry,Last Entry,Net Hours,RD208,15-07-2026 06:25:45,"2,70,922.12",16-07-2026 05:34:02,"2,70,940.71",18.59
F01 - KOMATSU HD785-7,Equipment,First Entry,Last Entry,Net Hours,RD208,16-07-2026 06:26:02,"2,70,940.74",17-07-2026 05:27:18,"2,70,958.85",18.11
F01 - KOMATSU HD785-7,Equipment,First Entry,Last Entry,Net Hours,RD208,17-07-2026 06:39:19,"2,70,958.85",18-07-2026 05:21:36,"2,70,975.01",16.16
F01 - KOMATSU HD785-7,Equipment,First Entry,Last Entry,Net Hours,RD208,18-07-2026 06:34:37,"2,70,975.05",19-07-2026 05:31:52,"2,70,994.61",19.56
F01 - KOMATSU HD785-7,Equipment,First Entry,Last Entry,Net Hours,RD208,19-07-2026 06:32:53,"2,70,994.63",20-07-2026 05:25:33,"2,71,012.52",17.89
F01 - KOMATSU HD785-7,Equipment,First Entry,Last Entry,Net Hours,RD208,20-07-2026 06:54:34,"2,71,012.52",21-07-2026 05:30:13,"2,71,022.94",10.42
F01 - KOMATSU HD785-7,Equipment,First Entry,Last Entry,Net Hours,RD209,11-07-2026 08:01:05,"25,290.20",12-07-2026 05:28:21,"25,306.52",16.32
F01 - KOMATSU HD785-7,Equipment,First Entry,Last Entry,Net Hours,RD209,12-07-2026 07:22:22,"25,306.55",13-07-2026 05:37:36,"25,323.59",17.04
F01 - KOMATSU HD785-7,Equipment,First Entry,Last Entry,Net Hours,RD209,13-07-2026 06:36:37,"25,323.61",14-07-2026 05:36:52,"25,339.09",15.48
F01 - KOMATSU HD785-7,Equipment,First Entry,Last Entry,Net Hours,RD209,14-07-2026 06:31:51,"25,339.10",15-07-2026 05:34:14,"25,356.71",17.61
F01 - KOMATSU HD785-7,Equipment,First Entry,Last Entry,Net Hours,RD209,15-07-2026 06:43:15,"25,356.73",16-07-2026 05:31:06,"25,364.84",8.11
F01 - KOMATSU HD785-7,Equipment,First Entry,Last Entry,Net Hours,RD209,16-07-2026 06:35:06,"25,364.88",17-07-2026 05:30:20,"25,381.50",16.62
F01 - KOMATSU HD785-7,Equipment,First Entry,Last Entry,Net Hours,RD209,17-07-2026 06:44:21,"25,381.53",18-07-2026 05:34:25,"25,397.14",15.61
F01 - KOMATSU HD785-7,Equipment,First Entry,Last Entry,Net Hours,RD209,18-07-2026 06:47:25,"25,397.18",19-07-2026 05:34:41,"25,414.17",16.99
F01 - KOMATSU HD785-7,Equipment,First Entry,Last Entry,Net Hours,RD209,19-07-2026 06:34:41,"25,414.17",20-07-2026 05:30:57,"25,431.75",17.58
F01 - KOMATSU HD785-7,Equipment,First Entry,Last Entry,Net Hours,RD209,20-07-2026 06:54:58,"25,431.79",21-07-2026 05:30:12,"25,444.84",13.05
F01 - KOMATSU HD785-7,Equipment,First Entry,Last Entry,Net Hours,RD210,21-07-2026 01:28:08,"2,34,455.95",21-07-2026 05:24:05,"2,34,458.71",2.76
F01 - KOMATSU HD785-7,Equipment,First Entry,Last Entry,Net Hours,RD211,11-07-2026 07:22:23,"25,995.93",12-07-2026 05:34:38,"26,011.35",15.42
F01 - KOMATSU HD785-7,Equipment,First Entry,Last Entry,Net Hours,RD211,12-07-2026 06:51:39,"26,011.36",13-07-2026 05:34:53,"26,026.14",14.78
F01 - KOMATSU HD785-7,Equipment,First Entry,Last Entry,Net Hours,RD211,13-07-2026 06:34:53,"26,026.15",13-07-2026 20:16:46,"26,034.00",7.85
F01 - KOMATSU HD785-7,Equipment,First Entry,Last Entry,Net Hours,RD211,14-07-2026 10:20:53,"26,034.00",15-07-2026 05:24:58,"26,044.71",10.71
F01 - KOMATSU HD785-7,Equipment,First Entry,Last Entry,Net Hours,RD211,15-07-2026 06:34:58,"26,044.75",16-07-2026 00:12:08,"26,058.34",13.59
F01 - KOMATSU HD785-7,Equipment,First Entry,Last Entry,Net Hours,RD211,16-07-2026 08:16:21,"26,058.34",16-07-2026 10:57:01,"26,058.66",0.32
F01 - KOMATSU HD785-7,Equipment,First Entry,Last Entry,Net Hours,RD211,17-07-2026 11:16:29,"26,058.66",18-07-2026 00:55:44,"26,064.71",6.05
F01 - KOMATSU HD785-7,Equipment,First Entry,Last Entry,Net Hours,RD211,19-07-2026 19:38:38,"26,064.75",20-07-2026 05:27:20,"26,070.25",5.50
F01 - KOMATSU HD785-7,Equipment,First Entry,Last Entry,Net Hours,RD211,20-07-2026 06:49:21,"26,070.26",21-07-2026 05:26:35,"26,085.99",15.73
F01 - KOMATSU HD785-7,Equipment,First Entry,Last Entry,Net Hours,RD212,11-07-2026 06:26:15,"33,139.79",12-07-2026 05:26:22,"33,157.79",18.00
F01 - KOMATSU HD785-7,Equipment,First Entry,Last Entry,Net Hours,RD212,12-07-2026 07:21:23,"33,157.81",13-07-2026 05:27:43,"33,174.95",17.14
F01 - KOMATSU HD785-7,Equipment,First Entry,Last Entry,Net Hours,RD212,13-07-2026 06:38:43,"33,175.00",14-07-2026 05:32:04,"33,191.51",16.51
F01 - KOMATSU HD785-7,Equipment,First Entry,Last Entry,Net Hours,RD212,14-07-2026 06:30:04,"33,191.51",15-07-2026 05:12:22,"33,210.21",18.70
F01 - KOMATSU HD785-7,Equipment,First Entry,Last Entry,Net Hours,RD212,15-07-2026 13:03:10,"33,210.25",16-07-2026 05:29:25,"33,222.70",12.45
F01 - KOMATSU HD785-7,Equipment,First Entry,Last Entry,Net Hours,RD212,16-07-2026 06:35:26,"33,222.73",17-07-2026 05:26:45,"33,239.90",17.17
F01 - KOMATSU HD785-7,Equipment,First Entry,Last Entry,Net Hours,RD212,17-07-2026 06:50:45,"33,239.92",18-07-2026 05:36:36,"33,256.41",16.49
F01 - KOMATSU HD785-7,Equipment,First Entry,Last Entry,Net Hours,RD212,18-07-2026 06:56:37,"33,256.42",19-07-2026 05:34:54,"33,275.70",19.28
F01 - KOMATSU HD785-7,Equipment,First Entry,Last Entry,Net Hours,RD212,19-07-2026 06:38:55,"33,275.72",20-07-2026 05:28:14,"33,294.37",18.65
F01 - KOMATSU HD785-7,Equipment,First Entry,Last Entry,Net Hours,RD212,20-07-2026 06:54:15,"33,294.42",21-07-2026 05:21:30,"33,307.98",13.56
F01 - KOMATSU HD785-7,Equipment,First Entry,Last Entry,Net Hours,RD214,11-07-2026 06:28:28,"26,319.11",12-07-2026 05:27:44,"26,335.25",16.14
F01 - KOMATSU HD785-7,Equipment,First Entry,Last Entry,Net Hours,RD214,12-07-2026 06:40:45,"26,335.26",13-07-2026 05:21:07,"26,349.96",14.70
F01 - KOMATSU HD785-7,Equipment,First Entry,Last Entry,Net Hours,RD214,13-07-2026 06:57:07,"26,349.99",13-07-2026 16:32:02,"26,350.47",0.48
F01 - KOMATSU HD785-7,Equipment,First Entry,Last Entry,Net Hours,RD214,14-07-2026 12:17:45,"26,350.49",15-07-2026 05:33:58,"26,359.48",8.99
F01 - KOMATSU HD785-7,Equipment,First Entry,Last Entry,Net Hours,RD214,15-07-2026 06:33:58,"26,359.51",16-07-2026 05:29:11,"26,374.92",15.41
F01 - KOMATSU HD785-7,Equipment,First Entry,Last Entry,Net Hours,RD214,16-07-2026 06:36:11,"26,374.92",17-07-2026 05:22:27,"26,391.84",16.92
F01 - KOMATSU HD785-7,Equipment,First Entry,Last Entry,Net Hours,RD214,17-07-2026 06:51:28,"26,391.89",18-07-2026 01:05:29,"26,399.93",8.04
F01 - KOMATSU HD785-7,Equipment,First Entry,Last Entry,Net Hours,RD214,18-07-2026 06:49:32,"26,399.96",19-07-2026 05:30:47,"26,418.98",19.02
F01 - KOMATSU HD785-7,Equipment,First Entry,Last Entry,Net Hours,RD214,19-07-2026 06:35:48,"26,418.99",20-07-2026 05:37:02,"26,434.82",15.83
F01 - KOMATSU HD785-7,Equipment,First Entry,Last Entry,Net Hours,RD214,20-07-2026 06:54:03,"26,434.85",21-07-2026 05:28:17,"26,444.69",9.84
F01 - KOMATSU HD785-7,Equipment,First Entry,Last Entry,Net Hours,RD215,11-07-2026 06:39:47,"26,092.60",12-07-2026 05:29:43,"26,107.94",15.34
F01 - KOMATSU HD785-7,Equipment,First Entry,Last Entry,Net Hours,RD215,12-07-2026 06:29:43,"26,107.95",13-07-2026 05:26:59,"26,124.36",16.41
F01 - KOMATSU HD785-7,Equipment,First Entry,Last Entry,Net Hours,RD215,13-07-2026 07:13:00,"26,124.38",14-07-2026 05:36:15,"26,142.68",18.30
F01 - KOMATSU HD785-7,Equipment,First Entry,Last Entry,Net Hours,RD215,14-07-2026 06:33:15,"26,142.68",15-07-2026 05:26:32,"26,161.78",19.10
F01 - KOMATSU HD785-7,Equipment,First Entry,Last Entry,Net Hours,RD215,15-07-2026 06:33:33,"26,161.80",16-07-2026 05:26:47,"26,181.56",19.76
F01 - KOMATSU HD785-7,Equipment,First Entry,Last Entry,Net Hours,RD215,16-07-2026 06:58:47,"26,181.58",17-07-2026 05:32:39,"26,196.46",14.88
F01 - KOMATSU HD785-7,Equipment,First Entry,Last Entry,Net Hours,RD215,17-07-2026 06:54:40,"26,196.50",18-07-2026 05:36:56,"26,214.47",17.97
F01 - KOMATSU HD785-7,Equipment,First Entry,Last Entry,Net Hours,RD215,18-07-2026 06:44:57,"26,214.48",19-07-2026 05:25:11,"26,233.33",18.85
F01 - KOMATSU HD785-7,Equipment,First Entry,Last Entry,Net Hours,RD215,19-07-2026 06:32:12,"26,233.35",20-07-2026 05:26:38,"26,249.71",16.36
F01 - KOMATSU HD785-7,Equipment,First Entry,Last Entry,Net Hours,RD215,20-07-2026 06:52:39,"26,249.75",20-07-2026 18:45:08,"26,250.55",0.80
F01 - KOMATSU HD785-7,Equipment,First Entry,Last Entry,Net Hours,RD216,11-07-2026 06:37:40,"26,441.39",12-07-2026 05:27:41,"26,458.21",16.82
F01 - KOMATSU HD785-7,Equipment,First Entry,Last Entry,Net Hours,RD216,12-07-2026 06:30:58,"26,458.24",13-07-2026 05:36:26,"26,474.75",16.51
F01 - KOMATSU HD785-7,Equipment,First Entry,Last Entry,Net Hours,RD216,13-07-2026 06:42:10,"26,474.79",14-07-2026 05:35:52,"26,492.24",17.45
F01 - KOMATSU HD785-7,Equipment,First Entry,Last Entry,Net Hours,RD216,14-07-2026 06:37:32,"26,492.25",15-07-2026 05:26:44,"26,509.81",17.56
F01 - KOMATSU HD785-7,Equipment,First Entry,Last Entry,Net Hours,RD216,15-07-2026 06:39:34,"26,509.85",16-07-2026 05:27:32,"26,527.07",17.22
F01 - KOMATSU HD785-7,Equipment,First Entry,Last Entry,Net Hours,RD216,16-07-2026 06:35:02,"26,527.12",17-07-2026 05:29:55,"26,544.27",17.15
F01 - KOMATSU HD785-7,Equipment,First Entry,Last Entry,Net Hours,RD216,17-07-2026 06:07:12,"26,544.30",18-07-2026 05:28:18,"26,562.61",18.31
F01 - KOMATSU HD785-7,Equipment,First Entry,Last Entry,Net Hours,RD216,18-07-2026 06:58:40,"26,562.64",19-07-2026 05:22:39,"26,581.33",18.69
F01 - KOMATSU HD785-7,Equipment,First Entry,Last Entry,Net Hours,RD216,19-07-2026 06:34:13,"26,581.38",20-07-2026 05:31:24,"26,597.20",15.82
F01 - KOMATSU HD785-7,Equipment,First Entry,Last Entry,Net Hours,RD216,20-07-2026 06:50:54,"26,597.22",21-07-2026 05:28:30,"26,613.10",15.88
F01 - KOMATSU HD785-7,Equipment,First Entry,Last Entry,Net Hours,RD217,11-07-2026 06:02:05,"26,944.40",12-07-2026 05:59:23,"26,968.35",23.95
F01 - KOMATSU HD785-7,Equipment,First Entry,Last Entry,Net Hours,RD217,12-07-2026 06:02:21,"26,968.40",13-07-2026 05:59:38,"26,992.35",23.95
F01 - KOMATSU HD785-7,Equipment,First Entry,Last Entry,Net Hours,RD217,13-07-2026 06:02:38,"26,992.40",14-07-2026 01:23:51,"27,011.75",19.35
F01 - KOMATSU HD785-7,Equipment,First Entry,Last Entry,Net Hours,RD217,14-07-2026 10:35:21,"27,011.79",15-07-2026 05:57:00,"27,031.07",19.28
F01 - KOMATSU HD785-7,Equipment,First Entry,Last Entry,Net Hours,RD217,15-07-2026 06:00:00,"27,031.12",16-07-2026 05:57:13,"27,055.07",23.95
F01 - KOMATSU HD785-7,Equipment,First Entry,Last Entry,Net Hours,RD217,16-07-2026 06:00:13,"27,055.12",17-07-2026 05:57:29,"27,079.07",23.95
F01 - KOMATSU HD785-7,Equipment,First Entry,Last Entry,Net Hours,RD217,17-07-2026 06:00:29,"27,079.12",18-07-2026 05:57:46,"27,103.07",23.95
F01 - KOMATSU HD785-7,Equipment,First Entry,Last Entry,Net Hours,RD217,18-07-2026 06:00:46,"27,103.12",19-07-2026 05:58:00,"27,127.07",23.95
F01 - KOMATSU HD785-7,Equipment,First Entry,Last Entry,Net Hours,RD217,19-07-2026 06:01:00,"27,127.12",20-07-2026 05:59:18,"27,151.02",23.90
F01 - KOMATSU HD785-7,Equipment,First Entry,Last Entry,Net Hours,RD217,20-07-2026 06:02:19,"27,151.07",21-07-2026 05:58:54,"27,174.94",23.87
F01 - KOMATSU HD785-7,Equipment,First Entry,Last Entry,Net Hours,RD218,11-07-2026 08:02:47,"22,946.60",12-07-2026 05:24:00,"22,959.76",13.16
F01 - KOMATSU HD785-7,Equipment,First Entry,Last Entry,Net Hours,RD218,12-07-2026 06:28:01,"22,959.80",13-07-2026 03:28:12,"22,972.01",12.21
F01 - KOMATSU HD785-7,Equipment,First Entry,Last Entry,Net Hours,RD218,13-07-2026 06:40:13,"22,972.02",14-07-2026 02:39:25,"22,984.31",12.29
F01 - KOMATSU HD785-7,Equipment,First Entry,Last Entry,Net Hours,RD218,14-07-2026 07:06:27,"22,984.31",15-07-2026 04:56:41,"22,997.29",12.98
F01 - KOMATSU HD785-7,Equipment,First Entry,Last Entry,Net Hours,RD218,15-07-2026 06:41:42,"22,997.29",15-07-2026 20:15:51,"23,009.06",11.77
F01 - KOMATSU HD785-7,Equipment,First Entry,Last Entry,Net Hours,RD218,16-07-2026 07:29:56,"23,009.09",17-07-2026 05:25:26,"23,024.67",15.58
F01 - KOMATSU HD785-7,Equipment,First Entry,Last Entry,Net Hours,RD218,17-07-2026 06:52:27,"23,024.69",18-07-2026 05:31:41,"23,042.11",17.42
F01 - KOMATSU HD785-7,Equipment,First Entry,Last Entry,Net Hours,RD218,18-07-2026 07:14:42,"23,042.13",18-07-2026 13:31:23,"23,042.35",0.22
F01 - KOMATSU HD785-7,Equipment,First Entry,Last Entry,Net Hours,RD218,19-07-2026 12:07:29,"23,042.40",19-07-2026 12:10:29,"23,042.45",0.05
F01 - KOMATSU HD785-7,Equipment,First Entry,Last Entry,Net Hours,RD218,20-07-2026 11:02:16,"23,042.48",20-07-2026 16:41:27,"23,042.53",0.05
F01 - KOMATSU HD785-7,Equipment,First Entry,Last Entry,Net Hours,RD219,11-07-2026 06:50:22,"26,069.69",12-07-2026 05:37:14,"26,082.89",13.20
F01 - KOMATSU HD785-7,Equipment,First Entry,Last Entry,Net Hours,RD219,12-07-2026 07:24:15,"26,082.93",13-07-2026 05:32:31,"26,100.22",17.29
F01 - KOMATSU HD785-7,Equipment,First Entry,Last Entry,Net Hours,RD219,13-07-2026 06:42:32,"26,100.26",14-07-2026 05:32:47,"26,117.71",17.45
F01 - KOMATSU HD785-7,Equipment,First Entry,Last Entry,Net Hours,RD219,14-07-2026 06:34:48,"26,117.74",15-07-2026 05:29:03,"26,136.16",18.42
F01 - KOMATSU HD785-7,Equipment,First Entry,Last Entry,Net Hours,RD219,15-07-2026 06:37:04,"26,136.17",16-07-2026 05:24:21,"26,153.34",17.17
F01 - KOMATSU HD785-7,Equipment,First Entry,Last Entry,Net Hours,RD219,16-07-2026 06:38:23,"26,153.34",17-07-2026 05:27:38,"26,171.10",17.76
F01 - KOMATSU HD785-7,Equipment,First Entry,Last Entry,Net Hours,RD219,17-07-2026 06:52:39,"26,171.11",18-07-2026 05:33:54,"26,188.87",17.76
F01 - KOMATSU HD785-7,Equipment,First Entry,Last Entry,Net Hours,RD219,18-07-2026 06:43:55,"26,188.91",19-07-2026 05:24:11,"26,208.31",19.40
F01 - KOMATSU HD785-7,Equipment,First Entry,Last Entry,Net Hours,RD219,19-07-2026 06:35:11,"26,208.31",20-07-2026 05:32:25,"26,225.55",17.24
F01 - KOMATSU HD785-7,Equipment,First Entry,Last Entry,Net Hours,RD219,20-07-2026 06:49:27,"26,225.57",21-07-2026 05:16:16,"26,239.32",13.75
F01 - KOMATSU HD785-7,Equipment,First Entry,Last Entry,Net Hours,RD220,11-07-2026 06:02:12,"25,451.45",12-07-2026 05:59:48,"25,475.31",23.86
F01 - KOMATSU HD785-7,Equipment,First Entry,Last Entry,Net Hours,RD220,12-07-2026 06:02:49,"25,475.36",13-07-2026 05:58:21,"25,499.09",23.73
F01 - KOMATSU HD785-7,Equipment,First Entry,Last Entry,Net Hours,RD220,13-07-2026 06:01:21,"25,499.14",14-07-2026 05:58:36,"25,523.08",23.94
F01 - KOMATSU HD785-7,Equipment,First Entry,Last Entry,Net Hours,RD220,14-07-2026 06:01:36,"25,523.13",15-07-2026 05:58:53,"25,547.08",23.95
F01 - KOMATSU HD785-7,Equipment,First Entry,Last Entry,Net Hours,RD220,15-07-2026 06:01:53,"25,547.13",16-07-2026 05:59:11,"25,571.08",23.95
F01 - KOMATSU HD785-7,Equipment,First Entry,Last Entry,Net Hours,RD220,16-07-2026 06:02:11,"25,571.13",17-07-2026 05:59:27,"25,595.08",23.95
F01 - KOMATSU HD785-7,Equipment,First Entry,Last Entry,Net Hours,RD220,17-07-2026 06:02:27,"25,595.13",18-07-2026 05:59:42,"25,619.08",23.95
F01 - KOMATSU HD785-7,Equipment,First Entry,Last Entry,Net Hours,RD220,18-07-2026 06:02:42,"25,619.13",19-07-2026 05:59:59,"25,643.08",23.95
F01 - KOMATSU HD785-7,Equipment,First Entry,Last Entry,Net Hours,RD220,19-07-2026 06:02:59,"25,643.13",20-07-2026 05:57:16,"25,667.03",23.90
F01 - KOMATSU HD785-7,Equipment,First Entry,Last Entry,Net Hours,RD220,20-07-2026 06:00:16,"25,667.08",21-07-2026 05:57:29,"25,691.03",23.95
F01 - KOMATSU HD785-7,Equipment,First Entry,Last Entry,Net Hours,RD221,11-07-2026 06:00:50,"23,452.19",12-07-2026 05:58:05,"23,476.14",23.95
F01 - KOMATSU HD785-7,Equipment,First Entry,Last Entry,Net Hours,RD221,12-07-2026 06:01:05,"23,476.19",13-07-2026 05:58:22,"23,500.14",23.95
F01 - KOMATSU HD785-7,Equipment,First Entry,Last Entry,Net Hours,RD221,13-07-2026 06:01:22,"23,500.19",14-07-2026 05:58:40,"23,524.14",23.95
F01 - KOMATSU HD785-7,Equipment,First Entry,Last Entry,Net Hours,RD221,14-07-2026 06:01:40,"23,524.19",15-07-2026 05:58:58,"23,548.14",23.95
F01 - KOMATSU HD785-7,Equipment,First Entry,Last Entry,Net Hours,RD221,15-07-2026 06:01:58,"23,548.19",16-07-2026 05:59:15,"23,572.14",23.95
F01 - KOMATSU HD785-7,Equipment,First Entry,Last Entry,Net Hours,RD221,16-07-2026 06:02:15,"23,572.19",17-07-2026 05:59:31,"23,596.14",23.95
F01 - KOMATSU HD785-7,Equipment,First Entry,Last Entry,Net Hours,RD221,17-07-2026 06:02:32,"23,596.19",18-07-2026 05:59:47,"23,620.14",23.95
F01 - KOMATSU HD785-7,Equipment,First Entry,Last Entry,Net Hours,RD221,18-07-2026 06:02:47,"23,620.19",19-07-2026 05:57:08,"23,643.51",23.32
F01 - KOMATSU HD785-7,Equipment,First Entry,Last Entry,Net Hours,RD221,19-07-2026 06:00:08,"23,643.56",20-07-2026 05:57:24,"23,667.51",23.95
F01 - KOMATSU HD785-7,Equipment,First Entry,Last Entry,Net Hours,RD221,20-07-2026 06:00:24,"23,667.56",21-07-2026 05:57:37,"23,691.51",23.95
F01 - KOMATSU HD785-7,Equipment,First Entry,Last Entry,Net Hours,RD222,11-07-2026 06:16:39,"24,247.39",12-07-2026 05:19:08,"24,250.23",2.84
F01 - KOMATSU HD785-7,Equipment,First Entry,Last Entry,Net Hours,RD222,12-07-2026 06:33:09,"24,250.27",13-07-2026 05:25:26,"24,266.04",15.77
F01 - KOMATSU HD785-7,Equipment,First Entry,Last Entry,Net Hours,RD222,13-07-2026 06:38:27,"24,266.05",14-07-2026 05:28:44,"24,283.54",17.49
F01 - KOMATSU HD785-7,Equipment,First Entry,Last Entry,Net Hours,RD222,14-07-2026 06:08:29,"24,283.61",15-07-2026 05:23:49,"24,300.07",16.46
F01 - KOMATSU HD785-7,Equipment,First Entry,Last Entry,Net Hours,RD222,15-07-2026 06:39:50,"24,300.08",16-07-2026 05:28:07,"24,318.40",18.32
F01 - KOMATSU HD785-7,Equipment,First Entry,Last Entry,Net Hours,RD222,16-07-2026 06:37:08,"24,318.45",17-07-2026 05:25:50,"24,334.16",15.71
F01 - KOMATSU HD785-7,Equipment,First Entry,Last Entry,Net Hours,RD222,17-07-2026 06:52:50,"24,334.19",18-07-2026 05:09:06,"24,349.95",15.76
F01 - KOMATSU HD785-7,Equipment,First Entry,Last Entry,Net Hours,RD222,18-07-2026 06:49:07,"24,350.00",19-07-2026 05:30:22,"24,367.69",17.69
F01 - KOMATSU HD785-7,Equipment,First Entry,Last Entry,Net Hours,RD222,19-07-2026 06:40:22,"24,367.72",20-07-2026 05:23:35,"24,383.57",15.85
F01 - KOMATSU HD785-7,Equipment,First Entry,Last Entry,Net Hours,RD222,20-07-2026 06:43:36,"24,383.57",21-07-2026 05:32:48,"24,397.49",13.92
F01 - KOMATSU HD785-7,Equipment,First Entry,Last Entry,Net Hours,RD223,11-07-2026 06:33:48,"1,89,933.79",12-07-2026 00:36:38,"1,89,942.23",8.44
F01 - KOMATSU HD785-7,Equipment,First Entry,Last Entry,Net Hours,RD223,12-07-2026 07:10:26,"1,89,942.26",13-07-2026 05:30:24,"1,89,950.33",8.07
F01 - KOMATSU HD785-7,Equipment,First Entry,Last Entry,Net Hours,RD223,13-07-2026 06:54:24,"1,89,950.33",14-07-2026 05:30:39,"1,89,967.76",17.43
F01 - KOMATSU HD785-7,Equipment,First Entry,Last Entry,Net Hours,RD223,14-07-2026 06:30:39,"1,89,967.80",15-07-2026 05:25:55,"1,89,986.84",19.04
F01 - KOMATSU HD785-7,Equipment,First Entry,Last Entry,Net Hours,RD223,15-07-2026 06:35:56,"1,89,986.88",16-07-2026 05:31:11,"1,90,005.30",18.42
F01 - KOMATSU HD785-7,Equipment,First Entry,Last Entry,Net Hours,RD223,16-07-2026 07:16:11,"1,90,005.32",17-07-2026 05:24:26,"1,90,021.49",16.17
F01 - KOMATSU HD785-7,Equipment,First Entry,Last Entry,Net Hours,RD223,17-07-2026 06:51:27,"1,90,021.52",18-07-2026 05:22:42,"1,90,037.03",15.51
F01 - KOMATSU HD785-7,Equipment,First Entry,Last Entry,Net Hours,RD223,18-07-2026 06:49:42,"1,90,037.08",19-07-2026 05:28:59,"1,90,054.04",16.96
F01 - KOMATSU HD785-7,Equipment,First Entry,Last Entry,Net Hours,RD223,19-07-2026 06:37:59,"1,90,054.08",20-07-2026 05:36:14,"1,90,071.27",17.19
F01 - KOMATSU HD785-7,Equipment,First Entry,Last Entry,Net Hours,RD223,20-07-2026 06:44:14,"1,90,071.32",21-07-2026 05:36:28,"1,90,086.66",15.34
F01 - KOMATSU HD785-7,Equipment,First Entry,Last Entry,Net Hours,RD224,11-07-2026 06:29:28,"55,949.23",12-07-2026 05:22:44,"55,964.71",15.48
F01 - KOMATSU HD785-7,Equipment,First Entry,Last Entry,Net Hours,RD224,12-07-2026 07:00:45,"55,964.73",13-07-2026 05:25:37,"55,979.96",15.23
F01 - KOMATSU HD785-7,Equipment,First Entry,Last Entry,Net Hours,RD224,13-07-2026 06:40:39,"55,979.99",14-07-2026 05:31:54,"55,997.71",17.72
F01 - KOMATSU HD785-7,Equipment,First Entry,Last Entry,Net Hours,RD224,14-07-2026 06:26:54,"55,997.72",15-07-2026 05:32:09,"56,015.68",17.96
F01 - KOMATSU HD785-7,Equipment,First Entry,Last Entry,Net Hours,RD224,15-07-2026 06:25:10,"56,015.69",16-07-2026 05:29:22,"56,034.79",19.10
F01 - KOMATSU HD785-7,Equipment,First Entry,Last Entry,Net Hours,RD224,16-07-2026 06:27:22,"56,034.80",17-07-2026 05:25:37,"56,051.43",16.63
F01 - KOMATSU HD785-7,Equipment,First Entry,Last Entry,Net Hours,RD224,17-07-2026 06:30:37,"56,051.43",18-07-2026 05:27:51,"56,069.11",17.68
F01 - KOMATSU HD785-7,Equipment,First Entry,Last Entry,Net Hours,RD224,18-07-2026 06:34:52,"56,069.14",19-07-2026 05:33:07,"56,086.39",17.25
F01 - KOMATSU HD785-7,Equipment,First Entry,Last Entry,Net Hours,RD224,19-07-2026 06:37:07,"56,086.40",20-07-2026 05:31:22,"56,103.22",16.82
F01 - KOMATSU HD785-7,Equipment,First Entry,Last Entry,Net Hours,RD224,20-07-2026 06:50:23,"56,103.23",21-07-2026 05:28:22,"56,118.77",15.54
F01 - KOMATSU HD785-7,Equipment,First Entry,Last Entry,Net Hours,RD225,11-07-2026 06:41:25,"24,361.08",12-07-2026 05:27:45,"24,380.17",19.09
F01 - KOMATSU HD785-7,Equipment,First Entry,Last Entry,Net Hours,RD225,12-07-2026 06:38:45,"24,380.21",13-07-2026 05:28:04,"24,396.44",16.23
F01 - KOMATSU HD785-7,Equipment,First Entry,Last Entry,Net Hours,RD225,13-07-2026 07:23:05,"24,396.49",14-07-2026 05:32:24,"24,413.65",17.16
F01 - KOMATSU HD785-7,Equipment,First Entry,Last Entry,Net Hours,RD225,14-07-2026 06:27:24,"24,413.67",15-07-2026 05:29:41,"24,430.70",17.03
F01 - KOMATSU HD785-7,Equipment,First Entry,Last Entry,Net Hours,RD225,15-07-2026 06:36:41,"24,430.71",16-07-2026 05:26:01,"24,448.40",17.69
F01 - KOMATSU HD785-7,Equipment,First Entry,Last Entry,Net Hours,RD225,16-07-2026 06:39:02,"24,448.42",17-07-2026 05:35:21,"24,464.22",15.80
F01 - KOMATSU HD785-7,Equipment,First Entry,Last Entry,Net Hours,RD225,17-07-2026 06:41:21,"24,464.25",18-07-2026 05:32:39,"24,479.80",15.55
F01 - KOMATSU HD785-7,Equipment,First Entry,Last Entry,Net Hours,RD225,18-07-2026 06:47:40,"24,479.82",19-07-2026 05:24:01,"24,497.46",17.64
F01 - KOMATSU HD785-7,Equipment,First Entry,Last Entry,Net Hours,RD225,19-07-2026 06:30:02,"24,497.49",20-07-2026 05:27:20,"24,515.08",17.59
F01 - KOMATSU HD785-7,Equipment,First Entry,Last Entry,Net Hours,RD225,20-07-2026 06:51:21,"24,515.11",21-07-2026 05:20:42,"24,531.27",16.16
F01 - KOMATSU HD785-7,Equipment,First Entry,Last Entry,Net Hours,RD226,11-07-2026 06:36:38,"21,573.17",12-07-2026 05:27:11,"21,590.91",17.74
F01 - KOMATSU HD785-7,Equipment,First Entry,Last Entry,Net Hours,RD226,12-07-2026 06:27:11,"21,590.95",13-07-2026 04:58:04,"21,607.97",17.02
F01 - KOMATSU HD785-7,Equipment,First Entry,Last Entry,Net Hours,RD226,13-07-2026 06:44:29,"21,607.99",14-07-2026 05:28:32,"21,620.80",12.81
F01 - KOMATSU HD785-7,Equipment,First Entry,Last Entry,Net Hours,RD226,14-07-2026 06:17:33,"21,620.81",15-07-2026 05:59:03,"21,640.26",19.45
F01 - KOMATSU HD785-7,Equipment,First Entry,Last Entry,Net Hours,RD226,15-07-2026 06:02:03,"21,640.31",16-07-2026 02:14:50,"21,653.15",12.84
F01 - KOMATSU HD785-7,Equipment,First Entry,Last Entry,Net Hours,RD226,16-07-2026 06:44:52,"21,653.15",17-07-2026 05:33:04,"21,672.69",19.54
F01 - KOMATSU HD785-7,Equipment,First Entry,Last Entry,Net Hours,RD226,17-07-2026 06:46:05,"21,672.73",17-07-2026 21:29:14,"21,684.92",12.19
F01 - KOMATSU HD785-7,Equipment,First Entry,Last Entry,Net Hours,RD226,18-07-2026 06:38:17,"21,684.93",19-07-2026 05:31:35,"21,691.15",6.22
F01 - KOMATSU HD785-7,Equipment,First Entry,Last Entry,Net Hours,RD226,19-07-2026 07:02:36,"21,691.18",20-07-2026 05:22:04,"21,702.53",11.35
F01 - KOMATSU HD785-7,Equipment,First Entry,Last Entry,Net Hours,RD226,20-07-2026 06:26:04,"21,702.57",21-07-2026 05:57:05,"21,722.47",19.90
F01 - KOMATSU HD785-7,Equipment,First Entry,Last Entry,Net Hours,RD227,11-07-2026 08:20:07,"55,891.95",12-07-2026 05:22:27,"55,906.71",14.76
F01 - KOMATSU HD785-7,Equipment,First Entry,Last Entry,Net Hours,RD227,12-07-2026 09:29:29,"55,906.72",12-07-2026 21:03:02,"55,911.10",4.38
F01 - KOMATSU HD785-7,Equipment,First Entry,Last Entry,Net Hours,RD227,13-07-2026 16:40:17,"55,911.12",13-07-2026 21:18:03,"55,911.24",0.12
F01 - KOMATSU HD785-7,Equipment,First Entry,Last Entry,Net Hours,RD227,17-07-2026 07:15:36,"55,911.29",17-07-2026 19:41:23,"55,911.36",0.07
F01 - KOMATSU HD785-7,Equipment,First Entry,Last Entry,Net Hours,RD227,18-07-2026 06:41:28,"55,911.41",19-07-2026 03:09:11,"55,928.37",16.96
F01 - KOMATSU HD785-7,Equipment,First Entry,Last Entry,Net Hours,RD227,19-07-2026 08:47:13,"55,928.42",20-07-2026 05:42:02,"55,938.02",9.60
F01 - KOMATSU HD785-7,Equipment,First Entry,Last Entry,Net Hours,RD227,20-07-2026 06:51:41,"55,938.06",21-07-2026 05:31:32,"55,957.20",19.14
F01 - KOMATSU HD785-7,Equipment,First Entry,Last Entry,Net Hours,RD228,11-07-2026 06:44:49,"23,449.96",12-07-2026 05:23:06,"23,467.67",17.71
F01 - KOMATSU HD785-7,Equipment,First Entry,Last Entry,Net Hours,RD228,12-07-2026 06:32:07,"23,467.72",13-07-2026 05:38:22,"23,485.06",17.34
F01 - KOMATSU HD785-7,Equipment,First Entry,Last Entry,Net Hours,RD228,13-07-2026 06:43:22,"23,485.07",14-07-2026 05:27:58,"23,502.38",17.31
F01 - KOMATSU HD785-7,Equipment,First Entry,Last Entry,Net Hours,RD228,14-07-2026 06:37:59,"23,502.42",15-07-2026 05:27:40,"23,520.54",18.12
F01 - KOMATSU HD785-7,Equipment,First Entry,Last Entry,Net Hours,RD228,15-07-2026 06:33:40,"23,520.57",16-07-2026 05:28:22,"23,538.78",18.21
F01 - KOMATSU HD785-7,Equipment,First Entry,Last Entry,Net Hours,RD228,16-07-2026 06:41:23,"23,538.82",17-07-2026 05:32:51,"23,556.13",17.31
F01 - KOMATSU HD785-7,Equipment,First Entry,Last Entry,Net Hours,RD228,17-07-2026 06:51:52,"23,556.17",18-07-2026 05:18:40,"23,572.96",16.79
F01 - KOMATSU HD785-7,Equipment,First Entry,Last Entry,Net Hours,RD228,18-07-2026 06:36:41,"23,572.98",19-07-2026 05:32:49,"23,588.68",15.70
F01 - KOMATSU HD785-7,Equipment,First Entry,Last Entry,Net Hours,RD228,19-07-2026 06:36:50,"23,588.72",20-07-2026 05:32:14,"23,599.54",10.82
F01 - KOMATSU HD785-7,Equipment,First Entry,Last Entry,Net Hours,RD228,20-07-2026 06:40:14,"23,599.58",21-07-2026 05:15:10,"23,618.40",18.82
F01 - KOMATSU HD785-7,Equipment,First Entry,Last Entry,Net Hours,RD229,11-07-2026 08:16:04,"1,92,713.37",11-07-2026 22:37:14,"1,92,725.93",12.56
F01 - KOMATSU HD785-7,Equipment,First Entry,Last Entry,Net Hours,RD229,12-07-2026 06:31:17,"1,92,725.95",13-07-2026 05:32:33,"1,92,742.88",16.93
F01 - KOMATSU HD785-7,Equipment,First Entry,Last Entry,Net Hours,RD229,13-07-2026 06:38:33,"1,92,742.90",14-07-2026 05:32:27,"1,92,760.65",17.75
F01 - KOMATSU HD785-7,Equipment,First Entry,Last Entry,Net Hours,RD229,14-07-2026 06:51:28,"1,92,760.67",15-07-2026 05:57:03,"1,92,773.44",12.77
F01 - KOMATSU HD785-7,Equipment,First Entry,Last Entry,Net Hours,RD229,15-07-2026 06:00:03,"1,92,773.49",16-07-2026 05:29:15,"1,92,790.21",16.72
F01 - KOMATSU HD785-7,Equipment,First Entry,Last Entry,Net Hours,RD229,16-07-2026 06:45:15,"1,92,790.26",17-07-2026 05:34:29,"1,92,807.91",17.65
F01 - KOMATSU HD785-7,Equipment,First Entry,Last Entry,Net Hours,RD229,17-07-2026 06:53:30,"1,92,807.94",18-07-2026 02:13:40,"1,92,822.20",14.26
F01 - KOMATSU HD785-7,Equipment,First Entry,Last Entry,Net Hours,RD229,18-07-2026 06:28:42,"1,92,822.23",19-07-2026 05:39:31,"1,92,842.27",20.04
F01 - KOMATSU HD785-7,Equipment,First Entry,Last Entry,Net Hours,RD229,19-07-2026 07:17:31,"1,92,842.30",20-07-2026 05:41:33,"1,92,859.66",17.36
F01 - KOMATSU HD785-7,Equipment,First Entry,Last Entry,Net Hours,RD229,20-07-2026 06:28:33,"1,92,859.68",21-07-2026 05:38:31,"1,92,879.79",20.11
F01 - KOMATSU HD785-7,Equipment,First Entry,Last Entry,Net Hours,RD230,11-07-2026 06:31:17,"17,072.66",12-07-2026 05:22:23,"17,090.43",17.77
F01 - KOMATSU HD785-7,Equipment,First Entry,Last Entry,Net Hours,RD230,12-07-2026 06:29:24,"17,090.48",13-07-2026 05:29:27,"17,107.63",17.15
F01 - KOMATSU HD785-7,Equipment,First Entry,Last Entry,Net Hours,RD230,13-07-2026 07:21:28,"17,107.67",14-07-2026 05:29:26,"17,126.54",18.87
F01 - KOMATSU HD785-7,Equipment,First Entry,Last Entry,Net Hours,RD230,14-07-2026 06:36:28,"17,126.55",15-07-2026 05:57:46,"17,145.75",19.20
F01 - KOMATSU HD785-7,Equipment,First Entry,Last Entry,Net Hours,RD230,15-07-2026 06:00:46,"17,145.80",16-07-2026 05:32:29,"17,161.35",15.55
F01 - KOMATSU HD785-7,Equipment,First Entry,Last Entry,Net Hours,RD230,16-07-2026 06:48:30,"17,161.36",17-07-2026 05:28:35,"17,178.96",17.60
F01 - KOMATSU HD785-7,Equipment,First Entry,Last Entry,Net Hours,RD230,17-07-2026 06:50:36,"17,178.99",18-07-2026 05:33:23,"17,195.08",16.09
F01 - KOMATSU HD785-7,Equipment,First Entry,Last Entry,Net Hours,RD230,18-07-2026 06:42:25,"17,195.10",19-07-2026 05:12:57,"17,213.79",18.69
F01 - KOMATSU HD785-7,Equipment,First Entry,Last Entry,Net Hours,RD230,19-07-2026 06:35:58,"17,213.80",20-07-2026 05:57:14,"17,228.52",14.72
F01 - KOMATSU HD785-7,Equipment,First Entry,Last Entry,Net Hours,RD230,20-07-2026 06:00:14,"17,228.57",21-07-2026 05:30:12,"17,244.91",16.34
F01 - KOMATSU HD785-7,Equipment,First Entry,Last Entry,Net Hours,RD231,11-07-2026 06:42:46,"17,386.85",11-07-2026 22:50:11,"17,397.90",11.05
F01 - KOMATSU HD785-7,Equipment,First Entry,Last Entry,Net Hours,RD231,12-07-2026 06:31:14,"17,397.92",13-07-2026 05:24:32,"17,415.08",17.16
F01 - KOMATSU HD785-7,Equipment,First Entry,Last Entry,Net Hours,RD231,13-07-2026 07:14:33,"17,415.12",14-07-2026 05:31:51,"17,431.78",16.66
F01 - KOMATSU HD785-7,Equipment,First Entry,Last Entry,Net Hours,RD231,14-07-2026 06:42:52,"17,431.80",15-07-2026 05:34:52,"17,447.01",15.21
F01 - KOMATSU HD785-7,Equipment,First Entry,Last Entry,Net Hours,RD231,15-07-2026 06:43:52,"17,447.01",16-07-2026 05:29:10,"17,465.42",18.41
F01 - KOMATSU HD785-7,Equipment,First Entry,Last Entry,Net Hours,RD231,16-07-2026 06:41:11,"17,465.45",17-07-2026 05:46:07,"17,476.34",10.89
F01 - KOMATSU HD785-7,Equipment,First Entry,Last Entry,Net Hours,RD231,17-07-2026 06:51:08,"17,476.35",18-07-2026 05:33:49,"17,494.08",17.73
F01 - KOMATSU HD785-7,Equipment,First Entry,Last Entry,Net Hours,RD231,18-07-2026 06:40:50,"17,494.09",19-07-2026 04:20:08,"17,510.12",16.03
F01 - KOMATSU HD785-7,Equipment,First Entry,Last Entry,Net Hours,RD231,19-07-2026 07:13:10,"17,510.17",20-07-2026 00:19:25,"17,511.03",0.86
F01 - KOMATSU HD785-7,Equipment,First Entry,Last Entry,Net Hours,RD231,20-07-2026 06:46:28,"17,511.05",21-07-2026 05:31:45,"17,527.54",16.49
F01 - KOMATSU HD785-7,Equipment,First Entry,Last Entry,Net Hours,RD232,11-07-2026 07:07:02,"29,976.05",12-07-2026 05:43:27,"29,992.92",16.87
F01 - KOMATSU HD785-7,Equipment,First Entry,Last Entry,Net Hours,RD232,12-07-2026 06:30:27,"29,992.92",13-07-2026 05:36:44,"30,013.85",20.93
F01 - KOMATSU HD785-7,Equipment,First Entry,Last Entry,Net Hours,RD232,13-07-2026 06:43:44,"30,013.89",14-07-2026 05:18:00,"30,032.39",18.50
F01 - KOMATSU HD785-7,Equipment,First Entry,Last Entry,Net Hours,RD232,14-07-2026 06:38:00,"30,032.44",15-07-2026 05:31:56,"30,050.79",18.35
F01 - KOMATSU HD785-7,Equipment,First Entry,Last Entry,Net Hours,RD232,15-07-2026 06:46:56,"30,050.82",16-07-2026 05:40:59,"30,069.86",19.04
F01 - KOMATSU HD785-7,Equipment,First Entry,Last Entry,Net Hours,RD232,16-07-2026 06:59:59,"30,069.86",17-07-2026 05:32:16,"30,087.82",17.96
F01 - KOMATSU HD785-7,Equipment,First Entry,Last Entry,Net Hours,RD232,17-07-2026 06:46:16,"30,087.86",18-07-2026 05:35:04,"30,104.39",16.53
F01 - KOMATSU HD785-7,Equipment,First Entry,Last Entry,Net Hours,RD232,18-07-2026 06:45:05,"30,104.41",19-07-2026 05:15:56,"30,124.63",20.22
F01 - KOMATSU HD785-7,Equipment,First Entry,Last Entry,Net Hours,RD232,19-07-2026 06:33:56,"30,124.68",20-07-2026 05:35:44,"30,137.83",13.15
F01 - KOMATSU HD785-7,Equipment,First Entry,Last Entry,Net Hours,RD232,20-07-2026 07:13:44,"30,137.84",21-07-2026 05:40:00,"30,158.58",20.74
F01 - KOMATSU HD785-7,Equipment,First Entry,Last Entry,Net Hours,RD233,11-07-2026 07:25:43,"15,341.94",12-07-2026 05:39:14,"15,356.41",14.47
F01 - KOMATSU HD785-7,Equipment,First Entry,Last Entry,Net Hours,RD233,12-07-2026 06:57:15,"15,356.42",13-07-2026 03:24:28,"15,367.97",11.55
F01 - KOMATSU HD785-7,Equipment,First Entry,Last Entry,Net Hours,RD233,13-07-2026 06:45:30,"15,367.99",14-07-2026 05:31:12,"15,384.22",16.23
F01 - KOMATSU HD785-7,Equipment,First Entry,Last Entry,Net Hours,RD233,14-07-2026 06:49:13,"15,384.27",15-07-2026 05:20:46,"15,400.73",16.46
F01 - KOMATSU HD785-7,Equipment,First Entry,Last Entry,Net Hours,RD233,15-07-2026 06:40:46,"15,400.75",16-07-2026 05:35:56,"15,418.81",18.06
F01 - KOMATSU HD785-7,Equipment,First Entry,Last Entry,Net Hours,RD233,16-07-2026 06:38:57,"15,418.82",17-07-2026 05:22:32,"15,437.93",19.11
F01 - KOMATSU HD785-7,Equipment,First Entry,Last Entry,Net Hours,RD233,17-07-2026 06:42:32,"15,437.97",18-07-2026 05:22:46,"15,453.81",15.84
F01 - KOMATSU HD785-7,Equipment,First Entry,Last Entry,Net Hours,RD233,18-07-2026 06:41:46,"15,453.84",19-07-2026 05:17:32,"15,470.74",16.90
F01 - KOMATSU HD785-7,Equipment,First Entry,Last Entry,Net Hours,RD233,19-07-2026 06:23:32,"15,470.76",20-07-2026 05:25:46,"15,487.56",16.80
F01 - KOMATSU HD785-7,Equipment,First Entry,Last Entry,Net Hours,RD233,20-07-2026 06:43:46,"15,487.60",21-07-2026 05:39:02,"15,504.47",16.87
F01 - KOMATSU HD785-7,Equipment,First Entry,Last Entry,Net Hours,RD234,11-07-2026 08:23:32,"15,406.27",12-07-2026 05:30:32,"15,422.80",16.53
F01 - KOMATSU HD785-7,Equipment,First Entry,Last Entry,Net Hours,RD234,12-07-2026 07:04:32,"15,422.84",13-07-2026 05:19:25,"15,437.62",14.78
F01 - KOMATSU HD785-7,Equipment,First Entry,Last Entry,Net Hours,RD234,13-07-2026 07:17:26,"15,437.66",14-07-2026 05:35:39,"15,455.95",18.29
F01 - KOMATSU HD785-7,Equipment,First Entry,Last Entry,Net Hours,RD234,14-07-2026 06:46:39,"15,455.97",15-07-2026 05:33:19,"15,474.86",18.89
F01 - KOMATSU HD785-7,Equipment,First Entry,Last Entry,Net Hours,RD234,15-07-2026 06:48:20,"15,474.91",16-07-2026 05:30:34,"15,493.00",18.09
F01 - KOMATSU HD785-7,Equipment,First Entry,Last Entry,Net Hours,RD234,16-07-2026 06:48:34,"15,493.04",17-07-2026 05:39:26,"15,506.13",13.09
F01 - KOMATSU HD785-7,Equipment,First Entry,Last Entry,Net Hours,RD234,17-07-2026 06:50:27,"15,506.13",18-07-2026 05:36:55,"15,522.00",15.87
F01 - KOMATSU HD785-7,Equipment,First Entry,Last Entry,Net Hours,RD234,18-07-2026 06:41:56,"15,522.00",19-07-2026 05:34:15,"15,538.54",16.54
F01 - KOMATSU HD785-7,Equipment,First Entry,Last Entry,Net Hours,RD234,19-07-2026 06:28:16,"15,538.55",20-07-2026 05:40:12,"15,555.07",16.52
F01 - KOMATSU HD785-7,Equipment,First Entry,Last Entry,Net Hours,RD234,20-07-2026 06:39:13,"15,555.11",21-07-2026 05:35:54,"15,571.17",16.06
F01 - KOMATSU HD785-7,Equipment,First Entry,Last Entry,Net Hours,RD235,11-07-2026 07:34:56,"22,993.38",12-07-2026 05:36:12,"23,009.42",16.04
F01 - KOMATSU HD785-7,Equipment,First Entry,Last Entry,Net Hours,RD235,12-07-2026 06:39:12,"23,009.47",13-07-2026 05:32:30,"23,029.04",19.57
F01 - KOMATSU HD785-7,Equipment,First Entry,Last Entry,Net Hours,RD235,13-07-2026 08:44:31,"23,029.06",14-07-2026 05:17:19,"23,045.16",16.10
F01 - KOMATSU HD785-7,Equipment,First Entry,Last Entry,Net Hours,RD235,14-07-2026 06:35:20,"23,045.20",15-07-2026 05:31:35,"23,063.60",18.40
F01 - KOMATSU HD785-7,Equipment,First Entry,Last Entry,Net Hours,RD235,15-07-2026 06:46:36,"23,063.62",16-07-2026 05:35:34,"23,082.32",18.70
F01 - KOMATSU HD785-7,Equipment,First Entry,Last Entry,Net Hours,RD235,16-07-2026 09:25:36,"23,082.32",17-07-2026 05:24:47,"23,096.75",14.43
F01 - KOMATSU HD785-7,Equipment,First Entry,Last Entry,Net Hours,RD235,17-07-2026 06:50:48,"23,096.77",18-07-2026 05:31:19,"23,113.60",16.83
F01 - KOMATSU HD785-7,Equipment,First Entry,Last Entry,Net Hours,RD235,18-07-2026 06:38:20,"23,113.60",19-07-2026 05:32:16,"23,132.82",19.22
F01 - KOMATSU HD785-7,Equipment,First Entry,Last Entry,Net Hours,RD235,19-07-2026 06:34:16,"23,132.84",20-07-2026 05:35:39,"23,149.79",16.95
F01 - KOMATSU HD785-7,Equipment,First Entry,Last Entry,Net Hours,RD235,20-07-2026 06:34:39,"23,149.79",21-07-2026 05:31:51,"23,167.50",17.71
F01 - KOMATSU HD785-7,Equipment,First Entry,Last Entry,Net Hours,RD236,11-07-2026 06:26:19,"51,281.32",12-07-2026 05:57:23,"51,292.86",11.54
F01 - KOMATSU HD785-7,Equipment,First Entry,Last Entry,Net Hours,RD236,12-07-2026 06:00:23,"51,292.91",13-07-2026 05:31:16,"51,310.47",17.56
F01 - KOMATSU HD785-7,Equipment,First Entry,Last Entry,Net Hours,RD236,13-07-2026 06:40:17,"51,310.49",14-07-2026 05:42:37,"51,327.75",17.26
F01 - KOMATSU HD785-7,Equipment,First Entry,Last Entry,Net Hours,RD236,14-07-2026 06:36:38,"51,327.79",15-07-2026 05:30:36,"51,343.80",16.01
F01 - KOMATSU HD785-7,Equipment,First Entry,Last Entry,Net Hours,RD236,15-07-2026 06:48:36,"51,343.83",16-07-2026 05:36:50,"51,357.26",13.43
F01 - KOMATSU HD785-7,Equipment,First Entry,Last Entry,Net Hours,RD236,16-07-2026 06:39:50,"51,357.27",17-07-2026 05:35:30,"51,375.66",18.39
F01 - KOMATSU HD785-7,Equipment,First Entry,Last Entry,Net Hours,RD236,17-07-2026 06:39:30,"51,375.66",18-07-2026 05:29:47,"51,393.54",17.88
F01 - KOMATSU HD785-7,Equipment,First Entry,Last Entry,Net Hours,RD236,18-07-2026 06:37:47,"51,393.54",19-07-2026 05:03:43,"51,412.02",18.48
F01 - KOMATSU HD785-7,Equipment,First Entry,Last Entry,Net Hours,RD236,19-07-2026 06:28:43,"51,412.05",20-07-2026 05:40:02,"51,429.25",17.20
F01 - KOMATSU HD785-7,Equipment,First Entry,Last Entry,Net Hours,RD236,20-07-2026 06:29:02,"51,429.26",21-07-2026 03:47:15,"51,442.87",13.61
F01 - KOMATSU HD785-7,Equipment,First Entry,Last Entry,Net Hours,RD237,11-07-2026 06:22:52,"23,752.90",12-07-2026 05:57:12,"23,771.11",18.21
F01 - KOMATSU HD785-7,Equipment,First Entry,Last Entry,Net Hours,RD237,12-07-2026 06:00:12,"23,771.16",13-07-2026 05:43:23,"23,787.26",16.10
F01 - KOMATSU HD785-7,Equipment,First Entry,Last Entry,Net Hours,RD237,13-07-2026 06:48:24,"23,787.27",14-07-2026 05:35:30,"23,804.26",16.99
F01 - KOMATSU HD785-7,Equipment,First Entry,Last Entry,Net Hours,RD237,14-07-2026 06:38:30,"23,804.26",15-07-2026 05:30:49,"23,821.63",17.37
F01 - KOMATSU HD785-7,Equipment,First Entry,Last Entry,Net Hours,RD237,15-07-2026 06:42:49,"23,821.65",16-07-2026 05:37:08,"23,840.95",19.30
F01 - KOMATSU HD785-7,Equipment,First Entry,Last Entry,Net Hours,RD237,16-07-2026 06:43:09,"23,840.96",17-07-2026 05:55:25,"23,857.33",16.37
F01 - KOMATSU HD785-7,Equipment,First Entry,Last Entry,Net Hours,RD237,17-07-2026 07:41:26,"23,857.37",18-07-2026 05:29:38,"23,871.85",14.48
F01 - KOMATSU HD785-7,Equipment,First Entry,Last Entry,Net Hours,RD237,18-07-2026 06:33:39,"23,871.86",19-07-2026 05:38:55,"23,888.88",17.02
F01 - KOMATSU HD785-7,Equipment,First Entry,Last Entry,Net Hours,RD237,19-07-2026 06:27:55,"23,888.91",19-07-2026 19:55:03,"23,897.89",8.98
F01 - KOMATSU HD785-7,Equipment,First Entry,Last Entry,Net Hours,RD237,20-07-2026 06:39:07,"23,897.89",21-07-2026 05:30:26,"23,919.06",21.17
F01 - KOMATSU HD785-7,Equipment,First Entry,Last Entry,Net Hours,RD238,11-07-2026 06:23:53,"14,823.26",12-07-2026 05:14:37,"14,837.31",14.05
F01 - KOMATSU HD785-7,Equipment,First Entry,Last Entry,Net Hours,RD238,12-07-2026 06:34:38,"14,837.34",13-07-2026 05:24:41,"14,852.70",15.36
F01 - KOMATSU HD785-7,Equipment,First Entry,Last Entry,Net Hours,RD238,13-07-2026 06:47:41,"14,852.75",14-07-2026 05:16:32,"14,869.88",17.13
F01 - KOMATSU HD785-7,Equipment,First Entry,Last Entry,Net Hours,RD238,14-07-2026 06:35:07,"14,869.89",15-07-2026 05:31:54,"14,886.00",16.11
F01 - KOMATSU HD785-7,Equipment,First Entry,Last Entry,Net Hours,RD238,15-07-2026 06:38:54,"14,886.03",16-07-2026 05:27:25,"14,894.99",8.96
F01 - KOMATSU HD785-7,Equipment,First Entry,Last Entry,Net Hours,RD238,16-07-2026 06:37:25,"14,895.03",17-07-2026 05:28:55,"14,913.13",18.10
F01 - KOMATSU HD785-7,Equipment,First Entry,Last Entry,Net Hours,RD238,17-07-2026 06:48:56,"14,913.18",18-07-2026 05:37:01,"14,931.75",18.57
F01 - KOMATSU HD785-7,Equipment,First Entry,Last Entry,Net Hours,RD238,18-07-2026 06:33:02,"14,931.76",19-07-2026 05:37:26,"14,951.80",20.04
F01 - KOMATSU HD785-7,Equipment,First Entry,Last Entry,Net Hours,RD238,19-07-2026 06:41:27,"14,951.81",20-07-2026 05:58:49,"14,968.03",16.22
F01 - KOMATSU HD785-7,Equipment,First Entry,Last Entry,Net Hours,RD238,20-07-2026 06:01:49,"14,968.08",21-07-2026 05:48:06,"14,985.59",17.51
F01 - KOMATSU HD785-7,Equipment,First Entry,Last Entry,Net Hours,RD239,11-07-2026 06:22:51,"16,810.75",12-07-2026 05:58:10,"16,828.84",18.09
F01 - KOMATSU HD785-7,Equipment,First Entry,Last Entry,Net Hours,RD239,12-07-2026 06:01:10,"16,828.89",13-07-2026 05:34:32,"16,849.23",20.34
F01 - KOMATSU HD785-7,Equipment,First Entry,Last Entry,Net Hours,RD239,13-07-2026 06:45:33,"16,849.24",14-07-2026 02:14:50,"16,865.48",16.24
F01 - KOMATSU HD785-7,Equipment,First Entry,Last Entry,Net Hours,RD239,14-07-2026 08:18:00,"16,865.51",15-07-2026 05:37:41,"16,874.98",9.47
F01 - KOMATSU HD785-7,Equipment,First Entry,Last Entry,Net Hours,RD239,15-07-2026 06:42:41,"16,875.01",16-07-2026 05:31:17,"16,891.29",16.28
F01 - KOMATSU HD785-7,Equipment,First Entry,Last Entry,Net Hours,RD239,16-07-2026 06:45:18,"16,891.32",17-07-2026 05:33:17,"16,906.97",15.65
F01 - KOMATSU HD785-7,Equipment,First Entry,Last Entry,Net Hours,RD239,17-07-2026 06:01:17,"16,906.99",18-07-2026 05:38:39,"16,926.60",19.61
F01 - KOMATSU HD785-7,Equipment,First Entry,Last Entry,Net Hours,RD239,18-07-2026 06:33:40,"16,926.62",19-07-2026 05:33:58,"16,945.72",19.10
F01 - KOMATSU HD785-7,Equipment,First Entry,Last Entry,Net Hours,RD239,19-07-2026 06:32:59,"16,945.74",20-07-2026 05:21:15,"16,962.39",16.65
F01 - KOMATSU HD785-7,Equipment,First Entry,Last Entry,Net Hours,RD239,20-07-2026 07:12:16,"16,962.42",20-07-2026 19:20:57,"16,968.74",6.32
F01 - KOMATSU HD785-7,Equipment,First Entry,Last Entry,Net Hours,RD240,11-07-2026 06:30:55,"16,200.73",12-07-2026 05:57:26,"16,220.83",20.10
F01 - KOMATSU HD785-7,Equipment,First Entry,Last Entry,Net Hours,RD240,12-07-2026 06:00:27,"16,220.88",13-07-2026 05:32:32,"16,238.50",17.62
F01 - KOMATSU HD785-7,Equipment,First Entry,Last Entry,Net Hours,RD240,13-07-2026 06:41:33,"16,238.50",14-07-2026 05:45:50,"16,252.31",13.81
F01 - KOMATSU HD785-7,Equipment,First Entry,Last Entry,Net Hours,RD240,14-07-2026 06:13:51,"16,252.34",15-07-2026 05:59:09,"16,269.88",17.54
F01 - KOMATSU HD785-7,Equipment,First Entry,Last Entry,Net Hours,RD240,15-07-2026 06:02:09,"16,269.93",16-07-2026 05:32:24,"16,286.77",16.84
F01 - KOMATSU HD785-7,Equipment,First Entry,Last Entry,Net Hours,RD240,16-07-2026 06:43:25,"16,286.81",17-07-2026 05:36:33,"16,302.85",16.04
F01 - KOMATSU HD785-7,Equipment,First Entry,Last Entry,Net Hours,RD240,17-07-2026 06:53:34,"16,302.86",18-07-2026 05:34:57,"16,319.04",16.18
F01 - KOMATSU HD785-7,Equipment,First Entry,Last Entry,Net Hours,RD240,18-07-2026 06:32:58,"16,319.05",19-07-2026 05:57:44,"16,337.73",18.68
F01 - KOMATSU HD785-7,Equipment,First Entry,Last Entry,Net Hours,RD240,19-07-2026 06:00:44,"16,337.78",20-07-2026 05:37:11,"16,353.94",16.16
F01 - KOMATSU HD785-7,Equipment,First Entry,Last Entry,Net Hours,RD240,20-07-2026 06:25:12,"16,353.97",21-07-2026 05:34:26,"16,374.52",20.55
F01 - KOMATSU HD785-7,Equipment,First Entry,Last Entry,Net Hours,RD241,11-07-2026 06:44:09,"65,319.20",12-07-2026 05:31:08,"65,332.98",13.78
F01 - KOMATSU HD785-7,Equipment,First Entry,Last Entry,Net Hours,RD241,12-07-2026 06:31:08,"65,333.02",13-07-2026 05:32:25,"65,351.37",18.35
F01 - KOMATSU HD785-7,Equipment,First Entry,Last Entry,Net Hours,RD241,13-07-2026 06:44:26,"65,351.39",14-07-2026 05:22:44,"65,368.77",17.38
F01 - KOMATSU HD785-7,Equipment,First Entry,Last Entry,Net Hours,RD241,14-07-2026 06:44:45,"65,368.78",15-07-2026 05:59:29,"65,385.97",17.19
F01 - KOMATSU HD785-7,Equipment,First Entry,Last Entry,Net Hours,RD241,15-07-2026 06:02:29,"65,386.02",16-07-2026 05:26:56,"65,402.56",16.54
F01 - KOMATSU HD785-7,Equipment,First Entry,Last Entry,Net Hours,RD241,16-07-2026 06:43:56,"65,402.61",17-07-2026 05:32:36,"65,417.90",15.29
F01 - KOMATSU HD785-7,Equipment,First Entry,Last Entry,Net Hours,RD241,17-07-2026 07:42:37,"65,417.93",18-07-2026 05:38:49,"65,433.03",15.10
F01 - KOMATSU HD785-7,Equipment,First Entry,Last Entry,Net Hours,RD241,18-07-2026 06:42:49,"65,433.07",19-07-2026 05:36:15,"65,451.63",18.56
F01 - KOMATSU HD785-7,Equipment,First Entry,Last Entry,Net Hours,RD241,19-07-2026 06:26:15,"65,451.64",20-07-2026 05:43:01,"65,467.37",15.73
F01 - KOMATSU HD785-7,Equipment,First Entry,Last Entry,Net Hours,RD241,20-07-2026 06:34:01,"65,467.38",21-07-2026 05:58:17,"65,486.22",18.84
F01 - KOMATSU HD785-7,Equipment,First Entry,Last Entry,Net Hours,RD242,11-07-2026 06:22:43,"15,236.63",12-07-2026 05:27:30,"15,254.29",17.66
F01 - KOMATSU HD785-7,Equipment,First Entry,Last Entry,Net Hours,RD242,12-07-2026 06:48:31,"15,254.32",13-07-2026 05:24:09,"15,272.10",17.78
F01 - KOMATSU HD785-7,Equipment,First Entry,Last Entry,Net Hours,RD242,13-07-2026 07:17:10,"15,272.15",13-07-2026 23:32:26,"15,283.86",11.71
F01 - KOMATSU HD785-7,Equipment,First Entry,Last Entry,Net Hours,RD242,14-07-2026 07:21:01,"15,284.01",15-07-2026 05:31:08,"15,289.80",5.79
F01 - KOMATSU HD785-7,Equipment,First Entry,Last Entry,Net Hours,RD242,15-07-2026 06:38:08,"15,289.84",16-07-2026 05:31:18,"15,310.08",20.24
F01 - KOMATSU HD785-7,Equipment,First Entry,Last Entry,Net Hours,RD242,16-07-2026 06:49:19,"15,310.11",17-07-2026 05:37:42,"15,327.88",17.77
F01 - KOMATSU HD785-7,Equipment,First Entry,Last Entry,Net Hours,RD242,17-07-2026 06:48:42,"15,327.92",18-07-2026 05:32:09,"15,346.98",19.06
F01 - KOMATSU HD785-7,Equipment,First Entry,Last Entry,Net Hours,RD242,18-07-2026 07:07:10,"15,346.99",19-07-2026 05:38:29,"15,355.15",8.16
F01 - KOMATSU HD785-7,Equipment,First Entry,Last Entry,Net Hours,RD242,19-07-2026 06:28:29,"15,355.19",20-07-2026 04:53:31,"15,369.90",14.71
F01 - KOMATSU HD785-7,Equipment,First Entry,Last Entry,Net Hours,RD242,20-07-2026 06:26:32,"15,369.93",21-07-2026 05:58:51,"15,387.69",17.76
F01 - KOMATSU HD785-7,Equipment,First Entry,Last Entry,Net Hours,RD243,11-07-2026 10:13:34,"10,01,192.11",12-07-2026 05:15:07,"10,01,193.28",1.17
F01 - KOMATSU HD785-7,Equipment,First Entry,Last Entry,Net Hours,RD243,12-07-2026 06:45:23,"10,01,193.35",13-07-2026 05:31:25,"10,01,205.60",12.25
F01 - KOMATSU HD785-7,Equipment,First Entry,Last Entry,Net Hours,RD243,13-07-2026 07:42:25,"10,01,205.64",14-07-2026 05:39:40,"10,01,220.99",15.35
F01 - KOMATSU HD785-7,Equipment,First Entry,Last Entry,Net Hours,RD243,14-07-2026 06:34:40,"10,01,221.00",15-07-2026 05:58:43,"10,01,233.07",12.07
F01 - KOMATSU HD785-7,Equipment,First Entry,Last Entry,Net Hours,RD243,15-07-2026 06:01:43,"10,01,233.12",16-07-2026 05:22:41,"10,01,252.08",18.96
F01 - KOMATSU HD785-7,Equipment,First Entry,Last Entry,Net Hours,RD243,16-07-2026 06:39:41,"10,01,252.11",17-07-2026 05:34:29,"10,01,271.47",19.36
F01 - KOMATSU HD785-7,Equipment,First Entry,Last Entry,Net Hours,RD243,17-07-2026 07:45:29,"10,01,271.52",18-07-2026 05:41:55,"10,01,289.54",18.02
F01 - KOMATSU HD785-7,Equipment,First Entry,Last Entry,Net Hours,RD243,18-07-2026 06:32:56,"10,01,289.57",19-07-2026 05:35:18,"10,01,309.15",19.58
F01 - KOMATSU HD785-7,Equipment,First Entry,Last Entry,Net Hours,RD243,19-07-2026 07:23:19,"10,01,309.18",20-07-2026 05:31:33,"10,01,325.56",16.38
F01 - KOMATSU HD785-7,Equipment,First Entry,Last Entry,Net Hours,RD243,20-07-2026 06:30:34,"10,01,325.59",21-07-2026 05:36:21,"10,01,346.18",20.59
F01 - KOMATSU HD785-7,Equipment,First Entry,Last Entry,Net Hours,RD244,11-07-2026 06:25:01,"13,753.07",12-07-2026 05:37:36,"13,767.89",14.82
F01 - KOMATSU HD785-7,Equipment,First Entry,Last Entry,Net Hours,RD244,12-07-2026 06:34:37,"13,767.90",13-07-2026 05:33:51,"13,784.72",16.82
F01 - KOMATSU HD785-7,Equipment,First Entry,Last Entry,Net Hours,RD244,13-07-2026 06:43:51,"13,784.74",14-07-2026 05:32:51,"13,802.78",18.04
F01 - KOMATSU HD785-7,Equipment,First Entry,Last Entry,Net Hours,RD244,14-07-2026 06:35:52,"13,802.82",15-07-2026 05:20:56,"13,819.46",16.64
F01 - KOMATSU HD785-7,Equipment,First Entry,Last Entry,Net Hours,RD244,15-07-2026 06:43:57,"13,819.50",16-07-2026 05:22:22,"13,837.79",18.29
F01 - KOMATSU HD785-7,Equipment,First Entry,Last Entry,Net Hours,RD244,16-07-2026 06:41:22,"13,837.84",17-07-2026 05:29:20,"13,856.27",18.43
F01 - KOMATSU HD785-7,Equipment,First Entry,Last Entry,Net Hours,RD244,17-07-2026 06:59:20,"13,856.30",18-07-2026 05:33:59,"13,874.10",17.80
F01 - KOMATSU HD785-7,Equipment,First Entry,Last Entry,Net Hours,RD244,18-07-2026 06:40:59,"13,874.11",19-07-2026 05:40:14,"13,891.40",17.29
F01 - KOMATSU HD785-7,Equipment,First Entry,Last Entry,Net Hours,RD244,19-07-2026 06:34:15,"13,891.43",20-07-2026 05:32:48,"13,907.31",15.88
F01 - KOMATSU HD785-7,Equipment,First Entry,Last Entry,Net Hours,RD244,20-07-2026 07:32:49,"13,907.35",21-07-2026 05:30:31,"13,921.81",14.46
F01 - KOMATSU HD785-7,Equipment,First Entry,Last Entry,Net Hours,RD245,11-07-2026 06:48:16,"1,22,166.78",12-07-2026 05:03:37,"1,22,179.42",12.64
F01 - KOMATSU HD785-7,Equipment,First Entry,Last Entry,Net Hours,RD245,12-07-2026 11:14:07,"1,22,185.63",13-07-2026 05:35:24,"1,22,197.42",11.79
F01 - KOMATSU HD785-7,Equipment,First Entry,Last Entry,Net Hours,RD245,13-07-2026 06:46:25,"1,22,197.46",14-07-2026 05:21:49,"1,22,216.25",18.79
F01 - KOMATSU HD785-7,Equipment,First Entry,Last Entry,Net Hours,RD245,14-07-2026 06:35:50,"1,22,216.28",15-07-2026 05:27:15,"1,22,233.69",17.41
F01 - KOMATSU HD785-7,Equipment,First Entry,Last Entry,Net Hours,RD245,15-07-2026 06:44:15,"1,22,233.72",16-07-2026 05:22:37,"1,22,249.58",15.86
F01 - KOMATSU HD785-7,Equipment,First Entry,Last Entry,Net Hours,RD245,16-07-2026 06:44:38,"1,22,249.63",17-07-2026 05:36:00,"1,22,268.37",18.74
F01 - KOMATSU HD785-7,Equipment,First Entry,Last Entry,Net Hours,RD245,17-07-2026 06:47:01,"1,22,268.39",18-07-2026 05:27:26,"1,22,286.39",18.00
F01 - KOMATSU HD785-7,Equipment,First Entry,Last Entry,Net Hours,RD245,18-07-2026 06:32:26,"1,22,286.39",19-07-2026 05:57:47,"1,22,306.00",19.61
F01 - KOMATSU HD785-7,Equipment,First Entry,Last Entry,Net Hours,RD245,19-07-2026 06:00:47,"1,22,306.05",20-07-2026 05:26:05,"1,22,322.94",16.89
F01 - KOMATSU HD785-7,Equipment,First Entry,Last Entry,Net Hours,RD245,20-07-2026 06:23:06,"1,22,322.99",21-07-2026 05:58:23,"1,22,340.78",17.79
F01 - KOMATSU HD785-7,Equipment,First Entry,Last Entry,Net Hours,RD246,11-07-2026 09:14:04,"7,70,128.72",12-07-2026 05:57:36,"7,70,133.34",4.62
F01 - KOMATSU HD785-7,Equipment,First Entry,Last Entry,Net Hours,RD246,12-07-2026 06:00:36,"7,70,133.39",13-07-2026 05:58:26,"7,70,156.74",23.35
F01 - KOMATSU HD785-7,Equipment,First Entry,Last Entry,Net Hours,RD246,13-07-2026 06:01:26,"7,70,156.79",14-07-2026 05:58:33,"7,70,180.65",23.86
F01 - KOMATSU HD785-7,Equipment,First Entry,Last Entry,Net Hours,RD246,14-07-2026 06:01:33,"7,70,180.70",15-07-2026 05:58:33,"7,70,204.17",23.47
F01 - KOMATSU HD785-7,Equipment,First Entry,Last Entry,Net Hours,RD246,15-07-2026 06:01:33,"7,70,204.22",16-07-2026 05:57:50,"7,70,226.82",22.60
F01 - KOMATSU HD785-7,Equipment,First Entry,Last Entry,Net Hours,RD246,16-07-2026 06:00:50,"7,70,226.87",17-07-2026 05:58:49,"7,70,250.44",23.57
F01 - KOMATSU HD785-7,Equipment,First Entry,Last Entry,Net Hours,RD246,17-07-2026 06:01:49,"7,70,250.49",18-07-2026 05:59:41,"7,70,271.93",21.44
F01 - KOMATSU HD785-7,Equipment,First Entry,Last Entry,Net Hours,RD246,18-07-2026 06:02:41,"7,70,271.98",19-07-2026 04:15:42,"7,70,293.73",21.75
F01 - KOMATSU HD785-7,Equipment,First Entry,Last Entry,Net Hours,RD246,19-07-2026 07:07:42,"7,70,293.74",20-07-2026 05:58:48,"7,70,316.52",22.78
F01 - KOMATSU HD785-7,Equipment,First Entry,Last Entry,Net Hours,RD246,20-07-2026 06:01:48,"7,70,316.57",21-07-2026 05:59:21,"7,70,339.92",23.35
F01 - KOMATSU HD785-7,Equipment,First Entry,Last Entry,Net Hours,RD247,11-07-2026 06:24:44,"15,577.03",12-07-2026 05:59:00,"15,595.34",18.31
F01 - KOMATSU HD785-7,Equipment,First Entry,Last Entry,Net Hours,RD247,12-07-2026 06:02:00,"15,595.39",13-07-2026 05:43:57,"15,613.78",18.39
F01 - KOMATSU HD785-7,Equipment,First Entry,Last Entry,Net Hours,RD247,13-07-2026 06:56:58,"15,613.82",14-07-2026 05:33:14,"15,632.54",18.72
F01 - KOMATSU HD785-7,Equipment,First Entry,Last Entry,Net Hours,RD247,14-07-2026 06:45:16,"15,632.55",15-07-2026 05:38:10,"15,648.77",16.22
F01 - KOMATSU HD785-7,Equipment,First Entry,Last Entry,Net Hours,RD247,15-07-2026 06:46:12,"15,648.81",16-07-2026 05:26:31,"15,668.65",19.84
F01 - KOMATSU HD785-7,Equipment,First Entry,Last Entry,Net Hours,RD247,16-07-2026 06:44:32,"15,668.69",17-07-2026 05:38:03,"15,687.77",19.08
F01 - KOMATSU HD785-7,Equipment,First Entry,Last Entry,Net Hours,RD247,17-07-2026 06:49:05,"15,687.80",18-07-2026 05:32:12,"15,706.56",18.76
F01 - KOMATSU HD785-7,Equipment,First Entry,Last Entry,Net Hours,RD247,18-07-2026 17:23:25,"15,706.58",18-07-2026 17:26:25,"15,706.63",0.05
F01 - KOMATSU HD785-7,Equipment,First Entry,Last Entry,Net Hours,RD247,19-07-2026 19:17:41,"15,706.88",20-07-2026 02:46:39,"15,707.19",0.31
F01 - KOMATSU HD785-7,Equipment,First Entry,Last Entry,Net Hours,RD247,20-07-2026 08:39:35,"15,707.23",20-07-2026 20:50:43,"15,707.40",0.17
F01 - KOMATSU HD785-7,Equipment,First Entry,Last Entry,Net Hours,RD248,13-07-2026 07:28:14,"8,53,050.16",14-07-2026 05:26:43,"8,53,067.48",17.32
F01 - KOMATSU HD785-7,Equipment,First Entry,Last Entry,Net Hours,RD248,14-07-2026 06:40:44,"8,53,067.53",15-07-2026 05:39:32,"8,53,084.14",16.61
F01 - KOMATSU HD785-7,Equipment,First Entry,Last Entry,Net Hours,RD248,15-07-2026 06:41:33,"8,53,084.18",16-07-2026 05:37:54,"8,53,104.60",20.42
F01 - KOMATSU HD785-7,Equipment,First Entry,Last Entry,Net Hours,RD248,16-07-2026 07:08:54,"8,53,104.64",17-07-2026 05:30:40,"8,57,439.42","4,334.78"
F01 - KOMATSU HD785-7,Equipment,First Entry,Last Entry,Net Hours,RD248,17-07-2026 06:51:41,"8,57,439.44",18-07-2026 00:16:55,"8,57,452.44",13.00
F01 - KOMATSU HD785-7,Equipment,First Entry,Last Entry,Net Hours,RD248,18-07-2026 19:36:41,"8,61,816.42",19-07-2026 05:34:11,"8,61,825.06",8.64
F01 - KOMATSU HD785-7,Equipment,First Entry,Last Entry,Net Hours,RD248,19-07-2026 06:23:12,"8,61,825.10",20-07-2026 05:32:25,"8,61,840.55",15.45
F01 - KOMATSU HD785-7,Equipment,First Entry,Last Entry,Net Hours,RD248,20-07-2026 06:21:25,"8,61,840.57",21-07-2026 01:42:40,"8,61,857.43",16.86
F01 - KOMATSU HD785-7,Equipment,First Entry,Last Entry,Net Hours,RD249,11-07-2026 06:30:39,"1,07,191.25",12-07-2026 05:58:54,"1,07,208.51",17.26
F01 - KOMATSU HD785-7,Equipment,First Entry,Last Entry,Net Hours,RD249,12-07-2026 06:01:54,"1,07,208.57",13-07-2026 05:29:12,"1,07,226.37",17.80
F01 - KOMATSU HD785-7,Equipment,First Entry,Last Entry,Net Hours,RD249,13-07-2026 09:54:14,"1,07,226.42",14-07-2026 05:31:20,"1,07,243.05",16.63
F01 - KOMATSU HD785-7,Equipment,First Entry,Last Entry,Net Hours,RD249,14-07-2026 06:39:21,"1,07,243.09",15-07-2026 05:32:28,"1,07,263.67",20.58
F01 - KOMATSU HD785-7,Equipment,First Entry,Last Entry,Net Hours,RD249,15-07-2026 06:47:29,"1,07,263.71",16-07-2026 05:29:45,"1,07,282.55",18.84
F01 - KOMATSU HD785-7,Equipment,First Entry,Last Entry,Net Hours,RD249,16-07-2026 06:42:46,"1,07,282.58",17-07-2026 05:35:09,"1,07,292.87",10.29
F01 - KOMATSU HD785-7,Equipment,First Entry,Last Entry,Net Hours,RD249,17-07-2026 06:46:09,"1,07,292.87",18-07-2026 05:32:02,"1,07,310.89",18.02
F01 - KOMATSU HD785-7,Equipment,First Entry,Last Entry,Net Hours,RD249,18-07-2026 06:38:03,"1,07,310.94",19-07-2026 05:27:49,"1,07,330.96",20.02
F01 - KOMATSU HD785-7,Equipment,First Entry,Last Entry,Net Hours,RD249,19-07-2026 06:52:49,"1,07,331.00",20-07-2026 05:39:28,"1,07,346.05",15.05
F01 - KOMATSU HD785-7,Equipment,First Entry,Last Entry,Net Hours,RD249,20-07-2026 07:15:29,"1,07,346.08",21-07-2026 05:32:09,"1,07,364.29",18.21
F01 - KOMATSU HD785-7,Equipment,First Entry,Last Entry,Net Hours,RD250,14-07-2026 07:58:21,"11,392.29",14-07-2026 07:58:21,"11,392.29",0.00
F01 - KOMATSU HD785-7,Equipment,First Entry,Last Entry,Net Hours,RD251,11-07-2026 09:38:15,"14,465.11",12-07-2026 05:20:30,"14,481.17",16.06
F01 - KOMATSU HD785-7,Equipment,First Entry,Last Entry,Net Hours,RD251,12-07-2026 06:36:31,"14,481.22",13-07-2026 05:27:52,"14,496.00",14.78
F01 - KOMATSU HD785-7,Equipment,First Entry,Last Entry,Net Hours,RD251,13-07-2026 06:46:52,"14,496.02",14-07-2026 05:31:40,"14,511.50",15.48
F01 - KOMATSU HD785-7,Equipment,First Entry,Last Entry,Net Hours,RD251,14-07-2026 06:37:41,"14,511.55",15-07-2026 05:33:54,"14,528.97",17.42
F01 - KOMATSU HD785-7,Equipment,First Entry,Last Entry,Net Hours,RD251,15-07-2026 06:45:54,"14,528.97",16-07-2026 04:03:01,"14,540.18",11.21
F01 - KOMATSU HD785-7,Equipment,First Entry,Last Entry,Net Hours,RD251,16-07-2026 07:17:13,"14,540.20",17-07-2026 05:38:26,"14,559.45",19.25
F01 - KOMATSU HD785-7,Equipment,First Entry,Last Entry,Net Hours,RD251,17-07-2026 06:46:26,"14,559.49",18-07-2026 04:31:40,"14,571.81",12.32
F01 - KOMATSU HD785-7,Equipment,First Entry,Last Entry,Net Hours,RD251,18-07-2026 06:34:40,"14,571.84",19-07-2026 05:28:04,"14,587.16",15.32
F01 - KOMATSU HD785-7,Equipment,First Entry,Last Entry,Net Hours,RD251,19-07-2026 06:49:05,"14,587.17",20-07-2026 05:35:18,"14,602.46",15.29
F01 - KOMATSU HD785-7,Equipment,First Entry,Last Entry,Net Hours,RD251,20-07-2026 06:32:19,"14,602.47",21-07-2026 05:20:49,"14,616.97",14.50
F01 - KOMATSU HD785-7,Equipment,First Entry,Last Entry,Net Hours,RD252,11-07-2026 06:23:23,"33,730.28",12-07-2026 05:19:26,"33,742.30",12.02
F01 - KOMATSU HD785-7,Equipment,First Entry,Last Entry,Net Hours,RD252,12-07-2026 06:46:26,"33,742.35",13-07-2026 05:36:41,"33,759.15",16.80
F01 - KOMATSU HD785-7,Equipment,First Entry,Last Entry,Net Hours,RD252,13-07-2026 06:41:42,"33,759.19",14-07-2026 05:34:41,"33,770.68",11.49
F01 - KOMATSU HD785-7,Equipment,First Entry,Last Entry,Net Hours,RD252,14-07-2026 06:39:41,"33,770.71",15-07-2026 05:39:20,"33,788.91",18.20
F01 - KOMATSU HD785-7,Equipment,First Entry,Last Entry,Net Hours,RD252,15-07-2026 06:49:21,"33,788.96",16-07-2026 03:19:01,"33,804.68",15.72
F01 - KOMATSU HD785-7,Equipment,First Entry,Last Entry,Net Hours,RD252,16-07-2026 08:24:50,"33,804.71",17-07-2026 02:21:54,"33,805.35",0.64
F01 - KOMATSU HD785-7,Equipment,First Entry,Last Entry,Net Hours,RD252,17-07-2026 18:19:16,"33,805.36",18-07-2026 03:10:19,"33,805.69",0.33
F01 - KOMATSU HD785-7,Equipment,First Entry,Last Entry,Net Hours,RD252,18-07-2026 06:49:21,"33,805.74",19-07-2026 05:38:40,"33,825.66",19.92
F01 - KOMATSU HD785-7,Equipment,First Entry,Last Entry,Net Hours,RD252,19-07-2026 07:01:41,"33,825.67",20-07-2026 05:27:35,"33,841.45",15.78
F01 - KOMATSU HD785-7,Equipment,First Entry,Last Entry,Net Hours,RD252,20-07-2026 06:32:35,"33,841.49",21-07-2026 05:22:58,"33,858.30",16.81
F01 - KOMATSU HD785-7,Equipment,First Entry,Last Entry,Net Hours,RD253,11-07-2026 06:18:05,"14,069.21",12-07-2026 05:20:20,"14,088.13",18.92
F01 - KOMATSU HD785-7,Equipment,First Entry,Last Entry,Net Hours,RD253,12-07-2026 07:21:21,"14,088.17",13-07-2026 05:29:28,"14,105.20",17.03
F01 - KOMATSU HD785-7,Equipment,First Entry,Last Entry,Net Hours,RD253,13-07-2026 06:22:28,"14,105.23",14-07-2026 05:23:42,"14,124.30",19.07
F01 - KOMATSU HD785-7,Equipment,First Entry,Last Entry,Net Hours,RD253,14-07-2026 06:35:42,"14,124.31",15-07-2026 02:35:22,"14,136.77",12.46
F01 - KOMATSU HD785-7,Equipment,First Entry,Last Entry,Net Hours,RD253,15-07-2026 09:12:25,"14,136.77",15-07-2026 09:24:25,"14,136.94",0.17
F01 - KOMATSU HD785-7,Equipment,First Entry,Last Entry,Net Hours,RD253,16-07-2026 12:28:41,"14,136.96",17-07-2026 05:29:07,"14,143.70",6.74
F01 - KOMATSU HD785-7,Equipment,First Entry,Last Entry,Net Hours,RD253,17-07-2026 06:18:07,"14,143.74",18-07-2026 05:38:57,"14,163.33",19.59
F01 - KOMATSU HD785-7,Equipment,First Entry,Last Entry,Net Hours,RD253,18-07-2026 06:41:58,"14,163.35",19-07-2026 05:10:12,"14,180.29",16.94
F01 - KOMATSU HD785-7,Equipment,First Entry,Last Entry,Net Hours,RD253,19-07-2026 06:23:12,"14,180.29",20-07-2026 05:32:29,"14,197.74",17.45
F01 - KOMATSU HD785-7,Equipment,First Entry,Last Entry,Net Hours,RD253,20-07-2026 06:22:29,"14,197.79",21-07-2026 05:57:06,"14,217.58",19.79
F02 - Caterpillar 773E,Equipment,First Entry,Last Entry,Net Hours,RD2KC1,11-07-2026 06:27:41,"62,815.65",12-07-2026 05:18:04,"62,828.69",13.04
F02 - Caterpillar 773E,Equipment,First Entry,Last Entry,Net Hours,RD2KC1,12-07-2026 06:30:04,"62,828.74",13-07-2026 05:18:14,"62,844.35",15.61
F02 - Caterpillar 773E,Equipment,First Entry,Last Entry,Net Hours,RD2KC1,13-07-2026 06:31:14,"62,844.35",14-07-2026 04:20:16,"62,857.06",12.71
F02 - Caterpillar 773E,Equipment,First Entry,Last Entry,Net Hours,RD2KC1,14-07-2026 06:53:17,"62,857.09",15-07-2026 05:20:52,"62,867.18",10.09
F02 - Caterpillar 773E,Equipment,First Entry,Last Entry,Net Hours,RD2KC1,15-07-2026 06:31:53,"62,867.20",16-07-2026 05:03:10,"62,879.77",12.57
F02 - Caterpillar 773E,Equipment,First Entry,Last Entry,Net Hours,RD2KC1,16-07-2026 06:42:11,"62,879.79",17-07-2026 00:51:35,"62,888.20",8.41
F02 - Caterpillar 773E,Equipment,First Entry,Last Entry,Net Hours,RD2KC1,19-07-2026 06:58:00,"62,888.24",19-07-2026 07:36:00,"62,888.34",0.10
F02 - Caterpillar 773E,Equipment,First Entry,Last Entry,Net Hours,RD2KC2,19-07-2026 06:51:40,"11,655.54",19-07-2026 21:06:59,"11,657.39",1.85
F02 - Caterpillar 773E,Equipment,First Entry,Last Entry,Net Hours,RD2KC2,20-07-2026 06:57:56,"11,657.39",21-07-2026 05:12:24,"11,664.97",7.58
F02 - Caterpillar 773E,Equipment,First Entry,Last Entry,Net Hours,RD2KC3,12-07-2026 08:12:47,"41,891.95",12-07-2026 08:12:47,"41,891.95",0.00
F02 - Caterpillar 773E,Equipment,First Entry,Last Entry,Net Hours,RD2KC3,15-07-2026 09:36:51,"41,891.96",15-07-2026 09:36:51,"41,891.96",0.00
F02 - Caterpillar 773E,Equipment,First Entry,Last Entry,Net Hours,RD2KC5,12-07-2026 11:34:52,"85,166.90",13-07-2026 00:27:22,"85,174.52",7.62
F02 - Caterpillar 773E,Equipment,First Entry,Last Entry,Net Hours,RD2KC5,13-07-2026 06:46:01,"85,174.52",14-07-2026 05:00:19,"85,184.95",10.43
F02 - Caterpillar 773E,Equipment,First Entry,Last Entry,Net Hours,RD2KC5,14-07-2026 06:38:20,"85,184.96",14-07-2026 20:37:34,"85,191.67",6.71
F02 - Caterpillar 773E,Equipment,First Entry,Last Entry,Net Hours,RD2KC5,15-07-2026 10:52:15,"85,191.84",15-07-2026 23:24:34,"85,195.03",3.19
F02 - Caterpillar 773E,Equipment,First Entry,Last Entry,Net Hours,RD2KC5,16-07-2026 11:11:39,"85,195.08",17-07-2026 00:58:49,"85,199.45",4.37
F02 - Caterpillar 773E,Equipment,First Entry,Last Entry,Net Hours,RD2KC5,17-07-2026 07:07:52,"85,199.46",17-07-2026 23:45:20,"85,202.47",3.01
F02 - Caterpillar 773E,Equipment,First Entry,Last Entry,Net Hours,RD2KC5,18-07-2026 10:44:40,"85,202.51",18-07-2026 23:19:49,"85,204.05",1.54
F02 - Caterpillar 773E,Equipment,First Entry,Last Entry,Net Hours,RD2KC5,19-07-2026 06:57:52,"85,204.07",20-07-2026 05:17:32,"85,212.77",8.70
F02 - Caterpillar 773E,Equipment,First Entry,Last Entry,Net Hours,RD2KC5,20-07-2026 07:02:33,"85,212.78",21-07-2026 05:04:16,"85,219.15",6.37
F02 - Caterpillar 773E,Equipment,First Entry,Last Entry,Net Hours,RDO01,11-07-2026 15:51:57,"7,48,493.21",12-07-2026 05:16:46,"7,48,500.78",7.57
F02 - Caterpillar 773E,Equipment,First Entry,Last Entry,Net Hours,RDO01,12-07-2026 06:34:47,"7,48,500.79",13-07-2026 05:24:40,"7,48,515.94",15.15
F02 - Caterpillar 773E,Equipment,First Entry,Last Entry,Net Hours,RDO01,13-07-2026 06:30:41,"7,48,515.97",13-07-2026 16:21:00,"7,48,516.45",0.48
F02 - Caterpillar 773E,Equipment,First Entry,Last Entry,Net Hours,RDO01,14-07-2026 09:13:07,"7,48,516.46",14-07-2026 09:16:07,"7,48,516.51",0.05
F02 - Caterpillar 773E,Equipment,First Entry,Last Entry,Net Hours,RDO01,20-07-2026 12:23:33,"7,48,516.55",20-07-2026 17:57:20,"7,48,516.58",0.03
F02 - Caterpillar 773E,Equipment,First Entry,Last Entry,Net Hours,RDO03,11-07-2026 06:38:06,"33,626.28",12-07-2026 03:37:19,"33,631.48",5.20
F02 - Caterpillar 773E,Equipment,First Entry,Last Entry,Net Hours,RDO03,12-07-2026 06:56:21,"33,631.49",13-07-2026 05:21:25,"33,644.14",12.65
F02 - Caterpillar 773E,Equipment,First Entry,Last Entry,Net Hours,RDO03,13-07-2026 06:33:26,"33,644.15",14-07-2026 03:14:24,"33,651.85",7.70
F02 - Caterpillar 773E,Equipment,First Entry,Last Entry,Net Hours,RDO03,14-07-2026 07:00:25,"33,651.89",15-07-2026 05:20:23,"33,657.05",5.16
F02 - Caterpillar 773E,Equipment,First Entry,Last Entry,Net Hours,RDO03,15-07-2026 06:34:24,"33,657.09",16-07-2026 05:26:02,"33,669.26",12.17
F02 - Caterpillar 773E,Equipment,First Entry,Last Entry,Net Hours,RDO03,16-07-2026 06:44:03,"33,669.28",17-07-2026 05:23:04,"33,685.57",16.29
F02 - Caterpillar 773E,Equipment,First Entry,Last Entry,Net Hours,RDO03,17-07-2026 06:31:05,"33,685.57",18-07-2026 05:07:06,"33,697.03",11.46
F02 - Caterpillar 773E,Equipment,First Entry,Last Entry,Net Hours,RDO03,18-07-2026 06:40:06,"33,697.05",19-07-2026 05:08:28,"33,706.82",9.77
F02 - Caterpillar 773E,Equipment,First Entry,Last Entry,Net Hours,RDO03,19-07-2026 06:34:29,"33,706.82",20-07-2026 04:52:37,"33,720.93",14.11
F02 - Caterpillar 773E,Equipment,First Entry,Last Entry,Net Hours,RDO03,20-07-2026 06:54:38,"33,720.98",21-07-2026 05:13:51,"33,731.26",10.28
F02 - Caterpillar 773E,Equipment,First Entry,Last Entry,Net Hours,RDO04,13-07-2026 07:26:54,"10,317.72",13-07-2026 11:37:37,"10,317.93",0.21
F02 - Caterpillar 773E,Equipment,First Entry,Last Entry,Net Hours,RDO04,19-07-2026 07:50:49,"10,323.06",20-07-2026 00:05:51,"10,324.98",1.92
F02 - Caterpillar 773E,Equipment,First Entry,Last Entry,Net Hours,RDO04,20-07-2026 08:54:55,"10,325.02",20-07-2026 23:37:44,"10,328.04",3.02
F03 - Caterpillar 777E,Equipment,First Entry,Last Entry,Net Hours,RD201,11-07-2026 06:41:06,"28,529.78",12-07-2026 05:34:07,"28,544.96",15.18
F03 - Caterpillar 777E,Equipment,First Entry,Last Entry,Net Hours,RD201,12-07-2026 06:46:08,"28,545.01",13-07-2026 05:30:04,"28,554.81",9.80
F03 - Caterpillar 777E,Equipment,First Entry,Last Entry,Net Hours,RD201,13-07-2026 06:30:05,"28,554.82",14-07-2026 05:31:14,"28,571.97",17.15
F03 - Caterpillar 777E,Equipment,First Entry,Last Entry,Net Hours,RD201,14-07-2026 06:24:15,"28,571.98",14-07-2026 21:14:16,"28,575.29",3.31
F03 - Caterpillar 777E,Equipment,First Entry,Last Entry,Net Hours,RD201,15-07-2026 09:41:22,"28,575.32",15-07-2026 16:27:26,"28,575.52",0.20
F03 - Caterpillar 777E,Equipment,First Entry,Last Entry,Net Hours,RD201,16-07-2026 20:46:42,"28,575.54",16-07-2026 20:56:31,"28,575.58",0.04
F03 - Caterpillar 777E,Equipment,First Entry,Last Entry,Net Hours,RD201,17-07-2026 15:39:58,"28,575.61",17-07-2026 16:11:47,"28,575.63",0.02
F03 - Caterpillar 777E,Equipment,First Entry,Last Entry,Net Hours,RD201,18-07-2026 15:23:58,"28,575.66",19-07-2026 05:29:34,"28,582.65",6.99
F03 - Caterpillar 777E,Equipment,First Entry,Last Entry,Net Hours,RD201,19-07-2026 06:33:35,"28,582.69",20-07-2026 05:30:03,"28,600.17",17.48
F03 - Caterpillar 777E,Equipment,First Entry,Last Entry,Net Hours,RD201,20-07-2026 10:35:06,"28,600.18",21-07-2026 05:34:56,"28,612.39",12.21
F03 - Caterpillar 777E,Equipment,First Entry,Last Entry,Net Hours,RD202,11-07-2026 15:38:56,"27,576.83",12-07-2026 05:25:44,"27,583.60",6.77
F03 - Caterpillar 777E,Equipment,First Entry,Last Entry,Net Hours,RD202,12-07-2026 06:32:44,"27,583.61",13-07-2026 05:31:59,"27,598.86",15.25
F03 - Caterpillar 777E,Equipment,First Entry,Last Entry,Net Hours,RD202,13-07-2026 06:40:59,"27,598.89",13-07-2026 23:59:12,"27,610.46",11.57
F03 - Caterpillar 777E,Equipment,First Entry,Last Entry,Net Hours,RD202,14-07-2026 06:37:15,"27,610.47",14-07-2026 09:36:01,"27,610.62",0.15
F03 - Caterpillar 777E,Equipment,First Entry,Last Entry,Net Hours,RD202,15-07-2026 19:43:17,"27,610.65",16-07-2026 05:22:59,"27,613.08",2.43
F03 - Caterpillar 777E,Equipment,First Entry,Last Entry,Net Hours,RD202,16-07-2026 06:37:00,"27,613.11",17-07-2026 05:25:50,"27,630.41",17.30
F03 - Caterpillar 777E,Equipment,First Entry,Last Entry,Net Hours,RD202,17-07-2026 06:42:51,"27,630.45",18-07-2026 05:26:23,"27,645.66",15.21
F03 - Caterpillar 777E,Equipment,First Entry,Last Entry,Net Hours,RD202,18-07-2026 06:50:24,"27,645.66",19-07-2026 05:29:39,"27,662.32",16.66
F03 - Caterpillar 777E,Equipment,First Entry,Last Entry,Net Hours,RD202,19-07-2026 06:28:39,"27,662.37",20-07-2026 05:31:58,"27,679.28",16.91
F03 - Caterpillar 777E,Equipment,First Entry,Last Entry,Net Hours,RD202,20-07-2026 06:57:59,"27,679.32",21-07-2026 05:30:05,"27,693.07",13.75
F03 - Caterpillar 777E,Equipment,First Entry,Last Entry,Net Hours,RD203,11-07-2026 15:43:35,"9,31,144.13",12-07-2026 05:37:23,"9,31,153.70",9.57
F03 - Caterpillar 777E,Equipment,First Entry,Last Entry,Net Hours,RD203,12-07-2026 06:26:21,"9,31,153.72",13-07-2026 05:36:37,"9,31,169.03",15.31
F03 - Caterpillar 777E,Equipment,First Entry,Last Entry,Net Hours,RD203,13-07-2026 06:43:38,"9,31,169.08",14-07-2026 05:33:47,"9,31,182.54",13.46
F03 - Caterpillar 777E,Equipment,First Entry,Last Entry,Net Hours,RD203,14-07-2026 06:35:48,"9,31,182.57",15-07-2026 04:56:59,"9,31,199.99",17.42
F03 - Caterpillar 777E,Equipment,First Entry,Last Entry,Net Hours,RD203,15-07-2026 06:32:00,"9,31,200.02",15-07-2026 21:18:07,"9,31,204.09",4.07
F03 - Caterpillar 777E,Equipment,First Entry,Last Entry,Net Hours,RD203,16-07-2026 07:33:11,"9,31,204.12",16-07-2026 10:21:48,"9,31,204.99",0.87
F03 - Caterpillar 777E,Equipment,First Entry,Last Entry,Net Hours,RD203,17-07-2026 21:37:13,93.00,18-07-2026 05:36:34,"9,35,555.89","9,35,462.89"
F03 - Caterpillar 777E,Equipment,First Entry,Last Entry,Net Hours,RD203,18-07-2026 06:46:34,"9,35,555.89",19-07-2026 05:18:49,"9,35,573.00",17.11
F03 - Caterpillar 777E,Equipment,First Entry,Last Entry,Net Hours,RD203,19-07-2026 06:33:50,"9,35,573.05",20-07-2026 05:26:47,"9,35,588.84",15.79
F03 - Caterpillar 777E,Equipment,First Entry,Last Entry,Net Hours,RD203,20-07-2026 10:30:50,"9,35,588.87",21-07-2026 05:36:44,"9,40,020.84","4,431.97"
F03 - Caterpillar 777E,Equipment,First Entry,Last Entry,Net Hours,RD204,11-07-2026 07:00:36,"27,974.34",12-07-2026 05:23:30,"27,986.62",12.28
F03 - Caterpillar 777E,Equipment,First Entry,Last Entry,Net Hours,RD204,12-07-2026 06:37:30,"27,986.66",12-07-2026 20:39:39,"27,995.79",9.13
F03 - Caterpillar 777E,Equipment,First Entry,Last Entry,Net Hours,RD204,13-07-2026 06:54:22,"27,995.85",14-07-2026 05:28:10,"28,008.26",12.41
F03 - Caterpillar 777E,Equipment,First Entry,Last Entry,Net Hours,RD204,14-07-2026 06:30:10,"28,008.28",15-07-2026 05:18:26,"28,026.31",18.03
F03 - Caterpillar 777E,Equipment,First Entry,Last Entry,Net Hours,RD204,15-07-2026 07:01:27,"28,026.33",16-07-2026 05:29:39,"28,043.58",17.25
F03 - Caterpillar 777E,Equipment,First Entry,Last Entry,Net Hours,RD204,16-07-2026 06:33:40,"28,043.59",17-07-2026 05:23:55,"28,059.72",16.13
F03 - Caterpillar 777E,Equipment,First Entry,Last Entry,Net Hours,RD204,17-07-2026 06:40:56,"28,059.77",18-07-2026 05:31:08,"28,075.64",15.87
F03 - Caterpillar 777E,Equipment,First Entry,Last Entry,Net Hours,RD204,18-07-2026 06:40:08,"28,075.65",19-07-2026 05:31:22,"28,092.21",16.56
F03 - Caterpillar 777E,Equipment,First Entry,Last Entry,Net Hours,RD204,19-07-2026 06:36:23,"28,092.23",19-07-2026 17:41:51,"28,100.32",8.09
F03 - Caterpillar 777E,Equipment,First Entry,Last Entry,Net Hours,RD204,20-07-2026 07:09:59,"28,100.35",21-07-2026 05:14:20,"28,114.11",13.76
F03 - Caterpillar 777E,Equipment,First Entry,Last Entry,Net Hours,RD205,11-07-2026 06:26:13,"24,296.09",12-07-2026 05:35:09,"24,310.07",13.98
F03 - Caterpillar 777E,Equipment,First Entry,Last Entry,Net Hours,RD205,12-07-2026 06:37:10,"24,310.11",13-07-2026 05:23:25,"24,324.22",14.11
F03 - Caterpillar 777E,Equipment,First Entry,Last Entry,Net Hours,RD205,13-07-2026 06:38:25,"24,324.25",14-07-2026 05:27:35,"24,339.79",15.54
F03 - Caterpillar 777E,Equipment,First Entry,Last Entry,Net Hours,RD205,14-07-2026 08:35:37,"24,339.83",15-07-2026 05:27:11,"24,347.43",7.60
F03 - Caterpillar 777E,Equipment,First Entry,Last Entry,Net Hours,RD205,15-07-2026 06:34:11,"24,347.44",16-07-2026 05:32:06,"24,363.08",15.64
F03 - Caterpillar 777E,Equipment,First Entry,Last Entry,Net Hours,RD205,16-07-2026 06:39:07,"24,363.11",17-07-2026 05:32:19,"24,378.04",14.93
F03 - Caterpillar 777E,Equipment,First Entry,Last Entry,Net Hours,RD205,17-07-2026 06:37:20,"24,378.07",18-07-2026 05:28:06,"24,394.29",16.22
F03 - Caterpillar 777E,Equipment,First Entry,Last Entry,Net Hours,RD205,18-07-2026 06:57:06,"24,394.32",19-07-2026 05:24:22,"24,410.70",16.38
F03 - Caterpillar 777E,Equipment,First Entry,Last Entry,Net Hours,RD205,19-07-2026 06:22:21,"24,410.75",20-07-2026 05:35:58,"24,426.03",15.28
F03 - Caterpillar 777E,Equipment,First Entry,Last Entry,Net Hours,RD205,20-07-2026 10:26:00,"24,426.05",21-07-2026 05:39:49,"24,438.92",12.87
F03 - Caterpillar 777E,Equipment,First Entry,Last Entry,Net Hours,RD206,11-07-2026 06:37:56,"3,91,423.12",12-07-2026 05:27:12,"3,91,440.03",16.91
F03 - Caterpillar 777E,Equipment,First Entry,Last Entry,Net Hours,RD206,12-07-2026 06:29:13,"3,91,440.03",13-07-2026 05:39:25,"3,91,456.10",16.07
F03 - Caterpillar 777E,Equipment,First Entry,Last Entry,Net Hours,RD206,13-07-2026 06:34:25,"3,91,456.11",14-07-2026 05:31:25,"3,91,472.32",16.21
F03 - Caterpillar 777E,Equipment,First Entry,Last Entry,Net Hours,RD206,14-07-2026 06:33:26,"3,91,472.34",15-07-2026 05:30:53,"3,91,489.62",17.28
F03 - Caterpillar 777E,Equipment,First Entry,Last Entry,Net Hours,RD206,15-07-2026 06:30:54,"3,91,489.66",16-07-2026 05:33:08,"3,91,507.66",18.00
F03 - Caterpillar 777E,Equipment,First Entry,Last Entry,Net Hours,RD206,16-07-2026 06:31:08,"3,91,507.67",17-07-2026 05:36:43,"3,91,524.86",17.19
F03 - Caterpillar 777E,Equipment,First Entry,Last Entry,Net Hours,RD206,17-07-2026 06:42:43,"3,91,524.90",18-07-2026 05:36:57,"3,91,542.66",17.76
F03 - Caterpillar 777E,Equipment,First Entry,Last Entry,Net Hours,RD206,18-07-2026 06:55:57,"3,91,542.67",19-07-2026 05:25:51,"3,91,559.21",16.54
F03 - Caterpillar 777E,Equipment,First Entry,Last Entry,Net Hours,RD206,19-07-2026 06:35:52,"3,91,559.23",20-07-2026 05:30:39,"3,91,575.35",16.12
F03 - Caterpillar 777E,Equipment,First Entry,Last Entry,Net Hours,RD206,20-07-2026 10:31:41,"3,91,575.40",21-07-2026 05:29:21,"3,91,586.75",11.35
F03 - Caterpillar 777E,Equipment,First Entry,Last Entry,Net Hours,RD207,11-07-2026 06:23:42,"78,606.16",12-07-2026 05:28:25,"78,621.01",14.85
F03 - Caterpillar 777E,Equipment,First Entry,Last Entry,Net Hours,RD207,12-07-2026 06:24:25,"78,621.05",13-07-2026 05:27:24,"78,637.64",16.59
F03 - Caterpillar 777E,Equipment,First Entry,Last Entry,Net Hours,RD207,13-07-2026 06:29:24,"78,637.67",14-07-2026 05:31:50,"78,652.99",15.32
F03 - Caterpillar 777E,Equipment,First Entry,Last Entry,Net Hours,RD207,14-07-2026 06:33:51,"78,653.02",15-07-2026 05:29:02,"78,671.07",18.05
F03 - Caterpillar 777E,Equipment,First Entry,Last Entry,Net Hours,RD207,15-07-2026 06:36:03,"78,671.07",16-07-2026 05:30:20,"78,689.89",18.82
F03 - Caterpillar 777E,Equipment,First Entry,Last Entry,Net Hours,RD207,16-07-2026 06:29:22,"78,689.91",17-07-2026 05:17:00,"78,703.60",13.69
F03 - Caterpillar 777E,Equipment,First Entry,Last Entry,Net Hours,RD207,17-07-2026 06:39:01,"78,703.61",18-07-2026 03:24:14,"78,719.42",15.81
F03 - Caterpillar 777E,Equipment,First Entry,Last Entry,Net Hours,RD207,18-07-2026 06:35:16,"78,719.45",18-07-2026 23:49:33,"78,732.68",13.23
F03 - Caterpillar 777E,Equipment,First Entry,Last Entry,Net Hours,RD207,19-07-2026 07:13:36,"78,732.71",20-07-2026 05:36:26,"78,740.72",8.01
F03 - Caterpillar 777E,Equipment,First Entry,Last Entry,Net Hours,RD207,20-07-2026 06:45:27,"78,740.73",20-07-2026 19:38:16,"78,747.34",6.61
F04 - Caterpillar 777D SII,Equipment,First Entry,Last Entry,Net Hours,RD121,11-07-2026 06:38:34,"7,58,857.78",12-07-2026 05:26:16,"7,58,871.03",13.25
F04 - Caterpillar 777D SII,Equipment,First Entry,Last Entry,Net Hours,RD121,12-07-2026 06:37:17,"7,58,871.06",12-07-2026 21:16:39,"7,58,877.96",6.90
F04 - Caterpillar 777D SII,Equipment,First Entry,Last Entry,Net Hours,RD121,13-07-2026 08:06:53,"7,58,877.99",14-07-2026 03:08:10,"7,58,890.79",12.80
F04 - Caterpillar 777D SII,Equipment,First Entry,Last Entry,Net Hours,RD121,14-07-2026 06:49:13,"7,58,890.81",14-07-2026 21:14:33,"7,58,901.27",10.46
F04 - Caterpillar 777D SII,Equipment,First Entry,Last Entry,Net Hours,RD121,15-07-2026 07:26:42,"7,58,901.31",15-07-2026 21:15:06,"7,58,909.75",8.44
F04 - Caterpillar 777D SII,Equipment,First Entry,Last Entry,Net Hours,RD121,16-07-2026 09:02:15,"7,58,909.79",17-07-2026 05:33:07,"7,58,925.21",15.42
F04 - Caterpillar 777D SII,Equipment,First Entry,Last Entry,Net Hours,RD121,17-07-2026 15:29:15,"7,58,925.22",18-07-2026 05:21:43,"7,58,935.10",9.88
F04 - Caterpillar 777D SII,Equipment,First Entry,Last Entry,Net Hours,RD121,18-07-2026 11:08:48,"7,58,935.14",19-07-2026 05:21:52,"7,58,947.81",12.67
F04 - Caterpillar 777D SII,Equipment,First Entry,Last Entry,Net Hours,RD121,19-07-2026 06:31:53,"7,58,947.83",19-07-2026 23:33:24,"7,58,957.78",9.95
F04 - Caterpillar 777D SII,Equipment,First Entry,Last Entry,Net Hours,RD121,20-07-2026 06:26:30,"7,58,957.80",21-07-2026 05:58:17,"7,58,969.36",11.56
F04 - Caterpillar 777D SII,Equipment,First Entry,Last Entry,Net Hours,RD122,11-07-2026 15:25:40,"1,00,190.02",11-07-2026 21:29:57,"1,00,194.93",4.91
F04 - Caterpillar 777D SII,Equipment,First Entry,Last Entry,Net Hours,RD122,12-07-2026 06:36:06,"1,00,194.95",12-07-2026 15:13:37,"1,00,201.64",6.69
F04 - Caterpillar 777D SII,Equipment,First Entry,Last Entry,Net Hours,RD122,13-07-2026 06:57:51,"1,00,201.65",13-07-2026 20:55:27,"1,00,207.61",5.96
F04 - Caterpillar 777D SII,Equipment,First Entry,Last Entry,Net Hours,RD122,14-07-2026 06:46:38,"1,00,207.62",14-07-2026 10:48:17,"1,00,209.84",2.22
F04 - Caterpillar 777D SII,Equipment,First Entry,Last Entry,Net Hours,RD122,16-07-2026 20:07:27,"1,00,210.12",16-07-2026 20:26:28,"1,00,210.21",0.09
F04 - Caterpillar 777D SII,Equipment,First Entry,Last Entry,Net Hours,RD122,19-07-2026 06:56:26,"1,00,210.33",19-07-2026 20:50:59,"1,00,215.74",5.41
F04 - Caterpillar 777D SII,Equipment,First Entry,Last Entry,Net Hours,RD122,20-07-2026 09:02:11,"1,00,215.78",21-07-2026 03:06:34,"1,00,217.58",1.80
F04 - Caterpillar 777D SII,Equipment,First Entry,Last Entry,Net Hours,RD123,11-07-2026 06:47:31,"77,708.84",12-07-2026 03:42:28,"77,717.65",8.81
F04 - Caterpillar 777D SII,Equipment,First Entry,Last Entry,Net Hours,RD126,11-07-2026 15:21:21,"6,87,299.10",11-07-2026 21:09:38,"6,87,304.69",5.59
F04 - Caterpillar 777D SII,Equipment,First Entry,Last Entry,Net Hours,RD126,12-07-2026 06:30:45,"6,87,304.70",12-07-2026 21:24:29,"6,87,314.98",10.28
F04 - Caterpillar 777D SII,Equipment,First Entry,Last Entry,Net Hours,RD126,13-07-2026 18:09:46,"6,87,315.00",13-07-2026 18:09:46,"6,87,315.00",0.00
F04 - Caterpillar 777D SII,Equipment,First Entry,Last Entry,Net Hours,RD126,14-07-2026 06:49:57,"6,87,315.01",15-07-2026 02:12:31,"6,87,327.86",12.85
F04 - Caterpillar 777D SII,Equipment,First Entry,Last Entry,Net Hours,RD126,16-07-2026 00:57:52,"6,87,327.89",16-07-2026 02:39:53,"6,87,329.59",1.70
F04 - Caterpillar 777D SII,Equipment,First Entry,Last Entry,Net Hours,RD126,16-07-2026 06:41:56,"6,87,329.62",17-07-2026 02:36:41,"6,87,343.33",13.71
F04 - Caterpillar 777D SII,Equipment,First Entry,Last Entry,Net Hours,RD126,17-07-2026 06:45:45,"6,87,343.37",17-07-2026 18:54:11,"6,87,352.38",9.01
F04 - Caterpillar 777D SII,Equipment,First Entry,Last Entry,Net Hours,RD126,18-07-2026 07:01:50,"6,87,352.39",19-07-2026 02:31:05,"6,87,364.71",12.32
F04 - Caterpillar 777D SII,Equipment,First Entry,Last Entry,Net Hours,RD126,19-07-2026 06:36:09,"6,87,364.71",19-07-2026 12:12:02,"6,87,369.25",4.54
F04 - Caterpillar 777D SII,Equipment,First Entry,Last Entry,Net Hours,RD126,20-07-2026 20:28:54,"6,87,369.61",20-07-2026 20:31:54,"6,87,369.66",0.05
F04 - Caterpillar 777D SII,Equipment,First Entry,Last Entry,Net Hours,RD132,11-07-2026 06:00:53,"94,443.77",12-07-2026 05:57:26,"94,467.23",23.46
F04 - Caterpillar 777D SII,Equipment,First Entry,Last Entry,Net Hours,RD132,12-07-2026 06:00:26,"94,467.28",13-07-2026 05:58:17,"94,491.23",23.95
F04 - Caterpillar 777D SII,Equipment,First Entry,Last Entry,Net Hours,RD132,13-07-2026 06:01:17,"94,491.28",14-07-2026 05:57:10,"94,515.18",23.90
F04 - Caterpillar 777D SII,Equipment,First Entry,Last Entry,Net Hours,RD132,14-07-2026 06:00:10,"94,515.23",15-07-2026 05:58:55,"94,539.18",23.95
F04 - Caterpillar 777D SII,Equipment,First Entry,Last Entry,Net Hours,RD132,15-07-2026 06:01:55,"94,539.23",16-07-2026 05:57:35,"94,563.13",23.90
F04 - Caterpillar 777D SII,Equipment,First Entry,Last Entry,Net Hours,RD132,16-07-2026 06:00:36,"94,563.18",17-07-2026 05:59:18,"94,587.13",23.95
F04 - Caterpillar 777D SII,Equipment,First Entry,Last Entry,Net Hours,RD132,17-07-2026 06:02:18,"94,587.18",18-07-2026 05:58:04,"94,611.08",23.90
F04 - Caterpillar 777D SII,Equipment,First Entry,Last Entry,Net Hours,RD132,18-07-2026 06:01:04,"94,611.13",19-07-2026 05:59:36,"94,635.09",23.96
F04 - Caterpillar 777D SII,Equipment,First Entry,Last Entry,Net Hours,RD132,19-07-2026 06:02:36,"94,635.14",20-07-2026 05:57:45,"94,659.04",23.90
F04 - Caterpillar 777D SII,Equipment,First Entry,Last Entry,Net Hours,RD132,20-07-2026 06:00:46,"94,659.09",21-07-2026 05:59:51,"94,683.04",23.95
F04 - Caterpillar 777D SII,Equipment,First Entry,Last Entry,Net Hours,RD136,11-07-2026 06:02:33,"6,31,007.26",12-07-2026 05:59:47,"6,31,031.21",23.95
F04 - Caterpillar 777D SII,Equipment,First Entry,Last Entry,Net Hours,RD136,12-07-2026 06:02:47,"6,31,031.26",12-07-2026 16:50:52,"6,31,042.06",10.80
F04 - Caterpillar 777D SII,Equipment,First Entry,Last Entry,Net Hours,RD136,14-07-2026 08:03:43,"6,31,042.07",14-07-2026 08:06:29,"6,31,042.12",0.05
F04 - Caterpillar 777D SII,Equipment,First Entry,Last Entry,Net Hours,RD136,16-07-2026 19:48:20,"6,31,042.14",17-07-2026 05:57:09,"6,31,052.28",10.14
F04 - Caterpillar 777D SII,Equipment,First Entry,Last Entry,Net Hours,RD136,17-07-2026 06:00:09,"6,31,052.33",17-07-2026 17:18:48,"6,31,055.63",3.30
F04 - Caterpillar 777D SII,Equipment,First Entry,Last Entry,Net Hours,RD136,19-07-2026 19:54:41,"6,31,055.64",20-07-2026 05:59:29,"6,31,065.49",9.85
F04 - Caterpillar 777D SII,Equipment,First Entry,Last Entry,Net Hours,RD136,20-07-2026 06:02:29,"6,31,065.54",21-07-2026 05:59:48,"6,31,089.49",23.95
F04 - Caterpillar 777D SII,Equipment,First Entry,Last Entry,Net Hours,RD141,11-07-2026 06:35:52,"7,27,660.44",12-07-2026 05:22:05,"7,27,677.85",17.41
F04 - Caterpillar 777D SII,Equipment,First Entry,Last Entry,Net Hours,RD141,12-07-2026 06:27:05,"7,27,677.87",13-07-2026 03:08:16,"7,27,690.27",12.40
F04 - Caterpillar 777D SII,Equipment,First Entry,Last Entry,Net Hours,RD141,13-07-2026 08:30:18,"7,27,690.30",13-07-2026 08:30:18,"7,27,690.30",0.00
F04 - Caterpillar 777D SII,Equipment,First Entry,Last Entry,Net Hours,RD141,14-07-2026 07:59:11,"7,31,497.15",15-07-2026 02:30:58,"7,31,507.66",10.51
F04 - Caterpillar 777D SII,Equipment,First Entry,Last Entry,Net Hours,RD141,15-07-2026 06:37:59,"7,31,507.69",15-07-2026 13:25:03,"7,31,513.21",5.52
F04 - Caterpillar 777D SII,Equipment,First Entry,Last Entry,Net Hours,RD141,16-07-2026 06:42:10,"7,31,513.22",17-07-2026 01:36:14,"7,31,526.51",13.29
F04 - Caterpillar 777D SII,Equipment,First Entry,Last Entry,Net Hours,RD141,17-07-2026 06:37:16,"7,31,526.53",17-07-2026 20:35:55,"7,31,532.48",5.95
F04 - Caterpillar 777D SII,Equipment,First Entry,Last Entry,Net Hours,RD141,18-07-2026 06:40:00,"7,31,532.52",19-07-2026 04:58:11,"7,31,547.89",15.37
F04 - Caterpillar 777D SII,Equipment,First Entry,Last Entry,Net Hours,RD141,19-07-2026 06:39:12,"7,31,547.89",20-07-2026 05:29:38,"7,31,564.47",16.58
F04 - Caterpillar 777D SII,Equipment,First Entry,Last Entry,Net Hours,RD141,20-07-2026 06:31:38,"7,31,564.48",21-07-2026 05:24:50,"7,31,576.97",12.49
F06 - Tata Hitachi EX1200-6,Equipment,First Entry,Last Entry,Net Hours,EX009,11-07-2026 06:37:48,"32,035.93",12-07-2026 05:24:07,"32,051.88",15.95
F06 - Tata Hitachi EX1200-6,Equipment,First Entry,Last Entry,Net Hours,EX009,12-07-2026 06:45:08,"32,051.90",13-07-2026 05:15:12,"32,067.23",15.33
F06 - Tata Hitachi EX1200-6,Equipment,First Entry,Last Entry,Net Hours,EX009,13-07-2026 06:47:12,"32,067.47",14-07-2026 05:16:39,"32,078.93",11.46
F06 - Tata Hitachi EX1200-6,Equipment,First Entry,Last Entry,Net Hours,EX009,14-07-2026 06:36:40,"32,078.98",15-07-2026 05:16:46,"32,090.84",11.86
F06 - Tata Hitachi EX1200-6,Equipment,First Entry,Last Entry,Net Hours,EX009,15-07-2026 07:53:47,"32,091.00",16-07-2026 01:57:34,"32,101.01",10.01
F06 - Tata Hitachi EX1200-6,Equipment,First Entry,Last Entry,Net Hours,EX009,16-07-2026 06:47:36,"32,101.02",17-07-2026 05:22:14,"32,107.50",6.48
F06 - Tata Hitachi EX1200-6,Equipment,First Entry,Last Entry,Net Hours,EX009,17-07-2026 06:45:14,"32,107.52",18-07-2026 05:14:42,"32,121.39",13.87
F06 - Tata Hitachi EX1200-6,Equipment,First Entry,Last Entry,Net Hours,EX009,18-07-2026 06:49:42,"32,121.44",19-07-2026 05:19:52,"32,140.78",19.34
F06 - Tata Hitachi EX1200-6,Equipment,First Entry,Last Entry,Net Hours,EX009,19-07-2026 06:35:53,"32,140.81",20-07-2026 05:23:16,"32,158.99",18.18
F06 - Tata Hitachi EX1200-6,Equipment,First Entry,Last Entry,Net Hours,EX009,20-07-2026 06:54:17,"32,158.99",21-07-2026 05:21:28,"32,171.99",13.00
F06 - Tata Hitachi EX1200-6,Equipment,First Entry,Last Entry,Net Hours,EX010,11-07-2026 06:37:38,"31,737.82",12-07-2026 05:19:42,"31,751.05",13.23
F06 - Tata Hitachi EX1200-6,Equipment,First Entry,Last Entry,Net Hours,EX010,12-07-2026 06:39:16,"31,751.10",12-07-2026 21:04:16,"31,753.58",2.48
F06 - Tata Hitachi EX1200-6,Equipment,First Entry,Last Entry,Net Hours,EX010,13-07-2026 07:29:06,"31,753.62",14-07-2026 05:17:51,"31,760.50",6.88
F06 - Tata Hitachi EX1200-6,Equipment,First Entry,Last Entry,Net Hours,EX010,14-07-2026 06:34:40,"31,760.55",15-07-2026 04:57:11,"31,772.80",12.25
F06 - Tata Hitachi EX1200-6,Equipment,First Entry,Last Entry,Net Hours,EX010,15-07-2026 23:18:44,"31,772.88",16-07-2026 05:20:09,"31,776.27",3.39
F06 - Tata Hitachi EX1200-6,Equipment,First Entry,Last Entry,Net Hours,EX010,16-07-2026 06:36:14,"31,776.30",16-07-2026 13:18:49,"31,781.58",5.28
F06 - Tata Hitachi EX1200-6,Equipment,First Entry,Last Entry,Net Hours,EX010,17-07-2026 06:45:48,"31,781.63",18-07-2026 01:09:41,"31,793.94",12.31
F06 - Tata Hitachi EX1200-6,Equipment,First Entry,Last Entry,Net Hours,EX010,18-07-2026 07:07:42,"31,794.04",19-07-2026 02:09:42,"31,798.04",4.00
F06 - Tata Hitachi EX1200-6,Equipment,First Entry,Last Entry,Net Hours,EX010,19-07-2026 06:45:23,"31,798.06",19-07-2026 19:23:53,"31,798.34",0.28
F06 - Tata Hitachi EX1200-6,Equipment,First Entry,Last Entry,Net Hours,EX010,20-07-2026 10:31:22,"31,798.37",20-07-2026 15:38:34,"31,799.01",0.64
F06 - Tata Hitachi EX1200-6,Equipment,First Entry,Last Entry,Net Hours,EX012,11-07-2026 07:37:59,"1,33,768.12",12-07-2026 04:37:34,"1,33,777.26",9.14
F06 - Tata Hitachi EX1200-6,Equipment,First Entry,Last Entry,Net Hours,EX012,12-07-2026 06:41:35,"1,33,777.30",13-07-2026 05:29:43,"1,33,792.24",14.94
F06 - Tata Hitachi EX1200-6,Equipment,First Entry,Last Entry,Net Hours,EX012,14-07-2026 07:41:37,"1,37,690.39",15-07-2026 01:45:02,"1,37,703.91",13.52
F06 - Tata Hitachi EX1200-6,Equipment,First Entry,Last Entry,Net Hours,EX012,15-07-2026 06:32:03,"1,37,703.91",16-07-2026 01:09:11,"1,37,713.74",9.83
F06 - Tata Hitachi EX1200-6,Equipment,First Entry,Last Entry,Net Hours,EX012,16-07-2026 08:29:14,"1,37,713.74",17-07-2026 05:16:33,"1,37,729.71",15.97
F06 - Tata Hitachi EX1200-6,Equipment,First Entry,Last Entry,Net Hours,EX012,17-07-2026 06:49:34,"1,37,729.75",18-07-2026 05:16:22,"1,37,745.57",15.82
F06 - Tata Hitachi EX1200-6,Equipment,First Entry,Last Entry,Net Hours,EX012,18-07-2026 08:33:23,"1,37,745.57",19-07-2026 01:55:30,"1,37,755.64",10.07
F06 - Tata Hitachi EX1200-6,Equipment,First Entry,Last Entry,Net Hours,EX012,19-07-2026 06:35:32,"1,37,755.65",20-07-2026 05:21:22,"1,41,795.46","4,039.81"
F06 - Tata Hitachi EX1200-6,Equipment,First Entry,Last Entry,Net Hours,EX012,20-07-2026 10:44:24,"1,41,795.51",21-07-2026 05:19:45,"1,41,809.52",14.01
F07 - Tata Hitachi EX2500-5,Equipment,First Entry,Last Entry,Net Hours,EX001,11-07-2026 10:00:39,"22,368.09",11-07-2026 10:54:39,"22,368.68",0.59
F07 - Tata Hitachi EX2500-5,Equipment,First Entry,Last Entry,Net Hours,EX001,12-07-2026 16:46:34,"22,368.69",13-07-2026 05:19:17,"22,370.91",2.22
F07 - Tata Hitachi EX2500-5,Equipment,First Entry,Last Entry,Net Hours,EX001,13-07-2026 06:06:17,"22,370.91",14-07-2026 05:25:29,"22,382.13",11.22
F07 - Tata Hitachi EX2500-5,Equipment,First Entry,Last Entry,Net Hours,EX001,14-07-2026 06:23:29,"22,382.15",15-07-2026 05:24:57,"22,396.49",14.34
F07 - Tata Hitachi EX2500-5,Equipment,First Entry,Last Entry,Net Hours,EX001,15-07-2026 06:32:58,"22,396.50",16-07-2026 05:30:07,"22,412.77",16.27
F07 - Tata Hitachi EX2500-5,Equipment,First Entry,Last Entry,Net Hours,EX001,16-07-2026 06:26:08,"22,412.79",17-07-2026 05:52:47,"22,429.72",16.93
F07 - Tata Hitachi EX2500-5,Equipment,First Entry,Last Entry,Net Hours,EX001,17-07-2026 06:53:42,"22,429.74",18-07-2026 05:25:52,"22,443.34",13.60
F07 - Tata Hitachi EX2500-5,Equipment,First Entry,Last Entry,Net Hours,EX001,18-07-2026 06:36:53,"22,443.35",19-07-2026 04:22:49,"22,460.16",16.81
F07 - Tata Hitachi EX2500-5,Equipment,First Entry,Last Entry,Net Hours,EX001,19-07-2026 06:30:05,"22,460.20",20-07-2026 05:31:09,"22,474.27",14.07
F07 - Tata Hitachi EX2500-5,Equipment,First Entry,Last Entry,Net Hours,EX001,20-07-2026 06:32:09,"22,474.31",21-07-2026 05:31:52,"22,493.68",19.37
F07 - Tata Hitachi EX2500-5,Equipment,First Entry,Last Entry,Net Hours,EX003,15-07-2026 10:08:48,"92,958.63",16-07-2026 05:17:29,"92,970.83",12.20
F07 - Tata Hitachi EX2500-5,Equipment,First Entry,Last Entry,Net Hours,EX003,16-07-2026 06:08:33,"92,970.84",17-07-2026 05:19:58,"92,986.67",15.83
F07 - Tata Hitachi EX2500-5,Equipment,First Entry,Last Entry,Net Hours,EX003,17-07-2026 06:42:04,"92,986.72",18-07-2026 05:16:51,"93,002.49",15.77
F07 - Tata Hitachi EX2500-5,Equipment,First Entry,Last Entry,Net Hours,EX003,18-07-2026 06:59:28,"93,002.54",19-07-2026 05:20:44,"93,017.10",14.56
F07 - Tata Hitachi EX2500-5,Equipment,First Entry,Last Entry,Net Hours,EX003,19-07-2026 06:43:58,"93,017.13",19-07-2026 18:26:26,"93,024.97",7.84
F07 - Tata Hitachi EX2500-5,Equipment,First Entry,Last Entry,Net Hours,EX003,20-07-2026 06:56:42,"93,024.99",20-07-2026 20:39:11,"93,025.61",0.62
F08 - Liebherr R9250,Equipment,First Entry,Last Entry,Net Hours,EX006,11-07-2026 06:39:24,"10,01,223.47",12-07-2026 05:38:34,"10,01,241.32",17.85
F08 - Liebherr R9250,Equipment,First Entry,Last Entry,Net Hours,EX006,12-07-2026 06:31:35,"10,01,241.33",13-07-2026 05:35:05,"10,01,254.39",13.06
F08 - Liebherr R9250,Equipment,First Entry,Last Entry,Net Hours,EX006,13-07-2026 06:15:05,"10,01,254.42",14-07-2026 05:59:18,"10,01,273.96",19.54
F08 - Liebherr R9250,Equipment,First Entry,Last Entry,Net Hours,EX006,14-07-2026 06:02:18,"10,01,274.01",15-07-2026 05:57:59,"10,01,293.53",19.52
F08 - Liebherr R9250,Equipment,First Entry,Last Entry,Net Hours,EX006,15-07-2026 06:27:59,"10,01,293.53",16-07-2026 05:09:12,"10,01,314.03",20.50
F08 - Liebherr R9250,Equipment,First Entry,Last Entry,Net Hours,EX006,16-07-2026 07:07:22,"10,01,314.87",17-07-2026 05:53:35,"10,01,332.50",17.63
F08 - Liebherr R9250,Equipment,First Entry,Last Entry,Net Hours,EX006,17-07-2026 06:07:35,"10,01,332.51",18-07-2026 05:27:47,"10,01,352.94",20.43
F08 - Liebherr R9250,Equipment,First Entry,Last Entry,Net Hours,EX006,18-07-2026 06:04:47,"10,01,352.95",19-07-2026 05:57:59,"10,01,372.73",19.78
F08 - Liebherr R9250,Equipment,First Entry,Last Entry,Net Hours,EX006,19-07-2026 06:00:59,"10,01,372.78",20-07-2026 05:12:12,"10,01,391.78",19.00
F08 - Liebherr R9250,Equipment,First Entry,Last Entry,Net Hours,EX006,20-07-2026 06:28:12,"10,01,391.82",21-07-2026 05:23:27,"10,01,405.40",13.58
F09 - Tata Hitachi EX2500-6,Equipment,First Entry,Last Entry,Net Hours,EX004,11-07-2026 06:02:15,"1,41,995.67",12-07-2026 05:59:46,"1,42,019.60",23.93
F09 - Tata Hitachi EX2500-6,Equipment,First Entry,Last Entry,Net Hours,EX004,12-07-2026 06:02:46,"1,42,019.65",13-07-2026 05:59:52,"1,42,039.60",19.95
F09 - Tata Hitachi EX2500-6,Equipment,First Entry,Last Entry,Net Hours,EX004,13-07-2026 06:02:52,"1,42,039.65",14-07-2026 05:59:53,"1,42,063.60",23.95
F09 - Tata Hitachi EX2500-6,Equipment,First Entry,Last Entry,Net Hours,EX004,14-07-2026 06:02:53,"1,42,063.65",15-07-2026 05:57:48,"1,42,086.01",22.36
F09 - Tata Hitachi EX2500-6,Equipment,First Entry,Last Entry,Net Hours,EX004,15-07-2026 06:00:48,"1,42,086.06",16-07-2026 05:57:47,"1,42,108.49",22.43
F09 - Tata Hitachi EX2500-6,Equipment,First Entry,Last Entry,Net Hours,EX004,16-07-2026 06:00:47,"1,42,108.54",17-07-2026 05:57:59,"1,42,132.49",23.95
F09 - Tata Hitachi EX2500-6,Equipment,First Entry,Last Entry,Net Hours,EX004,17-07-2026 06:00:59,"1,42,132.54",18-07-2026 05:59:00,"1,42,147.35",14.81
F09 - Tata Hitachi EX2500-6,Equipment,First Entry,Last Entry,Net Hours,EX004,18-07-2026 06:02:00,"1,42,147.40",19-07-2026 05:59:32,"1,42,171.36",23.96
F09 - Tata Hitachi EX2500-6,Equipment,First Entry,Last Entry,Net Hours,EX004,19-07-2026 06:02:32,"1,42,171.41",20-07-2026 05:59:08,"1,42,195.22",23.81
F09 - Tata Hitachi EX2500-6,Equipment,First Entry,Last Entry,Net Hours,EX004,20-07-2026 06:02:08,"1,42,195.27",21-07-2026 05:58:10,"1,42,219.15",23.88
F09 - Tata Hitachi EX2500-6,Equipment,First Entry,Last Entry,Net Hours,EX005,11-07-2026 06:41:26,"22,413.05",12-07-2026 05:31:35,"22,429.97",16.92
F09 - Tata Hitachi EX2500-6,Equipment,First Entry,Last Entry,Net Hours,EX005,12-07-2026 06:43:35,"22,429.98",13-07-2026 05:25:44,"22,449.46",19.48
F09 - Tata Hitachi EX2500-6,Equipment,First Entry,Last Entry,Net Hours,EX005,13-07-2026 06:41:45,"22,449.48",14-07-2026 05:22:33,"22,468.29",18.81
F09 - Tata Hitachi EX2500-6,Equipment,First Entry,Last Entry,Net Hours,EX005,14-07-2026 06:39:33,"22,468.30",15-07-2026 05:26:47,"22,485.94",17.64
F09 - Tata Hitachi EX2500-6,Equipment,First Entry,Last Entry,Net Hours,EX005,15-07-2026 06:48:47,"22,485.97",16-07-2026 05:59:56,"22,503.09",17.12
F09 - Tata Hitachi EX2500-6,Equipment,First Entry,Last Entry,Net Hours,EX005,16-07-2026 06:03:56,"22,503.13",17-07-2026 05:24:40,"22,521.41",18.28
F09 - Tata Hitachi EX2500-6,Equipment,First Entry,Last Entry,Net Hours,EX005,17-07-2026 06:39:41,"22,521.45",18-07-2026 05:26:50,"22,541.19",19.74
F09 - Tata Hitachi EX2500-6,Equipment,First Entry,Last Entry,Net Hours,EX005,18-07-2026 06:46:51,"22,541.22",18-07-2026 20:12:56,"22,550.95",9.73
F09 - Tata Hitachi EX2500-6,Equipment,First Entry,Last Entry,Net Hours,EX005,20-07-2026 08:38:15,"22,550.99",20-07-2026 16:07:24,"22,551.57",0.58
F11 - Caterpillar 988H,Equipment,First Entry,Last Entry,Net Hours,PL2K05,11-07-2026 06:28:12,"41,248.28",12-07-2026 05:10:18,"41,263.66",15.38
F11 - Caterpillar 988H,Equipment,First Entry,Last Entry,Net Hours,PL2K05,12-07-2026 06:37:49,"41,263.70",13-07-2026 01:06:38,"41,276.57",12.87
F11 - Caterpillar 988H,Equipment,First Entry,Last Entry,Net Hours,PL2K05,13-07-2026 06:49:28,"41,276.60",14-07-2026 04:10:50,"41,282.53",5.93
F11 - Caterpillar 988H,Equipment,First Entry,Last Entry,Net Hours,PL2K05,14-07-2026 06:45:54,"41,282.56",15-07-2026 01:35:54,"41,290.18",7.62
F11 - Caterpillar 988H,Equipment,First Entry,Last Entry,Net Hours,PL2K05,15-07-2026 08:21:18,"41,290.23",16-07-2026 01:09:20,"41,298.68",8.45
F11 - Caterpillar 988H,Equipment,First Entry,Last Entry,Net Hours,PL2K05,16-07-2026 15:37:23,"41,298.72",17-07-2026 05:16:53,"41,306.16",7.44
F11 - Caterpillar 988H,Equipment,First Entry,Last Entry,Net Hours,PL2K05,17-07-2026 06:40:35,"41,306.22",18-07-2026 01:00:14,"41,313.89",7.67
F11 - Caterpillar 988H,Equipment,First Entry,Last Entry,Net Hours,PL2K05,18-07-2026 16:48:19,"41,313.92",19-07-2026 01:02:06,"41,319.27",5.35
F11 - Caterpillar 988H,Equipment,First Entry,Last Entry,Net Hours,PL2K05,19-07-2026 08:10:28,"41,319.30",19-07-2026 17:15:43,"41,325.46",6.16
F11 - Caterpillar 988H,Equipment,First Entry,Last Entry,Net Hours,PL2K05,20-07-2026 10:45:04,"41,325.49",20-07-2026 16:08:08,"41,327.93",2.44
F11 - Caterpillar 988H,Equipment,First Entry,Last Entry,Net Hours,PL2K06,11-07-2026 09:22:17,"31,110.95",11-07-2026 15:05:19,"31,111.58",0.63
F11 - Caterpillar 988H,Equipment,First Entry,Last Entry,Net Hours,PL2K06,12-07-2026 18:18:21,"31,111.61",13-07-2026 05:18:09,"31,115.69",4.08
F11 - Caterpillar 988H,Equipment,First Entry,Last Entry,Net Hours,PL2K06,13-07-2026 06:35:10,"31,115.70",14-07-2026 05:16:43,"31,126.80",11.10
F11 - Caterpillar 988H,Equipment,First Entry,Last Entry,Net Hours,PL2K06,14-07-2026 08:44:44,"31,126.81",15-07-2026 05:22:50,"31,135.11",8.30
F11 - Caterpillar 988H,Equipment,First Entry,Last Entry,Net Hours,PL2K06,15-07-2026 06:27:50,"31,135.11",16-07-2026 05:22:08,"31,142.38",7.27
F11 - Caterpillar 988H,Equipment,First Entry,Last Entry,Net Hours,PL2K06,16-07-2026 06:32:08,"31,142.40",17-07-2026 00:14:51,"31,151.64",9.24
F11 - Caterpillar 988H,Equipment,First Entry,Last Entry,Net Hours,PL2K06,17-07-2026 10:14:55,"31,151.67",18-07-2026 05:20:03,"31,157.38",5.71
F11 - Caterpillar 988H,Equipment,First Entry,Last Entry,Net Hours,PL2K06,18-07-2026 06:52:03,"31,157.43",19-07-2026 05:09:23,"31,165.67",8.24
F11 - Caterpillar 988H,Equipment,First Entry,Last Entry,Net Hours,PL2K06,19-07-2026 06:36:23,"31,165.67",20-07-2026 00:58:25,"31,173.82",8.15
F11 - Caterpillar 988H,Equipment,First Entry,Last Entry,Net Hours,PL2K06,20-07-2026 06:53:25,"31,173.85",21-07-2026 05:27:26,"31,185.88",12.03
F17 - Tata Hitachi EX2600-7,Equipment,First Entry,Last Entry,Net Hours,EX0009,11-07-2026 06:16:21,"55,149.70",12-07-2026 05:22:06,"55,161.81",12.11
F17 - Tata Hitachi EX2600-7,Equipment,First Entry,Last Entry,Net Hours,EX0009,12-07-2026 06:47:06,"55,161.84",13-07-2026 05:18:35,"55,180.03",18.19
F17 - Tata Hitachi EX2600-7,Equipment,First Entry,Last Entry,Net Hours,EX0009,13-07-2026 06:30:24,"55,180.08",14-07-2026 05:23:49,"55,198.92",18.84
F17 - Tata Hitachi EX2600-7,Equipment,First Entry,Last Entry,Net Hours,EX0009,14-07-2026 06:41:02,"55,198.97",15-07-2026 05:19:20,"55,217.71",18.74
F17 - Tata Hitachi EX2600-7,Equipment,First Entry,Last Entry,Net Hours,EX0009,15-07-2026 06:34:33,"55,217.72",16-07-2026 05:17:58,"55,237.98",20.26
F17 - Tata Hitachi EX2600-7,Equipment,First Entry,Last Entry,Net Hours,EX0009,16-07-2026 06:43:26,"55,238.00",17-07-2026 05:22:58,"55,254.72",16.72
F17 - Tata Hitachi EX2600-7,Equipment,First Entry,Last Entry,Net Hours,EX0009,17-07-2026 06:41:32,"55,254.76",18-07-2026 05:22:00,"55,272.88",18.12
F17 - Tata Hitachi EX2600-7,Equipment,First Entry,Last Entry,Net Hours,EX0009,18-07-2026 14:58:21,"55,272.92",19-07-2026 05:20:50,"55,281.74",8.82
F17 - Tata Hitachi EX2600-7,Equipment,First Entry,Last Entry,Net Hours,EX0009,19-07-2026 06:38:57,"55,281.77",20-07-2026 05:20:26,"55,298.70",16.93
F17 - Tata Hitachi EX2600-7,Equipment,First Entry,Last Entry,Net Hours,EX0009,20-07-2026 06:56:01,"55,298.75",21-07-2026 05:58:11,"55,313.83",15.08
F17 - Tata Hitachi EX2600-7,Equipment,First Entry,Last Entry,Net Hours,EX0010,11-07-2026 06:37:38,"30,895.04",12-07-2026 05:57:46,"30,916.23",21.19
F17 - Tata Hitachi EX2600-7,Equipment,First Entry,Last Entry,Net Hours,EX0010,12-07-2026 06:00:46,"30,916.28",13-07-2026 05:32:04,"30,936.26",19.98
F17 - Tata Hitachi EX2600-7,Equipment,First Entry,Last Entry,Net Hours,EX0010,13-07-2026 06:46:53,"30,936.30",14-07-2026 05:36:28,"30,956.25",19.95
F17 - Tata Hitachi EX2600-7,Equipment,First Entry,Last Entry,Net Hours,EX0010,14-07-2026 06:34:56,"30,956.27",15-07-2026 05:23:54,"30,974.09",17.82
F17 - Tata Hitachi EX2600-7,Equipment,First Entry,Last Entry,Net Hours,EX0010,15-07-2026 06:39:35,"30,974.11",16-07-2026 05:08:14,"30,993.72",19.61
F17 - Tata Hitachi EX2600-7,Equipment,First Entry,Last Entry,Net Hours,EX0010,16-07-2026 06:36:37,"30,993.76",17-07-2026 05:20:19,"31,012.07",18.31
F17 - Tata Hitachi EX2600-7,Equipment,First Entry,Last Entry,Net Hours,EX0010,17-07-2026 06:34:40,"31,012.09",18-07-2026 05:27:48,"31,032.11",20.02
F17 - Tata Hitachi EX2600-7,Equipment,First Entry,Last Entry,Net Hours,EX0010,18-07-2026 06:41:45,"31,032.14",19-07-2026 05:27:26,"31,048.15",16.01
F17 - Tata Hitachi EX2600-7,Equipment,First Entry,Last Entry,Net Hours,EX0010,19-07-2026 06:35:48,"31,048.19",20-07-2026 05:29:06,"31,065.40",17.21
F17 - Tata Hitachi EX2600-7,Equipment,First Entry,Last Entry,Net Hours,EX0010,20-07-2026 06:26:11,"31,065.42",21-07-2026 05:28:27,"31,084.75",19.33
F17 - Tata Hitachi EX2600-7,Equipment,First Entry,Last Entry,Net Hours,EX0011,11-07-2026 06:36:15,"84,771.90",12-07-2026 05:28:51,"84,790.68",18.78
F17 - Tata Hitachi EX2600-7,Equipment,First Entry,Last Entry,Net Hours,EX0011,12-07-2026 06:10:35,"84,790.69",13-07-2026 05:26:44,"84,810.67",19.98
F17 - Tata Hitachi EX2600-7,Equipment,First Entry,Last Entry,Net Hours,EX0011,13-07-2026 06:42:47,"84,810.72",14-07-2026 05:22:46,"84,830.64",19.92
F17 - Tata Hitachi EX2600-7,Equipment,First Entry,Last Entry,Net Hours,EX0011,14-07-2026 06:00:25,"84,830.69",15-07-2026 05:59:15,"84,847.48",16.79
F17 - Tata Hitachi EX2600-7,Equipment,First Entry,Last Entry,Net Hours,EX0011,15-07-2026 06:02:15,"84,847.53",16-07-2026 05:27:34,"84,867.57",20.04
F17 - Tata Hitachi EX2600-7,Equipment,First Entry,Last Entry,Net Hours,EX0011,16-07-2026 06:45:15,"84,867.61",17-07-2026 05:29:47,"84,886.54",18.93
F17 - Tata Hitachi EX2600-7,Equipment,First Entry,Last Entry,Net Hours,EX0011,17-07-2026 06:39:20,"84,886.59",18-07-2026 05:26:36,"84,906.33",19.74
F17 - Tata Hitachi EX2600-7,Equipment,First Entry,Last Entry,Net Hours,EX0011,18-07-2026 06:09:48,"84,906.35",19-07-2026 05:31:00,"84,922.36",16.01
F17 - Tata Hitachi EX2600-7,Equipment,First Entry,Last Entry,Net Hours,EX0011,19-07-2026 06:20:42,"84,922.40",20-07-2026 05:28:49,"84,940.25",17.85
F17 - Tata Hitachi EX2600-7,Equipment,First Entry,Last Entry,Net Hours,EX0011,20-07-2026 06:05:16,"84,940.27",21-07-2026 05:58:24,"84,959.62",19.35
F17 - Tata Hitachi EX2600-7,Equipment,First Entry,Last Entry,Net Hours,EX007,11-07-2026 06:25:37,"87,016.63",12-07-2026 05:25:22,"87,034.85",18.22
F17 - Tata Hitachi EX2600-7,Equipment,First Entry,Last Entry,Net Hours,EX007,12-07-2026 06:42:13,"87,034.86",13-07-2026 05:24:30,"87,053.90",19.04
F17 - Tata Hitachi EX2600-7,Equipment,First Entry,Last Entry,Net Hours,EX007,13-07-2026 06:44:46,"87,053.93",14-07-2026 05:26:10,"87,070.55",16.62
F17 - Tata Hitachi EX2600-7,Equipment,First Entry,Last Entry,Net Hours,EX007,14-07-2026 06:31:46,"87,070.59",15-07-2026 05:30:53,"87,086.38",15.79
F17 - Tata Hitachi EX2600-7,Equipment,First Entry,Last Entry,Net Hours,EX007,15-07-2026 06:41:28,"87,086.43",16-07-2026 00:40:14,"87,094.42",7.99
F17 - Tata Hitachi EX2600-7,Equipment,First Entry,Last Entry,Net Hours,EX007,17-07-2026 16:08:43,"87,094.47",18-07-2026 05:57:58,"87,098.93",4.46
F17 - Tata Hitachi EX2600-7,Equipment,First Entry,Last Entry,Net Hours,EX007,18-07-2026 06:00:58,"87,098.98",19-07-2026 05:20:00,"87,112.73",13.75
F17 - Tata Hitachi EX2600-7,Equipment,First Entry,Last Entry,Net Hours,EX007,19-07-2026 06:41:56,"87,112.75",20-07-2026 05:32:09,"87,131.61",18.86
F17 - Tata Hitachi EX2600-7,Equipment,First Entry,Last Entry,Net Hours,EX007,20-07-2026 06:33:04,"87,131.65",21-07-2026 05:27:57,"87,150.95",19.30
F17 - Tata Hitachi EX2600-7,Equipment,First Entry,Last Entry,Net Hours,EX008,11-07-2026 06:36:32,"19,905.19",12-07-2026 05:24:24,"19,924.32",19.13
F17 - Tata Hitachi EX2600-7,Equipment,First Entry,Last Entry,Net Hours,EX008,12-07-2026 06:41:41,"19,924.36",13-07-2026 05:31:19,"19,943.54",19.18
F17 - Tata Hitachi EX2600-7,Equipment,First Entry,Last Entry,Net Hours,EX008,13-07-2026 06:21:24,"19,943.55",13-07-2026 12:55:16,"19,949.03",5.48
F17 - Tata Hitachi EX2600-7,Equipment,First Entry,Last Entry,Net Hours,EX008,14-07-2026 06:15:38,"19,958.00",15-07-2026 05:24:59,"19,977.72",19.72
F17 - Tata Hitachi EX2600-7,Equipment,First Entry,Last Entry,Net Hours,EX008,15-07-2026 06:45:26,"19,977.75",16-07-2026 05:26:52,"19,998.29",20.54
F17 - Tata Hitachi EX2600-7,Equipment,First Entry,Last Entry,Net Hours,EX008,16-07-2026 06:47:52,"19,998.34",17-07-2026 05:21:27,"20,015.17",16.83
F17 - Tata Hitachi EX2600-7,Equipment,First Entry,Last Entry,Net Hours,EX008,17-07-2026 06:39:13,"20,015.21",18-07-2026 05:27:04,"20,034.96",19.75
F17 - Tata Hitachi EX2600-7,Equipment,First Entry,Last Entry,Net Hours,EX008,18-07-2026 06:34:31,"20,034.98",19-07-2026 05:23:35,"20,053.67",18.69
F17 - Tata Hitachi EX2600-7,Equipment,First Entry,Last Entry,Net Hours,EX008,19-07-2026 06:37:10,"20,053.69",20-07-2026 05:01:46,"20,063.14",9.45
F17 - Tata Hitachi EX2600-7,Equipment,First Entry,Last Entry,Net Hours,EX008,20-07-2026 06:37:41,"20,063.19",21-07-2026 05:18:45,"20,082.66",19.47
F18 - KOMATSU WE1150,Equipment,First Entry,Last Entry,Net Hours,PL003,11-07-2026 06:29:29,"6,195.67",12-07-2026 00:23:50,"6,203.50",7.83
F18 - KOMATSU WE1150,Equipment,First Entry,Last Entry,Net Hours,PL003,12-07-2026 10:14:10,"6,204.28",13-07-2026 05:37:09,"6,219.07",14.79
F18 - KOMATSU WE1150,Equipment,First Entry,Last Entry,Net Hours,PL003,13-07-2026 06:33:05,"6,219.09",13-07-2026 13:26:58,"6,225.98",6.89
F18 - KOMATSU WE1150,Equipment,First Entry,Last Entry,Net Hours,PL003,14-07-2026 06:39:30,"6,226.03",14-07-2026 22:19:59,"6,237.99",11.96
F18 - KOMATSU WE1150,Equipment,First Entry,Last Entry,Net Hours,PL003,16-07-2026 11:35:10,"6,238.04",16-07-2026 11:58:55,"6,238.38",0.34
F18 - KOMATSU WE1150,Equipment,First Entry,Last Entry,Net Hours,PL004,11-07-2026 11:34:46,"14,673.28",12-07-2026 05:42:52,"14,681.72",8.44
F18 - KOMATSU WE1150,Equipment,First Entry,Last Entry,Net Hours,PL004,12-07-2026 06:41:53,"14,681.73",13-07-2026 05:26:01,"14,694.74",13.01
F18 - KOMATSU WE1150,Equipment,First Entry,Last Entry,Net Hours,PL004,13-07-2026 09:27:03,"14,694.76",14-07-2026 05:27:11,"14,709.80",15.04
F18 - KOMATSU WE1150,Equipment,First Entry,Last Entry,Net Hours,PL004,14-07-2026 13:30:52,"14,710.13",15-07-2026 05:27:58,"14,713.26",3.13
F18 - KOMATSU WE1150,Equipment,First Entry,Last Entry,Net Hours,PL004,15-07-2026 06:53:58,"14,713.27",16-07-2026 05:41:07,"14,732.59",19.32
F18 - KOMATSU WE1150,Equipment,First Entry,Last Entry,Net Hours,PL004,16-07-2026 06:40:08,"14,732.63",17-07-2026 05:30:08,"14,748.53",15.90
F18 - KOMATSU WE1150,Equipment,First Entry,Last Entry,Net Hours,PL004,17-07-2026 06:27:08,"14,748.54",18-07-2026 05:25:17,"14,758.53",9.99
F18 - KOMATSU WE1150,Equipment,First Entry,Last Entry,Net Hours,PL004,18-07-2026 06:39:17,"14,758.55",19-07-2026 05:59:26,"14,779.00",20.45
F18 - KOMATSU WE1150,Equipment,First Entry,Last Entry,Net Hours,PL004,19-07-2026 06:02:26,"14,779.05",20-07-2026 05:57:35,"14,798.75",19.70
F18 - KOMATSU WE1150,Equipment,First Entry,Last Entry,Net Hours,PL004,20-07-2026 06:00:35,"14,798.80",21-07-2026 05:28:44,"14,818.91",20.11

