textbox1,textbox19,textbox20,textbox16,textbox17,textbox14,textbox12,textbox15,textbox13,textbox10,textbox11,textbox297,textbox307,textbox18
Net Engine Hours by Fleet and Equipment,Report Created On:,12-08-2026,Parameters:,Description:,Start Shift Date:,01-07-2026,End Shift Date:,10-07-2026,Equipment:,All,IsDst:,False,This report contains a spreadsheet of the first and last engine hour entries for each equipment.  This report is grouped by fleet.

FLEET_IDENT,textbox49,Textbox39,Textbox57,Textbox59,EQUIP_IDENT,ORIGIN_SHORT_NAME2,DESTINATION_SHORT_NAME2,MAX_TIMESTAMP,NUM_LOADS2,PRODUCTION2
F01 - KOMATSU HD785-7,Equipment,First Entry,Last Entry,Net Hours,RD208,01-07-2026 06:48:24,"2,70,724.42",02-07-2026 05:26:43,"2,70,741.80",17.38
F01 - KOMATSU HD785-7,Equipment,First Entry,Last Entry,Net Hours,RD208,02-07-2026 06:37:44,"2,70,741.84",03-07-2026 05:26:00,"2,70,757.04",15.20
F01 - KOMATSU HD785-7,Equipment,First Entry,Last Entry,Net Hours,RD208,03-07-2026 06:27:01,"2,70,757.08",04-07-2026 05:17:20,"2,70,774.70",17.62
F01 - KOMATSU HD785-7,Equipment,First Entry,Last Entry,Net Hours,RD208,04-07-2026 07:11:21,"2,70,774.74",05-07-2026 05:30:00,"2,70,792.22",17.48
F01 - KOMATSU HD785-7,Equipment,First Entry,Last Entry,Net Hours,RD208,05-07-2026 08:07:01,"2,70,792.23",06-07-2026 05:02:16,"2,70,806.28",14.05
F01 - KOMATSU HD785-7,Equipment,First Entry,Last Entry,Net Hours,RD208,06-07-2026 06:40:17,"2,70,806.30",07-07-2026 04:56:35,"2,70,821.67",15.37
F01 - KOMATSU HD785-7,Equipment,First Entry,Last Entry,Net Hours,RD208,07-07-2026 06:43:36,"2,70,821.70",08-07-2026 05:22:22,"2,70,833.31",11.61
F01 - KOMATSU HD785-7,Equipment,First Entry,Last Entry,Net Hours,RD208,08-07-2026 06:34:22,"2,70,833.36",09-07-2026 05:26:05,"2,70,851.14",17.78
F01 - KOMATSU HD785-7,Equipment,First Entry,Last Entry,Net Hours,RD208,09-07-2026 06:35:05,"2,70,851.19",09-07-2026 18:30:11,"2,70,853.77",2.58
F01 - KOMATSU HD785-7,Equipment,First Entry,Last Entry,Net Hours,RD208,10-07-2026 09:59:25,"2,70,853.83",11-07-2026 05:25:19,"2,70,865.96",12.13
F01 - KOMATSU HD785-7,Equipment,First Entry,Last Entry,Net Hours,RD209,01-07-2026 06:48:45,"25,144.48",02-07-2026 05:30:01,"25,162.60",18.12
F01 - KOMATSU HD785-7,Equipment,First Entry,Last Entry,Net Hours,RD209,02-07-2026 06:36:01,"25,162.60",03-07-2026 05:25:17,"25,181.20",18.60
F01 - KOMATSU HD785-7,Equipment,First Entry,Last Entry,Net Hours,RD209,03-07-2026 06:35:18,"25,181.24",04-07-2026 05:26:33,"25,197.52",16.28
F01 - KOMATSU HD785-7,Equipment,First Entry,Last Entry,Net Hours,RD209,04-07-2026 06:31:34,"25,197.56",05-07-2026 05:22:50,"25,215.16",17.60
F01 - KOMATSU HD785-7,Equipment,First Entry,Last Entry,Net Hours,RD209,05-07-2026 06:51:51,"25,215.16",06-07-2026 05:20:01,"25,217.37",2.21
F01 - KOMATSU HD785-7,Equipment,First Entry,Last Entry,Net Hours,RD209,06-07-2026 06:36:02,"25,217.37",07-07-2026 04:23:25,"25,231.93",14.56
F01 - KOMATSU HD785-7,Equipment,First Entry,Last Entry,Net Hours,RD209,07-07-2026 08:12:28,"25,231.98",08-07-2026 05:11:51,"25,247.88",15.90
F01 - KOMATSU HD785-7,Equipment,First Entry,Last Entry,Net Hours,RD209,08-07-2026 06:28:52,"25,247.92",08-07-2026 23:27:34,"25,259.10",11.18
F01 - KOMATSU HD785-7,Equipment,First Entry,Last Entry,Net Hours,RD209,09-07-2026 08:36:45,"25,259.11",10-07-2026 05:22:49,"25,274.06",14.95
F01 - KOMATSU HD785-7,Equipment,First Entry,Last Entry,Net Hours,RD209,10-07-2026 06:15:49,"25,274.07",11-07-2026 05:16:04,"25,290.18",16.11
F01 - KOMATSU HD785-7,Equipment,First Entry,Last Entry,Net Hours,RD211,01-07-2026 06:43:13,"25,837.94",02-07-2026 05:27:30,"25,854.81",16.87
F01 - KOMATSU HD785-7,Equipment,First Entry,Last Entry,Net Hours,RD211,02-07-2026 06:32:31,"25,854.84",03-07-2026 05:28:49,"25,873.47",18.63
F01 - KOMATSU HD785-7,Equipment,First Entry,Last Entry,Net Hours,RD211,03-07-2026 06:28:50,"25,873.49",04-07-2026 05:27:03,"25,891.37",17.88
F01 - KOMATSU HD785-7,Equipment,First Entry,Last Entry,Net Hours,RD211,04-07-2026 06:35:03,"25,891.41",05-07-2026 05:28:54,"25,899.85",8.44
F01 - KOMATSU HD785-7,Equipment,First Entry,Last Entry,Net Hours,RD211,05-07-2026 06:35:55,"25,899.89",06-07-2026 05:15:48,"25,917.39",17.50
F01 - KOMATSU HD785-7,Equipment,First Entry,Last Entry,Net Hours,RD211,06-07-2026 06:38:49,"25,917.43",07-07-2026 04:57:03,"25,931.70",14.27
F01 - KOMATSU HD785-7,Equipment,First Entry,Last Entry,Net Hours,RD211,07-07-2026 06:36:04,"25,931.72",08-07-2026 04:00:19,"25,947.46",15.74
F01 - KOMATSU HD785-7,Equipment,First Entry,Last Entry,Net Hours,RD211,08-07-2026 07:29:20,"25,947.49",09-07-2026 05:15:01,"25,962.59",15.10
F01 - KOMATSU HD785-7,Equipment,First Entry,Last Entry,Net Hours,RD211,09-07-2026 06:27:01,"25,962.62",10-07-2026 05:17:07,"25,980.64",18.02
F01 - KOMATSU HD785-7,Equipment,First Entry,Last Entry,Net Hours,RD211,10-07-2026 08:07:08,"25,980.68",11-07-2026 05:27:23,"25,995.91",15.23
F01 - KOMATSU HD785-7,Equipment,First Entry,Last Entry,Net Hours,RD212,01-07-2026 10:59:01,"33,022.47",01-07-2026 11:21:39,"33,022.73",0.26
F01 - KOMATSU HD785-7,Equipment,First Entry,Last Entry,Net Hours,RD212,03-07-2026 17:40:40,"33,022.79",04-07-2026 05:32:01,"33,028.80",6.01
F01 - KOMATSU HD785-7,Equipment,First Entry,Last Entry,Net Hours,RD212,04-07-2026 07:28:02,"33,028.85",05-07-2026 05:18:15,"33,042.13",13.28
F01 - KOMATSU HD785-7,Equipment,First Entry,Last Entry,Net Hours,RD212,05-07-2026 06:37:16,"33,042.15",06-07-2026 05:26:37,"33,059.48",17.33
F01 - KOMATSU HD785-7,Equipment,First Entry,Last Entry,Net Hours,RD212,06-07-2026 06:35:37,"33,059.53",07-07-2026 05:00:57,"33,074.09",14.56
F01 - KOMATSU HD785-7,Equipment,First Entry,Last Entry,Net Hours,RD212,07-07-2026 06:33:57,"33,074.11",08-07-2026 05:56:01,"33,087.70",13.59
F01 - KOMATSU HD785-7,Equipment,First Entry,Last Entry,Net Hours,RD212,08-07-2026 06:25:49,"33,087.72",09-07-2026 05:25:32,"33,102.93",15.21
F01 - KOMATSU HD785-7,Equipment,First Entry,Last Entry,Net Hours,RD212,09-07-2026 06:19:32,"33,102.97",10-07-2026 05:22:54,"33,121.38",18.41
F01 - KOMATSU HD785-7,Equipment,First Entry,Last Entry,Net Hours,RD212,10-07-2026 06:17:54,"33,121.40",11-07-2026 05:23:14,"33,139.76",18.36
F01 - KOMATSU HD785-7,Equipment,First Entry,Last Entry,Net Hours,RD214,01-07-2026 06:44:09,"26,164.13",02-07-2026 05:29:26,"26,181.80",17.67
F01 - KOMATSU HD785-7,Equipment,First Entry,Last Entry,Net Hours,RD214,02-07-2026 06:34:26,"26,181.80",02-07-2026 21:15:37,"26,193.47",11.67
F01 - KOMATSU HD785-7,Equipment,First Entry,Last Entry,Net Hours,RD214,03-07-2026 06:30:31,"26,193.49",04-07-2026 05:24:18,"26,205.25",11.76
F01 - KOMATSU HD785-7,Equipment,First Entry,Last Entry,Net Hours,RD214,04-07-2026 06:36:19,"26,205.28",05-07-2026 05:25:38,"26,224.14",18.86
F01 - KOMATSU HD785-7,Equipment,First Entry,Last Entry,Net Hours,RD214,05-07-2026 06:23:39,"26,224.16",06-07-2026 05:08:02,"26,239.41",15.25
F01 - KOMATSU HD785-7,Equipment,First Entry,Last Entry,Net Hours,RD214,06-07-2026 07:41:03,"26,239.42",07-07-2026 05:03:57,"26,250.22",10.80
F01 - KOMATSU HD785-7,Equipment,First Entry,Last Entry,Net Hours,RD214,07-07-2026 07:30:58,"26,250.25",08-07-2026 05:58:12,"26,265.10",14.85
F01 - KOMATSU HD785-7,Equipment,First Entry,Last Entry,Net Hours,RD214,08-07-2026 06:01:12,"26,265.15",09-07-2026 05:23:54,"26,282.39",17.24
F01 - KOMATSU HD785-7,Equipment,First Entry,Last Entry,Net Hours,RD214,09-07-2026 06:34:53,"26,282.39",10-07-2026 05:29:11,"26,301.41",19.02
F01 - KOMATSU HD785-7,Equipment,First Entry,Last Entry,Net Hours,RD214,10-07-2026 06:18:11,"26,301.43",11-07-2026 05:26:28,"26,319.07",17.64
F01 - KOMATSU HD785-7,Equipment,First Entry,Last Entry,Net Hours,RD215,01-07-2026 06:41:38,"25,934.36",02-07-2026 05:27:55,"25,951.62",17.26
F01 - KOMATSU HD785-7,Equipment,First Entry,Last Entry,Net Hours,RD215,02-07-2026 06:42:55,"25,951.65",03-07-2026 05:31:13,"25,968.49",16.84
F01 - KOMATSU HD785-7,Equipment,First Entry,Last Entry,Net Hours,RD215,03-07-2026 06:30:13,"25,968.53",04-07-2026 05:25:13,"25,983.35",14.82
F01 - KOMATSU HD785-7,Equipment,First Entry,Last Entry,Net Hours,RD215,04-07-2026 10:36:45,"25,983.36",05-07-2026 05:30:58,"25,988.73",5.37
F01 - KOMATSU HD785-7,Equipment,First Entry,Last Entry,Net Hours,RD215,05-07-2026 06:27:58,"25,988.75",06-07-2026 05:30:16,"26,007.20",18.45
F01 - KOMATSU HD785-7,Equipment,First Entry,Last Entry,Net Hours,RD215,06-07-2026 06:31:16,"26,007.24",07-07-2026 05:06:15,"26,022.11",14.87
F01 - KOMATSU HD785-7,Equipment,First Entry,Last Entry,Net Hours,RD215,07-07-2026 06:40:16,"26,022.13",08-07-2026 05:25:30,"26,038.54",16.41
F01 - KOMATSU HD785-7,Equipment,First Entry,Last Entry,Net Hours,RD215,08-07-2026 06:27:30,"26,038.57",09-07-2026 05:37:11,"26,055.62",17.05
F01 - KOMATSU HD785-7,Equipment,First Entry,Last Entry,Net Hours,RD215,09-07-2026 06:20:11,"26,055.64",10-07-2026 05:32:29,"26,074.77",19.13
F01 - KOMATSU HD785-7,Equipment,First Entry,Last Entry,Net Hours,RD215,10-07-2026 06:33:29,"26,074.77",11-07-2026 05:27:46,"26,092.60",17.83
F01 - KOMATSU HD785-7,Equipment,First Entry,Last Entry,Net Hours,RD216,01-07-2026 06:43:06,"26,276.28",02-07-2026 05:29:48,"26,293.01",16.73
F01 - KOMATSU HD785-7,Equipment,First Entry,Last Entry,Net Hours,RD216,02-07-2026 06:36:39,"26,293.06",03-07-2026 05:25:09,"26,312.23",19.17
F01 - KOMATSU HD785-7,Equipment,First Entry,Last Entry,Net Hours,RD216,03-07-2026 06:40:29,"26,312.27",04-07-2026 05:27:02,"26,328.20",15.93
F01 - KOMATSU HD785-7,Equipment,First Entry,Last Entry,Net Hours,RD216,04-07-2026 06:33:36,"26,328.25",05-07-2026 05:26:41,"26,344.96",16.71
F01 - KOMATSU HD785-7,Equipment,First Entry,Last Entry,Net Hours,RD216,05-07-2026 06:39:24,"26,344.99",06-07-2026 05:18:13,"26,362.81",17.82
F01 - KOMATSU HD785-7,Equipment,First Entry,Last Entry,Net Hours,RD216,06-07-2026 06:32:28,"26,362.84",07-07-2026 05:01:15,"26,378.85",16.01
F01 - KOMATSU HD785-7,Equipment,First Entry,Last Entry,Net Hours,RD216,07-07-2026 06:45:57,"26,378.87",08-07-2026 05:29:00,"26,395.65",16.78
F01 - KOMATSU HD785-7,Equipment,First Entry,Last Entry,Net Hours,RD216,08-07-2026 06:39:46,"26,395.69",09-07-2026 05:21:40,"26,413.20",17.51
F01 - KOMATSU HD785-7,Equipment,First Entry,Last Entry,Net Hours,RD216,09-07-2026 06:36:23,"26,413.27",10-07-2026 05:31:42,"26,430.49",17.22
F01 - KOMATSU HD785-7,Equipment,First Entry,Last Entry,Net Hours,RD216,10-07-2026 06:34:14,"26,430.52",11-07-2026 05:21:42,"26,441.35",10.83
F01 - KOMATSU HD785-7,Equipment,First Entry,Last Entry,Net Hours,RD217,01-07-2026 06:02:46,"26,704.45",02-07-2026 05:57:03,"26,728.35",23.90
F01 - KOMATSU HD785-7,Equipment,First Entry,Last Entry,Net Hours,RD217,02-07-2026 06:00:03,"26,728.40",03-07-2026 05:57:22,"26,752.35",23.95
F01 - KOMATSU HD785-7,Equipment,First Entry,Last Entry,Net Hours,RD217,03-07-2026 06:00:22,"26,752.40",04-07-2026 05:57:39,"26,776.35",23.95
F01 - KOMATSU HD785-7,Equipment,First Entry,Last Entry,Net Hours,RD217,04-07-2026 06:00:39,"26,776.40",05-07-2026 05:57:55,"26,800.35",23.95
F01 - KOMATSU HD785-7,Equipment,First Entry,Last Entry,Net Hours,RD217,05-07-2026 06:00:55,"26,800.40",06-07-2026 05:58:13,"26,824.35",23.95
F01 - KOMATSU HD785-7,Equipment,First Entry,Last Entry,Net Hours,RD217,06-07-2026 06:01:13,"26,824.40",07-07-2026 05:58:29,"26,848.35",23.95
F01 - KOMATSU HD785-7,Equipment,First Entry,Last Entry,Net Hours,RD217,07-07-2026 06:01:29,"26,848.40",08-07-2026 05:58:48,"26,872.35",23.95
F01 - KOMATSU HD785-7,Equipment,First Entry,Last Entry,Net Hours,RD217,08-07-2026 06:01:48,"26,872.40",09-07-2026 05:58:30,"26,896.35",23.95
F01 - KOMATSU HD785-7,Equipment,First Entry,Last Entry,Net Hours,RD217,09-07-2026 06:01:30,"26,896.40",10-07-2026 05:58:48,"26,920.35",23.95
F01 - KOMATSU HD785-7,Equipment,First Entry,Last Entry,Net Hours,RD217,10-07-2026 06:01:48,"26,920.40",11-07-2026 05:59:05,"26,944.35",23.95
F01 - KOMATSU HD785-7,Equipment,First Entry,Last Entry,Net Hours,RD218,01-07-2026 06:48:10,"22,792.74",02-07-2026 05:32:35,"22,810.10",17.36
F01 - KOMATSU HD785-7,Equipment,First Entry,Last Entry,Net Hours,RD218,02-07-2026 06:35:35,"22,810.12",03-07-2026 05:29:00,"22,826.97",16.85
F01 - KOMATSU HD785-7,Equipment,First Entry,Last Entry,Net Hours,RD218,03-07-2026 07:16:01,"22,827.02",04-07-2026 05:26:23,"22,841.87",14.85
F01 - KOMATSU HD785-7,Equipment,First Entry,Last Entry,Net Hours,RD218,04-07-2026 06:31:24,"22,841.89",05-07-2026 01:44:43,"22,855.13",13.24
F01 - KOMATSU HD785-7,Equipment,First Entry,Last Entry,Net Hours,RD218,05-07-2026 06:50:45,"22,855.17",06-07-2026 03:34:06,"22,869.52",14.35
F01 - KOMATSU HD785-7,Equipment,First Entry,Last Entry,Net Hours,RD218,06-07-2026 07:18:08,"22,869.54",07-07-2026 05:22:28,"22,883.57",14.03
F01 - KOMATSU HD785-7,Equipment,First Entry,Last Entry,Net Hours,RD218,07-07-2026 06:46:29,"22,883.60",08-07-2026 05:28:36,"22,897.94",14.34
F01 - KOMATSU HD785-7,Equipment,First Entry,Last Entry,Net Hours,RD218,08-07-2026 06:33:36,"22,897.96",09-07-2026 05:25:16,"22,915.56",17.60
F01 - KOMATSU HD785-7,Equipment,First Entry,Last Entry,Net Hours,RD218,09-07-2026 06:24:16,"22,915.57",10-07-2026 05:28:32,"22,930.21",14.64
F01 - KOMATSU HD785-7,Equipment,First Entry,Last Entry,Net Hours,RD218,10-07-2026 06:31:32,"22,930.23",11-07-2026 05:21:46,"22,946.56",16.33
F01 - KOMATSU HD785-7,Equipment,First Entry,Last Entry,Net Hours,RD219,01-07-2026 06:48:21,"25,905.43",02-07-2026 05:33:38,"25,922.59",17.16
F01 - KOMATSU HD785-7,Equipment,First Entry,Last Entry,Net Hours,RD219,02-07-2026 06:41:39,"25,922.60",03-07-2026 05:24:57,"25,940.84",18.24
F01 - KOMATSU HD785-7,Equipment,First Entry,Last Entry,Net Hours,RD219,03-07-2026 06:46:58,"25,940.88",04-07-2026 05:24:13,"25,955.24",14.36
F01 - KOMATSU HD785-7,Equipment,First Entry,Last Entry,Net Hours,RD219,04-07-2026 06:39:14,"25,955.26",05-07-2026 05:25:30,"25,973.34",18.08
F01 - KOMATSU HD785-7,Equipment,First Entry,Last Entry,Net Hours,RD219,05-07-2026 06:26:30,"25,973.36",06-07-2026 05:23:46,"25,988.29",14.93
F01 - KOMATSU HD785-7,Equipment,First Entry,Last Entry,Net Hours,RD219,06-07-2026 06:36:46,"25,988.30",07-07-2026 05:02:03,"26,003.49",15.19
F01 - KOMATSU HD785-7,Equipment,First Entry,Last Entry,Net Hours,RD219,07-07-2026 06:37:04,"26,003.49",08-07-2026 05:24:21,"26,020.73",17.24
F01 - KOMATSU HD785-7,Equipment,First Entry,Last Entry,Net Hours,RD219,08-07-2026 06:32:21,"26,020.76",09-07-2026 05:19:02,"26,036.75",15.99
F01 - KOMATSU HD785-7,Equipment,First Entry,Last Entry,Net Hours,RD219,09-07-2026 07:58:03,"26,036.78",10-07-2026 05:18:16,"26,053.13",16.35
F01 - KOMATSU HD785-7,Equipment,First Entry,Last Entry,Net Hours,RD219,10-07-2026 06:23:16,"26,053.16",11-07-2026 05:26:23,"26,069.66",16.50
F01 - KOMATSU HD785-7,Equipment,First Entry,Last Entry,Net Hours,RD220,01-07-2026 06:02:29,"25,241.06",02-07-2026 05:58:50,"25,262.74",21.68
F01 - KOMATSU HD785-7,Equipment,First Entry,Last Entry,Net Hours,RD220,02-07-2026 06:01:50,"25,262.79",03-07-2026 05:59:08,"25,286.74",23.95
F01 - KOMATSU HD785-7,Equipment,First Entry,Last Entry,Net Hours,RD220,03-07-2026 06:02:08,"25,286.79",04-07-2026 05:59:26,"25,310.74",23.95
F01 - KOMATSU HD785-7,Equipment,First Entry,Last Entry,Net Hours,RD220,04-07-2026 06:02:26,"25,310.79",05-07-2026 05:59:44,"25,334.74",23.95
F01 - KOMATSU HD785-7,Equipment,First Entry,Last Entry,Net Hours,RD220,05-07-2026 06:02:43,"25,334.79",06-07-2026 05:57:01,"25,358.69",23.90
F01 - KOMATSU HD785-7,Equipment,First Entry,Last Entry,Net Hours,RD220,06-07-2026 06:00:01,"25,358.74",07-07-2026 05:57:18,"25,382.69",23.95
F01 - KOMATSU HD785-7,Equipment,First Entry,Last Entry,Net Hours,RD220,07-07-2026 06:00:18,"25,382.74",08-07-2026 05:57:36,"25,406.69",23.95
F01 - KOMATSU HD785-7,Equipment,First Entry,Last Entry,Net Hours,RD220,08-07-2026 06:00:36,"25,406.74",08-07-2026 23:14:03,"25,409.08",2.34
F01 - KOMATSU HD785-7,Equipment,First Entry,Last Entry,Net Hours,RD220,09-07-2026 10:18:48,"25,409.11",10-07-2026 05:57:30,"25,428.05",18.94
F01 - KOMATSU HD785-7,Equipment,First Entry,Last Entry,Net Hours,RD220,10-07-2026 06:00:30,"25,428.10",11-07-2026 05:59:12,"25,451.40",23.30
F01 - KOMATSU HD785-7,Equipment,First Entry,Last Entry,Net Hours,RD221,01-07-2026 06:02:18,"23,221.35",02-07-2026 05:57:31,"23,245.23",23.88
F01 - KOMATSU HD785-7,Equipment,First Entry,Last Entry,Net Hours,RD221,02-07-2026 06:00:31,"23,245.28",03-07-2026 05:59:44,"23,261.31",16.03
F01 - KOMATSU HD785-7,Equipment,First Entry,Last Entry,Net Hours,RD221,03-07-2026 06:02:44,"23,261.36",04-07-2026 05:57:01,"23,285.26",23.90
F01 - KOMATSU HD785-7,Equipment,First Entry,Last Entry,Net Hours,RD221,04-07-2026 06:00:01,"23,285.31",05-07-2026 05:57:18,"23,309.26",23.95
F01 - KOMATSU HD785-7,Equipment,First Entry,Last Entry,Net Hours,RD221,05-07-2026 06:00:19,"23,309.31",06-07-2026 05:59:05,"23,333.04",23.73
F01 - KOMATSU HD785-7,Equipment,First Entry,Last Entry,Net Hours,RD221,06-07-2026 06:02:05,"23,333.09",07-07-2026 05:59:23,"23,357.04",23.95
F01 - KOMATSU HD785-7,Equipment,First Entry,Last Entry,Net Hours,RD221,07-07-2026 06:02:23,"23,357.09",08-07-2026 05:57:33,"23,380.14",23.05
F01 - KOMATSU HD785-7,Equipment,First Entry,Last Entry,Net Hours,RD221,08-07-2026 06:00:33,"23,380.19",09-07-2026 05:57:15,"23,404.14",23.95
F01 - KOMATSU HD785-7,Equipment,First Entry,Last Entry,Net Hours,RD221,09-07-2026 06:00:15,"23,404.19",10-07-2026 05:57:33,"23,428.14",23.95
F01 - KOMATSU HD785-7,Equipment,First Entry,Last Entry,Net Hours,RD221,10-07-2026 06:00:33,"23,428.19",11-07-2026 05:57:50,"23,452.14",23.95
F01 - KOMATSU HD785-7,Equipment,First Entry,Last Entry,Net Hours,RD222,01-07-2026 06:41:54,"24,081.27",02-07-2026 05:33:18,"24,098.40",17.13
F01 - KOMATSU HD785-7,Equipment,First Entry,Last Entry,Net Hours,RD222,02-07-2026 06:43:19,"24,098.43",03-07-2026 05:25:45,"24,116.36",17.93
F01 - KOMATSU HD785-7,Equipment,First Entry,Last Entry,Net Hours,RD222,03-07-2026 06:32:45,"24,116.37",04-07-2026 05:24:09,"24,130.96",14.59
F01 - KOMATSU HD785-7,Equipment,First Entry,Last Entry,Net Hours,RD222,04-07-2026 06:32:10,"24,131.01",05-07-2026 05:26:35,"24,149.21",18.20
F01 - KOMATSU HD785-7,Equipment,First Entry,Last Entry,Net Hours,RD222,05-07-2026 08:05:37,"24,149.25",06-07-2026 05:37:01,"24,165.10",15.85
F01 - KOMATSU HD785-7,Equipment,First Entry,Last Entry,Net Hours,RD222,06-07-2026 06:46:02,"24,165.13",07-07-2026 04:59:26,"24,181.53",16.40
F01 - KOMATSU HD785-7,Equipment,First Entry,Last Entry,Net Hours,RD222,07-07-2026 06:41:27,"24,181.54",08-07-2026 05:16:52,"24,198.62",17.08
F01 - KOMATSU HD785-7,Equipment,First Entry,Last Entry,Net Hours,RD222,08-07-2026 06:37:53,"24,198.65",09-07-2026 05:25:41,"24,215.65",17.00
F01 - KOMATSU HD785-7,Equipment,First Entry,Last Entry,Net Hours,RD222,09-07-2026 06:28:42,"24,215.70",10-07-2026 05:19:18,"24,231.78",16.08
F01 - KOMATSU HD785-7,Equipment,First Entry,Last Entry,Net Hours,RD222,10-07-2026 07:04:18,"24,231.83",11-07-2026 05:26:39,"24,247.38",15.55
F01 - KOMATSU HD785-7,Equipment,First Entry,Last Entry,Net Hours,RD223,01-07-2026 06:41:41,"1,89,779.49",02-07-2026 05:29:02,"1,89,794.87",15.38
F01 - KOMATSU HD785-7,Equipment,First Entry,Last Entry,Net Hours,RD223,02-07-2026 06:36:04,"1,89,794.89",03-07-2026 05:37:20,"1,89,813.46",18.57
F01 - KOMATSU HD785-7,Equipment,First Entry,Last Entry,Net Hours,RD223,03-07-2026 08:47:22,"1,89,813.50",04-07-2026 05:32:37,"1,89,827.68",14.18
F01 - KOMATSU HD785-7,Equipment,First Entry,Last Entry,Net Hours,RD223,04-07-2026 06:33:38,"1,89,827.69",05-07-2026 05:32:57,"1,89,847.13",19.44
F01 - KOMATSU HD785-7,Equipment,First Entry,Last Entry,Net Hours,RD223,05-07-2026 06:41:58,"1,89,847.13",06-07-2026 05:12:14,"1,89,862.73",15.60
F01 - KOMATSU HD785-7,Equipment,First Entry,Last Entry,Net Hours,RD223,06-07-2026 06:36:15,"1,89,862.78",07-07-2026 05:13:29,"1,89,877.84",15.06
F01 - KOMATSU HD785-7,Equipment,First Entry,Last Entry,Net Hours,RD223,07-07-2026 06:45:30,"1,89,877.86",08-07-2026 05:25:44,"1,89,892.91",15.05
F01 - KOMATSU HD785-7,Equipment,First Entry,Last Entry,Net Hours,RD223,08-07-2026 06:39:44,"1,89,892.96",09-07-2026 05:30:24,"1,89,906.38",13.42
F01 - KOMATSU HD785-7,Equipment,First Entry,Last Entry,Net Hours,RD223,09-07-2026 06:27:24,"1,89,906.39",10-07-2026 05:21:24,"1,89,920.08",13.69
F01 - KOMATSU HD785-7,Equipment,First Entry,Last Entry,Net Hours,RD223,10-07-2026 06:34:24,"1,89,920.10",11-07-2026 05:26:47,"1,89,933.78",13.68
F01 - KOMATSU HD785-7,Equipment,First Entry,Last Entry,Net Hours,RD224,01-07-2026 06:44:04,"55,783.26",02-07-2026 05:29:20,"55,799.24",15.98
F01 - KOMATSU HD785-7,Equipment,First Entry,Last Entry,Net Hours,RD224,02-07-2026 06:38:20,"55,799.26",03-07-2026 05:27:08,"55,816.84",17.58
F01 - KOMATSU HD785-7,Equipment,First Entry,Last Entry,Net Hours,RD224,03-07-2026 06:38:08,"55,816.88",04-07-2026 05:27:24,"55,833.58",16.70
F01 - KOMATSU HD785-7,Equipment,First Entry,Last Entry,Net Hours,RD224,04-07-2026 06:33:25,"55,833.58",05-07-2026 05:25:41,"55,851.60",18.02
F01 - KOMATSU HD785-7,Equipment,First Entry,Last Entry,Net Hours,RD224,05-07-2026 06:28:41,"55,851.60",06-07-2026 05:32:59,"55,869.21",17.61
F01 - KOMATSU HD785-7,Equipment,First Entry,Last Entry,Net Hours,RD224,06-07-2026 06:30:59,"55,869.21",07-07-2026 05:27:12,"55,883.75",14.54
F01 - KOMATSU HD785-7,Equipment,First Entry,Last Entry,Net Hours,RD224,07-07-2026 06:46:12,"55,883.78",08-07-2026 05:21:27,"55,900.39",16.61
F01 - KOMATSU HD785-7,Equipment,First Entry,Last Entry,Net Hours,RD224,08-07-2026 06:30:27,"55,900.43",09-07-2026 05:21:06,"55,916.70",16.27
F01 - KOMATSU HD785-7,Equipment,First Entry,Last Entry,Net Hours,RD224,09-07-2026 07:57:06,"55,916.71",10-07-2026 05:24:22,"55,933.00",16.29
F01 - KOMATSU HD785-7,Equipment,First Entry,Last Entry,Net Hours,RD224,10-07-2026 06:35:23,"55,933.01",11-07-2026 05:15:28,"55,949.22",16.21
F01 - KOMATSU HD785-7,Equipment,First Entry,Last Entry,Net Hours,RD225,01-07-2026 07:09:51,"24,269.36",01-07-2026 20:45:12,"24,269.72",0.36
F01 - KOMATSU HD785-7,Equipment,First Entry,Last Entry,Net Hours,RD225,02-07-2026 20:23:31,"24,269.73",03-07-2026 05:30:23,"24,275.06",5.33
F01 - KOMATSU HD785-7,Equipment,First Entry,Last Entry,Net Hours,RD225,03-07-2026 07:13:24,"24,275.07",04-07-2026 05:26:46,"24,289.23",14.16
F01 - KOMATSU HD785-7,Equipment,First Entry,Last Entry,Net Hours,RD225,04-07-2026 06:32:47,"24,289.25",05-07-2026 05:27:10,"24,307.14",17.89
F01 - KOMATSU HD785-7,Equipment,First Entry,Last Entry,Net Hours,RD225,05-07-2026 06:40:11,"24,307.16",05-07-2026 20:29:04,"24,312.98",5.82
F01 - KOMATSU HD785-7,Equipment,First Entry,Last Entry,Net Hours,RD225,06-07-2026 08:23:10,"24,313.03",06-07-2026 22:52:09,"24,314.32",1.29
F01 - KOMATSU HD785-7,Equipment,First Entry,Last Entry,Net Hours,RD225,07-07-2026 09:47:14,"24,314.37",08-07-2026 05:20:09,"24,319.54",5.17
F01 - KOMATSU HD785-7,Equipment,First Entry,Last Entry,Net Hours,RD225,08-07-2026 06:34:09,"24,319.58",09-07-2026 05:18:43,"24,327.14",7.56
F01 - KOMATSU HD785-7,Equipment,First Entry,Last Entry,Net Hours,RD225,09-07-2026 06:26:43,"24,327.15",10-07-2026 05:32:04,"24,344.46",17.31
F01 - KOMATSU HD785-7,Equipment,First Entry,Last Entry,Net Hours,RD225,10-07-2026 06:34:06,"24,344.51",11-07-2026 05:58:25,"24,361.06",16.55
F01 - KOMATSU HD785-7,Equipment,First Entry,Last Entry,Net Hours,RD226,01-07-2026 06:35:58,"21,408.18",02-07-2026 05:32:12,"21,423.13",14.95
F01 - KOMATSU HD785-7,Equipment,First Entry,Last Entry,Net Hours,RD226,02-07-2026 06:46:12,"21,423.15",03-07-2026 05:23:15,"21,440.08",16.93
F01 - KOMATSU HD785-7,Equipment,First Entry,Last Entry,Net Hours,RD226,03-07-2026 06:52:15,"21,440.12",04-07-2026 05:23:38,"21,456.83",16.71
F01 - KOMATSU HD785-7,Equipment,First Entry,Last Entry,Net Hours,RD226,04-07-2026 06:25:38,"21,456.87",05-07-2026 05:29:17,"21,474.77",17.90
F01 - KOMATSU HD785-7,Equipment,First Entry,Last Entry,Net Hours,RD226,05-07-2026 06:46:17,"21,474.81",06-07-2026 05:23:30,"21,492.04",17.23
F01 - KOMATSU HD785-7,Equipment,First Entry,Last Entry,Net Hours,RD226,06-07-2026 06:33:31,"21,492.07",07-07-2026 05:20:18,"21,505.72",13.65
F01 - KOMATSU HD785-7,Equipment,First Entry,Last Entry,Net Hours,RD226,07-07-2026 07:19:19,"21,505.73",08-07-2026 05:31:51,"21,521.14",15.41
F01 - KOMATSU HD785-7,Equipment,First Entry,Last Entry,Net Hours,RD226,08-07-2026 06:49:52,"21,521.19",09-07-2026 05:25:56,"21,539.43",18.24
F01 - KOMATSU HD785-7,Equipment,First Entry,Last Entry,Net Hours,RD226,09-07-2026 06:39:57,"21,539.46",10-07-2026 05:25:24,"21,555.64",16.18
F01 - KOMATSU HD785-7,Equipment,First Entry,Last Entry,Net Hours,RD226,10-07-2026 06:32:25,"21,555.66",11-07-2026 05:37:38,"21,573.13",17.47
F01 - KOMATSU HD785-7,Equipment,First Entry,Last Entry,Net Hours,RD227,01-07-2026 06:38:18,"55,735.99",02-07-2026 05:28:37,"55,755.63",19.64
F01 - KOMATSU HD785-7,Equipment,First Entry,Last Entry,Net Hours,RD227,02-07-2026 14:37:55,"55,755.67",03-07-2026 05:38:24,"55,767.40",11.73
F01 - KOMATSU HD785-7,Equipment,First Entry,Last Entry,Net Hours,RD227,03-07-2026 06:41:24,"55,767.42",04-07-2026 05:40:44,"55,782.08",14.66
F01 - KOMATSU HD785-7,Equipment,First Entry,Last Entry,Net Hours,RD227,04-07-2026 06:23:45,"55,782.09",05-07-2026 05:36:03,"55,798.67",16.58
F01 - KOMATSU HD785-7,Equipment,First Entry,Last Entry,Net Hours,RD227,05-07-2026 07:12:04,"55,798.69",06-07-2026 05:27:21,"55,810.40",11.71
F01 - KOMATSU HD785-7,Equipment,First Entry,Last Entry,Net Hours,RD227,06-07-2026 06:40:22,"55,810.43",07-07-2026 05:20:29,"55,823.23",12.80
F01 - KOMATSU HD785-7,Equipment,First Entry,Last Entry,Net Hours,RD227,07-07-2026 07:53:42,"55,823.25",08-07-2026 05:31:21,"55,840.31",17.06
F01 - KOMATSU HD785-7,Equipment,First Entry,Last Entry,Net Hours,RD227,08-07-2026 07:19:22,"55,840.33",09-07-2026 05:24:01,"55,858.56",18.23
F01 - KOMATSU HD785-7,Equipment,First Entry,Last Entry,Net Hours,RD227,09-07-2026 06:37:02,"55,858.59",10-07-2026 05:34:54,"55,876.27",17.68
F01 - KOMATSU HD785-7,Equipment,First Entry,Last Entry,Net Hours,RD227,10-07-2026 07:35:37,"55,876.30",11-07-2026 05:27:06,"55,891.91",15.61
F01 - KOMATSU HD785-7,Equipment,First Entry,Last Entry,Net Hours,RD228,01-07-2026 06:26:20,"23,302.07",02-07-2026 05:20:00,"23,321.31",19.24
F01 - KOMATSU HD785-7,Equipment,First Entry,Last Entry,Net Hours,RD228,02-07-2026 06:26:01,"23,321.35",03-07-2026 05:17:12,"23,339.96",18.61
F01 - KOMATSU HD785-7,Equipment,First Entry,Last Entry,Net Hours,RD228,03-07-2026 06:26:12,"23,339.96",04-07-2026 05:34:20,"23,359.60",19.64
F01 - KOMATSU HD785-7,Equipment,First Entry,Last Entry,Net Hours,RD228,04-07-2026 06:21:20,"23,359.65",05-07-2026 05:32:35,"23,377.64",17.99
F01 - KOMATSU HD785-7,Equipment,First Entry,Last Entry,Net Hours,RD228,05-07-2026 07:09:36,"23,377.68",06-07-2026 04:00:12,"23,378.42",0.74
F01 - KOMATSU HD785-7,Equipment,First Entry,Last Entry,Net Hours,RD228,06-07-2026 09:48:13,"23,378.45",07-07-2026 03:54:57,"23,379.78",1.33
F01 - KOMATSU HD785-7,Equipment,First Entry,Last Entry,Net Hours,RD228,07-07-2026 08:49:44,"23,379.81",08-07-2026 05:27:34,"23,395.65",15.84
F01 - KOMATSU HD785-7,Equipment,First Entry,Last Entry,Net Hours,RD228,08-07-2026 06:46:35,"23,395.66",09-07-2026 05:17:15,"23,413.03",17.37
F01 - KOMATSU HD785-7,Equipment,First Entry,Last Entry,Net Hours,RD228,09-07-2026 06:34:15,"23,413.04",10-07-2026 05:58:29,"23,430.62",17.58
F01 - KOMATSU HD785-7,Equipment,First Entry,Last Entry,Net Hours,RD228,10-07-2026 06:01:29,"23,430.67",11-07-2026 05:35:49,"23,449.95",19.28
F01 - KOMATSU HD785-7,Equipment,First Entry,Last Entry,Net Hours,RD229,01-07-2026 06:30:57,"1,92,573.56",02-07-2026 05:25:48,"1,92,590.13",16.57
F01 - KOMATSU HD785-7,Equipment,First Entry,Last Entry,Net Hours,RD229,02-07-2026 06:19:49,"1,92,590.17",03-07-2026 05:34:04,"1,92,608.36",18.19
F01 - KOMATSU HD785-7,Equipment,First Entry,Last Entry,Net Hours,RD229,03-07-2026 06:30:05,"1,92,608.38",04-07-2026 05:03:41,"1,92,622.71",14.33
F01 - KOMATSU HD785-7,Equipment,First Entry,Last Entry,Net Hours,RD229,04-07-2026 06:29:41,"1,92,622.74",04-07-2026 19:53:18,"1,92,630.22",7.48
F01 - KOMATSU HD785-7,Equipment,First Entry,Last Entry,Net Hours,RD229,05-07-2026 09:29:20,"1,92,631.07",06-07-2026 00:57:41,"1,92,637.90",6.83
F01 - KOMATSU HD785-7,Equipment,First Entry,Last Entry,Net Hours,RD229,06-07-2026 06:36:44,"1,92,637.90",07-07-2026 05:24:59,"1,92,656.72",18.82
F01 - KOMATSU HD785-7,Equipment,First Entry,Last Entry,Net Hours,RD229,07-07-2026 06:38:00,"1,92,656.74",08-07-2026 05:31:35,"1,92,666.10",9.36
F01 - KOMATSU HD785-7,Equipment,First Entry,Last Entry,Net Hours,RD229,08-07-2026 07:04:35,"1,92,666.11",09-07-2026 05:57:11,"1,92,684.74",18.63
F01 - KOMATSU HD785-7,Equipment,First Entry,Last Entry,Net Hours,RD229,09-07-2026 06:00:11,"1,92,684.79",10-07-2026 05:27:49,"1,92,701.39",16.60
F01 - KOMATSU HD785-7,Equipment,First Entry,Last Entry,Net Hours,RD229,10-07-2026 06:37:49,"1,92,701.40",11-07-2026 03:10:01,"1,92,713.34",11.94
F01 - KOMATSU HD785-7,Equipment,First Entry,Last Entry,Net Hours,RD230,01-07-2026 06:28:07,"16,929.95",01-07-2026 15:32:11,"16,936.79",6.84
F01 - KOMATSU HD785-7,Equipment,First Entry,Last Entry,Net Hours,RD230,02-07-2026 11:13:17,"16,937.04",03-07-2026 05:38:57,"16,951.38",14.34
F01 - KOMATSU HD785-7,Equipment,First Entry,Last Entry,Net Hours,RD230,03-07-2026 06:28:00,"16,951.38",04-07-2026 05:18:21,"16,969.50",18.12
F01 - KOMATSU HD785-7,Equipment,First Entry,Last Entry,Net Hours,RD230,04-07-2026 06:27:23,"16,969.53",05-07-2026 05:31:05,"16,985.98",16.45
F01 - KOMATSU HD785-7,Equipment,First Entry,Last Entry,Net Hours,RD230,05-07-2026 06:55:06,"16,986.03",06-07-2026 05:31:54,"17,002.21",16.18
F01 - KOMATSU HD785-7,Equipment,First Entry,Last Entry,Net Hours,RD230,06-07-2026 09:35:58,"17,002.22",06-07-2026 23:27:52,"17,012.93",10.71
F01 - KOMATSU HD785-7,Equipment,First Entry,Last Entry,Net Hours,RD230,07-07-2026 18:45:19,"17,013.25",08-07-2026 05:39:51,"17,019.71",6.46
F01 - KOMATSU HD785-7,Equipment,First Entry,Last Entry,Net Hours,RD230,08-07-2026 07:09:52,"17,019.72",09-07-2026 05:42:14,"17,036.85",17.13
F01 - KOMATSU HD785-7,Equipment,First Entry,Last Entry,Net Hours,RD230,09-07-2026 07:18:16,"17,036.86",10-07-2026 05:59:08,"17,052.99",16.13
F01 - KOMATSU HD785-7,Equipment,First Entry,Last Entry,Net Hours,RD230,10-07-2026 06:02:08,"17,053.04",11-07-2026 05:36:16,"17,072.66",19.62
F01 - KOMATSU HD785-7,Equipment,First Entry,Last Entry,Net Hours,RD231,01-07-2026 06:30:22,"17,240.62",02-07-2026 05:10:59,"17,252.36",11.74
F01 - KOMATSU HD785-7,Equipment,First Entry,Last Entry,Net Hours,RD231,02-07-2026 06:27:00,"17,252.39",03-07-2026 05:16:34,"17,269.66",17.27
F01 - KOMATSU HD785-7,Equipment,First Entry,Last Entry,Net Hours,RD231,03-07-2026 07:35:36,"17,269.68",04-07-2026 05:34:31,"17,281.33",11.65
F01 - KOMATSU HD785-7,Equipment,First Entry,Last Entry,Net Hours,RD231,04-07-2026 06:33:31,"17,281.37",05-07-2026 05:33:33,"17,297.10",15.73
F01 - KOMATSU HD785-7,Equipment,First Entry,Last Entry,Net Hours,RD231,05-07-2026 06:30:33,"17,297.14",06-07-2026 05:32:37,"17,312.92",15.78
F01 - KOMATSU HD785-7,Equipment,First Entry,Last Entry,Net Hours,RD231,06-07-2026 09:35:39,"17,312.96",07-07-2026 05:34:05,"17,329.20",16.24
F01 - KOMATSU HD785-7,Equipment,First Entry,Last Entry,Net Hours,RD231,07-07-2026 07:14:06,"17,329.22",08-07-2026 05:27:23,"17,345.89",16.67
F01 - KOMATSU HD785-7,Equipment,First Entry,Last Entry,Net Hours,RD231,08-07-2026 07:22:24,"17,345.92",09-07-2026 05:28:51,"17,360.84",14.92
F01 - KOMATSU HD785-7,Equipment,First Entry,Last Entry,Net Hours,RD231,09-07-2026 06:40:51,"17,360.85",10-07-2026 01:21:23,"17,374.69",13.84
F01 - KOMATSU HD785-7,Equipment,First Entry,Last Entry,Net Hours,RD231,10-07-2026 06:44:25,"17,374.73",11-07-2026 05:34:45,"17,386.83",12.10
F01 - KOMATSU HD785-7,Equipment,First Entry,Last Entry,Net Hours,RD232,01-07-2026 06:23:48,"29,814.06",02-07-2026 05:35:19,"29,834.18",20.12
F01 - KOMATSU HD785-7,Equipment,First Entry,Last Entry,Net Hours,RD232,02-07-2026 06:34:19,"29,834.22",03-07-2026 05:36:20,"29,852.87",18.65
F01 - KOMATSU HD785-7,Equipment,First Entry,Last Entry,Net Hours,RD232,03-07-2026 06:36:21,"29,852.89",04-07-2026 05:35:44,"29,868.36",15.47
F01 - KOMATSU HD785-7,Equipment,First Entry,Last Entry,Net Hours,RD232,04-07-2026 06:20:44,"29,868.39",05-07-2026 05:35:19,"29,887.46",19.07
F01 - KOMATSU HD785-7,Equipment,First Entry,Last Entry,Net Hours,RD232,05-07-2026 06:27:19,"29,887.49",06-07-2026 05:07:34,"29,899.37",11.88
F01 - KOMATSU HD785-7,Equipment,First Entry,Last Entry,Net Hours,RD232,06-07-2026 06:36:35,"29,899.42",07-07-2026 01:51:55,"29,904.25",4.83
F01 - KOMATSU HD785-7,Equipment,First Entry,Last Entry,Net Hours,RD232,07-07-2026 06:41:48,"29,904.30",08-07-2026 05:30:04,"29,922.40",18.10
F01 - KOMATSU HD785-7,Equipment,First Entry,Last Entry,Net Hours,RD232,08-07-2026 06:34:04,"29,922.43",09-07-2026 05:32:45,"29,941.05",18.62
F01 - KOMATSU HD785-7,Equipment,First Entry,Last Entry,Net Hours,RD232,09-07-2026 06:34:46,"29,941.08",10-07-2026 05:28:02,"29,958.78",17.70
F01 - KOMATSU HD785-7,Equipment,First Entry,Last Entry,Net Hours,RD232,10-07-2026 06:34:02,"29,958.83",11-07-2026 05:38:01,"29,976.01",17.18
F01 - KOMATSU HD785-7,Equipment,First Entry,Last Entry,Net Hours,RD233,01-07-2026 09:10:02,"15,206.30",02-07-2026 05:32:52,"15,214.01",7.71
F01 - KOMATSU HD785-7,Equipment,First Entry,Last Entry,Net Hours,RD233,02-07-2026 06:23:52,"15,214.05",03-07-2026 05:37:31,"15,232.78",18.73
F01 - KOMATSU HD785-7,Equipment,First Entry,Last Entry,Net Hours,RD233,03-07-2026 06:18:31,"15,232.82",04-07-2026 05:37:16,"15,251.26",18.44
F01 - KOMATSU HD785-7,Equipment,First Entry,Last Entry,Net Hours,RD233,04-07-2026 06:21:16,"15,251.30",05-07-2026 05:34:49,"15,270.21",18.91
F01 - KOMATSU HD785-7,Equipment,First Entry,Last Entry,Net Hours,RD233,05-07-2026 06:32:49,"15,270.23",06-07-2026 05:30:03,"15,287.75",17.52
F01 - KOMATSU HD785-7,Equipment,First Entry,Last Entry,Net Hours,RD233,06-07-2026 06:39:03,"15,287.78",07-07-2026 05:47:20,"15,305.60",17.82
F01 - KOMATSU HD785-7,Equipment,First Entry,Last Entry,Net Hours,RD233,07-07-2026 06:31:20,"15,305.63",08-07-2026 00:00:32,"15,317.25",11.62
F01 - KOMATSU HD785-7,Equipment,First Entry,Last Entry,Net Hours,RD233,08-07-2026 16:04:52,"15,317.26",09-07-2026 04:03:34,"15,318.22",0.96
F01 - KOMATSU HD785-7,Equipment,First Entry,Last Entry,Net Hours,RD233,09-07-2026 11:26:26,"15,318.51",10-07-2026 05:29:25,"15,322.40",3.89
F01 - KOMATSU HD785-7,Equipment,First Entry,Last Entry,Net Hours,RD233,10-07-2026 06:34:26,"15,322.41",11-07-2026 05:38:42,"15,341.93",19.52
F01 - KOMATSU HD785-7,Equipment,First Entry,Last Entry,Net Hours,RD234,01-07-2026 06:26:11,"15,254.61",02-07-2026 05:31:01,"15,272.67",18.06
F01 - KOMATSU HD785-7,Equipment,First Entry,Last Entry,Net Hours,RD234,02-07-2026 06:39:02,"15,272.69",03-07-2026 05:45:28,"15,291.79",19.10
F01 - KOMATSU HD785-7,Equipment,First Entry,Last Entry,Net Hours,RD234,03-07-2026 06:38:28,"15,291.82",04-07-2026 05:31:12,"15,307.30",15.48
F01 - KOMATSU HD785-7,Equipment,First Entry,Last Entry,Net Hours,RD234,04-07-2026 06:27:13,"15,307.34",05-07-2026 05:36:27,"15,325.13",17.79
F01 - KOMATSU HD785-7,Equipment,First Entry,Last Entry,Net Hours,RD234,05-07-2026 11:48:29,"15,325.13",06-07-2026 02:57:16,"15,328.38",3.25
F01 - KOMATSU HD785-7,Equipment,First Entry,Last Entry,Net Hours,RD234,06-07-2026 06:56:17,"15,328.42",07-07-2026 05:42:34,"15,341.70",13.28
F01 - KOMATSU HD785-7,Equipment,First Entry,Last Entry,Net Hours,RD234,07-07-2026 06:44:35,"15,341.70",08-07-2026 05:23:35,"15,356.50",14.80
F01 - KOMATSU HD785-7,Equipment,First Entry,Last Entry,Net Hours,RD234,08-07-2026 06:52:36,"15,356.53",09-07-2026 05:57:16,"15,375.68",19.15
F01 - KOMATSU HD785-7,Equipment,First Entry,Last Entry,Net Hours,RD234,09-07-2026 06:00:16,"15,375.73",10-07-2026 05:29:47,"15,390.85",15.12
F01 - KOMATSU HD785-7,Equipment,First Entry,Last Entry,Net Hours,RD234,10-07-2026 07:25:48,"15,390.85",11-07-2026 05:27:31,"15,406.24",15.39
F01 - KOMATSU HD785-7,Equipment,First Entry,Last Entry,Net Hours,RD235,01-07-2026 06:30:34,"22,811.00",02-07-2026 05:33:49,"22,831.50",20.50
F01 - KOMATSU HD785-7,Equipment,First Entry,Last Entry,Net Hours,RD235,02-07-2026 06:34:49,"22,831.51",03-07-2026 05:29:04,"22,851.02",19.51
F01 - KOMATSU HD785-7,Equipment,First Entry,Last Entry,Net Hours,RD235,03-07-2026 06:33:04,"22,851.04",04-07-2026 05:12:18,"22,868.45",17.41
F01 - KOMATSU HD785-7,Equipment,First Entry,Last Entry,Net Hours,RD235,04-07-2026 06:40:49,"22,868.46",05-07-2026 05:31:56,"22,886.26",17.80
F01 - KOMATSU HD785-7,Equipment,First Entry,Last Entry,Net Hours,RD235,05-07-2026 06:31:56,"22,886.28",06-07-2026 05:49:36,"22,904.03",17.75
F01 - KOMATSU HD785-7,Equipment,First Entry,Last Entry,Net Hours,RD235,06-07-2026 06:34:37,"22,904.05",07-07-2026 05:25:22,"22,916.41",12.36
F01 - KOMATSU HD785-7,Equipment,First Entry,Last Entry,Net Hours,RD235,07-07-2026 06:52:23,"22,916.43",08-07-2026 05:41:42,"22,935.57",19.14
F01 - KOMATSU HD785-7,Equipment,First Entry,Last Entry,Net Hours,RD235,08-07-2026 06:39:42,"22,935.60",09-07-2026 05:30:50,"22,954.33",18.73
F01 - KOMATSU HD785-7,Equipment,First Entry,Last Entry,Net Hours,RD235,09-07-2026 07:14:51,"22,954.37",10-07-2026 05:58:05,"22,973.42",19.05
F01 - KOMATSU HD785-7,Equipment,First Entry,Last Entry,Net Hours,RD235,10-07-2026 06:01:05,"22,973.47",11-07-2026 05:44:55,"22,993.38",19.91
F01 - KOMATSU HD785-7,Equipment,First Entry,Last Entry,Net Hours,RD236,01-07-2026 10:12:52,"51,142.33",02-07-2026 05:37:06,"51,156.57",14.24
F01 - KOMATSU HD785-7,Equipment,First Entry,Last Entry,Net Hours,RD236,02-07-2026 06:35:06,"51,156.59",03-07-2026 05:34:49,"51,160.38",3.79
F01 - KOMATSU HD785-7,Equipment,First Entry,Last Entry,Net Hours,RD236,03-07-2026 06:29:49,"51,160.40",04-07-2026 05:32:12,"51,176.43",16.03
F01 - KOMATSU HD785-7,Equipment,First Entry,Last Entry,Net Hours,RD236,04-07-2026 06:30:13,"51,176.45",05-07-2026 05:32:31,"51,195.63",19.18
F01 - KOMATSU HD785-7,Equipment,First Entry,Last Entry,Net Hours,RD236,05-07-2026 10:03:33,"51,195.67",05-07-2026 21:34:31,"51,202.92",7.25
F01 - KOMATSU HD785-7,Equipment,First Entry,Last Entry,Net Hours,RD236,06-07-2026 06:35:35,"51,202.92",07-07-2026 05:40:54,"51,219.83",16.91
F01 - KOMATSU HD785-7,Equipment,First Entry,Last Entry,Net Hours,RD236,07-07-2026 06:53:54,"51,219.87",08-07-2026 05:43:16,"51,239.37",19.50
F01 - KOMATSU HD785-7,Equipment,First Entry,Last Entry,Net Hours,RD236,08-07-2026 06:47:16,"51,239.42",09-07-2026 05:36:01,"51,257.80",18.38
F01 - KOMATSU HD785-7,Equipment,First Entry,Last Entry,Net Hours,RD236,09-07-2026 06:28:01,"51,257.85",10-07-2026 05:39:20,"51,273.02",15.17
F01 - KOMATSU HD785-7,Equipment,First Entry,Last Entry,Net Hours,RD236,10-07-2026 06:45:21,"51,273.02",11-07-2026 04:25:17,"51,281.27",8.25
F01 - KOMATSU HD785-7,Equipment,First Entry,Last Entry,Net Hours,RD237,01-07-2026 06:19:39,"23,607.68",02-07-2026 05:47:55,"23,625.86",18.18
F01 - KOMATSU HD785-7,Equipment,First Entry,Last Entry,Net Hours,RD237,02-07-2026 06:22:55,"23,625.87",03-07-2026 05:32:29,"23,640.74",14.87
F01 - KOMATSU HD785-7,Equipment,First Entry,Last Entry,Net Hours,RD237,03-07-2026 06:35:29,"23,640.75",03-07-2026 21:25:44,"23,653.42",12.67
F01 - KOMATSU HD785-7,Equipment,First Entry,Last Entry,Net Hours,RD237,05-07-2026 01:04:09,"23,653.83",05-07-2026 01:13:09,"23,653.98",0.15
F01 - KOMATSU HD785-7,Equipment,First Entry,Last Entry,Net Hours,RD237,05-07-2026 06:28:12,"23,654.01",06-07-2026 05:20:37,"23,670.85",16.84
F01 - KOMATSU HD785-7,Equipment,First Entry,Last Entry,Net Hours,RD237,06-07-2026 06:23:38,"23,670.88",07-07-2026 05:19:53,"23,689.39",18.51
F01 - KOMATSU HD785-7,Equipment,First Entry,Last Entry,Net Hours,RD237,07-07-2026 09:00:26,"23,689.43",08-07-2026 05:02:08,"23,704.92",15.49
F01 - KOMATSU HD785-7,Equipment,First Entry,Last Entry,Net Hours,RD237,08-07-2026 06:10:08,"23,704.92",09-07-2026 05:20:31,"23,717.56",12.64
F01 - KOMATSU HD785-7,Equipment,First Entry,Last Entry,Net Hours,RD237,09-07-2026 06:31:31,"23,717.58",10-07-2026 04:45:10,"23,735.21",17.63
F01 - KOMATSU HD785-7,Equipment,First Entry,Last Entry,Net Hours,RD237,10-07-2026 06:27:11,"23,735.25",11-07-2026 05:44:52,"23,752.86",17.61
F01 - KOMATSU HD785-7,Equipment,First Entry,Last Entry,Net Hours,RD238,01-07-2026 06:29:43,"14,685.48",02-07-2026 03:00:30,"14,688.47",2.99
F01 - KOMATSU HD785-7,Equipment,First Entry,Last Entry,Net Hours,RD238,02-07-2026 06:43:33,"14,688.47",03-07-2026 05:35:06,"14,699.97",11.50
F01 - KOMATSU HD785-7,Equipment,First Entry,Last Entry,Net Hours,RD238,03-07-2026 06:36:06,"14,699.97",04-07-2026 05:32:27,"14,717.56",17.59
F01 - KOMATSU HD785-7,Equipment,First Entry,Last Entry,Net Hours,RD238,04-07-2026 06:30:27,"14,717.61",05-07-2026 05:36:46,"14,736.99",19.38
F01 - KOMATSU HD785-7,Equipment,First Entry,Last Entry,Net Hours,RD238,05-07-2026 06:29:46,"14,737.03",06-07-2026 05:31:52,"14,754.05",17.02
F01 - KOMATSU HD785-7,Equipment,First Entry,Last Entry,Net Hours,RD238,06-07-2026 06:37:53,"14,754.08",07-07-2026 05:18:27,"14,764.08",10.00
F01 - KOMATSU HD785-7,Equipment,First Entry,Last Entry,Net Hours,RD238,07-07-2026 06:34:28,"14,764.10",08-07-2026 05:57:47,"14,783.05",18.95
F01 - KOMATSU HD785-7,Equipment,First Entry,Last Entry,Net Hours,RD238,08-07-2026 06:00:47,"14,783.10",09-07-2026 05:29:58,"14,800.46",17.36
F01 - KOMATSU HD785-7,Equipment,First Entry,Last Entry,Net Hours,RD238,09-07-2026 06:29:59,"14,800.47",10-07-2026 05:57:37,"14,816.43",15.96
F01 - KOMATSU HD785-7,Equipment,First Entry,Last Entry,Net Hours,RD238,10-07-2026 06:00:37,"14,816.48",11-07-2026 05:27:52,"14,823.23",6.75
F01 - KOMATSU HD785-7,Equipment,First Entry,Last Entry,Net Hours,RD239,01-07-2026 07:02:16,"16,678.87",02-07-2026 05:26:54,"16,696.17",17.30
F01 - KOMATSU HD785-7,Equipment,First Entry,Last Entry,Net Hours,RD239,02-07-2026 06:26:55,"16,696.21",03-07-2026 05:27:16,"16,716.01",19.80
F01 - KOMATSU HD785-7,Equipment,First Entry,Last Entry,Net Hours,RD239,03-07-2026 06:28:17,"16,716.04",04-07-2026 05:00:12,"16,732.64",16.60
F01 - KOMATSU HD785-7,Equipment,First Entry,Last Entry,Net Hours,RD239,04-07-2026 06:45:13,"16,732.65",05-07-2026 02:17:28,"16,734.13",1.48
F01 - KOMATSU HD785-7,Equipment,First Entry,Last Entry,Net Hours,RD239,05-07-2026 06:35:30,"16,734.15",06-07-2026 05:33:53,"16,751.40",17.25
F01 - KOMATSU HD785-7,Equipment,First Entry,Last Entry,Net Hours,RD239,06-07-2026 06:24:53,"16,751.43",07-07-2026 00:50:29,"16,757.13",5.70
F01 - KOMATSU HD785-7,Equipment,First Entry,Last Entry,Net Hours,RD239,07-07-2026 11:00:33,"16,757.15",07-07-2026 11:09:34,"16,757.30",0.15
F01 - KOMATSU HD785-7,Equipment,First Entry,Last Entry,Net Hours,RD239,08-07-2026 06:45:19,"16,757.66",09-07-2026 05:39:12,"16,774.88",17.22
F01 - KOMATSU HD785-7,Equipment,First Entry,Last Entry,Net Hours,RD239,09-07-2026 07:02:12,"16,774.93",10-07-2026 05:32:31,"16,792.33",17.40
F01 - KOMATSU HD785-7,Equipment,First Entry,Last Entry,Net Hours,RD239,10-07-2026 06:40:31,"16,792.35",11-07-2026 05:20:50,"16,810.73",18.38
F01 - KOMATSU HD785-7,Equipment,First Entry,Last Entry,Net Hours,RD240,01-07-2026 06:31:55,"16,074.66",02-07-2026 05:24:51,"16,093.64",18.98
F01 - KOMATSU HD785-7,Equipment,First Entry,Last Entry,Net Hours,RD240,02-07-2026 06:32:52,"16,093.64",03-07-2026 05:33:14,"16,113.05",19.41
F01 - KOMATSU HD785-7,Equipment,First Entry,Last Entry,Net Hours,RD240,03-07-2026 06:36:15,"16,113.07",04-07-2026 05:29:49,"16,128.76",15.69
F01 - KOMATSU HD785-7,Equipment,First Entry,Last Entry,Net Hours,RD240,04-07-2026 06:34:50,"16,128.78",05-07-2026 05:29:57,"16,142.61",13.83
F01 - KOMATSU HD785-7,Equipment,First Entry,Last Entry,Net Hours,RD240,05-07-2026 06:39:58,"16,142.66",06-07-2026 05:31:32,"16,160.33",17.67
F01 - KOMATSU HD785-7,Equipment,First Entry,Last Entry,Net Hours,RD240,06-07-2026 06:34:32,"16,160.36",06-07-2026 15:59:35,"16,165.22",4.86
F01 - KOMATSU HD785-7,Equipment,First Entry,Last Entry,Net Hours,RD240,08-07-2026 15:43:08,"16,165.25",09-07-2026 04:32:40,"16,165.92",0.67
F01 - KOMATSU HD785-7,Equipment,First Entry,Last Entry,Net Hours,RD240,09-07-2026 07:09:44,"16,165.96",10-07-2026 05:02:57,"16,182.04",16.08
F01 - KOMATSU HD785-7,Equipment,First Entry,Last Entry,Net Hours,RD240,10-07-2026 06:35:59,"16,182.07",11-07-2026 05:43:54,"16,200.71",18.64
F01 - KOMATSU HD785-7,Equipment,First Entry,Last Entry,Net Hours,RD241,02-07-2026 17:02:46,"65,179.21",03-07-2026 05:37:00,"65,188.64",9.43
F01 - KOMATSU HD785-7,Equipment,First Entry,Last Entry,Net Hours,RD241,03-07-2026 06:35:01,"65,188.67",04-07-2026 05:30:06,"65,205.00",16.33
F01 - KOMATSU HD785-7,Equipment,First Entry,Last Entry,Net Hours,RD241,04-07-2026 10:15:09,"65,205.04",05-07-2026 05:30:02,"65,213.01",7.97
F01 - KOMATSU HD785-7,Equipment,First Entry,Last Entry,Net Hours,RD241,05-07-2026 06:21:02,"65,213.03",06-07-2026 05:35:24,"65,230.04",17.01
F01 - KOMATSU HD785-7,Equipment,First Entry,Last Entry,Net Hours,RD241,06-07-2026 06:29:24,"65,230.08",07-07-2026 05:07:59,"65,248.43",18.35
F01 - KOMATSU HD785-7,Equipment,First Entry,Last Entry,Net Hours,RD241,07-07-2026 06:32:00,"65,248.46",08-07-2026 05:28:09,"65,265.61",17.15
F01 - KOMATSU HD785-7,Equipment,First Entry,Last Entry,Net Hours,RD241,08-07-2026 06:33:09,"65,265.64",09-07-2026 05:58:51,"65,284.45",18.81
F01 - KOMATSU HD785-7,Equipment,First Entry,Last Entry,Net Hours,RD241,09-07-2026 06:01:51,"65,284.50",10-07-2026 04:51:07,"65,303.02",18.52
F01 - KOMATSU HD785-7,Equipment,First Entry,Last Entry,Net Hours,RD241,10-07-2026 06:26:08,"65,303.06",11-07-2026 05:24:08,"65,319.20",16.14
F01 - KOMATSU HD785-7,Equipment,First Entry,Last Entry,Net Hours,RD242,01-07-2026 06:22:02,"15,089.67",02-07-2026 05:35:18,"15,108.38",18.71
F01 - KOMATSU HD785-7,Equipment,First Entry,Last Entry,Net Hours,RD242,02-07-2026 06:26:19,"15,108.38",03-07-2026 05:35:38,"15,124.99",16.61
F01 - KOMATSU HD785-7,Equipment,First Entry,Last Entry,Net Hours,RD242,03-07-2026 06:30:38,"15,125.00",04-07-2026 05:08:50,"15,134.26",9.26
F01 - KOMATSU HD785-7,Equipment,First Entry,Last Entry,Net Hours,RD242,04-07-2026 06:35:44,"15,134.30",05-07-2026 01:59:18,"15,146.01",11.71
F01 - KOMATSU HD785-7,Equipment,First Entry,Last Entry,Net Hours,RD242,05-07-2026 06:27:20,"15,146.05",06-07-2026 05:25:39,"15,164.35",18.30
F01 - KOMATSU HD785-7,Equipment,First Entry,Last Entry,Net Hours,RD242,06-07-2026 06:35:39,"15,164.39",07-07-2026 00:10:54,"15,176.14",11.75
F01 - KOMATSU HD785-7,Equipment,First Entry,Last Entry,Net Hours,RD242,07-07-2026 20:30:04,"15,176.63",08-07-2026 05:31:03,"15,183.05",6.42
F01 - KOMATSU HD785-7,Equipment,First Entry,Last Entry,Net Hours,RD242,08-07-2026 06:44:04,"15,183.06",09-07-2026 05:31:55,"15,201.12",18.06
F01 - KOMATSU HD785-7,Equipment,First Entry,Last Entry,Net Hours,RD242,09-07-2026 07:02:56,"15,201.14",10-07-2026 04:58:13,"15,219.37",18.23
F01 - KOMATSU HD785-7,Equipment,First Entry,Last Entry,Net Hours,RD242,10-07-2026 06:40:14,"15,219.38",11-07-2026 05:43:42,"15,236.59",17.21
F01 - KOMATSU HD785-7,Equipment,First Entry,Last Entry,Net Hours,RD243,01-07-2026 06:34:27,"10,01,033.25",02-07-2026 05:30:45,"10,01,053.01",19.76
F01 - KOMATSU HD785-7,Equipment,First Entry,Last Entry,Net Hours,RD243,02-07-2026 07:09:45,"10,01,053.04",03-07-2026 05:33:15,"10,01,071.22",18.18
F01 - KOMATSU HD785-7,Equipment,First Entry,Last Entry,Net Hours,RD243,03-07-2026 06:40:15,"10,01,071.27",04-07-2026 05:29:34,"10,01,088.88",17.61
F01 - KOMATSU HD785-7,Equipment,First Entry,Last Entry,Net Hours,RD243,04-07-2026 06:27:34,"10,01,088.88",05-07-2026 05:30:51,"10,01,105.28",16.40
F01 - KOMATSU HD785-7,Equipment,First Entry,Last Entry,Net Hours,RD243,05-07-2026 06:19:51,"10,01,105.33",06-07-2026 05:33:07,"10,01,122.29",16.96
F01 - KOMATSU HD785-7,Equipment,First Entry,Last Entry,Net Hours,RD243,06-07-2026 06:36:07,"10,01,122.32",07-07-2026 05:38:04,"10,01,135.79",13.47
F01 - KOMATSU HD785-7,Equipment,First Entry,Last Entry,Net Hours,RD243,07-07-2026 06:34:05,"10,01,135.81",08-07-2026 05:39:34,"10,01,153.59",17.78
F01 - KOMATSU HD785-7,Equipment,First Entry,Last Entry,Net Hours,RD243,08-07-2026 06:57:35,"10,01,153.62",09-07-2026 05:41:11,"10,01,171.91",18.29
F01 - KOMATSU HD785-7,Equipment,First Entry,Last Entry,Net Hours,RD243,09-07-2026 08:30:13,"10,01,171.94",10-07-2026 05:39:35,"10,01,183.35",11.41
F01 - KOMATSU HD785-7,Equipment,First Entry,Last Entry,Net Hours,RD243,10-07-2026 09:11:16,"10,01,183.36",11-07-2026 05:25:44,"10,01,192.01",8.65
F01 - KOMATSU HD785-7,Equipment,First Entry,Last Entry,Net Hours,RD244,01-07-2026 06:25:17,"13,597.15",02-07-2026 05:30:26,"13,613.60",16.45
F01 - KOMATSU HD785-7,Equipment,First Entry,Last Entry,Net Hours,RD244,02-07-2026 06:24:26,"13,613.62",03-07-2026 05:29:40,"13,633.07",19.45
F01 - KOMATSU HD785-7,Equipment,First Entry,Last Entry,Net Hours,RD244,03-07-2026 06:33:40,"13,633.11",04-07-2026 05:27:30,"13,652.25",19.14
F01 - KOMATSU HD785-7,Equipment,First Entry,Last Entry,Net Hours,RD244,04-07-2026 06:27:31,"13,652.28",05-07-2026 05:59:01,"13,668.25",15.97
F01 - KOMATSU HD785-7,Equipment,First Entry,Last Entry,Net Hours,RD244,05-07-2026 06:16:48,"13,668.25",06-07-2026 05:30:07,"13,681.39",13.14
F01 - KOMATSU HD785-7,Equipment,First Entry,Last Entry,Net Hours,RD244,06-07-2026 06:51:08,"13,681.41",07-07-2026 05:29:26,"13,699.54",18.13
F01 - KOMATSU HD785-7,Equipment,First Entry,Last Entry,Net Hours,RD244,07-07-2026 06:41:27,"13,699.58",07-07-2026 21:08:36,"13,710.47",10.89
F01 - KOMATSU HD785-7,Equipment,First Entry,Last Entry,Net Hours,RD244,08-07-2026 07:09:41,"13,710.50",09-07-2026 05:57:35,"13,717.78",7.28
F01 - KOMATSU HD785-7,Equipment,First Entry,Last Entry,Net Hours,RD244,09-07-2026 06:00:35,"13,717.83",10-07-2026 05:26:02,"13,736.57",18.74
F01 - KOMATSU HD785-7,Equipment,First Entry,Last Entry,Net Hours,RD244,10-07-2026 08:35:03,"13,736.59",11-07-2026 05:30:01,"13,753.07",16.48
F01 - KOMATSU HD785-7,Equipment,First Entry,Last Entry,Net Hours,RD245,01-07-2026 06:27:09,"1,17,961.14",02-07-2026 05:31:27,"1,17,980.17",19.03
F01 - KOMATSU HD785-7,Equipment,First Entry,Last Entry,Net Hours,RD245,02-07-2026 06:20:28,"1,17,980.21",03-07-2026 05:28:47,"1,18,000.12",19.91
F01 - KOMATSU HD785-7,Equipment,First Entry,Last Entry,Net Hours,RD245,03-07-2026 06:23:48,"1,18,000.16",04-07-2026 05:33:07,"1,18,020.12",19.96
F01 - KOMATSU HD785-7,Equipment,First Entry,Last Entry,Net Hours,RD245,04-07-2026 06:33:08,"1,18,020.13",05-07-2026 05:32:27,"1,18,034.85",14.72
F01 - KOMATSU HD785-7,Equipment,First Entry,Last Entry,Net Hours,RD245,05-07-2026 06:30:27,"1,18,034.87",05-07-2026 19:12:42,"1,18,043.41",8.54
F01 - KOMATSU HD785-7,Equipment,First Entry,Last Entry,Net Hours,RD245,07-07-2026 02:52:00,"1,22,097.33",07-07-2026 05:28:20,"1,22,099.68",2.35
F01 - KOMATSU HD785-7,Equipment,First Entry,Last Entry,Net Hours,RD245,07-07-2026 06:41:21,"1,22,099.69",08-07-2026 05:33:34,"1,22,116.39",16.70
F01 - KOMATSU HD785-7,Equipment,First Entry,Last Entry,Net Hours,RD245,08-07-2026 07:00:35,"1,22,116.42",09-07-2026 05:30:17,"1,22,133.53",17.11
F01 - KOMATSU HD785-7,Equipment,First Entry,Last Entry,Net Hours,RD245,09-07-2026 06:32:17,"1,22,133.56",10-07-2026 05:59:28,"1,22,149.54",15.98
F01 - KOMATSU HD785-7,Equipment,First Entry,Last Entry,Net Hours,RD245,10-07-2026 06:02:28,"1,22,149.59",11-07-2026 04:44:24,"1,22,166.77",17.18
F01 - KOMATSU HD785-7,Equipment,First Entry,Last Entry,Net Hours,RD246,08-07-2026 13:18:58,"7,70,127.62",08-07-2026 13:43:38,"7,70,128.03",0.41
F01 - KOMATSU HD785-7,Equipment,First Entry,Last Entry,Net Hours,RD247,01-07-2026 06:23:16,"15,396.77",02-07-2026 05:37:16,"15,415.19",18.42
F01 - KOMATSU HD785-7,Equipment,First Entry,Last Entry,Net Hours,RD247,02-07-2026 06:24:17,"15,415.23",03-07-2026 05:27:11,"15,433.20",17.97
F01 - KOMATSU HD785-7,Equipment,First Entry,Last Entry,Net Hours,RD247,03-07-2026 06:30:12,"15,433.21",04-07-2026 05:31:02,"15,452.32",19.11
F01 - KOMATSU HD785-7,Equipment,First Entry,Last Entry,Net Hours,RD247,04-07-2026 06:28:03,"15,452.35",05-07-2026 05:35:25,"15,466.73",14.38
F01 - KOMATSU HD785-7,Equipment,First Entry,Last Entry,Net Hours,RD247,05-07-2026 06:23:28,"15,466.74",06-07-2026 05:35:09,"15,485.05",18.31
F01 - KOMATSU HD785-7,Equipment,First Entry,Last Entry,Net Hours,RD247,06-07-2026 06:34:10,"15,485.07",07-07-2026 05:28:37,"15,502.76",17.69
F01 - KOMATSU HD785-7,Equipment,First Entry,Last Entry,Net Hours,RD247,07-07-2026 06:33:38,"15,502.79",08-07-2026 05:35:50,"15,521.85",19.06
F01 - KOMATSU HD785-7,Equipment,First Entry,Last Entry,Net Hours,RD247,08-07-2026 06:32:51,"15,521.89",09-07-2026 05:33:15,"15,540.34",18.45
F01 - KOMATSU HD785-7,Equipment,First Entry,Last Entry,Net Hours,RD247,09-07-2026 06:31:16,"15,540.36",10-07-2026 05:29:36,"15,559.40",19.04
F01 - KOMATSU HD785-7,Equipment,First Entry,Last Entry,Net Hours,RD247,10-07-2026 06:23:36,"15,559.43",11-07-2026 05:32:43,"15,577.02",17.59
F01 - KOMATSU HD785-7,Equipment,First Entry,Last Entry,Net Hours,RD248,01-07-2026 18:15:35,"8,40,490.61",02-07-2026 05:35:19,"8,40,497.56",6.95
F01 - KOMATSU HD785-7,Equipment,First Entry,Last Entry,Net Hours,RD248,02-07-2026 06:19:19,"8,40,497.58",02-07-2026 14:40:24,"8,40,504.04",6.46
F01 - KOMATSU HD785-7,Equipment,First Entry,Last Entry,Net Hours,RD248,06-07-2026 20:41:45,"8,40,504.05",07-07-2026 05:27:51,"8,40,510.60",6.55
F01 - KOMATSU HD785-7,Equipment,First Entry,Last Entry,Net Hours,RD248,07-07-2026 06:50:52,"8,40,510.63",08-07-2026 01:47:19,"8,40,525.19",14.56
F01 - KOMATSU HD785-7,Equipment,First Entry,Last Entry,Net Hours,RD248,09-07-2026 03:52:11,"8,44,655.80",09-07-2026 05:28:00,"8,44,657.43",1.63
F01 - KOMATSU HD785-7,Equipment,First Entry,Last Entry,Net Hours,RD248,09-07-2026 06:27:01,"8,44,657.46",10-07-2026 05:23:41,"8,48,817.63","4,160.17"
F01 - KOMATSU HD785-7,Equipment,First Entry,Last Entry,Net Hours,RD249,03-07-2026 02:36:47,"1,07,064.89",03-07-2026 03:45:59,"1,07,065.35",0.46
F01 - KOMATSU HD785-7,Equipment,First Entry,Last Entry,Net Hours,RD249,03-07-2026 06:22:26,"1,07,065.38",04-07-2026 05:31:53,"1,07,081.96",16.58
F01 - KOMATSU HD785-7,Equipment,First Entry,Last Entry,Net Hours,RD249,04-07-2026 06:24:53,"1,07,081.97",05-07-2026 05:31:37,"1,07,101.18",19.21
F01 - KOMATSU HD785-7,Equipment,First Entry,Last Entry,Net Hours,RD249,05-07-2026 06:53:38,"1,07,101.20",06-07-2026 05:39:13,"1,07,116.25",15.05
F01 - KOMATSU HD785-7,Equipment,First Entry,Last Entry,Net Hours,RD249,06-07-2026 06:33:14,"1,07,116.25",07-07-2026 05:36:29,"1,07,134.72",18.47
F01 - KOMATSU HD785-7,Equipment,First Entry,Last Entry,Net Hours,RD249,07-07-2026 06:35:30,"1,07,134.73",08-07-2026 05:42:13,"1,07,151.02",16.29
F01 - KOMATSU HD785-7,Equipment,First Entry,Last Entry,Net Hours,RD249,08-07-2026 07:11:14,"1,07,151.04",09-07-2026 03:14:59,"1,07,166.34",15.30
F01 - KOMATSU HD785-7,Equipment,First Entry,Last Entry,Net Hours,RD249,09-07-2026 07:03:59,"1,07,166.34",10-07-2026 01:49:08,"1,07,179.27",12.93
F01 - KOMATSU HD785-7,Equipment,First Entry,Last Entry,Net Hours,RD249,10-07-2026 06:25:10,"1,07,179.31",11-07-2026 05:40:39,"1,07,191.22",11.91
F01 - KOMATSU HD785-7,Equipment,First Entry,Last Entry,Net Hours,RD251,01-07-2026 06:23:32,"14,299.77",02-07-2026 05:20:54,"14,317.13",17.36
F01 - KOMATSU HD785-7,Equipment,First Entry,Last Entry,Net Hours,RD251,02-07-2026 06:35:54,"14,317.18",03-07-2026 05:19:59,"14,336.14",18.96
F01 - KOMATSU HD785-7,Equipment,First Entry,Last Entry,Net Hours,RD251,03-07-2026 06:31:00,"14,336.16",04-07-2026 05:34:17,"14,353.50",17.34
F01 - KOMATSU HD785-7,Equipment,First Entry,Last Entry,Net Hours,RD251,04-07-2026 06:35:18,"14,353.53",05-07-2026 05:32:34,"14,372.18",18.65
F01 - KOMATSU HD785-7,Equipment,First Entry,Last Entry,Net Hours,RD251,05-07-2026 06:52:35,"14,372.20",06-07-2026 05:18:48,"14,386.34",14.14
F01 - KOMATSU HD785-7,Equipment,First Entry,Last Entry,Net Hours,RD251,06-07-2026 06:32:49,"14,386.38",07-07-2026 03:28:04,"14,402.51",16.13
F01 - KOMATSU HD785-7,Equipment,First Entry,Last Entry,Net Hours,RD251,07-07-2026 06:46:05,"14,402.52",08-07-2026 05:58:19,"14,412.69",10.17
F01 - KOMATSU HD785-7,Equipment,First Entry,Last Entry,Net Hours,RD251,08-07-2026 06:01:20,"14,412.74",09-07-2026 05:31:39,"14,429.00",16.26
F01 - KOMATSU HD785-7,Equipment,First Entry,Last Entry,Net Hours,RD251,09-07-2026 06:02:39,"14,429.00",10-07-2026 05:40:56,"14,446.20",17.20
F01 - KOMATSU HD785-7,Equipment,First Entry,Last Entry,Net Hours,RD251,10-07-2026 06:31:56,"14,446.25",11-07-2026 05:32:14,"14,465.09",18.84
F01 - KOMATSU HD785-7,Equipment,First Entry,Last Entry,Net Hours,RD252,01-07-2026 06:23:44,"33,559.67",02-07-2026 05:36:53,"33,578.03",18.36
F01 - KOMATSU HD785-7,Equipment,First Entry,Last Entry,Net Hours,RD252,02-07-2026 06:24:53,"33,578.05",03-07-2026 05:35:06,"33,596.62",18.57
F01 - KOMATSU HD785-7,Equipment,First Entry,Last Entry,Net Hours,RD252,03-07-2026 06:24:06,"33,596.67",04-07-2026 05:38:42,"33,615.85",19.18
F01 - KOMATSU HD785-7,Equipment,First Entry,Last Entry,Net Hours,RD252,04-07-2026 06:31:42,"33,615.89",05-07-2026 05:37:06,"33,631.57",15.68
F01 - KOMATSU HD785-7,Equipment,First Entry,Last Entry,Net Hours,RD252,05-07-2026 06:29:07,"33,631.59",06-07-2026 05:34:24,"33,648.82",17.23
F01 - KOMATSU HD785-7,Equipment,First Entry,Last Entry,Net Hours,RD252,06-07-2026 06:35:25,"33,648.83",07-07-2026 03:24:47,"33,665.75",16.92
F01 - KOMATSU HD785-7,Equipment,First Entry,Last Entry,Net Hours,RD252,07-07-2026 06:46:49,"33,665.76",08-07-2026 05:33:15,"33,684.23",18.47
F01 - KOMATSU HD785-7,Equipment,First Entry,Last Entry,Net Hours,RD252,08-07-2026 08:35:17,"33,684.24",09-07-2026 05:57:24,"33,696.20",11.96
F01 - KOMATSU HD785-7,Equipment,First Entry,Last Entry,Net Hours,RD252,09-07-2026 06:00:24,"33,696.25",10-07-2026 05:29:37,"33,713.33",17.08
F01 - KOMATSU HD785-7,Equipment,First Entry,Last Entry,Net Hours,RD252,10-07-2026 06:40:38,"33,713.38",11-07-2026 05:31:22,"33,730.24",16.86
F01 - KOMATSU HD785-7,Equipment,First Entry,Last Entry,Net Hours,RD253,01-07-2026 06:23:34,"13,904.81",02-07-2026 05:31:30,"13,923.88",19.07
F01 - KOMATSU HD785-7,Equipment,First Entry,Last Entry,Net Hours,RD253,02-07-2026 06:23:30,"13,923.90",03-07-2026 05:24:36,"13,942.38",18.48
F01 - KOMATSU HD785-7,Equipment,First Entry,Last Entry,Net Hours,RD253,03-07-2026 06:27:37,"13,942.43",04-07-2026 05:23:50,"13,957.31",14.88
F01 - KOMATSU HD785-7,Equipment,First Entry,Last Entry,Net Hours,RD253,04-07-2026 06:21:51,"13,957.32",05-07-2026 05:25:06,"13,976.51",19.19
F01 - KOMATSU HD785-7,Equipment,First Entry,Last Entry,Net Hours,RD253,05-07-2026 06:27:06,"13,976.53",06-07-2026 05:34:21,"13,994.03",17.50
F01 - KOMATSU HD785-7,Equipment,First Entry,Last Entry,Net Hours,RD253,06-07-2026 06:36:22,"13,994.07",07-07-2026 05:37:38,"14,012.35",18.28
F01 - KOMATSU HD785-7,Equipment,First Entry,Last Entry,Net Hours,RD253,07-07-2026 06:34:38,"14,012.39",08-07-2026 05:35:45,"14,028.35",15.96
F01 - KOMATSU HD785-7,Equipment,First Entry,Last Entry,Net Hours,RD253,08-07-2026 07:00:45,"14,028.40",09-07-2026 05:08:25,"14,040.54",12.14
F01 - KOMATSU HD785-7,Equipment,First Entry,Last Entry,Net Hours,RD253,09-07-2026 06:30:26,"14,040.58",10-07-2026 05:58:07,"14,054.93",14.35
F01 - KOMATSU HD785-7,Equipment,First Entry,Last Entry,Net Hours,RD253,10-07-2026 06:01:07,"14,054.98",11-07-2026 05:36:05,"14,069.19",14.21
F02 - Caterpillar 773E,Equipment,First Entry,Last Entry,Net Hours,RD2KC1,01-07-2026 06:37:55,"62,738.25",02-07-2026 05:03:09,"62,746.42",8.17
F02 - Caterpillar 773E,Equipment,First Entry,Last Entry,Net Hours,RD2KC1,02-07-2026 06:34:09,"62,746.46",03-07-2026 05:19:47,"62,759.61",13.15
F02 - Caterpillar 773E,Equipment,First Entry,Last Entry,Net Hours,RD2KC1,03-07-2026 06:59:48,"62,759.62",04-07-2026 05:23:47,"62,769.76",10.14
F02 - Caterpillar 773E,Equipment,First Entry,Last Entry,Net Hours,RD2KC1,04-07-2026 09:31:49,"62,769.77",05-07-2026 05:22:09,"62,777.96",8.19
F02 - Caterpillar 773E,Equipment,First Entry,Last Entry,Net Hours,RD2KC1,05-07-2026 06:46:09,"62,777.98",06-07-2026 01:05:46,"62,785.75",7.77
F02 - Caterpillar 773E,Equipment,First Entry,Last Entry,Net Hours,RD2KC1,06-07-2026 08:24:49,"62,785.76",07-07-2026 05:14:00,"62,789.60",3.84
F02 - Caterpillar 773E,Equipment,First Entry,Last Entry,Net Hours,RD2KC1,07-07-2026 06:51:01,"62,789.60",08-07-2026 00:50:14,"62,798.36",8.76
F02 - Caterpillar 773E,Equipment,First Entry,Last Entry,Net Hours,RD2KC1,08-07-2026 07:00:18,"62,798.41",09-07-2026 05:28:52,"62,807.86",9.45
F02 - Caterpillar 773E,Equipment,First Entry,Last Entry,Net Hours,RD2KC1,09-07-2026 06:30:53,"62,807.90",09-07-2026 19:29:01,"62,812.15",4.25
F02 - Caterpillar 773E,Equipment,First Entry,Last Entry,Net Hours,RD2KC1,10-07-2026 06:44:07,"62,812.16",11-07-2026 05:18:41,"62,815.65",3.49
F02 - Caterpillar 773E,Equipment,First Entry,Last Entry,Net Hours,RD2KC2,01-07-2026 06:56:56,"11,636.82",02-07-2026 05:16:29,"11,643.77",6.95
F02 - Caterpillar 773E,Equipment,First Entry,Last Entry,Net Hours,RD2KC2,02-07-2026 06:36:29,"11,643.78",03-07-2026 02:18:22,"11,652.00",8.22
F02 - Caterpillar 773E,Equipment,First Entry,Last Entry,Net Hours,RD2KC2,03-07-2026 06:58:24,"11,652.02",03-07-2026 21:13:00,"11,655.35",3.33
F02 - Caterpillar 773E,Equipment,First Entry,Last Entry,Net Hours,RD2KC2,04-07-2026 17:31:52,"11,655.37",04-07-2026 18:55:41,"11,655.52",0.15
F02 - Caterpillar 773E,Equipment,First Entry,Last Entry,Net Hours,RD2KC5,01-07-2026 09:57:20,"85,121.39",01-07-2026 15:09:52,"85,122.14",0.75
F02 - Caterpillar 773E,Equipment,First Entry,Last Entry,Net Hours,RD2KC5,02-07-2026 06:46:00,"85,122.18",03-07-2026 05:19:14,"85,127.29",5.11
F02 - Caterpillar 773E,Equipment,First Entry,Last Entry,Net Hours,RD2KC5,03-07-2026 10:14:16,"85,127.33",04-07-2026 05:13:16,"85,131.07",3.74
F02 - Caterpillar 773E,Equipment,First Entry,Last Entry,Net Hours,RD2KC5,04-07-2026 06:56:17,"85,131.12",05-07-2026 05:17:23,"85,137.74",6.62
F02 - Caterpillar 773E,Equipment,First Entry,Last Entry,Net Hours,RD2KC5,05-07-2026 06:46:24,"85,137.78",06-07-2026 05:26:52,"85,148.83",11.05
F02 - Caterpillar 773E,Equipment,First Entry,Last Entry,Net Hours,RD2KC5,06-07-2026 18:00:58,"85,148.86",07-07-2026 05:17:03,"85,154.99",6.13
F02 - Caterpillar 773E,Equipment,First Entry,Last Entry,Net Hours,RD2KC5,07-07-2026 09:22:05,"85,155.02",07-07-2026 23:40:12,"85,156.01",0.99
F02 - Caterpillar 773E,Equipment,First Entry,Last Entry,Net Hours,RD2KC5,08-07-2026 07:49:16,"85,156.02",09-07-2026 05:20:40,"85,158.90",2.88
F02 - Caterpillar 773E,Equipment,First Entry,Last Entry,Net Hours,RD2KC5,09-07-2026 06:29:14,"85,158.92",10-07-2026 05:19:40,"85,166.84",7.92
F02 - Caterpillar 773E,Equipment,First Entry,Last Entry,Net Hours,RD2KC5,10-07-2026 07:15:41,"85,166.86",10-07-2026 07:15:41,"85,166.86",0.00
F02 - Caterpillar 773E,Equipment,First Entry,Last Entry,Net Hours,RD2KC6,03-07-2026 16:54:13,"95,993.20",03-07-2026 16:54:13,"95,993.20",0.00
F02 - Caterpillar 773E,Equipment,First Entry,Last Entry,Net Hours,RDO01,01-07-2026 06:56:08,"42,119.15",02-07-2026 05:16:27,"42,129.74",10.59
F02 - Caterpillar 773E,Equipment,First Entry,Last Entry,Net Hours,RDO01,02-07-2026 07:08:28,"42,129.77",03-07-2026 05:00:07,"42,139.98",10.21
F02 - Caterpillar 773E,Equipment,First Entry,Last Entry,Net Hours,RDO01,03-07-2026 06:47:08,"42,140.03",04-07-2026 04:26:01,"42,151.42",11.39
F02 - Caterpillar 773E,Equipment,First Entry,Last Entry,Net Hours,RDO01,04-07-2026 06:40:56,"42,151.45",05-07-2026 05:16:34,"42,162.69",11.24
F02 - Caterpillar 773E,Equipment,First Entry,Last Entry,Net Hours,RDO01,05-07-2026 06:47:35,"42,162.74",06-07-2026 05:33:01,"42,176.29",13.55
F02 - Caterpillar 773E,Equipment,First Entry,Last Entry,Net Hours,RDO01,06-07-2026 06:51:03,"42,176.30",07-07-2026 05:04:05,"42,186.69",10.39
F02 - Caterpillar 773E,Equipment,First Entry,Last Entry,Net Hours,RDO01,07-07-2026 06:54:06,"42,186.72",08-07-2026 02:59:10,"42,191.41",4.69
F02 - Caterpillar 773E,Equipment,First Entry,Last Entry,Net Hours,RDO01,08-07-2026 10:14:14,"42,191.46",09-07-2026 05:22:17,"42,199.60",8.14
F02 - Caterpillar 773E,Equipment,First Entry,Last Entry,Net Hours,RDO01,09-07-2026 06:31:18,"42,199.64",10-07-2026 00:45:07,"42,206.25",6.61
F02 - Caterpillar 773E,Equipment,First Entry,Last Entry,Net Hours,RDO01,10-07-2026 06:35:10,"42,206.26",11-07-2026 01:05:50,"42,215.59",9.33
F02 - Caterpillar 773E,Equipment,First Entry,Last Entry,Net Hours,RDO02,01-07-2026 07:17:03,"60,502.92",02-07-2026 05:15:54,"60,516.67",13.75
F02 - Caterpillar 773E,Equipment,First Entry,Last Entry,Net Hours,RDO02,02-07-2026 14:38:58,"60,516.69",03-07-2026 04:53:10,"60,525.50",8.81
F02 - Caterpillar 773E,Equipment,First Entry,Last Entry,Net Hours,RDO02,03-07-2026 06:57:11,"60,525.53",04-07-2026 05:21:10,"60,538.91",13.38
F02 - Caterpillar 773E,Equipment,First Entry,Last Entry,Net Hours,RDO02,04-07-2026 09:34:12,"60,538.93",05-07-2026 05:16:37,"60,549.24",10.31
F02 - Caterpillar 773E,Equipment,First Entry,Last Entry,Net Hours,RDO02,05-07-2026 06:53:37,"60,549.28",06-07-2026 05:23:09,"60,560.26",10.98
F02 - Caterpillar 773E,Equipment,First Entry,Last Entry,Net Hours,RDO02,06-07-2026 06:41:10,"60,560.28",07-07-2026 05:18:03,"60,567.99",7.71
F02 - Caterpillar 773E,Equipment,First Entry,Last Entry,Net Hours,RDO02,07-07-2026 06:38:04,"60,568.00",08-07-2026 05:12:51,"60,579.50",11.50
F02 - Caterpillar 773E,Equipment,First Entry,Last Entry,Net Hours,RDO02,08-07-2026 06:58:52,"60,579.54",09-07-2026 05:23:33,"60,590.69",11.15
F02 - Caterpillar 773E,Equipment,First Entry,Last Entry,Net Hours,RDO02,09-07-2026 06:31:33,"60,590.73",09-07-2026 20:24:01,"60,597.81",7.08
F02 - Caterpillar 773E,Equipment,First Entry,Last Entry,Net Hours,RDO03,01-07-2026 07:06:01,"33,524.36",02-07-2026 05:04:00,"33,531.34",6.98
F02 - Caterpillar 773E,Equipment,First Entry,Last Entry,Net Hours,RDO03,02-07-2026 07:39:01,"33,531.35",03-07-2026 05:21:35,"33,539.62",8.27
F02 - Caterpillar 773E,Equipment,First Entry,Last Entry,Net Hours,RDO03,03-07-2026 06:44:35,"33,539.63",04-07-2026 04:43:34,"33,549.54",9.91
F02 - Caterpillar 773E,Equipment,First Entry,Last Entry,Net Hours,RDO03,04-07-2026 07:32:35,"33,549.59",05-07-2026 04:06:35,"33,560.39",10.80
F02 - Caterpillar 773E,Equipment,First Entry,Last Entry,Net Hours,RDO03,05-07-2026 07:22:36,"33,560.39",06-07-2026 05:27:17,"33,566.44",6.05
F02 - Caterpillar 773E,Equipment,First Entry,Last Entry,Net Hours,RDO03,06-07-2026 06:41:18,"33,566.45",07-07-2026 05:02:35,"33,576.80",10.35
F02 - Caterpillar 773E,Equipment,First Entry,Last Entry,Net Hours,RDO03,07-07-2026 06:43:36,"33,576.81",08-07-2026 05:07:02,"33,589.87",13.06
F02 - Caterpillar 773E,Equipment,First Entry,Last Entry,Net Hours,RDO03,08-07-2026 07:42:03,"33,589.89",09-07-2026 05:15:00,"33,600.65",10.76
F02 - Caterpillar 773E,Equipment,First Entry,Last Entry,Net Hours,RDO03,09-07-2026 06:27:00,"33,600.67",10-07-2026 05:23:08,"33,616.53",15.86
F02 - Caterpillar 773E,Equipment,First Entry,Last Entry,Net Hours,RDO03,10-07-2026 06:39:09,"33,616.56",11-07-2026 05:18:06,"33,626.24",9.68
F02 - Caterpillar 773E,Equipment,First Entry,Last Entry,Net Hours,RDO04,03-07-2026 12:36:47,"10,315.51",03-07-2026 23:40:55,"10,315.91",0.40
F02 - Caterpillar 773E,Equipment,First Entry,Last Entry,Net Hours,RDO04,04-07-2026 10:30:28,"10,315.95",04-07-2026 17:52:31,"10,316.63",0.68
F02 - Caterpillar 773E,Equipment,First Entry,Last Entry,Net Hours,RDO04,05-07-2026 07:32:00,"10,316.65",05-07-2026 12:35:36,"10,316.92",0.27
F02 - Caterpillar 773E,Equipment,First Entry,Last Entry,Net Hours,RDO04,08-07-2026 10:24:07,"10,316.97",08-07-2026 12:58:29,"10,317.69",0.72
F03 - Caterpillar 777E,Equipment,First Entry,Last Entry,Net Hours,RD201,01-07-2026 06:41:10,"28,453.06",02-07-2026 05:32:47,"28,469.36",16.30
F03 - Caterpillar 777E,Equipment,First Entry,Last Entry,Net Hours,RD201,02-07-2026 06:28:48,"28,469.40",03-07-2026 00:52:38,"28,473.44",4.04
F03 - Caterpillar 777E,Equipment,First Entry,Last Entry,Net Hours,RD201,03-07-2026 10:35:55,"28,473.46",04-07-2026 01:25:24,"28,480.32",6.86
F03 - Caterpillar 777E,Equipment,First Entry,Last Entry,Net Hours,RD201,04-07-2026 06:29:28,"28,480.36",05-07-2026 02:23:59,"28,490.63",10.27
F03 - Caterpillar 777E,Equipment,First Entry,Last Entry,Net Hours,RD201,05-07-2026 07:24:41,"28,490.64",05-07-2026 23:06:32,"28,491.69",1.05
F03 - Caterpillar 777E,Equipment,First Entry,Last Entry,Net Hours,RD201,06-07-2026 06:28:57,"28,491.69",06-07-2026 09:46:58,"28,491.88",0.19
F03 - Caterpillar 777E,Equipment,First Entry,Last Entry,Net Hours,RD201,07-07-2026 14:59:23,"28,491.93",07-07-2026 17:37:32,"28,492.03",0.10
F03 - Caterpillar 777E,Equipment,First Entry,Last Entry,Net Hours,RD201,08-07-2026 15:36:23,"28,492.06",09-07-2026 05:34:21,"28,498.98",6.92
F03 - Caterpillar 777E,Equipment,First Entry,Last Entry,Net Hours,RD201,09-07-2026 06:35:22,"28,499.00",10-07-2026 05:29:40,"28,514.00",15.00
F03 - Caterpillar 777E,Equipment,First Entry,Last Entry,Net Hours,RD201,10-07-2026 06:28:41,"28,514.00",11-07-2026 05:34:05,"28,529.78",15.78
F03 - Caterpillar 777E,Equipment,First Entry,Last Entry,Net Hours,RD202,01-07-2026 09:36:10,"27,443.50",02-07-2026 05:36:21,"27,455.31",11.81
F03 - Caterpillar 777E,Equipment,First Entry,Last Entry,Net Hours,RD202,02-07-2026 06:37:21,"27,455.35",03-07-2026 05:29:15,"27,467.69",12.34
F03 - Caterpillar 777E,Equipment,First Entry,Last Entry,Net Hours,RD202,03-07-2026 06:30:15,"27,467.74",04-07-2026 05:28:35,"27,484.20",16.46
F03 - Caterpillar 777E,Equipment,First Entry,Last Entry,Net Hours,RD202,04-07-2026 06:42:35,"27,484.21",05-07-2026 05:33:44,"27,499.94",15.73
F03 - Caterpillar 777E,Equipment,First Entry,Last Entry,Net Hours,RD202,05-07-2026 06:21:44,"27,499.98",06-07-2026 05:31:05,"27,518.96",18.98
F03 - Caterpillar 777E,Equipment,First Entry,Last Entry,Net Hours,RD202,06-07-2026 06:41:06,"27,518.99",07-07-2026 05:32:47,"27,533.72",14.73
F03 - Caterpillar 777E,Equipment,First Entry,Last Entry,Net Hours,RD202,07-07-2026 08:21:47,"27,533.76",08-07-2026 05:41:08,"27,549.18",15.42
F03 - Caterpillar 777E,Equipment,First Entry,Last Entry,Net Hours,RD202,08-07-2026 06:29:08,"27,549.20",09-07-2026 05:26:51,"27,566.47",17.27
F03 - Caterpillar 777E,Equipment,First Entry,Last Entry,Net Hours,RD202,09-07-2026 06:35:51,"27,566.49",10-07-2026 02:38:24,"27,576.38",9.89
F03 - Caterpillar 777E,Equipment,First Entry,Last Entry,Net Hours,RD202,10-07-2026 14:50:26,"27,576.39",11-07-2026 00:40:46,"27,576.79",0.40
F03 - Caterpillar 777E,Equipment,First Entry,Last Entry,Net Hours,RD203,01-07-2026 06:42:28,"9,26,793.81",02-07-2026 05:27:16,"9,26,804.49",10.68
F03 - Caterpillar 777E,Equipment,First Entry,Last Entry,Net Hours,RD203,02-07-2026 06:36:16,"9,26,804.52",03-07-2026 05:36:12,"9,26,820.85",16.33
F03 - Caterpillar 777E,Equipment,First Entry,Last Entry,Net Hours,RD203,03-07-2026 06:44:11,"9,26,820.87",04-07-2026 05:35:42,"9,26,836.70",15.83
F03 - Caterpillar 777E,Equipment,First Entry,Last Entry,Net Hours,RD203,04-07-2026 06:33:42,"9,26,836.72",05-07-2026 05:31:57,"9,26,852.71",15.99
F03 - Caterpillar 777E,Equipment,First Entry,Last Entry,Net Hours,RD203,05-07-2026 06:36:57,"9,26,852.74",06-07-2026 05:31:05,"9,26,870.13",17.39
F03 - Caterpillar 777E,Equipment,First Entry,Last Entry,Net Hours,RD203,06-07-2026 06:34:05,"9,26,870.13",07-07-2026 05:23:19,"9,26,885.45",15.32
F03 - Caterpillar 777E,Equipment,First Entry,Last Entry,Net Hours,RD203,07-07-2026 06:41:19,"9,26,885.46",08-07-2026 05:24:48,"9,26,900.79",15.33
F03 - Caterpillar 777E,Equipment,First Entry,Last Entry,Net Hours,RD203,08-07-2026 06:37:48,"9,26,900.83",09-07-2026 05:17:27,"9,26,916.21",15.38
F03 - Caterpillar 777E,Equipment,First Entry,Last Entry,Net Hours,RD203,09-07-2026 06:35:28,"9,26,916.23",10-07-2026 05:18:46,"9,26,932.17",15.94
F03 - Caterpillar 777E,Equipment,First Entry,Last Entry,Net Hours,RD203,10-07-2026 06:31:47,"9,26,932.20",10-07-2026 20:36:33,"9,26,938.92",6.72
F03 - Caterpillar 777E,Equipment,First Entry,Last Entry,Net Hours,RD204,01-07-2026 06:44:08,"27,850.76",01-07-2026 23:20:09,"27,856.20",5.44
F03 - Caterpillar 777E,Equipment,First Entry,Last Entry,Net Hours,RD204,02-07-2026 20:20:15,"27,856.23",03-07-2026 03:28:44,"27,857.06",0.83
F03 - Caterpillar 777E,Equipment,First Entry,Last Entry,Net Hours,RD204,03-07-2026 08:58:46,"27,857.08",04-07-2026 05:30:59,"27,872.43",15.35
F03 - Caterpillar 777E,Equipment,First Entry,Last Entry,Net Hours,RD204,04-07-2026 06:33:00,"27,872.43",05-07-2026 05:39:15,"27,889.66",17.23
F03 - Caterpillar 777E,Equipment,First Entry,Last Entry,Net Hours,RD204,05-07-2026 06:36:16,"27,889.69",06-07-2026 05:28:23,"27,907.80",18.11
F03 - Caterpillar 777E,Equipment,First Entry,Last Entry,Net Hours,RD204,06-07-2026 06:38:24,"27,907.82",07-07-2026 02:24:27,"27,921.59",13.77
F03 - Caterpillar 777E,Equipment,First Entry,Last Entry,Net Hours,RD204,07-07-2026 07:50:29,"27,921.63",08-07-2026 00:01:06,"27,931.51",9.88
F03 - Caterpillar 777E,Equipment,First Entry,Last Entry,Net Hours,RD204,08-07-2026 07:09:09,"27,931.53",09-07-2026 05:25:35,"27,947.36",15.83
F03 - Caterpillar 777E,Equipment,First Entry,Last Entry,Net Hours,RD204,09-07-2026 06:45:35,"27,947.40",10-07-2026 05:21:00,"27,962.18",14.78
F03 - Caterpillar 777E,Equipment,First Entry,Last Entry,Net Hours,RD204,10-07-2026 06:31:01,"27,962.23",11-07-2026 00:51:33,"27,974.33",12.10
F03 - Caterpillar 777E,Equipment,First Entry,Last Entry,Net Hours,RD205,01-07-2026 06:32:39,"24,195.39",02-07-2026 05:26:54,"24,204.87",9.48
F03 - Caterpillar 777E,Equipment,First Entry,Last Entry,Net Hours,RD205,02-07-2026 06:34:54,"24,204.89",02-07-2026 15:57:48,"24,207.89",3.00
F03 - Caterpillar 777E,Equipment,First Entry,Last Entry,Net Hours,RD205,03-07-2026 11:39:18,"24,207.94",03-07-2026 11:45:18,"24,208.04",0.10
F03 - Caterpillar 777E,Equipment,First Entry,Last Entry,Net Hours,RD205,04-07-2026 12:57:02,"24,208.09",05-07-2026 05:28:36,"24,213.71",5.62
F03 - Caterpillar 777E,Equipment,First Entry,Last Entry,Net Hours,RD205,05-07-2026 06:35:37,"24,213.75",06-07-2026 04:52:23,"24,228.45",14.70
F03 - Caterpillar 777E,Equipment,First Entry,Last Entry,Net Hours,RD205,06-07-2026 06:41:24,"24,228.46",07-07-2026 05:26:39,"24,244.02",15.56
F03 - Caterpillar 777E,Equipment,First Entry,Last Entry,Net Hours,RD205,07-07-2026 06:38:40,"24,244.03",08-07-2026 05:22:27,"24,257.84",13.81
F03 - Caterpillar 777E,Equipment,First Entry,Last Entry,Net Hours,RD205,08-07-2026 06:32:27,"24,257.86",09-07-2026 05:34:33,"24,274.33",16.47
F03 - Caterpillar 777E,Equipment,First Entry,Last Entry,Net Hours,RD205,09-07-2026 06:34:33,"24,274.36",10-07-2026 05:10:08,"24,286.31",11.95
F03 - Caterpillar 777E,Equipment,First Entry,Last Entry,Net Hours,RD205,10-07-2026 06:29:09,"24,286.36",11-07-2026 05:19:12,"24,296.07",9.71
F03 - Caterpillar 777E,Equipment,First Entry,Last Entry,Net Hours,RD206,01-07-2026 06:39:26,"3,91,266.98",02-07-2026 05:25:41,"3,91,283.56",16.58
F03 - Caterpillar 777E,Equipment,First Entry,Last Entry,Net Hours,RD206,02-07-2026 06:32:41,"3,91,283.56",03-07-2026 05:24:10,"3,91,301.60",18.04
F03 - Caterpillar 777E,Equipment,First Entry,Last Entry,Net Hours,RD206,03-07-2026 06:35:11,"3,91,301.64",04-07-2026 05:27:26,"3,91,318.47",16.83
F03 - Caterpillar 777E,Equipment,First Entry,Last Entry,Net Hours,RD206,04-07-2026 06:43:27,"3,91,318.48",05-07-2026 05:43:25,"3,91,335.15",16.67
F03 - Caterpillar 777E,Equipment,First Entry,Last Entry,Net Hours,RD206,05-07-2026 06:42:25,"3,91,335.19",06-07-2026 05:28:41,"3,91,351.60",16.41
F03 - Caterpillar 777E,Equipment,First Entry,Last Entry,Net Hours,RD206,06-07-2026 06:43:42,"3,91,351.61",07-07-2026 05:26:49,"3,91,365.62",14.01
F03 - Caterpillar 777E,Equipment,First Entry,Last Entry,Net Hours,RD206,07-07-2026 06:49:50,"3,91,365.64",08-07-2026 05:22:56,"3,91,378.13",12.49
F03 - Caterpillar 777E,Equipment,First Entry,Last Entry,Net Hours,RD206,08-07-2026 06:37:56,"3,91,378.16",09-07-2026 05:31:25,"3,91,388.84",10.68
F03 - Caterpillar 777E,Equipment,First Entry,Last Entry,Net Hours,RD206,09-07-2026 06:36:25,"3,91,388.86",10-07-2026 05:24:40,"3,91,407.05",18.19
F03 - Caterpillar 777E,Equipment,First Entry,Last Entry,Net Hours,RD206,10-07-2026 06:28:41,"3,91,407.09",11-07-2026 05:26:56,"3,91,423.09",16.00
F03 - Caterpillar 777E,Equipment,First Entry,Last Entry,Net Hours,RD207,01-07-2026 06:41:33,"78,442.50",02-07-2026 05:35:53,"78,459.59",17.09
F03 - Caterpillar 777E,Equipment,First Entry,Last Entry,Net Hours,RD207,02-07-2026 06:31:53,"78,459.60",03-07-2026 05:23:07,"78,474.47",14.87
F03 - Caterpillar 777E,Equipment,First Entry,Last Entry,Net Hours,RD207,03-07-2026 06:39:07,"78,474.49",04-07-2026 05:30:22,"78,488.70",14.21
F03 - Caterpillar 777E,Equipment,First Entry,Last Entry,Net Hours,RD207,04-07-2026 06:34:23,"78,488.73",05-07-2026 05:34:19,"78,505.38",16.65
F03 - Caterpillar 777E,Equipment,First Entry,Last Entry,Net Hours,RD207,05-07-2026 06:30:20,"78,505.39",06-07-2026 05:30:40,"78,523.64",18.25
F03 - Caterpillar 777E,Equipment,First Entry,Last Entry,Net Hours,RD207,06-07-2026 06:23:40,"78,523.68",07-07-2026 05:47:20,"78,538.44",14.76
F03 - Caterpillar 777E,Equipment,First Entry,Last Entry,Net Hours,RD207,07-07-2026 06:41:20,"78,538.48",08-07-2026 05:52:37,"78,556.81",18.33
F03 - Caterpillar 777E,Equipment,First Entry,Last Entry,Net Hours,RD207,08-07-2026 06:38:37,"78,556.84",09-07-2026 05:32:06,"78,572.57",15.73
F03 - Caterpillar 777E,Equipment,First Entry,Last Entry,Net Hours,RD207,09-07-2026 06:24:06,"78,572.61",10-07-2026 05:23:24,"78,589.79",17.18
F03 - Caterpillar 777E,Equipment,First Entry,Last Entry,Net Hours,RD207,10-07-2026 06:19:25,"78,589.81",11-07-2026 05:22:41,"78,606.12",16.31
F04 - Caterpillar 777D SII,Equipment,First Entry,Last Entry,Net Hours,RD121,02-07-2026 06:45:43,"7,58,768.17",02-07-2026 21:14:20,"7,58,776.69",8.52
F04 - Caterpillar 777D SII,Equipment,First Entry,Last Entry,Net Hours,RD121,03-07-2026 11:51:32,"7,58,776.70",04-07-2026 05:41:16,"7,58,782.80",6.10
F04 - Caterpillar 777D SII,Equipment,First Entry,Last Entry,Net Hours,RD121,04-07-2026 06:29:17,"7,58,782.81",04-07-2026 20:27:32,"7,58,792.33",9.52
F04 - Caterpillar 777D SII,Equipment,First Entry,Last Entry,Net Hours,RD121,05-07-2026 19:47:53,"7,58,792.36",05-07-2026 19:47:53,"7,58,792.36",0.00
F04 - Caterpillar 777D SII,Equipment,First Entry,Last Entry,Net Hours,RD121,06-07-2026 08:05:06,"7,58,792.37",07-07-2026 05:02:45,"7,58,804.89",12.52
F04 - Caterpillar 777D SII,Equipment,First Entry,Last Entry,Net Hours,RD121,07-07-2026 06:46:46,"7,58,804.91",08-07-2026 05:14:23,"7,58,820.00",15.09
F04 - Caterpillar 777D SII,Equipment,First Entry,Last Entry,Net Hours,RD121,08-07-2026 06:49:24,"7,58,820.05",08-07-2026 21:21:33,"7,58,832.23",12.18
F04 - Caterpillar 777D SII,Equipment,First Entry,Last Entry,Net Hours,RD121,09-07-2026 07:45:44,"7,58,832.25",10-07-2026 05:33:01,"7,58,841.86",9.61
F04 - Caterpillar 777D SII,Equipment,First Entry,Last Entry,Net Hours,RD121,10-07-2026 06:38:03,"7,58,841.87",11-07-2026 05:29:33,"7,58,857.76",15.89
F04 - Caterpillar 777D SII,Equipment,First Entry,Last Entry,Net Hours,RD122,01-07-2026 12:07:13,"1,00,171.11",01-07-2026 21:34:29,"1,00,173.31",2.20
F04 - Caterpillar 777D SII,Equipment,First Entry,Last Entry,Net Hours,RD122,02-07-2026 08:36:41,"1,00,173.35",02-07-2026 14:42:06,"1,00,175.24",1.89
F04 - Caterpillar 777D SII,Equipment,First Entry,Last Entry,Net Hours,RD122,03-07-2026 11:54:23,"1,00,175.28",03-07-2026 11:57:23,"1,00,175.33",0.05
F04 - Caterpillar 777D SII,Equipment,First Entry,Last Entry,Net Hours,RD122,04-07-2026 12:20:44,"1,00,175.35",04-07-2026 17:35:55,"1,00,176.68",1.33
F04 - Caterpillar 777D SII,Equipment,First Entry,Last Entry,Net Hours,RD122,05-07-2026 17:37:00,"1,00,176.72",05-07-2026 17:37:00,"1,00,176.72",0.00
F04 - Caterpillar 777D SII,Equipment,First Entry,Last Entry,Net Hours,RD122,07-07-2026 04:57:14,"1,00,176.73",07-07-2026 05:48:09,"1,00,177.42",0.69
F04 - Caterpillar 777D SII,Equipment,First Entry,Last Entry,Net Hours,RD122,07-07-2026 07:07:11,"1,00,177.46",08-07-2026 00:45:31,"1,00,180.18",2.72
F04 - Caterpillar 777D SII,Equipment,First Entry,Last Entry,Net Hours,RD122,08-07-2026 07:20:38,"1,00,180.18",08-07-2026 12:40:46,"1,00,182.32",2.14
F04 - Caterpillar 777D SII,Equipment,First Entry,Last Entry,Net Hours,RD122,10-07-2026 15:22:02,"1,00,183.96",10-07-2026 23:49:27,"1,00,190.02",6.06
F04 - Caterpillar 777D SII,Equipment,First Entry,Last Entry,Net Hours,RD123,01-07-2026 10:52:01,"77,677.15",01-07-2026 20:32:51,"77,678.31",1.16
F04 - Caterpillar 777D SII,Equipment,First Entry,Last Entry,Net Hours,RD123,08-07-2026 06:53:34,"77,681.39",08-07-2026 16:16:48,"77,684.22",2.83
F04 - Caterpillar 777D SII,Equipment,First Entry,Last Entry,Net Hours,RD123,09-07-2026 16:07:11,"77,684.24",10-07-2026 05:18:17,"77,692.52",8.28
F04 - Caterpillar 777D SII,Equipment,First Entry,Last Entry,Net Hours,RD123,10-07-2026 06:29:19,"77,692.54",11-07-2026 05:35:29,"77,708.81",16.27
F04 - Caterpillar 777D SII,Equipment,First Entry,Last Entry,Net Hours,RD126,01-07-2026 06:39:52,"6,87,243.98",02-07-2026 01:06:28,"6,87,249.01",5.03
F04 - Caterpillar 777D SII,Equipment,First Entry,Last Entry,Net Hours,RD126,02-07-2026 06:35:34,"6,87,249.02",03-07-2026 03:15:12,"6,87,255.86",6.84
F04 - Caterpillar 777D SII,Equipment,First Entry,Last Entry,Net Hours,RD126,03-07-2026 07:12:03,"6,87,256.00",04-07-2026 01:54:59,"6,87,262.05",6.05
F04 - Caterpillar 777D SII,Equipment,First Entry,Last Entry,Net Hours,RD126,04-07-2026 06:31:03,"6,87,262.05",05-07-2026 00:21:24,"6,87,266.31",4.26
F04 - Caterpillar 777D SII,Equipment,First Entry,Last Entry,Net Hours,RD126,05-07-2026 19:42:40,"6,87,266.39",06-07-2026 05:21:31,"6,87,273.70",7.31
F04 - Caterpillar 777D SII,Equipment,First Entry,Last Entry,Net Hours,RD126,06-07-2026 22:29:44,"6,87,273.74",07-07-2026 05:21:03,"6,87,279.87",6.13
F04 - Caterpillar 777D SII,Equipment,First Entry,Last Entry,Net Hours,RD126,07-07-2026 06:48:04,"6,87,279.91",07-07-2026 15:58:19,"6,87,282.36",2.45
F04 - Caterpillar 777D SII,Equipment,First Entry,Last Entry,Net Hours,RD126,08-07-2026 09:40:33,"6,87,282.37",08-07-2026 11:40:03,"6,87,282.58",0.21
F04 - Caterpillar 777D SII,Equipment,First Entry,Last Entry,Net Hours,RD126,09-07-2026 11:31:44,"6,87,282.59",09-07-2026 18:46:07,"6,87,283.12",0.53
F04 - Caterpillar 777D SII,Equipment,First Entry,Last Entry,Net Hours,RD126,10-07-2026 07:02:18,"6,87,283.14",11-07-2026 05:15:13,"6,87,299.06",15.92
F04 - Caterpillar 777D SII,Equipment,First Entry,Last Entry,Net Hours,RD132,01-07-2026 06:00:53,"94,207.04",02-07-2026 05:58:40,"94,230.99",23.95
F04 - Caterpillar 777D SII,Equipment,First Entry,Last Entry,Net Hours,RD132,02-07-2026 06:01:41,"94,231.04",03-07-2026 05:57:19,"94,254.94",23.90
F04 - Caterpillar 777D SII,Equipment,First Entry,Last Entry,Net Hours,RD132,03-07-2026 06:00:19,"94,254.99",04-07-2026 05:59:10,"94,278.94",23.95
F04 - Caterpillar 777D SII,Equipment,First Entry,Last Entry,Net Hours,RD132,04-07-2026 06:02:10,"94,278.99",05-07-2026 05:58:09,"94,300.29",21.30
F04 - Caterpillar 777D SII,Equipment,First Entry,Last Entry,Net Hours,RD132,05-07-2026 06:01:09,"94,300.35",06-07-2026 05:57:03,"94,324.25",23.90
F04 - Caterpillar 777D SII,Equipment,First Entry,Last Entry,Net Hours,RD132,06-07-2026 06:00:03,"94,324.30",07-07-2026 05:58:57,"94,348.25",23.95
F04 - Caterpillar 777D SII,Equipment,First Entry,Last Entry,Net Hours,RD132,07-07-2026 06:01:57,"94,348.30",08-07-2026 05:59:59,"94,371.88",23.58
F04 - Caterpillar 777D SII,Equipment,First Entry,Last Entry,Net Hours,RD132,08-07-2026 06:02:59,"94,371.93",09-07-2026 05:57:49,"94,395.83",23.90
F04 - Caterpillar 777D SII,Equipment,First Entry,Last Entry,Net Hours,RD132,09-07-2026 06:00:49,"94,395.88",10-07-2026 05:59:06,"94,419.77",23.89
F04 - Caterpillar 777D SII,Equipment,First Entry,Last Entry,Net Hours,RD132,10-07-2026 06:02:07,"94,419.82",11-07-2026 05:57:53,"94,443.72",23.90
F04 - Caterpillar 777D SII,Equipment,First Entry,Last Entry,Net Hours,RD136,01-07-2026 06:00:25,"6,30,831.97",02-07-2026 05:57:45,"6,30,855.92",23.95
F04 - Caterpillar 777D SII,Equipment,First Entry,Last Entry,Net Hours,RD136,02-07-2026 06:00:45,"6,30,855.97",03-07-2026 05:58:19,"6,30,878.55",22.58
F04 - Caterpillar 777D SII,Equipment,First Entry,Last Entry,Net Hours,RD136,03-07-2026 06:01:19,"6,30,878.60",04-07-2026 05:59:05,"6,30,898.24",19.64
F04 - Caterpillar 777D SII,Equipment,First Entry,Last Entry,Net Hours,RD136,04-07-2026 06:02:05,"6,30,898.29",05-07-2026 05:59:58,"6,30,922.22",23.93
F04 - Caterpillar 777D SII,Equipment,First Entry,Last Entry,Net Hours,RD136,05-07-2026 06:02:58,"6,30,922.27",06-07-2026 05:57:32,"6,30,946.08",23.81
F04 - Caterpillar 777D SII,Equipment,First Entry,Last Entry,Net Hours,RD136,06-07-2026 06:00:32,"6,30,946.13",06-07-2026 07:12:32,"6,30,947.33",1.20
F04 - Caterpillar 777D SII,Equipment,First Entry,Last Entry,Net Hours,RD136,08-07-2026 17:30:56,"6,30,947.38",09-07-2026 05:57:08,"6,30,959.53",12.15
F04 - Caterpillar 777D SII,Equipment,First Entry,Last Entry,Net Hours,RD136,09-07-2026 06:00:08,"6,30,959.58",10-07-2026 05:57:25,"6,30,983.53",23.95
F04 - Caterpillar 777D SII,Equipment,First Entry,Last Entry,Net Hours,RD136,10-07-2026 06:00:25,"6,30,983.58",11-07-2026 05:59:33,"6,31,007.21",23.63
F04 - Caterpillar 777D SII,Equipment,First Entry,Last Entry,Net Hours,RD141,01-07-2026 06:32:48,"7,27,587.87",01-07-2026 12:27:52,"7,27,592.60",4.73
F04 - Caterpillar 777D SII,Equipment,First Entry,Last Entry,Net Hours,RD141,02-07-2026 10:12:01,"7,27,592.75",02-07-2026 12:26:02,"7,27,593.08",0.33
F04 - Caterpillar 777D SII,Equipment,First Entry,Last Entry,Net Hours,RD141,06-07-2026 20:29:15,"7,27,593.09",07-07-2026 05:29:20,"7,27,600.20",7.11
F04 - Caterpillar 777D SII,Equipment,First Entry,Last Entry,Net Hours,RD141,07-07-2026 06:44:21,"7,27,600.22",08-07-2026 05:20:04,"7,27,617.60",17.38
F04 - Caterpillar 777D SII,Equipment,First Entry,Last Entry,Net Hours,RD141,08-07-2026 06:41:05,"7,27,617.63",08-07-2026 21:41:38,"7,27,629.27",11.64
F04 - Caterpillar 777D SII,Equipment,First Entry,Last Entry,Net Hours,RD141,09-07-2026 06:40:42,"7,27,629.32",10-07-2026 01:04:35,"7,27,641.73",12.41
F04 - Caterpillar 777D SII,Equipment,First Entry,Last Entry,Net Hours,RD141,10-07-2026 06:29:37,"7,27,641.73",11-07-2026 05:41:51,"7,27,660.42",18.69
F06 - Tata Hitachi EX1200-6,Equipment,First Entry,Last Entry,Net Hours,EX009,01-07-2026 09:16:09,"31,907.18",01-07-2026 21:26:25,"31,914.04",6.86
F06 - Tata Hitachi EX1200-6,Equipment,First Entry,Last Entry,Net Hours,EX009,02-07-2026 06:54:29,"31,914.07",02-07-2026 20:40:27,"31,914.85",0.78
F06 - Tata Hitachi EX1200-6,Equipment,First Entry,Last Entry,Net Hours,EX009,03-07-2026 07:13:31,"31,914.89",04-07-2026 05:25:41,"31,930.83",15.94
F06 - Tata Hitachi EX1200-6,Equipment,First Entry,Last Entry,Net Hours,EX009,04-07-2026 06:37:42,"31,930.85",04-07-2026 20:23:48,"31,943.31",12.46
F06 - Tata Hitachi EX1200-6,Equipment,First Entry,Last Entry,Net Hours,EX009,05-07-2026 09:56:53,"31,943.45",06-07-2026 05:19:21,"31,951.98",8.53
F06 - Tata Hitachi EX1200-6,Equipment,First Entry,Last Entry,Net Hours,EX009,06-07-2026 07:56:22,"31,952.01",07-07-2026 05:00:32,"31,967.86",15.85
F06 - Tata Hitachi EX1200-6,Equipment,First Entry,Last Entry,Net Hours,EX009,07-07-2026 06:35:32,"31,967.89",08-07-2026 05:28:42,"31,983.98",16.09
F06 - Tata Hitachi EX1200-6,Equipment,First Entry,Last Entry,Net Hours,EX009,08-07-2026 06:33:42,"31,984.01",09-07-2026 05:17:18,"31,999.52",15.51
F06 - Tata Hitachi EX1200-6,Equipment,First Entry,Last Entry,Net Hours,EX009,09-07-2026 06:31:19,"31,999.54",10-07-2026 05:20:33,"32,018.48",18.94
F06 - Tata Hitachi EX1200-6,Equipment,First Entry,Last Entry,Net Hours,EX009,10-07-2026 06:31:33,"32,018.52",11-07-2026 05:16:47,"32,035.89",17.37
F06 - Tata Hitachi EX1200-6,Equipment,First Entry,Last Entry,Net Hours,EX010,01-07-2026 06:45:36,"31,611.05",02-07-2026 05:18:32,"31,620.77",9.72
F06 - Tata Hitachi EX1200-6,Equipment,First Entry,Last Entry,Net Hours,EX010,02-07-2026 06:47:56,"31,620.80",03-07-2026 05:22:41,"31,637.00",16.20
F06 - Tata Hitachi EX1200-6,Equipment,First Entry,Last Entry,Net Hours,EX010,03-07-2026 06:48:10,"31,637.09",03-07-2026 23:28:21,"31,648.99",11.90
F06 - Tata Hitachi EX1200-6,Equipment,First Entry,Last Entry,Net Hours,EX010,04-07-2026 06:40:03,"31,649.04",05-07-2026 05:21:35,"31,664.50",15.46
F06 - Tata Hitachi EX1200-6,Equipment,First Entry,Last Entry,Net Hours,EX010,05-07-2026 06:40:22,"31,664.55",06-07-2026 05:15:38,"31,676.11",11.56
F06 - Tata Hitachi EX1200-6,Equipment,First Entry,Last Entry,Net Hours,EX010,06-07-2026 06:47:47,"31,676.21",06-07-2026 23:47:21,"31,687.41",11.20
F06 - Tata Hitachi EX1200-6,Equipment,First Entry,Last Entry,Net Hours,EX010,07-07-2026 06:38:52,"31,687.45",08-07-2026 04:51:26,"31,703.20",15.75
F06 - Tata Hitachi EX1200-6,Equipment,First Entry,Last Entry,Net Hours,EX010,08-07-2026 06:44:13,"31,703.25",09-07-2026 02:45:14,"31,710.60",7.35
F06 - Tata Hitachi EX1200-6,Equipment,First Entry,Last Entry,Net Hours,EX010,09-07-2026 06:46:16,"31,710.61",10-07-2026 05:18:43,"31,724.01",13.40
F06 - Tata Hitachi EX1200-6,Equipment,First Entry,Last Entry,Net Hours,EX010,10-07-2026 06:30:49,"31,724.04",11-07-2026 05:24:28,"31,737.78",13.74
F06 - Tata Hitachi EX1200-6,Equipment,First Entry,Last Entry,Net Hours,EX012,01-07-2026 06:56:18,"1,33,630.56",02-07-2026 05:20:42,"1,33,643.62",13.06
F06 - Tata Hitachi EX1200-6,Equipment,First Entry,Last Entry,Net Hours,EX012,02-07-2026 06:46:43,"1,33,643.66",03-07-2026 05:22:25,"1,33,658.68",15.02
F06 - Tata Hitachi EX1200-6,Equipment,First Entry,Last Entry,Net Hours,EX012,03-07-2026 06:42:25,"1,33,658.69",04-07-2026 05:19:37,"1,33,676.13",17.44
F06 - Tata Hitachi EX1200-6,Equipment,First Entry,Last Entry,Net Hours,EX012,04-07-2026 06:41:38,"1,33,676.14",05-07-2026 05:27:13,"1,33,692.58",16.44
F06 - Tata Hitachi EX1200-6,Equipment,First Entry,Last Entry,Net Hours,EX012,05-07-2026 06:29:14,"1,33,692.59",06-07-2026 05:16:23,"1,33,712.47",19.88
F06 - Tata Hitachi EX1200-6,Equipment,First Entry,Last Entry,Net Hours,EX012,06-07-2026 06:38:24,"1,33,712.50",07-07-2026 02:55:48,"1,33,723.29",10.79
F06 - Tata Hitachi EX1200-6,Equipment,First Entry,Last Entry,Net Hours,EX012,07-07-2026 08:12:40,"1,33,723.32",08-07-2026 03:25:05,"1,33,736.18",12.86
F06 - Tata Hitachi EX1200-6,Equipment,First Entry,Last Entry,Net Hours,EX012,08-07-2026 06:33:06,"1,33,736.20",09-07-2026 05:19:39,"1,33,752.50",16.30
F06 - Tata Hitachi EX1200-6,Equipment,First Entry,Last Entry,Net Hours,EX012,09-07-2026 07:14:41,"1,33,752.54",10-07-2026 04:50:48,"1,33,761.17",8.63
F06 - Tata Hitachi EX1200-6,Equipment,First Entry,Last Entry,Net Hours,EX012,10-07-2026 06:38:49,"1,33,761.21",11-07-2026 05:16:58,"1,33,768.08",6.87
F07 - Tata Hitachi EX2500-5,Equipment,First Entry,Last Entry,Net Hours,EX001,01-07-2026 06:38:35,"22,326.10",02-07-2026 05:18:43,"22,342.42",16.32
F07 - Tata Hitachi EX2500-5,Equipment,First Entry,Last Entry,Net Hours,EX001,02-07-2026 06:31:44,"22,342.44",03-07-2026 05:27:54,"22,360.24",17.80
F07 - Tata Hitachi EX2500-5,Equipment,First Entry,Last Entry,Net Hours,EX001,03-07-2026 06:31:54,"22,360.27",03-07-2026 11:58:17,"22,365.05",4.78
F07 - Tata Hitachi EX2500-5,Equipment,First Entry,Last Entry,Net Hours,EX001,04-07-2026 15:35:53,"22,365.10",04-07-2026 15:44:54,"22,365.25",0.15
F07 - Tata Hitachi EX2500-5,Equipment,First Entry,Last Entry,Net Hours,EX001,10-07-2026 13:11:21,"22,365.25",11-07-2026 02:40:36,"22,368.08",2.83
F08 - Liebherr R9250,Equipment,First Entry,Last Entry,Net Hours,EX006,01-07-2026 06:47:22,"10,01,056.48",02-07-2026 05:49:34,"10,01,075.94",19.46
F08 - Liebherr R9250,Equipment,First Entry,Last Entry,Net Hours,EX006,02-07-2026 06:07:34,"10,01,075.96",03-07-2026 05:58:46,"10,01,096.38",20.42
F08 - Liebherr R9250,Equipment,First Entry,Last Entry,Net Hours,EX006,03-07-2026 06:01:46,"10,01,096.43",04-07-2026 05:59:59,"10,01,115.58",19.15
F08 - Liebherr R9250,Equipment,First Entry,Last Entry,Net Hours,EX006,04-07-2026 06:02:59,"10,01,115.63",05-07-2026 05:48:40,"10,01,131.05",15.42
F08 - Liebherr R9250,Equipment,First Entry,Last Entry,Net Hours,EX006,05-07-2026 06:11:40,"10,01,131.09",06-07-2026 01:10:50,"10,01,144.99",13.90
F08 - Liebherr R9250,Equipment,First Entry,Last Entry,Net Hours,EX006,06-07-2026 07:24:53,"10,01,145.02",07-07-2026 05:07:17,"10,01,155.69",10.67
F08 - Liebherr R9250,Equipment,First Entry,Last Entry,Net Hours,EX006,07-07-2026 06:18:18,"10,01,155.69",08-07-2026 05:58:31,"10,01,175.50",19.81
F08 - Liebherr R9250,Equipment,First Entry,Last Entry,Net Hours,EX006,08-07-2026 06:01:31,"10,01,175.55",09-07-2026 05:59:56,"10,01,193.09",17.54
F08 - Liebherr R9250,Equipment,First Entry,Last Entry,Net Hours,EX006,09-07-2026 06:50:00,"10,01,193.10",09-07-2026 23:35:08,"10,01,207.20",14.10
F08 - Liebherr R9250,Equipment,First Entry,Last Entry,Net Hours,EX006,10-07-2026 06:31:12,"10,01,207.22",11-07-2026 05:14:23,"10,01,223.43",16.21
F09 - Tata Hitachi EX2500-6,Equipment,First Entry,Last Entry,Net Hours,EX004,01-07-2026 06:01:33,"1,41,762.80",02-07-2026 05:57:25,"1,41,786.70",23.90
F09 - Tata Hitachi EX2500-6,Equipment,First Entry,Last Entry,Net Hours,EX004,02-07-2026 06:00:25,"1,41,786.75",03-07-2026 05:57:38,"1,41,810.70",23.95
F09 - Tata Hitachi EX2500-6,Equipment,First Entry,Last Entry,Net Hours,EX004,03-07-2026 06:00:38,"1,41,810.75",04-07-2026 05:59:17,"1,41,834.19",23.44
F09 - Tata Hitachi EX2500-6,Equipment,First Entry,Last Entry,Net Hours,EX004,04-07-2026 06:02:17,"1,41,834.24",05-07-2026 05:58:02,"1,41,856.54",22.30
F09 - Tata Hitachi EX2500-6,Equipment,First Entry,Last Entry,Net Hours,EX004,05-07-2026 06:01:02,"1,41,856.59",06-07-2026 05:58:48,"1,41,880.51",23.92
F09 - Tata Hitachi EX2500-6,Equipment,First Entry,Last Entry,Net Hours,EX004,06-07-2026 06:01:48,"1,41,880.56",07-07-2026 05:59:02,"1,41,904.51",23.95
F09 - Tata Hitachi EX2500-6,Equipment,First Entry,Last Entry,Net Hours,EX004,07-07-2026 06:02:02,"1,41,904.56",08-07-2026 05:58:43,"1,41,927.50",22.94
F09 - Tata Hitachi EX2500-6,Equipment,First Entry,Last Entry,Net Hours,EX004,08-07-2026 06:01:45,"1,41,927.55",09-07-2026 05:59:34,"1,41,947.99",20.44
F09 - Tata Hitachi EX2500-6,Equipment,First Entry,Last Entry,Net Hours,EX004,09-07-2026 06:02:34,"1,41,948.04",10-07-2026 05:59:46,"1,41,971.99",23.95
F09 - Tata Hitachi EX2500-6,Equipment,First Entry,Last Entry,Net Hours,EX004,10-07-2026 06:02:47,"1,41,972.04",11-07-2026 05:59:15,"1,41,995.62",23.58
F09 - Tata Hitachi EX2500-6,Equipment,First Entry,Last Entry,Net Hours,EX005,01-07-2026 06:34:20,"22,236.01",02-07-2026 05:59:29,"22,257.54",21.53
F09 - Tata Hitachi EX2500-6,Equipment,First Entry,Last Entry,Net Hours,EX005,02-07-2026 06:02:30,"22,257.59",03-07-2026 05:28:00,"22,275.95",18.36
F09 - Tata Hitachi EX2500-6,Equipment,First Entry,Last Entry,Net Hours,EX005,03-07-2026 06:32:01,"22,275.98",04-07-2026 05:29:11,"22,295.08",19.10
F09 - Tata Hitachi EX2500-6,Equipment,First Entry,Last Entry,Net Hours,EX005,04-07-2026 06:09:12,"22,295.11",05-07-2026 05:27:21,"22,313.12",18.01
F09 - Tata Hitachi EX2500-6,Equipment,First Entry,Last Entry,Net Hours,EX005,05-07-2026 06:27:22,"22,313.13",06-07-2026 05:25:45,"22,330.91",17.78
F09 - Tata Hitachi EX2500-6,Equipment,First Entry,Last Entry,Net Hours,EX005,06-07-2026 06:24:46,"22,330.95",07-07-2026 05:27:28,"22,350.62",19.67
F09 - Tata Hitachi EX2500-6,Equipment,First Entry,Last Entry,Net Hours,EX005,07-07-2026 06:52:29,"22,350.63",08-07-2026 04:17:38,"22,368.82",18.19
F09 - Tata Hitachi EX2500-6,Equipment,First Entry,Last Entry,Net Hours,EX005,08-07-2026 06:42:39,"22,368.83",09-07-2026 02:47:11,"22,384.11",15.28
F09 - Tata Hitachi EX2500-6,Equipment,First Entry,Last Entry,Net Hours,EX005,09-07-2026 06:48:13,"22,384.14",10-07-2026 04:39:16,"22,399.20",15.06
F09 - Tata Hitachi EX2500-6,Equipment,First Entry,Last Entry,Net Hours,EX005,10-07-2026 06:42:17,"22,399.23",11-07-2026 05:28:25,"22,413.05",13.82
F11 - Caterpillar 988H,Equipment,First Entry,Last Entry,Net Hours,PL2K05,01-07-2026 06:47:51,"41,182.46",01-07-2026 21:27:27,"41,189.41",6.95
F11 - Caterpillar 988H,Equipment,First Entry,Last Entry,Net Hours,PL2K05,02-07-2026 07:32:50,"41,189.45",03-07-2026 05:14:44,"41,203.88",14.43
F11 - Caterpillar 988H,Equipment,First Entry,Last Entry,Net Hours,PL2K05,03-07-2026 06:41:36,"41,203.90",03-07-2026 16:59:12,"41,211.14",7.24
F11 - Caterpillar 988H,Equipment,First Entry,Last Entry,Net Hours,PL2K05,04-07-2026 19:03:55,"41,211.15",04-07-2026 23:07:35,"41,211.49",0.34
F11 - Caterpillar 988H,Equipment,First Entry,Last Entry,Net Hours,PL2K05,05-07-2026 06:42:23,"41,211.51",06-07-2026 05:12:42,"41,217.14",5.63
F11 - Caterpillar 988H,Equipment,First Entry,Last Entry,Net Hours,PL2K05,06-07-2026 06:38:36,"41,217.17",07-07-2026 05:20:51,"41,222.82",5.65
F11 - Caterpillar 988H,Equipment,First Entry,Last Entry,Net Hours,PL2K05,07-07-2026 06:49:47,"41,222.86",08-07-2026 05:12:51,"41,227.25",4.39
F11 - Caterpillar 988H,Equipment,First Entry,Last Entry,Net Hours,PL2K05,08-07-2026 06:53:58,"41,227.29",09-07-2026 05:20:26,"41,232.84",5.55
F11 - Caterpillar 988H,Equipment,First Entry,Last Entry,Net Hours,PL2K05,09-07-2026 06:41:16,"41,232.87",10-07-2026 00:51:07,"41,242.69",9.82
F11 - Caterpillar 988H,Equipment,First Entry,Last Entry,Net Hours,PL2K05,10-07-2026 06:34:08,"41,242.72",11-07-2026 05:16:22,"41,248.25",5.53
F11 - Caterpillar 988H,Equipment,First Entry,Last Entry,Net Hours,PL2K06,01-07-2026 06:29:47,"31,005.65",02-07-2026 05:27:38,"31,019.15",13.50
F11 - Caterpillar 988H,Equipment,First Entry,Last Entry,Net Hours,PL2K06,02-07-2026 06:28:39,"31,019.16",02-07-2026 23:02:46,"31,023.24",4.08
F11 - Caterpillar 988H,Equipment,First Entry,Last Entry,Net Hours,PL2K06,03-07-2026 06:59:50,"31,023.28",04-07-2026 05:14:59,"31,032.07",8.79
F11 - Caterpillar 988H,Equipment,First Entry,Last Entry,Net Hours,PL2K06,04-07-2026 07:33:00,"31,032.12",05-07-2026 05:13:05,"31,047.13",15.01
F11 - Caterpillar 988H,Equipment,First Entry,Last Entry,Net Hours,PL2K06,05-07-2026 10:21:07,"31,047.16",06-07-2026 01:26:14,"31,058.06",10.90
F11 - Caterpillar 988H,Equipment,First Entry,Last Entry,Net Hours,PL2K06,06-07-2026 07:54:17,"31,058.08",07-07-2026 02:11:25,"31,068.04",9.96
F11 - Caterpillar 988H,Equipment,First Entry,Last Entry,Net Hours,PL2K06,07-07-2026 06:57:27,"31,068.09",08-07-2026 01:32:35,"31,081.72",13.63
F11 - Caterpillar 988H,Equipment,First Entry,Last Entry,Net Hours,PL2K06,08-07-2026 06:39:37,"31,081.74",09-07-2026 01:06:10,"31,092.05",10.31
F11 - Caterpillar 988H,Equipment,First Entry,Last Entry,Net Hours,PL2K06,09-07-2026 06:56:12,"31,092.07",10-07-2026 02:58:21,"31,098.42",6.35
F11 - Caterpillar 988H,Equipment,First Entry,Last Entry,Net Hours,PL2K06,10-07-2026 08:55:07,"31,098.44",11-07-2026 05:19:15,"31,110.95",12.51
F17 - Tata Hitachi EX2600-7,Equipment,First Entry,Last Entry,Net Hours,EX0009,01-07-2026 07:03:07,"55,143.19",01-07-2026 11:04:46,"55,143.91",0.72
F17 - Tata Hitachi EX2600-7,Equipment,First Entry,Last Entry,Net Hours,EX0009,02-07-2026 08:07:40,"55,143.94",03-07-2026 02:28:38,"55,144.21",0.27
F17 - Tata Hitachi EX2600-7,Equipment,First Entry,Last Entry,Net Hours,EX0009,03-07-2026 15:54:54,"55,144.26",03-07-2026 15:54:54,"55,144.26",0.00
F17 - Tata Hitachi EX2600-7,Equipment,First Entry,Last Entry,Net Hours,EX0009,04-07-2026 16:37:30,"55,144.27",04-07-2026 16:40:16,"55,144.32",0.05
F17 - Tata Hitachi EX2600-7,Equipment,First Entry,Last Entry,Net Hours,EX0009,05-07-2026 06:52:45,"55,144.35",05-07-2026 07:04:34,"55,144.55",0.20
F17 - Tata Hitachi EX2600-7,Equipment,First Entry,Last Entry,Net Hours,EX0009,07-07-2026 11:48:24,"55,144.58",07-07-2026 12:46:20,"55,144.68",0.10
F17 - Tata Hitachi EX2600-7,Equipment,First Entry,Last Entry,Net Hours,EX0009,08-07-2026 19:10:21,"55,144.68",08-07-2026 19:37:08,"55,145.13",0.45
F17 - Tata Hitachi EX2600-7,Equipment,First Entry,Last Entry,Net Hours,EX0009,09-07-2026 10:41:56,"55,145.15",09-07-2026 17:01:46,"55,147.42",2.27
F17 - Tata Hitachi EX2600-7,Equipment,First Entry,Last Entry,Net Hours,EX0009,10-07-2026 11:15:43,"55,147.43",10-07-2026 20:05:14,"55,149.66",2.23
F17 - Tata Hitachi EX2600-7,Equipment,First Entry,Last Entry,Net Hours,EX0010,01-07-2026 06:29:37,"30,718.72",02-07-2026 05:24:50,"30,736.19",17.47
F17 - Tata Hitachi EX2600-7,Equipment,First Entry,Last Entry,Net Hours,EX0010,02-07-2026 06:43:03,"30,736.21",03-07-2026 05:16:11,"30,755.10",18.89
F17 - Tata Hitachi EX2600-7,Equipment,First Entry,Last Entry,Net Hours,EX0010,03-07-2026 06:09:07,"30,755.12",04-07-2026 04:09:36,"30,767.66",12.54
F17 - Tata Hitachi EX2600-7,Equipment,First Entry,Last Entry,Net Hours,EX0010,04-07-2026 06:37:08,"30,767.71",05-07-2026 05:28:53,"30,783.67",15.96
F17 - Tata Hitachi EX2600-7,Equipment,First Entry,Last Entry,Net Hours,EX0010,05-07-2026 06:36:16,"30,783.71",06-07-2026 05:23:35,"30,797.97",14.26
F17 - Tata Hitachi EX2600-7,Equipment,First Entry,Last Entry,Net Hours,EX0010,06-07-2026 06:33:26,"30,798.01",07-07-2026 05:29:05,"30,818.36",20.35
F17 - Tata Hitachi EX2600-7,Equipment,First Entry,Last Entry,Net Hours,EX0010,07-07-2026 06:57:59,"30,818.41",08-07-2026 05:30:05,"30,838.82",20.41
F17 - Tata Hitachi EX2600-7,Equipment,First Entry,Last Entry,Net Hours,EX0010,08-07-2026 06:37:26,"30,838.87",09-07-2026 05:27:47,"30,857.75",18.88
F17 - Tata Hitachi EX2600-7,Equipment,First Entry,Last Entry,Net Hours,EX0010,09-07-2026 06:47:58,"30,857.76",10-07-2026 05:30:15,"30,876.52",18.76
F17 - Tata Hitachi EX2600-7,Equipment,First Entry,Last Entry,Net Hours,EX0010,10-07-2026 06:44:41,"30,876.57",11-07-2026 05:29:35,"30,895.00",18.43
F17 - Tata Hitachi EX2600-7,Equipment,First Entry,Last Entry,Net Hours,EX0011,01-07-2026 23:46:06,"84,599.69",02-07-2026 03:40:08,"84,603.59",3.90
F17 - Tata Hitachi EX2600-7,Equipment,First Entry,Last Entry,Net Hours,EX0011,02-07-2026 15:34:46,"84,613.34",02-07-2026 21:10:48,"84,618.94",5.60
F17 - Tata Hitachi EX2600-7,Equipment,First Entry,Last Entry,Net Hours,EX0011,03-07-2026 13:26:34,"84,633.04",04-07-2026 05:21:37,"84,642.49",9.45
F17 - Tata Hitachi EX2600-7,Equipment,First Entry,Last Entry,Net Hours,EX0011,04-07-2026 06:29:20,"84,642.65",04-07-2026 22:40:13,"84,655.99",13.34
F17 - Tata Hitachi EX2600-7,Equipment,First Entry,Last Entry,Net Hours,EX0011,05-07-2026 06:08:29,"84,662.92",06-07-2026 05:30:04,"84,679.90",16.98
F17 - Tata Hitachi EX2600-7,Equipment,First Entry,Last Entry,Net Hours,EX0011,06-07-2026 06:20:05,"84,679.93",07-07-2026 05:27:50,"84,698.13",18.20
F17 - Tata Hitachi EX2600-7,Equipment,First Entry,Last Entry,Net Hours,EX0011,07-07-2026 07:04:36,"84,698.18",08-07-2026 05:33:16,"84,717.40",19.22
F17 - Tata Hitachi EX2600-7,Equipment,First Entry,Last Entry,Net Hours,EX0011,08-07-2026 06:23:01,"84,717.45",09-07-2026 05:31:24,"84,734.14",16.69
F17 - Tata Hitachi EX2600-7,Equipment,First Entry,Last Entry,Net Hours,EX0011,09-07-2026 06:21:34,"84,734.17",10-07-2026 05:58:19,"84,753.93",19.76
F17 - Tata Hitachi EX2600-7,Equipment,First Entry,Last Entry,Net Hours,EX0011,10-07-2026 06:01:19,"84,753.98",11-07-2026 05:33:20,"84,771.86",17.88
F17 - Tata Hitachi EX2600-7,Equipment,First Entry,Last Entry,Net Hours,EX007,01-07-2026 06:26:37,"86,837.24",02-07-2026 05:18:36,"86,855.03",17.79
F17 - Tata Hitachi EX2600-7,Equipment,First Entry,Last Entry,Net Hours,EX007,02-07-2026 06:22:45,"86,855.15",03-07-2026 05:23:47,"86,874.39",19.24
F17 - Tata Hitachi EX2600-7,Equipment,First Entry,Last Entry,Net Hours,EX007,03-07-2026 06:23:42,"86,874.47",04-07-2026 05:21:04,"86,894.24",19.77
F17 - Tata Hitachi EX2600-7,Equipment,First Entry,Last Entry,Net Hours,EX007,04-07-2026 06:25:58,"86,894.26",05-07-2026 05:27:44,"86,913.41",19.15
F17 - Tata Hitachi EX2600-7,Equipment,First Entry,Last Entry,Net Hours,EX007,05-07-2026 06:21:42,"86,913.46",06-07-2026 05:58:44,"86,931.70",18.24
F17 - Tata Hitachi EX2600-7,Equipment,First Entry,Last Entry,Net Hours,EX007,06-07-2026 08:27:50,"86,931.75",07-07-2026 05:30:27,"86,944.15",12.40
F17 - Tata Hitachi EX2600-7,Equipment,First Entry,Last Entry,Net Hours,EX007,07-07-2026 06:38:15,"86,944.19",08-07-2026 05:27:20,"86,961.44",17.25
F17 - Tata Hitachi EX2600-7,Equipment,First Entry,Last Entry,Net Hours,EX007,08-07-2026 06:31:53,"86,961.49",09-07-2026 05:24:53,"86,980.20",18.71
F17 - Tata Hitachi EX2600-7,Equipment,First Entry,Last Entry,Net Hours,EX007,09-07-2026 06:27:53,"86,980.25",10-07-2026 05:29:25,"86,998.83",18.58
F17 - Tata Hitachi EX2600-7,Equipment,First Entry,Last Entry,Net Hours,EX007,10-07-2026 06:26:35,"86,998.87",11-07-2026 05:29:41,"87,016.59",17.72
F17 - Tata Hitachi EX2600-7,Equipment,First Entry,Last Entry,Net Hours,EX008,01-07-2026 06:52:14,"19,740.30",02-07-2026 05:26:33,"19,754.40",14.10
F17 - Tata Hitachi EX2600-7,Equipment,First Entry,Last Entry,Net Hours,EX008,02-07-2026 06:42:59,"19,754.43",03-07-2026 05:27:21,"19,773.59",19.16
F17 - Tata Hitachi EX2600-7,Equipment,First Entry,Last Entry,Net Hours,EX008,03-07-2026 06:29:15,"19,773.61",04-07-2026 05:27:40,"19,790.65",17.04
F17 - Tata Hitachi EX2600-7,Equipment,First Entry,Last Entry,Net Hours,EX008,04-07-2026 06:31:42,"19,790.69",05-07-2026 05:25:07,"19,805.68",14.99
F17 - Tata Hitachi EX2600-7,Equipment,First Entry,Last Entry,Net Hours,EX008,05-07-2026 06:29:55,"19,805.69",06-07-2026 05:58:26,"19,823.69",18.00
F17 - Tata Hitachi EX2600-7,Equipment,First Entry,Last Entry,Net Hours,EX008,06-07-2026 06:01:26,"19,823.74",07-07-2026 05:23:31,"19,840.09",16.35
F17 - Tata Hitachi EX2600-7,Equipment,First Entry,Last Entry,Net Hours,EX008,07-07-2026 06:51:59,"19,840.13",08-07-2026 05:26:40,"19,854.73",14.60
F17 - Tata Hitachi EX2600-7,Equipment,First Entry,Last Entry,Net Hours,EX008,08-07-2026 06:42:16,"19,854.76",09-07-2026 05:27:17,"19,874.78",20.02
F17 - Tata Hitachi EX2600-7,Equipment,First Entry,Last Entry,Net Hours,EX008,09-07-2026 06:37:41,"19,874.79",10-07-2026 05:29:16,"19,892.11",17.32
F17 - Tata Hitachi EX2600-7,Equipment,First Entry,Last Entry,Net Hours,EX008,10-07-2026 06:32:40,"19,892.13",11-07-2026 05:29:41,"19,905.15",13.02
F18 - KOMATSU WE1150,Equipment,First Entry,Last Entry,Net Hours,PL003,02-07-2026 22:45:39,"6,081.66",03-07-2026 05:25:36,"6,086.68",5.02
F18 - KOMATSU WE1150,Equipment,First Entry,Last Entry,Net Hours,PL003,03-07-2026 06:41:55,"6,086.75",04-07-2026 05:16:08,"6,106.05",19.30
F18 - KOMATSU WE1150,Equipment,First Entry,Last Entry,Net Hours,PL003,04-07-2026 06:36:08,"6,106.07",05-07-2026 05:25:42,"6,124.86",18.79
F18 - KOMATSU WE1150,Equipment,First Entry,Last Entry,Net Hours,PL003,05-07-2026 06:24:37,"6,124.90",06-07-2026 05:23:03,"6,141.62",16.72
F18 - KOMATSU WE1150,Equipment,First Entry,Last Entry,Net Hours,PL003,06-07-2026 06:27:11,"6,141.73",07-07-2026 01:03:46,"6,157.77",16.04
F18 - KOMATSU WE1150,Equipment,First Entry,Last Entry,Net Hours,PL003,07-07-2026 08:41:56,"6,157.81",08-07-2026 00:10:21,"6,165.25",7.44
F18 - KOMATSU WE1150,Equipment,First Entry,Last Entry,Net Hours,PL003,08-07-2026 06:28:45,"6,165.27",09-07-2026 04:26:22,"6,181.82",16.55
F18 - KOMATSU WE1150,Equipment,First Entry,Last Entry,Net Hours,PL003,09-07-2026 09:34:13,"6,182.59",10-07-2026 05:05:19,"6,184.24",1.65
F18 - KOMATSU WE1150,Equipment,First Entry,Last Entry,Net Hours,PL003,10-07-2026 08:33:09,"6,184.29",11-07-2026 00:25:36,"6,195.63",11.34
F18 - KOMATSU WE1150,Equipment,First Entry,Last Entry,Net Hours,PL004,01-07-2026 08:37:02,"14,539.62",02-07-2026 05:10:10,"14,545.06",5.44
F18 - KOMATSU WE1150,Equipment,First Entry,Last Entry,Net Hours,PL004,02-07-2026 13:47:13,"14,545.09",03-07-2026 05:54:21,"14,558.08",12.99
F18 - KOMATSU WE1150,Equipment,First Entry,Last Entry,Net Hours,PL004,03-07-2026 06:31:21,"14,558.10",04-07-2026 05:45:32,"14,575.96",17.86
F18 - KOMATSU WE1150,Equipment,First Entry,Last Entry,Net Hours,PL004,04-07-2026 06:34:31,"14,575.97",05-07-2026 04:59:40,"14,591.82",15.85
F18 - KOMATSU WE1150,Equipment,First Entry,Last Entry,Net Hours,PL004,05-07-2026 10:17:42,"14,595.28",06-07-2026 05:42:49,"14,604.20",8.92
F18 - KOMATSU WE1150,Equipment,First Entry,Last Entry,Net Hours,PL004,06-07-2026 06:24:50,"14,604.22",06-07-2026 21:47:41,"14,612.94",8.72
F18 - KOMATSU WE1150,Equipment,First Entry,Last Entry,Net Hours,PL004,07-07-2026 06:52:45,"14,612.95",08-07-2026 05:35:54,"14,630.32",17.37
F18 - KOMATSU WE1150,Equipment,First Entry,Last Entry,Net Hours,PL004,08-07-2026 06:30:54,"14,630.32",09-07-2026 05:59:26,"14,642.02",11.70
F18 - KOMATSU WE1150,Equipment,First Entry,Last Entry,Net Hours,PL004,09-07-2026 06:02:26,"14,642.07",10-07-2026 05:28:35,"14,661.76",19.69
F18 - KOMATSU WE1150,Equipment,First Entry,Last Entry,Net Hours,PL004,10-07-2026 06:38:35,"14,661.78",11-07-2026 05:22:43,"14,673.27",11.49

