textbox1,textbox19,textbox20,textbox17,textbox16,textbox14,textbox12,textbox15,textbox13,textbox7,textbox26,textbox27,textbox297,textbox298,textbox28,textbox18
Status and Sub-Status by Hauling Unit,Report Created On:,12-08-2026,Description:,Parameters:,Start Shift Date:,01-07-2026,End Shift Date:,31-07-2026,,,All,Status Category:,Fleet:,All,This report contains a spreadsheet of all the statuses that the specified hauling unit was in during the specified time period.

Textbox3,Textbox38,Textbox40,Textbox42,textbox4,FLT_DESC1,NAME,STATUSCAT_DESCRIP,STATUS_DESC,SUB_STATUS_DESC,DURATION1,Textbox29,Textbox33,Textbox34,DURATION
Hauling Unit,Status Category,Status Code,Sub-Status Code,Duration(Hours),Caterpillar 773E,CRD01,Delay,D03 - Delay At Hopper,,3.91,Total,7435.22,Grand Total,51923.57
Hauling Unit,Status Category,Status Code,Sub-Status Code,Duration(Hours),Caterpillar 773E,CRD01,Delay,S19 - Tea/ Breakfast / Snacks,,46.30,Total,7435.22,Grand Total,51923.57
Hauling Unit,Status Category,Status Code,Sub-Status Code,Duration(Hours),Caterpillar 773E,CRD01,Delay,S20 - Shift Change,,72.25,Total,7435.22,Grand Total,51923.57
Hauling Unit,Status Category,Status Code,Sub-Status Code,Duration(Hours),Caterpillar 773E,CRD01,Delay,S25 - Toilet Break,,0.65,Total,7435.22,Grand Total,51923.57
Hauling Unit,Status Category,Status Code,Sub-Status Code,Duration(Hours),Caterpillar 773E,CRD01,Delay,S31 - Fuel Filling,,0.03,Total,7435.22,Grand Total,51923.57
Hauling Unit,Status Category,Status Code,Sub-Status Code,Duration(Hours),Caterpillar 773E,CRD01,Down,O01 -  Down,,427.89,Total,7435.22,Grand Total,51923.57
Hauling Unit,Status Category,Status Code,Sub-Status Code,Duration(Hours),Caterpillar 773E,CRD01,Down,O03 - Daily Service,,0.24,Total,7435.22,Grand Total,51923.57
Hauling Unit,Status Category,Status Code,Sub-Status Code,Duration(Hours),Caterpillar 773E,CRD01,Net Operating,N00 - Wait At Dump,,16.05,Total,7435.22,Grand Total,51923.57
Hauling Unit,Status Category,Status Code,Sub-Status Code,Duration(Hours),Caterpillar 773E,CRD01,Net Operating,N01 - Truck Loading,,27.85,Total,7435.22,Grand Total,51923.57
Hauling Unit,Status Category,Status Code,Sub-Status Code,Duration(Hours),Caterpillar 773E,CRD01,Net Operating,N02 - Wait At LU,,0.00,Total,7435.22,Grand Total,51923.57
Hauling Unit,Status Category,Status Code,Sub-Status Code,Duration(Hours),Caterpillar 773E,CRD01,Net Operating,N03 - Empty,,48.89,Total,7435.22,Grand Total,51923.57
Hauling Unit,Status Category,Status Code,Sub-Status Code,Duration(Hours),Caterpillar 773E,CRD01,Net Operating,N03 - Empty,N031 - Empty Stopped,25.82,Total,7435.22,Grand Total,51923.57
Hauling Unit,Status Category,Status Code,Sub-Status Code,Duration(Hours),Caterpillar 773E,CRD01,Net Operating,N04 - Hauling,,36.13,Total,7435.22,Grand Total,51923.57
Hauling Unit,Status Category,Status Code,Sub-Status Code,Duration(Hours),Caterpillar 773E,CRD01,Net Operating,N04 - Hauling,N041 - Hauling Stopped,2.42,Total,7435.22,Grand Total,51923.57
Hauling Unit,Status Category,Status Code,Sub-Status Code,Duration(Hours),Caterpillar 773E,CRD01,Net Operating,N05 - Spot at LU,,0.77,Total,7435.22,Grand Total,51923.57
Hauling Unit,Status Category,Status Code,Sub-Status Code,Duration(Hours),Caterpillar 773E,CRD01,Net Operating,N06 - Queue At LU,,4.31,Total,7435.22,Grand Total,51923.57
Hauling Unit,Status Category,Status Code,Sub-Status Code,Duration(Hours),Caterpillar 773E,CRD01,Net Operating,N07 - Dumping,,3.16,Total,7435.22,Grand Total,51923.57
Hauling Unit,Status Category,Status Code,Sub-Status Code,Duration(Hours),Caterpillar 773E,CRD01,Standby,S03 - Schedule No Work,,26.73,Total,7435.22,Grand Total,51923.57
Hauling Unit,Status Category,Status Code,Sub-Status Code,Duration(Hours),Caterpillar 773E,CRD02,Delay,D03 - Delay At Hopper,,5.49,Total,7435.22,Grand Total,51923.57
Hauling Unit,Status Category,Status Code,Sub-Status Code,Duration(Hours),Caterpillar 773E,CRD02,Delay,S19 - Tea/ Breakfast / Snacks,,33.91,Total,7435.22,Grand Total,51923.57
Hauling Unit,Status Category,Status Code,Sub-Status Code,Duration(Hours),Caterpillar 773E,CRD02,Delay,S20 - Shift Change,,52.81,Total,7435.22,Grand Total,51923.57
Hauling Unit,Status Category,Status Code,Sub-Status Code,Duration(Hours),Caterpillar 773E,CRD02,Delay,S25 - Toilet Break,,0.45,Total,7435.22,Grand Total,51923.57
Hauling Unit,Status Category,Status Code,Sub-Status Code,Duration(Hours),Caterpillar 773E,CRD02,Delay,S31 - Fuel Filling,,0.06,Total,7435.22,Grand Total,51923.57
Hauling Unit,Status Category,Status Code,Sub-Status Code,Duration(Hours),Caterpillar 773E,CRD02,Down,O01 -  Down,,488.40,Total,7435.22,Grand Total,51923.57
Hauling Unit,Status Category,Status Code,Sub-Status Code,Duration(Hours),Caterpillar 773E,CRD02,Down,O03 - Daily Service,,1.01,Total,7435.22,Grand Total,51923.57
Hauling Unit,Status Category,Status Code,Sub-Status Code,Duration(Hours),Caterpillar 773E,CRD02,Net Operating,N00 - Wait At Dump,,16.37,Total,7435.22,Grand Total,51923.57
Hauling Unit,Status Category,Status Code,Sub-Status Code,Duration(Hours),Caterpillar 773E,CRD02,Net Operating,N01 - Truck Loading,,17.72,Total,7435.22,Grand Total,51923.57
Hauling Unit,Status Category,Status Code,Sub-Status Code,Duration(Hours),Caterpillar 773E,CRD02,Net Operating,N02 - Wait At LU,,0.13,Total,7435.22,Grand Total,51923.57
Hauling Unit,Status Category,Status Code,Sub-Status Code,Duration(Hours),Caterpillar 773E,CRD02,Net Operating,N03 - Empty,,44.56,Total,7435.22,Grand Total,51923.57
Hauling Unit,Status Category,Status Code,Sub-Status Code,Duration(Hours),Caterpillar 773E,CRD02,Net Operating,N03 - Empty,N031 - Empty Stopped,27.85,Total,7435.22,Grand Total,51923.57
Hauling Unit,Status Category,Status Code,Sub-Status Code,Duration(Hours),Caterpillar 773E,CRD02,Net Operating,N04 - Hauling,,27.96,Total,7435.22,Grand Total,51923.57
Hauling Unit,Status Category,Status Code,Sub-Status Code,Duration(Hours),Caterpillar 773E,CRD02,Net Operating,N04 - Hauling,N041 - Hauling Stopped,0.51,Total,7435.22,Grand Total,51923.57
Hauling Unit,Status Category,Status Code,Sub-Status Code,Duration(Hours),Caterpillar 773E,CRD02,Net Operating,N05 - Spot at LU,,0.64,Total,7435.22,Grand Total,51923.57
Hauling Unit,Status Category,Status Code,Sub-Status Code,Duration(Hours),Caterpillar 773E,CRD02,Net Operating,N06 - Queue At LU,,6.77,Total,7435.22,Grand Total,51923.57
Hauling Unit,Status Category,Status Code,Sub-Status Code,Duration(Hours),Caterpillar 773E,CRD02,Net Operating,N07 - Dumping,,5.67,Total,7435.22,Grand Total,51923.57
Hauling Unit,Status Category,Status Code,Sub-Status Code,Duration(Hours),Caterpillar 773E,CRD02,Standby,S03 - Schedule No Work,,13.36,Total,7435.22,Grand Total,51923.57
Hauling Unit,Status Category,Status Code,Sub-Status Code,Duration(Hours),Caterpillar 773E,CRD03,Delay,D03 - Delay At Hopper,,2.18,Total,7435.22,Grand Total,51923.57
Hauling Unit,Status Category,Status Code,Sub-Status Code,Duration(Hours),Caterpillar 773E,CRD03,Delay,S01 - Blasting,,2.33,Total,7435.22,Grand Total,51923.57
Hauling Unit,Status Category,Status Code,Sub-Status Code,Duration(Hours),Caterpillar 773E,CRD03,Delay,S19 - Tea/ Breakfast / Snacks,,21.24,Total,7435.22,Grand Total,51923.57
Hauling Unit,Status Category,Status Code,Sub-Status Code,Duration(Hours),Caterpillar 773E,CRD03,Delay,S20 - Shift Change,,34.27,Total,7435.22,Grand Total,51923.57
Hauling Unit,Status Category,Status Code,Sub-Status Code,Duration(Hours),Caterpillar 773E,CRD03,Delay,S25 - Toilet Break,,0.21,Total,7435.22,Grand Total,51923.57
Hauling Unit,Status Category,Status Code,Sub-Status Code,Duration(Hours),Caterpillar 773E,CRD03,Down,O01 -  Down,,565.76,Total,7435.22,Grand Total,51923.57
Hauling Unit,Status Category,Status Code,Sub-Status Code,Duration(Hours),Caterpillar 773E,CRD03,Net Operating,N00 - Wait At Dump,,8.63,Total,7435.22,Grand Total,51923.57
Hauling Unit,Status Category,Status Code,Sub-Status Code,Duration(Hours),Caterpillar 773E,CRD03,Net Operating,N01 - Truck Loading,,8.32,Total,7435.22,Grand Total,51923.57
Hauling Unit,Status Category,Status Code,Sub-Status Code,Duration(Hours),Caterpillar 773E,CRD03,Net Operating,N03 - Empty,,23.91,Total,7435.22,Grand Total,51923.57
Hauling Unit,Status Category,Status Code,Sub-Status Code,Duration(Hours),Caterpillar 773E,CRD03,Net Operating,N03 - Empty,N031 - Empty Stopped,18.69,Total,7435.22,Grand Total,51923.57
Hauling Unit,Status Category,Status Code,Sub-Status Code,Duration(Hours),Caterpillar 773E,CRD03,Net Operating,N04 - Hauling,,16.39,Total,7435.22,Grand Total,51923.57
Hauling Unit,Status Category,Status Code,Sub-Status Code,Duration(Hours),Caterpillar 773E,CRD03,Net Operating,N04 - Hauling,N041 - Hauling Stopped,0.32,Total,7435.22,Grand Total,51923.57
Hauling Unit,Status Category,Status Code,Sub-Status Code,Duration(Hours),Caterpillar 773E,CRD03,Net Operating,N05 - Spot at LU,,0.23,Total,7435.22,Grand Total,51923.57
Hauling Unit,Status Category,Status Code,Sub-Status Code,Duration(Hours),Caterpillar 773E,CRD03,Net Operating,N06 - Queue At LU,,1.99,Total,7435.22,Grand Total,51923.57
Hauling Unit,Status Category,Status Code,Sub-Status Code,Duration(Hours),Caterpillar 773E,CRD03,Net Operating,N07 - Dumping,,0.04,Total,7435.22,Grand Total,51923.57
Hauling Unit,Status Category,Status Code,Sub-Status Code,Duration(Hours),Caterpillar 773E,CRD03,Standby,S03 - Schedule No Work,,39.27,Total,7435.22,Grand Total,51923.57
Hauling Unit,Status Category,Status Code,Sub-Status Code,Duration(Hours),Caterpillar 773E,CRD04,Delay,S19 - Tea/ Breakfast / Snacks,,2.89,Total,7435.22,Grand Total,51923.57
Hauling Unit,Status Category,Status Code,Sub-Status Code,Duration(Hours),Caterpillar 773E,CRD04,Delay,S20 - Shift Change,,1.87,Total,7435.22,Grand Total,51923.57
Hauling Unit,Status Category,Status Code,Sub-Status Code,Duration(Hours),Caterpillar 773E,CRD04,Down,O01 -  Down,,731.16,Total,7435.22,Grand Total,51923.57
Hauling Unit,Status Category,Status Code,Sub-Status Code,Duration(Hours),Caterpillar 773E,CRD04,Net Operating,N00 - Wait At Dump,,0.24,Total,7435.22,Grand Total,51923.57
Hauling Unit,Status Category,Status Code,Sub-Status Code,Duration(Hours),Caterpillar 773E,CRD04,Net Operating,N01 - Truck Loading,,0.66,Total,7435.22,Grand Total,51923.57
Hauling Unit,Status Category,Status Code,Sub-Status Code,Duration(Hours),Caterpillar 773E,CRD04,Net Operating,N03 - Empty,,2.31,Total,7435.22,Grand Total,51923.57
Hauling Unit,Status Category,Status Code,Sub-Status Code,Duration(Hours),Caterpillar 773E,CRD04,Net Operating,N03 - Empty,N031 - Empty Stopped,3.85,Total,7435.22,Grand Total,51923.57
Hauling Unit,Status Category,Status Code,Sub-Status Code,Duration(Hours),Caterpillar 773E,CRD04,Net Operating,N04 - Hauling,,0.85,Total,7435.22,Grand Total,51923.57
Hauling Unit,Status Category,Status Code,Sub-Status Code,Duration(Hours),Caterpillar 773E,CRD04,Net Operating,N04 - Hauling,N041 - Hauling Stopped,0.06,Total,7435.22,Grand Total,51923.57
Hauling Unit,Status Category,Status Code,Sub-Status Code,Duration(Hours),Caterpillar 773E,CRD04,Net Operating,N05 - Spot at LU,,0.02,Total,7435.22,Grand Total,51923.57
Hauling Unit,Status Category,Status Code,Sub-Status Code,Duration(Hours),Caterpillar 773E,CRD04,Net Operating,N06 - Queue At LU,,0.01,Total,7435.22,Grand Total,51923.57
Hauling Unit,Status Category,Status Code,Sub-Status Code,Duration(Hours),Caterpillar 773E,CRD04,Net Operating,N07 - Dumping,,0.07,Total,7435.22,Grand Total,51923.57
Hauling Unit,Status Category,Status Code,Sub-Status Code,Duration(Hours),Caterpillar 773E,CRD05,Delay,D03 - Delay At Hopper,,6.96,Total,7435.22,Grand Total,51923.57
Hauling Unit,Status Category,Status Code,Sub-Status Code,Duration(Hours),Caterpillar 773E,CRD05,Delay,S19 - Tea/ Breakfast / Snacks,,54.00,Total,7435.22,Grand Total,51923.57
Hauling Unit,Status Category,Status Code,Sub-Status Code,Duration(Hours),Caterpillar 773E,CRD05,Delay,S20 - Shift Change,,87.09,Total,7435.22,Grand Total,51923.57
Hauling Unit,Status Category,Status Code,Sub-Status Code,Duration(Hours),Caterpillar 773E,CRD05,Delay,S25 - Toilet Break,,0.51,Total,7435.22,Grand Total,51923.57
Hauling Unit,Status Category,Status Code,Sub-Status Code,Duration(Hours),Caterpillar 773E,CRD05,Down,O01 -  Down,,332.00,Total,7435.22,Grand Total,51923.57
Hauling Unit,Status Category,Status Code,Sub-Status Code,Duration(Hours),Caterpillar 773E,CRD05,Net Operating,N00 - Wait At Dump,,16.40,Total,7435.22,Grand Total,51923.57
Hauling Unit,Status Category,Status Code,Sub-Status Code,Duration(Hours),Caterpillar 773E,CRD05,Net Operating,N01 - Truck Loading,,24.14,Total,7435.22,Grand Total,51923.57
Hauling Unit,Status Category,Status Code,Sub-Status Code,Duration(Hours),Caterpillar 773E,CRD05,Net Operating,N03 - Empty,,58.87,Total,7435.22,Grand Total,51923.57
Hauling Unit,Status Category,Status Code,Sub-Status Code,Duration(Hours),Caterpillar 773E,CRD05,Net Operating,N03 - Empty,N031 - Empty Stopped,44.20,Total,7435.22,Grand Total,51923.57
Hauling Unit,Status Category,Status Code,Sub-Status Code,Duration(Hours),Caterpillar 773E,CRD05,Net Operating,N04 - Hauling,,40.12,Total,7435.22,Grand Total,51923.57
Hauling Unit,Status Category,Status Code,Sub-Status Code,Duration(Hours),Caterpillar 773E,CRD05,Net Operating,N04 - Hauling,N041 - Hauling Stopped,1.71,Total,7435.22,Grand Total,51923.57
Hauling Unit,Status Category,Status Code,Sub-Status Code,Duration(Hours),Caterpillar 773E,CRD05,Net Operating,N05 - Spot at LU,,1.27,Total,7435.22,Grand Total,51923.57
Hauling Unit,Status Category,Status Code,Sub-Status Code,Duration(Hours),Caterpillar 773E,CRD05,Net Operating,N06 - Queue At LU,,4.69,Total,7435.22,Grand Total,51923.57
Hauling Unit,Status Category,Status Code,Sub-Status Code,Duration(Hours),Caterpillar 773E,CRD05,Net Operating,N07 - Dumping,,0.44,Total,7435.22,Grand Total,51923.57
Hauling Unit,Status Category,Status Code,Sub-Status Code,Duration(Hours),Caterpillar 773E,CRD05,Net Operating,N09 - General Production,,0.00,Total,7435.22,Grand Total,51923.57
Hauling Unit,Status Category,Status Code,Sub-Status Code,Duration(Hours),Caterpillar 773E,CRD05,Standby,S03 - Schedule No Work,,71.12,Total,7435.22,Grand Total,51923.57
Hauling Unit,Status Category,Status Code,Sub-Status Code,Duration(Hours),Caterpillar 773E,CRD06,Down,O01 -  Down,,744.00,Total,7435.22,Grand Total,51923.57
Hauling Unit,Status Category,Status Code,Sub-Status Code,Duration(Hours),Caterpillar 773E,RD-O01,Delay,D03 - Delay At Hopper,,6.48,Total,7435.22,Grand Total,51923.57
Hauling Unit,Status Category,Status Code,Sub-Status Code,Duration(Hours),Caterpillar 773E,RD-O01,Delay,F02 - Face Height Reduction,,0.01,Total,7435.22,Grand Total,51923.57
Hauling Unit,Status Category,Status Code,Sub-Status Code,Duration(Hours),Caterpillar 773E,RD-O01,Delay,S19 - Tea/ Breakfast / Snacks,,54.95,Total,7435.22,Grand Total,51923.57
Hauling Unit,Status Category,Status Code,Sub-Status Code,Duration(Hours),Caterpillar 773E,RD-O01,Delay,S20 - Shift Change,,90.91,Total,7435.22,Grand Total,51923.57
Hauling Unit,Status Category,Status Code,Sub-Status Code,Duration(Hours),Caterpillar 773E,RD-O01,Delay,S25 - Toilet Break,,2.28,Total,7435.22,Grand Total,51923.57
Hauling Unit,Status Category,Status Code,Sub-Status Code,Duration(Hours),Caterpillar 773E,RD-O01,Delay,S31 - Fuel Filling,,0.06,Total,7435.22,Grand Total,51923.57
Hauling Unit,Status Category,Status Code,Sub-Status Code,Duration(Hours),Caterpillar 773E,RD-O01,Down,O01 -  Down,,311.51,Total,7435.22,Grand Total,51923.57
Hauling Unit,Status Category,Status Code,Sub-Status Code,Duration(Hours),Caterpillar 773E,RD-O01,Down,O03 - Daily Service,,0.56,Total,7435.22,Grand Total,51923.57
Hauling Unit,Status Category,Status Code,Sub-Status Code,Duration(Hours),Caterpillar 773E,RD-O01,Net Operating,N00 - Wait At Dump,,12.17,Total,7435.22,Grand Total,51923.57
Hauling Unit,Status Category,Status Code,Sub-Status Code,Duration(Hours),Caterpillar 773E,RD-O01,Net Operating,N01 - Truck Loading,,31.18,Total,7435.22,Grand Total,51923.57
Hauling Unit,Status Category,Status Code,Sub-Status Code,Duration(Hours),Caterpillar 773E,RD-O01,Net Operating,N03 - Empty,,129.84,Total,7435.22,Grand Total,51923.57
Hauling Unit,Status Category,Status Code,Sub-Status Code,Duration(Hours),Caterpillar 773E,RD-O01,Net Operating,N03 - Empty,N031 - Empty Stopped,31.46,Total,7435.22,Grand Total,51923.57
Hauling Unit,Status Category,Status Code,Sub-Status Code,Duration(Hours),Caterpillar 773E,RD-O01,Net Operating,N04 - Hauling,,45.93,Total,7435.22,Grand Total,51923.57
Hauling Unit,Status Category,Status Code,Sub-Status Code,Duration(Hours),Caterpillar 773E,RD-O01,Net Operating,N04 - Hauling,N041 - Hauling Stopped,1.43,Total,7435.22,Grand Total,51923.57
Hauling Unit,Status Category,Status Code,Sub-Status Code,Duration(Hours),Caterpillar 773E,RD-O01,Net Operating,N05 - Spot at LU,,1.23,Total,7435.22,Grand Total,51923.57
Hauling Unit,Status Category,Status Code,Sub-Status Code,Duration(Hours),Caterpillar 773E,RD-O01,Net Operating,N06 - Queue At LU,,6.53,Total,7435.22,Grand Total,51923.57
Hauling Unit,Status Category,Status Code,Sub-Status Code,Duration(Hours),Caterpillar 773E,RD-O01,Net Operating,N07 - Dumping,,4.54,Total,7435.22,Grand Total,51923.57
Hauling Unit,Status Category,Status Code,Sub-Status Code,Duration(Hours),Caterpillar 773E,RD-O01,Net Operating,N09 - General Production,,0.00,Total,7435.22,Grand Total,51923.57
Hauling Unit,Status Category,Status Code,Sub-Status Code,Duration(Hours),Caterpillar 773E,RD-O01,Standby,S03 - Schedule No Work,,10.71,Total,7435.22,Grand Total,51923.57
Hauling Unit,Status Category,Status Code,Sub-Status Code,Duration(Hours),Caterpillar 773E,RD-O01,Standby,S04 - Unscheduled No Work,,1.71,Total,7435.22,Grand Total,51923.57
Hauling Unit,Status Category,Status Code,Sub-Status Code,Duration(Hours),Caterpillar 773E,RD-O01,Standby,S23 - Released from Maintanence,,0.25,Total,7435.22,Grand Total,51923.57
Hauling Unit,Status Category,Status Code,Sub-Status Code,Duration(Hours),Caterpillar 773E,RD-O02,Delay,D03 - Delay At Hopper,,13.37,Total,7435.22,Grand Total,51923.57
Hauling Unit,Status Category,Status Code,Sub-Status Code,Duration(Hours),Caterpillar 773E,RD-O02,Delay,S05 - Stuck in Mud,,0.04,Total,7435.22,Grand Total,51923.57
Hauling Unit,Status Category,Status Code,Sub-Status Code,Duration(Hours),Caterpillar 773E,RD-O02,Delay,S14 - Dump body not tripplling,,0.00,Total,7435.22,Grand Total,51923.57
Hauling Unit,Status Category,Status Code,Sub-Status Code,Duration(Hours),Caterpillar 773E,RD-O02,Delay,S19 - Tea/ Breakfast / Snacks,,70.78,Total,7435.22,Grand Total,51923.57
Hauling Unit,Status Category,Status Code,Sub-Status Code,Duration(Hours),Caterpillar 773E,RD-O02,Delay,S20 - Shift Change,,126.40,Total,7435.22,Grand Total,51923.57
Hauling Unit,Status Category,Status Code,Sub-Status Code,Duration(Hours),Caterpillar 773E,RD-O02,Delay,S25 - Toilet Break,,4.62,Total,7435.22,Grand Total,51923.57
Hauling Unit,Status Category,Status Code,Sub-Status Code,Duration(Hours),Caterpillar 773E,RD-O02,Down,O01 -  Down,,132.27,Total,7435.22,Grand Total,51923.57
Hauling Unit,Status Category,Status Code,Sub-Status Code,Duration(Hours),Caterpillar 773E,RD-O02,Net Operating,N00 - Wait At Dump,,78.76,Total,7435.22,Grand Total,51923.57
Hauling Unit,Status Category,Status Code,Sub-Status Code,Duration(Hours),Caterpillar 773E,RD-O02,Net Operating,N01 - Truck Loading,,54.12,Total,7435.22,Grand Total,51923.57
Hauling Unit,Status Category,Status Code,Sub-Status Code,Duration(Hours),Caterpillar 773E,RD-O02,Net Operating,N02 - Wait At LU,,0.05,Total,7435.22,Grand Total,51923.57
Hauling Unit,Status Category,Status Code,Sub-Status Code,Duration(Hours),Caterpillar 773E,RD-O02,Net Operating,N03 - Empty,,108.74,Total,7435.22,Grand Total,51923.57
Hauling Unit,Status Category,Status Code,Sub-Status Code,Duration(Hours),Caterpillar 773E,RD-O02,Net Operating,N03 - Empty,N031 - Empty Stopped,58.45,Total,7435.22,Grand Total,51923.57
Hauling Unit,Status Category,Status Code,Sub-Status Code,Duration(Hours),Caterpillar 773E,RD-O02,Net Operating,N04 - Hauling,,68.29,Total,7435.22,Grand Total,51923.57
Hauling Unit,Status Category,Status Code,Sub-Status Code,Duration(Hours),Caterpillar 773E,RD-O02,Net Operating,N04 - Hauling,N041 - Hauling Stopped,2.36,Total,7435.22,Grand Total,51923.57
Hauling Unit,Status Category,Status Code,Sub-Status Code,Duration(Hours),Caterpillar 773E,RD-O02,Net Operating,N05 - Spot at LU,,2.60,Total,7435.22,Grand Total,51923.57
Hauling Unit,Status Category,Status Code,Sub-Status Code,Duration(Hours),Caterpillar 773E,RD-O02,Net Operating,N06 - Queue At LU,,9.42,Total,7435.22,Grand Total,51923.57
Hauling Unit,Status Category,Status Code,Sub-Status Code,Duration(Hours),Caterpillar 773E,RD-O02,Net Operating,N07 - Dumping,,2.69,Total,7435.22,Grand Total,51923.57
Hauling Unit,Status Category,Status Code,Sub-Status Code,Duration(Hours),Caterpillar 773E,RD-O02,Net Operating,N09 - General Production,,0.02,Total,7435.22,Grand Total,51923.57
Hauling Unit,Status Category,Status Code,Sub-Status Code,Duration(Hours),Caterpillar 773E,RD-O02,Standby,S03 - Schedule No Work,,9.97,Total,7435.22,Grand Total,51923.57
Hauling Unit,Status Category,Status Code,Sub-Status Code,Duration(Hours),Caterpillar 773E,RD-O03,Delay,D03 - Delay At Hopper,,6.65,Total,7435.22,Grand Total,51923.57
Hauling Unit,Status Category,Status Code,Sub-Status Code,Duration(Hours),Caterpillar 773E,RD-O03,Delay,S05 - Stuck in Mud,,0.04,Total,7435.22,Grand Total,51923.57
Hauling Unit,Status Category,Status Code,Sub-Status Code,Duration(Hours),Caterpillar 773E,RD-O03,Delay,S18 - Wireless Infrastructure/Network,,1.36,Total,7435.22,Grand Total,51923.57
Hauling Unit,Status Category,Status Code,Sub-Status Code,Duration(Hours),Caterpillar 773E,RD-O03,Delay,S19 - Tea/ Breakfast / Snacks,,79.94,Total,7435.22,Grand Total,51923.57
Hauling Unit,Status Category,Status Code,Sub-Status Code,Duration(Hours),Caterpillar 773E,RD-O03,Delay,S20 - Shift Change,,119.06,Total,7435.22,Grand Total,51923.57
Hauling Unit,Status Category,Status Code,Sub-Status Code,Duration(Hours),Caterpillar 773E,RD-O03,Delay,S25 - Toilet Break,,4.19,Total,7435.22,Grand Total,51923.57
Hauling Unit,Status Category,Status Code,Sub-Status Code,Duration(Hours),Caterpillar 773E,RD-O03,Delay,S31 - Fuel Filling,,0.37,Total,7435.22,Grand Total,51923.57
Hauling Unit,Status Category,Status Code,Sub-Status Code,Duration(Hours),Caterpillar 773E,RD-O03,Down,O01 -  Down,,143.22,Total,7435.22,Grand Total,51923.57
Hauling Unit,Status Category,Status Code,Sub-Status Code,Duration(Hours),Caterpillar 773E,RD-O03,Down,O03 - Daily Service,,0.01,Total,7435.22,Grand Total,51923.57
Hauling Unit,Status Category,Status Code,Sub-Status Code,Duration(Hours),Caterpillar 773E,RD-O03,Net Operating,N00 - Wait At Dump,,57.72,Total,7435.22,Grand Total,51923.57
Hauling Unit,Status Category,Status Code,Sub-Status Code,Duration(Hours),Caterpillar 773E,RD-O03,Net Operating,N01 - Truck Loading,,50.34,Total,7435.22,Grand Total,51923.57
Hauling Unit,Status Category,Status Code,Sub-Status Code,Duration(Hours),Caterpillar 773E,RD-O03,Net Operating,N03 - Empty,,107.07,Total,7435.22,Grand Total,51923.57
Hauling Unit,Status Category,Status Code,Sub-Status Code,Duration(Hours),Caterpillar 773E,RD-O03,Net Operating,N03 - Empty,N031 - Empty Stopped,54.98,Total,7435.22,Grand Total,51923.57
Hauling Unit,Status Category,Status Code,Sub-Status Code,Duration(Hours),Caterpillar 773E,RD-O03,Net Operating,N04 - Hauling,,76.47,Total,7435.22,Grand Total,51923.57
Hauling Unit,Status Category,Status Code,Sub-Status Code,Duration(Hours),Caterpillar 773E,RD-O03,Net Operating,N04 - Hauling,N041 - Hauling Stopped,4.50,Total,7435.22,Grand Total,51923.57
Hauling Unit,Status Category,Status Code,Sub-Status Code,Duration(Hours),Caterpillar 773E,RD-O03,Net Operating,N05 - Spot at LU,,2.85,Total,7435.22,Grand Total,51923.57
Hauling Unit,Status Category,Status Code,Sub-Status Code,Duration(Hours),Caterpillar 773E,RD-O03,Net Operating,N06 - Queue At LU,,16.24,Total,7435.22,Grand Total,51923.57
Hauling Unit,Status Category,Status Code,Sub-Status Code,Duration(Hours),Caterpillar 773E,RD-O03,Net Operating,N07 - Dumping,,4.26,Total,7435.22,Grand Total,51923.57
Hauling Unit,Status Category,Status Code,Sub-Status Code,Duration(Hours),Caterpillar 773E,RD-O03,Net Operating,N09 - General Production,,0.00,Total,7435.22,Grand Total,51923.57
Hauling Unit,Status Category,Status Code,Sub-Status Code,Duration(Hours),Caterpillar 773E,RD-O03,Standby,S03 - Schedule No Work,,12.91,Total,7435.22,Grand Total,51923.57
Hauling Unit,Status Category,Status Code,Sub-Status Code,Duration(Hours),Caterpillar 773E,RD-O04,Delay,D03 - Delay At Hopper,,1.61,Total,7435.22,Grand Total,51923.57
Hauling Unit,Status Category,Status Code,Sub-Status Code,Duration(Hours),Caterpillar 773E,RD-O04,Delay,S19 - Tea/ Breakfast / Snacks,,11.85,Total,7435.22,Grand Total,51923.57
Hauling Unit,Status Category,Status Code,Sub-Status Code,Duration(Hours),Caterpillar 773E,RD-O04,Delay,S20 - Shift Change,,10.90,Total,7435.22,Grand Total,51923.57
Hauling Unit,Status Category,Status Code,Sub-Status Code,Duration(Hours),Caterpillar 773E,RD-O04,Down,O01 -  Down,,665.40,Total,7435.22,Grand Total,51923.57
Hauling Unit,Status Category,Status Code,Sub-Status Code,Duration(Hours),Caterpillar 773E,RD-O04,Net Operating,N00 - Wait At Dump,,7.41,Total,7435.22,Grand Total,51923.57
Hauling Unit,Status Category,Status Code,Sub-Status Code,Duration(Hours),Caterpillar 773E,RD-O04,Net Operating,N01 - Truck Loading,,4.42,Total,7435.22,Grand Total,51923.57
Hauling Unit,Status Category,Status Code,Sub-Status Code,Duration(Hours),Caterpillar 773E,RD-O04,Net Operating,N03 - Empty,,17.25,Total,7435.22,Grand Total,51923.57
Hauling Unit,Status Category,Status Code,Sub-Status Code,Duration(Hours),Caterpillar 773E,RD-O04,Net Operating,N03 - Empty,N031 - Empty Stopped,13.46,Total,7435.22,Grand Total,51923.57
Hauling Unit,Status Category,Status Code,Sub-Status Code,Duration(Hours),Caterpillar 773E,RD-O04,Net Operating,N04 - Hauling,,5.61,Total,7435.22,Grand Total,51923.57
Hauling Unit,Status Category,Status Code,Sub-Status Code,Duration(Hours),Caterpillar 773E,RD-O04,Net Operating,N04 - Hauling,N041 - Hauling Stopped,0.18,Total,7435.22,Grand Total,51923.57
Hauling Unit,Status Category,Status Code,Sub-Status Code,Duration(Hours),Caterpillar 773E,RD-O04,Net Operating,N05 - Spot at LU,,0.19,Total,7435.22,Grand Total,51923.57
Hauling Unit,Status Category,Status Code,Sub-Status Code,Duration(Hours),Caterpillar 773E,RD-O04,Net Operating,N06 - Queue At LU,,1.46,Total,7435.22,Grand Total,51923.57
Hauling Unit,Status Category,Status Code,Sub-Status Code,Duration(Hours),Caterpillar 773E,RD-O04,Net Operating,N07 - Dumping,,0.92,Total,7435.22,Grand Total,51923.57
Hauling Unit,Status Category,Status Code,Sub-Status Code,Duration(Hours),Caterpillar 773E,RD-O04,Standby,S03 - Schedule No Work,,3.33,Total,7435.22,Grand Total,51923.57
Hauling Unit,Status Category,Status Code,Sub-Status Code,Duration(Hours),Caterpillar 777D SII,RD-121,Delay,D03 - Delay At Hopper,,1.77,Total,5948.60,Grand Total,51923.57
Hauling Unit,Status Category,Status Code,Sub-Status Code,Duration(Hours),Caterpillar 777D SII,RD-121,Delay,S10 - Change Operators,,14.39,Total,5948.60,Grand Total,51923.57
Hauling Unit,Status Category,Status Code,Sub-Status Code,Duration(Hours),Caterpillar 777D SII,RD-121,Delay,S19 - Tea/ Breakfast / Snacks,,20.37,Total,5948.60,Grand Total,51923.57
Hauling Unit,Status Category,Status Code,Sub-Status Code,Duration(Hours),Caterpillar 777D SII,RD-121,Delay,S20 - Shift Change,,130.79,Total,5948.60,Grand Total,51923.57
Hauling Unit,Status Category,Status Code,Sub-Status Code,Duration(Hours),Caterpillar 777D SII,RD-121,Delay,S25 - Toilet Break,,1.49,Total,5948.60,Grand Total,51923.57
Hauling Unit,Status Category,Status Code,Sub-Status Code,Duration(Hours),Caterpillar 777D SII,RD-121,Down,O01 -  Down,,56.63,Total,5948.60,Grand Total,51923.57
Hauling Unit,Status Category,Status Code,Sub-Status Code,Duration(Hours),Caterpillar 777D SII,RD-121,Down,O03 - Daily Service,,34.77,Total,5948.60,Grand Total,51923.57
Hauling Unit,Status Category,Status Code,Sub-Status Code,Duration(Hours),Caterpillar 777D SII,RD-121,Net Operating,N00 - Wait At Dump,,11.13,Total,5948.60,Grand Total,51923.57
Hauling Unit,Status Category,Status Code,Sub-Status Code,Duration(Hours),Caterpillar 777D SII,RD-121,Net Operating,N01 - Truck Loading,,27.52,Total,5948.60,Grand Total,51923.57
Hauling Unit,Status Category,Status Code,Sub-Status Code,Duration(Hours),Caterpillar 777D SII,RD-121,Net Operating,N02 - Wait At LU,,0.57,Total,5948.60,Grand Total,51923.57
Hauling Unit,Status Category,Status Code,Sub-Status Code,Duration(Hours),Caterpillar 777D SII,RD-121,Net Operating,N03 - Empty,,125.82,Total,5948.60,Grand Total,51923.57
Hauling Unit,Status Category,Status Code,Sub-Status Code,Duration(Hours),Caterpillar 777D SII,RD-121,Net Operating,N03 - Empty,N031 - Empty Stopped,61.77,Total,5948.60,Grand Total,51923.57
Hauling Unit,Status Category,Status Code,Sub-Status Code,Duration(Hours),Caterpillar 777D SII,RD-121,Net Operating,N04 - Hauling,,76.51,Total,5948.60,Grand Total,51923.57
Hauling Unit,Status Category,Status Code,Sub-Status Code,Duration(Hours),Caterpillar 777D SII,RD-121,Net Operating,N04 - Hauling,N041 - Hauling Stopped,8.83,Total,5948.60,Grand Total,51923.57
Hauling Unit,Status Category,Status Code,Sub-Status Code,Duration(Hours),Caterpillar 777D SII,RD-121,Net Operating,N05 - Spot at LU,,1.13,Total,5948.60,Grand Total,51923.57
Hauling Unit,Status Category,Status Code,Sub-Status Code,Duration(Hours),Caterpillar 777D SII,RD-121,Net Operating,N06 - Queue At LU,,6.91,Total,5948.60,Grand Total,51923.57
Hauling Unit,Status Category,Status Code,Sub-Status Code,Duration(Hours),Caterpillar 777D SII,RD-121,Net Operating,N07 - Dumping,,2.84,Total,5948.60,Grand Total,51923.57
Hauling Unit,Status Category,Status Code,Sub-Status Code,Duration(Hours),Caterpillar 777D SII,RD-121,Standby,S03 - Schedule No Work,,160.10,Total,5948.60,Grand Total,51923.57
Hauling Unit,Status Category,Status Code,Sub-Status Code,Duration(Hours),Caterpillar 777D SII,RD-122,Delay,S05 - Stuck in Mud,,1.37,Total,5948.60,Grand Total,51923.57
Hauling Unit,Status Category,Status Code,Sub-Status Code,Duration(Hours),Caterpillar 777D SII,RD-122,Delay,S10 - Change Operators,,2.89,Total,5948.60,Grand Total,51923.57
Hauling Unit,Status Category,Status Code,Sub-Status Code,Duration(Hours),Caterpillar 777D SII,RD-122,Delay,S19 - Tea/ Breakfast / Snacks,,11.66,Total,5948.60,Grand Total,51923.57
Hauling Unit,Status Category,Status Code,Sub-Status Code,Duration(Hours),Caterpillar 777D SII,RD-122,Delay,S20 - Shift Change,,46.70,Total,5948.60,Grand Total,51923.57
Hauling Unit,Status Category,Status Code,Sub-Status Code,Duration(Hours),Caterpillar 777D SII,RD-122,Delay,S25 - Toilet Break,,0.09,Total,5948.60,Grand Total,51923.57
Hauling Unit,Status Category,Status Code,Sub-Status Code,Duration(Hours),Caterpillar 777D SII,RD-122,Delay,S31 - Fuel Filling,,0.10,Total,5948.60,Grand Total,51923.57
Hauling Unit,Status Category,Status Code,Sub-Status Code,Duration(Hours),Caterpillar 777D SII,RD-122,Down,O01 -  Down,,241.60,Total,5948.60,Grand Total,51923.57
Hauling Unit,Status Category,Status Code,Sub-Status Code,Duration(Hours),Caterpillar 777D SII,RD-122,Down,O03 - Daily Service,,39.17,Total,5948.60,Grand Total,51923.57
Hauling Unit,Status Category,Status Code,Sub-Status Code,Duration(Hours),Caterpillar 777D SII,RD-122,Net Operating,N00 - Wait At Dump,,1.39,Total,5948.60,Grand Total,51923.57
Hauling Unit,Status Category,Status Code,Sub-Status Code,Duration(Hours),Caterpillar 777D SII,RD-122,Net Operating,N01 - Truck Loading,,9.38,Total,5948.60,Grand Total,51923.57
Hauling Unit,Status Category,Status Code,Sub-Status Code,Duration(Hours),Caterpillar 777D SII,RD-122,Net Operating,N03 - Empty,,42.26,Total,5948.60,Grand Total,51923.57
Hauling Unit,Status Category,Status Code,Sub-Status Code,Duration(Hours),Caterpillar 777D SII,RD-122,Net Operating,N03 - Empty,N031 - Empty Stopped,29.35,Total,5948.60,Grand Total,51923.57
Hauling Unit,Status Category,Status Code,Sub-Status Code,Duration(Hours),Caterpillar 777D SII,RD-122,Net Operating,N04 - Hauling,,21.41,Total,5948.60,Grand Total,51923.57
Hauling Unit,Status Category,Status Code,Sub-Status Code,Duration(Hours),Caterpillar 777D SII,RD-122,Net Operating,N04 - Hauling,N041 - Hauling Stopped,2.73,Total,5948.60,Grand Total,51923.57
Hauling Unit,Status Category,Status Code,Sub-Status Code,Duration(Hours),Caterpillar 777D SII,RD-122,Net Operating,N05 - Spot at LU,,0.31,Total,5948.60,Grand Total,51923.57
Hauling Unit,Status Category,Status Code,Sub-Status Code,Duration(Hours),Caterpillar 777D SII,RD-122,Net Operating,N06 - Queue At LU,,3.18,Total,5948.60,Grand Total,51923.57
Hauling Unit,Status Category,Status Code,Sub-Status Code,Duration(Hours),Caterpillar 777D SII,RD-122,Net Operating,N07 - Dumping,,1.78,Total,5948.60,Grand Total,51923.57
Hauling Unit,Status Category,Status Code,Sub-Status Code,Duration(Hours),Caterpillar 777D SII,RD-122,Net Operating,N09 - General Production,,0.00,Total,5948.60,Grand Total,51923.57
Hauling Unit,Status Category,Status Code,Sub-Status Code,Duration(Hours),Caterpillar 777D SII,RD-122,Standby,S03 - Schedule No Work,,288.75,Total,5948.60,Grand Total,51923.57
Hauling Unit,Status Category,Status Code,Sub-Status Code,Duration(Hours),Caterpillar 777D SII,RD-123,Delay,S10 - Change Operators,,2.97,Total,5948.60,Grand Total,51923.57
Hauling Unit,Status Category,Status Code,Sub-Status Code,Duration(Hours),Caterpillar 777D SII,RD-123,Delay,S19 - Tea/ Breakfast / Snacks,,4.37,Total,5948.60,Grand Total,51923.57
Hauling Unit,Status Category,Status Code,Sub-Status Code,Duration(Hours),Caterpillar 777D SII,RD-123,Delay,S20 - Shift Change,,9.92,Total,5948.60,Grand Total,51923.57
Hauling Unit,Status Category,Status Code,Sub-Status Code,Duration(Hours),Caterpillar 777D SII,RD-123,Delay,S31 - Fuel Filling,,0.33,Total,5948.60,Grand Total,51923.57
Hauling Unit,Status Category,Status Code,Sub-Status Code,Duration(Hours),Caterpillar 777D SII,RD-123,Down,O01 -  Down,,654.60,Total,5948.60,Grand Total,51923.57
Hauling Unit,Status Category,Status Code,Sub-Status Code,Duration(Hours),Caterpillar 777D SII,RD-123,Down,O03 - Daily Service,,2.74,Total,5948.60,Grand Total,51923.57
Hauling Unit,Status Category,Status Code,Sub-Status Code,Duration(Hours),Caterpillar 777D SII,RD-123,Down,O05 - Breakdown Maintenance,,0.00,Total,5948.60,Grand Total,51923.57
Hauling Unit,Status Category,Status Code,Sub-Status Code,Duration(Hours),Caterpillar 777D SII,RD-123,Net Operating,N00 - Wait At Dump,,0.15,Total,5948.60,Grand Total,51923.57
Hauling Unit,Status Category,Status Code,Sub-Status Code,Duration(Hours),Caterpillar 777D SII,RD-123,Net Operating,N01 - Truck Loading,,1.85,Total,5948.60,Grand Total,51923.57
Hauling Unit,Status Category,Status Code,Sub-Status Code,Duration(Hours),Caterpillar 777D SII,RD-123,Net Operating,N03 - Empty,,26.10,Total,5948.60,Grand Total,51923.57
Hauling Unit,Status Category,Status Code,Sub-Status Code,Duration(Hours),Caterpillar 777D SII,RD-123,Net Operating,N03 - Empty,N031 - Empty Stopped,10.89,Total,5948.60,Grand Total,51923.57
Hauling Unit,Status Category,Status Code,Sub-Status Code,Duration(Hours),Caterpillar 777D SII,RD-123,Net Operating,N04 - Hauling,,8.43,Total,5948.60,Grand Total,51923.57
Hauling Unit,Status Category,Status Code,Sub-Status Code,Duration(Hours),Caterpillar 777D SII,RD-123,Net Operating,N04 - Hauling,N041 - Hauling Stopped,0.29,Total,5948.60,Grand Total,51923.57
Hauling Unit,Status Category,Status Code,Sub-Status Code,Duration(Hours),Caterpillar 777D SII,RD-123,Net Operating,N05 - Spot at LU,,0.01,Total,5948.60,Grand Total,51923.57
Hauling Unit,Status Category,Status Code,Sub-Status Code,Duration(Hours),Caterpillar 777D SII,RD-123,Net Operating,N06 - Queue At LU,,0.23,Total,5948.60,Grand Total,51923.57
Hauling Unit,Status Category,Status Code,Sub-Status Code,Duration(Hours),Caterpillar 777D SII,RD-123,Net Operating,N07 - Dumping,,0.43,Total,5948.60,Grand Total,51923.57
Hauling Unit,Status Category,Status Code,Sub-Status Code,Duration(Hours),Caterpillar 777D SII,RD-123,Standby,S03 - Schedule No Work,,20.54,Total,5948.60,Grand Total,51923.57
Hauling Unit,Status Category,Status Code,Sub-Status Code,Duration(Hours),Caterpillar 777D SII,RD-126,Delay,D03 - Delay At Hopper,,2.71,Total,5948.60,Grand Total,51923.57
Hauling Unit,Status Category,Status Code,Sub-Status Code,Duration(Hours),Caterpillar 777D SII,RD-126,Delay,S10 - Change Operators,,7.68,Total,5948.60,Grand Total,51923.57
Hauling Unit,Status Category,Status Code,Sub-Status Code,Duration(Hours),Caterpillar 777D SII,RD-126,Delay,S19 - Tea/ Breakfast / Snacks,,23.51,Total,5948.60,Grand Total,51923.57
Hauling Unit,Status Category,Status Code,Sub-Status Code,Duration(Hours),Caterpillar 777D SII,RD-126,Delay,S20 - Shift Change,,58.94,Total,5948.60,Grand Total,51923.57
Hauling Unit,Status Category,Status Code,Sub-Status Code,Duration(Hours),Caterpillar 777D SII,RD-126,Delay,S25 - Toilet Break,,1.28,Total,5948.60,Grand Total,51923.57
Hauling Unit,Status Category,Status Code,Sub-Status Code,Duration(Hours),Caterpillar 777D SII,RD-126,Delay,S31 - Fuel Filling,,0.12,Total,5948.60,Grand Total,51923.57
Hauling Unit,Status Category,Status Code,Sub-Status Code,Duration(Hours),Caterpillar 777D SII,RD-126,Down,O01 -  Down,,163.75,Total,5948.60,Grand Total,51923.57
Hauling Unit,Status Category,Status Code,Sub-Status Code,Duration(Hours),Caterpillar 777D SII,RD-126,Down,O03 - Daily Service,,21.59,Total,5948.60,Grand Total,51923.57
Hauling Unit,Status Category,Status Code,Sub-Status Code,Duration(Hours),Caterpillar 777D SII,RD-126,Net Operating,N00 - Wait At Dump,,11.88,Total,5948.60,Grand Total,51923.57
Hauling Unit,Status Category,Status Code,Sub-Status Code,Duration(Hours),Caterpillar 777D SII,RD-126,Net Operating,N01 - Truck Loading,,14.61,Total,5948.60,Grand Total,51923.57
Hauling Unit,Status Category,Status Code,Sub-Status Code,Duration(Hours),Caterpillar 777D SII,RD-126,Net Operating,N02 - Wait At LU,,0.01,Total,5948.60,Grand Total,51923.57
Hauling Unit,Status Category,Status Code,Sub-Status Code,Duration(Hours),Caterpillar 777D SII,RD-126,Net Operating,N03 - Empty,,88.73,Total,5948.60,Grand Total,51923.57
Hauling Unit,Status Category,Status Code,Sub-Status Code,Duration(Hours),Caterpillar 777D SII,RD-126,Net Operating,N03 - Empty,N031 - Empty Stopped,35.09,Total,5948.60,Grand Total,51923.57
Hauling Unit,Status Category,Status Code,Sub-Status Code,Duration(Hours),Caterpillar 777D SII,RD-126,Net Operating,N04 - Hauling,,63.08,Total,5948.60,Grand Total,51923.57
Hauling Unit,Status Category,Status Code,Sub-Status Code,Duration(Hours),Caterpillar 777D SII,RD-126,Net Operating,N04 - Hauling,N041 - Hauling Stopped,9.57,Total,5948.60,Grand Total,51923.57
Hauling Unit,Status Category,Status Code,Sub-Status Code,Duration(Hours),Caterpillar 777D SII,RD-126,Net Operating,N05 - Spot at LU,,0.99,Total,5948.60,Grand Total,51923.57
Hauling Unit,Status Category,Status Code,Sub-Status Code,Duration(Hours),Caterpillar 777D SII,RD-126,Net Operating,N06 - Queue At LU,,5.22,Total,5948.60,Grand Total,51923.57
Hauling Unit,Status Category,Status Code,Sub-Status Code,Duration(Hours),Caterpillar 777D SII,RD-126,Net Operating,N07 - Dumping,,4.51,Total,5948.60,Grand Total,51923.57
Hauling Unit,Status Category,Status Code,Sub-Status Code,Duration(Hours),Caterpillar 777D SII,RD-126,Standby,S03 - Schedule No Work,,229.41,Total,5948.60,Grand Total,51923.57
Hauling Unit,Status Category,Status Code,Sub-Status Code,Duration(Hours),Caterpillar 777D SII,RD-132,Delay,S10 - Change Operators,,4.70,Total,5948.60,Grand Total,51923.57
Hauling Unit,Status Category,Status Code,Sub-Status Code,Duration(Hours),Caterpillar 777D SII,RD-132,Delay,S19 - Tea/ Breakfast / Snacks,,13.46,Total,5948.60,Grand Total,51923.57
Hauling Unit,Status Category,Status Code,Sub-Status Code,Duration(Hours),Caterpillar 777D SII,RD-132,Delay,S20 - Shift Change,,68.07,Total,5948.60,Grand Total,51923.57
Hauling Unit,Status Category,Status Code,Sub-Status Code,Duration(Hours),Caterpillar 777D SII,RD-132,Delay,S25 - Toilet Break,,0.20,Total,5948.60,Grand Total,51923.57
Hauling Unit,Status Category,Status Code,Sub-Status Code,Duration(Hours),Caterpillar 777D SII,RD-132,Delay,S31 - Fuel Filling,,0.02,Total,5948.60,Grand Total,51923.57
Hauling Unit,Status Category,Status Code,Sub-Status Code,Duration(Hours),Caterpillar 777D SII,RD-132,Down,O01 -  Down,,63.13,Total,5948.60,Grand Total,51923.57
Hauling Unit,Status Category,Status Code,Sub-Status Code,Duration(Hours),Caterpillar 777D SII,RD-132,Down,O03 - Daily Service,,14.22,Total,5948.60,Grand Total,51923.57
Hauling Unit,Status Category,Status Code,Sub-Status Code,Duration(Hours),Caterpillar 777D SII,RD-132,Net Operating,N00 - Wait At Dump,,3.85,Total,5948.60,Grand Total,51923.57
Hauling Unit,Status Category,Status Code,Sub-Status Code,Duration(Hours),Caterpillar 777D SII,RD-132,Net Operating,N01 - Truck Loading,,9.81,Total,5948.60,Grand Total,51923.57
Hauling Unit,Status Category,Status Code,Sub-Status Code,Duration(Hours),Caterpillar 777D SII,RD-132,Net Operating,N03 - Empty,,49.51,Total,5948.60,Grand Total,51923.57
Hauling Unit,Status Category,Status Code,Sub-Status Code,Duration(Hours),Caterpillar 777D SII,RD-132,Net Operating,N03 - Empty,N031 - Empty Stopped,26.18,Total,5948.60,Grand Total,51923.57
Hauling Unit,Status Category,Status Code,Sub-Status Code,Duration(Hours),Caterpillar 777D SII,RD-132,Net Operating,N04 - Hauling,,34.62,Total,5948.60,Grand Total,51923.57
Hauling Unit,Status Category,Status Code,Sub-Status Code,Duration(Hours),Caterpillar 777D SII,RD-132,Net Operating,N04 - Hauling,N041 - Hauling Stopped,5.94,Total,5948.60,Grand Total,51923.57
Hauling Unit,Status Category,Status Code,Sub-Status Code,Duration(Hours),Caterpillar 777D SII,RD-132,Net Operating,N05 - Spot at LU,,0.34,Total,5948.60,Grand Total,51923.57
Hauling Unit,Status Category,Status Code,Sub-Status Code,Duration(Hours),Caterpillar 777D SII,RD-132,Net Operating,N06 - Queue At LU,,7.20,Total,5948.60,Grand Total,51923.57
Hauling Unit,Status Category,Status Code,Sub-Status Code,Duration(Hours),Caterpillar 777D SII,RD-132,Net Operating,N07 - Dumping,,0.71,Total,5948.60,Grand Total,51923.57
Hauling Unit,Status Category,Status Code,Sub-Status Code,Duration(Hours),Caterpillar 777D SII,RD-132,Standby,S03 - Schedule No Work,,441.74,Total,5948.60,Grand Total,51923.57
Hauling Unit,Status Category,Status Code,Sub-Status Code,Duration(Hours),Caterpillar 777D SII,RD-132,Standby,S04 - Unscheduled No Work,,0.00,Total,5948.60,Grand Total,51923.57
Hauling Unit,Status Category,Status Code,Sub-Status Code,Duration(Hours),Caterpillar 777D SII,RD-136,Delay,S10 - Change Operators,,1.25,Total,5948.60,Grand Total,51923.57
Hauling Unit,Status Category,Status Code,Sub-Status Code,Duration(Hours),Caterpillar 777D SII,RD-136,Delay,S19 - Tea/ Breakfast / Snacks,,8.37,Total,5948.60,Grand Total,51923.57
Hauling Unit,Status Category,Status Code,Sub-Status Code,Duration(Hours),Caterpillar 777D SII,RD-136,Delay,S20 - Shift Change,,7.09,Total,5948.60,Grand Total,51923.57
Hauling Unit,Status Category,Status Code,Sub-Status Code,Duration(Hours),Caterpillar 777D SII,RD-136,Down,O01 -  Down,,145.05,Total,5948.60,Grand Total,51923.57
Hauling Unit,Status Category,Status Code,Sub-Status Code,Duration(Hours),Caterpillar 777D SII,RD-136,Down,O03 - Daily Service,,124.17,Total,5948.60,Grand Total,51923.57
Hauling Unit,Status Category,Status Code,Sub-Status Code,Duration(Hours),Caterpillar 777D SII,RD-136,Net Operating,N00 - Wait At Dump,,0.27,Total,5948.60,Grand Total,51923.57
Hauling Unit,Status Category,Status Code,Sub-Status Code,Duration(Hours),Caterpillar 777D SII,RD-136,Net Operating,N01 - Truck Loading,,1.31,Total,5948.60,Grand Total,51923.57
Hauling Unit,Status Category,Status Code,Sub-Status Code,Duration(Hours),Caterpillar 777D SII,RD-136,Net Operating,N03 - Empty,,8.83,Total,5948.60,Grand Total,51923.57
Hauling Unit,Status Category,Status Code,Sub-Status Code,Duration(Hours),Caterpillar 777D SII,RD-136,Net Operating,N03 - Empty,N031 - Empty Stopped,6.31,Total,5948.60,Grand Total,51923.57
Hauling Unit,Status Category,Status Code,Sub-Status Code,Duration(Hours),Caterpillar 777D SII,RD-136,Net Operating,N04 - Hauling,,3.70,Total,5948.60,Grand Total,51923.57
Hauling Unit,Status Category,Status Code,Sub-Status Code,Duration(Hours),Caterpillar 777D SII,RD-136,Net Operating,N04 - Hauling,N041 - Hauling Stopped,0.02,Total,5948.60,Grand Total,51923.57
Hauling Unit,Status Category,Status Code,Sub-Status Code,Duration(Hours),Caterpillar 777D SII,RD-136,Net Operating,N05 - Spot at LU,,0.01,Total,5948.60,Grand Total,51923.57
Hauling Unit,Status Category,Status Code,Sub-Status Code,Duration(Hours),Caterpillar 777D SII,RD-136,Net Operating,N06 - Queue At LU,,0.66,Total,5948.60,Grand Total,51923.57
Hauling Unit,Status Category,Status Code,Sub-Status Code,Duration(Hours),Caterpillar 777D SII,RD-136,Net Operating,N07 - Dumping,,0.22,Total,5948.60,Grand Total,51923.57
Hauling Unit,Status Category,Status Code,Sub-Status Code,Duration(Hours),Caterpillar 777D SII,RD-136,Standby,S03 - Schedule No Work,,436.75,Total,5948.60,Grand Total,51923.57
Hauling Unit,Status Category,Status Code,Sub-Status Code,Duration(Hours),Caterpillar 777D SII,RD-141,Delay,D03 - Delay At Hopper,,1.71,Total,5948.60,Grand Total,51923.57
Hauling Unit,Status Category,Status Code,Sub-Status Code,Duration(Hours),Caterpillar 777D SII,RD-141,Delay,S10 - Change Operators,,9.44,Total,5948.60,Grand Total,51923.57
Hauling Unit,Status Category,Status Code,Sub-Status Code,Duration(Hours),Caterpillar 777D SII,RD-141,Delay,S19 - Tea/ Breakfast / Snacks,,38.16,Total,5948.60,Grand Total,51923.57
Hauling Unit,Status Category,Status Code,Sub-Status Code,Duration(Hours),Caterpillar 777D SII,RD-141,Delay,S20 - Shift Change,,111.27,Total,5948.60,Grand Total,51923.57
Hauling Unit,Status Category,Status Code,Sub-Status Code,Duration(Hours),Caterpillar 777D SII,RD-141,Delay,S25 - Toilet Break,,2.13,Total,5948.60,Grand Total,51923.57
Hauling Unit,Status Category,Status Code,Sub-Status Code,Duration(Hours),Caterpillar 777D SII,RD-141,Delay,S31 - Fuel Filling,,0.82,Total,5948.60,Grand Total,51923.57
Hauling Unit,Status Category,Status Code,Sub-Status Code,Duration(Hours),Caterpillar 777D SII,RD-141,Down,O01 -  Down,,43.28,Total,5948.60,Grand Total,51923.57
Hauling Unit,Status Category,Status Code,Sub-Status Code,Duration(Hours),Caterpillar 777D SII,RD-141,Down,O03 - Daily Service,,22.25,Total,5948.60,Grand Total,51923.57
Hauling Unit,Status Category,Status Code,Sub-Status Code,Duration(Hours),Caterpillar 777D SII,RD-141,Net Operating,N00 - Wait At Dump,,18.70,Total,5948.60,Grand Total,51923.57
Hauling Unit,Status Category,Status Code,Sub-Status Code,Duration(Hours),Caterpillar 777D SII,RD-141,Net Operating,N01 - Truck Loading,,27.72,Total,5948.60,Grand Total,51923.57
Hauling Unit,Status Category,Status Code,Sub-Status Code,Duration(Hours),Caterpillar 777D SII,RD-141,Net Operating,N03 - Empty,,146.30,Total,5948.60,Grand Total,51923.57
Hauling Unit,Status Category,Status Code,Sub-Status Code,Duration(Hours),Caterpillar 777D SII,RD-141,Net Operating,N03 - Empty,N031 - Empty Stopped,58.33,Total,5948.60,Grand Total,51923.57
Hauling Unit,Status Category,Status Code,Sub-Status Code,Duration(Hours),Caterpillar 777D SII,RD-141,Net Operating,N04 - Hauling,,102.04,Total,5948.60,Grand Total,51923.57
Hauling Unit,Status Category,Status Code,Sub-Status Code,Duration(Hours),Caterpillar 777D SII,RD-141,Net Operating,N04 - Hauling,N041 - Hauling Stopped,10.74,Total,5948.60,Grand Total,51923.57
Hauling Unit,Status Category,Status Code,Sub-Status Code,Duration(Hours),Caterpillar 777D SII,RD-141,Net Operating,N05 - Spot at LU,,1.18,Total,5948.60,Grand Total,51923.57
Hauling Unit,Status Category,Status Code,Sub-Status Code,Duration(Hours),Caterpillar 777D SII,RD-141,Net Operating,N06 - Queue At LU,,6.07,Total,5948.60,Grand Total,51923.57
Hauling Unit,Status Category,Status Code,Sub-Status Code,Duration(Hours),Caterpillar 777D SII,RD-141,Net Operating,N07 - Dumping,,3.50,Total,5948.60,Grand Total,51923.57
Hauling Unit,Status Category,Status Code,Sub-Status Code,Duration(Hours),Caterpillar 777D SII,RD-141,Net Operating,N09 - General Production,,0.02,Total,5948.60,Grand Total,51923.57
Hauling Unit,Status Category,Status Code,Sub-Status Code,Duration(Hours),Caterpillar 777D SII,RD-141,Standby,S03 - Schedule No Work,,135.85,Total,5948.60,Grand Total,51923.57
Hauling Unit,Status Category,Status Code,Sub-Status Code,Duration(Hours),Caterpillar 777D SII,RD-141,Standby,S23 - Released from Maintanence,,3.67,Total,5948.60,Grand Total,51923.57
Hauling Unit,Status Category,Status Code,Sub-Status Code,Duration(Hours),Caterpillar 777D SII,RD-143,Delay,S05 - Stuck in Mud,,1.35,Total,5948.60,Grand Total,51923.57
Hauling Unit,Status Category,Status Code,Sub-Status Code,Duration(Hours),Caterpillar 777D SII,RD-143,Delay,S10 - Change Operators,,9.08,Total,5948.60,Grand Total,51923.57
Hauling Unit,Status Category,Status Code,Sub-Status Code,Duration(Hours),Caterpillar 777D SII,RD-143,Delay,S19 - Tea/ Breakfast / Snacks,,16.27,Total,5948.60,Grand Total,51923.57
Hauling Unit,Status Category,Status Code,Sub-Status Code,Duration(Hours),Caterpillar 777D SII,RD-143,Delay,S20 - Shift Change,,97.01,Total,5948.60,Grand Total,51923.57
Hauling Unit,Status Category,Status Code,Sub-Status Code,Duration(Hours),Caterpillar 777D SII,RD-143,Delay,S25 - Toilet Break,,1.29,Total,5948.60,Grand Total,51923.57
Hauling Unit,Status Category,Status Code,Sub-Status Code,Duration(Hours),Caterpillar 777D SII,RD-143,Down,O01 -  Down,,153.70,Total,5948.60,Grand Total,51923.57
Hauling Unit,Status Category,Status Code,Sub-Status Code,Duration(Hours),Caterpillar 777D SII,RD-143,Down,O03 - Daily Service,,22.84,Total,5948.60,Grand Total,51923.57
Hauling Unit,Status Category,Status Code,Sub-Status Code,Duration(Hours),Caterpillar 777D SII,RD-143,Down,O06 - FMS Maintenance,,0.00,Total,5948.60,Grand Total,51923.57
Hauling Unit,Status Category,Status Code,Sub-Status Code,Duration(Hours),Caterpillar 777D SII,RD-143,Net Operating,N00 - Wait At Dump,,31.44,Total,5948.60,Grand Total,51923.57
Hauling Unit,Status Category,Status Code,Sub-Status Code,Duration(Hours),Caterpillar 777D SII,RD-143,Net Operating,N01 - Truck Loading,,12.11,Total,5948.60,Grand Total,51923.57
Hauling Unit,Status Category,Status Code,Sub-Status Code,Duration(Hours),Caterpillar 777D SII,RD-143,Net Operating,N03 - Empty,,51.11,Total,5948.60,Grand Total,51923.57
Hauling Unit,Status Category,Status Code,Sub-Status Code,Duration(Hours),Caterpillar 777D SII,RD-143,Net Operating,N03 - Empty,N031 - Empty Stopped,41.39,Total,5948.60,Grand Total,51923.57
Hauling Unit,Status Category,Status Code,Sub-Status Code,Duration(Hours),Caterpillar 777D SII,RD-143,Net Operating,N04 - Hauling,,36.41,Total,5948.60,Grand Total,51923.57
Hauling Unit,Status Category,Status Code,Sub-Status Code,Duration(Hours),Caterpillar 777D SII,RD-143,Net Operating,N04 - Hauling,N041 - Hauling Stopped,6.01,Total,5948.60,Grand Total,51923.57
Hauling Unit,Status Category,Status Code,Sub-Status Code,Duration(Hours),Caterpillar 777D SII,RD-143,Net Operating,N05 - Spot at LU,,0.40,Total,5948.60,Grand Total,51923.57
Hauling Unit,Status Category,Status Code,Sub-Status Code,Duration(Hours),Caterpillar 777D SII,RD-143,Net Operating,N06 - Queue At LU,,2.80,Total,5948.60,Grand Total,51923.57
Hauling Unit,Status Category,Status Code,Sub-Status Code,Duration(Hours),Caterpillar 777D SII,RD-143,Net Operating,N07 - Dumping,,0.00,Total,5948.60,Grand Total,51923.57
Hauling Unit,Status Category,Status Code,Sub-Status Code,Duration(Hours),Caterpillar 777D SII,RD-143,Net Operating,N09 - General Production,,0.00,Total,5948.60,Grand Total,51923.57
Hauling Unit,Status Category,Status Code,Sub-Status Code,Duration(Hours),Caterpillar 777D SII,RD-143,Standby,S03 - Schedule No Work,,259.65,Total,5948.60,Grand Total,51923.57
Hauling Unit,Status Category,Status Code,Sub-Status Code,Duration(Hours),Caterpillar 777D SII,RD-143,Standby,S23 - Released from Maintanence,,0.86,Total,5948.60,Grand Total,51923.57
Hauling Unit,Status Category,Status Code,Sub-Status Code,Duration(Hours),Caterpillar 777E,RD-201,Delay,S19 - Tea/ Breakfast / Snacks,,39.05,Total,5199.89,Grand Total,51923.57
Hauling Unit,Status Category,Status Code,Sub-Status Code,Duration(Hours),Caterpillar 777E,RD-201,Delay,S20 - Shift Change,,83.20,Total,5199.89,Grand Total,51923.57
Hauling Unit,Status Category,Status Code,Sub-Status Code,Duration(Hours),Caterpillar 777E,RD-201,Delay,S25 - Toilet Break,,0.26,Total,5199.89,Grand Total,51923.57
Hauling Unit,Status Category,Status Code,Sub-Status Code,Duration(Hours),Caterpillar 777E,RD-201,Down,O01 -  Down,,284.92,Total,5199.89,Grand Total,51923.57
Hauling Unit,Status Category,Status Code,Sub-Status Code,Duration(Hours),Caterpillar 777E,RD-201,Net Operating,N00 - Wait At Dump,,8.73,Total,5199.89,Grand Total,51923.57
Hauling Unit,Status Category,Status Code,Sub-Status Code,Duration(Hours),Caterpillar 777E,RD-201,Net Operating,N01 - Truck Loading,,39.03,Total,5199.89,Grand Total,51923.57
Hauling Unit,Status Category,Status Code,Sub-Status Code,Duration(Hours),Caterpillar 777E,RD-201,Net Operating,N02 - Wait At LU,,0.61,Total,5199.89,Grand Total,51923.57
Hauling Unit,Status Category,Status Code,Sub-Status Code,Duration(Hours),Caterpillar 777E,RD-201,Net Operating,N03 - Empty,,120.08,Total,5199.89,Grand Total,51923.57
Hauling Unit,Status Category,Status Code,Sub-Status Code,Duration(Hours),Caterpillar 777E,RD-201,Net Operating,N03 - Empty,N031 - Empty Stopped,57.08,Total,5199.89,Grand Total,51923.57
Hauling Unit,Status Category,Status Code,Sub-Status Code,Duration(Hours),Caterpillar 777E,RD-201,Net Operating,N04 - Hauling,,80.26,Total,5199.89,Grand Total,51923.57
Hauling Unit,Status Category,Status Code,Sub-Status Code,Duration(Hours),Caterpillar 777E,RD-201,Net Operating,N04 - Hauling,N041 - Hauling Stopped,8.60,Total,5199.89,Grand Total,51923.57
Hauling Unit,Status Category,Status Code,Sub-Status Code,Duration(Hours),Caterpillar 777E,RD-201,Net Operating,N05 - Spot at LU,,1.90,Total,5199.89,Grand Total,51923.57
Hauling Unit,Status Category,Status Code,Sub-Status Code,Duration(Hours),Caterpillar 777E,RD-201,Net Operating,N06 - Queue At LU,,7.34,Total,5199.89,Grand Total,51923.57
Hauling Unit,Status Category,Status Code,Sub-Status Code,Duration(Hours),Caterpillar 777E,RD-201,Net Operating,N07 - Dumping,,5.87,Total,5199.89,Grand Total,51923.57
Hauling Unit,Status Category,Status Code,Sub-Status Code,Duration(Hours),Caterpillar 777E,RD-201,Standby,S03 - Schedule No Work,,7.34,Total,5199.89,Grand Total,51923.57
Hauling Unit,Status Category,Status Code,Sub-Status Code,Duration(Hours),Caterpillar 777E,RD-202,Delay,S19 - Tea/ Breakfast / Snacks,,49.65,Total,5199.89,Grand Total,51923.57
Hauling Unit,Status Category,Status Code,Sub-Status Code,Duration(Hours),Caterpillar 777E,RD-202,Delay,S20 - Shift Change,,118.62,Total,5199.89,Grand Total,51923.57
Hauling Unit,Status Category,Status Code,Sub-Status Code,Duration(Hours),Caterpillar 777E,RD-202,Delay,S25 - Toilet Break,,0.19,Total,5199.89,Grand Total,51923.57
Hauling Unit,Status Category,Status Code,Sub-Status Code,Duration(Hours),Caterpillar 777E,RD-202,Down,O01 -  Down,,152.23,Total,5199.89,Grand Total,51923.57
Hauling Unit,Status Category,Status Code,Sub-Status Code,Duration(Hours),Caterpillar 777E,RD-202,Net Operating,N00 - Wait At Dump,,12.88,Total,5199.89,Grand Total,51923.57
Hauling Unit,Status Category,Status Code,Sub-Status Code,Duration(Hours),Caterpillar 777E,RD-202,Net Operating,N01 - Truck Loading,,53.50,Total,5199.89,Grand Total,51923.57
Hauling Unit,Status Category,Status Code,Sub-Status Code,Duration(Hours),Caterpillar 777E,RD-202,Net Operating,N02 - Wait At LU,,0.32,Total,5199.89,Grand Total,51923.57
Hauling Unit,Status Category,Status Code,Sub-Status Code,Duration(Hours),Caterpillar 777E,RD-202,Net Operating,N03 - Empty,,148.73,Total,5199.89,Grand Total,51923.57
Hauling Unit,Status Category,Status Code,Sub-Status Code,Duration(Hours),Caterpillar 777E,RD-202,Net Operating,N03 - Empty,N031 - Empty Stopped,77.46,Total,5199.89,Grand Total,51923.57
Hauling Unit,Status Category,Status Code,Sub-Status Code,Duration(Hours),Caterpillar 777E,RD-202,Net Operating,N04 - Hauling,,93.97,Total,5199.89,Grand Total,51923.57
Hauling Unit,Status Category,Status Code,Sub-Status Code,Duration(Hours),Caterpillar 777E,RD-202,Net Operating,N04 - Hauling,N041 - Hauling Stopped,8.06,Total,5199.89,Grand Total,51923.57
Hauling Unit,Status Category,Status Code,Sub-Status Code,Duration(Hours),Caterpillar 777E,RD-202,Net Operating,N05 - Spot at LU,,2.50,Total,5199.89,Grand Total,51923.57
Hauling Unit,Status Category,Status Code,Sub-Status Code,Duration(Hours),Caterpillar 777E,RD-202,Net Operating,N06 - Queue At LU,,8.63,Total,5199.89,Grand Total,51923.57
Hauling Unit,Status Category,Status Code,Sub-Status Code,Duration(Hours),Caterpillar 777E,RD-202,Net Operating,N07 - Dumping,,7.80,Total,5199.89,Grand Total,51923.57
Hauling Unit,Status Category,Status Code,Sub-Status Code,Duration(Hours),Caterpillar 777E,RD-202,Standby,S03 - Schedule No Work,,7.82,Total,5199.89,Grand Total,51923.57
Hauling Unit,Status Category,Status Code,Sub-Status Code,Duration(Hours),Caterpillar 777E,RD-203,Delay,S19 - Tea/ Breakfast / Snacks,,64.03,Total,5199.89,Grand Total,51923.57
Hauling Unit,Status Category,Status Code,Sub-Status Code,Duration(Hours),Caterpillar 777E,RD-203,Delay,S20 - Shift Change,,125.62,Total,5199.89,Grand Total,51923.57
Hauling Unit,Status Category,Status Code,Sub-Status Code,Duration(Hours),Caterpillar 777E,RD-203,Delay,S25 - Toilet Break,,1.08,Total,5199.89,Grand Total,51923.57
Hauling Unit,Status Category,Status Code,Sub-Status Code,Duration(Hours),Caterpillar 777E,RD-203,Down,O01 -  Down,,86.55,Total,5199.89,Grand Total,51923.57
Hauling Unit,Status Category,Status Code,Sub-Status Code,Duration(Hours),Caterpillar 777E,RD-203,Net Operating,N00 - Wait At Dump,,16.30,Total,5199.89,Grand Total,51923.57
Hauling Unit,Status Category,Status Code,Sub-Status Code,Duration(Hours),Caterpillar 777E,RD-203,Net Operating,N01 - Truck Loading,,53.87,Total,5199.89,Grand Total,51923.57
Hauling Unit,Status Category,Status Code,Sub-Status Code,Duration(Hours),Caterpillar 777E,RD-203,Net Operating,N02 - Wait At LU,,1.90,Total,5199.89,Grand Total,51923.57
Hauling Unit,Status Category,Status Code,Sub-Status Code,Duration(Hours),Caterpillar 777E,RD-203,Net Operating,N03 - Empty,,163.35,Total,5199.89,Grand Total,51923.57
Hauling Unit,Status Category,Status Code,Sub-Status Code,Duration(Hours),Caterpillar 777E,RD-203,Net Operating,N03 - Empty,N031 - Empty Stopped,69.39,Total,5199.89,Grand Total,51923.57
Hauling Unit,Status Category,Status Code,Sub-Status Code,Duration(Hours),Caterpillar 777E,RD-203,Net Operating,N04 - Hauling,,118.31,Total,5199.89,Grand Total,51923.57
Hauling Unit,Status Category,Status Code,Sub-Status Code,Duration(Hours),Caterpillar 777E,RD-203,Net Operating,N04 - Hauling,N041 - Hauling Stopped,11.15,Total,5199.89,Grand Total,51923.57
Hauling Unit,Status Category,Status Code,Sub-Status Code,Duration(Hours),Caterpillar 777E,RD-203,Net Operating,N05 - Spot at LU,,2.54,Total,5199.89,Grand Total,51923.57
Hauling Unit,Status Category,Status Code,Sub-Status Code,Duration(Hours),Caterpillar 777E,RD-203,Net Operating,N06 - Queue At LU,,14.40,Total,5199.89,Grand Total,51923.57
Hauling Unit,Status Category,Status Code,Sub-Status Code,Duration(Hours),Caterpillar 777E,RD-203,Net Operating,N07 - Dumping,,8.93,Total,5199.89,Grand Total,51923.57
Hauling Unit,Status Category,Status Code,Sub-Status Code,Duration(Hours),Caterpillar 777E,RD-203,Standby,S03 - Schedule No Work,,5.00,Total,5199.89,Grand Total,51923.57
Hauling Unit,Status Category,Status Code,Sub-Status Code,Duration(Hours),Caterpillar 777E,RD-204,Delay,S05 - Stuck in Mud,,2.60,Total,5199.89,Grand Total,51923.57
Hauling Unit,Status Category,Status Code,Sub-Status Code,Duration(Hours),Caterpillar 777E,RD-204,Delay,S10 - Change Operators,,0.01,Total,5199.89,Grand Total,51923.57
Hauling Unit,Status Category,Status Code,Sub-Status Code,Duration(Hours),Caterpillar 777E,RD-204,Delay,S19 - Tea/ Breakfast / Snacks,,52.71,Total,5199.89,Grand Total,51923.57
Hauling Unit,Status Category,Status Code,Sub-Status Code,Duration(Hours),Caterpillar 777E,RD-204,Delay,S20 - Shift Change,,122.38,Total,5199.89,Grand Total,51923.57
Hauling Unit,Status Category,Status Code,Sub-Status Code,Duration(Hours),Caterpillar 777E,RD-204,Delay,S25 - Toilet Break,,0.50,Total,5199.89,Grand Total,51923.57
Hauling Unit,Status Category,Status Code,Sub-Status Code,Duration(Hours),Caterpillar 777E,RD-204,Down,O01 -  Down,,113.28,Total,5199.89,Grand Total,51923.57
Hauling Unit,Status Category,Status Code,Sub-Status Code,Duration(Hours),Caterpillar 777E,RD-204,Down,O03 - Daily Service,,0.38,Total,5199.89,Grand Total,51923.57
Hauling Unit,Status Category,Status Code,Sub-Status Code,Duration(Hours),Caterpillar 777E,RD-204,Down,O05 - Breakdown Maintenance,,1.01,Total,5199.89,Grand Total,51923.57
Hauling Unit,Status Category,Status Code,Sub-Status Code,Duration(Hours),Caterpillar 777E,RD-204,Net Operating,N00 - Wait At Dump,,15.12,Total,5199.89,Grand Total,51923.57
Hauling Unit,Status Category,Status Code,Sub-Status Code,Duration(Hours),Caterpillar 777E,RD-204,Net Operating,N01 - Truck Loading,,53.17,Total,5199.89,Grand Total,51923.57
Hauling Unit,Status Category,Status Code,Sub-Status Code,Duration(Hours),Caterpillar 777E,RD-204,Net Operating,N02 - Wait At LU,,0.20,Total,5199.89,Grand Total,51923.57
Hauling Unit,Status Category,Status Code,Sub-Status Code,Duration(Hours),Caterpillar 777E,RD-204,Net Operating,N03 - Empty,,161.60,Total,5199.89,Grand Total,51923.57
Hauling Unit,Status Category,Status Code,Sub-Status Code,Duration(Hours),Caterpillar 777E,RD-204,Net Operating,N03 - Empty,N031 - Empty Stopped,71.83,Total,5199.89,Grand Total,51923.57
Hauling Unit,Status Category,Status Code,Sub-Status Code,Duration(Hours),Caterpillar 777E,RD-204,Net Operating,N04 - Hauling,,106.69,Total,5199.89,Grand Total,51923.57
Hauling Unit,Status Category,Status Code,Sub-Status Code,Duration(Hours),Caterpillar 777E,RD-204,Net Operating,N04 - Hauling,N041 - Hauling Stopped,9.17,Total,5199.89,Grand Total,51923.57
Hauling Unit,Status Category,Status Code,Sub-Status Code,Duration(Hours),Caterpillar 777E,RD-204,Net Operating,N05 - Spot at LU,,2.37,Total,5199.89,Grand Total,51923.57
Hauling Unit,Status Category,Status Code,Sub-Status Code,Duration(Hours),Caterpillar 777E,RD-204,Net Operating,N06 - Queue At LU,,14.26,Total,5199.89,Grand Total,51923.57
Hauling Unit,Status Category,Status Code,Sub-Status Code,Duration(Hours),Caterpillar 777E,RD-204,Net Operating,N07 - Dumping,,8.19,Total,5199.89,Grand Total,51923.57
Hauling Unit,Status Category,Status Code,Sub-Status Code,Duration(Hours),Caterpillar 777E,RD-204,Standby,S03 - Schedule No Work,,7.31,Total,5199.89,Grand Total,51923.57
Hauling Unit,Status Category,Status Code,Sub-Status Code,Duration(Hours),Caterpillar 777E,RD-205,Delay,S19 - Tea/ Breakfast / Snacks,,46.89,Total,5199.89,Grand Total,51923.57
Hauling Unit,Status Category,Status Code,Sub-Status Code,Duration(Hours),Caterpillar 777E,RD-205,Delay,S20 - Shift Change,,97.56,Total,5199.89,Grand Total,51923.57
Hauling Unit,Status Category,Status Code,Sub-Status Code,Duration(Hours),Caterpillar 777E,RD-205,Delay,S25 - Toilet Break,,0.86,Total,5199.89,Grand Total,51923.57
Hauling Unit,Status Category,Status Code,Sub-Status Code,Duration(Hours),Caterpillar 777E,RD-205,Down,O01 -  Down,,228.91,Total,5199.89,Grand Total,51923.57
Hauling Unit,Status Category,Status Code,Sub-Status Code,Duration(Hours),Caterpillar 777E,RD-205,Net Operating,N00 - Wait At Dump,,8.66,Total,5199.89,Grand Total,51923.57
Hauling Unit,Status Category,Status Code,Sub-Status Code,Duration(Hours),Caterpillar 777E,RD-205,Net Operating,N01 - Truck Loading,,44.45,Total,5199.89,Grand Total,51923.57
Hauling Unit,Status Category,Status Code,Sub-Status Code,Duration(Hours),Caterpillar 777E,RD-205,Net Operating,N02 - Wait At LU,,0.34,Total,5199.89,Grand Total,51923.57
Hauling Unit,Status Category,Status Code,Sub-Status Code,Duration(Hours),Caterpillar 777E,RD-205,Net Operating,N03 - Empty,,130.18,Total,5199.89,Grand Total,51923.57
Hauling Unit,Status Category,Status Code,Sub-Status Code,Duration(Hours),Caterpillar 777E,RD-205,Net Operating,N03 - Empty,N031 - Empty Stopped,67.51,Total,5199.89,Grand Total,51923.57
Hauling Unit,Status Category,Status Code,Sub-Status Code,Duration(Hours),Caterpillar 777E,RD-205,Net Operating,N04 - Hauling,,76.48,Total,5199.89,Grand Total,51923.57
Hauling Unit,Status Category,Status Code,Sub-Status Code,Duration(Hours),Caterpillar 777E,RD-205,Net Operating,N04 - Hauling,N041 - Hauling Stopped,6.31,Total,5199.89,Grand Total,51923.57
Hauling Unit,Status Category,Status Code,Sub-Status Code,Duration(Hours),Caterpillar 777E,RD-205,Net Operating,N05 - Spot at LU,,1.72,Total,5199.89,Grand Total,51923.57
Hauling Unit,Status Category,Status Code,Sub-Status Code,Duration(Hours),Caterpillar 777E,RD-205,Net Operating,N06 - Queue At LU,,10.84,Total,5199.89,Grand Total,51923.57
Hauling Unit,Status Category,Status Code,Sub-Status Code,Duration(Hours),Caterpillar 777E,RD-205,Net Operating,N07 - Dumping,,6.49,Total,5199.89,Grand Total,51923.57
Hauling Unit,Status Category,Status Code,Sub-Status Code,Duration(Hours),Caterpillar 777E,RD-205,Net Operating,N09 - General Production,,0.02,Total,5199.89,Grand Total,51923.57
Hauling Unit,Status Category,Status Code,Sub-Status Code,Duration(Hours),Caterpillar 777E,RD-205,Standby,S03 - Schedule No Work,,16.16,Total,5199.89,Grand Total,51923.57
Hauling Unit,Status Category,Status Code,Sub-Status Code,Duration(Hours),Caterpillar 777E,RD-206,Delay,S05 - Stuck in Mud,,0.05,Total,5199.89,Grand Total,51923.57
Hauling Unit,Status Category,Status Code,Sub-Status Code,Duration(Hours),Caterpillar 777E,RD-206,Delay,S13 - Shift Incharge Instruction,,0.27,Total,5199.89,Grand Total,51923.57
Hauling Unit,Status Category,Status Code,Sub-Status Code,Duration(Hours),Caterpillar 777E,RD-206,Delay,S19 - Tea/ Breakfast / Snacks,,72.19,Total,5199.89,Grand Total,51923.57
Hauling Unit,Status Category,Status Code,Sub-Status Code,Duration(Hours),Caterpillar 777E,RD-206,Delay,S20 - Shift Change,,125.25,Total,5199.89,Grand Total,51923.57
Hauling Unit,Status Category,Status Code,Sub-Status Code,Duration(Hours),Caterpillar 777E,RD-206,Delay,S25 - Toilet Break,,0.87,Total,5199.89,Grand Total,51923.57
Hauling Unit,Status Category,Status Code,Sub-Status Code,Duration(Hours),Caterpillar 777E,RD-206,Down,O01 -  Down,,61.33,Total,5199.89,Grand Total,51923.57
Hauling Unit,Status Category,Status Code,Sub-Status Code,Duration(Hours),Caterpillar 777E,RD-206,Down,O03 - Daily Service,,1.17,Total,5199.89,Grand Total,51923.57
Hauling Unit,Status Category,Status Code,Sub-Status Code,Duration(Hours),Caterpillar 777E,RD-206,Net Operating,N00 - Wait At Dump,,14.89,Total,5199.89,Grand Total,51923.57
Hauling Unit,Status Category,Status Code,Sub-Status Code,Duration(Hours),Caterpillar 777E,RD-206,Net Operating,N01 - Truck Loading,,48.12,Total,5199.89,Grand Total,51923.57
Hauling Unit,Status Category,Status Code,Sub-Status Code,Duration(Hours),Caterpillar 777E,RD-206,Net Operating,N02 - Wait At LU,,4.32,Total,5199.89,Grand Total,51923.57
Hauling Unit,Status Category,Status Code,Sub-Status Code,Duration(Hours),Caterpillar 777E,RD-206,Net Operating,N03 - Empty,,177.30,Total,5199.89,Grand Total,51923.57
Hauling Unit,Status Category,Status Code,Sub-Status Code,Duration(Hours),Caterpillar 777E,RD-206,Net Operating,N03 - Empty,N031 - Empty Stopped,78.71,Total,5199.89,Grand Total,51923.57
Hauling Unit,Status Category,Status Code,Sub-Status Code,Duration(Hours),Caterpillar 777E,RD-206,Net Operating,N04 - Hauling,,112.31,Total,5199.89,Grand Total,51923.57
Hauling Unit,Status Category,Status Code,Sub-Status Code,Duration(Hours),Caterpillar 777E,RD-206,Net Operating,N04 - Hauling,N041 - Hauling Stopped,9.64,Total,5199.89,Grand Total,51923.57
Hauling Unit,Status Category,Status Code,Sub-Status Code,Duration(Hours),Caterpillar 777E,RD-206,Net Operating,N05 - Spot at LU,,2.86,Total,5199.89,Grand Total,51923.57
Hauling Unit,Status Category,Status Code,Sub-Status Code,Duration(Hours),Caterpillar 777E,RD-206,Net Operating,N06 - Queue At LU,,16.13,Total,5199.89,Grand Total,51923.57
Hauling Unit,Status Category,Status Code,Sub-Status Code,Duration(Hours),Caterpillar 777E,RD-206,Net Operating,N07 - Dumping,,9.43,Total,5199.89,Grand Total,51923.57
Hauling Unit,Status Category,Status Code,Sub-Status Code,Duration(Hours),Caterpillar 777E,RD-206,Standby,S03 - Schedule No Work,,7.41,Total,5199.89,Grand Total,51923.57
Hauling Unit,Status Category,Status Code,Sub-Status Code,Duration(Hours),Caterpillar 777E,RD-206,Standby,S23 - Released from Maintanence,,0.04,Total,5199.89,Grand Total,51923.57
Hauling Unit,Status Category,Status Code,Sub-Status Code,Duration(Hours),Caterpillar 777E,RD-207,Delay,S05 - Stuck in Mud,,0.00,Total,5199.89,Grand Total,51923.57
Hauling Unit,Status Category,Status Code,Sub-Status Code,Duration(Hours),Caterpillar 777E,RD-207,Delay,S19 - Tea/ Breakfast / Snacks,,44.95,Total,5199.89,Grand Total,51923.57
Hauling Unit,Status Category,Status Code,Sub-Status Code,Duration(Hours),Caterpillar 777E,RD-207,Delay,S20 - Shift Change,,109.81,Total,5199.89,Grand Total,51923.57
Hauling Unit,Status Category,Status Code,Sub-Status Code,Duration(Hours),Caterpillar 777E,RD-207,Delay,S25 - Toilet Break,,0.99,Total,5199.89,Grand Total,51923.57
Hauling Unit,Status Category,Status Code,Sub-Status Code,Duration(Hours),Caterpillar 777E,RD-207,Down,O01 -  Down,,147.46,Total,5199.89,Grand Total,51923.57
Hauling Unit,Status Category,Status Code,Sub-Status Code,Duration(Hours),Caterpillar 777E,RD-207,Net Operating,N00 - Wait At Dump,,13.09,Total,5199.89,Grand Total,51923.57
Hauling Unit,Status Category,Status Code,Sub-Status Code,Duration(Hours),Caterpillar 777E,RD-207,Net Operating,N01 - Truck Loading,,51.82,Total,5199.89,Grand Total,51923.57
Hauling Unit,Status Category,Status Code,Sub-Status Code,Duration(Hours),Caterpillar 777E,RD-207,Net Operating,N02 - Wait At LU,,0.20,Total,5199.89,Grand Total,51923.57
Hauling Unit,Status Category,Status Code,Sub-Status Code,Duration(Hours),Caterpillar 777E,RD-207,Net Operating,N03 - Empty,,162.95,Total,5199.89,Grand Total,51923.57
Hauling Unit,Status Category,Status Code,Sub-Status Code,Duration(Hours),Caterpillar 777E,RD-207,Net Operating,N03 - Empty,N031 - Empty Stopped,76.08,Total,5199.89,Grand Total,51923.57
Hauling Unit,Status Category,Status Code,Sub-Status Code,Duration(Hours),Caterpillar 777E,RD-207,Net Operating,N04 - Hauling,,97.92,Total,5199.89,Grand Total,51923.57
Hauling Unit,Status Category,Status Code,Sub-Status Code,Duration(Hours),Caterpillar 777E,RD-207,Net Operating,N04 - Hauling,N041 - Hauling Stopped,8.31,Total,5199.89,Grand Total,51923.57
Hauling Unit,Status Category,Status Code,Sub-Status Code,Duration(Hours),Caterpillar 777E,RD-207,Net Operating,N05 - Spot at LU,,2.26,Total,5199.89,Grand Total,51923.57
Hauling Unit,Status Category,Status Code,Sub-Status Code,Duration(Hours),Caterpillar 777E,RD-207,Net Operating,N06 - Queue At LU,,14.21,Total,5199.89,Grand Total,51923.57
Hauling Unit,Status Category,Status Code,Sub-Status Code,Duration(Hours),Caterpillar 777E,RD-207,Net Operating,N07 - Dumping,,8.95,Total,5199.89,Grand Total,51923.57
Hauling Unit,Status Category,Status Code,Sub-Status Code,Duration(Hours),Caterpillar 777E,RD-207,Standby,S03 - Schedule No Work,,3.39,Total,5199.89,Grand Total,51923.57
Hauling Unit,Status Category,Status Code,Sub-Status Code,Duration(Hours),KOMATSU HD785-7,RD-208,Delay,F02 - Face Height Reduction,,0.00,Total,33339.86,Grand Total,51923.57
Hauling Unit,Status Category,Status Code,Sub-Status Code,Duration(Hours),KOMATSU HD785-7,RD-208,Delay,S13 - Shift Incharge Instruction,,0.30,Total,33339.86,Grand Total,51923.57
Hauling Unit,Status Category,Status Code,Sub-Status Code,Duration(Hours),KOMATSU HD785-7,RD-208,Delay,S19 - Tea/ Breakfast / Snacks,,43.69,Total,33339.86,Grand Total,51923.57
Hauling Unit,Status Category,Status Code,Sub-Status Code,Duration(Hours),KOMATSU HD785-7,RD-208,Delay,S20 - Shift Change,,116.40,Total,33339.86,Grand Total,51923.57
Hauling Unit,Status Category,Status Code,Sub-Status Code,Duration(Hours),KOMATSU HD785-7,RD-208,Delay,S25 - Toilet Break,,0.52,Total,33339.86,Grand Total,51923.57
Hauling Unit,Status Category,Status Code,Sub-Status Code,Duration(Hours),KOMATSU HD785-7,RD-208,Down,O01 -  Down,,103.22,Total,33339.86,Grand Total,51923.57
Hauling Unit,Status Category,Status Code,Sub-Status Code,Duration(Hours),KOMATSU HD785-7,RD-208,Down,O03 - Daily Service,,0.57,Total,33339.86,Grand Total,51923.57
Hauling Unit,Status Category,Status Code,Sub-Status Code,Duration(Hours),KOMATSU HD785-7,RD-208,Net Operating,N00 - Wait At Dump,,12.94,Total,33339.86,Grand Total,51923.57
Hauling Unit,Status Category,Status Code,Sub-Status Code,Duration(Hours),KOMATSU HD785-7,RD-208,Net Operating,N01 - Truck Loading,,58.65,Total,33339.86,Grand Total,51923.57
Hauling Unit,Status Category,Status Code,Sub-Status Code,Duration(Hours),KOMATSU HD785-7,RD-208,Net Operating,N02 - Wait At LU,,1.04,Total,33339.86,Grand Total,51923.57
Hauling Unit,Status Category,Status Code,Sub-Status Code,Duration(Hours),KOMATSU HD785-7,RD-208,Net Operating,N03 - Empty,,171.07,Total,33339.86,Grand Total,51923.57
Hauling Unit,Status Category,Status Code,Sub-Status Code,Duration(Hours),KOMATSU HD785-7,RD-208,Net Operating,N03 - Empty,N031 - Empty Stopped,84.30,Total,33339.86,Grand Total,51923.57
Hauling Unit,Status Category,Status Code,Sub-Status Code,Duration(Hours),KOMATSU HD785-7,RD-208,Net Operating,N04 - Hauling,,115.45,Total,33339.86,Grand Total,51923.57
Hauling Unit,Status Category,Status Code,Sub-Status Code,Duration(Hours),KOMATSU HD785-7,RD-208,Net Operating,N04 - Hauling,N041 - Hauling Stopped,12.18,Total,33339.86,Grand Total,51923.57
Hauling Unit,Status Category,Status Code,Sub-Status Code,Duration(Hours),KOMATSU HD785-7,RD-208,Net Operating,N05 - Spot at LU,,2.95,Total,33339.86,Grand Total,51923.57
Hauling Unit,Status Category,Status Code,Sub-Status Code,Duration(Hours),KOMATSU HD785-7,RD-208,Net Operating,N06 - Queue At LU,,16.04,Total,33339.86,Grand Total,51923.57
Hauling Unit,Status Category,Status Code,Sub-Status Code,Duration(Hours),KOMATSU HD785-7,RD-208,Net Operating,N07 - Dumping,,1.20,Total,33339.86,Grand Total,51923.57
Hauling Unit,Status Category,Status Code,Sub-Status Code,Duration(Hours),KOMATSU HD785-7,RD-208,Standby,S03 - Schedule No Work,,0.11,Total,33339.86,Grand Total,51923.57
Hauling Unit,Status Category,Status Code,Sub-Status Code,Duration(Hours),KOMATSU HD785-7,RD-209,Delay,S13 - Shift Incharge Instruction,,0.23,Total,33339.86,Grand Total,51923.57
Hauling Unit,Status Category,Status Code,Sub-Status Code,Duration(Hours),KOMATSU HD785-7,RD-209,Delay,S19 - Tea/ Breakfast / Snacks,,50.31,Total,33339.86,Grand Total,51923.57
Hauling Unit,Status Category,Status Code,Sub-Status Code,Duration(Hours),KOMATSU HD785-7,RD-209,Delay,S20 - Shift Change,,123.14,Total,33339.86,Grand Total,51923.57
Hauling Unit,Status Category,Status Code,Sub-Status Code,Duration(Hours),KOMATSU HD785-7,RD-209,Delay,S25 - Toilet Break,,0.24,Total,33339.86,Grand Total,51923.57
Hauling Unit,Status Category,Status Code,Sub-Status Code,Duration(Hours),KOMATSU HD785-7,RD-209,Down,O01 -  Down,,86.14,Total,33339.86,Grand Total,51923.57
Hauling Unit,Status Category,Status Code,Sub-Status Code,Duration(Hours),KOMATSU HD785-7,RD-209,Net Operating,N00 - Wait At Dump,,10.19,Total,33339.86,Grand Total,51923.57
Hauling Unit,Status Category,Status Code,Sub-Status Code,Duration(Hours),KOMATSU HD785-7,RD-209,Net Operating,N01 - Truck Loading,,59.20,Total,33339.86,Grand Total,51923.57
Hauling Unit,Status Category,Status Code,Sub-Status Code,Duration(Hours),KOMATSU HD785-7,RD-209,Net Operating,N02 - Wait At LU,,0.02,Total,33339.86,Grand Total,51923.57
Hauling Unit,Status Category,Status Code,Sub-Status Code,Duration(Hours),KOMATSU HD785-7,RD-209,Net Operating,N03 - Empty,,172.57,Total,33339.86,Grand Total,51923.57
Hauling Unit,Status Category,Status Code,Sub-Status Code,Duration(Hours),KOMATSU HD785-7,RD-209,Net Operating,N03 - Empty,N031 - Empty Stopped,79.69,Total,33339.86,Grand Total,51923.57
Hauling Unit,Status Category,Status Code,Sub-Status Code,Duration(Hours),KOMATSU HD785-7,RD-209,Net Operating,N04 - Hauling,,122.94,Total,33339.86,Grand Total,51923.57
Hauling Unit,Status Category,Status Code,Sub-Status Code,Duration(Hours),KOMATSU HD785-7,RD-209,Net Operating,N04 - Hauling,N041 - Hauling Stopped,15.17,Total,33339.86,Grand Total,51923.57
Hauling Unit,Status Category,Status Code,Sub-Status Code,Duration(Hours),KOMATSU HD785-7,RD-209,Net Operating,N05 - Spot at LU,,2.63,Total,33339.86,Grand Total,51923.57
Hauling Unit,Status Category,Status Code,Sub-Status Code,Duration(Hours),KOMATSU HD785-7,RD-209,Net Operating,N06 - Queue At LU,,14.65,Total,33339.86,Grand Total,51923.57
Hauling Unit,Status Category,Status Code,Sub-Status Code,Duration(Hours),KOMATSU HD785-7,RD-209,Net Operating,N07 - Dumping,,0.87,Total,33339.86,Grand Total,51923.57
Hauling Unit,Status Category,Status Code,Sub-Status Code,Duration(Hours),KOMATSU HD785-7,RD-209,Standby,S03 - Schedule No Work,,1.78,Total,33339.86,Grand Total,51923.57
Hauling Unit,Status Category,Status Code,Sub-Status Code,Duration(Hours),KOMATSU HD785-7,RD-210,Delay,S16 - Pit Closed,,0.00,Total,33339.86,Grand Total,51923.57
Hauling Unit,Status Category,Status Code,Sub-Status Code,Duration(Hours),KOMATSU HD785-7,RD-210,Delay,S19 - Tea/ Breakfast / Snacks,,14.19,Total,33339.86,Grand Total,51923.57
Hauling Unit,Status Category,Status Code,Sub-Status Code,Duration(Hours),KOMATSU HD785-7,RD-210,Delay,S20 - Shift Change,,39.51,Total,33339.86,Grand Total,51923.57
Hauling Unit,Status Category,Status Code,Sub-Status Code,Duration(Hours),KOMATSU HD785-7,RD-210,Down,O01 -  Down,,515.64,Total,33339.86,Grand Total,51923.57
Hauling Unit,Status Category,Status Code,Sub-Status Code,Duration(Hours),KOMATSU HD785-7,RD-210,Net Operating,N00 - Wait At Dump,,3.02,Total,33339.86,Grand Total,51923.57
Hauling Unit,Status Category,Status Code,Sub-Status Code,Duration(Hours),KOMATSU HD785-7,RD-210,Net Operating,N01 - Truck Loading,,21.54,Total,33339.86,Grand Total,51923.57
Hauling Unit,Status Category,Status Code,Sub-Status Code,Duration(Hours),KOMATSU HD785-7,RD-210,Net Operating,N03 - Empty,,68.83,Total,33339.86,Grand Total,51923.57
Hauling Unit,Status Category,Status Code,Sub-Status Code,Duration(Hours),KOMATSU HD785-7,RD-210,Net Operating,N03 - Empty,N031 - Empty Stopped,25.32,Total,33339.86,Grand Total,51923.57
Hauling Unit,Status Category,Status Code,Sub-Status Code,Duration(Hours),KOMATSU HD785-7,RD-210,Net Operating,N04 - Hauling,,41.61,Total,33339.86,Grand Total,51923.57
Hauling Unit,Status Category,Status Code,Sub-Status Code,Duration(Hours),KOMATSU HD785-7,RD-210,Net Operating,N04 - Hauling,N041 - Hauling Stopped,3.64,Total,33339.86,Grand Total,51923.57
Hauling Unit,Status Category,Status Code,Sub-Status Code,Duration(Hours),KOMATSU HD785-7,RD-210,Net Operating,N05 - Spot at LU,,1.09,Total,33339.86,Grand Total,51923.57
Hauling Unit,Status Category,Status Code,Sub-Status Code,Duration(Hours),KOMATSU HD785-7,RD-210,Net Operating,N06 - Queue At LU,,4.55,Total,33339.86,Grand Total,51923.57
Hauling Unit,Status Category,Status Code,Sub-Status Code,Duration(Hours),KOMATSU HD785-7,RD-210,Net Operating,N07 - Dumping,,0.64,Total,33339.86,Grand Total,51923.57
Hauling Unit,Status Category,Status Code,Sub-Status Code,Duration(Hours),KOMATSU HD785-7,RD-210,Standby,S03 - Schedule No Work,,2.98,Total,33339.86,Grand Total,51923.57
Hauling Unit,Status Category,Status Code,Sub-Status Code,Duration(Hours),KOMATSU HD785-7,RD-210,Standby,S23 - Released from Maintanence,,0.29,Total,33339.86,Grand Total,51923.57
Hauling Unit,Status Category,Status Code,Sub-Status Code,Duration(Hours),KOMATSU HD785-7,RD-211,Delay,S05 - Stuck in Mud,,0.23,Total,33339.86,Grand Total,51923.57
Hauling Unit,Status Category,Status Code,Sub-Status Code,Duration(Hours),KOMATSU HD785-7,RD-211,Delay,S13 - Shift Incharge Instruction,,0.30,Total,33339.86,Grand Total,51923.57
Hauling Unit,Status Category,Status Code,Sub-Status Code,Duration(Hours),KOMATSU HD785-7,RD-211,Delay,S19 - Tea/ Breakfast / Snacks,,47.54,Total,33339.86,Grand Total,51923.57
Hauling Unit,Status Category,Status Code,Sub-Status Code,Duration(Hours),KOMATSU HD785-7,RD-211,Delay,S20 - Shift Change,,116.40,Total,33339.86,Grand Total,51923.57
Hauling Unit,Status Category,Status Code,Sub-Status Code,Duration(Hours),KOMATSU HD785-7,RD-211,Delay,S25 - Toilet Break,,0.14,Total,33339.86,Grand Total,51923.57
Hauling Unit,Status Category,Status Code,Sub-Status Code,Duration(Hours),KOMATSU HD785-7,RD-211,Delay,S31 - Fuel Filling,,0.05,Total,33339.86,Grand Total,51923.57
Hauling Unit,Status Category,Status Code,Sub-Status Code,Duration(Hours),KOMATSU HD785-7,RD-211,Down,O01 -  Down,,131.59,Total,33339.86,Grand Total,51923.57
Hauling Unit,Status Category,Status Code,Sub-Status Code,Duration(Hours),KOMATSU HD785-7,RD-211,Down,O03 - Daily Service,,1.35,Total,33339.86,Grand Total,51923.57
Hauling Unit,Status Category,Status Code,Sub-Status Code,Duration(Hours),KOMATSU HD785-7,RD-211,Net Operating,N00 - Wait At Dump,,11.04,Total,33339.86,Grand Total,51923.57
Hauling Unit,Status Category,Status Code,Sub-Status Code,Duration(Hours),KOMATSU HD785-7,RD-211,Net Operating,N01 - Truck Loading,,54.33,Total,33339.86,Grand Total,51923.57
Hauling Unit,Status Category,Status Code,Sub-Status Code,Duration(Hours),KOMATSU HD785-7,RD-211,Net Operating,N02 - Wait At LU,,0.09,Total,33339.86,Grand Total,51923.57
Hauling Unit,Status Category,Status Code,Sub-Status Code,Duration(Hours),KOMATSU HD785-7,RD-211,Net Operating,N03 - Empty,,153.85,Total,33339.86,Grand Total,51923.57
Hauling Unit,Status Category,Status Code,Sub-Status Code,Duration(Hours),KOMATSU HD785-7,RD-211,Net Operating,N03 - Empty,N031 - Empty Stopped,80.48,Total,33339.86,Grand Total,51923.57
Hauling Unit,Status Category,Status Code,Sub-Status Code,Duration(Hours),KOMATSU HD785-7,RD-211,Net Operating,N04 - Hauling,,109.18,Total,33339.86,Grand Total,51923.57
Hauling Unit,Status Category,Status Code,Sub-Status Code,Duration(Hours),KOMATSU HD785-7,RD-211,Net Operating,N04 - Hauling,N041 - Hauling Stopped,9.03,Total,33339.86,Grand Total,51923.57
Hauling Unit,Status Category,Status Code,Sub-Status Code,Duration(Hours),KOMATSU HD785-7,RD-211,Net Operating,N05 - Spot at LU,,2.63,Total,33339.86,Grand Total,51923.57
Hauling Unit,Status Category,Status Code,Sub-Status Code,Duration(Hours),KOMATSU HD785-7,RD-211,Net Operating,N06 - Queue At LU,,18.43,Total,33339.86,Grand Total,51923.57
Hauling Unit,Status Category,Status Code,Sub-Status Code,Duration(Hours),KOMATSU HD785-7,RD-211,Net Operating,N07 - Dumping,,1.14,Total,33339.86,Grand Total,51923.57
Hauling Unit,Status Category,Status Code,Sub-Status Code,Duration(Hours),KOMATSU HD785-7,RD-211,Net Operating,N09 - General Production,,0.00,Total,33339.86,Grand Total,51923.57
Hauling Unit,Status Category,Status Code,Sub-Status Code,Duration(Hours),KOMATSU HD785-7,RD-211,Standby,S03 - Schedule No Work,,2.92,Total,33339.86,Grand Total,51923.57
Hauling Unit,Status Category,Status Code,Sub-Status Code,Duration(Hours),KOMATSU HD785-7,RD-212,Delay,S05 - Stuck in Mud,,2.55,Total,33339.86,Grand Total,51923.57
Hauling Unit,Status Category,Status Code,Sub-Status Code,Duration(Hours),KOMATSU HD785-7,RD-212,Delay,S10 - Change Operators,,0.16,Total,33339.86,Grand Total,51923.57
Hauling Unit,Status Category,Status Code,Sub-Status Code,Duration(Hours),KOMATSU HD785-7,RD-212,Delay,S19 - Tea/ Breakfast / Snacks,,48.80,Total,33339.86,Grand Total,51923.57
Hauling Unit,Status Category,Status Code,Sub-Status Code,Duration(Hours),KOMATSU HD785-7,RD-212,Delay,S20 - Shift Change,,117.65,Total,33339.86,Grand Total,51923.57
Hauling Unit,Status Category,Status Code,Sub-Status Code,Duration(Hours),KOMATSU HD785-7,RD-212,Delay,S25 - Toilet Break,,0.95,Total,33339.86,Grand Total,51923.57
Hauling Unit,Status Category,Status Code,Sub-Status Code,Duration(Hours),KOMATSU HD785-7,RD-212,Down,O01 -  Down,,109.73,Total,33339.86,Grand Total,51923.57
Hauling Unit,Status Category,Status Code,Sub-Status Code,Duration(Hours),KOMATSU HD785-7,RD-212,Net Operating,N00 - Wait At Dump,,13.46,Total,33339.86,Grand Total,51923.57
Hauling Unit,Status Category,Status Code,Sub-Status Code,Duration(Hours),KOMATSU HD785-7,RD-212,Net Operating,N01 - Truck Loading,,59.20,Total,33339.86,Grand Total,51923.57
Hauling Unit,Status Category,Status Code,Sub-Status Code,Duration(Hours),KOMATSU HD785-7,RD-212,Net Operating,N02 - Wait At LU,,0.09,Total,33339.86,Grand Total,51923.57
Hauling Unit,Status Category,Status Code,Sub-Status Code,Duration(Hours),KOMATSU HD785-7,RD-212,Net Operating,N03 - Empty,,162.26,Total,33339.86,Grand Total,51923.57
Hauling Unit,Status Category,Status Code,Sub-Status Code,Duration(Hours),KOMATSU HD785-7,RD-212,Net Operating,N03 - Empty,N031 - Empty Stopped,77.17,Total,33339.86,Grand Total,51923.57
Hauling Unit,Status Category,Status Code,Sub-Status Code,Duration(Hours),KOMATSU HD785-7,RD-212,Net Operating,N04 - Hauling,,115.78,Total,33339.86,Grand Total,51923.57
Hauling Unit,Status Category,Status Code,Sub-Status Code,Duration(Hours),KOMATSU HD785-7,RD-212,Net Operating,N04 - Hauling,N041 - Hauling Stopped,11.75,Total,33339.86,Grand Total,51923.57
Hauling Unit,Status Category,Status Code,Sub-Status Code,Duration(Hours),KOMATSU HD785-7,RD-212,Net Operating,N05 - Spot at LU,,2.68,Total,33339.86,Grand Total,51923.57
Hauling Unit,Status Category,Status Code,Sub-Status Code,Duration(Hours),KOMATSU HD785-7,RD-212,Net Operating,N06 - Queue At LU,,14.17,Total,33339.86,Grand Total,51923.57
Hauling Unit,Status Category,Status Code,Sub-Status Code,Duration(Hours),KOMATSU HD785-7,RD-212,Net Operating,N07 - Dumping,,0.83,Total,33339.86,Grand Total,51923.57
Hauling Unit,Status Category,Status Code,Sub-Status Code,Duration(Hours),KOMATSU HD785-7,RD-212,Standby,S03 - Schedule No Work,,2.20,Total,33339.86,Grand Total,51923.57
Hauling Unit,Status Category,Status Code,Sub-Status Code,Duration(Hours),KOMATSU HD785-7,RD-214,Delay,S05 - Stuck in Mud,,0.83,Total,33339.86,Grand Total,51923.57
Hauling Unit,Status Category,Status Code,Sub-Status Code,Duration(Hours),KOMATSU HD785-7,RD-214,Delay,S13 - Shift Incharge Instruction,,0.28,Total,33339.86,Grand Total,51923.57
Hauling Unit,Status Category,Status Code,Sub-Status Code,Duration(Hours),KOMATSU HD785-7,RD-214,Delay,S19 - Tea/ Breakfast / Snacks,,29.82,Total,33339.86,Grand Total,51923.57
Hauling Unit,Status Category,Status Code,Sub-Status Code,Duration(Hours),KOMATSU HD785-7,RD-214,Delay,S20 - Shift Change,,73.67,Total,33339.86,Grand Total,51923.57
Hauling Unit,Status Category,Status Code,Sub-Status Code,Duration(Hours),KOMATSU HD785-7,RD-214,Delay,S25 - Toilet Break,,1.17,Total,33339.86,Grand Total,51923.57
Hauling Unit,Status Category,Status Code,Sub-Status Code,Duration(Hours),KOMATSU HD785-7,RD-214,Down,O01 -  Down,,336.21,Total,33339.86,Grand Total,51923.57
Hauling Unit,Status Category,Status Code,Sub-Status Code,Duration(Hours),KOMATSU HD785-7,RD-214,Down,O05 - Breakdown Maintenance,,1.49,Total,33339.86,Grand Total,51923.57
Hauling Unit,Status Category,Status Code,Sub-Status Code,Duration(Hours),KOMATSU HD785-7,RD-214,Net Operating,N00 - Wait At Dump,,9.62,Total,33339.86,Grand Total,51923.57
Hauling Unit,Status Category,Status Code,Sub-Status Code,Duration(Hours),KOMATSU HD785-7,RD-214,Net Operating,N01 - Truck Loading,,35.10,Total,33339.86,Grand Total,51923.57
Hauling Unit,Status Category,Status Code,Sub-Status Code,Duration(Hours),KOMATSU HD785-7,RD-214,Net Operating,N02 - Wait At LU,,0.84,Total,33339.86,Grand Total,51923.57
Hauling Unit,Status Category,Status Code,Sub-Status Code,Duration(Hours),KOMATSU HD785-7,RD-214,Net Operating,N03 - Empty,,103.33,Total,33339.86,Grand Total,51923.57
Hauling Unit,Status Category,Status Code,Sub-Status Code,Duration(Hours),KOMATSU HD785-7,RD-214,Net Operating,N03 - Empty,N031 - Empty Stopped,50.88,Total,33339.86,Grand Total,51923.57
Hauling Unit,Status Category,Status Code,Sub-Status Code,Duration(Hours),KOMATSU HD785-7,RD-214,Net Operating,N04 - Hauling,,73.08,Total,33339.86,Grand Total,51923.57
Hauling Unit,Status Category,Status Code,Sub-Status Code,Duration(Hours),KOMATSU HD785-7,RD-214,Net Operating,N04 - Hauling,N041 - Hauling Stopped,6.70,Total,33339.86,Grand Total,51923.57
Hauling Unit,Status Category,Status Code,Sub-Status Code,Duration(Hours),KOMATSU HD785-7,RD-214,Net Operating,N05 - Spot at LU,,2.27,Total,33339.86,Grand Total,51923.57
Hauling Unit,Status Category,Status Code,Sub-Status Code,Duration(Hours),KOMATSU HD785-7,RD-214,Net Operating,N06 - Queue At LU,,13.46,Total,33339.86,Grand Total,51923.57
Hauling Unit,Status Category,Status Code,Sub-Status Code,Duration(Hours),KOMATSU HD785-7,RD-214,Net Operating,N07 - Dumping,,0.82,Total,33339.86,Grand Total,51923.57
Hauling Unit,Status Category,Status Code,Sub-Status Code,Duration(Hours),KOMATSU HD785-7,RD-214,Standby,S03 - Schedule No Work,,2.83,Total,33339.86,Grand Total,51923.57
Hauling Unit,Status Category,Status Code,Sub-Status Code,Duration(Hours),KOMATSU HD785-7,RD-215,Delay,S13 - Shift Incharge Instruction,,0.30,Total,33339.86,Grand Total,51923.57
Hauling Unit,Status Category,Status Code,Sub-Status Code,Duration(Hours),KOMATSU HD785-7,RD-215,Delay,S19 - Tea/ Breakfast / Snacks,,47.58,Total,33339.86,Grand Total,51923.57
Hauling Unit,Status Category,Status Code,Sub-Status Code,Duration(Hours),KOMATSU HD785-7,RD-215,Delay,S20 - Shift Change,,117.29,Total,33339.86,Grand Total,51923.57
Hauling Unit,Status Category,Status Code,Sub-Status Code,Duration(Hours),KOMATSU HD785-7,RD-215,Delay,S25 - Toilet Break,,1.14,Total,33339.86,Grand Total,51923.57
Hauling Unit,Status Category,Status Code,Sub-Status Code,Duration(Hours),KOMATSU HD785-7,RD-215,Down,O01 -  Down,,82.33,Total,33339.86,Grand Total,51923.57
Hauling Unit,Status Category,Status Code,Sub-Status Code,Duration(Hours),KOMATSU HD785-7,RD-215,Net Operating,N00 - Wait At Dump,,11.13,Total,33339.86,Grand Total,51923.57
Hauling Unit,Status Category,Status Code,Sub-Status Code,Duration(Hours),KOMATSU HD785-7,RD-215,Net Operating,N01 - Truck Loading,,61.66,Total,33339.86,Grand Total,51923.57
Hauling Unit,Status Category,Status Code,Sub-Status Code,Duration(Hours),KOMATSU HD785-7,RD-215,Net Operating,N02 - Wait At LU,,0.41,Total,33339.86,Grand Total,51923.57
Hauling Unit,Status Category,Status Code,Sub-Status Code,Duration(Hours),KOMATSU HD785-7,RD-215,Net Operating,N03 - Empty,,180.37,Total,33339.86,Grand Total,51923.57
Hauling Unit,Status Category,Status Code,Sub-Status Code,Duration(Hours),KOMATSU HD785-7,RD-215,Net Operating,N03 - Empty,N031 - Empty Stopped,83.77,Total,33339.86,Grand Total,51923.57
Hauling Unit,Status Category,Status Code,Sub-Status Code,Duration(Hours),KOMATSU HD785-7,RD-215,Net Operating,N04 - Hauling,,124.28,Total,33339.86,Grand Total,51923.57
Hauling Unit,Status Category,Status Code,Sub-Status Code,Duration(Hours),KOMATSU HD785-7,RD-215,Net Operating,N04 - Hauling,N041 - Hauling Stopped,10.77,Total,33339.86,Grand Total,51923.57
Hauling Unit,Status Category,Status Code,Sub-Status Code,Duration(Hours),KOMATSU HD785-7,RD-215,Net Operating,N05 - Spot at LU,,2.62,Total,33339.86,Grand Total,51923.57
Hauling Unit,Status Category,Status Code,Sub-Status Code,Duration(Hours),KOMATSU HD785-7,RD-215,Net Operating,N06 - Queue At LU,,14.68,Total,33339.86,Grand Total,51923.57
Hauling Unit,Status Category,Status Code,Sub-Status Code,Duration(Hours),KOMATSU HD785-7,RD-215,Net Operating,N07 - Dumping,,1.06,Total,33339.86,Grand Total,51923.57
Hauling Unit,Status Category,Status Code,Sub-Status Code,Duration(Hours),KOMATSU HD785-7,RD-215,Standby,S03 - Schedule No Work,,0.05,Total,33339.86,Grand Total,51923.57
Hauling Unit,Status Category,Status Code,Sub-Status Code,Duration(Hours),KOMATSU HD785-7,RD-216,Delay,S19 - Tea/ Breakfast / Snacks,,36.97,Total,33339.86,Grand Total,51923.57
Hauling Unit,Status Category,Status Code,Sub-Status Code,Duration(Hours),KOMATSU HD785-7,RD-216,Delay,S20 - Shift Change,,132.95,Total,33339.86,Grand Total,51923.57
Hauling Unit,Status Category,Status Code,Sub-Status Code,Duration(Hours),KOMATSU HD785-7,RD-216,Down,O01 -  Down,,27.39,Total,33339.86,Grand Total,51923.57
Hauling Unit,Status Category,Status Code,Sub-Status Code,Duration(Hours),KOMATSU HD785-7,RD-216,Down,O03 - Daily Service,,0.90,Total,33339.86,Grand Total,51923.57
Hauling Unit,Status Category,Status Code,Sub-Status Code,Duration(Hours),KOMATSU HD785-7,RD-216,Net Operating,N00 - Wait At Dump,,15.28,Total,33339.86,Grand Total,51923.57
Hauling Unit,Status Category,Status Code,Sub-Status Code,Duration(Hours),KOMATSU HD785-7,RD-216,Net Operating,N01 - Truck Loading,,61.49,Total,33339.86,Grand Total,51923.57
Hauling Unit,Status Category,Status Code,Sub-Status Code,Duration(Hours),KOMATSU HD785-7,RD-216,Net Operating,N02 - Wait At LU,,0.84,Total,33339.86,Grand Total,51923.57
Hauling Unit,Status Category,Status Code,Sub-Status Code,Duration(Hours),KOMATSU HD785-7,RD-216,Net Operating,N03 - Empty,,199.72,Total,33339.86,Grand Total,51923.57
Hauling Unit,Status Category,Status Code,Sub-Status Code,Duration(Hours),KOMATSU HD785-7,RD-216,Net Operating,N03 - Empty,N031 - Empty Stopped,86.62,Total,33339.86,Grand Total,51923.57
Hauling Unit,Status Category,Status Code,Sub-Status Code,Duration(Hours),KOMATSU HD785-7,RD-216,Net Operating,N04 - Hauling,,143.02,Total,33339.86,Grand Total,51923.57
Hauling Unit,Status Category,Status Code,Sub-Status Code,Duration(Hours),KOMATSU HD785-7,RD-216,Net Operating,N04 - Hauling,N041 - Hauling Stopped,11.35,Total,33339.86,Grand Total,51923.57
Hauling Unit,Status Category,Status Code,Sub-Status Code,Duration(Hours),KOMATSU HD785-7,RD-216,Net Operating,N05 - Spot at LU,,2.86,Total,33339.86,Grand Total,51923.57
Hauling Unit,Status Category,Status Code,Sub-Status Code,Duration(Hours),KOMATSU HD785-7,RD-216,Net Operating,N06 - Queue At LU,,18.55,Total,33339.86,Grand Total,51923.57
Hauling Unit,Status Category,Status Code,Sub-Status Code,Duration(Hours),KOMATSU HD785-7,RD-216,Net Operating,N07 - Dumping,,0.67,Total,33339.86,Grand Total,51923.57
Hauling Unit,Status Category,Status Code,Sub-Status Code,Duration(Hours),KOMATSU HD785-7,RD-216,Standby,S03 - Schedule No Work,,0.22,Total,33339.86,Grand Total,51923.57
Hauling Unit,Status Category,Status Code,Sub-Status Code,Duration(Hours),KOMATSU HD785-7,RD-217,Delay,S13 - Shift Incharge Instruction,,0.30,Total,33339.86,Grand Total,51923.57
Hauling Unit,Status Category,Status Code,Sub-Status Code,Duration(Hours),KOMATSU HD785-7,RD-217,Delay,S19 - Tea/ Breakfast / Snacks,,53.31,Total,33339.86,Grand Total,51923.57
Hauling Unit,Status Category,Status Code,Sub-Status Code,Duration(Hours),KOMATSU HD785-7,RD-217,Delay,S20 - Shift Change,,137.38,Total,33339.86,Grand Total,51923.57
Hauling Unit,Status Category,Status Code,Sub-Status Code,Duration(Hours),KOMATSU HD785-7,RD-217,Delay,S25 - Toilet Break,,0.50,Total,33339.86,Grand Total,51923.57
Hauling Unit,Status Category,Status Code,Sub-Status Code,Duration(Hours),KOMATSU HD785-7,RD-217,Down,O01 -  Down,,44.31,Total,33339.86,Grand Total,51923.57
Hauling Unit,Status Category,Status Code,Sub-Status Code,Duration(Hours),KOMATSU HD785-7,RD-217,Down,O03 - Daily Service,,0.53,Total,33339.86,Grand Total,51923.57
Hauling Unit,Status Category,Status Code,Sub-Status Code,Duration(Hours),KOMATSU HD785-7,RD-217,Net Operating,N00 - Wait At Dump,,12.41,Total,33339.86,Grand Total,51923.57
Hauling Unit,Status Category,Status Code,Sub-Status Code,Duration(Hours),KOMATSU HD785-7,RD-217,Net Operating,N01 - Truck Loading,,58.98,Total,33339.86,Grand Total,51923.57
Hauling Unit,Status Category,Status Code,Sub-Status Code,Duration(Hours),KOMATSU HD785-7,RD-217,Net Operating,N02 - Wait At LU,,0.12,Total,33339.86,Grand Total,51923.57
Hauling Unit,Status Category,Status Code,Sub-Status Code,Duration(Hours),KOMATSU HD785-7,RD-217,Net Operating,N03 - Empty,,180.77,Total,33339.86,Grand Total,51923.57
Hauling Unit,Status Category,Status Code,Sub-Status Code,Duration(Hours),KOMATSU HD785-7,RD-217,Net Operating,N03 - Empty,N031 - Empty Stopped,82.94,Total,33339.86,Grand Total,51923.57
Hauling Unit,Status Category,Status Code,Sub-Status Code,Duration(Hours),KOMATSU HD785-7,RD-217,Net Operating,N04 - Hauling,,130.39,Total,33339.86,Grand Total,51923.57
Hauling Unit,Status Category,Status Code,Sub-Status Code,Duration(Hours),KOMATSU HD785-7,RD-217,Net Operating,N04 - Hauling,N041 - Hauling Stopped,9.73,Total,33339.86,Grand Total,51923.57
Hauling Unit,Status Category,Status Code,Sub-Status Code,Duration(Hours),KOMATSU HD785-7,RD-217,Net Operating,N05 - Spot at LU,,3.11,Total,33339.86,Grand Total,51923.57
Hauling Unit,Status Category,Status Code,Sub-Status Code,Duration(Hours),KOMATSU HD785-7,RD-217,Net Operating,N06 - Queue At LU,,18.56,Total,33339.86,Grand Total,51923.57
Hauling Unit,Status Category,Status Code,Sub-Status Code,Duration(Hours),KOMATSU HD785-7,RD-217,Net Operating,N07 - Dumping,,1.71,Total,33339.86,Grand Total,51923.57
Hauling Unit,Status Category,Status Code,Sub-Status Code,Duration(Hours),KOMATSU HD785-7,RD-217,Standby,S03 - Schedule No Work,,4.84,Total,33339.86,Grand Total,51923.57
Hauling Unit,Status Category,Status Code,Sub-Status Code,Duration(Hours),KOMATSU HD785-7,RD-218,Delay,S13 - Shift Incharge Instruction,,0.31,Total,33339.86,Grand Total,51923.57
Hauling Unit,Status Category,Status Code,Sub-Status Code,Duration(Hours),KOMATSU HD785-7,RD-218,Delay,S19 - Tea/ Breakfast / Snacks,,35.52,Total,33339.86,Grand Total,51923.57
Hauling Unit,Status Category,Status Code,Sub-Status Code,Duration(Hours),KOMATSU HD785-7,RD-218,Delay,S20 - Shift Change,,94.69,Total,33339.86,Grand Total,51923.57
Hauling Unit,Status Category,Status Code,Sub-Status Code,Duration(Hours),KOMATSU HD785-7,RD-218,Delay,S25 - Toilet Break,,1.19,Total,33339.86,Grand Total,51923.57
Hauling Unit,Status Category,Status Code,Sub-Status Code,Duration(Hours),KOMATSU HD785-7,RD-218,Delay,S31 - Fuel Filling,,0.00,Total,33339.86,Grand Total,51923.57
Hauling Unit,Status Category,Status Code,Sub-Status Code,Duration(Hours),KOMATSU HD785-7,RD-218,Down,O01 -  Down,,261.05,Total,33339.86,Grand Total,51923.57
Hauling Unit,Status Category,Status Code,Sub-Status Code,Duration(Hours),KOMATSU HD785-7,RD-218,Down,O05 - Breakdown Maintenance,,0.15,Total,33339.86,Grand Total,51923.57
Hauling Unit,Status Category,Status Code,Sub-Status Code,Duration(Hours),KOMATSU HD785-7,RD-218,Net Operating,N00 - Wait At Dump,,10.25,Total,33339.86,Grand Total,51923.57
Hauling Unit,Status Category,Status Code,Sub-Status Code,Duration(Hours),KOMATSU HD785-7,RD-218,Net Operating,N01 - Truck Loading,,41.66,Total,33339.86,Grand Total,51923.57
Hauling Unit,Status Category,Status Code,Sub-Status Code,Duration(Hours),KOMATSU HD785-7,RD-218,Net Operating,N02 - Wait At LU,,0.93,Total,33339.86,Grand Total,51923.57
Hauling Unit,Status Category,Status Code,Sub-Status Code,Duration(Hours),KOMATSU HD785-7,RD-218,Net Operating,N03 - Empty,,122.87,Total,33339.86,Grand Total,51923.57
Hauling Unit,Status Category,Status Code,Sub-Status Code,Duration(Hours),KOMATSU HD785-7,RD-218,Net Operating,N03 - Empty,N031 - Empty Stopped,68.15,Total,33339.86,Grand Total,51923.57
Hauling Unit,Status Category,Status Code,Sub-Status Code,Duration(Hours),KOMATSU HD785-7,RD-218,Net Operating,N04 - Hauling,,80.13,Total,33339.86,Grand Total,51923.57
Hauling Unit,Status Category,Status Code,Sub-Status Code,Duration(Hours),KOMATSU HD785-7,RD-218,Net Operating,N04 - Hauling,N041 - Hauling Stopped,8.84,Total,33339.86,Grand Total,51923.57
Hauling Unit,Status Category,Status Code,Sub-Status Code,Duration(Hours),KOMATSU HD785-7,RD-218,Net Operating,N05 - Spot at LU,,2.74,Total,33339.86,Grand Total,51923.57
Hauling Unit,Status Category,Status Code,Sub-Status Code,Duration(Hours),KOMATSU HD785-7,RD-218,Net Operating,N06 - Queue At LU,,12.64,Total,33339.86,Grand Total,51923.57
Hauling Unit,Status Category,Status Code,Sub-Status Code,Duration(Hours),KOMATSU HD785-7,RD-218,Net Operating,N07 - Dumping,,0.97,Total,33339.86,Grand Total,51923.57
Hauling Unit,Status Category,Status Code,Sub-Status Code,Duration(Hours),KOMATSU HD785-7,RD-218,Standby,S03 - Schedule No Work,,0.04,Total,33339.86,Grand Total,51923.57
Hauling Unit,Status Category,Status Code,Sub-Status Code,Duration(Hours),KOMATSU HD785-7,RD-219,Delay,S13 - Shift Incharge Instruction,,0.87,Total,33339.86,Grand Total,51923.57
Hauling Unit,Status Category,Status Code,Sub-Status Code,Duration(Hours),KOMATSU HD785-7,RD-219,Delay,S19 - Tea/ Breakfast / Snacks,,44.67,Total,33339.86,Grand Total,51923.57
Hauling Unit,Status Category,Status Code,Sub-Status Code,Duration(Hours),KOMATSU HD785-7,RD-219,Delay,S20 - Shift Change,,134.65,Total,33339.86,Grand Total,51923.57
Hauling Unit,Status Category,Status Code,Sub-Status Code,Duration(Hours),KOMATSU HD785-7,RD-219,Delay,S25 - Toilet Break,,0.81,Total,33339.86,Grand Total,51923.57
Hauling Unit,Status Category,Status Code,Sub-Status Code,Duration(Hours),KOMATSU HD785-7,RD-219,Down,O01 -  Down,,48.22,Total,33339.86,Grand Total,51923.57
Hauling Unit,Status Category,Status Code,Sub-Status Code,Duration(Hours),KOMATSU HD785-7,RD-219,Net Operating,N00 - Wait At Dump,,14.81,Total,33339.86,Grand Total,51923.57
Hauling Unit,Status Category,Status Code,Sub-Status Code,Duration(Hours),KOMATSU HD785-7,RD-219,Net Operating,N01 - Truck Loading,,66.19,Total,33339.86,Grand Total,51923.57
Hauling Unit,Status Category,Status Code,Sub-Status Code,Duration(Hours),KOMATSU HD785-7,RD-219,Net Operating,N02 - Wait At LU,,0.11,Total,33339.86,Grand Total,51923.57
Hauling Unit,Status Category,Status Code,Sub-Status Code,Duration(Hours),KOMATSU HD785-7,RD-219,Net Operating,N03 - Empty,,178.31,Total,33339.86,Grand Total,51923.57
Hauling Unit,Status Category,Status Code,Sub-Status Code,Duration(Hours),KOMATSU HD785-7,RD-219,Net Operating,N03 - Empty,N031 - Empty Stopped,84.26,Total,33339.86,Grand Total,51923.57
Hauling Unit,Status Category,Status Code,Sub-Status Code,Duration(Hours),KOMATSU HD785-7,RD-219,Net Operating,N04 - Hauling,,132.41,Total,33339.86,Grand Total,51923.57
Hauling Unit,Status Category,Status Code,Sub-Status Code,Duration(Hours),KOMATSU HD785-7,RD-219,Net Operating,N04 - Hauling,N041 - Hauling Stopped,10.62,Total,33339.86,Grand Total,51923.57
Hauling Unit,Status Category,Status Code,Sub-Status Code,Duration(Hours),KOMATSU HD785-7,RD-219,Net Operating,N05 - Spot at LU,,2.83,Total,33339.86,Grand Total,51923.57
Hauling Unit,Status Category,Status Code,Sub-Status Code,Duration(Hours),KOMATSU HD785-7,RD-219,Net Operating,N06 - Queue At LU,,15.00,Total,33339.86,Grand Total,51923.57
Hauling Unit,Status Category,Status Code,Sub-Status Code,Duration(Hours),KOMATSU HD785-7,RD-219,Net Operating,N07 - Dumping,,1.74,Total,33339.86,Grand Total,51923.57
Hauling Unit,Status Category,Status Code,Sub-Status Code,Duration(Hours),KOMATSU HD785-7,RD-219,Standby,S03 - Schedule No Work,,3.94,Total,33339.86,Grand Total,51923.57
Hauling Unit,Status Category,Status Code,Sub-Status Code,Duration(Hours),KOMATSU HD785-7,RD-220,Delay,D03 - Delay At Hopper,,0.01,Total,33339.86,Grand Total,51923.57
Hauling Unit,Status Category,Status Code,Sub-Status Code,Duration(Hours),KOMATSU HD785-7,RD-220,Delay,S19 - Tea/ Breakfast / Snacks,,51.11,Total,33339.86,Grand Total,51923.57
Hauling Unit,Status Category,Status Code,Sub-Status Code,Duration(Hours),KOMATSU HD785-7,RD-220,Delay,S20 - Shift Change,,113.67,Total,33339.86,Grand Total,51923.57
Hauling Unit,Status Category,Status Code,Sub-Status Code,Duration(Hours),KOMATSU HD785-7,RD-220,Down,O01 -  Down,,131.01,Total,33339.86,Grand Total,51923.57
Hauling Unit,Status Category,Status Code,Sub-Status Code,Duration(Hours),KOMATSU HD785-7,RD-220,Net Operating,N00 - Wait At Dump,,11.87,Total,33339.86,Grand Total,51923.57
Hauling Unit,Status Category,Status Code,Sub-Status Code,Duration(Hours),KOMATSU HD785-7,RD-220,Net Operating,N01 - Truck Loading,,52.80,Total,33339.86,Grand Total,51923.57
Hauling Unit,Status Category,Status Code,Sub-Status Code,Duration(Hours),KOMATSU HD785-7,RD-220,Net Operating,N02 - Wait At LU,,0.55,Total,33339.86,Grand Total,51923.57
Hauling Unit,Status Category,Status Code,Sub-Status Code,Duration(Hours),KOMATSU HD785-7,RD-220,Net Operating,N03 - Empty,,152.55,Total,33339.86,Grand Total,51923.57
Hauling Unit,Status Category,Status Code,Sub-Status Code,Duration(Hours),KOMATSU HD785-7,RD-220,Net Operating,N03 - Empty,N031 - Empty Stopped,81.63,Total,33339.86,Grand Total,51923.57
Hauling Unit,Status Category,Status Code,Sub-Status Code,Duration(Hours),KOMATSU HD785-7,RD-220,Net Operating,N04 - Hauling,,112.29,Total,33339.86,Grand Total,51923.57
Hauling Unit,Status Category,Status Code,Sub-Status Code,Duration(Hours),KOMATSU HD785-7,RD-220,Net Operating,N04 - Hauling,N041 - Hauling Stopped,8.26,Total,33339.86,Grand Total,51923.57
Hauling Unit,Status Category,Status Code,Sub-Status Code,Duration(Hours),KOMATSU HD785-7,RD-220,Net Operating,N05 - Spot at LU,,2.55,Total,33339.86,Grand Total,51923.57
Hauling Unit,Status Category,Status Code,Sub-Status Code,Duration(Hours),KOMATSU HD785-7,RD-220,Net Operating,N06 - Queue At LU,,15.43,Total,33339.86,Grand Total,51923.57
Hauling Unit,Status Category,Status Code,Sub-Status Code,Duration(Hours),KOMATSU HD785-7,RD-220,Net Operating,N07 - Dumping,,0.93,Total,33339.86,Grand Total,51923.57
Hauling Unit,Status Category,Status Code,Sub-Status Code,Duration(Hours),KOMATSU HD785-7,RD-220,Net Operating,N09 - General Production,,0.17,Total,33339.86,Grand Total,51923.57
Hauling Unit,Status Category,Status Code,Sub-Status Code,Duration(Hours),KOMATSU HD785-7,RD-220,Standby,S03 - Schedule No Work,,5.24,Total,33339.86,Grand Total,51923.57
Hauling Unit,Status Category,Status Code,Sub-Status Code,Duration(Hours),KOMATSU HD785-7,RD-221,Delay,S10 - Change Operators,,0.22,Total,33339.86,Grand Total,51923.57
Hauling Unit,Status Category,Status Code,Sub-Status Code,Duration(Hours),KOMATSU HD785-7,RD-221,Delay,S13 - Shift Incharge Instruction,,0.30,Total,33339.86,Grand Total,51923.57
Hauling Unit,Status Category,Status Code,Sub-Status Code,Duration(Hours),KOMATSU HD785-7,RD-221,Delay,S19 - Tea/ Breakfast / Snacks,,52.97,Total,33339.86,Grand Total,51923.57
Hauling Unit,Status Category,Status Code,Sub-Status Code,Duration(Hours),KOMATSU HD785-7,RD-221,Delay,S20 - Shift Change,,139.51,Total,33339.86,Grand Total,51923.57
Hauling Unit,Status Category,Status Code,Sub-Status Code,Duration(Hours),KOMATSU HD785-7,RD-221,Down,O01 -  Down,,62.96,Total,33339.86,Grand Total,51923.57
Hauling Unit,Status Category,Status Code,Sub-Status Code,Duration(Hours),KOMATSU HD785-7,RD-221,Down,O03 - Daily Service,,0.01,Total,33339.86,Grand Total,51923.57
Hauling Unit,Status Category,Status Code,Sub-Status Code,Duration(Hours),KOMATSU HD785-7,RD-221,Net Operating,N00 - Wait At Dump,,10.29,Total,33339.86,Grand Total,51923.57
Hauling Unit,Status Category,Status Code,Sub-Status Code,Duration(Hours),KOMATSU HD785-7,RD-221,Net Operating,N01 - Truck Loading,,57.52,Total,33339.86,Grand Total,51923.57
Hauling Unit,Status Category,Status Code,Sub-Status Code,Duration(Hours),KOMATSU HD785-7,RD-221,Net Operating,N02 - Wait At LU,,0.49,Total,33339.86,Grand Total,51923.57
Hauling Unit,Status Category,Status Code,Sub-Status Code,Duration(Hours),KOMATSU HD785-7,RD-221,Net Operating,N03 - Empty,,175.99,Total,33339.86,Grand Total,51923.57
Hauling Unit,Status Category,Status Code,Sub-Status Code,Duration(Hours),KOMATSU HD785-7,RD-221,Net Operating,N03 - Empty,N031 - Empty Stopped,77.26,Total,33339.86,Grand Total,51923.57
Hauling Unit,Status Category,Status Code,Sub-Status Code,Duration(Hours),KOMATSU HD785-7,RD-221,Net Operating,N04 - Hauling,,128.82,Total,33339.86,Grand Total,51923.57
Hauling Unit,Status Category,Status Code,Sub-Status Code,Duration(Hours),KOMATSU HD785-7,RD-221,Net Operating,N04 - Hauling,N041 - Hauling Stopped,7.93,Total,33339.86,Grand Total,51923.57
Hauling Unit,Status Category,Status Code,Sub-Status Code,Duration(Hours),KOMATSU HD785-7,RD-221,Net Operating,N05 - Spot at LU,,2.74,Total,33339.86,Grand Total,51923.57
Hauling Unit,Status Category,Status Code,Sub-Status Code,Duration(Hours),KOMATSU HD785-7,RD-221,Net Operating,N06 - Queue At LU,,18.25,Total,33339.86,Grand Total,51923.57
Hauling Unit,Status Category,Status Code,Sub-Status Code,Duration(Hours),KOMATSU HD785-7,RD-221,Net Operating,N07 - Dumping,,1.47,Total,33339.86,Grand Total,51923.57
Hauling Unit,Status Category,Status Code,Sub-Status Code,Duration(Hours),KOMATSU HD785-7,RD-221,Standby,S03 - Schedule No Work,,3.02,Total,33339.86,Grand Total,51923.57
Hauling Unit,Status Category,Status Code,Sub-Status Code,Duration(Hours),KOMATSU HD785-7,RD-222,Delay,S19 - Tea/ Breakfast / Snacks,,51.68,Total,33339.86,Grand Total,51923.57
Hauling Unit,Status Category,Status Code,Sub-Status Code,Duration(Hours),KOMATSU HD785-7,RD-222,Delay,S20 - Shift Change,,127.77,Total,33339.86,Grand Total,51923.57
Hauling Unit,Status Category,Status Code,Sub-Status Code,Duration(Hours),KOMATSU HD785-7,RD-222,Delay,S31 - Fuel Filling,,0.18,Total,33339.86,Grand Total,51923.57
Hauling Unit,Status Category,Status Code,Sub-Status Code,Duration(Hours),KOMATSU HD785-7,RD-222,Down,O01 -  Down,,60.26,Total,33339.86,Grand Total,51923.57
Hauling Unit,Status Category,Status Code,Sub-Status Code,Duration(Hours),KOMATSU HD785-7,RD-222,Net Operating,N00 - Wait At Dump,,16.00,Total,33339.86,Grand Total,51923.57
Hauling Unit,Status Category,Status Code,Sub-Status Code,Duration(Hours),KOMATSU HD785-7,RD-222,Net Operating,N01 - Truck Loading,,56.30,Total,33339.86,Grand Total,51923.57
Hauling Unit,Status Category,Status Code,Sub-Status Code,Duration(Hours),KOMATSU HD785-7,RD-222,Net Operating,N02 - Wait At LU,,1.24,Total,33339.86,Grand Total,51923.57
Hauling Unit,Status Category,Status Code,Sub-Status Code,Duration(Hours),KOMATSU HD785-7,RD-222,Net Operating,N03 - Empty,,181.45,Total,33339.86,Grand Total,51923.57
Hauling Unit,Status Category,Status Code,Sub-Status Code,Duration(Hours),KOMATSU HD785-7,RD-222,Net Operating,N03 - Empty,N031 - Empty Stopped,95.79,Total,33339.86,Grand Total,51923.57
Hauling Unit,Status Category,Status Code,Sub-Status Code,Duration(Hours),KOMATSU HD785-7,RD-222,Net Operating,N04 - Hauling,,122.74,Total,33339.86,Grand Total,51923.57
Hauling Unit,Status Category,Status Code,Sub-Status Code,Duration(Hours),KOMATSU HD785-7,RD-222,Net Operating,N04 - Hauling,N041 - Hauling Stopped,7.86,Total,33339.86,Grand Total,51923.57
Hauling Unit,Status Category,Status Code,Sub-Status Code,Duration(Hours),KOMATSU HD785-7,RD-222,Net Operating,N05 - Spot at LU,,2.70,Total,33339.86,Grand Total,51923.57
Hauling Unit,Status Category,Status Code,Sub-Status Code,Duration(Hours),KOMATSU HD785-7,RD-222,Net Operating,N06 - Queue At LU,,13.02,Total,33339.86,Grand Total,51923.57
Hauling Unit,Status Category,Status Code,Sub-Status Code,Duration(Hours),KOMATSU HD785-7,RD-222,Net Operating,N07 - Dumping,,1.35,Total,33339.86,Grand Total,51923.57
Hauling Unit,Status Category,Status Code,Sub-Status Code,Duration(Hours),KOMATSU HD785-7,RD-222,Net Operating,N09 - General Production,,0.00,Total,33339.86,Grand Total,51923.57
Hauling Unit,Status Category,Status Code,Sub-Status Code,Duration(Hours),KOMATSU HD785-7,RD-222,Standby,S03 - Schedule No Work,,2.09,Total,33339.86,Grand Total,51923.57
Hauling Unit,Status Category,Status Code,Sub-Status Code,Duration(Hours),KOMATSU HD785-7,RD-223,Delay,S19 - Tea/ Breakfast / Snacks,,45.65,Total,33339.86,Grand Total,51923.57
Hauling Unit,Status Category,Status Code,Sub-Status Code,Duration(Hours),KOMATSU HD785-7,RD-223,Delay,S20 - Shift Change,,118.16,Total,33339.86,Grand Total,51923.57
Hauling Unit,Status Category,Status Code,Sub-Status Code,Duration(Hours),KOMATSU HD785-7,RD-223,Delay,S25 - Toilet Break,,1.80,Total,33339.86,Grand Total,51923.57
Hauling Unit,Status Category,Status Code,Sub-Status Code,Duration(Hours),KOMATSU HD785-7,RD-223,Down,O01 -  Down,,125.55,Total,33339.86,Grand Total,51923.57
Hauling Unit,Status Category,Status Code,Sub-Status Code,Duration(Hours),KOMATSU HD785-7,RD-223,Net Operating,N00 - Wait At Dump,,12.25,Total,33339.86,Grand Total,51923.57
Hauling Unit,Status Category,Status Code,Sub-Status Code,Duration(Hours),KOMATSU HD785-7,RD-223,Net Operating,N01 - Truck Loading,,50.94,Total,33339.86,Grand Total,51923.57
Hauling Unit,Status Category,Status Code,Sub-Status Code,Duration(Hours),KOMATSU HD785-7,RD-223,Net Operating,N02 - Wait At LU,,2.35,Total,33339.86,Grand Total,51923.57
Hauling Unit,Status Category,Status Code,Sub-Status Code,Duration(Hours),KOMATSU HD785-7,RD-223,Net Operating,N03 - Empty,,164.41,Total,33339.86,Grand Total,51923.57
Hauling Unit,Status Category,Status Code,Sub-Status Code,Duration(Hours),KOMATSU HD785-7,RD-223,Net Operating,N03 - Empty,N031 - Empty Stopped,73.41,Total,33339.86,Grand Total,51923.57
Hauling Unit,Status Category,Status Code,Sub-Status Code,Duration(Hours),KOMATSU HD785-7,RD-223,Net Operating,N04 - Hauling,,113.05,Total,33339.86,Grand Total,51923.57
Hauling Unit,Status Category,Status Code,Sub-Status Code,Duration(Hours),KOMATSU HD785-7,RD-223,Net Operating,N04 - Hauling,N041 - Hauling Stopped,9.92,Total,33339.86,Grand Total,51923.57
Hauling Unit,Status Category,Status Code,Sub-Status Code,Duration(Hours),KOMATSU HD785-7,RD-223,Net Operating,N05 - Spot at LU,,2.96,Total,33339.86,Grand Total,51923.57
Hauling Unit,Status Category,Status Code,Sub-Status Code,Duration(Hours),KOMATSU HD785-7,RD-223,Net Operating,N06 - Queue At LU,,13.06,Total,33339.86,Grand Total,51923.57
Hauling Unit,Status Category,Status Code,Sub-Status Code,Duration(Hours),KOMATSU HD785-7,RD-223,Net Operating,N07 - Dumping,,2.76,Total,33339.86,Grand Total,51923.57
Hauling Unit,Status Category,Status Code,Sub-Status Code,Duration(Hours),KOMATSU HD785-7,RD-223,Net Operating,N09 - General Production,,0.00,Total,33339.86,Grand Total,51923.57
Hauling Unit,Status Category,Status Code,Sub-Status Code,Duration(Hours),KOMATSU HD785-7,RD-223,Standby,S03 - Schedule No Work,,4.92,Total,33339.86,Grand Total,51923.57
Hauling Unit,Status Category,Status Code,Sub-Status Code,Duration(Hours),KOMATSU HD785-7,RD-224,Delay,S05 - Stuck in Mud,,2.77,Total,33339.86,Grand Total,51923.57
Hauling Unit,Status Category,Status Code,Sub-Status Code,Duration(Hours),KOMATSU HD785-7,RD-224,Delay,S19 - Tea/ Breakfast / Snacks,,48.84,Total,33339.86,Grand Total,51923.57
Hauling Unit,Status Category,Status Code,Sub-Status Code,Duration(Hours),KOMATSU HD785-7,RD-224,Delay,S20 - Shift Change,,132.88,Total,33339.86,Grand Total,51923.57
Hauling Unit,Status Category,Status Code,Sub-Status Code,Duration(Hours),KOMATSU HD785-7,RD-224,Delay,S25 - Toilet Break,,0.99,Total,33339.86,Grand Total,51923.57
Hauling Unit,Status Category,Status Code,Sub-Status Code,Duration(Hours),KOMATSU HD785-7,RD-224,Delay,S31 - Fuel Filling,,0.28,Total,33339.86,Grand Total,51923.57
Hauling Unit,Status Category,Status Code,Sub-Status Code,Duration(Hours),KOMATSU HD785-7,RD-224,Down,O01 -  Down,,60.32,Total,33339.86,Grand Total,51923.57
Hauling Unit,Status Category,Status Code,Sub-Status Code,Duration(Hours),KOMATSU HD785-7,RD-224,Down,O05 - Breakdown Maintenance,,0.01,Total,33339.86,Grand Total,51923.57
Hauling Unit,Status Category,Status Code,Sub-Status Code,Duration(Hours),KOMATSU HD785-7,RD-224,Net Operating,N00 - Wait At Dump,,12.40,Total,33339.86,Grand Total,51923.57
Hauling Unit,Status Category,Status Code,Sub-Status Code,Duration(Hours),KOMATSU HD785-7,RD-224,Net Operating,N01 - Truck Loading,,59.03,Total,33339.86,Grand Total,51923.57
Hauling Unit,Status Category,Status Code,Sub-Status Code,Duration(Hours),KOMATSU HD785-7,RD-224,Net Operating,N02 - Wait At LU,,0.66,Total,33339.86,Grand Total,51923.57
Hauling Unit,Status Category,Status Code,Sub-Status Code,Duration(Hours),KOMATSU HD785-7,RD-224,Net Operating,N03 - Empty,,181.54,Total,33339.86,Grand Total,51923.57
Hauling Unit,Status Category,Status Code,Sub-Status Code,Duration(Hours),KOMATSU HD785-7,RD-224,Net Operating,N03 - Empty,N031 - Empty Stopped,87.25,Total,33339.86,Grand Total,51923.57
Hauling Unit,Status Category,Status Code,Sub-Status Code,Duration(Hours),KOMATSU HD785-7,RD-224,Net Operating,N04 - Hauling,,119.25,Total,33339.86,Grand Total,51923.57
Hauling Unit,Status Category,Status Code,Sub-Status Code,Duration(Hours),KOMATSU HD785-7,RD-224,Net Operating,N04 - Hauling,N041 - Hauling Stopped,8.69,Total,33339.86,Grand Total,51923.57
Hauling Unit,Status Category,Status Code,Sub-Status Code,Duration(Hours),KOMATSU HD785-7,RD-224,Net Operating,N05 - Spot at LU,,3.28,Total,33339.86,Grand Total,51923.57
Hauling Unit,Status Category,Status Code,Sub-Status Code,Duration(Hours),KOMATSU HD785-7,RD-224,Net Operating,N06 - Queue At LU,,18.47,Total,33339.86,Grand Total,51923.57
Hauling Unit,Status Category,Status Code,Sub-Status Code,Duration(Hours),KOMATSU HD785-7,RD-224,Net Operating,N07 - Dumping,,1.18,Total,33339.86,Grand Total,51923.57
Hauling Unit,Status Category,Status Code,Sub-Status Code,Duration(Hours),KOMATSU HD785-7,RD-224,Net Operating,N09 - General Production,,0.17,Total,33339.86,Grand Total,51923.57
Hauling Unit,Status Category,Status Code,Sub-Status Code,Duration(Hours),KOMATSU HD785-7,RD-224,Standby,S03 - Schedule No Work,,2.00,Total,33339.86,Grand Total,51923.57
Hauling Unit,Status Category,Status Code,Sub-Status Code,Duration(Hours),KOMATSU HD785-7,RD-225,Delay,S19 - Tea/ Breakfast / Snacks,,45.58,Total,33339.86,Grand Total,51923.57
Hauling Unit,Status Category,Status Code,Sub-Status Code,Duration(Hours),KOMATSU HD785-7,RD-225,Delay,S20 - Shift Change,,106.38,Total,33339.86,Grand Total,51923.57
Hauling Unit,Status Category,Status Code,Sub-Status Code,Duration(Hours),KOMATSU HD785-7,RD-225,Delay,S25 - Toilet Break,,0.14,Total,33339.86,Grand Total,51923.57
Hauling Unit,Status Category,Status Code,Sub-Status Code,Duration(Hours),KOMATSU HD785-7,RD-225,Down,O01 -  Down,,145.82,Total,33339.86,Grand Total,51923.57
Hauling Unit,Status Category,Status Code,Sub-Status Code,Duration(Hours),KOMATSU HD785-7,RD-225,Down,O03 - Daily Service,,0.00,Total,33339.86,Grand Total,51923.57
Hauling Unit,Status Category,Status Code,Sub-Status Code,Duration(Hours),KOMATSU HD785-7,RD-225,Net Operating,N00 - Wait At Dump,,11.16,Total,33339.86,Grand Total,51923.57
Hauling Unit,Status Category,Status Code,Sub-Status Code,Duration(Hours),KOMATSU HD785-7,RD-225,Net Operating,N01 - Truck Loading,,53.04,Total,33339.86,Grand Total,51923.57
Hauling Unit,Status Category,Status Code,Sub-Status Code,Duration(Hours),KOMATSU HD785-7,RD-225,Net Operating,N02 - Wait At LU,,1.31,Total,33339.86,Grand Total,51923.57
Hauling Unit,Status Category,Status Code,Sub-Status Code,Duration(Hours),KOMATSU HD785-7,RD-225,Net Operating,N03 - Empty,,163.09,Total,33339.86,Grand Total,51923.57
Hauling Unit,Status Category,Status Code,Sub-Status Code,Duration(Hours),KOMATSU HD785-7,RD-225,Net Operating,N03 - Empty,N031 - Empty Stopped,75.51,Total,33339.86,Grand Total,51923.57
Hauling Unit,Status Category,Status Code,Sub-Status Code,Duration(Hours),KOMATSU HD785-7,RD-225,Net Operating,N04 - Hauling,,113.73,Total,33339.86,Grand Total,51923.57
Hauling Unit,Status Category,Status Code,Sub-Status Code,Duration(Hours),KOMATSU HD785-7,RD-225,Net Operating,N04 - Hauling,N041 - Hauling Stopped,8.86,Total,33339.86,Grand Total,51923.57
Hauling Unit,Status Category,Status Code,Sub-Status Code,Duration(Hours),KOMATSU HD785-7,RD-225,Net Operating,N05 - Spot at LU,,2.33,Total,33339.86,Grand Total,51923.57
Hauling Unit,Status Category,Status Code,Sub-Status Code,Duration(Hours),KOMATSU HD785-7,RD-225,Net Operating,N06 - Queue At LU,,10.01,Total,33339.86,Grand Total,51923.57
Hauling Unit,Status Category,Status Code,Sub-Status Code,Duration(Hours),KOMATSU HD785-7,RD-225,Net Operating,N07 - Dumping,,1.19,Total,33339.86,Grand Total,51923.57
Hauling Unit,Status Category,Status Code,Sub-Status Code,Duration(Hours),KOMATSU HD785-7,RD-225,Standby,S03 - Schedule No Work,,2.27,Total,33339.86,Grand Total,51923.57
Hauling Unit,Status Category,Status Code,Sub-Status Code,Duration(Hours),KOMATSU HD785-7,RD-226,Delay,D03 - Delay At Hopper,,3.82,Total,33339.86,Grand Total,51923.57
Hauling Unit,Status Category,Status Code,Sub-Status Code,Duration(Hours),KOMATSU HD785-7,RD-226,Delay,S05 - Stuck in Mud,,0.50,Total,33339.86,Grand Total,51923.57
Hauling Unit,Status Category,Status Code,Sub-Status Code,Duration(Hours),KOMATSU HD785-7,RD-226,Delay,S10 - Change Operators,,10.68,Total,33339.86,Grand Total,51923.57
Hauling Unit,Status Category,Status Code,Sub-Status Code,Duration(Hours),KOMATSU HD785-7,RD-226,Delay,S19 - Tea/ Breakfast / Snacks,,24.01,Total,33339.86,Grand Total,51923.57
Hauling Unit,Status Category,Status Code,Sub-Status Code,Duration(Hours),KOMATSU HD785-7,RD-226,Delay,S20 - Shift Change,,126.15,Total,33339.86,Grand Total,51923.57
Hauling Unit,Status Category,Status Code,Sub-Status Code,Duration(Hours),KOMATSU HD785-7,RD-226,Delay,S25 - Toilet Break,,0.53,Total,33339.86,Grand Total,51923.57
Hauling Unit,Status Category,Status Code,Sub-Status Code,Duration(Hours),KOMATSU HD785-7,RD-226,Delay,S31 - Fuel Filling,,0.58,Total,33339.86,Grand Total,51923.57
Hauling Unit,Status Category,Status Code,Sub-Status Code,Duration(Hours),KOMATSU HD785-7,RD-226,Down,O01 -  Down,,33.31,Total,33339.86,Grand Total,51923.57
Hauling Unit,Status Category,Status Code,Sub-Status Code,Duration(Hours),KOMATSU HD785-7,RD-226,Down,O03 - Daily Service,,43.65,Total,33339.86,Grand Total,51923.57
Hauling Unit,Status Category,Status Code,Sub-Status Code,Duration(Hours),KOMATSU HD785-7,RD-226,Net Operating,N00 - Wait At Dump,,22.01,Total,33339.86,Grand Total,51923.57
Hauling Unit,Status Category,Status Code,Sub-Status Code,Duration(Hours),KOMATSU HD785-7,RD-226,Net Operating,N01 - Truck Loading,,46.89,Total,33339.86,Grand Total,51923.57
Hauling Unit,Status Category,Status Code,Sub-Status Code,Duration(Hours),KOMATSU HD785-7,RD-226,Net Operating,N02 - Wait At LU,,0.01,Total,33339.86,Grand Total,51923.57
Hauling Unit,Status Category,Status Code,Sub-Status Code,Duration(Hours),KOMATSU HD785-7,RD-226,Net Operating,N03 - Empty,,171.58,Total,33339.86,Grand Total,51923.57
Hauling Unit,Status Category,Status Code,Sub-Status Code,Duration(Hours),KOMATSU HD785-7,RD-226,Net Operating,N03 - Empty,N031 - Empty Stopped,80.10,Total,33339.86,Grand Total,51923.57
Hauling Unit,Status Category,Status Code,Sub-Status Code,Duration(Hours),KOMATSU HD785-7,RD-226,Net Operating,N04 - Hauling,,139.77,Total,33339.86,Grand Total,51923.57
Hauling Unit,Status Category,Status Code,Sub-Status Code,Duration(Hours),KOMATSU HD785-7,RD-226,Net Operating,N04 - Hauling,N041 - Hauling Stopped,18.26,Total,33339.86,Grand Total,51923.57
Hauling Unit,Status Category,Status Code,Sub-Status Code,Duration(Hours),KOMATSU HD785-7,RD-226,Net Operating,N05 - Spot at LU,,2.27,Total,33339.86,Grand Total,51923.57
Hauling Unit,Status Category,Status Code,Sub-Status Code,Duration(Hours),KOMATSU HD785-7,RD-226,Net Operating,N06 - Queue At LU,,8.25,Total,33339.86,Grand Total,51923.57
Hauling Unit,Status Category,Status Code,Sub-Status Code,Duration(Hours),KOMATSU HD785-7,RD-226,Net Operating,N07 - Dumping,,1.74,Total,33339.86,Grand Total,51923.57
Hauling Unit,Status Category,Status Code,Sub-Status Code,Duration(Hours),KOMATSU HD785-7,RD-226,Net Operating,N09 - General Production,,0.00,Total,33339.86,Grand Total,51923.57
Hauling Unit,Status Category,Status Code,Sub-Status Code,Duration(Hours),KOMATSU HD785-7,RD-226,Standby,S03 - Schedule No Work,,7.56,Total,33339.86,Grand Total,51923.57
Hauling Unit,Status Category,Status Code,Sub-Status Code,Duration(Hours),KOMATSU HD785-7,RD-227,Delay,D03 - Delay At Hopper,,0.64,Total,33339.86,Grand Total,51923.57
Hauling Unit,Status Category,Status Code,Sub-Status Code,Duration(Hours),KOMATSU HD785-7,RD-227,Delay,S10 - Change Operators,,7.94,Total,33339.86,Grand Total,51923.57
Hauling Unit,Status Category,Status Code,Sub-Status Code,Duration(Hours),KOMATSU HD785-7,RD-227,Delay,S19 - Tea/ Breakfast / Snacks,,22.90,Total,33339.86,Grand Total,51923.57
Hauling Unit,Status Category,Status Code,Sub-Status Code,Duration(Hours),KOMATSU HD785-7,RD-227,Delay,S20 - Shift Change,,89.20,Total,33339.86,Grand Total,51923.57
Hauling Unit,Status Category,Status Code,Sub-Status Code,Duration(Hours),KOMATSU HD785-7,RD-227,Delay,S25 - Toilet Break,,0.26,Total,33339.86,Grand Total,51923.57
Hauling Unit,Status Category,Status Code,Sub-Status Code,Duration(Hours),KOMATSU HD785-7,RD-227,Delay,S31 - Fuel Filling,,0.16,Total,33339.86,Grand Total,51923.57
Hauling Unit,Status Category,Status Code,Sub-Status Code,Duration(Hours),KOMATSU HD785-7,RD-227,Down,O01 -  Down,,160.18,Total,33339.86,Grand Total,51923.57
Hauling Unit,Status Category,Status Code,Sub-Status Code,Duration(Hours),KOMATSU HD785-7,RD-227,Down,O03 - Daily Service,,57.51,Total,33339.86,Grand Total,51923.57
Hauling Unit,Status Category,Status Code,Sub-Status Code,Duration(Hours),KOMATSU HD785-7,RD-227,Net Operating,N00 - Wait At Dump,,14.93,Total,33339.86,Grand Total,51923.57
Hauling Unit,Status Category,Status Code,Sub-Status Code,Duration(Hours),KOMATSU HD785-7,RD-227,Net Operating,N01 - Truck Loading,,38.70,Total,33339.86,Grand Total,51923.57
Hauling Unit,Status Category,Status Code,Sub-Status Code,Duration(Hours),KOMATSU HD785-7,RD-227,Net Operating,N02 - Wait At LU,,0.00,Total,33339.86,Grand Total,51923.57
Hauling Unit,Status Category,Status Code,Sub-Status Code,Duration(Hours),KOMATSU HD785-7,RD-227,Net Operating,N03 - Empty,,145.37,Total,33339.86,Grand Total,51923.57
Hauling Unit,Status Category,Status Code,Sub-Status Code,Duration(Hours),KOMATSU HD785-7,RD-227,Net Operating,N03 - Empty,N031 - Empty Stopped,75.64,Total,33339.86,Grand Total,51923.57
Hauling Unit,Status Category,Status Code,Sub-Status Code,Duration(Hours),KOMATSU HD785-7,RD-227,Net Operating,N04 - Hauling,,94.76,Total,33339.86,Grand Total,51923.57
Hauling Unit,Status Category,Status Code,Sub-Status Code,Duration(Hours),KOMATSU HD785-7,RD-227,Net Operating,N04 - Hauling,N041 - Hauling Stopped,10.28,Total,33339.86,Grand Total,51923.57
Hauling Unit,Status Category,Status Code,Sub-Status Code,Duration(Hours),KOMATSU HD785-7,RD-227,Net Operating,N05 - Spot at LU,,1.49,Total,33339.86,Grand Total,51923.57
Hauling Unit,Status Category,Status Code,Sub-Status Code,Duration(Hours),KOMATSU HD785-7,RD-227,Net Operating,N06 - Queue At LU,,8.10,Total,33339.86,Grand Total,51923.57
Hauling Unit,Status Category,Status Code,Sub-Status Code,Duration(Hours),KOMATSU HD785-7,RD-227,Net Operating,N07 - Dumping,,2.71,Total,33339.86,Grand Total,51923.57
Hauling Unit,Status Category,Status Code,Sub-Status Code,Duration(Hours),KOMATSU HD785-7,RD-227,Net Operating,N09 - General Production,,0.00,Total,33339.86,Grand Total,51923.57
Hauling Unit,Status Category,Status Code,Sub-Status Code,Duration(Hours),KOMATSU HD785-7,RD-227,Standby,S03 - Schedule No Work,,11.80,Total,33339.86,Grand Total,51923.57
Hauling Unit,Status Category,Status Code,Sub-Status Code,Duration(Hours),KOMATSU HD785-7,RD-228,Delay,D03 - Delay At Hopper,,1.82,Total,33339.86,Grand Total,51923.57
Hauling Unit,Status Category,Status Code,Sub-Status Code,Duration(Hours),KOMATSU HD785-7,RD-228,Delay,S10 - Change Operators,,7.70,Total,33339.86,Grand Total,51923.57
Hauling Unit,Status Category,Status Code,Sub-Status Code,Duration(Hours),KOMATSU HD785-7,RD-228,Delay,S19 - Tea/ Breakfast / Snacks,,34.02,Total,33339.86,Grand Total,51923.57
Hauling Unit,Status Category,Status Code,Sub-Status Code,Duration(Hours),KOMATSU HD785-7,RD-228,Delay,S20 - Shift Change,,117.28,Total,33339.86,Grand Total,51923.57
Hauling Unit,Status Category,Status Code,Sub-Status Code,Duration(Hours),KOMATSU HD785-7,RD-228,Delay,S25 - Toilet Break,,0.38,Total,33339.86,Grand Total,51923.57
Hauling Unit,Status Category,Status Code,Sub-Status Code,Duration(Hours),KOMATSU HD785-7,RD-228,Delay,S31 - Fuel Filling,,0.81,Total,33339.86,Grand Total,51923.57
Hauling Unit,Status Category,Status Code,Sub-Status Code,Duration(Hours),KOMATSU HD785-7,RD-228,Down,O01 -  Down,,79.64,Total,33339.86,Grand Total,51923.57
Hauling Unit,Status Category,Status Code,Sub-Status Code,Duration(Hours),KOMATSU HD785-7,RD-228,Down,O03 - Daily Service,,22.38,Total,33339.86,Grand Total,51923.57
Hauling Unit,Status Category,Status Code,Sub-Status Code,Duration(Hours),KOMATSU HD785-7,RD-228,Net Operating,N00 - Wait At Dump,,19.76,Total,33339.86,Grand Total,51923.57
Hauling Unit,Status Category,Status Code,Sub-Status Code,Duration(Hours),KOMATSU HD785-7,RD-228,Net Operating,N01 - Truck Loading,,60.78,Total,33339.86,Grand Total,51923.57
Hauling Unit,Status Category,Status Code,Sub-Status Code,Duration(Hours),KOMATSU HD785-7,RD-228,Net Operating,N03 - Empty,,159.29,Total,33339.86,Grand Total,51923.57
Hauling Unit,Status Category,Status Code,Sub-Status Code,Duration(Hours),KOMATSU HD785-7,RD-228,Net Operating,N03 - Empty,N031 - Empty Stopped,82.70,Total,33339.86,Grand Total,51923.57
Hauling Unit,Status Category,Status Code,Sub-Status Code,Duration(Hours),KOMATSU HD785-7,RD-228,Net Operating,N04 - Hauling,,115.32,Total,33339.86,Grand Total,51923.57
Hauling Unit,Status Category,Status Code,Sub-Status Code,Duration(Hours),KOMATSU HD785-7,RD-228,Net Operating,N04 - Hauling,N041 - Hauling Stopped,11.15,Total,33339.86,Grand Total,51923.57
Hauling Unit,Status Category,Status Code,Sub-Status Code,Duration(Hours),KOMATSU HD785-7,RD-228,Net Operating,N05 - Spot at LU,,2.88,Total,33339.86,Grand Total,51923.57
Hauling Unit,Status Category,Status Code,Sub-Status Code,Duration(Hours),KOMATSU HD785-7,RD-228,Net Operating,N06 - Queue At LU,,17.27,Total,33339.86,Grand Total,51923.57
Hauling Unit,Status Category,Status Code,Sub-Status Code,Duration(Hours),KOMATSU HD785-7,RD-228,Net Operating,N07 - Dumping,,3.09,Total,33339.86,Grand Total,51923.57
Hauling Unit,Status Category,Status Code,Sub-Status Code,Duration(Hours),KOMATSU HD785-7,RD-228,Standby,S03 - Schedule No Work,,5.24,Total,33339.86,Grand Total,51923.57
Hauling Unit,Status Category,Status Code,Sub-Status Code,Duration(Hours),KOMATSU HD785-7,RD-229,Delay,D03 - Delay At Hopper,,2.51,Total,33339.86,Grand Total,51923.57
Hauling Unit,Status Category,Status Code,Sub-Status Code,Duration(Hours),KOMATSU HD785-7,RD-229,Delay,S10 - Change Operators,,7.87,Total,33339.86,Grand Total,51923.57
Hauling Unit,Status Category,Status Code,Sub-Status Code,Duration(Hours),KOMATSU HD785-7,RD-229,Delay,S19 - Tea/ Breakfast / Snacks,,23.00,Total,33339.86,Grand Total,51923.57
Hauling Unit,Status Category,Status Code,Sub-Status Code,Duration(Hours),KOMATSU HD785-7,RD-229,Delay,S20 - Shift Change,,90.59,Total,33339.86,Grand Total,51923.57
Hauling Unit,Status Category,Status Code,Sub-Status Code,Duration(Hours),KOMATSU HD785-7,RD-229,Delay,S31 - Fuel Filling,,0.13,Total,33339.86,Grand Total,51923.57
Hauling Unit,Status Category,Status Code,Sub-Status Code,Duration(Hours),KOMATSU HD785-7,RD-229,Down,O01 -  Down,,138.92,Total,33339.86,Grand Total,51923.57
Hauling Unit,Status Category,Status Code,Sub-Status Code,Duration(Hours),KOMATSU HD785-7,RD-229,Down,O03 - Daily Service,,51.71,Total,33339.86,Grand Total,51923.57
Hauling Unit,Status Category,Status Code,Sub-Status Code,Duration(Hours),KOMATSU HD785-7,RD-229,Net Operating,N00 - Wait At Dump,,16.00,Total,33339.86,Grand Total,51923.57
Hauling Unit,Status Category,Status Code,Sub-Status Code,Duration(Hours),KOMATSU HD785-7,RD-229,Net Operating,N01 - Truck Loading,,56.98,Total,33339.86,Grand Total,51923.57
Hauling Unit,Status Category,Status Code,Sub-Status Code,Duration(Hours),KOMATSU HD785-7,RD-229,Net Operating,N03 - Empty,,142.38,Total,33339.86,Grand Total,51923.57
Hauling Unit,Status Category,Status Code,Sub-Status Code,Duration(Hours),KOMATSU HD785-7,RD-229,Net Operating,N03 - Empty,N031 - Empty Stopped,75.54,Total,33339.86,Grand Total,51923.57
Hauling Unit,Status Category,Status Code,Sub-Status Code,Duration(Hours),KOMATSU HD785-7,RD-229,Net Operating,N04 - Hauling,,94.04,Total,33339.86,Grand Total,51923.57
Hauling Unit,Status Category,Status Code,Sub-Status Code,Duration(Hours),KOMATSU HD785-7,RD-229,Net Operating,N04 - Hauling,N041 - Hauling Stopped,9.24,Total,33339.86,Grand Total,51923.57
Hauling Unit,Status Category,Status Code,Sub-Status Code,Duration(Hours),KOMATSU HD785-7,RD-229,Net Operating,N05 - Spot at LU,,3.26,Total,33339.86,Grand Total,51923.57
Hauling Unit,Status Category,Status Code,Sub-Status Code,Duration(Hours),KOMATSU HD785-7,RD-229,Net Operating,N06 - Queue At LU,,11.29,Total,33339.86,Grand Total,51923.57
Hauling Unit,Status Category,Status Code,Sub-Status Code,Duration(Hours),KOMATSU HD785-7,RD-229,Net Operating,N07 - Dumping,,1.51,Total,33339.86,Grand Total,51923.57
Hauling Unit,Status Category,Status Code,Sub-Status Code,Duration(Hours),KOMATSU HD785-7,RD-229,Standby,S03 - Schedule No Work,,15.55,Total,33339.86,Grand Total,51923.57
Hauling Unit,Status Category,Status Code,Sub-Status Code,Duration(Hours),KOMATSU HD785-7,RD-230,Delay,D03 - Delay At Hopper,,1.17,Total,33339.86,Grand Total,51923.57
Hauling Unit,Status Category,Status Code,Sub-Status Code,Duration(Hours),KOMATSU HD785-7,RD-230,Delay,S10 - Change Operators,,7.82,Total,33339.86,Grand Total,51923.57
Hauling Unit,Status Category,Status Code,Sub-Status Code,Duration(Hours),KOMATSU HD785-7,RD-230,Delay,S13 - Shift Incharge Instruction,,0.00,Total,33339.86,Grand Total,51923.57
Hauling Unit,Status Category,Status Code,Sub-Status Code,Duration(Hours),KOMATSU HD785-7,RD-230,Delay,S19 - Tea/ Breakfast / Snacks,,29.95,Total,33339.86,Grand Total,51923.57
Hauling Unit,Status Category,Status Code,Sub-Status Code,Duration(Hours),KOMATSU HD785-7,RD-230,Delay,S20 - Shift Change,,118.18,Total,33339.86,Grand Total,51923.57
Hauling Unit,Status Category,Status Code,Sub-Status Code,Duration(Hours),KOMATSU HD785-7,RD-230,Delay,S25 - Toilet Break,,0.15,Total,33339.86,Grand Total,51923.57
Hauling Unit,Status Category,Status Code,Sub-Status Code,Duration(Hours),KOMATSU HD785-7,RD-230,Delay,S31 - Fuel Filling,,0.45,Total,33339.86,Grand Total,51923.57
Hauling Unit,Status Category,Status Code,Sub-Status Code,Duration(Hours),KOMATSU HD785-7,RD-230,Down,O01 -  Down,,48.99,Total,33339.86,Grand Total,51923.57
Hauling Unit,Status Category,Status Code,Sub-Status Code,Duration(Hours),KOMATSU HD785-7,RD-230,Down,O03 - Daily Service,,22.72,Total,33339.86,Grand Total,51923.57
Hauling Unit,Status Category,Status Code,Sub-Status Code,Duration(Hours),KOMATSU HD785-7,RD-230,Down,O05 - Breakdown Maintenance,,0.42,Total,33339.86,Grand Total,51923.57
Hauling Unit,Status Category,Status Code,Sub-Status Code,Duration(Hours),KOMATSU HD785-7,RD-230,Net Operating,N00 - Wait At Dump,,14.92,Total,33339.86,Grand Total,51923.57
Hauling Unit,Status Category,Status Code,Sub-Status Code,Duration(Hours),KOMATSU HD785-7,RD-230,Net Operating,N01 - Truck Loading,,59.29,Total,33339.86,Grand Total,51923.57
Hauling Unit,Status Category,Status Code,Sub-Status Code,Duration(Hours),KOMATSU HD785-7,RD-230,Net Operating,N03 - Empty,,177.78,Total,33339.86,Grand Total,51923.57
Hauling Unit,Status Category,Status Code,Sub-Status Code,Duration(Hours),KOMATSU HD785-7,RD-230,Net Operating,N03 - Empty,N031 - Empty Stopped,97.68,Total,33339.86,Grand Total,51923.57
Hauling Unit,Status Category,Status Code,Sub-Status Code,Duration(Hours),KOMATSU HD785-7,RD-230,Net Operating,N04 - Hauling,,122.24,Total,33339.86,Grand Total,51923.57
Hauling Unit,Status Category,Status Code,Sub-Status Code,Duration(Hours),KOMATSU HD785-7,RD-230,Net Operating,N04 - Hauling,N041 - Hauling Stopped,16.28,Total,33339.86,Grand Total,51923.57
Hauling Unit,Status Category,Status Code,Sub-Status Code,Duration(Hours),KOMATSU HD785-7,RD-230,Net Operating,N05 - Spot at LU,,4.06,Total,33339.86,Grand Total,51923.57
Hauling Unit,Status Category,Status Code,Sub-Status Code,Duration(Hours),KOMATSU HD785-7,RD-230,Net Operating,N06 - Queue At LU,,12.44,Total,33339.86,Grand Total,51923.57
Hauling Unit,Status Category,Status Code,Sub-Status Code,Duration(Hours),KOMATSU HD785-7,RD-230,Net Operating,N07 - Dumping,,2.38,Total,33339.86,Grand Total,51923.57
Hauling Unit,Status Category,Status Code,Sub-Status Code,Duration(Hours),KOMATSU HD785-7,RD-230,Standby,S03 - Schedule No Work,,6.16,Total,33339.86,Grand Total,51923.57
Hauling Unit,Status Category,Status Code,Sub-Status Code,Duration(Hours),KOMATSU HD785-7,RD-231,Delay,D03 - Delay At Hopper,,2.44,Total,33339.86,Grand Total,51923.57
Hauling Unit,Status Category,Status Code,Sub-Status Code,Duration(Hours),KOMATSU HD785-7,RD-231,Delay,S10 - Change Operators,,9.21,Total,33339.86,Grand Total,51923.57
Hauling Unit,Status Category,Status Code,Sub-Status Code,Duration(Hours),KOMATSU HD785-7,RD-231,Delay,S19 - Tea/ Breakfast / Snacks,,36.10,Total,33339.86,Grand Total,51923.57
Hauling Unit,Status Category,Status Code,Sub-Status Code,Duration(Hours),KOMATSU HD785-7,RD-231,Delay,S20 - Shift Change,,123.46,Total,33339.86,Grand Total,51923.57
Hauling Unit,Status Category,Status Code,Sub-Status Code,Duration(Hours),KOMATSU HD785-7,RD-231,Delay,S25 - Toilet Break,,1.65,Total,33339.86,Grand Total,51923.57
Hauling Unit,Status Category,Status Code,Sub-Status Code,Duration(Hours),KOMATSU HD785-7,RD-231,Delay,S31 - Fuel Filling,,0.45,Total,33339.86,Grand Total,51923.57
Hauling Unit,Status Category,Status Code,Sub-Status Code,Duration(Hours),KOMATSU HD785-7,RD-231,Down,O01 -  Down,,42.28,Total,33339.86,Grand Total,51923.57
Hauling Unit,Status Category,Status Code,Sub-Status Code,Duration(Hours),KOMATSU HD785-7,RD-231,Down,O03 - Daily Service,,44.09,Total,33339.86,Grand Total,51923.57
Hauling Unit,Status Category,Status Code,Sub-Status Code,Duration(Hours),KOMATSU HD785-7,RD-231,Net Operating,N00 - Wait At Dump,,18.24,Total,33339.86,Grand Total,51923.57
Hauling Unit,Status Category,Status Code,Sub-Status Code,Duration(Hours),KOMATSU HD785-7,RD-231,Net Operating,N01 - Truck Loading,,57.54,Total,33339.86,Grand Total,51923.57
Hauling Unit,Status Category,Status Code,Sub-Status Code,Duration(Hours),KOMATSU HD785-7,RD-231,Net Operating,N02 - Wait At LU,,0.00,Total,33339.86,Grand Total,51923.57
Hauling Unit,Status Category,Status Code,Sub-Status Code,Duration(Hours),KOMATSU HD785-7,RD-231,Net Operating,N03 - Empty,,163.11,Total,33339.86,Grand Total,51923.57
Hauling Unit,Status Category,Status Code,Sub-Status Code,Duration(Hours),KOMATSU HD785-7,RD-231,Net Operating,N03 - Empty,N031 - Empty Stopped,95.95,Total,33339.86,Grand Total,51923.57
Hauling Unit,Status Category,Status Code,Sub-Status Code,Duration(Hours),KOMATSU HD785-7,RD-231,Net Operating,N04 - Hauling,,102.26,Total,33339.86,Grand Total,51923.57
Hauling Unit,Status Category,Status Code,Sub-Status Code,Duration(Hours),KOMATSU HD785-7,RD-231,Net Operating,N04 - Hauling,N041 - Hauling Stopped,8.73,Total,33339.86,Grand Total,51923.57
Hauling Unit,Status Category,Status Code,Sub-Status Code,Duration(Hours),KOMATSU HD785-7,RD-231,Net Operating,N05 - Spot at LU,,2.51,Total,33339.86,Grand Total,51923.57
Hauling Unit,Status Category,Status Code,Sub-Status Code,Duration(Hours),KOMATSU HD785-7,RD-231,Net Operating,N06 - Queue At LU,,14.08,Total,33339.86,Grand Total,51923.57
Hauling Unit,Status Category,Status Code,Sub-Status Code,Duration(Hours),KOMATSU HD785-7,RD-231,Net Operating,N07 - Dumping,,2.35,Total,33339.86,Grand Total,51923.57
Hauling Unit,Status Category,Status Code,Sub-Status Code,Duration(Hours),KOMATSU HD785-7,RD-231,Standby,S03 - Schedule No Work,,17.13,Total,33339.86,Grand Total,51923.57
Hauling Unit,Status Category,Status Code,Sub-Status Code,Duration(Hours),KOMATSU HD785-7,RD-232,Delay,S10 - Change Operators,,10.38,Total,33339.86,Grand Total,51923.57
Hauling Unit,Status Category,Status Code,Sub-Status Code,Duration(Hours),KOMATSU HD785-7,RD-232,Delay,S19 - Tea/ Breakfast / Snacks,,29.32,Total,33339.86,Grand Total,51923.57
Hauling Unit,Status Category,Status Code,Sub-Status Code,Duration(Hours),KOMATSU HD785-7,RD-232,Delay,S20 - Shift Change,,116.98,Total,33339.86,Grand Total,51923.57
Hauling Unit,Status Category,Status Code,Sub-Status Code,Duration(Hours),KOMATSU HD785-7,RD-232,Delay,S25 - Toilet Break,,0.08,Total,33339.86,Grand Total,51923.57
Hauling Unit,Status Category,Status Code,Sub-Status Code,Duration(Hours),KOMATSU HD785-7,RD-232,Delay,S31 - Fuel Filling,,0.52,Total,33339.86,Grand Total,51923.57
Hauling Unit,Status Category,Status Code,Sub-Status Code,Duration(Hours),KOMATSU HD785-7,RD-232,Down,O01 -  Down,,13.05,Total,33339.86,Grand Total,51923.57
Hauling Unit,Status Category,Status Code,Sub-Status Code,Duration(Hours),KOMATSU HD785-7,RD-232,Down,O03 - Daily Service,,39.44,Total,33339.86,Grand Total,51923.57
Hauling Unit,Status Category,Status Code,Sub-Status Code,Duration(Hours),KOMATSU HD785-7,RD-232,Down,O05 - Breakdown Maintenance,,1.39,Total,33339.86,Grand Total,51923.57
Hauling Unit,Status Category,Status Code,Sub-Status Code,Duration(Hours),KOMATSU HD785-7,RD-232,Net Operating,N00 - Wait At Dump,,17.41,Total,33339.86,Grand Total,51923.57
Hauling Unit,Status Category,Status Code,Sub-Status Code,Duration(Hours),KOMATSU HD785-7,RD-232,Net Operating,N01 - Truck Loading,,77.52,Total,33339.86,Grand Total,51923.57
Hauling Unit,Status Category,Status Code,Sub-Status Code,Duration(Hours),KOMATSU HD785-7,RD-232,Net Operating,N03 - Empty,,179.18,Total,33339.86,Grand Total,51923.57
Hauling Unit,Status Category,Status Code,Sub-Status Code,Duration(Hours),KOMATSU HD785-7,RD-232,Net Operating,N03 - Empty,N031 - Empty Stopped,95.31,Total,33339.86,Grand Total,51923.57
Hauling Unit,Status Category,Status Code,Sub-Status Code,Duration(Hours),KOMATSU HD785-7,RD-232,Net Operating,N04 - Hauling,,119.32,Total,33339.86,Grand Total,51923.57
Hauling Unit,Status Category,Status Code,Sub-Status Code,Duration(Hours),KOMATSU HD785-7,RD-232,Net Operating,N04 - Hauling,N041 - Hauling Stopped,8.41,Total,33339.86,Grand Total,51923.57
Hauling Unit,Status Category,Status Code,Sub-Status Code,Duration(Hours),KOMATSU HD785-7,RD-232,Net Operating,N05 - Spot at LU,,3.76,Total,33339.86,Grand Total,51923.57
Hauling Unit,Status Category,Status Code,Sub-Status Code,Duration(Hours),KOMATSU HD785-7,RD-232,Net Operating,N06 - Queue At LU,,17.51,Total,33339.86,Grand Total,51923.57
Hauling Unit,Status Category,Status Code,Sub-Status Code,Duration(Hours),KOMATSU HD785-7,RD-232,Net Operating,N07 - Dumping,,1.78,Total,33339.86,Grand Total,51923.57
Hauling Unit,Status Category,Status Code,Sub-Status Code,Duration(Hours),KOMATSU HD785-7,RD-232,Standby,S03 - Schedule No Work,,7.38,Total,33339.86,Grand Total,51923.57
Hauling Unit,Status Category,Status Code,Sub-Status Code,Duration(Hours),KOMATSU HD785-7,RD-232,Standby,S23 - Released from Maintanence,,0.05,Total,33339.86,Grand Total,51923.57
Hauling Unit,Status Category,Status Code,Sub-Status Code,Duration(Hours),KOMATSU HD785-7,RD-233,Delay,D03 - Delay At Hopper,,1.82,Total,33339.86,Grand Total,51923.57
Hauling Unit,Status Category,Status Code,Sub-Status Code,Duration(Hours),KOMATSU HD785-7,RD-233,Delay,S10 - Change Operators,,10.83,Total,33339.86,Grand Total,51923.57
Hauling Unit,Status Category,Status Code,Sub-Status Code,Duration(Hours),KOMATSU HD785-7,RD-233,Delay,S19 - Tea/ Breakfast / Snacks,,27.16,Total,33339.86,Grand Total,51923.57
Hauling Unit,Status Category,Status Code,Sub-Status Code,Duration(Hours),KOMATSU HD785-7,RD-233,Delay,S20 - Shift Change,,112.13,Total,33339.86,Grand Total,51923.57
Hauling Unit,Status Category,Status Code,Sub-Status Code,Duration(Hours),KOMATSU HD785-7,RD-233,Delay,S25 - Toilet Break,,1.64,Total,33339.86,Grand Total,51923.57
Hauling Unit,Status Category,Status Code,Sub-Status Code,Duration(Hours),KOMATSU HD785-7,RD-233,Delay,S31 - Fuel Filling,,1.04,Total,33339.86,Grand Total,51923.57
Hauling Unit,Status Category,Status Code,Sub-Status Code,Duration(Hours),KOMATSU HD785-7,RD-233,Down,O01 -  Down,,61.94,Total,33339.86,Grand Total,51923.57
Hauling Unit,Status Category,Status Code,Sub-Status Code,Duration(Hours),KOMATSU HD785-7,RD-233,Down,O03 - Daily Service,,37.86,Total,33339.86,Grand Total,51923.57
Hauling Unit,Status Category,Status Code,Sub-Status Code,Duration(Hours),KOMATSU HD785-7,RD-233,Net Operating,N00 - Wait At Dump,,16.95,Total,33339.86,Grand Total,51923.57
Hauling Unit,Status Category,Status Code,Sub-Status Code,Duration(Hours),KOMATSU HD785-7,RD-233,Net Operating,N01 - Truck Loading,,64.97,Total,33339.86,Grand Total,51923.57
Hauling Unit,Status Category,Status Code,Sub-Status Code,Duration(Hours),KOMATSU HD785-7,RD-233,Net Operating,N02 - Wait At LU,,0.00,Total,33339.86,Grand Total,51923.57
Hauling Unit,Status Category,Status Code,Sub-Status Code,Duration(Hours),KOMATSU HD785-7,RD-233,Net Operating,N03 - Empty,,161.17,Total,33339.86,Grand Total,51923.57
Hauling Unit,Status Category,Status Code,Sub-Status Code,Duration(Hours),KOMATSU HD785-7,RD-233,Net Operating,N03 - Empty,N031 - Empty Stopped,83.96,Total,33339.86,Grand Total,51923.57
Hauling Unit,Status Category,Status Code,Sub-Status Code,Duration(Hours),KOMATSU HD785-7,RD-233,Net Operating,N04 - Hauling,,106.00,Total,33339.86,Grand Total,51923.57
Hauling Unit,Status Category,Status Code,Sub-Status Code,Duration(Hours),KOMATSU HD785-7,RD-233,Net Operating,N04 - Hauling,N041 - Hauling Stopped,8.42,Total,33339.86,Grand Total,51923.57
Hauling Unit,Status Category,Status Code,Sub-Status Code,Duration(Hours),KOMATSU HD785-7,RD-233,Net Operating,N05 - Spot at LU,,2.42,Total,33339.86,Grand Total,51923.57
Hauling Unit,Status Category,Status Code,Sub-Status Code,Duration(Hours),KOMATSU HD785-7,RD-233,Net Operating,N06 - Queue At LU,,16.78,Total,33339.86,Grand Total,51923.57
Hauling Unit,Status Category,Status Code,Sub-Status Code,Duration(Hours),KOMATSU HD785-7,RD-233,Net Operating,N07 - Dumping,,2.07,Total,33339.86,Grand Total,51923.57
Hauling Unit,Status Category,Status Code,Sub-Status Code,Duration(Hours),KOMATSU HD785-7,RD-233,Net Operating,N09 - General Production,,0.00,Total,33339.86,Grand Total,51923.57
Hauling Unit,Status Category,Status Code,Sub-Status Code,Duration(Hours),KOMATSU HD785-7,RD-233,Standby,S03 - Schedule No Work,,21.92,Total,33339.86,Grand Total,51923.57
Hauling Unit,Status Category,Status Code,Sub-Status Code,Duration(Hours),KOMATSU HD785-7,RD-234,Delay,S10 - Change Operators,,10.36,Total,33339.86,Grand Total,51923.57
Hauling Unit,Status Category,Status Code,Sub-Status Code,Duration(Hours),KOMATSU HD785-7,RD-234,Delay,S13 - Shift Incharge Instruction,,0.11,Total,33339.86,Grand Total,51923.57
Hauling Unit,Status Category,Status Code,Sub-Status Code,Duration(Hours),KOMATSU HD785-7,RD-234,Delay,S19 - Tea/ Breakfast / Snacks,,32.49,Total,33339.86,Grand Total,51923.57
Hauling Unit,Status Category,Status Code,Sub-Status Code,Duration(Hours),KOMATSU HD785-7,RD-234,Delay,S20 - Shift Change,,88.14,Total,33339.86,Grand Total,51923.57
Hauling Unit,Status Category,Status Code,Sub-Status Code,Duration(Hours),KOMATSU HD785-7,RD-234,Delay,S25 - Toilet Break,,1.82,Total,33339.86,Grand Total,51923.57
Hauling Unit,Status Category,Status Code,Sub-Status Code,Duration(Hours),KOMATSU HD785-7,RD-234,Delay,S31 - Fuel Filling,,6.11,Total,33339.86,Grand Total,51923.57
Hauling Unit,Status Category,Status Code,Sub-Status Code,Duration(Hours),KOMATSU HD785-7,RD-234,Down,O01 -  Down,,151.37,Total,33339.86,Grand Total,51923.57
Hauling Unit,Status Category,Status Code,Sub-Status Code,Duration(Hours),KOMATSU HD785-7,RD-234,Down,O03 - Daily Service,,41.90,Total,33339.86,Grand Total,51923.57
Hauling Unit,Status Category,Status Code,Sub-Status Code,Duration(Hours),KOMATSU HD785-7,RD-234,Net Operating,N00 - Wait At Dump,,13.96,Total,33339.86,Grand Total,51923.57
Hauling Unit,Status Category,Status Code,Sub-Status Code,Duration(Hours),KOMATSU HD785-7,RD-234,Net Operating,N01 - Truck Loading,,48.19,Total,33339.86,Grand Total,51923.57
Hauling Unit,Status Category,Status Code,Sub-Status Code,Duration(Hours),KOMATSU HD785-7,RD-234,Net Operating,N02 - Wait At LU,,0.13,Total,33339.86,Grand Total,51923.57
Hauling Unit,Status Category,Status Code,Sub-Status Code,Duration(Hours),KOMATSU HD785-7,RD-234,Net Operating,N03 - Empty,,139.99,Total,33339.86,Grand Total,51923.57
Hauling Unit,Status Category,Status Code,Sub-Status Code,Duration(Hours),KOMATSU HD785-7,RD-234,Net Operating,N03 - Empty,N031 - Empty Stopped,80.75,Total,33339.86,Grand Total,51923.57
Hauling Unit,Status Category,Status Code,Sub-Status Code,Duration(Hours),KOMATSU HD785-7,RD-234,Net Operating,N04 - Hauling,,88.57,Total,33339.86,Grand Total,51923.57
Hauling Unit,Status Category,Status Code,Sub-Status Code,Duration(Hours),KOMATSU HD785-7,RD-234,Net Operating,N04 - Hauling,N041 - Hauling Stopped,5.95,Total,33339.86,Grand Total,51923.57
Hauling Unit,Status Category,Status Code,Sub-Status Code,Duration(Hours),KOMATSU HD785-7,RD-234,Net Operating,N05 - Spot at LU,,2.67,Total,33339.86,Grand Total,51923.57
Hauling Unit,Status Category,Status Code,Sub-Status Code,Duration(Hours),KOMATSU HD785-7,RD-234,Net Operating,N06 - Queue At LU,,16.49,Total,33339.86,Grand Total,51923.57
Hauling Unit,Status Category,Status Code,Sub-Status Code,Duration(Hours),KOMATSU HD785-7,RD-234,Net Operating,N07 - Dumping,,1.95,Total,33339.86,Grand Total,51923.57
Hauling Unit,Status Category,Status Code,Sub-Status Code,Duration(Hours),KOMATSU HD785-7,RD-234,Net Operating,N09 - General Production,,0.00,Total,33339.86,Grand Total,51923.57
Hauling Unit,Status Category,Status Code,Sub-Status Code,Duration(Hours),KOMATSU HD785-7,RD-234,Standby,S03 - Schedule No Work,,10.98,Total,33339.86,Grand Total,51923.57
Hauling Unit,Status Category,Status Code,Sub-Status Code,Duration(Hours),KOMATSU HD785-7,RD-235,Delay,S10 - Change Operators,,12.66,Total,33339.86,Grand Total,51923.57
Hauling Unit,Status Category,Status Code,Sub-Status Code,Duration(Hours),KOMATSU HD785-7,RD-235,Delay,S19 - Tea/ Breakfast / Snacks,,28.11,Total,33339.86,Grand Total,51923.57
Hauling Unit,Status Category,Status Code,Sub-Status Code,Duration(Hours),KOMATSU HD785-7,RD-235,Delay,S20 - Shift Change,,125.43,Total,33339.86,Grand Total,51923.57
Hauling Unit,Status Category,Status Code,Sub-Status Code,Duration(Hours),KOMATSU HD785-7,RD-235,Delay,S25 - Toilet Break,,0.10,Total,33339.86,Grand Total,51923.57
Hauling Unit,Status Category,Status Code,Sub-Status Code,Duration(Hours),KOMATSU HD785-7,RD-235,Delay,S31 - Fuel Filling,,1.15,Total,33339.86,Grand Total,51923.57
Hauling Unit,Status Category,Status Code,Sub-Status Code,Duration(Hours),KOMATSU HD785-7,RD-235,Down,O01 -  Down,,1.02,Total,33339.86,Grand Total,51923.57
Hauling Unit,Status Category,Status Code,Sub-Status Code,Duration(Hours),KOMATSU HD785-7,RD-235,Down,O03 - Daily Service,,27.20,Total,33339.86,Grand Total,51923.57
Hauling Unit,Status Category,Status Code,Sub-Status Code,Duration(Hours),KOMATSU HD785-7,RD-235,Net Operating,N00 - Wait At Dump,,16.94,Total,33339.86,Grand Total,51923.57
Hauling Unit,Status Category,Status Code,Sub-Status Code,Duration(Hours),KOMATSU HD785-7,RD-235,Net Operating,N01 - Truck Loading,,73.72,Total,33339.86,Grand Total,51923.57
Hauling Unit,Status Category,Status Code,Sub-Status Code,Duration(Hours),KOMATSU HD785-7,RD-235,Net Operating,N03 - Empty,,179.94,Total,33339.86,Grand Total,51923.57
Hauling Unit,Status Category,Status Code,Sub-Status Code,Duration(Hours),KOMATSU HD785-7,RD-235,Net Operating,N03 - Empty,N031 - Empty Stopped,113.48,Total,33339.86,Grand Total,51923.57
Hauling Unit,Status Category,Status Code,Sub-Status Code,Duration(Hours),KOMATSU HD785-7,RD-235,Net Operating,N04 - Hauling,,109.23,Total,33339.86,Grand Total,51923.57
Hauling Unit,Status Category,Status Code,Sub-Status Code,Duration(Hours),KOMATSU HD785-7,RD-235,Net Operating,N04 - Hauling,N041 - Hauling Stopped,6.95,Total,33339.86,Grand Total,51923.57
Hauling Unit,Status Category,Status Code,Sub-Status Code,Duration(Hours),KOMATSU HD785-7,RD-235,Net Operating,N05 - Spot at LU,,3.76,Total,33339.86,Grand Total,51923.57
Hauling Unit,Status Category,Status Code,Sub-Status Code,Duration(Hours),KOMATSU HD785-7,RD-235,Net Operating,N06 - Queue At LU,,25.27,Total,33339.86,Grand Total,51923.57
Hauling Unit,Status Category,Status Code,Sub-Status Code,Duration(Hours),KOMATSU HD785-7,RD-235,Net Operating,N07 - Dumping,,2.26,Total,33339.86,Grand Total,51923.57
Hauling Unit,Status Category,Status Code,Sub-Status Code,Duration(Hours),KOMATSU HD785-7,RD-235,Net Operating,N09 - General Production,,0.00,Total,33339.86,Grand Total,51923.57
Hauling Unit,Status Category,Status Code,Sub-Status Code,Duration(Hours),KOMATSU HD785-7,RD-235,Standby,S03 - Schedule No Work,,15.13,Total,33339.86,Grand Total,51923.57
Hauling Unit,Status Category,Status Code,Sub-Status Code,Duration(Hours),KOMATSU HD785-7,RD236,Delay,S10 - Change Operators,,11.02,Total,33339.86,Grand Total,51923.57
Hauling Unit,Status Category,Status Code,Sub-Status Code,Duration(Hours),KOMATSU HD785-7,RD236,Delay,S19 - Tea/ Breakfast / Snacks,,34.98,Total,33339.86,Grand Total,51923.57
Hauling Unit,Status Category,Status Code,Sub-Status Code,Duration(Hours),KOMATSU HD785-7,RD236,Delay,S20 - Shift Change,,115.33,Total,33339.86,Grand Total,51923.57
Hauling Unit,Status Category,Status Code,Sub-Status Code,Duration(Hours),KOMATSU HD785-7,RD236,Delay,S31 - Fuel Filling,,0.99,Total,33339.86,Grand Total,51923.57
Hauling Unit,Status Category,Status Code,Sub-Status Code,Duration(Hours),KOMATSU HD785-7,RD236,Down,O01 -  Down,,84.21,Total,33339.86,Grand Total,51923.57
Hauling Unit,Status Category,Status Code,Sub-Status Code,Duration(Hours),KOMATSU HD785-7,RD236,Down,O03 - Daily Service,,21.99,Total,33339.86,Grand Total,51923.57
Hauling Unit,Status Category,Status Code,Sub-Status Code,Duration(Hours),KOMATSU HD785-7,RD236,Net Operating,N00 - Wait At Dump,,16.49,Total,33339.86,Grand Total,51923.57
Hauling Unit,Status Category,Status Code,Sub-Status Code,Duration(Hours),KOMATSU HD785-7,RD236,Net Operating,N01 - Truck Loading,,63.35,Total,33339.86,Grand Total,51923.57
Hauling Unit,Status Category,Status Code,Sub-Status Code,Duration(Hours),KOMATSU HD785-7,RD236,Net Operating,N02 - Wait At LU,,0.06,Total,33339.86,Grand Total,51923.57
Hauling Unit,Status Category,Status Code,Sub-Status Code,Duration(Hours),KOMATSU HD785-7,RD236,Net Operating,N03 - Empty,,154.99,Total,33339.86,Grand Total,51923.57
Hauling Unit,Status Category,Status Code,Sub-Status Code,Duration(Hours),KOMATSU HD785-7,RD236,Net Operating,N03 - Empty,N031 - Empty Stopped,83.87,Total,33339.86,Grand Total,51923.57
Hauling Unit,Status Category,Status Code,Sub-Status Code,Duration(Hours),KOMATSU HD785-7,RD236,Net Operating,N04 - Hauling,,101.81,Total,33339.86,Grand Total,51923.57
Hauling Unit,Status Category,Status Code,Sub-Status Code,Duration(Hours),KOMATSU HD785-7,RD236,Net Operating,N04 - Hauling,N041 - Hauling Stopped,6.51,Total,33339.86,Grand Total,51923.57
Hauling Unit,Status Category,Status Code,Sub-Status Code,Duration(Hours),KOMATSU HD785-7,RD236,Net Operating,N05 - Spot at LU,,3.93,Total,33339.86,Grand Total,51923.57
Hauling Unit,Status Category,Status Code,Sub-Status Code,Duration(Hours),KOMATSU HD785-7,RD236,Net Operating,N06 - Queue At LU,,14.39,Total,33339.86,Grand Total,51923.57
Hauling Unit,Status Category,Status Code,Sub-Status Code,Duration(Hours),KOMATSU HD785-7,RD236,Net Operating,N07 - Dumping,,2.56,Total,33339.86,Grand Total,51923.57
Hauling Unit,Status Category,Status Code,Sub-Status Code,Duration(Hours),KOMATSU HD785-7,RD236,Standby,S03 - Schedule No Work,,20.49,Total,33339.86,Grand Total,51923.57
Hauling Unit,Status Category,Status Code,Sub-Status Code,Duration(Hours),KOMATSU HD785-7,RD236,Standby,S23 - Released from Maintanence,,4.03,Total,33339.86,Grand Total,51923.57
Hauling Unit,Status Category,Status Code,Sub-Status Code,Duration(Hours),KOMATSU HD785-7,RD-237,Delay,D03 - Delay At Hopper,,0.09,Total,33339.86,Grand Total,51923.57
Hauling Unit,Status Category,Status Code,Sub-Status Code,Duration(Hours),KOMATSU HD785-7,RD-237,Delay,S05 - Stuck in Mud,,0.01,Total,33339.86,Grand Total,51923.57
Hauling Unit,Status Category,Status Code,Sub-Status Code,Duration(Hours),KOMATSU HD785-7,RD-237,Delay,S10 - Change Operators,,13.26,Total,33339.86,Grand Total,51923.57
Hauling Unit,Status Category,Status Code,Sub-Status Code,Duration(Hours),KOMATSU HD785-7,RD-237,Delay,S19 - Tea/ Breakfast / Snacks,,27.99,Total,33339.86,Grand Total,51923.57
Hauling Unit,Status Category,Status Code,Sub-Status Code,Duration(Hours),KOMATSU HD785-7,RD-237,Delay,S20 - Shift Change,,115.91,Total,33339.86,Grand Total,51923.57
Hauling Unit,Status Category,Status Code,Sub-Status Code,Duration(Hours),KOMATSU HD785-7,RD-237,Delay,S25 - Toilet Break,,0.30,Total,33339.86,Grand Total,51923.57
Hauling Unit,Status Category,Status Code,Sub-Status Code,Duration(Hours),KOMATSU HD785-7,RD-237,Delay,S31 - Fuel Filling,,0.49,Total,33339.86,Grand Total,51923.57
Hauling Unit,Status Category,Status Code,Sub-Status Code,Duration(Hours),KOMATSU HD785-7,RD-237,Down,O01 -  Down,,59.26,Total,33339.86,Grand Total,51923.57
Hauling Unit,Status Category,Status Code,Sub-Status Code,Duration(Hours),KOMATSU HD785-7,RD-237,Down,O03 - Daily Service,,35.05,Total,33339.86,Grand Total,51923.57
Hauling Unit,Status Category,Status Code,Sub-Status Code,Duration(Hours),KOMATSU HD785-7,RD-237,Net Operating,N00 - Wait At Dump,,15.10,Total,33339.86,Grand Total,51923.57
Hauling Unit,Status Category,Status Code,Sub-Status Code,Duration(Hours),KOMATSU HD785-7,RD-237,Net Operating,N01 - Truck Loading,,66.63,Total,33339.86,Grand Total,51923.57
Hauling Unit,Status Category,Status Code,Sub-Status Code,Duration(Hours),KOMATSU HD785-7,RD-237,Net Operating,N03 - Empty,,168.28,Total,33339.86,Grand Total,51923.57
Hauling Unit,Status Category,Status Code,Sub-Status Code,Duration(Hours),KOMATSU HD785-7,RD-237,Net Operating,N03 - Empty,N031 - Empty Stopped,101.25,Total,33339.86,Grand Total,51923.57
Hauling Unit,Status Category,Status Code,Sub-Status Code,Duration(Hours),KOMATSU HD785-7,RD-237,Net Operating,N04 - Hauling,,102.67,Total,33339.86,Grand Total,51923.57
Hauling Unit,Status Category,Status Code,Sub-Status Code,Duration(Hours),KOMATSU HD785-7,RD-237,Net Operating,N04 - Hauling,N041 - Hauling Stopped,6.79,Total,33339.86,Grand Total,51923.57
Hauling Unit,Status Category,Status Code,Sub-Status Code,Duration(Hours),KOMATSU HD785-7,RD-237,Net Operating,N05 - Spot at LU,,3.02,Total,33339.86,Grand Total,51923.57
Hauling Unit,Status Category,Status Code,Sub-Status Code,Duration(Hours),KOMATSU HD785-7,RD-237,Net Operating,N06 - Queue At LU,,19.04,Total,33339.86,Grand Total,51923.57
Hauling Unit,Status Category,Status Code,Sub-Status Code,Duration(Hours),KOMATSU HD785-7,RD-237,Net Operating,N07 - Dumping,,2.36,Total,33339.86,Grand Total,51923.57
Hauling Unit,Status Category,Status Code,Sub-Status Code,Duration(Hours),KOMATSU HD785-7,RD-237,Standby,S03 - Schedule No Work,,4.29,Total,33339.86,Grand Total,51923.57
Hauling Unit,Status Category,Status Code,Sub-Status Code,Duration(Hours),KOMATSU HD785-7,RD-238,Delay,S05 - Stuck in Mud,,0.00,Total,33339.86,Grand Total,51923.57
Hauling Unit,Status Category,Status Code,Sub-Status Code,Duration(Hours),KOMATSU HD785-7,RD-238,Delay,S10 - Change Operators,,8.62,Total,33339.86,Grand Total,51923.57
Hauling Unit,Status Category,Status Code,Sub-Status Code,Duration(Hours),KOMATSU HD785-7,RD-238,Delay,S19 - Tea/ Breakfast / Snacks,,34.31,Total,33339.86,Grand Total,51923.57
Hauling Unit,Status Category,Status Code,Sub-Status Code,Duration(Hours),KOMATSU HD785-7,RD-238,Delay,S20 - Shift Change,,103.06,Total,33339.86,Grand Total,51923.57
Hauling Unit,Status Category,Status Code,Sub-Status Code,Duration(Hours),KOMATSU HD785-7,RD-238,Delay,S25 - Toilet Break,,0.55,Total,33339.86,Grand Total,51923.57
Hauling Unit,Status Category,Status Code,Sub-Status Code,Duration(Hours),KOMATSU HD785-7,RD-238,Delay,S31 - Fuel Filling,,0.56,Total,33339.86,Grand Total,51923.57
Hauling Unit,Status Category,Status Code,Sub-Status Code,Duration(Hours),KOMATSU HD785-7,RD-238,Down,O01 -  Down,,38.99,Total,33339.86,Grand Total,51923.57
Hauling Unit,Status Category,Status Code,Sub-Status Code,Duration(Hours),KOMATSU HD785-7,RD-238,Down,O03 - Daily Service,,44.62,Total,33339.86,Grand Total,51923.57
Hauling Unit,Status Category,Status Code,Sub-Status Code,Duration(Hours),KOMATSU HD785-7,RD-238,Net Operating,N00 - Wait At Dump,,16.43,Total,33339.86,Grand Total,51923.57
Hauling Unit,Status Category,Status Code,Sub-Status Code,Duration(Hours),KOMATSU HD785-7,RD-238,Net Operating,N01 - Truck Loading,,63.20,Total,33339.86,Grand Total,51923.57
Hauling Unit,Status Category,Status Code,Sub-Status Code,Duration(Hours),KOMATSU HD785-7,RD-238,Net Operating,N03 - Empty,,180.63,Total,33339.86,Grand Total,51923.57
Hauling Unit,Status Category,Status Code,Sub-Status Code,Duration(Hours),KOMATSU HD785-7,RD-238,Net Operating,N03 - Empty,N031 - Empty Stopped,94.48,Total,33339.86,Grand Total,51923.57
Hauling Unit,Status Category,Status Code,Sub-Status Code,Duration(Hours),KOMATSU HD785-7,RD-238,Net Operating,N04 - Hauling,,110.32,Total,33339.86,Grand Total,51923.57
Hauling Unit,Status Category,Status Code,Sub-Status Code,Duration(Hours),KOMATSU HD785-7,RD-238,Net Operating,N04 - Hauling,N041 - Hauling Stopped,9.95,Total,33339.86,Grand Total,51923.57
Hauling Unit,Status Category,Status Code,Sub-Status Code,Duration(Hours),KOMATSU HD785-7,RD-238,Net Operating,N05 - Spot at LU,,3.03,Total,33339.86,Grand Total,51923.57
Hauling Unit,Status Category,Status Code,Sub-Status Code,Duration(Hours),KOMATSU HD785-7,RD-238,Net Operating,N06 - Queue At LU,,18.17,Total,33339.86,Grand Total,51923.57
Hauling Unit,Status Category,Status Code,Sub-Status Code,Duration(Hours),KOMATSU HD785-7,RD-238,Net Operating,N07 - Dumping,,3.25,Total,33339.86,Grand Total,51923.57
Hauling Unit,Status Category,Status Code,Sub-Status Code,Duration(Hours),KOMATSU HD785-7,RD-238,Net Operating,N09 - General Production,,0.00,Total,33339.86,Grand Total,51923.57
Hauling Unit,Status Category,Status Code,Sub-Status Code,Duration(Hours),KOMATSU HD785-7,RD-238,Standby,S03 - Schedule No Work,,10.87,Total,33339.86,Grand Total,51923.57
Hauling Unit,Status Category,Status Code,Sub-Status Code,Duration(Hours),KOMATSU HD785-7,RD-238,Standby,S23 - Released from Maintanence,,0.48,Total,33339.86,Grand Total,51923.57
Hauling Unit,Status Category,Status Code,Sub-Status Code,Duration(Hours),KOMATSU HD785-7,RD239,Delay,S10 - Change Operators,,9.82,Total,33339.86,Grand Total,51923.57
Hauling Unit,Status Category,Status Code,Sub-Status Code,Duration(Hours),KOMATSU HD785-7,RD239,Delay,S19 - Tea/ Breakfast / Snacks,,22.47,Total,33339.86,Grand Total,51923.57
Hauling Unit,Status Category,Status Code,Sub-Status Code,Duration(Hours),KOMATSU HD785-7,RD239,Delay,S20 - Shift Change,,72.55,Total,33339.86,Grand Total,51923.57
Hauling Unit,Status Category,Status Code,Sub-Status Code,Duration(Hours),KOMATSU HD785-7,RD239,Delay,S25 - Toilet Break,,0.25,Total,33339.86,Grand Total,51923.57
Hauling Unit,Status Category,Status Code,Sub-Status Code,Duration(Hours),KOMATSU HD785-7,RD239,Delay,S31 - Fuel Filling,,0.00,Total,33339.86,Grand Total,51923.57
Hauling Unit,Status Category,Status Code,Sub-Status Code,Duration(Hours),KOMATSU HD785-7,RD239,Down,O01 -  Down,,250.30,Total,33339.86,Grand Total,51923.57
Hauling Unit,Status Category,Status Code,Sub-Status Code,Duration(Hours),KOMATSU HD785-7,RD239,Down,O03 - Daily Service,,20.20,Total,33339.86,Grand Total,51923.57
Hauling Unit,Status Category,Status Code,Sub-Status Code,Duration(Hours),KOMATSU HD785-7,RD239,Net Operating,N00 - Wait At Dump,,13.67,Total,33339.86,Grand Total,51923.57
Hauling Unit,Status Category,Status Code,Sub-Status Code,Duration(Hours),KOMATSU HD785-7,RD239,Net Operating,N01 - Truck Loading,,48.54,Total,33339.86,Grand Total,51923.57
Hauling Unit,Status Category,Status Code,Sub-Status Code,Duration(Hours),KOMATSU HD785-7,RD239,Net Operating,N03 - Empty,,128.79,Total,33339.86,Grand Total,51923.57
Hauling Unit,Status Category,Status Code,Sub-Status Code,Duration(Hours),KOMATSU HD785-7,RD239,Net Operating,N03 - Empty,N031 - Empty Stopped,64.22,Total,33339.86,Grand Total,51923.57
Hauling Unit,Status Category,Status Code,Sub-Status Code,Duration(Hours),KOMATSU HD785-7,RD239,Net Operating,N04 - Hauling,,81.13,Total,33339.86,Grand Total,51923.57
Hauling Unit,Status Category,Status Code,Sub-Status Code,Duration(Hours),KOMATSU HD785-7,RD239,Net Operating,N04 - Hauling,N041 - Hauling Stopped,5.49,Total,33339.86,Grand Total,51923.57
Hauling Unit,Status Category,Status Code,Sub-Status Code,Duration(Hours),KOMATSU HD785-7,RD239,Net Operating,N05 - Spot at LU,,2.57,Total,33339.86,Grand Total,51923.57
Hauling Unit,Status Category,Status Code,Sub-Status Code,Duration(Hours),KOMATSU HD785-7,RD239,Net Operating,N06 - Queue At LU,,11.78,Total,33339.86,Grand Total,51923.57
Hauling Unit,Status Category,Status Code,Sub-Status Code,Duration(Hours),KOMATSU HD785-7,RD239,Net Operating,N07 - Dumping,,2.41,Total,33339.86,Grand Total,51923.57
Hauling Unit,Status Category,Status Code,Sub-Status Code,Duration(Hours),KOMATSU HD785-7,RD239,Net Operating,N09 - General Production,,0.00,Total,33339.86,Grand Total,51923.57
Hauling Unit,Status Category,Status Code,Sub-Status Code,Duration(Hours),KOMATSU HD785-7,RD239,Standby,S03 - Schedule No Work,,7.53,Total,33339.86,Grand Total,51923.57
Hauling Unit,Status Category,Status Code,Sub-Status Code,Duration(Hours),KOMATSU HD785-7,RD239,Standby,S23 - Released from Maintanence,,0.01,Total,33339.86,Grand Total,51923.57
Hauling Unit,Status Category,Status Code,Sub-Status Code,Duration(Hours),KOMATSU HD785-7,RD-240,Delay,S10 - Change Operators,,10.31,Total,33339.86,Grand Total,51923.57
Hauling Unit,Status Category,Status Code,Sub-Status Code,Duration(Hours),KOMATSU HD785-7,RD-240,Delay,S19 - Tea/ Breakfast / Snacks,,31.31,Total,33339.86,Grand Total,51923.57
Hauling Unit,Status Category,Status Code,Sub-Status Code,Duration(Hours),KOMATSU HD785-7,RD-240,Delay,S20 - Shift Change,,115.71,Total,33339.86,Grand Total,51923.57
Hauling Unit,Status Category,Status Code,Sub-Status Code,Duration(Hours),KOMATSU HD785-7,RD-240,Delay,S25 - Toilet Break,,1.08,Total,33339.86,Grand Total,51923.57
Hauling Unit,Status Category,Status Code,Sub-Status Code,Duration(Hours),KOMATSU HD785-7,RD-240,Delay,S31 - Fuel Filling,,0.42,Total,33339.86,Grand Total,51923.57
Hauling Unit,Status Category,Status Code,Sub-Status Code,Duration(Hours),KOMATSU HD785-7,RD-240,Down,O01 -  Down,,66.92,Total,33339.86,Grand Total,51923.57
Hauling Unit,Status Category,Status Code,Sub-Status Code,Duration(Hours),KOMATSU HD785-7,RD-240,Down,O03 - Daily Service,,27.67,Total,33339.86,Grand Total,51923.57
Hauling Unit,Status Category,Status Code,Sub-Status Code,Duration(Hours),KOMATSU HD785-7,RD-240,Net Operating,N00 - Wait At Dump,,10.42,Total,33339.86,Grand Total,51923.57
Hauling Unit,Status Category,Status Code,Sub-Status Code,Duration(Hours),KOMATSU HD785-7,RD-240,Net Operating,N01 - Truck Loading,,68.51,Total,33339.86,Grand Total,51923.57
Hauling Unit,Status Category,Status Code,Sub-Status Code,Duration(Hours),KOMATSU HD785-7,RD-240,Net Operating,N02 - Wait At LU,,0.00,Total,33339.86,Grand Total,51923.57
Hauling Unit,Status Category,Status Code,Sub-Status Code,Duration(Hours),KOMATSU HD785-7,RD-240,Net Operating,N03 - Empty,,158.66,Total,33339.86,Grand Total,51923.57
Hauling Unit,Status Category,Status Code,Sub-Status Code,Duration(Hours),KOMATSU HD785-7,RD-240,Net Operating,N03 - Empty,N031 - Empty Stopped,98.38,Total,33339.86,Grand Total,51923.57
Hauling Unit,Status Category,Status Code,Sub-Status Code,Duration(Hours),KOMATSU HD785-7,RD-240,Net Operating,N04 - Hauling,,108.76,Total,33339.86,Grand Total,51923.57
Hauling Unit,Status Category,Status Code,Sub-Status Code,Duration(Hours),KOMATSU HD785-7,RD-240,Net Operating,N04 - Hauling,N041 - Hauling Stopped,12.94,Total,33339.86,Grand Total,51923.57
Hauling Unit,Status Category,Status Code,Sub-Status Code,Duration(Hours),KOMATSU HD785-7,RD-240,Net Operating,N05 - Spot at LU,,3.64,Total,33339.86,Grand Total,51923.57
Hauling Unit,Status Category,Status Code,Sub-Status Code,Duration(Hours),KOMATSU HD785-7,RD-240,Net Operating,N06 - Queue At LU,,19.59,Total,33339.86,Grand Total,51923.57
Hauling Unit,Status Category,Status Code,Sub-Status Code,Duration(Hours),KOMATSU HD785-7,RD-240,Net Operating,N07 - Dumping,,3.08,Total,33339.86,Grand Total,51923.57
Hauling Unit,Status Category,Status Code,Sub-Status Code,Duration(Hours),KOMATSU HD785-7,RD-240,Standby,S03 - Schedule No Work,,5.39,Total,33339.86,Grand Total,51923.57
Hauling Unit,Status Category,Status Code,Sub-Status Code,Duration(Hours),KOMATSU HD785-7,RD-241,Delay,S10 - Change Operators,,10.41,Total,33339.86,Grand Total,51923.57
Hauling Unit,Status Category,Status Code,Sub-Status Code,Duration(Hours),KOMATSU HD785-7,RD-241,Delay,S19 - Tea/ Breakfast / Snacks,,29.94,Total,33339.86,Grand Total,51923.57
Hauling Unit,Status Category,Status Code,Sub-Status Code,Duration(Hours),KOMATSU HD785-7,RD-241,Delay,S20 - Shift Change,,120.62,Total,33339.86,Grand Total,51923.57
Hauling Unit,Status Category,Status Code,Sub-Status Code,Duration(Hours),KOMATSU HD785-7,RD-241,Delay,S25 - Toilet Break,,0.12,Total,33339.86,Grand Total,51923.57
Hauling Unit,Status Category,Status Code,Sub-Status Code,Duration(Hours),KOMATSU HD785-7,RD-241,Delay,S31 - Fuel Filling,,0.38,Total,33339.86,Grand Total,51923.57
Hauling Unit,Status Category,Status Code,Sub-Status Code,Duration(Hours),KOMATSU HD785-7,RD-241,Down,O01 -  Down,,43.29,Total,33339.86,Grand Total,51923.57
Hauling Unit,Status Category,Status Code,Sub-Status Code,Duration(Hours),KOMATSU HD785-7,RD-241,Down,O03 - Daily Service,,27.90,Total,33339.86,Grand Total,51923.57
Hauling Unit,Status Category,Status Code,Sub-Status Code,Duration(Hours),KOMATSU HD785-7,RD-241,Net Operating,N00 - Wait At Dump,,19.51,Total,33339.86,Grand Total,51923.57
Hauling Unit,Status Category,Status Code,Sub-Status Code,Duration(Hours),KOMATSU HD785-7,RD-241,Net Operating,N01 - Truck Loading,,67.33,Total,33339.86,Grand Total,51923.57
Hauling Unit,Status Category,Status Code,Sub-Status Code,Duration(Hours),KOMATSU HD785-7,RD-241,Net Operating,N03 - Empty,,171.89,Total,33339.86,Grand Total,51923.57
Hauling Unit,Status Category,Status Code,Sub-Status Code,Duration(Hours),KOMATSU HD785-7,RD-241,Net Operating,N03 - Empty,N031 - Empty Stopped,95.58,Total,33339.86,Grand Total,51923.57
Hauling Unit,Status Category,Status Code,Sub-Status Code,Duration(Hours),KOMATSU HD785-7,RD-241,Net Operating,N04 - Hauling,,116.25,Total,33339.86,Grand Total,51923.57
Hauling Unit,Status Category,Status Code,Sub-Status Code,Duration(Hours),KOMATSU HD785-7,RD-241,Net Operating,N04 - Hauling,N041 - Hauling Stopped,9.48,Total,33339.86,Grand Total,51923.57
Hauling Unit,Status Category,Status Code,Sub-Status Code,Duration(Hours),KOMATSU HD785-7,RD-241,Net Operating,N05 - Spot at LU,,3.14,Total,33339.86,Grand Total,51923.57
Hauling Unit,Status Category,Status Code,Sub-Status Code,Duration(Hours),KOMATSU HD785-7,RD-241,Net Operating,N06 - Queue At LU,,16.11,Total,33339.86,Grand Total,51923.57
Hauling Unit,Status Category,Status Code,Sub-Status Code,Duration(Hours),KOMATSU HD785-7,RD-241,Net Operating,N07 - Dumping,,5.29,Total,33339.86,Grand Total,51923.57
Hauling Unit,Status Category,Status Code,Sub-Status Code,Duration(Hours),KOMATSU HD785-7,RD-241,Standby,S03 - Schedule No Work,,5.16,Total,33339.86,Grand Total,51923.57
Hauling Unit,Status Category,Status Code,Sub-Status Code,Duration(Hours),KOMATSU HD785-7,RD-242,Delay,S10 - Change Operators,,9.33,Total,33339.86,Grand Total,51923.57
Hauling Unit,Status Category,Status Code,Sub-Status Code,Duration(Hours),KOMATSU HD785-7,RD-242,Delay,S19 - Tea/ Breakfast / Snacks,,26.19,Total,33339.86,Grand Total,51923.57
Hauling Unit,Status Category,Status Code,Sub-Status Code,Duration(Hours),KOMATSU HD785-7,RD-242,Delay,S20 - Shift Change,,108.62,Total,33339.86,Grand Total,51923.57
Hauling Unit,Status Category,Status Code,Sub-Status Code,Duration(Hours),KOMATSU HD785-7,RD-242,Delay,S25 - Toilet Break,,0.14,Total,33339.86,Grand Total,51923.57
Hauling Unit,Status Category,Status Code,Sub-Status Code,Duration(Hours),KOMATSU HD785-7,RD-242,Delay,S31 - Fuel Filling,,1.01,Total,33339.86,Grand Total,51923.57
Hauling Unit,Status Category,Status Code,Sub-Status Code,Duration(Hours),KOMATSU HD785-7,RD-242,Down,O01 -  Down,,79.23,Total,33339.86,Grand Total,51923.57
Hauling Unit,Status Category,Status Code,Sub-Status Code,Duration(Hours),KOMATSU HD785-7,RD-242,Down,O03 - Daily Service,,40.20,Total,33339.86,Grand Total,51923.57
Hauling Unit,Status Category,Status Code,Sub-Status Code,Duration(Hours),KOMATSU HD785-7,RD-242,Net Operating,N00 - Wait At Dump,,17.83,Total,33339.86,Grand Total,51923.57
Hauling Unit,Status Category,Status Code,Sub-Status Code,Duration(Hours),KOMATSU HD785-7,RD-242,Net Operating,N01 - Truck Loading,,62.77,Total,33339.86,Grand Total,51923.57
Hauling Unit,Status Category,Status Code,Sub-Status Code,Duration(Hours),KOMATSU HD785-7,RD-242,Net Operating,N03 - Empty,,165.68,Total,33339.86,Grand Total,51923.57
Hauling Unit,Status Category,Status Code,Sub-Status Code,Duration(Hours),KOMATSU HD785-7,RD-242,Net Operating,N03 - Empty,N031 - Empty Stopped,80.76,Total,33339.86,Grand Total,51923.57
Hauling Unit,Status Category,Status Code,Sub-Status Code,Duration(Hours),KOMATSU HD785-7,RD-242,Net Operating,N04 - Hauling,,106.15,Total,33339.86,Grand Total,51923.57
Hauling Unit,Status Category,Status Code,Sub-Status Code,Duration(Hours),KOMATSU HD785-7,RD-242,Net Operating,N04 - Hauling,N041 - Hauling Stopped,6.40,Total,33339.86,Grand Total,51923.57
Hauling Unit,Status Category,Status Code,Sub-Status Code,Duration(Hours),KOMATSU HD785-7,RD-242,Net Operating,N05 - Spot at LU,,2.73,Total,33339.86,Grand Total,51923.57
Hauling Unit,Status Category,Status Code,Sub-Status Code,Duration(Hours),KOMATSU HD785-7,RD-242,Net Operating,N06 - Queue At LU,,17.54,Total,33339.86,Grand Total,51923.57
Hauling Unit,Status Category,Status Code,Sub-Status Code,Duration(Hours),KOMATSU HD785-7,RD-242,Net Operating,N07 - Dumping,,2.21,Total,33339.86,Grand Total,51923.57
Hauling Unit,Status Category,Status Code,Sub-Status Code,Duration(Hours),KOMATSU HD785-7,RD-242,Net Operating,N09 - General Production,,0.00,Total,33339.86,Grand Total,51923.57
Hauling Unit,Status Category,Status Code,Sub-Status Code,Duration(Hours),KOMATSU HD785-7,RD-242,Standby,S03 - Schedule No Work,,12.57,Total,33339.86,Grand Total,51923.57
Hauling Unit,Status Category,Status Code,Sub-Status Code,Duration(Hours),KOMATSU HD785-7,RD-242,Standby,S04 - Unscheduled No Work,,0.67,Total,33339.86,Grand Total,51923.57
Hauling Unit,Status Category,Status Code,Sub-Status Code,Duration(Hours),KOMATSU HD785-7,RD-243,Delay,D03 - Delay At Hopper,,0.86,Total,33339.86,Grand Total,51923.57
Hauling Unit,Status Category,Status Code,Sub-Status Code,Duration(Hours),KOMATSU HD785-7,RD-243,Delay,S10 - Change Operators,,10.35,Total,33339.86,Grand Total,51923.57
Hauling Unit,Status Category,Status Code,Sub-Status Code,Duration(Hours),KOMATSU HD785-7,RD-243,Delay,S19 - Tea/ Breakfast / Snacks,,30.32,Total,33339.86,Grand Total,51923.57
Hauling Unit,Status Category,Status Code,Sub-Status Code,Duration(Hours),KOMATSU HD785-7,RD-243,Delay,S20 - Shift Change,,112.66,Total,33339.86,Grand Total,51923.57
Hauling Unit,Status Category,Status Code,Sub-Status Code,Duration(Hours),KOMATSU HD785-7,RD-243,Delay,S25 - Toilet Break,,0.64,Total,33339.86,Grand Total,51923.57
Hauling Unit,Status Category,Status Code,Sub-Status Code,Duration(Hours),KOMATSU HD785-7,RD-243,Delay,S31 - Fuel Filling,,0.69,Total,33339.86,Grand Total,51923.57
Hauling Unit,Status Category,Status Code,Sub-Status Code,Duration(Hours),KOMATSU HD785-7,RD-243,Down,O01 -  Down,,45.73,Total,33339.86,Grand Total,51923.57
Hauling Unit,Status Category,Status Code,Sub-Status Code,Duration(Hours),KOMATSU HD785-7,RD-243,Down,O03 - Daily Service,,32.62,Total,33339.86,Grand Total,51923.57
Hauling Unit,Status Category,Status Code,Sub-Status Code,Duration(Hours),KOMATSU HD785-7,RD-243,Net Operating,N00 - Wait At Dump,,14.83,Total,33339.86,Grand Total,51923.57
Hauling Unit,Status Category,Status Code,Sub-Status Code,Duration(Hours),KOMATSU HD785-7,RD-243,Net Operating,N01 - Truck Loading,,63.18,Total,33339.86,Grand Total,51923.57
Hauling Unit,Status Category,Status Code,Sub-Status Code,Duration(Hours),KOMATSU HD785-7,RD-243,Net Operating,N03 - Empty,,168.54,Total,33339.86,Grand Total,51923.57
Hauling Unit,Status Category,Status Code,Sub-Status Code,Duration(Hours),KOMATSU HD785-7,RD-243,Net Operating,N03 - Empty,N031 - Empty Stopped,96.17,Total,33339.86,Grand Total,51923.57
Hauling Unit,Status Category,Status Code,Sub-Status Code,Duration(Hours),KOMATSU HD785-7,RD-243,Net Operating,N04 - Hauling,,105.89,Total,33339.86,Grand Total,51923.57
Hauling Unit,Status Category,Status Code,Sub-Status Code,Duration(Hours),KOMATSU HD785-7,RD-243,Net Operating,N04 - Hauling,N041 - Hauling Stopped,8.06,Total,33339.86,Grand Total,51923.57
Hauling Unit,Status Category,Status Code,Sub-Status Code,Duration(Hours),KOMATSU HD785-7,RD-243,Net Operating,N05 - Spot at LU,,2.81,Total,33339.86,Grand Total,51923.57
Hauling Unit,Status Category,Status Code,Sub-Status Code,Duration(Hours),KOMATSU HD785-7,RD-243,Net Operating,N06 - Queue At LU,,21.27,Total,33339.86,Grand Total,51923.57
Hauling Unit,Status Category,Status Code,Sub-Status Code,Duration(Hours),KOMATSU HD785-7,RD-243,Net Operating,N07 - Dumping,,2.77,Total,33339.86,Grand Total,51923.57
Hauling Unit,Status Category,Status Code,Sub-Status Code,Duration(Hours),KOMATSU HD785-7,RD-243,Net Operating,N09 - General Production,,0.01,Total,33339.86,Grand Total,51923.57
Hauling Unit,Status Category,Status Code,Sub-Status Code,Duration(Hours),KOMATSU HD785-7,RD-243,Standby,S03 - Schedule No Work,,23.85,Total,33339.86,Grand Total,51923.57
Hauling Unit,Status Category,Status Code,Sub-Status Code,Duration(Hours),KOMATSU HD785-7,RD-243,Standby,S23 - Released from Maintanence,,0.32,Total,33339.86,Grand Total,51923.57
Hauling Unit,Status Category,Status Code,Sub-Status Code,Duration(Hours),KOMATSU HD785-7,RD-244,Delay,S02 - FMS Software Upgrade,,0.38,Total,33339.86,Grand Total,51923.57
Hauling Unit,Status Category,Status Code,Sub-Status Code,Duration(Hours),KOMATSU HD785-7,RD-244,Delay,S10 - Change Operators,,10.72,Total,33339.86,Grand Total,51923.57
Hauling Unit,Status Category,Status Code,Sub-Status Code,Duration(Hours),KOMATSU HD785-7,RD-244,Delay,S19 - Tea/ Breakfast / Snacks,,34.45,Total,33339.86,Grand Total,51923.57
Hauling Unit,Status Category,Status Code,Sub-Status Code,Duration(Hours),KOMATSU HD785-7,RD-244,Delay,S20 - Shift Change,,104.86,Total,33339.86,Grand Total,51923.57
Hauling Unit,Status Category,Status Code,Sub-Status Code,Duration(Hours),KOMATSU HD785-7,RD-244,Delay,S21 - Meeting,,0.00,Total,33339.86,Grand Total,51923.57
Hauling Unit,Status Category,Status Code,Sub-Status Code,Duration(Hours),KOMATSU HD785-7,RD-244,Delay,S25 - Toilet Break,,0.25,Total,33339.86,Grand Total,51923.57
Hauling Unit,Status Category,Status Code,Sub-Status Code,Duration(Hours),KOMATSU HD785-7,RD-244,Delay,S31 - Fuel Filling,,0.25,Total,33339.86,Grand Total,51923.57
Hauling Unit,Status Category,Status Code,Sub-Status Code,Duration(Hours),KOMATSU HD785-7,RD-244,Down,O01 -  Down,,62.58,Total,33339.86,Grand Total,51923.57
Hauling Unit,Status Category,Status Code,Sub-Status Code,Duration(Hours),KOMATSU HD785-7,RD-244,Down,O03 - Daily Service,,34.53,Total,33339.86,Grand Total,51923.57
Hauling Unit,Status Category,Status Code,Sub-Status Code,Duration(Hours),KOMATSU HD785-7,RD-244,Net Operating,N00 - Wait At Dump,,19.33,Total,33339.86,Grand Total,51923.57
Hauling Unit,Status Category,Status Code,Sub-Status Code,Duration(Hours),KOMATSU HD785-7,RD-244,Net Operating,N01 - Truck Loading,,66.68,Total,33339.86,Grand Total,51923.57
Hauling Unit,Status Category,Status Code,Sub-Status Code,Duration(Hours),KOMATSU HD785-7,RD-244,Net Operating,N02 - Wait At LU,,0.01,Total,33339.86,Grand Total,51923.57
Hauling Unit,Status Category,Status Code,Sub-Status Code,Duration(Hours),KOMATSU HD785-7,RD-244,Net Operating,N03 - Empty,,168.09,Total,33339.86,Grand Total,51923.57
Hauling Unit,Status Category,Status Code,Sub-Status Code,Duration(Hours),KOMATSU HD785-7,RD-244,Net Operating,N03 - Empty,N031 - Empty Stopped,90.51,Total,33339.86,Grand Total,51923.57
Hauling Unit,Status Category,Status Code,Sub-Status Code,Duration(Hours),KOMATSU HD785-7,RD-244,Net Operating,N04 - Hauling,,108.47,Total,33339.86,Grand Total,51923.57
Hauling Unit,Status Category,Status Code,Sub-Status Code,Duration(Hours),KOMATSU HD785-7,RD-244,Net Operating,N04 - Hauling,N041 - Hauling Stopped,7.59,Total,33339.86,Grand Total,51923.57
Hauling Unit,Status Category,Status Code,Sub-Status Code,Duration(Hours),KOMATSU HD785-7,RD-244,Net Operating,N05 - Spot at LU,,2.72,Total,33339.86,Grand Total,51923.57
Hauling Unit,Status Category,Status Code,Sub-Status Code,Duration(Hours),KOMATSU HD785-7,RD-244,Net Operating,N06 - Queue At LU,,16.23,Total,33339.86,Grand Total,51923.57
Hauling Unit,Status Category,Status Code,Sub-Status Code,Duration(Hours),KOMATSU HD785-7,RD-244,Net Operating,N07 - Dumping,,3.49,Total,33339.86,Grand Total,51923.57
Hauling Unit,Status Category,Status Code,Sub-Status Code,Duration(Hours),KOMATSU HD785-7,RD-244,Standby,S03 - Schedule No Work,,9.63,Total,33339.86,Grand Total,51923.57
Hauling Unit,Status Category,Status Code,Sub-Status Code,Duration(Hours),KOMATSU HD785-7,RD-245,Delay,D03 - Delay At Hopper,,0.89,Total,33339.86,Grand Total,51923.57
Hauling Unit,Status Category,Status Code,Sub-Status Code,Duration(Hours),KOMATSU HD785-7,RD-245,Delay,S10 - Change Operators,,10.89,Total,33339.86,Grand Total,51923.57
Hauling Unit,Status Category,Status Code,Sub-Status Code,Duration(Hours),KOMATSU HD785-7,RD-245,Delay,S16 - Pit Closed,,0.00,Total,33339.86,Grand Total,51923.57
Hauling Unit,Status Category,Status Code,Sub-Status Code,Duration(Hours),KOMATSU HD785-7,RD-245,Delay,S19 - Tea/ Breakfast / Snacks,,26.63,Total,33339.86,Grand Total,51923.57
Hauling Unit,Status Category,Status Code,Sub-Status Code,Duration(Hours),KOMATSU HD785-7,RD-245,Delay,S20 - Shift Change,,110.73,Total,33339.86,Grand Total,51923.57
Hauling Unit,Status Category,Status Code,Sub-Status Code,Duration(Hours),KOMATSU HD785-7,RD-245,Delay,S25 - Toilet Break,,0.70,Total,33339.86,Grand Total,51923.57
Hauling Unit,Status Category,Status Code,Sub-Status Code,Duration(Hours),KOMATSU HD785-7,RD-245,Delay,S31 - Fuel Filling,,1.28,Total,33339.86,Grand Total,51923.57
Hauling Unit,Status Category,Status Code,Sub-Status Code,Duration(Hours),KOMATSU HD785-7,RD-245,Down,O01 -  Down,,47.40,Total,33339.86,Grand Total,51923.57
Hauling Unit,Status Category,Status Code,Sub-Status Code,Duration(Hours),KOMATSU HD785-7,RD-245,Down,O03 - Daily Service,,34.32,Total,33339.86,Grand Total,51923.57
Hauling Unit,Status Category,Status Code,Sub-Status Code,Duration(Hours),KOMATSU HD785-7,RD-245,Net Operating,N00 - Wait At Dump,,19.92,Total,33339.86,Grand Total,51923.57
Hauling Unit,Status Category,Status Code,Sub-Status Code,Duration(Hours),KOMATSU HD785-7,RD-245,Net Operating,N01 - Truck Loading,,67.64,Total,33339.86,Grand Total,51923.57
Hauling Unit,Status Category,Status Code,Sub-Status Code,Duration(Hours),KOMATSU HD785-7,RD-245,Net Operating,N02 - Wait At LU,,0.03,Total,33339.86,Grand Total,51923.57
Hauling Unit,Status Category,Status Code,Sub-Status Code,Duration(Hours),KOMATSU HD785-7,RD-245,Net Operating,N03 - Empty,,173.64,Total,33339.86,Grand Total,51923.57
Hauling Unit,Status Category,Status Code,Sub-Status Code,Duration(Hours),KOMATSU HD785-7,RD-245,Net Operating,N03 - Empty,N031 - Empty Stopped,88.64,Total,33339.86,Grand Total,51923.57
Hauling Unit,Status Category,Status Code,Sub-Status Code,Duration(Hours),KOMATSU HD785-7,RD-245,Net Operating,N04 - Hauling,,118.25,Total,33339.86,Grand Total,51923.57
Hauling Unit,Status Category,Status Code,Sub-Status Code,Duration(Hours),KOMATSU HD785-7,RD-245,Net Operating,N04 - Hauling,N041 - Hauling Stopped,11.36,Total,33339.86,Grand Total,51923.57
Hauling Unit,Status Category,Status Code,Sub-Status Code,Duration(Hours),KOMATSU HD785-7,RD-245,Net Operating,N05 - Spot at LU,,3.08,Total,33339.86,Grand Total,51923.57
Hauling Unit,Status Category,Status Code,Sub-Status Code,Duration(Hours),KOMATSU HD785-7,RD-245,Net Operating,N06 - Queue At LU,,18.12,Total,33339.86,Grand Total,51923.57
Hauling Unit,Status Category,Status Code,Sub-Status Code,Duration(Hours),KOMATSU HD785-7,RD-245,Net Operating,N07 - Dumping,,2.75,Total,33339.86,Grand Total,51923.57
Hauling Unit,Status Category,Status Code,Sub-Status Code,Duration(Hours),KOMATSU HD785-7,RD-245,Standby,S03 - Schedule No Work,,4.12,Total,33339.86,Grand Total,51923.57
Hauling Unit,Status Category,Status Code,Sub-Status Code,Duration(Hours),KOMATSU HD785-7,RD-246,Delay,S10 - Change Operators,,3.73,Total,33339.86,Grand Total,51923.57
Hauling Unit,Status Category,Status Code,Sub-Status Code,Duration(Hours),KOMATSU HD785-7,RD-246,Delay,S19 - Tea/ Breakfast / Snacks,,17.91,Total,33339.86,Grand Total,51923.57
Hauling Unit,Status Category,Status Code,Sub-Status Code,Duration(Hours),KOMATSU HD785-7,RD-246,Delay,S20 - Shift Change,,72.07,Total,33339.86,Grand Total,51923.57
Hauling Unit,Status Category,Status Code,Sub-Status Code,Duration(Hours),KOMATSU HD785-7,RD-246,Delay,S25 - Toilet Break,,0.32,Total,33339.86,Grand Total,51923.57
Hauling Unit,Status Category,Status Code,Sub-Status Code,Duration(Hours),KOMATSU HD785-7,RD-246,Delay,S31 - Fuel Filling,,0.30,Total,33339.86,Grand Total,51923.57
Hauling Unit,Status Category,Status Code,Sub-Status Code,Duration(Hours),KOMATSU HD785-7,RD-246,Down,O01 -  Down,,328.66,Total,33339.86,Grand Total,51923.57
Hauling Unit,Status Category,Status Code,Sub-Status Code,Duration(Hours),KOMATSU HD785-7,RD-246,Down,O03 - Daily Service,,29.04,Total,33339.86,Grand Total,51923.57
Hauling Unit,Status Category,Status Code,Sub-Status Code,Duration(Hours),KOMATSU HD785-7,RD-246,Net Operating,N00 - Wait At Dump,,8.17,Total,33339.86,Grand Total,51923.57
Hauling Unit,Status Category,Status Code,Sub-Status Code,Duration(Hours),KOMATSU HD785-7,RD-246,Net Operating,N01 - Truck Loading,,41.77,Total,33339.86,Grand Total,51923.57
Hauling Unit,Status Category,Status Code,Sub-Status Code,Duration(Hours),KOMATSU HD785-7,RD-246,Net Operating,N02 - Wait At LU,,0.00,Total,33339.86,Grand Total,51923.57
Hauling Unit,Status Category,Status Code,Sub-Status Code,Duration(Hours),KOMATSU HD785-7,RD-246,Net Operating,N03 - Empty,,96.31,Total,33339.86,Grand Total,51923.57
Hauling Unit,Status Category,Status Code,Sub-Status Code,Duration(Hours),KOMATSU HD785-7,RD-246,Net Operating,N03 - Empty,N031 - Empty Stopped,61.92,Total,33339.86,Grand Total,51923.57
Hauling Unit,Status Category,Status Code,Sub-Status Code,Duration(Hours),KOMATSU HD785-7,RD-246,Net Operating,N04 - Hauling,,57.37,Total,33339.86,Grand Total,51923.57
Hauling Unit,Status Category,Status Code,Sub-Status Code,Duration(Hours),KOMATSU HD785-7,RD-246,Net Operating,N04 - Hauling,N041 - Hauling Stopped,3.95,Total,33339.86,Grand Total,51923.57
Hauling Unit,Status Category,Status Code,Sub-Status Code,Duration(Hours),KOMATSU HD785-7,RD-246,Net Operating,N05 - Spot at LU,,1.83,Total,33339.86,Grand Total,51923.57
Hauling Unit,Status Category,Status Code,Sub-Status Code,Duration(Hours),KOMATSU HD785-7,RD-246,Net Operating,N06 - Queue At LU,,11.51,Total,33339.86,Grand Total,51923.57
Hauling Unit,Status Category,Status Code,Sub-Status Code,Duration(Hours),KOMATSU HD785-7,RD-246,Net Operating,N07 - Dumping,,2.19,Total,33339.86,Grand Total,51923.57
Hauling Unit,Status Category,Status Code,Sub-Status Code,Duration(Hours),KOMATSU HD785-7,RD-246,Standby,S03 - Schedule No Work,,5.68,Total,33339.86,Grand Total,51923.57
Hauling Unit,Status Category,Status Code,Sub-Status Code,Duration(Hours),KOMATSU HD785-7,RD-247,Delay,D03 - Delay At Hopper,,1.28,Total,33339.86,Grand Total,51923.57
Hauling Unit,Status Category,Status Code,Sub-Status Code,Duration(Hours),KOMATSU HD785-7,RD-247,Delay,S10 - Change Operators,,5.17,Total,33339.86,Grand Total,51923.57
Hauling Unit,Status Category,Status Code,Sub-Status Code,Duration(Hours),KOMATSU HD785-7,RD-247,Delay,S19 - Tea/ Breakfast / Snacks,,19.51,Total,33339.86,Grand Total,51923.57
Hauling Unit,Status Category,Status Code,Sub-Status Code,Duration(Hours),KOMATSU HD785-7,RD-247,Delay,S20 - Shift Change,,86.29,Total,33339.86,Grand Total,51923.57
Hauling Unit,Status Category,Status Code,Sub-Status Code,Duration(Hours),KOMATSU HD785-7,RD-247,Delay,S25 - Toilet Break,,0.09,Total,33339.86,Grand Total,51923.57
Hauling Unit,Status Category,Status Code,Sub-Status Code,Duration(Hours),KOMATSU HD785-7,RD-247,Delay,S31 - Fuel Filling,,0.14,Total,33339.86,Grand Total,51923.57
Hauling Unit,Status Category,Status Code,Sub-Status Code,Duration(Hours),KOMATSU HD785-7,RD-247,Down,O01 -  Down,,201.31,Total,33339.86,Grand Total,51923.57
Hauling Unit,Status Category,Status Code,Sub-Status Code,Duration(Hours),KOMATSU HD785-7,RD-247,Down,O03 - Daily Service,,19.76,Total,33339.86,Grand Total,51923.57
Hauling Unit,Status Category,Status Code,Sub-Status Code,Duration(Hours),KOMATSU HD785-7,RD-247,Net Operating,N00 - Wait At Dump,,10.45,Total,33339.86,Grand Total,51923.57
Hauling Unit,Status Category,Status Code,Sub-Status Code,Duration(Hours),KOMATSU HD785-7,RD-247,Net Operating,N01 - Truck Loading,,59.92,Total,33339.86,Grand Total,51923.57
Hauling Unit,Status Category,Status Code,Sub-Status Code,Duration(Hours),KOMATSU HD785-7,RD-247,Net Operating,N03 - Empty,,130.14,Total,33339.86,Grand Total,51923.57
Hauling Unit,Status Category,Status Code,Sub-Status Code,Duration(Hours),KOMATSU HD785-7,RD-247,Net Operating,N03 - Empty,N031 - Empty Stopped,81.59,Total,33339.86,Grand Total,51923.57
Hauling Unit,Status Category,Status Code,Sub-Status Code,Duration(Hours),KOMATSU HD785-7,RD-247,Net Operating,N04 - Hauling,,89.91,Total,33339.86,Grand Total,51923.57
Hauling Unit,Status Category,Status Code,Sub-Status Code,Duration(Hours),KOMATSU HD785-7,RD-247,Net Operating,N04 - Hauling,N041 - Hauling Stopped,9.95,Total,33339.86,Grand Total,51923.57
Hauling Unit,Status Category,Status Code,Sub-Status Code,Duration(Hours),KOMATSU HD785-7,RD-247,Net Operating,N05 - Spot at LU,,2.50,Total,33339.86,Grand Total,51923.57
Hauling Unit,Status Category,Status Code,Sub-Status Code,Duration(Hours),KOMATSU HD785-7,RD-247,Net Operating,N06 - Queue At LU,,17.08,Total,33339.86,Grand Total,51923.57
Hauling Unit,Status Category,Status Code,Sub-Status Code,Duration(Hours),KOMATSU HD785-7,RD-247,Net Operating,N07 - Dumping,,1.81,Total,33339.86,Grand Total,51923.57
Hauling Unit,Status Category,Status Code,Sub-Status Code,Duration(Hours),KOMATSU HD785-7,RD-247,Standby,S03 - Schedule No Work,,4.30,Total,33339.86,Grand Total,51923.57
Hauling Unit,Status Category,Status Code,Sub-Status Code,Duration(Hours),KOMATSU HD785-7,RD-248,Delay,S10 - Change Operators,,10.82,Total,33339.86,Grand Total,51923.57
Hauling Unit,Status Category,Status Code,Sub-Status Code,Duration(Hours),KOMATSU HD785-7,RD-248,Delay,S19 - Tea/ Breakfast / Snacks,,25.27,Total,33339.86,Grand Total,51923.57
Hauling Unit,Status Category,Status Code,Sub-Status Code,Duration(Hours),KOMATSU HD785-7,RD-248,Delay,S20 - Shift Change,,107.70,Total,33339.86,Grand Total,51923.57
Hauling Unit,Status Category,Status Code,Sub-Status Code,Duration(Hours),KOMATSU HD785-7,RD-248,Delay,S25 - Toilet Break,,0.58,Total,33339.86,Grand Total,51923.57
Hauling Unit,Status Category,Status Code,Sub-Status Code,Duration(Hours),KOMATSU HD785-7,RD-248,Delay,S31 - Fuel Filling,,0.28,Total,33339.86,Grand Total,51923.57
Hauling Unit,Status Category,Status Code,Sub-Status Code,Duration(Hours),KOMATSU HD785-7,RD-248,Down,O01 -  Down,,48.63,Total,33339.86,Grand Total,51923.57
Hauling Unit,Status Category,Status Code,Sub-Status Code,Duration(Hours),KOMATSU HD785-7,RD-248,Down,O03 - Daily Service,,37.68,Total,33339.86,Grand Total,51923.57
Hauling Unit,Status Category,Status Code,Sub-Status Code,Duration(Hours),KOMATSU HD785-7,RD-248,Net Operating,N00 - Wait At Dump,,14.47,Total,33339.86,Grand Total,51923.57
Hauling Unit,Status Category,Status Code,Sub-Status Code,Duration(Hours),KOMATSU HD785-7,RD-248,Net Operating,N01 - Truck Loading,,69.79,Total,33339.86,Grand Total,51923.57
Hauling Unit,Status Category,Status Code,Sub-Status Code,Duration(Hours),KOMATSU HD785-7,RD-248,Net Operating,N02 - Wait At LU,,0.06,Total,33339.86,Grand Total,51923.57
Hauling Unit,Status Category,Status Code,Sub-Status Code,Duration(Hours),KOMATSU HD785-7,RD-248,Net Operating,N03 - Empty,,170.83,Total,33339.86,Grand Total,51923.57
Hauling Unit,Status Category,Status Code,Sub-Status Code,Duration(Hours),KOMATSU HD785-7,RD-248,Net Operating,N03 - Empty,N031 - Empty Stopped,101.49,Total,33339.86,Grand Total,51923.57
Hauling Unit,Status Category,Status Code,Sub-Status Code,Duration(Hours),KOMATSU HD785-7,RD-248,Net Operating,N04 - Hauling,,112.65,Total,33339.86,Grand Total,51923.57
Hauling Unit,Status Category,Status Code,Sub-Status Code,Duration(Hours),KOMATSU HD785-7,RD-248,Net Operating,N04 - Hauling,N041 - Hauling Stopped,8.02,Total,33339.86,Grand Total,51923.57
Hauling Unit,Status Category,Status Code,Sub-Status Code,Duration(Hours),KOMATSU HD785-7,RD-248,Net Operating,N05 - Spot at LU,,3.15,Total,33339.86,Grand Total,51923.57
Hauling Unit,Status Category,Status Code,Sub-Status Code,Duration(Hours),KOMATSU HD785-7,RD-248,Net Operating,N06 - Queue At LU,,20.82,Total,33339.86,Grand Total,51923.57
Hauling Unit,Status Category,Status Code,Sub-Status Code,Duration(Hours),KOMATSU HD785-7,RD-248,Net Operating,N07 - Dumping,,1.85,Total,33339.86,Grand Total,51923.57
Hauling Unit,Status Category,Status Code,Sub-Status Code,Duration(Hours),KOMATSU HD785-7,RD-248,Standby,S03 - Schedule No Work,,2.27,Total,33339.86,Grand Total,51923.57
Hauling Unit,Status Category,Status Code,Sub-Status Code,Duration(Hours),KOMATSU HD785-7,RD-248,Standby,S23 - Released from Maintanence,,0.01,Total,33339.86,Grand Total,51923.57
Hauling Unit,Status Category,Status Code,Sub-Status Code,Duration(Hours),KOMATSU HD785-7,RD-249,Delay,S10 - Change Operators,,6.48,Total,33339.86,Grand Total,51923.57
Hauling Unit,Status Category,Status Code,Sub-Status Code,Duration(Hours),KOMATSU HD785-7,RD-249,Delay,S19 - Tea/ Breakfast / Snacks,,25.50,Total,33339.86,Grand Total,51923.57
Hauling Unit,Status Category,Status Code,Sub-Status Code,Duration(Hours),KOMATSU HD785-7,RD-249,Delay,S20 - Shift Change,,95.40,Total,33339.86,Grand Total,51923.57
Hauling Unit,Status Category,Status Code,Sub-Status Code,Duration(Hours),KOMATSU HD785-7,RD-249,Delay,S25 - Toilet Break,,0.14,Total,33339.86,Grand Total,51923.57
Hauling Unit,Status Category,Status Code,Sub-Status Code,Duration(Hours),KOMATSU HD785-7,RD-249,Delay,S31 - Fuel Filling,,0.32,Total,33339.86,Grand Total,51923.57
Hauling Unit,Status Category,Status Code,Sub-Status Code,Duration(Hours),KOMATSU HD785-7,RD-249,Down,O01 -  Down,,150.84,Total,33339.86,Grand Total,51923.57
Hauling Unit,Status Category,Status Code,Sub-Status Code,Duration(Hours),KOMATSU HD785-7,RD-249,Down,O03 - Daily Service,,42.76,Total,33339.86,Grand Total,51923.57
Hauling Unit,Status Category,Status Code,Sub-Status Code,Duration(Hours),KOMATSU HD785-7,RD-249,Net Operating,N00 - Wait At Dump,,15.03,Total,33339.86,Grand Total,51923.57
Hauling Unit,Status Category,Status Code,Sub-Status Code,Duration(Hours),KOMATSU HD785-7,RD-249,Net Operating,N01 - Truck Loading,,59.64,Total,33339.86,Grand Total,51923.57
Hauling Unit,Status Category,Status Code,Sub-Status Code,Duration(Hours),KOMATSU HD785-7,RD-249,Net Operating,N02 - Wait At LU,,0.00,Total,33339.86,Grand Total,51923.57
Hauling Unit,Status Category,Status Code,Sub-Status Code,Duration(Hours),KOMATSU HD785-7,RD-249,Net Operating,N03 - Empty,,145.88,Total,33339.86,Grand Total,51923.57
Hauling Unit,Status Category,Status Code,Sub-Status Code,Duration(Hours),KOMATSU HD785-7,RD-249,Net Operating,N03 - Empty,N031 - Empty Stopped,77.31,Total,33339.86,Grand Total,51923.57
Hauling Unit,Status Category,Status Code,Sub-Status Code,Duration(Hours),KOMATSU HD785-7,RD-249,Net Operating,N04 - Hauling,,94.88,Total,33339.86,Grand Total,51923.57
Hauling Unit,Status Category,Status Code,Sub-Status Code,Duration(Hours),KOMATSU HD785-7,RD-249,Net Operating,N04 - Hauling,N041 - Hauling Stopped,5.83,Total,33339.86,Grand Total,51923.57
Hauling Unit,Status Category,Status Code,Sub-Status Code,Duration(Hours),KOMATSU HD785-7,RD-249,Net Operating,N05 - Spot at LU,,2.18,Total,33339.86,Grand Total,51923.57
Hauling Unit,Status Category,Status Code,Sub-Status Code,Duration(Hours),KOMATSU HD785-7,RD-249,Net Operating,N06 - Queue At LU,,13.58,Total,33339.86,Grand Total,51923.57
Hauling Unit,Status Category,Status Code,Sub-Status Code,Duration(Hours),KOMATSU HD785-7,RD-249,Net Operating,N07 - Dumping,,2.61,Total,33339.86,Grand Total,51923.57
Hauling Unit,Status Category,Status Code,Sub-Status Code,Duration(Hours),KOMATSU HD785-7,RD-249,Standby,S03 - Schedule No Work,,3.35,Total,33339.86,Grand Total,51923.57
Hauling Unit,Status Category,Status Code,Sub-Status Code,Duration(Hours),KOMATSU HD785-7,RD-250,Delay,D03 - Delay At Hopper,,0.69,Total,33339.86,Grand Total,51923.57
Hauling Unit,Status Category,Status Code,Sub-Status Code,Duration(Hours),KOMATSU HD785-7,RD-250,Delay,S10 - Change Operators,,5.92,Total,33339.86,Grand Total,51923.57
Hauling Unit,Status Category,Status Code,Sub-Status Code,Duration(Hours),KOMATSU HD785-7,RD-250,Delay,S19 - Tea/ Breakfast / Snacks,,23.80,Total,33339.86,Grand Total,51923.57
Hauling Unit,Status Category,Status Code,Sub-Status Code,Duration(Hours),KOMATSU HD785-7,RD-250,Delay,S20 - Shift Change,,88.64,Total,33339.86,Grand Total,51923.57
Hauling Unit,Status Category,Status Code,Sub-Status Code,Duration(Hours),KOMATSU HD785-7,RD-250,Delay,S25 - Toilet Break,,0.17,Total,33339.86,Grand Total,51923.57
Hauling Unit,Status Category,Status Code,Sub-Status Code,Duration(Hours),KOMATSU HD785-7,RD-250,Delay,S31 - Fuel Filling,,0.11,Total,33339.86,Grand Total,51923.57
Hauling Unit,Status Category,Status Code,Sub-Status Code,Duration(Hours),KOMATSU HD785-7,RD-250,Down,O01 -  Down,,182.43,Total,33339.86,Grand Total,51923.57
Hauling Unit,Status Category,Status Code,Sub-Status Code,Duration(Hours),KOMATSU HD785-7,RD-250,Down,O03 - Daily Service,,30.77,Total,33339.86,Grand Total,51923.57
Hauling Unit,Status Category,Status Code,Sub-Status Code,Duration(Hours),KOMATSU HD785-7,RD-250,Net Operating,N00 - Wait At Dump,,11.18,Total,33339.86,Grand Total,51923.57
Hauling Unit,Status Category,Status Code,Sub-Status Code,Duration(Hours),KOMATSU HD785-7,RD-250,Net Operating,N01 - Truck Loading,,55.55,Total,33339.86,Grand Total,51923.57
Hauling Unit,Status Category,Status Code,Sub-Status Code,Duration(Hours),KOMATSU HD785-7,RD-250,Net Operating,N03 - Empty,,139.47,Total,33339.86,Grand Total,51923.57
Hauling Unit,Status Category,Status Code,Sub-Status Code,Duration(Hours),KOMATSU HD785-7,RD-250,Net Operating,N03 - Empty,N031 - Empty Stopped,83.74,Total,33339.86,Grand Total,51923.57
Hauling Unit,Status Category,Status Code,Sub-Status Code,Duration(Hours),KOMATSU HD785-7,RD-250,Net Operating,N04 - Hauling,,86.38,Total,33339.86,Grand Total,51923.57
Hauling Unit,Status Category,Status Code,Sub-Status Code,Duration(Hours),KOMATSU HD785-7,RD-250,Net Operating,N04 - Hauling,N041 - Hauling Stopped,8.38,Total,33339.86,Grand Total,51923.57
Hauling Unit,Status Category,Status Code,Sub-Status Code,Duration(Hours),KOMATSU HD785-7,RD-250,Net Operating,N05 - Spot at LU,,2.41,Total,33339.86,Grand Total,51923.57
Hauling Unit,Status Category,Status Code,Sub-Status Code,Duration(Hours),KOMATSU HD785-7,RD-250,Net Operating,N06 - Queue At LU,,16.66,Total,33339.86,Grand Total,51923.57
Hauling Unit,Status Category,Status Code,Sub-Status Code,Duration(Hours),KOMATSU HD785-7,RD-250,Net Operating,N07 - Dumping,,2.53,Total,33339.86,Grand Total,51923.57
Hauling Unit,Status Category,Status Code,Sub-Status Code,Duration(Hours),KOMATSU HD785-7,RD-250,Net Operating,N09 - General Production,,0.00,Total,33339.86,Grand Total,51923.57
Hauling Unit,Status Category,Status Code,Sub-Status Code,Duration(Hours),KOMATSU HD785-7,RD-250,Standby,S03 - Schedule No Work,,3.31,Total,33339.86,Grand Total,51923.57
Hauling Unit,Status Category,Status Code,Sub-Status Code,Duration(Hours),KOMATSU HD785-7,RD-251,Delay,S10 - Change Operators,,6.91,Total,33339.86,Grand Total,51923.57
Hauling Unit,Status Category,Status Code,Sub-Status Code,Duration(Hours),KOMATSU HD785-7,RD-251,Delay,S19 - Tea/ Breakfast / Snacks,,34.66,Total,33339.86,Grand Total,51923.57
Hauling Unit,Status Category,Status Code,Sub-Status Code,Duration(Hours),KOMATSU HD785-7,RD-251,Delay,S20 - Shift Change,,121.43,Total,33339.86,Grand Total,51923.57
Hauling Unit,Status Category,Status Code,Sub-Status Code,Duration(Hours),KOMATSU HD785-7,RD-251,Delay,S25 - Toilet Break,,0.32,Total,33339.86,Grand Total,51923.57
Hauling Unit,Status Category,Status Code,Sub-Status Code,Duration(Hours),KOMATSU HD785-7,RD-251,Delay,S31 - Fuel Filling,,1.01,Total,33339.86,Grand Total,51923.57
Hauling Unit,Status Category,Status Code,Sub-Status Code,Duration(Hours),KOMATSU HD785-7,RD-251,Down,O01 -  Down,,34.54,Total,33339.86,Grand Total,51923.57
Hauling Unit,Status Category,Status Code,Sub-Status Code,Duration(Hours),KOMATSU HD785-7,RD-251,Down,O03 - Daily Service,,54.10,Total,33339.86,Grand Total,51923.57
Hauling Unit,Status Category,Status Code,Sub-Status Code,Duration(Hours),KOMATSU HD785-7,RD-251,Net Operating,N00 - Wait At Dump,,15.43,Total,33339.86,Grand Total,51923.57
Hauling Unit,Status Category,Status Code,Sub-Status Code,Duration(Hours),KOMATSU HD785-7,RD-251,Net Operating,N01 - Truck Loading,,63.19,Total,33339.86,Grand Total,51923.57
Hauling Unit,Status Category,Status Code,Sub-Status Code,Duration(Hours),KOMATSU HD785-7,RD-251,Net Operating,N02 - Wait At LU,,0.15,Total,33339.86,Grand Total,51923.57
Hauling Unit,Status Category,Status Code,Sub-Status Code,Duration(Hours),KOMATSU HD785-7,RD-251,Net Operating,N03 - Empty,,188.66,Total,33339.86,Grand Total,51923.57
Hauling Unit,Status Category,Status Code,Sub-Status Code,Duration(Hours),KOMATSU HD785-7,RD-251,Net Operating,N03 - Empty,N031 - Empty Stopped,70.60,Total,33339.86,Grand Total,51923.57
Hauling Unit,Status Category,Status Code,Sub-Status Code,Duration(Hours),KOMATSU HD785-7,RD-251,Net Operating,N04 - Hauling,,111.80,Total,33339.86,Grand Total,51923.57
Hauling Unit,Status Category,Status Code,Sub-Status Code,Duration(Hours),KOMATSU HD785-7,RD-251,Net Operating,N04 - Hauling,N041 - Hauling Stopped,8.99,Total,33339.86,Grand Total,51923.57
Hauling Unit,Status Category,Status Code,Sub-Status Code,Duration(Hours),KOMATSU HD785-7,RD-251,Net Operating,N05 - Spot at LU,,2.23,Total,33339.86,Grand Total,51923.57
Hauling Unit,Status Category,Status Code,Sub-Status Code,Duration(Hours),KOMATSU HD785-7,RD-251,Net Operating,N06 - Queue At LU,,16.35,Total,33339.86,Grand Total,51923.57
Hauling Unit,Status Category,Status Code,Sub-Status Code,Duration(Hours),KOMATSU HD785-7,RD-251,Net Operating,N07 - Dumping,,4.77,Total,33339.86,Grand Total,51923.57
Hauling Unit,Status Category,Status Code,Sub-Status Code,Duration(Hours),KOMATSU HD785-7,RD-251,Standby,S03 - Schedule No Work,,6.61,Total,33339.86,Grand Total,51923.57
Hauling Unit,Status Category,Status Code,Sub-Status Code,Duration(Hours),KOMATSU HD785-7,RD-252,Delay,S01 - Blasting,,0.33,Total,33339.86,Grand Total,51923.57
Hauling Unit,Status Category,Status Code,Sub-Status Code,Duration(Hours),KOMATSU HD785-7,RD-252,Delay,S05 - Stuck in Mud,,0.08,Total,33339.86,Grand Total,51923.57
Hauling Unit,Status Category,Status Code,Sub-Status Code,Duration(Hours),KOMATSU HD785-7,RD-252,Delay,S10 - Change Operators,,9.84,Total,33339.86,Grand Total,51923.57
Hauling Unit,Status Category,Status Code,Sub-Status Code,Duration(Hours),KOMATSU HD785-7,RD-252,Delay,S19 - Tea/ Breakfast / Snacks,,26.27,Total,33339.86,Grand Total,51923.57
Hauling Unit,Status Category,Status Code,Sub-Status Code,Duration(Hours),KOMATSU HD785-7,RD-252,Delay,S20 - Shift Change,,97.35,Total,33339.86,Grand Total,51923.57
Hauling Unit,Status Category,Status Code,Sub-Status Code,Duration(Hours),KOMATSU HD785-7,RD-252,Delay,S25 - Toilet Break,,1.96,Total,33339.86,Grand Total,51923.57
Hauling Unit,Status Category,Status Code,Sub-Status Code,Duration(Hours),KOMATSU HD785-7,RD-252,Delay,S31 - Fuel Filling,,0.83,Total,33339.86,Grand Total,51923.57
Hauling Unit,Status Category,Status Code,Sub-Status Code,Duration(Hours),KOMATSU HD785-7,RD-252,Down,O01 -  Down,,92.50,Total,33339.86,Grand Total,51923.57
Hauling Unit,Status Category,Status Code,Sub-Status Code,Duration(Hours),KOMATSU HD785-7,RD-252,Down,O03 - Daily Service,,52.51,Total,33339.86,Grand Total,51923.57
Hauling Unit,Status Category,Status Code,Sub-Status Code,Duration(Hours),KOMATSU HD785-7,RD-252,Net Operating,N00 - Wait At Dump,,16.25,Total,33339.86,Grand Total,51923.57
Hauling Unit,Status Category,Status Code,Sub-Status Code,Duration(Hours),KOMATSU HD785-7,RD-252,Net Operating,N01 - Truck Loading,,60.21,Total,33339.86,Grand Total,51923.57
Hauling Unit,Status Category,Status Code,Sub-Status Code,Duration(Hours),KOMATSU HD785-7,RD-252,Net Operating,N02 - Wait At LU,,0.09,Total,33339.86,Grand Total,51923.57
Hauling Unit,Status Category,Status Code,Sub-Status Code,Duration(Hours),KOMATSU HD785-7,RD-252,Net Operating,N03 - Empty,,166.05,Total,33339.86,Grand Total,51923.57
Hauling Unit,Status Category,Status Code,Sub-Status Code,Duration(Hours),KOMATSU HD785-7,RD-252,Net Operating,N03 - Empty,N031 - Empty Stopped,79.73,Total,33339.86,Grand Total,51923.57
Hauling Unit,Status Category,Status Code,Sub-Status Code,Duration(Hours),KOMATSU HD785-7,RD-252,Net Operating,N04 - Hauling,,103.25,Total,33339.86,Grand Total,51923.57
Hauling Unit,Status Category,Status Code,Sub-Status Code,Duration(Hours),KOMATSU HD785-7,RD-252,Net Operating,N04 - Hauling,N041 - Hauling Stopped,8.44,Total,33339.86,Grand Total,51923.57
Hauling Unit,Status Category,Status Code,Sub-Status Code,Duration(Hours),KOMATSU HD785-7,RD-252,Net Operating,N05 - Spot at LU,,2.85,Total,33339.86,Grand Total,51923.57
Hauling Unit,Status Category,Status Code,Sub-Status Code,Duration(Hours),KOMATSU HD785-7,RD-252,Net Operating,N06 - Queue At LU,,15.53,Total,33339.86,Grand Total,51923.57
Hauling Unit,Status Category,Status Code,Sub-Status Code,Duration(Hours),KOMATSU HD785-7,RD-252,Net Operating,N07 - Dumping,,1.82,Total,33339.86,Grand Total,51923.57
Hauling Unit,Status Category,Status Code,Sub-Status Code,Duration(Hours),KOMATSU HD785-7,RD-252,Net Operating,N09 - General Production,,0.00,Total,33339.86,Grand Total,51923.57
Hauling Unit,Status Category,Status Code,Sub-Status Code,Duration(Hours),KOMATSU HD785-7,RD-252,Standby,S03 - Schedule No Work,,4.01,Total,33339.86,Grand Total,51923.57
Hauling Unit,Status Category,Status Code,Sub-Status Code,Duration(Hours),KOMATSU HD785-7,RD-253,Delay,D03 - Delay At Hopper,,0.83,Total,33339.86,Grand Total,51923.57
Hauling Unit,Status Category,Status Code,Sub-Status Code,Duration(Hours),KOMATSU HD785-7,RD-253,Delay,S10 - Change Operators,,8.07,Total,33339.86,Grand Total,51923.57
Hauling Unit,Status Category,Status Code,Sub-Status Code,Duration(Hours),KOMATSU HD785-7,RD-253,Delay,S19 - Tea/ Breakfast / Snacks,,27.15,Total,33339.86,Grand Total,51923.57
Hauling Unit,Status Category,Status Code,Sub-Status Code,Duration(Hours),KOMATSU HD785-7,RD-253,Delay,S20 - Shift Change,,93.26,Total,33339.86,Grand Total,51923.57
Hauling Unit,Status Category,Status Code,Sub-Status Code,Duration(Hours),KOMATSU HD785-7,RD-253,Delay,S25 - Toilet Break,,0.34,Total,33339.86,Grand Total,51923.57
Hauling Unit,Status Category,Status Code,Sub-Status Code,Duration(Hours),KOMATSU HD785-7,RD-253,Delay,S31 - Fuel Filling,,0.27,Total,33339.86,Grand Total,51923.57
Hauling Unit,Status Category,Status Code,Sub-Status Code,Duration(Hours),KOMATSU HD785-7,RD-253,Down,O01 -  Down,,111.16,Total,33339.86,Grand Total,51923.57
Hauling Unit,Status Category,Status Code,Sub-Status Code,Duration(Hours),KOMATSU HD785-7,RD-253,Down,O03 - Daily Service,,26.45,Total,33339.86,Grand Total,51923.57
Hauling Unit,Status Category,Status Code,Sub-Status Code,Duration(Hours),KOMATSU HD785-7,RD-253,Net Operating,N00 - Wait At Dump,,16.47,Total,33339.86,Grand Total,51923.57
Hauling Unit,Status Category,Status Code,Sub-Status Code,Duration(Hours),KOMATSU HD785-7,RD-253,Net Operating,N01 - Truck Loading,,62.93,Total,33339.86,Grand Total,51923.57
Hauling Unit,Status Category,Status Code,Sub-Status Code,Duration(Hours),KOMATSU HD785-7,RD-253,Net Operating,N02 - Wait At LU,,0.00,Total,33339.86,Grand Total,51923.57
Hauling Unit,Status Category,Status Code,Sub-Status Code,Duration(Hours),KOMATSU HD785-7,RD-253,Net Operating,N03 - Empty,,158.41,Total,33339.86,Grand Total,51923.57
Hauling Unit,Status Category,Status Code,Sub-Status Code,Duration(Hours),KOMATSU HD785-7,RD-253,Net Operating,N03 - Empty,N031 - Empty Stopped,81.33,Total,33339.86,Grand Total,51923.57
Hauling Unit,Status Category,Status Code,Sub-Status Code,Duration(Hours),KOMATSU HD785-7,RD-253,Net Operating,N04 - Hauling,,108.83,Total,33339.86,Grand Total,51923.57
Hauling Unit,Status Category,Status Code,Sub-Status Code,Duration(Hours),KOMATSU HD785-7,RD-253,Net Operating,N04 - Hauling,N041 - Hauling Stopped,9.41,Total,33339.86,Grand Total,51923.57
Hauling Unit,Status Category,Status Code,Sub-Status Code,Duration(Hours),KOMATSU HD785-7,RD-253,Net Operating,N05 - Spot at LU,,3.80,Total,33339.86,Grand Total,51923.57
Hauling Unit,Status Category,Status Code,Sub-Status Code,Duration(Hours),KOMATSU HD785-7,RD-253,Net Operating,N06 - Queue At LU,,20.67,Total,33339.86,Grand Total,51923.57
Hauling Unit,Status Category,Status Code,Sub-Status Code,Duration(Hours),KOMATSU HD785-7,RD-253,Net Operating,N07 - Dumping,,0.92,Total,33339.86,Grand Total,51923.57
Hauling Unit,Status Category,Status Code,Sub-Status Code,Duration(Hours),KOMATSU HD785-7,RD-253,Net Operating,N09 - General Production,,0.00,Total,33339.86,Grand Total,51923.57
Hauling Unit,Status Category,Status Code,Sub-Status Code,Duration(Hours),KOMATSU HD785-7,RD-253,Standby,S03 - Schedule No Work,,9.27,Total,33339.86,Grand Total,51923.57

