,,,,,,,,,,,,,,,,,,,,,,,,,,,,,,,,,,,,,,
,,,,,,,,,,,,Hauling Unit Summary Report QSE,,,,,,,,,,,,,,,,,,,,,,,,,,
,,,,,,,,,,,,,,,,,,,,,,,,,,,,,,,,,,,,,,
,,,,,,,,,,,,,,,,,,,,,,,,Report Date :-,,,,8/10/2026 11:21:57 AM,,,,,,,,,,
,,,,,,,,,,,,,,,,,,,,,,,,,,,,,,,,,,,,,,
,,,,,,,,,,,,,,,,,,,,,,,,,,,,,,,,,,,,,,
,,,,,,,,,,,,,,,,,,,,,,,,,,,,,,,,,,,,,,
TATA STEEL WEST BOKARO,,,,,,,,,,,,,,,,,,,,,,,,,,,,,,,,,,,,,,
,,,,,,,,,,,,,,,,,,,,,,,,,,,,,,,,,,,,,,
Parameters :,,,,,,,,,,,,,,,,,,,,,,,,,,,,,,,,,,,,,,
,,,,,,,,,,,,,,,,,,,,,,,,,,,,,,,,,,,,,,
,,,,,,,,,,,,,,,,,,,,,,,,,,,,,,,,,,,,,,
,,,,* From Date:,,,,2026-07-21,,,,,,,,,,,,,,,,,,,,,,,,,,,,,,
,,,,,,,,,,,,,,,,,,,,,,,,,,,,,,,,,,,,,,
,,,,* To Date:,,,,2026-07-31,,,,,,,,,,,,,,,,,,,,,,,,,,,,,,
,,,,,,,,,,,,,,,,,,,,,,,,,,,,,,,,,,,,,,
,,,,,,,,,,,,,,,,,,,,,,,,,,,,,,,,,,,,,,
,Trips Summary,,,,,,,,,,,,,,,,,,,,,,,,,,,,,,,,,,,,,
,Equipment No,,,,,,,,Shift Date,,,,,Shift Ident,,,Total Trips,Coal Trips,,Coal Quantity,,,OB Trips,,,OB Quantity,,,,Hauling Unit First Load,,,,,,Hauling Unit Last Load,,
,RD121,,,,,,,,21/07/2026,,,,,1,,,7,7,,347.3,,,0,,,0,,,,7/21/2026 6:56:00 AM,,,,,,7/21/2026 11:23:22 AM,,
,RD141,,,,,,,,21/07/2026,,,,,1,,,8,8,,531.89,,,0,,,0,,,,7/21/2026 7:37:11 AM,,,,,,7/21/2026 1:01:12 PM,,
,RD226,,,,,,,,21/07/2026,,,,,1,,,9,9,,608.7,,,0,,,0,,,,7/21/2026 6:01:15 AM,,,,,,7/21/2026 12:53:48 PM,,
,RD227,,,,,,,,21/07/2026,,,,,1,,,11,11,,737.1,,,0,,,0,,,,7/21/2026 7:26:41 AM,,,,,,7/21/2026 1:51:58 PM,,
,RD228,,,,,,,,21/07/2026,,,,,1,,,14,4,,262.6,,,10,,,350,,,,7/21/2026 6:47:18 AM,,,,,,7/21/2026 1:20:07 PM,,
,RD229,,,,,,,,21/07/2026,,,,,1,,,10,10,,650.3,,,0,,,0,,,,7/21/2026 6:44:07 AM,,,,,,7/21/2026 12:35:14 PM,,
,RD230,,,,,,,,21/07/2026,,,,,1,,,11,0,,0,,,11,,,385,,,,7/21/2026 7:11:32 AM,,,,,,7/21/2026 12:55:03 PM,,
,RD231,,,,,,,,21/07/2026,,,,,1,,,8,8,,518.1,,,0,,,0,,,,7/21/2026 7:33:55 AM,,,,,,7/21/2026 1:12:04 PM,,
,RD232,,,,,,,,21/07/2026,,,,,1,,,8,0,,0,,,8,,,280,,,,7/21/2026 8:15:05 AM,,,,,,7/21/2026 1:23:17 PM,,
,RD233,,,,,,,,21/07/2026,,,,,1,,,19,0,,0,,,19,,,665,,,,7/21/2026 7:02:06 AM,,,,,,7/21/2026 1:19:40 PM,,
,RD234,,,,,,,,21/07/2026,,,,,1,,,9,0,,0,,,9,,,315,,,,7/21/2026 10:02:00 AM,,,,,,7/21/2026 1:07:23 PM,,
,RD235,,,,,,,,21/07/2026,,,,,1,,,16,0,,0,,,16,,,560,,,,7/21/2026 7:56:07 AM,,,,,,7/21/2026 1:04:43 PM,,
,RD236,,,,,,,,21/07/2026,,,,,1,,,7,0,,0,,,7,,,245,,,,7/21/2026 8:22:40 AM,,,,,,7/21/2026 1:14:23 PM,,
,RD237,,,,,,,,21/07/2026,,,,,1,,,5,0,,0,,,5,,,175,,,,7/21/2026 7:34:02 AM,,,,,,7/21/2026 11:01:57 AM,,
,RD238,,,,,,,,21/07/2026,,,,,1,,,14,0,,0,,,14,,,490,,,,7/21/2026 6:54:14 AM,,,,,,7/21/2026 1:00:33 PM,,
,RD240,,,,,,,,21/07/2026,,,,,1,,,20,0,,0,,,20,,,700,,,,7/21/2026 6:59:44 AM,,,,,,7/21/2026 1:00:29 PM,,
,RD241,,,,,,,,21/07/2026,,,,,1,,,10,3,,195.8,,,7,,,245,,,,7/21/2026 6:25:56 AM,,,,,,7/21/2026 1:45:35 PM,,
,RD242,,,,,,,,21/07/2026,,,,,1,,,12,1,,55.3,,,11,,,385,,,,7/21/2026 6:13:25 AM,,,,,,7/21/2026 1:10:53 PM,,
,RD243,,,,,,,,21/07/2026,,,,,1,,,11,0,,0,,,11,,,385,,,,7/21/2026 7:30:54 AM,,,,,,7/21/2026 1:17:10 PM,,
,RD244,,,,,,,,21/07/2026,,,,,1,,,9,0,,0,,,9,,,315,,,,7/21/2026 7:26:53 AM,,,,,,7/21/2026 1:13:23 PM,,
,RD245,,,,,,,,21/07/2026,,,,,1,,,10,10,,618.2,,,0,,,0,,,,7/21/2026 6:08:26 AM,,,,,,7/21/2026 12:41:02 PM,,
,RD246,,,,,,,,21/07/2026,,,,,1,,,12,4,,294.85,,,8,,,280,,,,7/21/2026 7:44:29 AM,,,,,,7/21/2026 1:18:19 PM,,
,RD248,,,,,,,,21/07/2026,,,,,1,,,8,8,,536.9,,,0,,,0,,,,7/21/2026 6:39:36 AM,,,,,,7/21/2026 12:49:11 PM,,
,RD249,,,,,,,,21/07/2026,,,,,1,,,14,9,,607,,,5,,,175,,,,7/21/2026 6:43:57 AM,,,,,,7/21/2026 1:06:08 PM,,
,RD250,,,,,,,,21/07/2026,,,,,1,,,17,0,,0,,,17,,,595,,,,7/21/2026 6:45:54 AM,,,,,,7/21/2026 1:03:36 PM,,
,RD251,,,,,,,,21/07/2026,,,,,1,,,8,4,,283.6,,,4,,,140,,,,7/21/2026 6:51:46 AM,,,,,,7/21/2026 11:20:48 AM,,
,RD252,,,,,,,,21/07/2026,,,,,1,,,11,0,,0,,,11,,,385,,,,7/21/2026 6:54:45 AM,,,,,,7/21/2026 1:01:41 PM,,
,RD253,,,,,,,,21/07/2026,,,,,1,,,14,4,,310.4,,,10,,,350,,,,7/21/2026 6:16:07 AM,,,,,,7/21/2026 1:24:28 PM,,
,RD121,,,,,,,,21/07/2026,,,,,2,,,4,3,,144.34,,,1,,,35,,,,7/21/2026 5:33:18 PM,,,,,,7/21/2026 7:49:16 PM,,
,RD126,,,,,,,,21/07/2026,,,,,2,,,3,3,,210.55,,,0,,,0,,,,7/21/2026 7:02:10 PM,,,,,,7/21/2026 8:49:43 PM,,
,RD132,,,,,,,,21/07/2026,,,,,2,,,8,8,,463.26,,,0,,,0,,,,7/21/2026 2:48:24 PM,,,,,,7/21/2026 4:46:37 PM,,
,RD141,,,,,,,,21/07/2026,,,,,2,,,9,9,,544.03,,,0,,,0,,,,7/21/2026 3:01:58 PM,,,,,,7/21/2026 9:00:35 PM,,
,RD143,,,,,,,,21/07/2026,,,,,2,,,1,1,,47.95,,,0,,,0,,,,7/21/2026 3:25:05 PM,,,,,,7/21/2026 3:25:05 PM,,
,RD226,,,,,,,,21/07/2026,,,,,2,,,9,9,,576.1,,,0,,,0,,,,7/21/2026 3:07:15 PM,,,,,,7/21/2026 8:54:49 PM,,
,RD227,,,,,,,,21/07/2026,,,,,2,,,23,4,,258.95,,,19,,,665,,,,7/21/2026 2:03:34 PM,,,,,,7/21/2026 9:16:47 PM,,
,RD228,,,,,,,,21/07/2026,,,,,2,,,14,0,,0,,,14,,,490,,,,7/21/2026 3:11:41 PM,,,,,,7/21/2026 9:36:55 PM,,
,RD229,,,,,,,,21/07/2026,,,,,2,,,18,0,,0,,,18,,,630,,,,7/21/2026 2:48:07 PM,,,,,,7/21/2026 9:20:46 PM,,
,RD230,,,,,,,,21/07/2026,,,,,2,,,24,0,,0,,,24,,,840,,,,7/21/2026 2:42:52 PM,,,,,,7/21/2026 9:26:05 PM,,
,RD231,,,,,,,,21/07/2026,,,,,2,,,11,1,,68.6,,,10,,,350,,,,7/21/2026 3:05:22 PM,,,,,,7/21/2026 9:25:38 PM,,
,RD232,,,,,,,,21/07/2026,,,,,2,,,19,1,,64.3,,,18,,,630,,,,7/21/2026 3:56:25 PM,,,,,,7/21/2026 9:50:01 PM,,
,RD233,,,,,,,,21/07/2026,,,,,2,,,10,10,,653.1,,,0,,,0,,,,7/21/2026 2:50:03 PM,,,,,,7/21/2026 8:57:34 PM,,
,RD234,,,,,,,,21/07/2026,,,,,2,,,15,15,,962.95,,,0,,,0,,,,7/21/2026 2:33:43 PM,,,,,,7/21/2026 9:41:07 PM,,
,RD235,,,,,,,,21/07/2026,,,,,2,,,14,0,,0,,,14,,,490,,,,7/21/2026 3:05:23 PM,,,,,,7/21/2026 9:32:39 PM,,
,RD236,,,,,,,,21/07/2026,,,,,2,,,19,1,,112.6,,,18,,,630,,,,7/21/2026 3:49:58 PM,,,,,,7/21/2026 9:12:01 PM,,
,RD238,,,,,,,,21/07/2026,,,,,2,,,19,0,,0,,,19,,,665,,,,7/21/2026 2:49:11 PM,,,,,,7/21/2026 9:24:51 PM,,
,RD239,,,,,,,,21/07/2026,,,,,2,,,5,5,,331.3,,,0,,,0,,,,7/21/2026 6:22:17 PM,,,,,,7/21/2026 9:10:23 PM,,
,RD240,,,,,,,,21/07/2026,,,,,2,,,17,1,,70.3,,,16,,,560,,,,7/21/2026 3:20:53 PM,,,,,,7/21/2026 9:45:43 PM,,
,RD241,,,,,,,,21/07/2026,,,,,2,,,17,4,,252.3,,,13,,,455,,,,7/21/2026 2:01:02 PM,,,,,,7/21/2026 9:10:21 PM,,
,RD242,,,,,,,,21/07/2026,,,,,2,,,11,11,,734.8,,,0,,,0,,,,7/21/2026 2:53:58 PM,,,,,,7/21/2026 9:38:03 PM,,
,RD243,,,,,,,,21/07/2026,,,,,2,,,22,0,,0,,,22,,,770,,,,7/21/2026 3:01:25 PM,,,,,,7/21/2026 9:13:29 PM,,
,RD244,,,,,,,,21/07/2026,,,,,2,,,18,2,,134.9,,,16,,,560,,,,7/21/2026 3:52:45 PM,,,,,,7/21/2026 9:21:43 PM,,
,RD245,,,,,,,,21/07/2026,,,,,2,,,20,0,,0,,,20,,,700,,,,7/21/2026 2:52:38 PM,,,,,,7/21/2026 9:03:34 PM,,
,RD246,,,,,,,,21/07/2026,,,,,2,,,12,0,,0,,,12,,,420,,,,7/21/2026 2:52:39 PM,,,,,,7/21/2026 9:27:34 PM,,
,RD248,,,,,,,,21/07/2026,,,,,2,,,19,1,,94.1,,,18,,,630,,,,7/21/2026 2:36:43 PM,,,,,,7/21/2026 9:18:39 PM,,
,RD250,,,,,,,,21/07/2026,,,,,2,,,25,0,,0,,,25,,,875,,,,7/21/2026 2:45:21 PM,,,,,,7/21/2026 9:19:52 PM,,
,RD251,,,,,,,,21/07/2026,,,,,2,,,17,0,,0,,,17,,,595,,,,7/21/2026 7:05:49 PM,,,,,,7/21/2026 9:42:15 PM,,
,RD252,,,,,,,,21/07/2026,,,,,2,,,24,1,,67.9,,,23,,,805,,,,7/21/2026 2:55:28 PM,,,,,,7/21/2026 9:35:04 PM,,
,RD253,,,,,,,,21/07/2026,,,,,2,,,15,0,,0,,,15,,,525,,,,7/21/2026 2:59:32 PM,,,,,,7/21/2026 9:19:11 PM,,
,RD226,,,,,,,,21/07/2026,,,,,3,,,10,10,,655.2,,,0,,,0,,,,7/21/2026 10:44:52 PM,,,,,,7/22/2026 5:22:12 AM,,
,RD227,,,,,,,,21/07/2026,,,,,3,,,10,10,,611.9,,,0,,,0,,,,7/21/2026 10:31:22 PM,,,,,,7/22/2026 5:10:29 AM,,
,RD228,,,,,,,,21/07/2026,,,,,3,,,8,0,,0,,,8,,,280,,,,7/21/2026 10:58:37 PM,,,,,,7/22/2026 5:19:36 AM,,
,RD229,,,,,,,,21/07/2026,,,,,3,,,30,0,,0,,,30,,,1050,,,,7/21/2026 10:55:29 PM,,,,,,7/22/2026 5:30:28 AM,,
,RD230,,,,,,,,21/07/2026,,,,,3,,,9,0,,0,,,9,,,315,,,,7/21/2026 10:44:12 PM,,,,,,7/22/2026 5:08:26 AM,,
,RD231,,,,,,,,21/07/2026,,,,,3,,,20,1,,57.3,,,19,,,665,,,,7/21/2026 10:02:33 PM,,,,,,7/22/2026 5:18:20 AM,,
,RD232,,,,,,,,21/07/2026,,,,,3,,,10,10,,635,,,0,,,0,,,,7/21/2026 10:20:12 PM,,,,,,7/22/2026 4:46:15 AM,,
,RD233,,,,,,,,21/07/2026,,,,,3,,,9,0,,0,,,9,,,315,,,,7/21/2026 10:53:47 PM,,,,,,7/22/2026 4:53:31 AM,,
,RD234,,,,,,,,21/07/2026,,,,,3,,,13,2,,156.3,,,11,,,385,,,,7/21/2026 10:11:57 PM,,,,,,7/22/2026 5:24:18 AM,,
,RD235,,,,,,,,21/07/2026,,,,,3,,,20,0,,0,,,20,,,700,,,,7/21/2026 10:56:04 PM,,,,,,7/22/2026 5:16:52 AM,,
,RD236,,,,,,,,21/07/2026,,,,,3,,,18,0,,0,,,18,,,630,,,,7/21/2026 10:39:01 PM,,,,,,7/22/2026 5:13:58 AM,,
,RD237,,,,,,,,21/07/2026,,,,,3,,,9,9,,552,,,0,,,0,,,,7/21/2026 11:11:04 PM,,,,,,7/22/2026 5:02:11 AM,,
,RD238,,,,,,,,21/07/2026,,,,,3,,,8,0,,0,,,8,,,280,,,,7/21/2026 11:04:58 PM,,,,,,7/22/2026 5:13:31 AM,,
,RD239,,,,,,,,21/07/2026,,,,,3,,,24,1,,49.1,,,23,,,805,,,,7/21/2026 10:38:35 PM,,,,,,7/22/2026 5:10:34 AM,,
,RD240,,,,,,,,21/07/2026,,,,,3,,,25,1,,58.6,,,24,,,840,,,,7/21/2026 10:15:42 PM,,,,,,7/22/2026 5:15:02 AM,,
,RD241,,,,,,,,21/07/2026,,,,,3,,,9,9,,524.5,,,0,,,0,,,,7/21/2026 10:57:57 PM,,,,,,7/22/2026 5:06:44 AM,,
,RD242,,,,,,,,21/07/2026,,,,,3,,,10,10,,633.2,,,0,,,0,,,,7/21/2026 10:09:23 PM,,,,,,7/22/2026 4:52:26 AM,,
,RD243,,,,,,,,21/07/2026,,,,,3,,,28,0,,0,,,28,,,980,,,,7/21/2026 10:48:38 PM,,,,,,7/22/2026 5:11:18 AM,,
,RD245,,,,,,,,21/07/2026,,,,,3,,,17,1,,53.6,,,16,,,560,,,,7/21/2026 10:48:33 PM,,,,,,7/22/2026 5:25:23 AM,,
,RD246,,,,,,,,21/07/2026,,,,,3,,,31,0,,0,,,31,,,1085,,,,7/21/2026 10:59:32 PM,,,,,,7/22/2026 5:26:48 AM,,
,RD248,,,,,,,,21/07/2026,,,,,3,,,19,0,,0,,,19,,,665,,,,7/21/2026 11:04:36 PM,,,,,,7/22/2026 5:08:18 AM,,
,RD250,,,,,,,,21/07/2026,,,,,3,,,20,0,,0,,,20,,,700,,,,7/21/2026 11:26:46 PM,,,,,,7/22/2026 5:33:44 AM,,
,RD251,,,,,,,,21/07/2026,,,,,3,,,9,9,,531.55,,,0,,,0,,,,7/21/2026 10:49:27 PM,,,,,,7/22/2026 4:57:36 AM,,
,RD252,,,,,,,,21/07/2026,,,,,3,,,20,2,,126.4,,,18,,,630,,,,7/21/2026 10:06:21 PM,,,,,,7/22/2026 5:30:13 AM,,
,RD253,,,,,,,,21/07/2026,,,,,3,,,9,9,,584.3,,,0,,,0,,,,7/21/2026 10:54:08 PM,,,,,,7/22/2026 5:18:53 AM,,
,RD141,,,,,,,,22/07/2026,,,,,1,,,15,0,,0,,,15,,,525,,,,7/22/2026 7:06:31 AM,,,,,,7/22/2026 1:19:53 PM,,
,RD226,,,,,,,,22/07/2026,,,,,1,,,6,6,,409.1,,,0,,,0,,,,7/22/2026 7:45:52 AM,,,,,,7/22/2026 12:47:59 PM,,
,RD227,,,,,,,,22/07/2026,,,,,1,,,6,6,,422.05,,,0,,,0,,,,7/22/2026 8:07:28 AM,,,,,,7/22/2026 12:41:41 PM,,
,RD228,,,,,,,,22/07/2026,,,,,1,,,6,6,,416.6,,,0,,,0,,,,7/22/2026 7:17:26 AM,,,,,,7/22/2026 1:03:34 PM,,
,RD229,,,,,,,,22/07/2026,,,,,1,,,5,2,,137.5,,,3,,,105,,,,7/22/2026 7:33:07 AM,,,,,,7/22/2026 1:04:27 PM,,
,RD230,,,,,,,,22/07/2026,,,,,1,,,7,6,,430.85,,,1,,,35,,,,7/22/2026 7:23:21 AM,,,,,,7/22/2026 12:51:52 PM,,
,RD231,,,,,,,,22/07/2026,,,,,1,,,19,0,,0,,,19,,,665,,,,7/22/2026 6:54:02 AM,,,,,,7/22/2026 12:57:48 PM,,
,RD232,,,,,,,,22/07/2026,,,,,1,,,14,0,,0,,,14,,,490,,,,7/22/2026 6:53:51 AM,,,,,,7/22/2026 1:25:38 PM,,
,RD233,,,,,,,,22/07/2026,,,,,1,,,11,0,,0,,,11,,,385,,,,7/22/2026 7:05:37 AM,,,,,,7/22/2026 1:00:20 PM,,
,RD234,,,,,,,,22/07/2026,,,,,1,,,18,1,,101.5,,,17,,,595,,,,7/22/2026 6:58:22 AM,,,,,,7/22/2026 1:06:55 PM,,
,RD235,,,,,,,,22/07/2026,,,,,1,,,20,0,,0,,,20,,,700,,,,7/22/2026 6:43:59 AM,,,,,,7/22/2026 1:13:19 PM,,
,RD236,,,,,,,,22/07/2026,,,,,1,,,9,0,,0,,,9,,,315,,,,7/22/2026 8:28:43 AM,,,,,,7/22/2026 1:03:40 PM,,
,RD237,,,,,,,,22/07/2026,,,,,1,,,11,2,,135.1,,,9,,,315,,,,7/22/2026 6:47:17 AM,,,,,,7/22/2026 11:07:07 AM,,
,RD238,,,,,,,,22/07/2026,,,,,1,,,20,0,,0,,,20,,,700,,,,7/22/2026 6:46:50 AM,,,,,,7/22/2026 1:11:52 PM,,
,RD239,,,,,,,,22/07/2026,,,,,1,,,18,0,,0,,,18,,,630,,,,7/22/2026 6:50:56 AM,,,,,,7/22/2026 12:49:20 PM,,
,RD240,,,,,,,,22/07/2026,,,,,1,,,19,2,,181.3,,,17,,,595,,,,7/22/2026 6:48:28 AM,,,,,,7/22/2026 12:54:57 PM,,
,RD241,,,,,,,,22/07/2026,,,,,1,,,11,0,,0,,,11,,,385,,,,7/22/2026 6:46:37 AM,,,,,,7/22/2026 12:57:19 PM,,
,RD242,,,,,,,,22/07/2026,,,,,1,,,20,1,,91.7,,,19,,,665,,,,7/22/2026 6:43:56 AM,,,,,,7/22/2026 12:52:49 PM,,
,RD243,,,,,,,,22/07/2026,,,,,1,,,15,1,,66.5,,,14,,,490,,,,7/22/2026 6:47:14 AM,,,,,,7/22/2026 1:05:37 PM,,
,RD245,,,,,,,,22/07/2026,,,,,1,,,7,7,,513.3,,,0,,,0,,,,7/22/2026 7:04:49 AM,,,,,,7/22/2026 12:28:44 PM,,
,RD246,,,,,,,,22/07/2026,,,,,1,,,11,0,,0,,,11,,,385,,,,7/22/2026 7:00:32 AM,,,,,,7/22/2026 12:43:07 PM,,
,RD248,,,,,,,,22/07/2026,,,,,1,,,16,0,,0,,,16,,,560,,,,7/22/2026 6:52:44 AM,,,,,,7/22/2026 12:57:48 PM,,
,RD250,,,,,,,,22/07/2026,,,,,1,,,13,0,,0,,,13,,,455,,,,7/22/2026 6:55:50 AM,,,,,,7/22/2026 1:07:07 PM,,
,RD251,,,,,,,,22/07/2026,,,,,1,,,15,0,,0,,,15,,,525,,,,7/22/2026 8:23:22 AM,,,,,,7/22/2026 1:16:14 PM,,
,RD252,,,,,,,,22/07/2026,,,,,1,,,20,0,,0,,,20,,,700,,,,7/22/2026 6:48:24 AM,,,,,,7/22/2026 1:19:30 PM,,
,RD253,,,,,,,,22/07/2026,,,,,1,,,16,0,,0,,,16,,,560,,,,7/22/2026 7:20:09 AM,,,,,,7/22/2026 1:16:11 PM,,
,RD126,,,,,,,,22/07/2026,,,,,2,,,7,7,,623.96,,,0,,,0,,,,7/22/2026 5:47:39 PM,,,,,,7/22/2026 9:15:41 PM,,
,RD141,,,,,,,,22/07/2026,,,,,2,,,12,12,,863.65,,,0,,,0,,,,7/22/2026 5:09:22 PM,,,,,,7/22/2026 9:22:32 PM,,
,RD226,,,,,,,,22/07/2026,,,,,2,,,12,0,,0,,,12,,,420,,,,7/22/2026 4:38:08 PM,,,,,,7/22/2026 9:22:35 PM,,
,RD227,,,,,,,,22/07/2026,,,,,2,,,14,0,,0,,,14,,,490,,,,7/22/2026 4:34:29 PM,,,,,,7/22/2026 9:13:12 PM,,
,RD228,,,,,,,,22/07/2026,,,,,2,,,15,0,,0,,,15,,,525,,,,7/22/2026 4:38:24 PM,,,,,,7/22/2026 9:17:56 PM,,
,RD229,,,,,,,,22/07/2026,,,,,2,,,8,1,,106,,,7,,,245,,,,7/22/2026 5:06:30 PM,,,,,,7/22/2026 8:58:45 PM,,
,RD230,,,,,,,,22/07/2026,,,,,2,,,7,1,,85.3,,,6,,,210,,,,7/22/2026 4:35:12 PM,,,,,,7/22/2026 7:32:40 PM,,
,RD231,,,,,,,,22/07/2026,,,,,2,,,5,4,,250.5,,,0,,,0,,,,7/22/2026 4:57:26 PM,,,,,,7/22/2026 8:24:17 PM,,
,RD232,,,,,,,,22/07/2026,,,,,2,,,16,0,,0,,,16,,,560,,,,7/22/2026 4:28:29 PM,,,,,,7/22/2026 9:17:43 PM,,
,RD233,,,,,,,,22/07/2026,,,,,2,,,10,0,,0,,,10,,,350,,,,7/22/2026 4:23:01 PM,,,,,,7/22/2026 9:10:26 PM,,
,RD234,,,,,,,,22/07/2026,,,,,2,,,8,5,,288.1,,,3,,,105,,,,7/22/2026 5:26:53 PM,,,,,,7/22/2026 8:34:22 PM,,
,RD235,,,,,,,,22/07/2026,,,,,2,,,8,0,,0,,,8,,,280,,,,7/22/2026 6:09:42 PM,,,,,,7/22/2026 9:02:18 PM,,
,RD236,,,,,,,,22/07/2026,,,,,2,,,14,0,,0,,,14,,,490,,,,7/22/2026 4:31:24 PM,,,,,,7/22/2026 9:28:32 PM,,
,RD237,,,,,,,,22/07/2026,,,,,2,,,7,7,,335.65,,,0,,,0,,,,7/22/2026 4:46:47 PM,,,,,,7/22/2026 8:39:23 PM,,
,RD238,,,,,,,,22/07/2026,,,,,2,,,11,1,,88.9,,,10,,,350,,,,7/22/2026 4:41:56 PM,,,,,,7/22/2026 9:14:23 PM,,
,RD239,,,,,,,,22/07/2026,,,,,2,,,12,1,,47.95,,,11,,,385,,,,7/22/2026 4:25:08 PM,,,,,,7/22/2026 8:34:48 PM,,
,RD240,,,,,,,,22/07/2026,,,,,2,,,12,2,,190.6,,,10,,,350,,,,7/22/2026 5:24:03 PM,,,,,,7/22/2026 9:20:10 PM,,
,RD241,,,,,,,,22/07/2026,,,,,2,,,8,5,,334.5,,,2,,,70,,,,7/22/2026 5:29:47 PM,,,,,,7/22/2026 9:12:01 PM,,
,RD242,,,,,,,,22/07/2026,,,,,2,,,6,0,,0,,,6,,,210,,,,7/22/2026 6:40:18 PM,,,,,,7/22/2026 8:51:37 PM,,
,RD243,,,,,,,,22/07/2026,,,,,2,,,13,6,,477.3,,,7,,,245,,,,7/22/2026 4:26:20 PM,,,,,,7/22/2026 9:12:15 PM,,
,RD245,,,,,,,,22/07/2026,,,,,2,,,12,0,,0,,,12,,,420,,,,7/22/2026 4:31:03 PM,,,,,,7/22/2026 8:57:38 PM,,
,RD246,,,,,,,,22/07/2026,,,,,2,,,8,0,,0,,,8,,,280,,,,7/22/2026 5:25:27 PM,,,,,,7/22/2026 8:57:23 PM,,
,RD248,,,,,,,,22/07/2026,,,,,2,,,12,0,,0,,,12,,,420,,,,7/22/2026 4:41:16 PM,,,,,,7/22/2026 9:11:39 PM,,
,RD250,,,,,,,,22/07/2026,,,,,2,,,15,0,,0,,,15,,,525,,,,7/22/2026 4:40:38 PM,,,,,,7/22/2026 9:13:01 PM,,
,RD251,,,,,,,,22/07/2026,,,,,2,,,12,0,,0,,,12,,,420,,,,7/22/2026 4:27:16 PM,,,,,,7/22/2026 9:25:05 PM,,
,RD252,,,,,,,,22/07/2026,,,,,2,,,14,1,,99.9,,,13,,,455,,,,7/22/2026 4:44:55 PM,,,,,,7/22/2026 9:15:47 PM,,
,RD253,,,,,,,,22/07/2026,,,,,2,,,9,4,,287.4,,,5,,,175,,,,7/22/2026 4:31:45 PM,,,,,,7/22/2026 9:07:40 PM,,
,RD126,,,,,,,,22/07/2026,,,,,3,,,12,12,,786.93,,,0,,,0,,,,7/22/2026 11:32:59 PM,,,,,,7/23/2026 5:17:25 AM,,
,RD141,,,,,,,,22/07/2026,,,,,3,,,4,1,,78.38,,,3,,,105,,,,7/23/2026 3:51:09 AM,,,,,,7/23/2026 5:09:50 AM,,
,RD143,,,,,,,,22/07/2026,,,,,3,,,4,0,,0,,,4,,,140,,,,7/22/2026 11:37:45 PM,,,,,,7/23/2026 1:11:30 AM,,
,RD226,,,,,,,,22/07/2026,,,,,3,,,14,14,,840.3,,,0,,,0,,,,7/22/2026 10:38:22 PM,,,,,,7/23/2026 5:31:55 AM,,
,RD227,,,,,,,,22/07/2026,,,,,3,,,14,14,,941.4,,,0,,,0,,,,7/22/2026 10:22:38 PM,,,,,,7/23/2026 5:06:03 AM,,
,RD228,,,,,,,,22/07/2026,,,,,3,,,9,2,,164.9,,,7,,,245,,,,7/22/2026 11:29:00 PM,,,,,,7/23/2026 5:19:18 AM,,
,RD229,,,,,,,,22/07/2026,,,,,3,,,32,0,,0,,,32,,,1120,,,,7/22/2026 10:41:09 PM,,,,,,7/23/2026 5:19:56 AM,,
,RD230,,,,,,,,22/07/2026,,,,,3,,,8,0,,0,,,8,,,280,,,,7/23/2026 12:18:53 AM,,,,,,7/23/2026 5:14:58 AM,,
,RD231,,,,,,,,22/07/2026,,,,,3,,,14,0,,0,,,14,,,490,,,,7/22/2026 10:49:10 PM,,,,,,7/23/2026 5:11:54 AM,,
,RD232,,,,,,,,22/07/2026,,,,,3,,,27,0,,0,,,27,,,945,,,,7/22/2026 11:51:17 PM,,,,,,7/23/2026 5:14:20 AM,,
,RD233,,,,,,,,22/07/2026,,,,,3,,,10,2,,138.55,,,8,,,280,,,,7/22/2026 11:04:50 PM,,,,,,7/23/2026 5:27:58 AM,,
,RD234,,,,,,,,22/07/2026,,,,,3,,,13,0,,0,,,13,,,455,,,,7/22/2026 10:56:37 PM,,,,,,7/23/2026 5:10:33 AM,,
,RD235,,,,,,,,22/07/2026,,,,,3,,,14,1,,100,,,13,,,455,,,,7/23/2026 12:15:58 AM,,,,,,7/23/2026 5:19:24 AM,,
,RD236,,,,,,,,22/07/2026,,,,,3,,,11,0,,0,,,11,,,385,,,,7/22/2026 11:02:58 PM,,,,,,7/23/2026 5:18:12 AM,,
,RD237,,,,,,,,22/07/2026,,,,,3,,,10,0,,0,,,10,,,350,,,,7/22/2026 10:50:50 PM,,,,,,7/23/2026 5:03:12 AM,,
,RD238,,,,,,,,22/07/2026,,,,,3,,,11,11,,708.5,,,0,,,0,,,,7/22/2026 11:35:58 PM,,,,,,7/23/2026 5:35:17 AM,,
,RD239,,,,,,,,22/07/2026,,,,,3,,,10,1,,81.8,,,9,,,315,,,,7/22/2026 11:14:17 PM,,,,,,7/23/2026 5:15:48 AM,,
,RD240,,,,,,,,22/07/2026,,,,,3,,,13,0,,0,,,13,,,455,,,,7/22/2026 11:19:04 PM,,,,,,7/23/2026 4:58:09 AM,,
,RD241,,,,,,,,22/07/2026,,,,,3,,,14,10,,623.85,,,4,,,140,,,,7/22/2026 10:49:09 PM,,,,,,7/23/2026 5:13:24 AM,,
,RD242,,,,,,,,22/07/2026,,,,,3,,,15,15,,908,,,0,,,0,,,,7/22/2026 10:20:28 PM,,,,,,7/23/2026 5:18:03 AM,,
,RD243,,,,,,,,22/07/2026,,,,,3,,,15,2,,201.1,,,13,,,455,,,,7/23/2026 1:30:50 AM,,,,,,7/23/2026 5:16:43 AM,,
,RD245,,,,,,,,22/07/2026,,,,,3,,,28,0,,0,,,28,,,980,,,,7/22/2026 10:45:28 PM,,,,,,7/23/2026 5:21:59 AM,,
,RD246,,,,,,,,22/07/2026,,,,,3,,,12,0,,0,,,12,,,420,,,,7/22/2026 10:52:29 PM,,,,,,7/23/2026 5:15:04 AM,,
,RD248,,,,,,,,22/07/2026,,,,,3,,,12,0,,0,,,12,,,420,,,,7/22/2026 10:59:48 PM,,,,,,7/23/2026 5:07:39 AM,,
,RD250,,,,,,,,22/07/2026,,,,,3,,,10,0,,0,,,10,,,350,,,,7/22/2026 10:58:00 PM,,,,,,7/23/2026 5:11:47 AM,,
,RD251,,,,,,,,22/07/2026,,,,,3,,,9,0,,0,,,9,,,315,,,,7/22/2026 11:13:23 PM,,,,,,7/23/2026 5:07:02 AM,,
,RD252,,,,,,,,22/07/2026,,,,,3,,,9,0,,0,,,9,,,315,,,,7/22/2026 11:25:17 PM,,,,,,7/23/2026 5:03:07 AM,,
,RD253,,,,,,,,22/07/2026,,,,,3,,,28,2,,131.65,,,26,,,910,,,,7/22/2026 10:45:26 PM,,,,,,7/23/2026 5:18:46 AM,,
,RD121,,,,,,,,23/07/2026,,,,,1,,,9,9,,698.47,,,0,,,0,,,,7/23/2026 7:25:02 AM,,,,,,7/23/2026 1:06:55 PM,,
,RD136,,,,,,,,23/07/2026,,,,,1,,,1,1,,47.95,,,0,,,0,,,,7/23/2026 8:20:03 AM,,,,,,7/23/2026 8:20:03 AM,,
,RD141,,,,,,,,23/07/2026,,,,,1,,,10,10,,755.61,,,0,,,0,,,,7/23/2026 7:24:54 AM,,,,,,7/23/2026 1:17:28 PM,,
,RD143,,,,,,,,23/07/2026,,,,,1,,,8,8,,383.6,,,0,,,0,,,,7/23/2026 7:57:50 AM,,,,,,7/23/2026 12:44:01 PM,,
,RD226,,,,,,,,23/07/2026,,,,,1,,,8,8,,743,,,0,,,0,,,,7/23/2026 11:25:08 AM,,,,,,7/23/2026 12:50:06 PM,,
,RD227,,,,,,,,23/07/2026,,,,,1,,,7,0,,0,,,7,,,245,,,,7/23/2026 10:59:14 AM,,,,,,7/23/2026 12:45:51 PM,,
,RD228,,,,,,,,23/07/2026,,,,,1,,,9,0,,0,,,9,,,315,,,,7/23/2026 7:01:24 AM,,,,,,7/23/2026 12:58:44 PM,,
,RD230,,,,,,,,23/07/2026,,,,,1,,,7,0,,0,,,7,,,245,,,,7/23/2026 7:16:00 AM,,,,,,7/23/2026 1:02:38 PM,,
,RD231,,,,,,,,23/07/2026,,,,,1,,,11,0,,0,,,11,,,385,,,,7/23/2026 7:11:29 AM,,,,,,7/23/2026 11:19:12 AM,,
,RD232,,,,,,,,23/07/2026,,,,,1,,,20,1,,91,,,19,,,665,,,,7/23/2026 7:02:51 AM,,,,,,7/23/2026 1:19:59 PM,,
,RD233,,,,,,,,23/07/2026,,,,,1,,,17,1,,93.7,,,16,,,560,,,,7/23/2026 6:46:10 AM,,,,,,7/23/2026 1:11:41 PM,,
,RD234,,,,,,,,23/07/2026,,,,,1,,,14,0,,0,,,14,,,490,,,,7/23/2026 7:02:27 AM,,,,,,7/23/2026 1:13:45 PM,,
,RD235,,,,,,,,23/07/2026,,,,,1,,,11,0,,0,,,11,,,385,,,,7/23/2026 7:10:18 AM,,,,,,7/23/2026 1:08:58 PM,,
,RD236,,,,,,,,23/07/2026,,,,,1,,,20,2,,118.85,,,18,,,630,,,,7/23/2026 7:06:09 AM,,,,,,7/23/2026 1:22:58 PM,,
,RD237,,,,,,,,23/07/2026,,,,,1,,,13,0,,0,,,13,,,455,,,,7/23/2026 6:51:59 AM,,,,,,7/23/2026 1:00:26 PM,,
,RD238,,,,,,,,23/07/2026,,,,,1,,,15,1,,102.6,,,14,,,490,,,,7/23/2026 6:53:25 AM,,,,,,7/23/2026 1:04:57 PM,,
,RD239,,,,,,,,23/07/2026,,,,,1,,,8,1,,94.3,,,7,,,245,,,,7/23/2026 6:48:45 AM,,,,,,7/23/2026 12:51:06 PM,,
,RD240,,,,,,,,23/07/2026,,,,,1,,,13,0,,0,,,13,,,455,,,,7/23/2026 6:47:08 AM,,,,,,7/23/2026 1:11:33 PM,,
,RD241,,,,,,,,23/07/2026,,,,,1,,,17,0,,0,,,17,,,595,,,,7/23/2026 6:51:04 AM,,,,,,7/23/2026 1:15:31 PM,,
,RD242,,,,,,,,23/07/2026,,,,,1,,,22,2,,183.7,,,20,,,700,,,,7/23/2026 6:38:40 AM,,,,,,7/23/2026 1:23:00 PM,,
,RD243,,,,,,,,23/07/2026,,,,,1,,,15,1,,69.5,,,14,,,490,,,,7/23/2026 7:21:12 AM,,,,,,7/23/2026 1:13:14 PM,,
,RD244,,,,,,,,23/07/2026,,,,,1,,,7,0,,0,,,7,,,245,,,,7/23/2026 7:00:49 AM,,,,,,7/23/2026 1:18:57 PM,,
,RD245,,,,,,,,23/07/2026,,,,,1,,,12,12,,1119,,,0,,,0,,,,7/23/2026 6:52:00 AM,,,,,,7/23/2026 1:12:40 PM,,
,RD246,,,,,,,,23/07/2026,,,,,1,,,20,1,,98.9,,,19,,,665,,,,7/23/2026 6:46:36 AM,,,,,,7/23/2026 1:09:00 PM,,
,RD248,,,,,,,,23/07/2026,,,,,1,,,16,0,,0,,,16,,,560,,,,7/23/2026 7:22:49 AM,,,,,,7/23/2026 1:05:12 PM,,
,RD249,,,,,,,,23/07/2026,,,,,1,,,15,1,,66.6,,,14,,,490,,,,7/23/2026 7:40:18 AM,,,,,,7/23/2026 1:17:34 PM,,
,RD250,,,,,,,,23/07/2026,,,,,1,,,12,1,,89.2,,,11,,,385,,,,7/23/2026 6:44:41 AM,,,,,,7/23/2026 1:14:38 PM,,
,RD251,,,,,,,,23/07/2026,,,,,1,,,13,0,,0,,,13,,,455,,,,7/23/2026 7:08:12 AM,,,,,,7/23/2026 1:09:27 PM,,
,RD252,,,,,,,,23/07/2026,,,,,1,,,13,0,,0,,,13,,,455,,,,7/23/2026 6:59:11 AM,,,,,,7/23/2026 1:00:37 PM,,
,RD253,,,,,,,,23/07/2026,,,,,1,,,14,0,,0,,,14,,,490,,,,7/23/2026 6:57:01 AM,,,,,,7/23/2026 12:54:56 PM,,
,RD121,,,,,,,,23/07/2026,,,,,2,,,10,4,,213.16,,,6,,,210,,,,7/23/2026 5:47:56 PM,,,,,,7/23/2026 9:13:34 PM,,
,RD126,,,,,,,,23/07/2026,,,,,2,,,5,5,,365.19,,,0,,,0,,,,7/23/2026 3:17:53 PM,,,,,,7/23/2026 5:58:37 PM,,
,RD132,,,,,,,,23/07/2026,,,,,2,,,8,8,,529.6,,,0,,,0,,,,7/23/2026 3:12:07 PM,,,,,,7/23/2026 9:24:21 PM,,
,RD143,,,,,,,,23/07/2026,,,,,2,,,4,4,,191.8,,,0,,,0,,,,7/23/2026 5:44:14 PM,,,,,,7/23/2026 7:11:33 PM,,
,RD226,,,,,,,,23/07/2026,,,,,2,,,9,9,,597,,,0,,,0,,,,7/23/2026 3:02:20 PM,,,,,,7/23/2026 9:19:32 PM,,
,RD227,,,,,,,,23/07/2026,,,,,2,,,20,0,,0,,,20,,,700,,,,7/23/2026 2:56:10 PM,,,,,,7/23/2026 9:16:39 PM,,
,RD228,,,,,,,,23/07/2026,,,,,2,,,19,1,,84.6,,,18,,,630,,,,7/23/2026 3:00:21 PM,,,,,,7/23/2026 9:34:06 PM,,
,RD230,,,,,,,,23/07/2026,,,,,2,,,8,8,,512.45,,,0,,,0,,,,7/23/2026 3:21:26 PM,,,,,,7/23/2026 9:05:21 PM,,
,RD231,,,,,,,,23/07/2026,,,,,2,,,17,1,,65.9,,,16,,,560,,,,7/23/2026 3:10:30 PM,,,,,,7/23/2026 9:11:29 PM,,
,RD232,,,,,,,,23/07/2026,,,,,2,,,19,0,,0,,,19,,,665,,,,7/23/2026 2:58:44 PM,,,,,,7/23/2026 9:17:16 PM,,
,RD233,,,,,,,,23/07/2026,,,,,2,,,8,8,,559.5,,,0,,,0,,,,7/23/2026 2:57:16 PM,,,,,,7/23/2026 8:53:08 PM,,
,RD234,,,,,,,,23/07/2026,,,,,2,,,8,8,,520.55,,,0,,,0,,,,7/23/2026 3:06:35 PM,,,,,,7/23/2026 9:23:44 PM,,
,RD235,,,,,,,,23/07/2026,,,,,2,,,5,0,,0,,,5,,,175,,,,7/23/2026 7:14:00 PM,,,,,,7/23/2026 9:19:28 PM,,
,RD236,,,,,,,,23/07/2026,,,,,2,,,14,0,,0,,,14,,,490,,,,7/23/2026 3:14:15 PM,,,,,,7/23/2026 9:06:13 PM,,
,RD237,,,,,,,,23/07/2026,,,,,2,,,20,0,,0,,,20,,,700,,,,7/23/2026 2:56:00 PM,,,,,,7/23/2026 9:23:34 PM,,
,RD238,,,,,,,,23/07/2026,,,,,2,,,17,0,,0,,,17,,,595,,,,7/23/2026 3:05:23 PM,,,,,,7/23/2026 9:22:55 PM,,
,RD239,,,,,,,,23/07/2026,,,,,2,,,10,2,,167.1,,,8,,,280,,,,7/23/2026 2:51:33 PM,,,,,,7/23/2026 9:08:09 PM,,
,RD240,,,,,,,,23/07/2026,,,,,2,,,16,0,,0,,,16,,,560,,,,7/23/2026 3:06:43 PM,,,,,,7/23/2026 9:15:42 PM,,
,RD241,,,,,,,,23/07/2026,,,,,2,,,14,0,,0,,,14,,,490,,,,7/23/2026 3:16:55 PM,,,,,,7/23/2026 9:19:06 PM,,
,RD242,,,,,,,,23/07/2026,,,,,2,,,12,0,,0,,,12,,,420,,,,7/23/2026 3:24:21 PM,,,,,,7/23/2026 9:09:45 PM,,
,RD243,,,,,,,,23/07/2026,,,,,2,,,5,0,,0,,,5,,,175,,,,7/23/2026 7:06:15 PM,,,,,,7/23/2026 9:15:30 PM,,
,RD244,,,,,,,,23/07/2026,,,,,2,,,3,2,,147.9,,,1,,,35,,,,7/23/2026 7:19:59 PM,,,,,,7/23/2026 8:48:39 PM,,
,RD245,,,,,,,,23/07/2026,,,,,2,,,19,0,,0,,,19,,,665,,,,7/23/2026 3:01:47 PM,,,,,,7/23/2026 9:20:48 PM,,
,RD246,,,,,,,,23/07/2026,,,,,2,,,7,7,,454.2,,,0,,,0,,,,7/23/2026 3:24:42 PM,,,,,,7/23/2026 9:10:46 PM,,
,RD248,,,,,,,,23/07/2026,,,,,2,,,18,0,,0,,,18,,,630,,,,7/23/2026 2:53:15 PM,,,,,,7/23/2026 9:27:24 PM,,
,RD249,,,,,,,,23/07/2026,,,,,2,,,14,2,,145.8,,,12,,,420,,,,7/23/2026 2:56:01 PM,,,,,,7/23/2026 8:58:39 PM,,
,RD250,,,,,,,,23/07/2026,,,,,2,,,13,0,,0,,,13,,,455,,,,7/23/2026 3:12:46 PM,,,,,,7/23/2026 9:11:41 PM,,
,RD251,,,,,,,,23/07/2026,,,,,2,,,13,0,,0,,,13,,,455,,,,7/23/2026 3:18:29 PM,,,,,,7/23/2026 9:13:38 PM,,
,RD252,,,,,,,,23/07/2026,,,,,2,,,13,0,,0,,,13,,,455,,,,7/23/2026 3:04:28 PM,,,,,,7/23/2026 9:21:10 PM,,
,RD121,,,,,,,,23/07/2026,,,,,3,,,11,0,,0,,,11,,,385,,,,7/23/2026 11:11:32 PM,,,,,,7/24/2026 4:46:12 AM,,
,RD141,,,,,,,,23/07/2026,,,,,3,,,10,10,,752.04,,,0,,,0,,,,7/23/2026 10:49:02 PM,,,,,,7/24/2026 5:17:39 AM,,
,RD226,,,,,,,,23/07/2026,,,,,3,,,8,8,,570.5,,,0,,,0,,,,7/23/2026 11:13:43 PM,,,,,,7/24/2026 4:37:37 AM,,
,RD227,,,,,,,,23/07/2026,,,,,3,,,10,10,,735.2,,,0,,,0,,,,7/23/2026 10:54:41 PM,,,,,,7/24/2026 5:13:06 AM,,
,RD228,,,,,,,,23/07/2026,,,,,3,,,29,0,,0,,,29,,,1015,,,,7/23/2026 11:12:53 PM,,,,,,7/24/2026 5:22:46 AM,,
,RD230,,,,,,,,23/07/2026,,,,,3,,,10,8,,548.1,,,2,,,70,,,,7/23/2026 10:53:05 PM,,,,,,7/24/2026 5:07:11 AM,,
,RD231,,,,,,,,23/07/2026,,,,,3,,,28,0,,0,,,28,,,980,,,,7/23/2026 10:58:10 PM,,,,,,7/24/2026 5:26:15 AM,,
,RD232,,,,,,,,23/07/2026,,,,,3,,,9,1,,65.3,,,8,,,280,,,,7/23/2026 11:08:13 PM,,,,,,7/24/2026 5:00:34 AM,,
,RD233,,,,,,,,23/07/2026,,,,,3,,,10,1,,81,,,9,,,315,,,,7/23/2026 11:02:11 PM,,,,,,7/24/2026 5:17:49 AM,,
,RD234,,,,,,,,23/07/2026,,,,,3,,,15,0,,0,,,15,,,525,,,,7/23/2026 11:14:46 PM,,,,,,7/24/2026 5:12:35 AM,,
,RD235,,,,,,,,23/07/2026,,,,,3,,,19,0,,0,,,19,,,665,,,,7/23/2026 11:15:38 PM,,,,,,7/24/2026 5:14:48 AM,,
,RD236,,,,,,,,23/07/2026,,,,,3,,,30,0,,0,,,30,,,1050,,,,7/23/2026 11:19:50 PM,,,,,,7/24/2026 5:20:31 AM,,
,RD237,,,,,,,,23/07/2026,,,,,3,,,8,0,,0,,,8,,,280,,,,7/23/2026 11:07:56 PM,,,,,,7/24/2026 5:14:45 AM,,
,RD238,,,,,,,,23/07/2026,,,,,3,,,8,8,,552.3,,,0,,,0,,,,7/23/2026 10:50:09 PM,,,,,,7/24/2026 4:55:15 AM,,
,RD239,,,,,,,,23/07/2026,,,,,3,,,12,0,,0,,,12,,,420,,,,7/23/2026 11:02:46 PM,,,,,,7/24/2026 4:43:04 AM,,
,RD240,,,,,,,,23/07/2026,,,,,3,,,6,1,,69.9,,,5,,,175,,,,7/23/2026 11:08:42 PM,,,,,,7/24/2026 5:04:42 AM,,
,RD241,,,,,,,,23/07/2026,,,,,3,,,9,9,,663.4,,,0,,,0,,,,7/23/2026 10:55:12 PM,,,,,,7/24/2026 5:02:51 AM,,
,RD242,,,,,,,,23/07/2026,,,,,3,,,31,0,,0,,,31,,,1085,,,,7/23/2026 11:17:05 PM,,,,,,7/24/2026 5:18:06 AM,,
,RD243,,,,,,,,23/07/2026,,,,,3,,,18,0,,0,,,18,,,630,,,,7/23/2026 11:07:16 PM,,,,,,7/24/2026 5:08:22 AM,,
,RD244,,,,,,,,23/07/2026,,,,,3,,,11,11,,764.4,,,0,,,0,,,,7/23/2026 10:40:12 PM,,,,,,7/24/2026 4:59:18 AM,,
,RD245,,,,,,,,23/07/2026,,,,,3,,,15,0,,0,,,15,,,525,,,,7/23/2026 11:10:44 PM,,,,,,7/24/2026 5:15:52 AM,,
,RD246,,,,,,,,23/07/2026,,,,,3,,,10,0,,0,,,10,,,350,,,,7/23/2026 10:53:28 PM,,,,,,7/24/2026 5:10:23 AM,,
,RD248,,,,,,,,23/07/2026,,,,,3,,,16,0,,0,,,16,,,560,,,,7/23/2026 10:48:27 PM,,,,,,7/24/2026 5:07:42 AM,,
,RD249,,,,,,,,23/07/2026,,,,,3,,,14,0,,0,,,14,,,490,,,,7/23/2026 10:47:55 PM,,,,,,7/24/2026 5:20:23 AM,,
,RD250,,,,,,,,23/07/2026,,,,,3,,,19,1,,83.9,,,18,,,630,,,,7/23/2026 10:45:50 PM,,,,,,7/24/2026 5:19:36 AM,,
,RD251,,,,,,,,23/07/2026,,,,,3,,,8,0,,0,,,8,,,280,,,,7/23/2026 11:25:14 PM,,,,,,7/24/2026 5:12:21 AM,,
,RD252,,,,,,,,23/07/2026,,,,,3,,,17,1,,72.8,,,16,,,560,,,,7/23/2026 10:44:43 PM,,,,,,7/24/2026 5:17:42 AM,,
,RD121,,,,,,,,24/07/2026,,,,,1,,,9,9,,522.94,,,0,,,0,,,,7/24/2026 6:46:41 AM,,,,,,7/24/2026 12:32:38 PM,,
,RD141,,,,,,,,24/07/2026,,,,,1,,,8,8,,506.56,,,0,,,0,,,,7/24/2026 7:01:18 AM,,,,,,7/24/2026 12:41:26 PM,,
,RD143,,,,,,,,24/07/2026,,,,,1,,,2,2,,95.9,,,0,,,0,,,,7/24/2026 12:19:29 PM,,,,,,7/24/2026 12:55:11 PM,,
,RD226,,,,,,,,24/07/2026,,,,,1,,,7,7,,429.15,,,0,,,0,,,,7/24/2026 7:10:32 AM,,,,,,7/24/2026 12:15:39 PM,,
,RD228,,,,,,,,24/07/2026,,,,,1,,,9,9,,535.95,,,0,,,0,,,,7/24/2026 7:05:58 AM,,,,,,7/24/2026 12:36:22 PM,,
,RD230,,,,,,,,24/07/2026,,,,,1,,,9,0,,0,,,9,,,315,,,,7/24/2026 7:18:55 AM,,,,,,7/24/2026 1:02:14 PM,,
,RD231,,,,,,,,24/07/2026,,,,,1,,,14,0,,0,,,14,,,490,,,,7/24/2026 6:46:25 AM,,,,,,7/24/2026 12:46:32 PM,,
,RD232,,,,,,,,24/07/2026,,,,,1,,,12,2,,106.55,,,4,,,140,,,,7/24/2026 6:56:20 AM,,,,,,7/24/2026 12:37:35 PM,,
,RD233,,,,,,,,24/07/2026,,,,,1,,,11,2,,116.2,,,3,,,105,,,,7/24/2026 6:52:12 AM,,,,,,7/24/2026 12:58:08 PM,,
,RD234,,,,,,,,24/07/2026,,,,,1,,,13,0,,0,,,13,,,455,,,,7/24/2026 6:58:20 AM,,,,,,7/24/2026 12:43:48 PM,,
,RD235,,,,,,,,24/07/2026,,,,,1,,,13,0,,0,,,12,,,420,,,,7/24/2026 6:55:49 AM,,,,,,7/24/2026 1:16:37 PM,,
,RD236,,,,,,,,24/07/2026,,,,,1,,,10,2,,123.8,,,4,,,140,,,,7/24/2026 7:14:42 AM,,,,,,7/24/2026 1:07:05 PM,,
,RD237,,,,,,,,24/07/2026,,,,,1,,,18,4,,191.8,,,14,,,490,,,,7/24/2026 6:56:42 AM,,,,,,7/24/2026 12:25:48 PM,,
,RD238,,,,,,,,24/07/2026,,,,,1,,,21,0,,0,,,21,,,735,,,,7/24/2026 6:38:30 AM,,,,,,7/24/2026 1:14:13 PM,,
,RD239,,,,,,,,24/07/2026,,,,,1,,,13,0,,0,,,13,,,455,,,,7/24/2026 6:42:58 AM,,,,,,7/24/2026 1:10:37 PM,,
,RD240,,,,,,,,24/07/2026,,,,,1,,,13,13,,785.5,,,0,,,0,,,,7/24/2026 6:57:01 AM,,,,,,7/24/2026 1:51:04 PM,,
,RD241,,,,,,,,24/07/2026,,,,,1,,,18,1,,108.3,,,17,,,595,,,,7/24/2026 6:42:17 AM,,,,,,7/24/2026 1:06:11 PM,,
,RD242,,,,,,,,24/07/2026,,,,,1,,,8,1,,48.5,,,3,,,105,,,,7/24/2026 6:41:57 AM,,,,,,7/24/2026 1:04:27 PM,,
,RD243,,,,,,,,24/07/2026,,,,,1,,,13,1,,65.7,,,12,,,420,,,,7/24/2026 7:08:13 AM,,,,,,7/24/2026 12:54:45 PM,,
,RD244,,,,,,,,24/07/2026,,,,,1,,,19,0,,0,,,19,,,665,,,,7/24/2026 6:35:40 AM,,,,,,7/24/2026 1:02:24 PM,,
,RD245,,,,,,,,24/07/2026,,,,,1,,,14,14,,907.45,,,0,,,0,,,,7/24/2026 6:51:00 AM,,,,,,7/24/2026 1:55:29 PM,,
,RD246,,,,,,,,24/07/2026,,,,,1,,,11,0,,0,,,11,,,385,,,,7/24/2026 7:16:22 AM,,,,,,7/24/2026 10:04:20 AM,,
,RD248,,,,,,,,24/07/2026,,,,,1,,,2,0,,0,,,2,,,70,,,,7/24/2026 6:46:07 AM,,,,,,7/24/2026 7:01:08 AM,,
,RD249,,,,,,,,24/07/2026,,,,,1,,,10,1,,47.95,,,5,,,175,,,,7/24/2026 6:46:27 AM,,,,,,7/24/2026 12:27:40 PM,,
,RD250,,,,,,,,24/07/2026,,,,,1,,,21,1,,94.9,,,20,,,700,,,,7/24/2026 6:49:23 AM,,,,,,7/24/2026 1:11:28 PM,,
,RD251,,,,,,,,24/07/2026,,,,,1,,,14,1,,69.3,,,13,,,455,,,,7/24/2026 6:51:37 AM,,,,,,7/24/2026 12:49:08 PM,,
,RD252,,,,,,,,24/07/2026,,,,,1,,,12,1,,75.7,,,11,,,385,,,,7/24/2026 6:42:01 AM,,,,,,7/24/2026 12:51:47 PM,,
,RD121,,,,,,,,24/07/2026,,,,,2,,,9,9,,567.71,,,0,,,0,,,,7/24/2026 4:05:34 PM,,,,,,7/24/2026 9:10:54 PM,,
,RD122,,,,,,,,24/07/2026,,,,,2,,,8,8,,383.6,,,0,,,0,,,,7/24/2026 4:17:52 PM,,,,,,7/24/2026 8:54:50 PM,,
,RD126,,,,,,,,24/07/2026,,,,,2,,,5,5,,239.75,,,0,,,0,,,,7/24/2026 6:10:54 PM,,,,,,7/24/2026 9:00:20 PM,,
,RD132,,,,,,,,24/07/2026,,,,,2,,,12,12,,775.83,,,0,,,0,,,,7/24/2026 2:42:10 PM,,,,,,7/24/2026 9:47:47 PM,,
,RD136,,,,,,,,24/07/2026,,,,,2,,,1,1,,47.95,,,0,,,0,,,,7/24/2026 4:11:11 PM,,,,,,7/24/2026 4:11:11 PM,,
,RD141,,,,,,,,24/07/2026,,,,,2,,,9,9,,595.01,,,0,,,0,,,,7/24/2026 2:46:39 PM,,,,,,7/24/2026 9:24:12 PM,,
,RD143,,,,,,,,24/07/2026,,,,,2,,,7,7,,335.65,,,0,,,0,,,,7/24/2026 3:53:13 PM,,,,,,7/24/2026 7:41:08 PM,,
,RD226,,,,,,,,24/07/2026,,,,,2,,,9,9,,506.85,,,0,,,0,,,,7/24/2026 3:55:32 PM,,,,,,7/24/2026 8:56:16 PM,,
,RD228,,,,,,,,24/07/2026,,,,,2,,,20,0,,0,,,20,,,700,,,,7/24/2026 3:25:56 PM,,,,,,7/24/2026 9:28:18 PM,,
,RD230,,,,,,,,24/07/2026,,,,,2,,,13,0,,0,,,13,,,455,,,,7/24/2026 3:46:11 PM,,,,,,7/24/2026 9:07:16 PM,,
,RD231,,,,,,,,24/07/2026,,,,,2,,,11,0,,0,,,11,,,385,,,,7/24/2026 5:30:50 PM,,,,,,7/24/2026 9:04:51 PM,,
,RD232,,,,,,,,24/07/2026,,,,,2,,,11,1,,51.5,,,10,,,350,,,,7/24/2026 4:13:50 PM,,,,,,7/24/2026 9:39:04 PM,,
,RD233,,,,,,,,24/07/2026,,,,,2,,,14,0,,0,,,14,,,490,,,,7/24/2026 3:40:20 PM,,,,,,7/24/2026 9:11:38 PM,,
,RD234,,,,,,,,24/07/2026,,,,,2,,,20,1,,62,,,19,,,665,,,,7/24/2026 3:53:28 PM,,,,,,7/24/2026 9:54:00 PM,,
,RD235,,,,,,,,24/07/2026,,,,,2,,,15,0,,0,,,15,,,525,,,,7/24/2026 4:01:42 PM,,,,,,7/24/2026 9:24:19 PM,,
,RD236,,,,,,,,24/07/2026,,,,,2,,,9,0,,0,,,9,,,315,,,,7/24/2026 4:24:30 PM,,,,,,7/24/2026 9:22:07 PM,,
,RD237,,,,,,,,24/07/2026,,,,,2,,,11,0,,0,,,11,,,385,,,,7/24/2026 5:37:09 PM,,,,,,7/24/2026 9:23:25 PM,,
,RD238,,,,,,,,24/07/2026,,,,,2,,,11,0,,0,,,11,,,385,,,,7/24/2026 4:11:36 PM,,,,,,7/24/2026 8:38:53 PM,,
,RD239,,,,,,,,24/07/2026,,,,,2,,,9,1,,75.9,,,8,,,280,,,,7/24/2026 6:07:57 PM,,,,,,7/24/2026 9:11:32 PM,,
,RD240,,,,,,,,24/07/2026,,,,,2,,,11,11,,676.75,,,0,,,0,,,,7/24/2026 2:01:33 PM,,,,,,7/24/2026 9:04:34 PM,,
,RD241,,,,,,,,24/07/2026,,,,,2,,,9,0,,0,,,9,,,315,,,,7/24/2026 4:10:06 PM,,,,,,7/24/2026 9:16:05 PM,,
,RD242,,,,,,,,24/07/2026,,,,,2,,,19,1,,85.7,,,18,,,630,,,,7/24/2026 3:32:44 PM,,,,,,7/24/2026 9:25:43 PM,,
,RD243,,,,,,,,24/07/2026,,,,,2,,,9,1,,47.95,,,8,,,280,,,,7/24/2026 5:55:57 PM,,,,,,7/24/2026 9:34:41 PM,,
,RD244,,,,,,,,24/07/2026,,,,,2,,,9,9,,500.5,,,0,,,0,,,,7/24/2026 3:47:40 PM,,,,,,7/24/2026 9:07:42 PM,,
,RD245,,,,,,,,24/07/2026,,,,,2,,,14,3,,240.7,,,11,,,385,,,,7/24/2026 2:06:02 PM,,,,,,7/24/2026 8:59:18 PM,,
,RD246,,,,,,,,24/07/2026,,,,,2,,,15,1,,123.8,,,14,,,490,,,,7/24/2026 3:51:34 PM,,,,,,7/24/2026 9:13:05 PM,,
,RD249,,,,,,,,24/07/2026,,,,,2,,,16,3,,238.9,,,13,,,455,,,,7/24/2026 4:03:38 PM,,,,,,7/24/2026 9:42:24 PM,,
,RD250,,,,,,,,24/07/2026,,,,,2,,,10,0,,0,,,10,,,350,,,,7/24/2026 3:34:29 PM,,,,,,7/24/2026 9:12:47 PM,,
,RD251,,,,,,,,24/07/2026,,,,,2,,,9,0,,0,,,9,,,315,,,,7/24/2026 4:01:48 PM,,,,,,7/24/2026 9:07:39 PM,,
,RD252,,,,,,,,24/07/2026,,,,,2,,,11,1,,56.2,,,10,,,350,,,,7/24/2026 3:39:23 PM,,,,,,7/24/2026 9:50:20 PM,,
,RD121,,,,,,,,24/07/2026,,,,,3,,,8,8,,529.97,,,0,,,0,,,,7/24/2026 11:17:17 PM,,,,,,7/25/2026 4:56:48 AM,,
,RD126,,,,,,,,24/07/2026,,,,,3,,,1,1,,47.95,,,0,,,0,,,,7/24/2026 10:54:51 PM,,,,,,7/24/2026 10:54:51 PM,,
,RD141,,,,,,,,24/07/2026,,,,,3,,,12,12,,814.7,,,0,,,0,,,,7/24/2026 10:05:29 PM,,,,,,7/25/2026 5:59:59 AM,,
,RD226,,,,,,,,24/07/2026,,,,,3,,,8,8,,516.2,,,0,,,0,,,,7/24/2026 10:46:52 PM,,,,,,7/25/2026 4:38:43 AM,,
,RD228,,,,,,,,24/07/2026,,,,,3,,,8,0,,0,,,8,,,280,,,,7/24/2026 11:02:07 PM,,,,,,7/25/2026 5:13:31 AM,,
,RD230,,,,,,,,24/07/2026,,,,,3,,,16,1,,101.3,,,15,,,525,,,,7/24/2026 11:07:18 PM,,,,,,7/25/2026 5:16:22 AM,,
,RD231,,,,,,,,24/07/2026,,,,,3,,,13,0,,0,,,13,,,455,,,,7/24/2026 11:00:24 PM,,,,,,7/25/2026 5:03:19 AM,,
,RD232,,,,,,,,24/07/2026,,,,,3,,,18,2,,129.4,,,16,,,560,,,,7/24/2026 10:08:50 PM,,,,,,7/25/2026 5:38:16 AM,,
,RD233,,,,,,,,24/07/2026,,,,,3,,,24,1,,54.4,,,23,,,805,,,,7/24/2026 11:09:40 PM,,,,,,7/25/2026 5:45:42 AM,,
,RD234,,,,,,,,24/07/2026,,,,,3,,,11,11,,718.95,,,0,,,0,,,,7/24/2026 10:20:53 PM,,,,,,7/25/2026 4:47:57 AM,,
,RD235,,,,,,,,24/07/2026,,,,,3,,,15,0,,0,,,15,,,525,,,,7/24/2026 10:52:01 PM,,,,,,7/25/2026 5:30:02 AM,,
,RD236,,,,,,,,24/07/2026,,,,,3,,,19,0,,0,,,19,,,665,,,,7/24/2026 11:06:24 PM,,,,,,7/25/2026 5:19:17 AM,,
,RD237,,,,,,,,24/07/2026,,,,,3,,,11,11,,527.45,,,0,,,0,,,,7/24/2026 10:38:34 PM,,,,,,7/25/2026 5:09:29 AM,,
,RD238,,,,,,,,24/07/2026,,,,,3,,,6,0,,0,,,6,,,210,,,,7/25/2026 12:12:28 AM,,,,,,7/25/2026 5:10:38 AM,,
,RD239,,,,,,,,24/07/2026,,,,,3,,,9,9,,594.8,,,0,,,0,,,,7/24/2026 10:51:14 PM,,,,,,7/25/2026 4:43:16 AM,,
,RD240,,,,,,,,24/07/2026,,,,,3,,,7,7,,451.15,,,0,,,0,,,,7/24/2026 11:57:33 PM,,,,,,7/25/2026 4:52:09 AM,,
,RD241,,,,,,,,24/07/2026,,,,,3,,,19,1,,47.95,,,18,,,630,,,,7/24/2026 10:50:14 PM,,,,,,7/25/2026 5:20:31 AM,,
,RD242,,,,,,,,24/07/2026,,,,,3,,,24,2,,156.8,,,22,,,770,,,,7/24/2026 11:03:20 PM,,,,,,7/25/2026 5:42:41 AM,,
,RD243,,,,,,,,24/07/2026,,,,,3,,,13,0,,0,,,13,,,455,,,,7/24/2026 10:54:50 PM,,,,,,7/25/2026 5:14:41 AM,,
,RD244,,,,,,,,24/07/2026,,,,,3,,,16,0,,0,,,16,,,560,,,,7/24/2026 10:58:56 PM,,,,,,7/25/2026 5:05:46 AM,,
,RD245,,,,,,,,24/07/2026,,,,,3,,,14,2,,118.9,,,12,,,420,,,,7/24/2026 11:19:10 PM,,,,,,7/25/2026 5:34:13 AM,,
,RD246,,,,,,,,24/07/2026,,,,,3,,,15,0,,0,,,15,,,525,,,,7/24/2026 10:56:17 PM,,,,,,7/25/2026 5:10:30 AM,,
,RD248,,,,,,,,24/07/2026,,,,,3,,,14,3,,191.6,,,11,,,385,,,,7/24/2026 11:22:54 PM,,,,,,7/25/2026 5:49:06 AM,,
,RD249,,,,,,,,24/07/2026,,,,,3,,,16,1,,47.95,,,15,,,525,,,,7/24/2026 10:13:00 PM,,,,,,7/25/2026 5:12:10 AM,,
,RD250,,,,,,,,24/07/2026,,,,,3,,,9,0,,0,,,9,,,315,,,,7/24/2026 10:57:02 PM,,,,,,7/25/2026 5:06:26 AM,,
,RD251,,,,,,,,24/07/2026,,,,,3,,,23,0,,0,,,23,,,805,,,,7/24/2026 10:51:22 PM,,,,,,7/25/2026 5:21:46 AM,,
,RD252,,,,,,,,24/07/2026,,,,,3,,,10,10,,711.35,,,0,,,0,,,,7/24/2026 10:16:55 PM,,,,,,7/25/2026 4:33:26 AM,,
,RD121,,,,,,,,25/07/2026,,,,,1,,,8,8,,486.99,,,0,,,0,,,,7/25/2026 6:45:26 AM,,,,,,7/25/2026 12:49:15 PM,,
,RD122,,,,,,,,25/07/2026,,,,,1,,,2,2,,95.9,,,0,,,0,,,,7/25/2026 7:17:13 AM,,,,,,7/25/2026 8:22:21 AM,,
,RD126,,,,,,,,25/07/2026,,,,,1,,,6,6,,305.61,,,0,,,0,,,,7/25/2026 7:35:15 AM,,,,,,7/25/2026 12:44:53 PM,,
,RD132,,,,,,,,25/07/2026,,,,,1,,,11,0,,0,,,11,,,385,,,,7/25/2026 9:06:43 AM,,,,,,7/25/2026 12:50:47 PM,,
,RD141,,,,,,,,25/07/2026,,,,,1,,,7,7,,426.73,,,0,,,0,,,,7/25/2026 7:23:30 AM,,,,,,7/25/2026 12:33:11 PM,,
,RD226,,,,,,,,25/07/2026,,,,,1,,,10,10,,584,,,0,,,0,,,,7/25/2026 6:47:57 AM,,,,,,7/25/2026 1:03:45 PM,,
,RD227,,,,,,,,25/07/2026,,,,,1,,,12,0,,0,,,12,,,420,,,,7/25/2026 7:45:26 AM,,,,,,7/25/2026 12:27:42 PM,,
,RD228,,,,,,,,25/07/2026,,,,,1,,,14,0,,0,,,14,,,490,,,,7/25/2026 6:51:53 AM,,,,,,7/25/2026 12:58:43 PM,,
,RD230,,,,,,,,25/07/2026,,,,,1,,,15,0,,0,,,15,,,525,,,,7/25/2026 6:45:41 AM,,,,,,7/25/2026 12:55:15 PM,,
,RD231,,,,,,,,25/07/2026,,,,,1,,,11,7,,397.9,,,4,,,140,,,,7/25/2026 6:53:37 AM,,,,,,7/25/2026 1:00:42 PM,,
,RD232,,,,,,,,25/07/2026,,,,,1,,,14,2,,127.5,,,12,,,420,,,,7/25/2026 6:08:04 AM,,,,,,7/25/2026 12:43:40 PM,,
,RD233,,,,,,,,25/07/2026,,,,,1,,,17,1,,63.8,,,16,,,560,,,,7/25/2026 6:13:48 AM,,,,,,7/25/2026 1:17:50 PM,,
,RD235,,,,,,,,25/07/2026,,,,,1,,,15,0,,0,,,15,,,525,,,,7/25/2026 6:44:20 AM,,,,,,7/25/2026 1:33:05 PM,,
,RD236,,,,,,,,25/07/2026,,,,,1,,,11,0,,0,,,11,,,385,,,,7/25/2026 7:33:27 AM,,,,,,7/25/2026 12:53:41 PM,,
,RD237,,,,,,,,25/07/2026,,,,,1,,,20,0,,0,,,20,,,700,,,,7/25/2026 6:34:43 AM,,,,,,7/25/2026 1:03:08 PM,,
,RD238,,,,,,,,25/07/2026,,,,,1,,,8,8,,481.95,,,0,,,0,,,,7/25/2026 7:29:34 AM,,,,,,7/25/2026 12:53:27 PM,,
,RD239,,,,,,,,25/07/2026,,,,,1,,,26,0,,0,,,26,,,910,,,,7/25/2026 6:44:14 AM,,,,,,7/25/2026 1:15:19 PM,,
,RD240,,,,,,,,25/07/2026,,,,,1,,,8,8,,524.3,,,0,,,0,,,,7/25/2026 7:13:37 AM,,,,,,7/25/2026 12:42:27 PM,,
,RD241,,,,,,,,25/07/2026,,,,,1,,,18,0,,0,,,18,,,630,,,,7/25/2026 6:40:18 AM,,,,,,7/25/2026 1:25:24 PM,,
,RD242,,,,,,,,25/07/2026,,,,,1,,,16,1,,73.1,,,15,,,525,,,,7/25/2026 6:18:08 AM,,,,,,7/25/2026 1:26:19 PM,,
,RD243,,,,,,,,25/07/2026,,,,,1,,,13,0,,0,,,13,,,455,,,,7/25/2026 7:30:26 AM,,,,,,7/25/2026 1:07:26 PM,,
,RD244,,,,,,,,25/07/2026,,,,,1,,,22,0,,0,,,22,,,770,,,,7/25/2026 6:50:18 AM,,,,,,7/25/2026 1:19:57 PM,,
,RD245,,,,,,,,25/07/2026,,,,,1,,,13,8,,457.3,,,5,,,175,,,,7/25/2026 6:02:18 AM,,,,,,7/25/2026 1:05:50 PM,,
,RD246,,,,,,,,25/07/2026,,,,,1,,,5,0,,0,,,5,,,175,,,,7/25/2026 7:27:32 AM,,,,,,7/25/2026 8:28:36 AM,,
,RD248,,,,,,,,25/07/2026,,,,,1,,,14,1,,69.1,,,13,,,455,,,,7/25/2026 6:22:59 AM,,,,,,7/25/2026 12:56:50 PM,,
,RD249,,,,,,,,25/07/2026,,,,,1,,,14,0,,0,,,14,,,490,,,,7/25/2026 6:43:36 AM,,,,,,7/25/2026 1:10:53 PM,,
,RD250,,,,,,,,25/07/2026,,,,,1,,,13,2,,126.2,,,11,,,385,,,,7/25/2026 7:01:20 AM,,,,,,7/25/2026 1:17:39 PM,,
,RD251,,,,,,,,25/07/2026,,,,,1,,,14,0,,0,,,14,,,490,,,,7/25/2026 6:40:23 AM,,,,,,7/25/2026 1:14:28 PM,,
,RD252,,,,,,,,25/07/2026,,,,,1,,,13,0,,0,,,13,,,455,,,,7/25/2026 6:49:35 AM,,,,,,7/25/2026 12:49:32 PM,,
,RD126,,,,,,,,25/07/2026,,,,,2,,,10,10,,719.67,,,0,,,0,,,,7/25/2026 4:01:10 PM,,,,,,7/25/2026 9:07:01 PM,,
,RD132,,,,,,,,25/07/2026,,,,,2,,,3,3,,196.94,,,0,,,0,,,,7/25/2026 4:06:35 PM,,,,,,7/25/2026 5:54:39 PM,,
,RD136,,,,,,,,25/07/2026,,,,,2,,,1,1,,47.95,,,0,,,0,,,,7/25/2026 3:57:40 PM,,,,,,7/25/2026 3:57:40 PM,,
,RD141,,,,,,,,25/07/2026,,,,,2,,,6,6,,379.93,,,0,,,0,,,,7/25/2026 3:44:13 PM,,,,,,7/25/2026 7:50:41 PM,,
,RD226,,,,,,,,25/07/2026,,,,,2,,,10,10,,611.1,,,0,,,0,,,,7/25/2026 4:09:51 PM,,,,,,7/25/2026 9:20:47 PM,,
,RD227,,,,,,,,25/07/2026,,,,,2,,,19,0,,0,,,19,,,665,,,,7/25/2026 3:31:16 PM,,,,,,7/25/2026 9:19:04 PM,,
,RD228,,,,,,,,25/07/2026,,,,,2,,,18,0,,0,,,18,,,630,,,,7/25/2026 4:28:53 PM,,,,,,7/25/2026 9:25:49 PM,,
,RD230,,,,,,,,25/07/2026,,,,,2,,,10,10,,578.9,,,0,,,0,,,,7/25/2026 4:31:13 PM,,,,,,7/25/2026 9:17:25 PM,,
,RD231,,,,,,,,25/07/2026,,,,,2,,,10,0,,0,,,10,,,350,,,,7/25/2026 6:06:14 PM,,,,,,7/25/2026 8:55:02 PM,,
,RD232,,,,,,,,25/07/2026,,,,,2,,,16,0,,0,,,16,,,560,,,,7/25/2026 3:43:19 PM,,,,,,7/25/2026 9:17:51 PM,,
,RD233,,,,,,,,25/07/2026,,,,,2,,,20,1,,58.6,,,19,,,665,,,,7/25/2026 3:52:15 PM,,,,,,7/25/2026 8:59:21 PM,,
,RD235,,,,,,,,25/07/2026,,,,,2,,,16,0,,0,,,16,,,560,,,,7/25/2026 4:11:57 PM,,,,,,7/25/2026 9:20:18 PM,,
,RD236,,,,,,,,25/07/2026,,,,,2,,,17,0,,0,,,17,,,595,,,,7/25/2026 4:02:10 PM,,,,,,7/25/2026 9:16:16 PM,,
,RD237,,,,,,,,25/07/2026,,,,,2,,,9,7,,335.65,,,2,,,70,,,,7/25/2026 4:21:06 PM,,,,,,7/25/2026 8:43:18 PM,,
,RD238,,,,,,,,25/07/2026,,,,,2,,,16,2,,112.4,,,14,,,490,,,,7/25/2026 4:27:38 PM,,,,,,7/25/2026 9:52:50 PM,,
,RD239,,,,,,,,25/07/2026,,,,,2,,,13,2,,106.55,,,11,,,385,,,,7/25/2026 4:00:57 PM,,,,,,7/25/2026 9:46:41 PM,,
,RD240,,,,,,,,25/07/2026,,,,,2,,,19,0,,0,,,19,,,665,,,,7/25/2026 3:44:59 PM,,,,,,7/25/2026 9:15:10 PM,,
,RD241,,,,,,,,25/07/2026,,,,,2,,,16,0,,0,,,16,,,560,,,,7/25/2026 3:43:31 PM,,,,,,7/25/2026 9:18:24 PM,,
,RD242,,,,,,,,25/07/2026,,,,,2,,,8,5,,273.9,,,3,,,105,,,,7/25/2026 4:20:33 PM,,,,,,7/25/2026 8:51:29 PM,,
,RD243,,,,,,,,25/07/2026,,,,,2,,,18,0,,0,,,18,,,630,,,,7/25/2026 3:47:21 PM,,,,,,7/25/2026 9:11:09 PM,,
,RD244,,,,,,,,25/07/2026,,,,,2,,,14,0,,0,,,14,,,490,,,,7/25/2026 4:21:25 PM,,,,,,7/25/2026 9:08:10 PM,,
,RD245,,,,,,,,25/07/2026,,,,,2,,,14,1,,92.6,,,13,,,455,,,,7/25/2026 3:53:31 PM,,,,,,7/25/2026 9:04:53 PM,,
,RD248,,,,,,,,25/07/2026,,,,,2,,,8,3,,169.9,,,5,,,175,,,,7/25/2026 3:53:38 PM,,,,,,7/25/2026 9:11:28 PM,,
,RD249,,,,,,,,25/07/2026,,,,,2,,,12,4,,223.05,,,8,,,280,,,,7/25/2026 3:47:39 PM,,,,,,7/25/2026 8:55:28 PM,,
,RD250,,,,,,,,25/07/2026,,,,,2,,,16,0,,0,,,16,,,560,,,,7/25/2026 4:06:52 PM,,,,,,7/25/2026 9:14:18 PM,,
,RD251,,,,,,,,25/07/2026,,,,,2,,,18,1,,55.9,,,17,,,595,,,,7/25/2026 4:18:15 PM,,,,,,7/25/2026 9:03:28 PM,,
,RD252,,,,,,,,25/07/2026,,,,,2,,,13,0,,0,,,13,,,455,,,,7/25/2026 4:43:08 PM,,,,,,7/25/2026 9:09:50 PM,,
,RD253,,,,,,,,25/07/2026,,,,,2,,,14,0,,0,,,14,,,490,,,,7/25/2026 4:14:05 PM,,,,,,7/25/2026 9:05:35 PM,,
,RD226,,,,,,,,25/07/2026,,,,,3,,,13,13,,837,,,0,,,0,,,,7/25/2026 10:40:10 PM,,,,,,7/26/2026 5:16:22 AM,,
,RD227,,,,,,,,25/07/2026,,,,,3,,,14,14,,912.1,,,0,,,0,,,,7/25/2026 10:35:12 PM,,,,,,7/26/2026 4:55:39 AM,,
,RD228,,,,,,,,25/07/2026,,,,,3,,,14,0,,0,,,14,,,490,,,,7/25/2026 11:07:46 PM,,,,,,7/26/2026 5:18:37 AM,,
,RD230,,,,,,,,25/07/2026,,,,,3,,,15,2,,133.6,,,13,,,455,,,,7/25/2026 11:11:37 PM,,,,,,7/26/2026 5:12:17 AM,,
,RD231,,,,,,,,25/07/2026,,,,,3,,,14,5,,286.2,,,9,,,315,,,,7/25/2026 10:50:31 PM,,,,,,7/26/2026 4:46:47 AM,,
,RD232,,,,,,,,25/07/2026,,,,,3,,,41,0,,0,,,41,,,1435,,,,7/25/2026 10:54:14 PM,,,,,,7/26/2026 5:39:02 AM,,
,RD233,,,,,,,,25/07/2026,,,,,3,,,14,0,,0,,,14,,,490,,,,7/25/2026 11:00:00 PM,,,,,,7/26/2026 5:21:52 AM,,
,RD235,,,,,,,,25/07/2026,,,,,3,,,19,0,,0,,,19,,,665,,,,7/25/2026 10:58:16 PM,,,,,,7/26/2026 5:13:41 AM,,
,RD236,,,,,,,,25/07/2026,,,,,3,,,12,0,,0,,,12,,,420,,,,7/25/2026 11:29:19 PM,,,,,,7/26/2026 1:23:23 AM,,
,RD237,,,,,,,,25/07/2026,,,,,3,,,11,11,,527.45,,,0,,,0,,,,7/25/2026 11:01:30 PM,,,,,,7/26/2026 5:07:53 AM,,
,RD238,,,,,,,,25/07/2026,,,,,3,,,22,3,,215.1,,,19,,,665,,,,7/25/2026 10:01:26 PM,,,,,,7/26/2026 5:16:29 AM,,
,RD239,,,,,,,,25/07/2026,,,,,3,,,24,4,,227.9,,,20,,,700,,,,7/25/2026 10:00:59 PM,,,,,,7/26/2026 5:38:53 AM,,
,RD240,,,,,,,,25/07/2026,,,,,3,,,21,1,,59.1,,,20,,,700,,,,7/25/2026 11:08:37 PM,,,,,,7/26/2026 5:31:51 AM,,
,RD241,,,,,,,,25/07/2026,,,,,3,,,29,0,,0,,,29,,,1015,,,,7/25/2026 10:54:46 PM,,,,,,7/26/2026 5:26:44 AM,,
,RD242,,,,,,,,25/07/2026,,,,,3,,,20,0,,0,,,20,,,700,,,,7/25/2026 11:04:24 PM,,,,,,7/26/2026 5:10:42 AM,,
,RD243,,,,,,,,25/07/2026,,,,,3,,,13,0,,0,,,13,,,455,,,,7/25/2026 11:13:23 PM,,,,,,7/26/2026 5:15:30 AM,,
,RD244,,,,,,,,25/07/2026,,,,,3,,,40,0,,0,,,40,,,1400,,,,7/25/2026 10:41:09 PM,,,,,,7/26/2026 5:28:44 AM,,
,RD245,,,,,,,,25/07/2026,,,,,3,,,12,12,,761.65,,,0,,,0,,,,7/25/2026 10:55:21 PM,,,,,,7/26/2026 5:12:02 AM,,
,RD248,,,,,,,,25/07/2026,,,,,3,,,22,0,,0,,,22,,,770,,,,7/25/2026 11:01:07 PM,,,,,,7/26/2026 5:18:58 AM,,
,RD249,,,,,,,,25/07/2026,,,,,3,,,22,1,,63.8,,,21,,,735,,,,7/25/2026 10:48:56 PM,,,,,,7/26/2026 5:45:16 AM,,
,RD250,,,,,,,,25/07/2026,,,,,3,,,9,9,,557.8,,,0,,,0,,,,7/25/2026 11:12:35 PM,,,,,,7/26/2026 5:00:03 AM,,
,RD251,,,,,,,,25/07/2026,,,,,3,,,20,0,,0,,,20,,,700,,,,7/26/2026 2:25:42 AM,,,,,,7/26/2026 5:37:42 AM,,
,RD252,,,,,,,,25/07/2026,,,,,3,,,11,11,,700.7,,,0,,,0,,,,7/25/2026 11:07:32 PM,,,,,,7/26/2026 5:59:36 AM,,
,RD253,,,,,,,,25/07/2026,,,,,3,,,11,11,,641.75,,,0,,,0,,,,7/25/2026 10:56:02 PM,,,,,,7/26/2026 5:36:29 AM,,
,RD126,,,,,,,,26/07/2026,,,,,1,,,9,9,,627.42,,,0,,,0,,,,7/26/2026 7:11:04 AM,,,,,,7/26/2026 12:23:26 PM,,
,RD132,,,,,,,,26/07/2026,,,,,1,,,10,10,,568.79,,,0,,,0,,,,7/26/2026 6:57:04 AM,,,,,,7/26/2026 12:58:15 PM,,
,RD141,,,,,,,,26/07/2026,,,,,1,,,9,9,,525.92,,,0,,,0,,,,7/26/2026 6:52:14 AM,,,,,,7/26/2026 12:48:06 PM,,
,RD143,,,,,,,,26/07/2026,,,,,1,,,3,3,,143.85,,,0,,,0,,,,7/26/2026 7:14:38 AM,,,,,,7/26/2026 9:10:35 AM,,
,RD226,,,,,,,,26/07/2026,,,,,1,,,10,10,,546.1,,,0,,,0,,,,7/26/2026 7:00:11 AM,,,,,,7/26/2026 1:02:33 PM,,
,RD227,,,,,,,,26/07/2026,,,,,1,,,14,0,,0,,,14,,,490,,,,7/26/2026 6:43:10 AM,,,,,,7/26/2026 12:58:44 PM,,
,RD230,,,,,,,,26/07/2026,,,,,1,,,12,3,,264.9,,,9,,,315,,,,7/26/2026 7:23:56 AM,,,,,,7/26/2026 1:11:55 PM,,
,RD231,,,,,,,,26/07/2026,,,,,1,,,11,0,,0,,,11,,,385,,,,7/26/2026 7:04:59 AM,,,,,,7/26/2026 12:11:06 PM,,
,RD232,,,,,,,,26/07/2026,,,,,1,,,14,1,,53.8,,,13,,,455,,,,7/26/2026 6:07:39 AM,,,,,,7/26/2026 1:07:58 PM,,
,RD233,,,,,,,,26/07/2026,,,,,1,,,3,0,,0,,,3,,,105,,,,7/26/2026 6:48:32 AM,,,,,,7/26/2026 7:39:19 AM,,
,RD234,,,,,,,,26/07/2026,,,,,1,,,22,0,,0,,,22,,,770,,,,7/26/2026 7:02:36 AM,,,,,,7/26/2026 1:17:21 PM,,
,RD235,,,,,,,,26/07/2026,,,,,1,,,8,4,,193.4,,,4,,,140,,,,7/26/2026 7:38:07 AM,,,,,,7/26/2026 12:15:55 PM,,
,RD237,,,,,,,,26/07/2026,,,,,1,,,12,0,,0,,,12,,,420,,,,7/26/2026 7:28:13 AM,,,,,,7/26/2026 1:07:20 PM,,
,RD238,,,,,,,,26/07/2026,,,,,1,,,15,2,,131.1,,,13,,,455,,,,7/26/2026 7:15:18 AM,,,,,,7/26/2026 1:13:05 PM,,
,RD239,,,,,,,,26/07/2026,,,,,1,,,1,1,,61.4,,,0,,,0,,,,7/26/2026 6:10:29 AM,,,,,,7/26/2026 6:10:29 AM,,
,RD240,,,,,,,,26/07/2026,,,,,1,,,10,1,,53.4,,,9,,,315,,,,7/26/2026 6:04:26 AM,,,,,,7/26/2026 1:05:05 PM,,
,RD241,,,,,,,,26/07/2026,,,,,1,,,13,1,,84.9,,,12,,,420,,,,7/26/2026 6:50:50 AM,,,,,,7/26/2026 1:01:09 PM,,
,RD242,,,,,,,,26/07/2026,,,,,1,,,24,0,,0,,,24,,,840,,,,7/26/2026 6:46:23 AM,,,,,,7/26/2026 1:19:22 PM,,
,RD243,,,,,,,,26/07/2026,,,,,1,,,18,1,,55.3,,,17,,,595,,,,7/26/2026 6:45:37 AM,,,,,,7/26/2026 12:53:46 PM,,
,RD244,,,,,,,,26/07/2026,,,,,1,,,6,3,,161.1,,,3,,,105,,,,7/26/2026 9:53:04 AM,,,,,,7/26/2026 1:05:23 PM,,
,RD245,,,,,,,,26/07/2026,,,,,1,,,22,0,,0,,,22,,,770,,,,7/26/2026 6:40:18 AM,,,,,,7/26/2026 1:22:17 PM,,
,RD246,,,,,,,,26/07/2026,,,,,1,,,15,1,,96.1,,,14,,,490,,,,7/26/2026 6:44:44 AM,,,,,,7/26/2026 1:28:55 PM,,
,RD247,,,,,,,,26/07/2026,,,,,1,,,18,0,,0,,,18,,,630,,,,7/26/2026 7:03:18 AM,,,,,,7/26/2026 1:04:43 PM,,
,RD248,,,,,,,,26/07/2026,,,,,1,,,11,0,,0,,,11,,,385,,,,7/26/2026 6:53:25 AM,,,,,,7/26/2026 1:07:44 PM,,
,RD249,,,,,,,,26/07/2026,,,,,1,,,15,1,,61.7,,,14,,,490,,,,7/26/2026 6:16:53 AM,,,,,,7/26/2026 1:01:49 PM,,
,RD250,,,,,,,,26/07/2026,,,,,1,,,20,0,,0,,,20,,,700,,,,7/26/2026 6:53:13 AM,,,,,,7/26/2026 1:07:59 PM,,
,RD251,,,,,,,,26/07/2026,,,,,1,,,11,0,,0,,,11,,,385,,,,7/26/2026 7:03:11 AM,,,,,,7/26/2026 9:38:54 AM,,
,RD252,,,,,,,,26/07/2026,,,,,1,,,10,10,,561.25,,,0,,,0,,,,7/26/2026 7:03:11 AM,,,,,,7/26/2026 12:44:04 PM,,
,RD253,,,,,,,,26/07/2026,,,,,1,,,10,1,,61.4,,,9,,,315,,,,7/26/2026 6:13:45 AM,,,,,,7/26/2026 11:41:28 AM,,
,RD141,,,,,,,,26/07/2026,,,,,2,,,2,0,,0,,,2,,,70,,,,7/26/2026 4:27:35 PM,,,,,,7/26/2026 5:14:35 PM,,
,RD143,,,,,,,,26/07/2026,,,,,2,,,8,1,,47.95,,,7,,,245,,,,7/26/2026 3:32:28 PM,,,,,,7/26/2026 8:45:59 PM,,
,RD226,,,,,,,,26/07/2026,,,,,2,,,10,10,,687.3,,,0,,,0,,,,7/26/2026 3:10:09 PM,,,,,,7/26/2026 9:06:15 PM,,
,RD227,,,,,,,,26/07/2026,,,,,2,,,10,10,,635.1,,,0,,,0,,,,7/26/2026 3:29:32 PM,,,,,,7/26/2026 9:10:08 PM,,
,RD228,,,,,,,,26/07/2026,,,,,2,,,4,4,,265.1,,,0,,,0,,,,7/26/2026 6:19:03 PM,,,,,,7/26/2026 8:52:35 PM,,
,RD230,,,,,,,,26/07/2026,,,,,2,,,9,9,,590.4,,,0,,,0,,,,7/26/2026 3:32:55 PM,,,,,,7/26/2026 8:48:51 PM,,
,RD231,,,,,,,,26/07/2026,,,,,2,,,36,0,,0,,,36,,,1260,,,,7/26/2026 3:23:24 PM,,,,,,7/26/2026 9:29:34 PM,,
,RD232,,,,,,,,26/07/2026,,,,,2,,,35,0,,0,,,35,,,1225,,,,7/26/2026 3:23:44 PM,,,,,,7/26/2026 9:25:34 PM,,
,RD233,,,,,,,,26/07/2026,,,,,2,,,7,0,,0,,,7,,,245,,,,7/26/2026 7:14:28 PM,,,,,,7/26/2026 9:16:51 PM,,
,RD234,,,,,,,,26/07/2026,,,,,2,,,20,8,,701.6,,,12,,,420,,,,7/26/2026 3:42:01 PM,,,,,,7/26/2026 9:13:41 PM,,
,RD235,,,,,,,,26/07/2026,,,,,2,,,17,1,,62.9,,,16,,,560,,,,7/26/2026 3:20:17 PM,,,,,,7/26/2026 9:17:54 PM,,
,RD236,,,,,,,,26/07/2026,,,,,2,,,36,0,,0,,,36,,,1260,,,,7/26/2026 3:28:08 PM,,,,,,7/26/2026 9:23:09 PM,,
,RD237,,,,,,,,26/07/2026,,,,,2,,,11,0,,0,,,11,,,385,,,,7/26/2026 3:47:07 PM,,,,,,7/26/2026 9:20:17 PM,,
,RD238,,,,,,,,26/07/2026,,,,,2,,,18,1,,94.3,,,17,,,595,,,,7/26/2026 3:40:21 PM,,,,,,7/26/2026 9:16:40 PM,,
,RD240,,,,,,,,26/07/2026,,,,,2,,,7,7,,449.3,,,0,,,0,,,,7/26/2026 3:23:03 PM,,,,,,7/26/2026 6:49:08 PM,,
,RD241,,,,,,,,26/07/2026,,,,,2,,,14,0,,0,,,14,,,490,,,,7/26/2026 3:20:18 PM,,,,,,7/26/2026 9:20:25 PM,,
,RD242,,,,,,,,26/07/2026,,,,,2,,,17,0,,0,,,17,,,595,,,,7/26/2026 3:36:18 PM,,,,,,7/26/2026 9:16:00 PM,,
,RD243,,,,,,,,26/07/2026,,,,,2,,,12,0,,0,,,12,,,420,,,,7/26/2026 3:27:45 PM,,,,,,7/26/2026 8:51:31 PM,,
,RD244,,,,,,,,26/07/2026,,,,,2,,,36,0,,0,,,36,,,1260,,,,7/26/2026 3:21:12 PM,,,,,,7/26/2026 9:27:24 PM,,
,RD245,,,,,,,,26/07/2026,,,,,2,,,16,1,,88.4,,,15,,,525,,,,7/26/2026 3:28:45 PM,,,,,,7/26/2026 9:20:53 PM,,
,RD246,,,,,,,,26/07/2026,,,,,2,,,17,6,,567,,,11,,,385,,,,7/26/2026 3:50:24 PM,,,,,,7/26/2026 9:22:58 PM,,
,RD247,,,,,,,,26/07/2026,,,,,2,,,17,0,,0,,,17,,,595,,,,7/26/2026 3:42:53 PM,,,,,,7/26/2026 9:23:54 PM,,
,RD248,,,,,,,,26/07/2026,,,,,2,,,11,11,,738.1,,,0,,,0,,,,7/26/2026 3:26:59 PM,,,,,,7/26/2026 9:13:32 PM,,
,RD249,,,,,,,,26/07/2026,,,,,2,,,9,9,,582.2,,,0,,,0,,,,7/26/2026 4:12:14 PM,,,,,,7/26/2026 9:02:00 PM,,
,RD250,,,,,,,,26/07/2026,,,,,2,,,15,5,,454.1,,,10,,,350,,,,7/26/2026 3:48:03 PM,,,,,,7/26/2026 9:09:41 PM,,
,RD251,,,,,,,,26/07/2026,,,,,2,,,13,0,,0,,,13,,,455,,,,7/26/2026 3:48:02 PM,,,,,,7/26/2026 9:13:01 PM,,
,RD252,,,,,,,,26/07/2026,,,,,2,,,11,11,,741.4,,,0,,,0,,,,7/26/2026 3:37:02 PM,,,,,,7/26/2026 9:20:45 PM,,
,RD253,,,,,,,,26/07/2026,,,,,2,,,9,1,,74.8,,,8,,,280,,,,7/26/2026 3:39:08 PM,,,,,,7/26/2026 9:03:14 PM,,
,RD121,,,,,,,,26/07/2026,,,,,3,,,9,9,,596.15,,,0,,,0,,,,7/26/2026 11:21:29 PM,,,,,,7/27/2026 4:50:57 AM,,
,RD226,,,,,,,,26/07/2026,,,,,3,,,8,8,,564.4,,,0,,,0,,,,7/26/2026 10:51:33 PM,,,,,,7/27/2026 5:16:04 AM,,
,RD227,,,,,,,,26/07/2026,,,,,3,,,7,7,,443.45,,,0,,,0,,,,7/26/2026 11:16:31 PM,,,,,,7/27/2026 4:55:54 AM,,
,RD228,,,,,,,,26/07/2026,,,,,3,,,9,9,,600.6,,,0,,,0,,,,7/26/2026 11:10:18 PM,,,,,,7/27/2026 5:01:22 AM,,
,RD230,,,,,,,,26/07/2026,,,,,3,,,5,5,,336.2,,,0,,,0,,,,7/26/2026 11:00:27 PM,,,,,,7/27/2026 5:10:19 AM,,
,RD231,,,,,,,,26/07/2026,,,,,3,,,1,0,,0,,,1,,,35,,,,7/26/2026 11:03:00 PM,,,,,,7/26/2026 11:03:00 PM,,
,RD232,,,,,,,,26/07/2026,,,,,3,,,9,0,,0,,,9,,,315,,,,7/26/2026 10:58:40 PM,,,,,,7/27/2026 3:41:06 AM,,
,RD233,,,,,,,,26/07/2026,,,,,3,,,6,1,,93.4,,,5,,,175,,,,7/27/2026 12:08:06 AM,,,,,,7/27/2026 4:13:17 AM,,
,RD234,,,,,,,,26/07/2026,,,,,3,,,16,0,,0,,,16,,,560,,,,7/26/2026 11:17:14 PM,,,,,,7/27/2026 5:15:47 AM,,
,RD235,,,,,,,,26/07/2026,,,,,3,,,21,0,,0,,,21,,,735,,,,7/26/2026 10:56:28 PM,,,,,,7/27/2026 5:23:29 AM,,
,RD236,,,,,,,,26/07/2026,,,,,3,,,11,0,,0,,,11,,,385,,,,7/26/2026 11:07:30 PM,,,,,,7/27/2026 5:18:24 AM,,
,RD237,,,,,,,,26/07/2026,,,,,3,,,12,2,,95.9,,,10,,,350,,,,7/26/2026 10:29:03 PM,,,,,,7/27/2026 4:37:56 AM,,
,RD238,,,,,,,,26/07/2026,,,,,3,,,12,4,,344.7,,,8,,,280,,,,7/26/2026 10:49:40 PM,,,,,,7/27/2026 4:47:16 AM,,
,RD240,,,,,,,,26/07/2026,,,,,3,,,10,10,,664.05,,,0,,,0,,,,7/26/2026 11:05:08 PM,,,,,,7/27/2026 5:13:10 AM,,
,RD241,,,,,,,,26/07/2026,,,,,3,,,29,0,,0,,,29,,,1015,,,,7/26/2026 10:36:49 PM,,,,,,7/27/2026 5:24:35 AM,,
,RD242,,,,,,,,26/07/2026,,,,,3,,,31,0,,0,,,31,,,1085,,,,7/26/2026 10:33:58 PM,,,,,,7/27/2026 5:30:47 AM,,
,RD243,,,,,,,,26/07/2026,,,,,3,,,27,0,,0,,,27,,,945,,,,7/26/2026 10:57:32 PM,,,,,,7/27/2026 5:39:58 AM,,
,RD244,,,,,,,,26/07/2026,,,,,3,,,18,0,,0,,,18,,,630,,,,7/26/2026 10:45:44 PM,,,,,,7/27/2026 5:28:25 AM,,
,RD245,,,,,,,,26/07/2026,,,,,3,,,9,9,,577.8,,,0,,,0,,,,7/26/2026 10:45:42 PM,,,,,,7/27/2026 5:04:06 AM,,
,RD246,,,,,,,,26/07/2026,,,,,3,,,20,1,,80.5,,,19,,,665,,,,7/26/2026 11:22:54 PM,,,,,,7/27/2026 5:26:04 AM,,
,RD247,,,,,,,,26/07/2026,,,,,3,,,21,1,,73.8,,,20,,,700,,,,7/26/2026 10:45:52 PM,,,,,,7/27/2026 5:20:59 AM,,
,RD248,,,,,,,,26/07/2026,,,,,3,,,21,0,,0,,,21,,,735,,,,7/26/2026 11:06:54 PM,,,,,,7/27/2026 5:19:07 AM,,
,RD249,,,,,,,,26/07/2026,,,,,3,,,14,0,,0,,,14,,,490,,,,7/27/2026 1:44:06 AM,,,,,,7/27/2026 5:15:53 AM,,
,RD250,,,,,,,,26/07/2026,,,,,3,,,24,0,,0,,,24,,,840,,,,7/26/2026 11:00:57 PM,,,,,,7/27/2026 5:23:05 AM,,
,RD251,,,,,,,,26/07/2026,,,,,3,,,8,8,,456.45,,,0,,,0,,,,7/26/2026 10:55:56 PM,,,,,,7/27/2026 5:07:20 AM,,
,RD252,,,,,,,,26/07/2026,,,,,3,,,13,2,,174.4,,,11,,,385,,,,7/26/2026 10:49:51 PM,,,,,,7/27/2026 4:45:58 AM,,
,RD253,,,,,,,,26/07/2026,,,,,3,,,27,0,,0,,,27,,,945,,,,7/26/2026 10:42:51 PM,,,,,,7/27/2026 5:31:33 AM,,
,RD226,,,,,,,,27/07/2026,,,,,1,,,10,10,,664.9,,,0,,,0,,,,7/27/2026 6:58:41 AM,,,,,,7/27/2026 1:04:37 PM,,
,RD227,,,,,,,,27/07/2026,,,,,1,,,11,11,,653.35,,,0,,,0,,,,7/27/2026 7:20:45 AM,,,,,,7/27/2026 1:26:36 PM,,
,RD228,,,,,,,,27/07/2026,,,,,1,,,20,1,,104.6,,,19,,,665,,,,7/27/2026 6:49:28 AM,,,,,,7/27/2026 1:19:05 PM,,
,RD229,,,,,,,,27/07/2026,,,,,1,,,5,5,,297.05,,,0,,,0,,,,7/27/2026 7:24:32 AM,,,,,,7/27/2026 11:42:56 AM,,
,RD230,,,,,,,,27/07/2026,,,,,1,,,9,9,,572.2,,,0,,,0,,,,7/27/2026 7:15:59 AM,,,,,,7/27/2026 12:55:28 PM,,
,RD231,,,,,,,,27/07/2026,,,,,1,,,19,0,,0,,,19,,,665,,,,7/27/2026 8:12:28 AM,,,,,,7/27/2026 1:13:20 PM,,
,RD232,,,,,,,,27/07/2026,,,,,1,,,17,1,,85.8,,,16,,,560,,,,7/27/2026 7:15:50 AM,,,,,,7/27/2026 1:22:15 PM,,
,RD233,,,,,,,,27/07/2026,,,,,1,,,8,8,,520.9,,,0,,,0,,,,7/27/2026 7:11:58 AM,,,,,,7/27/2026 12:58:24 PM,,
,RD234,,,,,,,,27/07/2026,,,,,1,,,3,3,,163.95,,,0,,,0,,,,7/27/2026 7:01:27 AM,,,,,,7/27/2026 1:21:28 PM,,
,RD235,,,,,,,,27/07/2026,,,,,1,,,11,11,,713.65,,,0,,,0,,,,7/27/2026 7:08:55 AM,,,,,,7/27/2026 1:27:57 PM,,
,RD236,,,,,,,,27/07/2026,,,,,1,,,15,0,,0,,,15,,,525,,,,7/27/2026 8:40:33 AM,,,,,,7/27/2026 1:23:10 PM,,
,RD237,,,,,,,,27/07/2026,,,,,1,,,14,4,,191.8,,,10,,,350,,,,7/27/2026 7:08:31 AM,,,,,,7/27/2026 1:30:26 PM,,
,RD238,,,,,,,,27/07/2026,,,,,1,,,18,0,,0,,,18,,,630,,,,7/27/2026 8:08:25 AM,,,,,,7/27/2026 1:15:11 PM,,
,RD240,,,,,,,,27/07/2026,,,,,1,,,24,4,,338,,,20,,,700,,,,7/27/2026 7:00:13 AM,,,,,,7/27/2026 1:08:49 PM,,
,RD241,,,,,,,,27/07/2026,,,,,1,,,17,0,,0,,,17,,,595,,,,7/27/2026 8:35:24 AM,,,,,,7/27/2026 1:11:06 PM,,
,RD242,,,,,,,,27/07/2026,,,,,1,,,41,1,,94.5,,,40,,,1400,,,,7/27/2026 6:50:06 AM,,,,,,7/27/2026 1:24:40 PM,,
,RD243,,,,,,,,27/07/2026,,,,,1,,,8,1,,101.3,,,7,,,245,,,,7/27/2026 7:11:44 AM,,,,,,7/27/2026 1:08:33 PM,,
,RD244,,,,,,,,27/07/2026,,,,,1,,,12,12,,831.45,,,0,,,0,,,,7/27/2026 7:05:34 AM,,,,,,7/27/2026 1:08:29 PM,,
,RD246,,,,,,,,27/07/2026,,,,,1,,,11,2,,165,,,9,,,315,,,,7/27/2026 7:04:40 AM,,,,,,7/27/2026 1:14:34 PM,,
,RD247,,,,,,,,27/07/2026,,,,,1,,,37,0,,0,,,37,,,1295,,,,7/27/2026 6:58:18 AM,,,,,,7/27/2026 1:29:46 PM,,
,RD248,,,,,,,,27/07/2026,,,,,1,,,20,0,,0,,,20,,,700,,,,7/27/2026 7:45:09 AM,,,,,,7/27/2026 1:01:14 PM,,
,RD249,,,,,,,,27/07/2026,,,,,1,,,24,3,,300.8,,,21,,,735,,,,7/27/2026 6:56:07 AM,,,,,,7/27/2026 1:11:22 PM,,
,RD250,,,,,,,,27/07/2026,,,,,1,,,26,4,,339.8,,,22,,,770,,,,7/27/2026 7:06:04 AM,,,,,,7/27/2026 1:18:21 PM,,
,RD251,,,,,,,,27/07/2026,,,,,1,,,7,0,,0,,,7,,,245,,,,7/27/2026 8:49:16 AM,,,,,,7/27/2026 11:31:47 AM,,
,RD252,,,,,,,,27/07/2026,,,,,1,,,23,2,,176.7,,,21,,,735,,,,7/27/2026 6:51:59 AM,,,,,,7/27/2026 1:15:58 PM,,
,RD253,,,,,,,,27/07/2026,,,,,1,,,15,1,,102,,,14,,,490,,,,7/27/2026 8:31:43 AM,,,,,,7/27/2026 1:27:48 PM,,
,RD121,,,,,,,,27/07/2026,,,,,2,,,9,0,,0,,,9,,,315,,,,7/27/2026 5:36:24 PM,,,,,,7/27/2026 9:06:19 PM,,
,RD126,,,,,,,,27/07/2026,,,,,2,,,7,7,,443.93,,,0,,,0,,,,7/27/2026 6:41:22 PM,,,,,,7/27/2026 9:05:22 PM,,
,RD132,,,,,,,,27/07/2026,,,,,2,,,4,4,,301.64,,,0,,,0,,,,7/27/2026 5:14:39 PM,,,,,,7/27/2026 8:30:06 PM,,
,RD143,,,,,,,,27/07/2026,,,,,2,,,8,0,,0,,,8,,,280,,,,7/27/2026 5:40:12 PM,,,,,,7/27/2026 9:26:57 PM,,
,RD226,,,,,,,,27/07/2026,,,,,2,,,7,3,,186.8,,,3,,,105,,,,7/27/2026 5:04:15 PM,,,,,,7/27/2026 8:58:18 PM,,
,RD227,,,,,,,,27/07/2026,,,,,2,,,9,5,,338.7,,,4,,,140,,,,7/27/2026 5:40:42 PM,,,,,,7/27/2026 9:14:47 PM,,
,RD228,,,,,,,,27/07/2026,,,,,2,,,7,6,,452.5,,,1,,,35,,,,7/27/2026 5:44:05 PM,,,,,,7/27/2026 8:47:54 PM,,
,RD229,,,,,,,,27/07/2026,,,,,2,,,3,0,,0,,,3,,,105,,,,7/27/2026 5:44:17 PM,,,,,,7/27/2026 6:35:37 PM,,
,RD230,,,,,,,,27/07/2026,,,,,2,,,13,1,,68.6,,,12,,,420,,,,7/27/2026 5:35:58 PM,,,,,,7/27/2026 9:29:07 PM,,
,RD231,,,,,,,,27/07/2026,,,,,2,,,17,0,,0,,,17,,,595,,,,7/27/2026 5:29:33 PM,,,,,,7/27/2026 9:22:53 PM,,
,RD232,,,,,,,,27/07/2026,,,,,2,,,14,0,,0,,,14,,,490,,,,7/27/2026 5:38:10 PM,,,,,,7/27/2026 9:30:59 PM,,
,RD233,,,,,,,,27/07/2026,,,,,2,,,9,0,,0,,,9,,,315,,,,7/27/2026 5:22:46 PM,,,,,,7/27/2026 9:15:05 PM,,
,RD235,,,,,,,,27/07/2026,,,,,2,,,9,2,,143,,,7,,,245,,,,7/27/2026 6:12:58 PM,,,,,,7/27/2026 9:16:35 PM,,
,RD236,,,,,,,,27/07/2026,,,,,2,,,14,0,,0,,,14,,,490,,,,7/27/2026 5:34:43 PM,,,,,,7/27/2026 9:19:34 PM,,
,RD237,,,,,,,,27/07/2026,,,,,2,,,8,2,,95.9,,,6,,,210,,,,7/27/2026 5:32:17 PM,,,,,,7/27/2026 9:19:46 PM,,
,RD238,,,,,,,,27/07/2026,,,,,2,,,7,5,,341.2,,,2,,,70,,,,7/27/2026 5:46:40 PM,,,,,,7/27/2026 9:08:51 PM,,
,RD240,,,,,,,,27/07/2026,,,,,2,,,13,0,,0,,,13,,,455,,,,7/27/2026 5:25:55 PM,,,,,,7/27/2026 9:19:30 PM,,
,RD241,,,,,,,,27/07/2026,,,,,2,,,10,4,,246.6,,,5,,,175,,,,7/27/2026 5:12:02 PM,,,,,,7/27/2026 9:11:33 PM,,
,RD242,,,,,,,,27/07/2026,,,,,2,,,3,2,,190.7,,,1,,,35,,,,7/27/2026 8:14:42 PM,,,,,,7/27/2026 9:05:55 PM,,
,RD243,,,,,,,,27/07/2026,,,,,2,,,10,0,,0,,,10,,,350,,,,7/27/2026 5:27:54 PM,,,,,,7/27/2026 9:24:43 PM,,
,RD244,,,,,,,,27/07/2026,,,,,2,,,9,4,,255.9,,,5,,,175,,,,7/27/2026 5:04:57 PM,,,,,,7/27/2026 9:00:52 PM,,
,RD246,,,,,,,,27/07/2026,,,,,2,,,9,1,,47.95,,,8,,,280,,,,7/27/2026 5:18:11 PM,,,,,,7/27/2026 9:15:38 PM,,
,RD247,,,,,,,,27/07/2026,,,,,2,,,13,5,,363.3,,,8,,,280,,,,7/27/2026 5:44:34 PM,,,,,,7/27/2026 9:19:40 PM,,
,RD248,,,,,,,,27/07/2026,,,,,2,,,6,2,,198.1,,,4,,,140,,,,7/27/2026 7:15:16 PM,,,,,,7/27/2026 9:09:14 PM,,
,RD249,,,,,,,,27/07/2026,,,,,2,,,10,3,,165.55,,,7,,,245,,,,7/27/2026 5:41:43 PM,,,,,,7/27/2026 9:13:36 PM,,
,RD250,,,,,,,,27/07/2026,,,,,2,,,9,0,,0,,,9,,,315,,,,7/27/2026 5:31:24 PM,,,,,,7/27/2026 9:12:01 PM,,
,RD251,,,,,,,,27/07/2026,,,,,2,,,8,2,,122,,,5,,,175,,,,7/27/2026 5:08:27 PM,,,,,,7/27/2026 8:53:03 PM,,
,RD252,,,,,,,,27/07/2026,,,,,2,,,13,0,,0,,,13,,,455,,,,7/27/2026 6:17:51 PM,,,,,,7/27/2026 9:28:48 PM,,
,RD253,,,,,,,,27/07/2026,,,,,2,,,6,3,,191.8,,,3,,,105,,,,7/27/2026 5:14:59 PM,,,,,,7/27/2026 8:07:48 PM,,
,RD121,,,,,,,,27/07/2026,,,,,3,,,8,8,,474.56,,,0,,,0,,,,7/27/2026 11:29:06 PM,,,,,,7/28/2026 4:50:39 AM,,
,RD126,,,,,,,,27/07/2026,,,,,3,,,1,1,,61.42,,,0,,,0,,,,7/28/2026 1:42:32 AM,,,,,,7/28/2026 1:42:32 AM,,
,RD132,,,,,,,,27/07/2026,,,,,3,,,4,4,,230.03,,,0,,,0,,,,7/28/2026 2:39:15 AM,,,,,,7/28/2026 4:35:09 AM,,
,RD141,,,,,,,,27/07/2026,,,,,3,,,6,6,,338.88,,,0,,,0,,,,7/27/2026 11:58:13 PM,,,,,,7/28/2026 4:14:10 AM,,
,RD226,,,,,,,,27/07/2026,,,,,3,,,10,10,,604.5,,,0,,,0,,,,7/27/2026 11:02:44 PM,,,,,,7/28/2026 5:00:52 AM,,
,RD227,,,,,,,,27/07/2026,,,,,3,,,13,6,,368.7,,,7,,,245,,,,7/27/2026 11:16:13 PM,,,,,,7/28/2026 4:59:16 AM,,
,RD228,,,,,,,,27/07/2026,,,,,3,,,10,10,,663,,,0,,,0,,,,7/27/2026 10:56:11 PM,,,,,,7/28/2026 5:09:20 AM,,
,RD230,,,,,,,,27/07/2026,,,,,3,,,10,10,,596.6,,,0,,,0,,,,7/27/2026 10:59:52 PM,,,,,,7/28/2026 4:57:49 AM,,
,RD231,,,,,,,,27/07/2026,,,,,3,,,15,0,,0,,,15,,,525,,,,7/27/2026 11:17:50 PM,,,,,,7/28/2026 5:10:13 AM,,
,RD232,,,,,,,,27/07/2026,,,,,3,,,21,0,,0,,,21,,,735,,,,7/27/2026 11:10:59 PM,,,,,,7/28/2026 5:20:52 AM,,
,RD233,,,,,,,,27/07/2026,,,,,3,,,18,0,,0,,,18,,,630,,,,7/27/2026 10:58:35 PM,,,,,,7/28/2026 5:17:35 AM,,
,RD235,,,,,,,,27/07/2026,,,,,3,,,12,0,,0,,,12,,,420,,,,7/27/2026 10:56:22 PM,,,,,,7/28/2026 5:16:58 AM,,
,RD236,,,,,,,,27/07/2026,,,,,3,,,21,0,,0,,,21,,,735,,,,7/27/2026 11:12:09 PM,,,,,,7/28/2026 5:13:37 AM,,
,RD237,,,,,,,,27/07/2026,,,,,3,,,18,0,,0,,,18,,,630,,,,7/27/2026 11:04:45 PM,,,,,,7/28/2026 5:10:18 AM,,
,RD238,,,,,,,,27/07/2026,,,,,3,,,13,0,,0,,,13,,,455,,,,7/27/2026 10:46:08 PM,,,,,,7/28/2026 5:04:30 AM,,
,RD240,,,,,,,,27/07/2026,,,,,3,,,22,1,,62,,,21,,,735,,,,7/27/2026 11:06:48 PM,,,,,,7/28/2026 5:23:50 AM,,
,RD241,,,,,,,,27/07/2026,,,,,3,,,19,0,,0,,,19,,,665,,,,7/27/2026 10:58:14 PM,,,,,,7/28/2026 5:19:51 AM,,
,RD242,,,,,,,,27/07/2026,,,,,3,,,11,0,,0,,,11,,,385,,,,7/27/2026 10:49:08 PM,,,,,,7/28/2026 5:08:16 AM,,
,RD243,,,,,,,,27/07/2026,,,,,3,,,14,0,,0,,,14,,,490,,,,7/27/2026 11:03:39 PM,,,,,,7/28/2026 5:09:51 AM,,
,RD244,,,,,,,,27/07/2026,,,,,3,,,15,0,,0,,,15,,,525,,,,7/27/2026 11:06:25 PM,,,,,,7/28/2026 4:50:06 AM,,
,RD246,,,,,,,,27/07/2026,,,,,3,,,12,0,,0,,,12,,,420,,,,7/27/2026 11:02:52 PM,,,,,,7/28/2026 5:13:17 AM,,
,RD247,,,,,,,,27/07/2026,,,,,3,,,16,1,,97.5,,,15,,,525,,,,7/27/2026 11:12:30 PM,,,,,,7/28/2026 5:20:58 AM,,
,RD248,,,,,,,,27/07/2026,,,,,3,,,13,0,,0,,,13,,,455,,,,7/27/2026 10:52:25 PM,,,,,,7/28/2026 5:13:14 AM,,
,RD249,,,,,,,,27/07/2026,,,,,3,,,14,0,,0,,,14,,,490,,,,7/27/2026 10:50:09 PM,,,,,,7/28/2026 4:54:37 AM,,
,RD250,,,,,,,,27/07/2026,,,,,3,,,10,0,,0,,,10,,,350,,,,7/27/2026 11:00:43 PM,,,,,,7/28/2026 5:03:14 AM,,
,RD251,,,,,,,,27/07/2026,,,,,3,,,12,12,,738.7,,,0,,,0,,,,7/27/2026 10:50:58 PM,,,,,,7/28/2026 4:53:57 AM,,
,RD252,,,,,,,,27/07/2026,,,,,3,,,7,0,,0,,,7,,,245,,,,7/27/2026 11:17:13 PM,,,,,,7/28/2026 5:14:13 AM,,
,RD253,,,,,,,,27/07/2026,,,,,3,,,20,0,,0,,,20,,,700,,,,7/27/2026 11:08:34 PM,,,,,,7/28/2026 5:16:51 AM,,
,RD121,,,,,,,,28/07/2026,,,,,1,,,13,4,,274.57,,,9,,,315,,,,7/28/2026 7:13:34 AM,,,,,,7/28/2026 1:40:48 PM,,
,RD122,,,,,,,,28/07/2026,,,,,1,,,6,0,,0,,,6,,,210,,,,7/28/2026 9:09:19 AM,,,,,,7/28/2026 10:03:10 AM,,
,RD126,,,,,,,,28/07/2026,,,,,1,,,7,2,,123.97,,,5,,,175,,,,7/28/2026 8:36:14 AM,,,,,,7/28/2026 1:04:17 PM,,
,RD132,,,,,,,,28/07/2026,,,,,1,,,13,6,,344.3,,,7,,,245,,,,7/28/2026 6:55:52 AM,,,,,,7/28/2026 1:12:07 PM,,
,RD141,,,,,,,,28/07/2026,,,,,1,,,5,3,,174.73,,,2,,,70,,,,7/28/2026 7:38:57 AM,,,,,,7/28/2026 12:44:49 PM,,
,RD143,,,,,,,,28/07/2026,,,,,1,,,11,7,,335.65,,,4,,,140,,,,7/28/2026 7:24:50 AM,,,,,,7/28/2026 1:31:02 PM,,
,RD226,,,,,,,,28/07/2026,,,,,1,,,11,8,,626.7,,,3,,,105,,,,7/28/2026 7:08:16 AM,,,,,,7/28/2026 1:14:09 PM,,
,RD227,,,,,,,,28/07/2026,,,,,1,,,17,0,,0,,,17,,,595,,,,7/28/2026 6:49:52 AM,,,,,,7/28/2026 1:07:47 PM,,
,RD228,,,,,,,,28/07/2026,,,,,1,,,11,2,,182.3,,,9,,,315,,,,7/28/2026 6:53:00 AM,,,,,,7/28/2026 1:01:28 PM,,
,RD229,,,,,,,,28/07/2026,,,,,1,,,13,0,,0,,,13,,,455,,,,7/28/2026 6:44:40 AM,,,,,,7/28/2026 1:10:42 PM,,
,RD230,,,,,,,,28/07/2026,,,,,1,,,37,0,,0,,,37,,,1295,,,,7/28/2026 6:34:17 AM,,,,,,7/28/2026 1:18:40 PM,,
,RD231,,,,,,,,28/07/2026,,,,,1,,,13,0,,0,,,13,,,455,,,,7/28/2026 7:14:16 AM,,,,,,7/28/2026 1:11:22 PM,,
,RD232,,,,,,,,28/07/2026,,,,,1,,,16,0,,0,,,16,,,560,,,,7/28/2026 6:50:15 AM,,,,,,7/28/2026 1:07:13 PM,,
,RD233,,,,,,,,28/07/2026,,,,,1,,,6,5,,370.9,,,1,,,35,,,,7/28/2026 6:45:55 AM,,,,,,7/28/2026 10:50:59 AM,,
,RD235,,,,,,,,28/07/2026,,,,,1,,,13,0,,0,,,13,,,455,,,,7/28/2026 7:04:12 AM,,,,,,7/28/2026 1:18:17 PM,,
,RD236,,,,,,,,28/07/2026,,,,,1,,,12,3,,267.1,,,9,,,315,,,,7/28/2026 6:42:26 AM,,,,,,7/28/2026 12:57:28 PM,,
,RD237,,,,,,,,28/07/2026,,,,,1,,,37,0,,0,,,37,,,1295,,,,7/28/2026 6:31:02 AM,,,,,,7/28/2026 1:16:07 PM,,
,RD238,,,,,,,,28/07/2026,,,,,1,,,15,0,,0,,,15,,,525,,,,7/28/2026 6:55:43 AM,,,,,,7/28/2026 1:10:53 PM,,
,RD240,,,,,,,,28/07/2026,,,,,1,,,14,0,,0,,,14,,,490,,,,7/28/2026 6:47:36 AM,,,,,,7/28/2026 1:04:42 PM,,
,RD241,,,,,,,,28/07/2026,,,,,1,,,13,0,,0,,,13,,,455,,,,7/28/2026 7:08:21 AM,,,,,,7/28/2026 1:15:10 PM,,
,RD242,,,,,,,,28/07/2026,,,,,1,,,24,0,,0,,,24,,,840,,,,7/28/2026 6:37:04 AM,,,,,,7/28/2026 1:00:38 PM,,
,RD243,,,,,,,,28/07/2026,,,,,1,,,10,1,,91.5,,,9,,,315,,,,7/28/2026 6:49:54 AM,,,,,,7/28/2026 1:06:29 PM,,
,RD244,,,,,,,,28/07/2026,,,,,1,,,31,0,,0,,,31,,,1085,,,,7/28/2026 6:47:09 AM,,,,,,7/28/2026 1:05:26 PM,,
,RD246,,,,,,,,28/07/2026,,,,,1,,,24,0,,0,,,24,,,840,,,,7/28/2026 6:36:57 AM,,,,,,7/28/2026 1:17:24 PM,,
,RD247,,,,,,,,28/07/2026,,,,,1,,,15,1,,95.8,,,14,,,490,,,,7/28/2026 6:55:31 AM,,,,,,7/28/2026 1:04:09 PM,,
,RD248,,,,,,,,28/07/2026,,,,,1,,,18,0,,0,,,18,,,630,,,,7/28/2026 6:47:12 AM,,,,,,7/28/2026 12:59:58 PM,,
,RD249,,,,,,,,28/07/2026,,,,,1,,,11,2,,202.3,,,9,,,315,,,,7/28/2026 6:58:30 AM,,,,,,7/28/2026 12:54:27 PM,,
,RD250,,,,,,,,28/07/2026,,,,,1,,,23,0,,0,,,23,,,805,,,,7/28/2026 7:20:41 AM,,,,,,7/28/2026 1:06:37 PM,,
,RD251,,,,,,,,28/07/2026,,,,,1,,,1,1,,47.95,,,0,,,0,,,,7/28/2026 7:02:04 AM,,,,,,7/28/2026 7:02:04 AM,,
,RD252,,,,,,,,28/07/2026,,,,,1,,,16,0,,0,,,16,,,560,,,,7/28/2026 6:28:16 AM,,,,,,7/28/2026 1:24:47 PM,,
,RD253,,,,,,,,28/07/2026,,,,,1,,,14,0,,0,,,14,,,490,,,,7/28/2026 7:00:05 AM,,,,,,7/28/2026 1:22:07 PM,,
,RD121,,,,,,,,28/07/2026,,,,,2,,,5,5,,382.92,,,0,,,0,,,,7/28/2026 5:04:44 PM,,,,,,7/28/2026 8:24:48 PM,,
,RD122,,,,,,,,28/07/2026,,,,,2,,,8,0,,0,,,8,,,280,,,,7/28/2026 7:35:11 PM,,,,,,7/28/2026 9:35:15 PM,,
,RD126,,,,,,,,28/07/2026,,,,,2,,,4,3,,225.44,,,1,,,35,,,,7/28/2026 4:48:55 PM,,,,,,7/28/2026 6:58:14 PM,,
,RD132,,,,,,,,28/07/2026,,,,,2,,,6,1,,47.95,,,5,,,175,,,,7/28/2026 7:13:02 PM,,,,,,7/28/2026 8:55:04 PM,,
,RD141,,,,,,,,28/07/2026,,,,,2,,,5,5,,402.69,,,0,,,0,,,,7/28/2026 5:09:31 PM,,,,,,7/28/2026 8:11:17 PM,,
,RD143,,,,,,,,28/07/2026,,,,,2,,,8,0,,0,,,8,,,280,,,,7/28/2026 7:01:15 PM,,,,,,7/28/2026 9:32:42 PM,,
,RD226,,,,,,,,28/07/2026,,,,,2,,,6,6,,543.1,,,0,,,0,,,,7/28/2026 4:53:31 PM,,,,,,7/28/2026 8:31:22 PM,,
,RD227,,,,,,,,28/07/2026,,,,,2,,,6,5,,393.2,,,1,,,35,,,,7/28/2026 4:48:04 PM,,,,,,7/28/2026 8:28:49 PM,,
,RD228,,,,,,,,28/07/2026,,,,,2,,,10,3,,220.1,,,7,,,245,,,,7/28/2026 6:05:10 PM,,,,,,7/28/2026 9:06:22 PM,,
,RD229,,,,,,,,28/07/2026,,,,,2,,,11,0,,0,,,11,,,385,,,,7/28/2026 6:08:43 PM,,,,,,7/28/2026 9:27:59 PM,,
,RD230,,,,,,,,28/07/2026,,,,,2,,,7,7,,558.15,,,0,,,0,,,,7/28/2026 5:21:53 PM,,,,,,7/28/2026 9:14:27 PM,,
,RD231,,,,,,,,28/07/2026,,,,,2,,,7,0,,0,,,7,,,245,,,,7/28/2026 6:01:15 PM,,,,,,7/28/2026 8:47:28 PM,,
,RD233,,,,,,,,28/07/2026,,,,,2,,,2,0,,0,,,2,,,70,,,,7/28/2026 6:38:29 PM,,,,,,7/28/2026 7:08:06 PM,,
,RD235,,,,,,,,28/07/2026,,,,,2,,,8,1,,85.7,,,7,,,245,,,,7/28/2026 5:51:01 PM,,,,,,7/28/2026 9:06:38 PM,,
,RD236,,,,,,,,28/07/2026,,,,,2,,,7,0,,0,,,7,,,245,,,,7/28/2026 6:24:37 PM,,,,,,7/28/2026 9:02:02 PM,,
,RD237,,,,,,,,28/07/2026,,,,,2,,,7,1,,47.95,,,6,,,210,,,,7/28/2026 6:49:27 PM,,,,,,7/28/2026 9:10:42 PM,,
,RD238,,,,,,,,28/07/2026,,,,,2,,,9,4,,309.4,,,5,,,175,,,,7/28/2026 6:06:04 PM,,,,,,7/28/2026 9:25:21 PM,,
,RD240,,,,,,,,28/07/2026,,,,,2,,,9,3,,258.1,,,6,,,210,,,,7/28/2026 6:04:19 PM,,,,,,7/28/2026 9:17:15 PM,,
,RD241,,,,,,,,28/07/2026,,,,,2,,,7,1,,80.9,,,6,,,210,,,,7/28/2026 6:09:49 PM,,,,,,7/28/2026 9:01:32 PM,,
,RD242,,,,,,,,28/07/2026,,,,,2,,,6,0,,0,,,6,,,210,,,,7/28/2026 6:11:13 PM,,,,,,7/28/2026 8:51:11 PM,,
,RD243,,,,,,,,28/07/2026,,,,,2,,,7,0,,0,,,7,,,245,,,,7/28/2026 6:15:12 PM,,,,,,7/28/2026 9:10:50 PM,,
,RD244,,,,,,,,28/07/2026,,,,,2,,,4,1,,90.8,,,3,,,105,,,,7/28/2026 6:19:32 PM,,,,,,7/28/2026 9:06:39 PM,,
,RD246,,,,,,,,28/07/2026,,,,,2,,,9,1,,56.1,,,8,,,280,,,,7/28/2026 6:06:32 PM,,,,,,7/28/2026 9:13:22 PM,,
,RD247,,,,,,,,28/07/2026,,,,,2,,,10,2,,171.8,,,8,,,280,,,,7/28/2026 6:37:19 PM,,,,,,7/28/2026 9:23:52 PM,,
,RD248,,,,,,,,28/07/2026,,,,,2,,,6,0,,0,,,6,,,210,,,,7/28/2026 6:28:25 PM,,,,,,7/28/2026 8:55:58 PM,,
,RD249,,,,,,,,28/07/2026,,,,,2,,,8,0,,0,,,8,,,280,,,,7/28/2026 6:08:20 PM,,,,,,7/28/2026 9:14:50 PM,,
,RD250,,,,,,,,28/07/2026,,,,,2,,,10,1,,66.9,,,9,,,315,,,,7/28/2026 6:15:23 PM,,,,,,7/28/2026 9:23:21 PM,,
,RD252,,,,,,,,28/07/2026,,,,,2,,,7,0,,0,,,7,,,245,,,,7/28/2026 7:23:27 PM,,,,,,7/28/2026 9:15:54 PM,,
,RD253,,,,,,,,28/07/2026,,,,,2,,,5,5,,439.6,,,0,,,0,,,,7/28/2026 4:55:50 PM,,,,,,7/28/2026 8:03:51 PM,,
,RD121,,,,,,,,28/07/2026,,,,,3,,,4,4,,216.33,,,0,,,0,,,,7/29/2026 2:29:28 AM,,,,,,7/29/2026 5:03:59 AM,,
,RD126,,,,,,,,28/07/2026,,,,,3,,,7,7,,518.36,,,0,,,0,,,,7/28/2026 11:32:04 PM,,,,,,7/29/2026 5:00:51 AM,,
,RD141,,,,,,,,28/07/2026,,,,,3,,,6,6,,385.51,,,0,,,0,,,,7/29/2026 12:09:05 AM,,,,,,7/29/2026 4:44:49 AM,,
,RD143,,,,,,,,28/07/2026,,,,,3,,,2,2,,95.9,,,0,,,0,,,,7/29/2026 12:03:07 AM,,,,,,7/29/2026 1:20:36 AM,,
,RD226,,,,,,,,28/07/2026,,,,,3,,,9,9,,606.9,,,0,,,0,,,,7/28/2026 11:11:20 PM,,,,,,7/29/2026 5:07:04 AM,,
,RD227,,,,,,,,28/07/2026,,,,,3,,,7,7,,416.3,,,0,,,0,,,,7/28/2026 11:28:54 PM,,,,,,7/29/2026 5:11:34 AM,,
,RD228,,,,,,,,28/07/2026,,,,,3,,,16,1,,96.5,,,15,,,525,,,,7/28/2026 11:22:10 PM,,,,,,7/29/2026 5:19:38 AM,,
,RD229,,,,,,,,28/07/2026,,,,,3,,,8,8,,524.3,,,0,,,0,,,,7/28/2026 11:44:09 PM,,,,,,7/29/2026 4:50:00 AM,,
,RD230,,,,,,,,28/07/2026,,,,,3,,,7,0,,0,,,7,,,245,,,,7/28/2026 11:44:52 PM,,,,,,7/29/2026 5:01:48 AM,,
,RD231,,,,,,,,28/07/2026,,,,,3,,,6,6,,362.2,,,0,,,0,,,,7/28/2026 11:20:22 PM,,,,,,7/29/2026 4:28:53 AM,,
,RD233,,,,,,,,28/07/2026,,,,,3,,,20,0,,0,,,20,,,700,,,,7/28/2026 11:12:26 PM,,,,,,7/29/2026 5:10:50 AM,,
,RD235,,,,,,,,28/07/2026,,,,,3,,,8,0,,0,,,8,,,280,,,,7/29/2026 1:17:20 AM,,,,,,7/29/2026 5:07:25 AM,,
,RD236,,,,,,,,28/07/2026,,,,,3,,,14,1,,56.9,,,13,,,455,,,,7/28/2026 11:33:47 PM,,,,,,7/29/2026 5:17:14 AM,,
,RD237,,,,,,,,28/07/2026,,,,,3,,,14,0,,0,,,14,,,490,,,,7/28/2026 11:30:32 PM,,,,,,7/29/2026 5:10:45 AM,,
,RD238,,,,,,,,28/07/2026,,,,,3,,,14,0,,0,,,14,,,490,,,,7/29/2026 12:00:43 AM,,,,,,7/29/2026 5:12:47 AM,,
,RD240,,,,,,,,28/07/2026,,,,,3,,,20,1,,97.9,,,19,,,665,,,,7/28/2026 11:18:51 PM,,,,,,7/29/2026 5:14:52 AM,,
,RD241,,,,,,,,28/07/2026,,,,,3,,,13,0,,0,,,13,,,455,,,,7/28/2026 11:22:53 PM,,,,,,7/29/2026 5:02:19 AM,,
,RD242,,,,,,,,28/07/2026,,,,,3,,,4,0,,0,,,4,,,140,,,,7/29/2026 4:01:18 AM,,,,,,7/29/2026 5:16:33 AM,,
,RD243,,,,,,,,28/07/2026,,,,,3,,,14,0,,0,,,14,,,490,,,,7/28/2026 11:16:03 PM,,,,,,7/29/2026 5:23:11 AM,,
,RD244,,,,,,,,28/07/2026,,,,,3,,,12,1,,47.95,,,11,,,385,,,,7/28/2026 11:34:07 PM,,,,,,7/29/2026 5:19:51 AM,,
,RD245,,,,,,,,28/07/2026,,,,,3,,,11,1,,104.1,,,10,,,350,,,,7/28/2026 11:55:08 PM,,,,,,7/29/2026 4:59:45 AM,,
,RD246,,,,,,,,28/07/2026,,,,,3,,,12,0,,0,,,12,,,420,,,,7/28/2026 11:37:50 PM,,,,,,7/29/2026 5:03:51 AM,,
,RD247,,,,,,,,28/07/2026,,,,,3,,,9,0,,0,,,9,,,315,,,,7/28/2026 11:14:41 PM,,,,,,7/29/2026 4:54:05 AM,,
,RD248,,,,,,,,28/07/2026,,,,,3,,,11,0,,0,,,11,,,385,,,,7/28/2026 11:49:26 PM,,,,,,7/29/2026 5:07:39 AM,,
,RD249,,,,,,,,28/07/2026,,,,,3,,,14,1,,59.2,,,13,,,455,,,,7/28/2026 11:26:45 PM,,,,,,7/29/2026 5:20:24 AM,,
,RD250,,,,,,,,28/07/2026,,,,,3,,,10,0,,0,,,10,,,350,,,,7/28/2026 11:24:09 PM,,,,,,7/29/2026 5:15:50 AM,,
,RD251,,,,,,,,28/07/2026,,,,,3,,,11,4,,392.8,,,7,,,245,,,,7/28/2026 11:48:40 PM,,,,,,7/29/2026 5:12:29 AM,,
,RD252,,,,,,,,28/07/2026,,,,,3,,,8,1,,82.3,,,7,,,245,,,,7/29/2026 12:15:50 AM,,,,,,7/29/2026 4:42:51 AM,,
,RD253,,,,,,,,28/07/2026,,,,,3,,,11,0,,0,,,11,,,385,,,,7/28/2026 11:20:01 PM,,,,,,7/29/2026 5:10:39 AM,,
,RD121,,,,,,,,29/07/2026,,,,,1,,,8,8,,442.72,,,0,,,0,,,,7/29/2026 9:17:10 AM,,,,,,7/29/2026 1:13:17 PM,,
,RD132,,,,,,,,29/07/2026,,,,,1,,,4,0,,0,,,4,,,140,,,,7/29/2026 11:05:19 AM,,,,,,7/29/2026 12:02:45 PM,,
,RD141,,,,,,,,29/07/2026,,,,,1,,,2,2,,122.84,,,0,,,0,,,,7/29/2026 8:26:21 AM,,,,,,7/29/2026 9:03:47 AM,,
,RD226,,,,,,,,29/07/2026,,,,,1,,,10,10,,668,,,0,,,0,,,,7/29/2026 7:03:02 AM,,,,,,7/29/2026 1:11:26 PM,,
,RD228,,,,,,,,29/07/2026,,,,,1,,,16,5,,449.1,,,11,,,385,,,,7/29/2026 7:23:34 AM,,,,,,7/29/2026 1:12:25 PM,,
,RD229,,,,,,,,29/07/2026,,,,,1,,,21,5,,374.2,,,16,,,560,,,,7/29/2026 6:54:43 AM,,,,,,7/29/2026 1:22:35 PM,,
,RD230,,,,,,,,29/07/2026,,,,,1,,,16,2,,170.5,,,14,,,490,,,,7/29/2026 7:19:19 AM,,,,,,7/29/2026 1:07:39 PM,,
,RD231,,,,,,,,29/07/2026,,,,,1,,,17,1,,55.7,,,16,,,560,,,,7/29/2026 7:00:18 AM,,,,,,7/29/2026 1:03:31 PM,,
,RD232,,,,,,,,29/07/2026,,,,,1,,,17,0,,0,,,17,,,595,,,,7/29/2026 7:41:52 AM,,,,,,7/29/2026 1:18:58 PM,,
,RD233,,,,,,,,29/07/2026,,,,,1,,,9,9,,570.5,,,0,,,0,,,,7/29/2026 7:14:00 AM,,,,,,7/29/2026 12:47:16 PM,,
,RD235,,,,,,,,29/07/2026,,,,,1,,,17,0,,0,,,17,,,595,,,,7/29/2026 6:52:43 AM,,,,,,7/29/2026 1:07:03 PM,,
,RD236,,,,,,,,29/07/2026,,,,,1,,,8,8,,465.25,,,0,,,0,,,,7/29/2026 7:53:51 AM,,,,,,7/29/2026 1:17:48 PM,,
,RD237,,,,,,,,29/07/2026,,,,,1,,,16,0,,0,,,16,,,560,,,,7/29/2026 7:14:55 AM,,,,,,7/29/2026 1:03:31 PM,,
,RD238,,,,,,,,29/07/2026,,,,,1,,,30,2,,195.1,,,28,,,980,,,,7/29/2026 6:45:02 AM,,,,,,7/29/2026 1:13:12 PM,,
,RD240,,,,,,,,29/07/2026,,,,,1,,,15,0,,0,,,15,,,525,,,,7/29/2026 7:11:15 AM,,,,,,7/29/2026 1:10:40 PM,,
,RD241,,,,,,,,29/07/2026,,,,,1,,,7,7,,435.35,,,0,,,0,,,,7/29/2026 6:58:43 AM,,,,,,7/29/2026 12:43:43 PM,,
,RD242,,,,,,,,29/07/2026,,,,,1,,,11,7,,422.15,,,4,,,140,,,,7/29/2026 7:21:13 AM,,,,,,7/29/2026 1:22:27 PM,,
,RD243,,,,,,,,29/07/2026,,,,,1,,,12,0,,0,,,12,,,420,,,,7/29/2026 7:35:56 AM,,,,,,7/29/2026 11:51:31 AM,,
,RD244,,,,,,,,29/07/2026,,,,,1,,,28,6,,604.2,,,22,,,770,,,,7/29/2026 7:09:09 AM,,,,,,7/29/2026 1:03:24 PM,,
,RD245,,,,,,,,29/07/2026,,,,,1,,,31,3,,282.8,,,28,,,980,,,,7/29/2026 6:49:36 AM,,,,,,7/29/2026 1:07:12 PM,,
,RD246,,,,,,,,29/07/2026,,,,,1,,,16,1,,65.7,,,15,,,525,,,,7/29/2026 8:32:50 AM,,,,,,7/29/2026 1:10:31 PM,,
,RD247,,,,,,,,29/07/2026,,,,,1,,,17,2,,190.7,,,15,,,525,,,,7/29/2026 7:39:17 AM,,,,,,7/29/2026 1:10:24 PM,,
,RD248,,,,,,,,29/07/2026,,,,,1,,,12,0,,0,,,12,,,420,,,,7/29/2026 7:07:11 AM,,,,,,7/29/2026 12:52:40 PM,,
,RD249,,,,,,,,29/07/2026,,,,,1,,,16,2,,128.4,,,14,,,490,,,,7/29/2026 7:31:32 AM,,,,,,7/29/2026 12:59:43 PM,,
,RD250,,,,,,,,29/07/2026,,,,,1,,,12,0,,0,,,12,,,420,,,,7/29/2026 7:15:40 AM,,,,,,7/29/2026 1:04:57 PM,,
,RD251,,,,,,,,29/07/2026,,,,,1,,,8,8,,508.75,,,0,,,0,,,,7/29/2026 7:07:56 AM,,,,,,7/29/2026 1:06:53 PM,,
,RD252,,,,,,,,29/07/2026,,,,,1,,,4,0,,0,,,4,,,140,,,,7/29/2026 7:32:58 AM,,,,,,7/29/2026 9:49:03 AM,,
,RD253,,,,,,,,29/07/2026,,,,,1,,,16,6,,479.3,,,10,,,350,,,,7/29/2026 6:51:02 AM,,,,,,7/29/2026 1:07:03 PM,,
,RD121,,,,,,,,29/07/2026,,,,,2,,,8,0,,0,,,8,,,280,,,,7/29/2026 3:37:48 PM,,,,,,7/29/2026 8:19:40 PM,,
,RD122,,,,,,,,29/07/2026,,,,,2,,,15,1,,47.95,,,14,,,490,,,,7/29/2026 3:12:02 PM,,,,,,7/29/2026 9:10:24 PM,,
,RD126,,,,,,,,29/07/2026,,,,,2,,,9,5,,396.89,,,4,,,140,,,,7/29/2026 3:46:08 PM,,,,,,7/29/2026 9:13:45 PM,,
,RD141,,,,,,,,29/07/2026,,,,,2,,,8,6,,415.59,,,2,,,70,,,,7/29/2026 3:18:17 PM,,,,,,7/29/2026 9:04:11 PM,,
,RD143,,,,,,,,29/07/2026,,,,,2,,,11,0,,0,,,11,,,385,,,,7/29/2026 4:20:37 PM,,,,,,7/29/2026 9:19:44 PM,,
,RD226,,,,,,,,29/07/2026,,,,,2,,,7,5,,356,,,2,,,70,,,,7/29/2026 3:56:08 PM,,,,,,7/29/2026 9:01:01 PM,,
,RD227,,,,,,,,29/07/2026,,,,,2,,,7,6,,410.2,,,1,,,35,,,,7/29/2026 5:11:13 PM,,,,,,7/29/2026 9:10:39 PM,,
,RD228,,,,,,,,29/07/2026,,,,,2,,,11,0,,0,,,11,,,385,,,,7/29/2026 3:43:00 PM,,,,,,7/29/2026 9:21:20 PM,,
,RD229,,,,,,,,29/07/2026,,,,,2,,,4,0,,0,,,4,,,140,,,,7/29/2026 3:43:14 PM,,,,,,7/29/2026 5:45:08 PM,,
,RD230,,,,,,,,29/07/2026,,,,,2,,,8,5,,338.5,,,3,,,105,,,,7/29/2026 3:37:08 PM,,,,,,7/29/2026 8:44:21 PM,,
,RD231,,,,,,,,29/07/2026,,,,,2,,,17,0,,0,,,17,,,595,,,,7/29/2026 3:18:39 PM,,,,,,7/29/2026 9:17:52 PM,,
,RD232,,,,,,,,29/07/2026,,,,,2,,,10,0,,0,,,10,,,350,,,,7/29/2026 5:51:57 PM,,,,,,7/29/2026 9:16:24 PM,,
,RD233,,,,,,,,29/07/2026,,,,,2,,,11,0,,0,,,11,,,385,,,,7/29/2026 3:33:07 PM,,,,,,7/29/2026 9:20:51 PM,,
,RD235,,,,,,,,29/07/2026,,,,,2,,,9,0,,0,,,9,,,315,,,,7/29/2026 6:18:23 PM,,,,,,7/29/2026 9:13:21 PM,,
,RD237,,,,,,,,29/07/2026,,,,,2,,,13,0,,0,,,13,,,455,,,,7/29/2026 3:36:12 PM,,,,,,7/29/2026 9:09:21 PM,,
,RD238,,,,,,,,29/07/2026,,,,,2,,,9,3,,259.2,,,6,,,210,,,,7/29/2026 3:24:48 PM,,,,,,7/29/2026 9:35:09 PM,,
,RD240,,,,,,,,29/07/2026,,,,,2,,,11,0,,0,,,11,,,385,,,,7/29/2026 3:27:09 PM,,,,,,7/29/2026 9:17:13 PM,,
,RD241,,,,,,,,29/07/2026,,,,,2,,,11,0,,0,,,11,,,385,,,,7/29/2026 5:44:56 PM,,,,,,7/29/2026 9:22:29 PM,,
,RD242,,,,,,,,29/07/2026,,,,,2,,,9,0,,0,,,9,,,315,,,,7/29/2026 6:08:58 PM,,,,,,7/29/2026 9:06:57 PM,,
,RD244,,,,,,,,29/07/2026,,,,,2,,,8,6,,393,,,2,,,70,,,,7/29/2026 3:53:00 PM,,,,,,7/29/2026 8:57:39 PM,,
,RD245,,,,,,,,29/07/2026,,,,,2,,,10,1,,73,,,9,,,315,,,,7/29/2026 3:02:22 PM,,,,,,7/29/2026 8:05:42 PM,,
,RD246,,,,,,,,29/07/2026,,,,,2,,,10,0,,0,,,10,,,350,,,,7/29/2026 3:32:50 PM,,,,,,7/29/2026 8:56:45 PM,,
,RD247,,,,,,,,29/07/2026,,,,,2,,,6,0,,0,,,6,,,210,,,,7/29/2026 6:40:04 PM,,,,,,7/29/2026 8:36:58 PM,,
,RD248,,,,,,,,29/07/2026,,,,,2,,,18,8,,750.6,,,10,,,350,,,,7/29/2026 3:16:46 PM,,,,,,7/29/2026 9:03:58 PM,,
,RD249,,,,,,,,29/07/2026,,,,,2,,,12,0,,0,,,12,,,420,,,,7/29/2026 3:23:45 PM,,,,,,7/29/2026 8:45:06 PM,,
,RD250,,,,,,,,29/07/2026,,,,,2,,,21,6,,545.3,,,15,,,525,,,,7/29/2026 3:06:04 PM,,,,,,7/29/2026 9:08:39 PM,,
,RD251,,,,,,,,29/07/2026,,,,,2,,,11,0,,0,,,11,,,385,,,,7/29/2026 3:27:45 PM,,,,,,7/29/2026 9:13:37 PM,,
,RD253,,,,,,,,29/07/2026,,,,,2,,,7,6,,384.7,,,1,,,35,,,,7/29/2026 3:41:49 PM,,,,,,7/29/2026 8:48:01 PM,,
,RD121,,,,,,,,29/07/2026,,,,,3,,,5,1,,79.38,,,4,,,140,,,,7/29/2026 11:47:44 PM,,,,,,7/30/2026 5:10:50 AM,,
,RD122,,,,,,,,29/07/2026,,,,,3,,,15,0,,0,,,15,,,525,,,,7/29/2026 10:55:39 PM,,,,,,7/30/2026 5:04:57 AM,,
,RD126,,,,,,,,29/07/2026,,,,,3,,,7,7,,544.21,,,0,,,0,,,,7/29/2026 10:56:04 PM,,,,,,7/30/2026 5:08:11 AM,,
,RD132,,,,,,,,29/07/2026,,,,,3,,,16,1,,70.49,,,15,,,525,,,,7/29/2026 11:06:40 PM,,,,,,7/30/2026 5:10:02 AM,,
,RD136,,,,,,,,29/07/2026,,,,,3,,,2,0,,0,,,2,,,70,,,,7/29/2026 11:32:04 PM,,,,,,7/29/2026 11:51:03 PM,,
,RD141,,,,,,,,29/07/2026,,,,,3,,,6,6,,408.77,,,0,,,0,,,,7/29/2026 11:32:32 PM,,,,,,7/30/2026 4:44:39 AM,,
,RD143,,,,,,,,29/07/2026,,,,,3,,,5,5,,239.75,,,0,,,0,,,,7/30/2026 12:01:21 AM,,,,,,7/30/2026 4:27:11 AM,,
,RD226,,,,,,,,29/07/2026,,,,,3,,,7,7,,479.6,,,0,,,0,,,,7/29/2026 11:03:03 PM,,,,,,7/30/2026 3:42:07 AM,,
,RD227,,,,,,,,29/07/2026,,,,,3,,,10,2,,121,,,8,,,280,,,,7/29/2026 11:28:56 PM,,,,,,7/30/2026 4:58:04 AM,,
,RD228,,,,,,,,29/07/2026,,,,,3,,,12,0,,0,,,12,,,420,,,,7/29/2026 11:12:22 PM,,,,,,7/30/2026 3:28:34 AM,,
,RD229,,,,,,,,29/07/2026,,,,,3,,,10,2,,116.05,,,8,,,280,,,,7/29/2026 11:12:59 PM,,,,,,7/30/2026 5:04:26 AM,,
,RD230,,,,,,,,29/07/2026,,,,,3,,,9,9,,590.3,,,0,,,0,,,,7/29/2026 10:59:57 PM,,,,,,7/30/2026 5:16:53 AM,,
,RD231,,,,,,,,29/07/2026,,,,,3,,,8,8,,534.7,,,0,,,0,,,,7/29/2026 11:07:15 PM,,,,,,7/30/2026 4:54:56 AM,,
,RD232,,,,,,,,29/07/2026,,,,,3,,,19,4,,363.6,,,15,,,525,,,,7/29/2026 10:53:59 PM,,,,,,7/30/2026 5:24:06 AM,,
,RD233,,,,,,,,29/07/2026,,,,,3,,,11,3,,193,,,8,,,280,,,,7/29/2026 11:04:02 PM,,,,,,7/30/2026 5:23:05 AM,,
,RD235,,,,,,,,29/07/2026,,,,,3,,,24,9,,825.8,,,15,,,525,,,,7/29/2026 10:49:05 PM,,,,,,7/30/2026 5:27:54 AM,,
,RD237,,,,,,,,29/07/2026,,,,,3,,,21,0,,0,,,21,,,735,,,,7/29/2026 10:44:11 PM,,,,,,7/30/2026 5:22:35 AM,,
,RD238,,,,,,,,29/07/2026,,,,,3,,,11,2,,138.8,,,9,,,315,,,,7/29/2026 11:09:14 PM,,,,,,7/30/2026 4:47:30 AM,,
,RD240,,,,,,,,29/07/2026,,,,,3,,,19,3,,276.9,,,16,,,560,,,,7/29/2026 11:04:14 PM,,,,,,7/30/2026 5:05:21 AM,,
,RD241,,,,,,,,29/07/2026,,,,,3,,,11,0,,0,,,11,,,385,,,,7/29/2026 11:04:25 PM,,,,,,7/30/2026 5:16:42 AM,,
,RD242,,,,,,,,29/07/2026,,,,,3,,,10,0,,0,,,10,,,350,,,,7/29/2026 11:31:08 PM,,,,,,7/30/2026 5:21:02 AM,,
,RD243,,,,,,,,29/07/2026,,,,,3,,,16,9,,820.1,,,7,,,245,,,,7/30/2026 12:00:50 AM,,,,,,7/30/2026 5:14:04 AM,,
,RD244,,,,,,,,29/07/2026,,,,,3,,,10,1,,63.2,,,9,,,315,,,,7/29/2026 11:17:46 PM,,,,,,7/30/2026 5:10:36 AM,,
,RD245,,,,,,,,29/07/2026,,,,,3,,,9,9,,605.2,,,0,,,0,,,,7/29/2026 10:46:34 PM,,,,,,7/30/2026 5:20:06 AM,,
,RD246,,,,,,,,29/07/2026,,,,,3,,,10,0,,0,,,10,,,350,,,,7/29/2026 11:41:33 PM,,,,,,7/30/2026 5:06:28 AM,,
,RD248,,,,,,,,29/07/2026,,,,,3,,,9,9,,600.85,,,0,,,0,,,,7/29/2026 10:53:15 PM,,,,,,7/30/2026 5:14:05 AM,,
,RD250,,,,,,,,29/07/2026,,,,,3,,,20,0,,0,,,20,,,700,,,,7/29/2026 10:39:36 PM,,,,,,7/30/2026 5:19:27 AM,,
,RD251,,,,,,,,29/07/2026,,,,,3,,,19,0,,0,,,19,,,665,,,,7/29/2026 10:49:19 PM,,,,,,7/30/2026 5:15:38 AM,,
,RD253,,,,,,,,29/07/2026,,,,,3,,,7,0,,0,,,7,,,245,,,,7/30/2026 12:09:37 AM,,,,,,7/30/2026 5:11:19 AM,,
,RD121,,,,,,,,30/07/2026,,,,,1,,,5,4,,234.78,,,1,,,35,,,,7/30/2026 7:59:08 AM,,,,,,7/30/2026 12:12:38 PM,,
,RD122,,,,,,,,30/07/2026,,,,,1,,,5,4,,191.8,,,1,,,35,,,,7/30/2026 8:26:07 AM,,,,,,7/30/2026 1:21:56 PM,,
,RD126,,,,,,,,30/07/2026,,,,,1,,,1,1,,84.1,,,0,,,0,,,,7/30/2026 6:55:33 AM,,,,,,7/30/2026 6:55:33 AM,,
,RD132,,,,,,,,30/07/2026,,,,,1,,,6,5,,290.07,,,1,,,35,,,,7/30/2026 8:03:14 AM,,,,,,7/30/2026 1:16:03 PM,,
,RD141,,,,,,,,30/07/2026,,,,,1,,,6,6,,345.47,,,0,,,0,,,,7/30/2026 9:26:39 AM,,,,,,7/30/2026 1:11:31 PM,,
,RD143,,,,,,,,30/07/2026,,,,,1,,,4,4,,191.8,,,0,,,0,,,,7/30/2026 9:01:39 AM,,,,,,7/30/2026 1:04:07 PM,,
,RD226,,,,,,,,30/07/2026,,,,,1,,,9,3,,209.95,,,6,,,210,,,,7/30/2026 7:04:26 AM,,,,,,7/30/2026 1:58:47 PM,,
,RD227,,,,,,,,30/07/2026,,,,,1,,,6,2,,165.9,,,4,,,140,,,,7/30/2026 7:00:35 AM,,,,,,7/30/2026 12:55:48 PM,,
,RD229,,,,,,,,30/07/2026,,,,,1,,,12,8,,700.9,,,4,,,140,,,,7/30/2026 6:51:59 AM,,,,,,7/30/2026 1:21:00 PM,,
,RD230,,,,,,,,30/07/2026,,,,,1,,,18,1,,88.6,,,17,,,595,,,,7/30/2026 7:05:50 AM,,,,,,7/30/2026 1:16:46 PM,,
,RD231,,,,,,,,30/07/2026,,,,,1,,,10,3,,183.3,,,7,,,245,,,,7/30/2026 7:28:43 AM,,,,,,7/30/2026 1:22:59 PM,,
,RD232,,,,,,,,30/07/2026,,,,,1,,,21,0,,0,,,21,,,735,,,,7/30/2026 7:03:35 AM,,,,,,7/30/2026 1:17:00 PM,,
,RD233,,,,,,,,30/07/2026,,,,,1,,,17,0,,0,,,17,,,595,,,,7/30/2026 6:56:25 AM,,,,,,7/30/2026 1:09:11 PM,,
,RD235,,,,,,,,30/07/2026,,,,,1,,,15,1,,55.7,,,14,,,490,,,,7/30/2026 7:13:13 AM,,,,,,7/30/2026 1:21:16 PM,,
,RD237,,,,,,,,30/07/2026,,,,,1,,,13,6,,287.7,,,7,,,245,,,,7/30/2026 7:08:50 AM,,,,,,7/30/2026 12:59:30 PM,,
,RD238,,,,,,,,30/07/2026,,,,,1,,,19,8,,749.1,,,11,,,385,,,,7/30/2026 6:41:19 AM,,,,,,7/30/2026 1:23:23 PM,,
,RD240,,,,,,,,30/07/2026,,,,,1,,,21,4,,357.3,,,17,,,595,,,,7/30/2026 7:24:23 AM,,,,,,7/30/2026 1:49:11 PM,,
,RD241,,,,,,,,30/07/2026,,,,,1,,,12,3,,195.9,,,9,,,315,,,,7/30/2026 6:49:08 AM,,,,,,7/30/2026 1:19:02 PM,,
,RD242,,,,,,,,30/07/2026,,,,,1,,,15,1,,58.8,,,14,,,490,,,,7/30/2026 6:54:05 AM,,,,,,7/30/2026 1:53:50 PM,,
,RD243,,,,,,,,30/07/2026,,,,,1,,,18,3,,227.5,,,15,,,525,,,,7/30/2026 7:10:26 AM,,,,,,7/30/2026 1:56:46 PM,,
,RD244,,,,,,,,30/07/2026,,,,,1,,,17,9,,840.7,,,8,,,280,,,,7/30/2026 6:45:16 AM,,,,,,7/30/2026 12:42:41 PM,,
,RD245,,,,,,,,30/07/2026,,,,,1,,,9,6,,389,,,3,,,105,,,,7/30/2026 7:22:51 AM,,,,,,7/30/2026 12:53:36 PM,,
,RD247,,,,,,,,30/07/2026,,,,,1,,,16,0,,0,,,16,,,560,,,,7/30/2026 7:09:54 AM,,,,,,7/30/2026 1:10:02 PM,,
,RD248,,,,,,,,30/07/2026,,,,,1,,,12,0,,0,,,12,,,420,,,,7/30/2026 6:58:11 AM,,,,,,7/30/2026 1:12:24 PM,,
,RD250,,,,,,,,30/07/2026,,,,,1,,,20,1,,53,,,19,,,665,,,,7/30/2026 7:09:32 AM,,,,,,7/30/2026 1:21:07 PM,,
,RD251,,,,,,,,30/07/2026,,,,,1,,,22,8,,780,,,14,,,490,,,,7/30/2026 6:51:18 AM,,,,,,7/30/2026 1:26:10 PM,,
,RD253,,,,,,,,30/07/2026,,,,,1,,,20,8,,736,,,12,,,420,,,,7/30/2026 6:43:34 AM,,,,,,7/30/2026 1:04:41 PM,,
,RD121,,,,,,,,30/07/2026,,,,,2,,,12,2,,111.27,,,10,,,350,,,,7/30/2026 3:28:56 PM,,,,,,7/30/2026 9:04:58 PM,,
,RD122,,,,,,,,30/07/2026,,,,,2,,,7,0,,0,,,7,,,245,,,,7/30/2026 4:42:01 PM,,,,,,7/30/2026 8:46:02 PM,,
,RD126,,,,,,,,30/07/2026,,,,,2,,,4,4,,274.02,,,0,,,0,,,,7/30/2026 3:59:55 PM,,,,,,7/30/2026 8:31:44 PM,,
,RD132,,,,,,,,30/07/2026,,,,,2,,,4,1,,47.95,,,3,,,105,,,,7/30/2026 4:01:28 PM,,,,,,7/30/2026 5:53:51 PM,,
,RD136,,,,,,,,30/07/2026,,,,,2,,,8,2,,95.9,,,6,,,210,,,,7/30/2026 3:25:25 PM,,,,,,7/30/2026 6:32:21 PM,,
,RD141,,,,,,,,30/07/2026,,,,,2,,,6,5,,295.44,,,1,,,35,,,,7/30/2026 3:32:23 PM,,,,,,7/30/2026 8:58:19 PM,,
,RD226,,,,,,,,30/07/2026,,,,,2,,,8,7,,479.3,,,1,,,35,,,,7/30/2026 4:00:25 PM,,,,,,7/30/2026 9:49:49 PM,,
,RD227,,,,,,,,30/07/2026,,,,,2,,,6,5,,332.9,,,1,,,35,,,,7/30/2026 3:55:38 PM,,,,,,7/30/2026 9:20:33 PM,,
,RD229,,,,,,,,30/07/2026,,,,,2,,,9,9,,580.75,,,0,,,0,,,,7/30/2026 3:44:12 PM,,,,,,7/30/2026 9:36:54 PM,,
,RD230,,,,,,,,30/07/2026,,,,,2,,,19,7,,627.2,,,12,,,420,,,,7/30/2026 3:46:59 PM,,,,,,7/30/2026 9:20:16 PM,,
,RD231,,,,,,,,30/07/2026,,,,,2,,,7,7,,423.55,,,0,,,0,,,,7/30/2026 4:29:43 PM,,,,,,7/30/2026 8:52:02 PM,,
,RD232,,,,,,,,30/07/2026,,,,,2,,,10,3,,191.5,,,7,,,245,,,,7/30/2026 4:16:01 PM,,,,,,7/30/2026 9:08:46 PM,,
,RD233,,,,,,,,30/07/2026,,,,,2,,,17,5,,452.1,,,12,,,420,,,,7/30/2026 3:37:38 PM,,,,,,7/30/2026 9:25:15 PM,,
,RD235,,,,,,,,30/07/2026,,,,,2,,,16,11,,943.8,,,5,,,175,,,,7/30/2026 3:34:32 PM,,,,,,7/30/2026 9:58:28 PM,,
,RD237,,,,,,,,30/07/2026,,,,,2,,,12,1,,47.95,,,11,,,385,,,,7/30/2026 3:19:07 PM,,,,,,7/30/2026 9:00:15 PM,,
,RD238,,,,,,,,30/07/2026,,,,,2,,,16,5,,298.65,,,11,,,385,,,,7/30/2026 3:32:07 PM,,,,,,7/30/2026 9:19:14 PM,,
,RD240,,,,,,,,30/07/2026,,,,,2,,,13,1,,77.6,,,12,,,420,,,,7/30/2026 5:08:28 PM,,,,,,7/30/2026 9:13:53 PM,,
,RD241,,,,,,,,30/07/2026,,,,,2,,,22,1,,99.5,,,21,,,735,,,,7/30/2026 3:16:56 PM,,,,,,7/30/2026 9:22:52 PM,,
,RD242,,,,,,,,30/07/2026,,,,,2,,,19,9,,852.4,,,10,,,350,,,,7/30/2026 3:25:06 PM,,,,,,7/30/2026 9:17:08 PM,,
,RD243,,,,,,,,30/07/2026,,,,,2,,,7,0,,0,,,7,,,245,,,,7/30/2026 4:21:01 PM,,,,,,7/30/2026 9:12:38 PM,,
,RD244,,,,,,,,30/07/2026,,,,,2,,,11,2,,143.9,,,9,,,315,,,,7/30/2026 3:34:00 PM,,,,,,7/30/2026 9:41:33 PM,,
,RD245,,,,,,,,30/07/2026,,,,,2,,,19,11,,1025.2,,,8,,,280,,,,7/30/2026 3:31:12 PM,,,,,,7/30/2026 9:20:17 PM,,
,RD247,,,,,,,,30/07/2026,,,,,2,,,16,3,,181.4,,,13,,,455,,,,7/30/2026 3:26:56 PM,,,,,,7/30/2026 9:29:56 PM,,
,RD248,,,,,,,,30/07/2026,,,,,2,,,7,6,,365.85,,,1,,,35,,,,7/30/2026 3:46:43 PM,,,,,,7/30/2026 9:14:05 PM,,
,RD250,,,,,,,,30/07/2026,,,,,2,,,11,0,,0,,,11,,,385,,,,7/30/2026 4:44:13 PM,,,,,,7/30/2026 9:08:48 PM,,
,RD251,,,,,,,,30/07/2026,,,,,2,,,21,11,,891.5,,,10,,,350,,,,7/30/2026 3:29:54 PM,,,,,,7/30/2026 9:56:22 PM,,
,RD253,,,,,,,,30/07/2026,,,,,2,,,5,4,,262.1,,,1,,,35,,,,7/30/2026 4:18:16 PM,,,,,,7/30/2026 9:09:36 PM,,
,RD121,,,,,,,,30/07/2026,,,,,3,,,7,7,,457.04,,,0,,,0,,,,7/30/2026 11:45:06 PM,,,,,,7/31/2026 4:37:37 AM,,
,RD122,,,,,,,,30/07/2026,,,,,3,,,8,8,,383.6,,,0,,,0,,,,7/30/2026 11:08:55 PM,,,,,,7/31/2026 4:53:21 AM,,
,RD126,,,,,,,,30/07/2026,,,,,3,,,9,9,,655.15,,,0,,,0,,,,7/30/2026 10:55:33 PM,,,,,,7/31/2026 5:01:01 AM,,
,RD132,,,,,,,,30/07/2026,,,,,3,,,7,1,,99.79,,,6,,,210,,,,7/31/2026 2:52:31 AM,,,,,,7/31/2026 4:43:21 AM,,
,RD136,,,,,,,,30/07/2026,,,,,3,,,2,1,,47.95,,,1,,,35,,,,7/31/2026 12:57:52 AM,,,,,,7/31/2026 1:16:23 AM,,
,RD141,,,,,,,,30/07/2026,,,,,3,,,9,9,,580.58,,,0,,,0,,,,7/30/2026 10:50:07 PM,,,,,,7/31/2026 4:27:03 AM,,
,RD143,,,,,,,,30/07/2026,,,,,3,,,3,1,,47.95,,,2,,,70,,,,7/30/2026 11:18:40 PM,,,,,,7/30/2026 11:57:18 PM,,
,RD226,,,,,,,,30/07/2026,,,,,3,,,4,4,,275.7,,,0,,,0,,,,7/30/2026 11:03:32 PM,,,,,,7/31/2026 1:40:26 AM,,
,RD227,,,,,,,,30/07/2026,,,,,3,,,10,10,,592.9,,,0,,,0,,,,7/30/2026 11:28:42 PM,,,,,,7/31/2026 5:40:27 AM,,
,RD229,,,,,,,,30/07/2026,,,,,3,,,11,11,,724.2,,,0,,,0,,,,7/30/2026 10:10:34 PM,,,,,,7/31/2026 5:32:00 AM,,
,RD230,,,,,,,,30/07/2026,,,,,3,,,12,1,,95.4,,,11,,,385,,,,7/30/2026 11:50:40 PM,,,,,,7/31/2026 5:04:27 AM,,
,RD231,,,,,,,,30/07/2026,,,,,3,,,18,4,,364.1,,,14,,,490,,,,7/30/2026 11:05:27 PM,,,,,,7/31/2026 5:23:51 AM,,
,RD232,,,,,,,,30/07/2026,,,,,3,,,20,1,,96.9,,,19,,,665,,,,7/30/2026 10:37:46 PM,,,,,,7/31/2026 5:17:39 AM,,
,RD233,,,,,,,,30/07/2026,,,,,3,,,12,0,,0,,,12,,,420,,,,7/30/2026 11:58:26 PM,,,,,,7/31/2026 5:11:18 AM,,
,RD235,,,,,,,,30/07/2026,,,,,3,,,21,6,,588.3,,,15,,,525,,,,7/30/2026 10:43:51 PM,,,,,,7/31/2026 5:27:19 AM,,
,RD236,,,,,,,,30/07/2026,,,,,3,,,14,2,,209.9,,,12,,,420,,,,7/31/2026 12:01:24 AM,,,,,,7/31/2026 5:04:48 AM,,
,RD237,,,,,,,,30/07/2026,,,,,3,,,11,2,,95.9,,,9,,,315,,,,7/30/2026 11:45:21 PM,,,,,,7/31/2026 5:40:25 AM,,
,RD238,,,,,,,,30/07/2026,,,,,3,,,17,7,,710.3,,,10,,,350,,,,7/30/2026 10:46:56 PM,,,,,,7/31/2026 4:56:51 AM,,
,RD240,,,,,,,,30/07/2026,,,,,3,,,15,1,,62.1,,,14,,,490,,,,7/30/2026 10:49:18 PM,,,,,,7/31/2026 5:50:24 AM,,
,RD241,,,,,,,,30/07/2026,,,,,3,,,20,9,,836.5,,,11,,,385,,,,7/30/2026 10:29:38 PM,,,,,,7/31/2026 5:14:05 AM,,
,RD242,,,,,,,,30/07/2026,,,,,3,,,7,0,,0,,,7,,,245,,,,7/30/2026 10:56:17 PM,,,,,,7/31/2026 1:51:21 AM,,
,RD243,,,,,,,,30/07/2026,,,,,3,,,14,0,,0,,,14,,,490,,,,7/30/2026 11:12:52 PM,,,,,,7/31/2026 4:59:49 AM,,
,RD244,,,,,,,,30/07/2026,,,,,3,,,14,1,,76.7,,,13,,,455,,,,7/30/2026 10:15:43 PM,,,,,,7/31/2026 5:07:13 AM,,
,RD245,,,,,,,,30/07/2026,,,,,3,,,18,0,,0,,,18,,,630,,,,7/30/2026 10:44:06 PM,,,,,,7/31/2026 5:17:15 AM,,
,RD247,,,,,,,,30/07/2026,,,,,3,,,18,1,,64.5,,,17,,,595,,,,7/30/2026 10:01:32 PM,,,,,,7/31/2026 5:12:54 AM,,
,RD248,,,,,,,,30/07/2026,,,,,3,,,8,0,,0,,,8,,,280,,,,7/31/2026 2:13:18 AM,,,,,,7/31/2026 4:58:48 AM,,
,RD250,,,,,,,,30/07/2026,,,,,3,,,21,1,,67.1,,,20,,,700,,,,7/30/2026 10:42:01 PM,,,,,,7/31/2026 5:35:23 AM,,
,RD251,,,,,,,,30/07/2026,,,,,3,,,13,1,,68.3,,,12,,,420,,,,7/30/2026 10:04:29 PM,,,,,,7/31/2026 5:20:06 AM,,
,RD252,,,,,,,,30/07/2026,,,,,3,,,10,10,,653.5,,,0,,,0,,,,7/30/2026 11:35:33 PM,,,,,,7/31/2026 5:57:40 AM,,
,RD253,,,,,,,,30/07/2026,,,,,3,,,18,1,,73.3,,,17,,,595,,,,7/30/2026 10:48:56 PM,,,,,,7/31/2026 5:47:44 AM,,
,RD121,,,,,,,,31/07/2026,,,,,1,,,12,12,,723.98,,,0,,,0,,,,7/31/2026 6:49:04 AM,,,,,,7/31/2026 1:04:03 PM,,
,RD122,,,,,,,,31/07/2026,,,,,1,,,10,9,,431.55,,,1,,,35,,,,7/31/2026 6:55:15 AM,,,,,,7/31/2026 1:01:10 PM,,
,RD126,,,,,,,,31/07/2026,,,,,1,,,9,9,,562.29,,,0,,,0,,,,7/31/2026 7:19:32 AM,,,,,,7/31/2026 12:57:02 PM,,
,RD132,,,,,,,,31/07/2026,,,,,1,,,2,2,,116.66,,,0,,,0,,,,7/31/2026 7:13:09 AM,,,,,,7/31/2026 7:51:38 AM,,
,RD136,,,,,,,,31/07/2026,,,,,1,,,8,8,,383.6,,,0,,,0,,,,7/31/2026 7:10:05 AM,,,,,,7/31/2026 12:11:42 PM,,
,RD141,,,,,,,,31/07/2026,,,,,1,,,7,7,,412.32,,,0,,,0,,,,7/31/2026 6:51:44 AM,,,,,,7/31/2026 10:52:19 AM,,
,RD143,,,,,,,,31/07/2026,,,,,1,,,5,5,,239.75,,,0,,,0,,,,7/31/2026 7:23:05 AM,,,,,,7/31/2026 1:01:01 PM,,
,RD226,,,,,,,,31/07/2026,,,,,1,,,6,6,,403.5,,,0,,,0,,,,7/31/2026 9:44:33 AM,,,,,,7/31/2026 12:50:00 PM,,
,RD227,,,,,,,,31/07/2026,,,,,1,,,15,0,,0,,,15,,,525,,,,7/31/2026 11:22:52 AM,,,,,,7/31/2026 1:11:11 PM,,
,RD228,,,,,,,,31/07/2026,,,,,1,,,18,3,,278.3,,,15,,,525,,,,7/31/2026 7:24:45 AM,,,,,,7/31/2026 1:21:12 PM,,
,RD229,,,,,,,,31/07/2026,,,,,1,,,19,9,,730.6,,,10,,,350,,,,7/31/2026 6:00:44 AM,,,,,,7/31/2026 1:34:00 PM,,
,RD230,,,,,,,,31/07/2026,,,,,1,,,23,6,,557,,,17,,,595,,,,7/31/2026 6:53:38 AM,,,,,,7/31/2026 1:16:24 PM,,
,RD231,,,,,,,,31/07/2026,,,,,1,,,7,2,,115.6,,,4,,,140,,,,7/31/2026 7:47:59 AM,,,,,,7/31/2026 1:06:22 PM,,
,RD232,,,,,,,,31/07/2026,,,,,1,,,18,2,,140.6,,,15,,,525,,,,7/31/2026 7:55:09 AM,,,,,,7/31/2026 1:15:59 PM,,
,RD233,,,,,,,,31/07/2026,,,,,1,,,5,0,,0,,,5,,,175,,,,7/31/2026 7:08:56 AM,,,,,,7/31/2026 8:51:28 AM,,
,RD235,,,,,,,,31/07/2026,,,,,1,,,22,7,,660.9,,,15,,,525,,,,7/31/2026 6:41:40 AM,,,,,,7/31/2026 1:24:16 PM,,
,RD236,,,,,,,,31/07/2026,,,,,1,,,12,1,,87.5,,,11,,,385,,,,7/31/2026 7:06:23 AM,,,,,,7/31/2026 1:10:18 PM,,
,RD237,,,,,,,,31/07/2026,,,,,1,,,24,3,,143.85,,,21,,,735,,,,7/31/2026 6:09:34 AM,,,,,,7/31/2026 1:18:51 PM,,
,RD238,,,,,,,,31/07/2026,,,,,1,,,10,1,,47.95,,,9,,,315,,,,7/31/2026 7:03:21 AM,,,,,,7/31/2026 1:35:43 PM,,
,RD240,,,,,,,,31/07/2026,,,,,1,,,16,1,,62.8,,,15,,,525,,,,7/31/2026 6:17:31 AM,,,,,,7/31/2026 1:12:37 PM,,
,RD241,,,,,,,,31/07/2026,,,,,1,,,19,1,,91,,,18,,,630,,,,7/31/2026 6:36:03 AM,,,,,,7/31/2026 1:17:08 PM,,
,RD243,,,,,,,,31/07/2026,,,,,1,,,12,5,,288.6,,,5,,,175,,,,7/31/2026 7:34:47 AM,,,,,,7/31/2026 1:15:04 PM,,
,RD244,,,,,,,,31/07/2026,,,,,1,,,11,11,,736.5,,,0,,,0,,,,7/31/2026 6:40:53 AM,,,,,,7/31/2026 12:53:51 PM,,
,RD245,,,,,,,,31/07/2026,,,,,1,,,8,0,,0,,,8,,,280,,,,7/31/2026 7:17:16 AM,,,,,,7/31/2026 12:47:38 PM,,
,RD247,,,,,,,,31/07/2026,,,,,1,,,10,0,,0,,,10,,,350,,,,7/31/2026 6:49:53 AM,,,,,,7/31/2026 1:01:00 PM,,
,RD248,,,,,,,,31/07/2026,,,,,1,,,14,6,,436,,,6,,,210,,,,7/31/2026 7:29:24 AM,,,,,,7/31/2026 12:37:36 PM,,
,RD250,,,,,,,,31/07/2026,,,,,1,,,13,2,,133.9,,,11,,,385,,,,7/31/2026 6:04:07 AM,,,,,,7/31/2026 1:12:35 PM,,
,RD251,,,,,,,,31/07/2026,,,,,1,,,12,6,,522.6,,,6,,,210,,,,7/31/2026 9:10:29 AM,,,,,,7/31/2026 1:16:36 PM,,
,RD252,,,,,,,,31/07/2026,,,,,1,,,11,0,,0,,,11,,,385,,,,7/31/2026 7:07:12 AM,,,,,,7/31/2026 12:57:29 PM,,
,RD253,,,,,,,,31/07/2026,,,,,1,,,17,1,,69.3,,,16,,,560,,,,7/31/2026 6:11:51 AM,,,,,,7/31/2026 1:02:23 PM,,
,RD121,,,,,,,,31/07/2026,,,,,2,,,16,1,,98.79,,,15,,,525,,,,7/31/2026 3:20:37 PM,,,,,,7/31/2026 9:00:04 PM,,
,RD122,,,,,,,,31/07/2026,,,,,2,,,7,0,,0,,,7,,,245,,,,7/31/2026 8:12:24 PM,,,,,,7/31/2026 9:12:38 PM,,
,RD126,,,,,,,,31/07/2026,,,,,2,,,8,8,,569.99,,,0,,,0,,,,7/31/2026 3:33:06 PM,,,,,,7/31/2026 8:37:05 PM,,
,RD132,,,,,,,,31/07/2026,,,,,2,,,5,2,,138.89,,,3,,,105,,,,7/31/2026 6:06:54 PM,,,,,,7/31/2026 9:05:13 PM,,
,RD141,,,,,,,,31/07/2026,,,,,2,,,9,8,,509.83,,,1,,,35,,,,7/31/2026 3:14:09 PM,,,,,,7/31/2026 9:12:24 PM,,
,RD143,,,,,,,,31/07/2026,,,,,2,,,16,3,,143.85,,,13,,,455,,,,7/31/2026 3:08:33 PM,,,,,,7/31/2026 9:04:27 PM,,
,RD226,,,,,,,,31/07/2026,,,,,2,,,11,7,,509.3,,,4,,,140,,,,7/31/2026 3:27:10 PM,,,,,,7/31/2026 9:04:22 PM,,
,RD227,,,,,,,,31/07/2026,,,,,2,,,9,9,,604.1,,,0,,,0,,,,7/31/2026 3:11:16 PM,,,,,,7/31/2026 9:40:09 PM,,
,RD228,,,,,,,,31/07/2026,,,,,2,,,8,4,,259.85,,,4,,,140,,,,7/31/2026 6:06:28 PM,,,,,,7/31/2026 9:15:34 PM,,
,RD229,,,,,,,,31/07/2026,,,,,2,,,25,0,,0,,,25,,,875,,,,7/31/2026 3:00:01 PM,,,,,,7/31/2026 9:27:31 PM,,
,RD230,,,,,,,,31/07/2026,,,,,2,,,18,2,,188.1,,,16,,,560,,,,7/31/2026 3:24:24 PM,,,,,,7/31/2026 9:07:33 PM,,
,RD231,,,,,,,,31/07/2026,,,,,2,,,15,1,,64.2,,,14,,,490,,,,7/31/2026 3:20:26 PM,,,,,,7/31/2026 9:37:57 PM,,
,RD232,,,,,,,,31/07/2026,,,,,2,,,7,7,,474.4,,,0,,,0,,,,7/31/2026 4:18:08 PM,,,,,,7/31/2026 8:58:08 PM,,
,RD233,,,,,,,,31/07/2026,,,,,2,,,20,0,,0,,,20,,,700,,,,7/31/2026 3:29:21 PM,,,,,,7/31/2026 9:10:00 PM,,
,RD235,,,,,,,,31/07/2026,,,,,2,,,10,2,,132.9,,,8,,,280,,,,7/31/2026 6:52:26 PM,,,,,,7/31/2026 9:56:53 PM,,
,RD236,,,,,,,,31/07/2026,,,,,2,,,16,0,,0,,,16,,,560,,,,7/31/2026 3:08:07 PM,,,,,,7/31/2026 9:10:55 PM,,
,RD237,,,,,,,,31/07/2026,,,,,2,,,24,0,,0,,,24,,,840,,,,7/31/2026 3:07:34 PM,,,,,,7/31/2026 9:26:36 PM,,
,RD238,,,,,,,,31/07/2026,,,,,2,,,10,10,,670,,,0,,,0,,,,7/31/2026 3:17:27 PM,,,,,,7/31/2026 9:43:34 PM,,
,RD240,,,,,,,,31/07/2026,,,,,2,,,14,0,,0,,,14,,,490,,,,7/31/2026 3:25:35 PM,,,,,,7/31/2026 9:18:26 PM,,
,RD241,,,,,,,,31/07/2026,,,,,2,,,17,0,,0,,,17,,,595,,,,7/31/2026 3:12:26 PM,,,,,,7/31/2026 9:14:53 PM,,
,RD243,,,,,,,,31/07/2026,,,,,2,,,5,3,,224.2,,,2,,,70,,,,7/31/2026 6:00:54 PM,,,,,,7/31/2026 9:13:51 PM,,
,RD244,,,,,,,,31/07/2026,,,,,2,,,20,5,,435.2,,,15,,,525,,,,7/31/2026 4:04:47 PM,,,,,,7/31/2026 9:16:44 PM,,
,RD245,,,,,,,,31/07/2026,,,,,2,,,23,0,,0,,,23,,,805,,,,7/31/2026 3:17:23 PM,,,,,,7/31/2026 9:17:12 PM,,
,RD247,,,,,,,,31/07/2026,,,,,2,,,18,8,,668.8,,,10,,,350,,,,7/31/2026 4:01:57 PM,,,,,,7/31/2026 9:52:25 PM,,
,RD248,,,,,,,,31/07/2026,,,,,2,,,7,7,,408.65,,,0,,,0,,,,7/31/2026 3:08:27 PM,,,,,,7/31/2026 9:24:14 PM,,
,RD250,,,,,,,,31/07/2026,,,,,2,,,4,1,,68.9,,,3,,,105,,,,7/31/2026 3:23:15 PM,,,,,,7/31/2026 4:38:05 PM,,
,RD251,,,,,,,,31/07/2026,,,,,2,,,19,2,,185,,,17,,,595,,,,7/31/2026 3:08:47 PM,,,,,,7/31/2026 9:19:04 PM,,
,RD252,,,,,,,,31/07/2026,,,,,2,,,9,9,,566.45,,,0,,,0,,,,7/31/2026 3:20:28 PM,,,,,,7/31/2026 9:08:40 PM,,
,RD253,,,,,,,,31/07/2026,,,,,2,,,17,2,,168.9,,,15,,,525,,,,7/31/2026 5:27:42 PM,,,,,,7/31/2026 9:20:28 PM,,
,RD121,,,,,,,,31/07/2026,,,,,3,,,10,10,,585.46,,,0,,,0,,,,8/1/2026 12:19:05 AM,,,,,,8/1/2026 5:27:50 AM,,
,RD122,,,,,,,,31/07/2026,,,,,3,,,9,9,,431.55,,,0,,,0,,,,7/31/2026 11:13:48 PM,,,,,,8/1/2026 5:51:50 AM,,
,RD126,,,,,,,,31/07/2026,,,,,3,,,7,7,,479.4,,,0,,,0,,,,7/31/2026 10:59:49 PM,,,,,,8/1/2026 4:18:52 AM,,
,RD132,,,,,,,,31/07/2026,,,,,3,,,8,8,,493.76,,,0,,,0,,,,7/31/2026 11:00:12 PM,,,,,,8/1/2026 4:22:55 AM,,
,RD141,,,,,,,,31/07/2026,,,,,3,,,9,9,,586.21,,,0,,,0,,,,7/31/2026 10:48:44 PM,,,,,,8/1/2026 4:52:40 AM,,
,RD143,,,,,,,,31/07/2026,,,,,3,,,7,7,,335.65,,,0,,,0,,,,7/31/2026 11:58:05 PM,,,,,,8/1/2026 4:29:41 AM,,
,RD226,,,,,,,,31/07/2026,,,,,3,,,9,9,,590.8,,,0,,,0,,,,7/31/2026 10:58:57 PM,,,,,,8/1/2026 5:42:44 AM,,
,RD227,,,,,,,,31/07/2026,,,,,3,,,11,2,,134.6,,,9,,,315,,,,7/31/2026 10:11:54 PM,,,,,,8/1/2026 5:37:05 AM,,
,RD228,,,,,,,,31/07/2026,,,,,3,,,12,0,,0,,,12,,,420,,,,8/1/2026 12:39:35 AM,,,,,,8/1/2026 5:09:27 AM,,
,RD229,,,,,,,,31/07/2026,,,,,3,,,12,0,,0,,,12,,,420,,,,8/1/2026 12:52:49 AM,,,,,,8/1/2026 5:13:06 AM,,
,RD230,,,,,,,,31/07/2026,,,,,3,,,15,0,,0,,,15,,,525,,,,7/31/2026 11:21:57 PM,,,,,,8/1/2026 5:13:42 AM,,
,RD231,,,,,,,,31/07/2026,,,,,3,,,18,1,,63.2,,,17,,,595,,,,7/31/2026 10:08:49 PM,,,,,,8/1/2026 4:58:10 AM,,
,RD232,,,,,,,,31/07/2026,,,,,3,,,19,3,,287.5,,,16,,,560,,,,7/31/2026 10:41:41 PM,,,,,,8/1/2026 5:22:49 AM,,
,RD233,,,,,,,,31/07/2026,,,,,3,,,13,0,,0,,,13,,,455,,,,7/31/2026 10:53:56 PM,,,,,,8/1/2026 4:29:58 AM,,
,RD235,,,,,,,,31/07/2026,,,,,3,,,24,12,,1074.1,,,12,,,420,,,,7/31/2026 10:43:38 PM,,,,,,8/1/2026 5:48:14 AM,,
,RD236,,,,,,,,31/07/2026,,,,,3,,,11,6,,577.3,,,5,,,175,,,,7/31/2026 11:14:48 PM,,,,,,8/1/2026 5:08:52 AM,,
,RD237,,,,,,,,31/07/2026,,,,,3,,,10,0,,0,,,10,,,350,,,,7/31/2026 11:54:53 PM,,,,,,8/1/2026 5:05:58 AM,,
,RD238,,,,,,,,31/07/2026,,,,,3,,,11,7,,625.6,,,4,,,140,,,,7/31/2026 10:15:26 PM,,,,,,8/1/2026 5:15:25 AM,,
,RD240,,,,,,,,31/07/2026,,,,,3,,,9,9,,604.8,,,0,,,0,,,,7/31/2026 10:54:36 PM,,,,,,8/1/2026 5:39:55 AM,,
,RD241,,,,,,,,31/07/2026,,,,,3,,,22,9,,834.8,,,13,,,455,,,,7/31/2026 10:43:34 PM,,,,,,8/1/2026 5:45:28 AM,,
,RD243,,,,,,,,31/07/2026,,,,,3,,,11,0,,0,,,11,,,385,,,,8/1/2026 12:43:37 AM,,,,,,8/1/2026 5:16:23 AM,,
,RD244,,,,,,,,31/07/2026,,,,,3,,,18,5,,470.2,,,13,,,455,,,,7/31/2026 10:52:31 PM,,,,,,8/1/2026 5:21:20 AM,,
,RD245,,,,,,,,31/07/2026,,,,,3,,,18,5,,454.9,,,13,,,455,,,,7/31/2026 10:48:16 PM,,,,,,8/1/2026 5:10:28 AM,,
,RD247,,,,,,,,31/07/2026,,,,,3,,,15,1,,59.7,,,14,,,490,,,,7/31/2026 10:20:05 PM,,,,,,8/1/2026 5:05:47 AM,,
,RD248,,,,,,,,31/07/2026,,,,,3,,,15,1,,76.2,,,14,,,490,,,,7/31/2026 10:01:07 PM,,,,,,8/1/2026 5:01:38 AM,,
,RD251,,,,,,,,31/07/2026,,,,,3,,,15,2,,141.1,,,13,,,455,,,,7/31/2026 11:24:15 PM,,,,,,8/1/2026 5:15:45 AM,,
,RD252,,,,,,,,31/07/2026,,,,,3,,,12,0,,0,,,12,,,420,,,,7/31/2026 11:58:43 PM,,,,,,8/1/2026 5:16:55 AM,,
,RD253,,,,,,,,31/07/2026,,,,,3,,,13,1,,56.5,,,12,,,420,,,,7/31/2026 11:18:50 PM,,,,,,8/1/2026 5:30:30 AM,,
,,,,,,,,,,,,,,,,,,,,,,,,,,,,,,,,,,,,,,
,,,Hours Summary,,,,,,,,,,,,,,,,,,,,,,,,,,,,,,,,,,,
,,,,,,,,,,,,,,,,,,,,,,,,,,,,,,,,,,,,,,
,,Equipment No,,,Shift Ident,,,,,,Operator,,,,,Run Hours,,,Total Loading time,,,Avg. Loading time,,,,,,,Wait At LU,,,,Avg. Wait At LU,Wait AT Dump,Avg Wait AT Dump,,Tea Breakfast Time,Total Hauling Units Availability
,,RD121,,,1,,,,,," LALAN KR. YADAV (269054), RANJIT RANJAN (270742)",,,,,47.23,,,02:37:40,,,00:02:25,,,,,,,00:00:00,,,,00:00:00,01:14:24,01:14:24,,01:55:19,73:51:14
,,RD121,,,2,,,,,, MURARI RANA (270639),,,,,37.92,,,04:00:49,,,00:02:27,,,,,,,00:00:00,,,,00:00:00,01:26:20,01:26:20,,00:32:52,69:22:05
,,RD122,,,2,,,,,, MURARI RANA (270639),,,,,21.81,,,02:09:59,,,00:03:31,,,,,,,00:00:00,,,,00:00:00,00:17:14,00:17:14,,01:23:16,56:10:39
,,RD126,,,2,,,,,, ARMAN HUSSAIN (266814),,,,,42.02,,,03:16:16,,,00:02:28,,,,,,,00:00:36,,,,00:00:36,01:55:28,01:55:28,,01:29:34,72:38:23
,,RD132,,,2,,,,,, ARMAN HUSSAIN (266814),,,,,87.41,,,02:12:27,,,00:02:30,,,,,,,00:00:00,,,,00:00:00,00:52:57,00:52:57,,02:33:50,64:57:45
,,RD136,,,2,,,,,, ARMAN ANSARI (270640),,,,,61.48,,,00:37:09,,,00:03:30,,,,,,,00:00:00,,,,00:00:00,00:06:50,00:06:50,,04:26:51,40:58:54
,,RD141,,,1,,,,,, AKASH BHARDWAJ (270638),,,,,47.86,,,03:35:17,,,00:02:29,,,,,,,00:00:00,,,,00:00:00,01:41:54,01:41:54,,02:35:00,81:21:51
,,RD141,,,2,,,,,, GANGA SAHU (269061),,,,,28.71,,,03:26:07,,,00:02:23,,,,,,,00:00:00,,,,00:00:00,01:00:17,01:00:17,,06:49:53,79:58:52
,,RD143,,,2,,,,,, ARMAN ANSARI (270640),,,,,0.00,,,03:06:05,,,00:03:30,,,,,,,00:00:00,,,,00:00:00,07:54:11,07:54:11,,02:42:42,60:36:03
,,RD226,,,1,,,,,, RANJEET KUMAR (270740),,,,,63.72,,,05:08:44,,,00:02:28,,,,,,,00:00:00,,,,00:00:00,00:49:38,00:49:38,,04:03:52,78:16:26
,,RD226,,,2,,,,,, PRAKASH YADAV (270747),,,,,62.52,,,05:26:34,,,00:02:28,,,,,,,00:00:00,,,,00:00:00,01:13:48,01:13:48,,01:54:00,87:01:13
,,RD226,,,3,,,,,, RAM NARAYAN PRASAD (267889),,,,,66.73,,,05:16:13,,,00:02:27,,,,,,,00:00:00,,,,00:00:00,01:41:16,01:41:16,,03:03:56,80:02:07
,,RD227,,,1,,,,,, RABINA KHATOON (270655),,,,,42.97,,,04:54:41,,,00:02:26,,,,,,,00:00:00,,,,00:00:00,00:58:49,00:58:49,,06:29:09,70:38:41
,,RD227,,,2,,,,,," MANIJAR MAHTO (270751), RABINA KHATOON (270655)",,,,,55.84,,,06:52:42,,,00:02:30,,,,,,,00:00:00,,,,00:00:00,01:23:52,01:23:52,,01:45:26,75:06:49
,,RD227,,,3,,,,,, AJIT UDAY (269003),,,,,59.67,,,05:40:52,,,00:03:28,,,,,,,00:00:06,,,,00:00:06,01:14:28,01:14:28,,02:59:07,79:18:52
,,RD228,,,1,,,,,, ABHAY KUMAR (270759),,,,,52.01,,,07:00:17,,,00:03:32,,,,,,,00:00:00,,,,00:00:00,01:17:30,01:17:30,,05:48:36,70:07:36
,,RD228,,,2,,,,,, DURGESH KUMAR (270634),,,,,54.53,,,07:46:09,,,00:03:29,,,,,,,00:00:00,,,,00:00:00,01:56:54,01:56:54,,01:25:05,76:00:54
,,RD228,,,3,,,,,, KIRAN KUMARI (270673),,,,,56.90,,,07:14:32,,,00:02:28,,,,,,,00:00:00,,,,00:00:00,01:20:36,01:20:36,,03:40:02,76:44:38
,,RD229,,,1,,,,,, SHRAWAN KR. YADAV (267916),,,,,39.12,,,05:07:51,,,00:03:28,,,,,,,00:00:00,,,,00:00:00,01:03:00,01:03:00,,03:25:54,48:43:18
,,RD229,,,2,,,,,, SANJUL HEMBROM (268555),,,,,35.57,,,03:59:15,,,00:02:28,,,,,,,00:00:00,,,,00:00:00,00:28:33,00:28:33,,00:32:08,46:31:24
,,RD229,,,3,,,,,, PREM LATA KUMARI (270648),,,,,41.00,,,05:14:41,,,00:02:28,,,,,,,00:00:00,,,,00:00:00,01:10:14,01:10:14,,01:16:18,47:33:16
,,RD230,,,1,,,,,, MD. NEYAZ ALAM (268776),,,,,64.31,,,08:54:13,,,00:02:30,,,,,,,00:00:00,,,,00:00:00,01:03:41,01:03:41,,07:02:08,84:47:53
,,RD230,,,2,,,,,, AMARENDR BANDI (270766),,,,,59.01,,,06:49:12,,,00:02:29,,,,,,,00:00:00,,,,00:00:00,02:32:40,02:32:40,,03:04:34,84:11:13
,,RD230,,,3,,,,,, GANESH MAHTO (267850),,,,,66.01,,,06:27:59,,,00:02:32,,,,,,,00:00:00,,,,00:00:00,01:22:55,01:22:55,,03:06:33,81:22:11
,,RD231,,,1,,,,,, SURAJ KUMAR (270637),,,,,65.68,,,07:14:26,,,00:02:31,,,,,,,00:00:00,,,,00:00:00,01:38:53,01:38:53,,02:37:07,83:01:25
,,RD231,,,2,,,,,, SANOJ PRASAD (269335),,,,,56.59,,,07:55:44,,,00:02:31,,,,,,,00:00:00,,,,00:00:00,01:19:26,01:19:26,,01:50:02,81:39:54
,,RD231,,,3,,,,,," SANOJ PRASAD (269335), SURESHWAR CHAND (267586)",,,,,62.96,,,08:36:44,,,00:02:29,,,,,,,00:00:00,,,,00:00:00,02:28:12,02:28:12,,04:45:40,81:07:39
,,RD232,,,1,,,,,, RAKHI SHARMA (270547),,,,,69.09,,,09:35:08,,,00:02:29,,,,,,,00:00:00,,,,00:00:00,01:09:45,01:09:45,,02:59:49,84:00:45
,,RD232,,,2,,,,,," GANGA SAHU (269061), NANCY KUMARI (270674)",,,,,57.24,,,07:20:15,,,00:02:29,,,,,,,00:00:00,,,,00:00:00,01:12:34,01:12:34,,02:09:59,81:33:38
,,RD232,,,3,,,,,," GANGA SAHU (269061), VINOD KR. SAHU (267611)",,,,,64.63,,,09:35:54,,,00:02:29,,,,,,,00:00:00,,,,00:00:00,03:24:18,03:24:18,,04:18:51,78:06:56
,,RD233,,,1,,,,,, SHANTI LAKRA (270733),,,,,58.56,,,06:58:38,,,00:03:27,,,,,,,00:00:00,,,,00:00:00,01:11:38,01:11:38,,03:21:34,76:01:25
,,RD233,,,2,,,,,, SRIPATI PRASAD (268682),,,,,55.44,,,07:32:42,,,00:03:27,,,,,,,00:00:07,,,,00:00:07,01:55:29,01:55:29,,03:22:54,74:58:56
,,RD233,,,3,,,,,, ANITA TUDU (270680),,,,,65.90,,,08:22:34,,,00:02:31,,,,,,,00:00:00,,,,00:00:00,02:18:18,02:18:18,,06:02:28,84:55:35
,,RD234,,,1,,,,,, SHASHI KANT CHATTAR (269224),,,,,31.92,,,03:52:01,,,00:02:32,,,,,,,00:00:00,,,,00:00:00,00:37:50,00:37:50,,03:20:52,42:11:20
,,RD234,,,2,,,,,, ABHAY KR. SINGH (269114),,,,,29.33,,,03:46:53,,,00:02:30,,,,,,,00:00:00,,,,00:00:00,01:02:19,01:02:19,,02:27:28,39:48:32
,,RD234,,,3,,,,,," ABHAY KR. SINGH (269114), ADITYA PRASAD (270335)",,,,,30.52,,,03:31:28,,,00:02:27,,,,,,,00:00:00,,,,00:00:00,00:47:04,00:47:04,,03:41:15,42:05:10
,,RD235,,,1,,,,,, PINKI PRASAD (270677),,,,,66.96,,,08:01:00,,,00:02:28,,,,,,,00:00:00,,,,00:00:00,01:42:04,01:42:04,,06:10:33,87:51:59
,,RD235,,,2,,,,,, KHEM LAL RAM (267829),,,,,52.77,,,07:12:56,,,00:02:31,,,,,,,00:00:00,,,,00:00:00,00:48:52,00:48:52,,01:20:44,85:46:25
,,RD235,,,3,,,,,, UMESH PASWAN (268885),,,,,68.13,,,10:37:58,,,00:02:28,,,,,,,00:00:00,,,,00:00:00,02:07:44,02:07:44,,04:04:21,84:16:34
,,RD236,,,1,,,,,," LAL DEV BESRA (269413), NAZIYA PRAVEEN (270565)",,,,,48.44,,,05:30:01,,,00:02:30,,,,,,,00:00:00,,,,00:00:00,01:14:05,01:14:05,,05:05:40,69:18:30
,,RD236,,,2,,,,,, SURENDRA YADAV (267008),,,,,51.01,,,07:21:51,,,00:02:29,,,,,,,00:03:19,,,,00:03:19,01:37:56,01:37:56,,02:09:25,69:38:30
,,RD236,,,3,,,,,, ASHOK KR. SINGH (267137),,,,,58.11,,,08:05:50,,,00:02:31,,,,,,,00:00:00,,,,00:00:00,01:28:44,01:28:44,,02:49:20,72:47:23
,,RD237,,,1,,,,,, LAL DEV BESRA (269413),,,,,67.30,,,09:00:35,,,00:02:29,,,,,,,00:00:00,,,,00:00:00,00:58:32,00:58:32,,04:06:15,83:57:12
,,RD237,,,3,,,,,, RANJIT RANJAN (270742),,,,,67.12,,,07:47:59,,,00:02:29,,,,,,,00:00:00,,,,00:00:00,02:09:27,02:09:27,,01:30:19,80:03:05
,,RD238,,,1,,,,,, SANTOSHI LAMA (270672),,,,,67.26,,,09:39:27,,,00:02:29,,,,,,,00:00:00,,,,00:00:00,01:58:15,01:58:15,,05:32:16,86:20:13
,,RD238,,,2,,,,,, SUBHAM CHOUDHARY (270644),,,,,61.98,,,07:27:50,,,00:02:25,,,,,,,00:00:00,,,,00:00:00,00:55:33,00:55:33,,02:40:44,83:30:11
,,RD238,,,3,,,,,, KEDAR YADAV (267173),,,,,66.10,,,07:17:26,,,00:02:29,,,,,,,00:00:00,,,,00:00:00,01:25:13,01:25:13,,04:45:41,83:26:30
,,RD239,,,2,,,,,, ARMAN ANSARI (270640),,,,,24.51,,,02:44:08,,,00:02:30,,,,,,,00:00:00,,,,00:00:00,00:36:12,00:36:12,,00:13:24,33:02:07
,,RD239,,,3,,,,,, RAJU KUMAR (270225),,,,,31.75,,,04:48:06,,,00:03:32,,,,,,,00:00:00,,,,00:00:00,01:00:27,01:00:27,,01:13:07,38:31:10
,,RD240,,,1,,,,,, RAJ KR. YADAV (267954),,,,,65.84,,,09:50:13,,,00:02:31,,,,,,,00:00:00,,,,00:00:00,01:29:28,01:29:28,,06:11:25,85:12:00
,,RD240,,,2,,,,,," BIRBAL SAHU (267210), LAKSHMI KUMARI (270553)",,,,,60.65,,,07:56:59,,,00:02:29,,,,,,,00:00:00,,,,00:00:00,00:28:16,00:28:16,,01:25:25,82:30:14
,,RD240,,,3,,,,,," AJAY KR. CHOUDHARY (270175), LAKSHMI KUMARI (270553)",,,,,69.10,,,10:06:35,,,00:03:27,,,,,,,00:00:00,,,,00:00:00,01:48:25,01:48:25,,04:19:27,86:22:48
,,RD241,,,1,,,,,, VIKASH BHARADWAJ (270645),,,,,68.92,,,08:37:13,,,00:03:29,,,,,,,00:00:00,,,,00:00:00,01:48:03,01:48:03,,03:55:27,86:48:39
,,RD241,,,2,,,,,," C B SINGH (269107), VIKASH BHARADWAJ (270645)",,,,,59.19,,,08:14:53,,,00:03:28,,,,,,,00:00:00,,,,00:00:00,01:29:54,01:29:54,,01:38:27,84:14:48
,,RD241,,,3,,,,,, MD. AFTAB ALAM (270641),,,,,72.31,,,09:38:09,,,00:02:30,,,,,,,00:00:00,,,,00:00:00,02:08:26,02:08:26,,03:04:51,86:58:50
,,RD242,,,1,,,,,, JAGDISH KR. YADAV (269014),,,,,63.26,,,09:22:23,,,00:02:28,,,,,,,00:00:00,,,,00:00:00,02:08:09,02:08:09,,02:57:07,76:56:06
,,RD242,,,2,,,,,," DHARAM NATH SINGH (267194), RAJBIR SINGH (266975)",,,,,47.81,,,05:56:25,,,00:02:30,,,,,,,00:00:00,,,,00:00:00,00:56:41,00:56:41,,02:46:43,75:04:23
,,RD242,,,3,,,,,," AKULA ASHOK (270739), RAJBIR SINGH (266975)",,,,,60.78,,,07:40:16,,,00:02:28,,,,,,,00:00:00,,,,00:00:00,02:29:27,02:29:27,,02:35:35,72:16:42
,,RD243,,,1,,,,,, NAVEEN KR. MAHTO (270646),,,,,68.69,,,08:31:15,,,00:03:25,,,,,,,00:00:00,,,,00:00:00,01:10:20,01:10:20,,02:45:12,84:12:57
,,RD243,,,2,,,,,, EKRAMUL HAQUE (268709),,,,,48.09,,,05:42:39,,,00:02:27,,,,,,,00:00:00,,,,00:00:00,01:10:55,01:10:55,,03:26:42,78:30:05
,,RD243,,,3,,,,,, NIRMALA KUMARI (270562),,,,,66.33,,,09:38:50,,,00:02:30,,,,,,,00:00:00,,,,00:00:00,02:39:08,02:39:08,,03:12:55,84:56:53
,,RD244,,,1,,,,,, UPENDRA KUMAR (270047),,,,,56.13,,,07:49:20,,,00:02:28,,,,,,,00:00:00,,,,00:00:00,00:58:26,00:58:26,,02:26:04,72:47:27
,,RD244,,,2,,,,,, AJIT KR. SINGH (266798),,,,,50.94,,,06:18:42,,,00:02:25,,,,,,,00:00:00,,,,00:00:00,01:07:45,01:07:45,,02:22:29,76:14:04
,,RD245,,,1,,,,,, DHARMENDRA KUMAR (269248),,,,,49.17,,,06:09:30,,,00:02:28,,,,,,,00:00:00,,,,00:00:00,01:54:51,01:54:51,,02:17:42,77:49:30
,,RD245,,,2,,,,,, RAHUL KUMAR (270636),,,,,48.10,,,07:21:19,,,00:02:25,,,,,,,00:00:00,,,,00:00:00,00:55:10,00:55:10,,03:27:50,69:20:41
,,RD245,,,3,,,,,, KRISHNA PASWAN (270752),,,,,52.39,,,08:01:00,,,00:02:31,,,,,,,00:02:04,,,,00:02:04,01:57:33,01:57:33,,03:56:19,77:13:21
,,RD246,,,1,,,,,, BIBHUTI SAW (269435),,,,,69.04,,,07:43:32,,,00:03:30,,,,,,,00:00:00,,,,00:00:00,01:28:51,01:28:51,,03:47:07,62:47:27
,,RD246,,,2,,,,,, BINOD KR. THAKUR (266910),,,,,65.88,,,05:10:24,,,00:03:28,,,,,,,00:00:00,,,,00:00:00,01:26:24,01:26:24,,01:45:08,60:53:38
,,RD246,,,3,,,,,, RAM LAKHAN YADAV (267672),,,,,79.04,,,06:44:00,,,00:02:30,,,,,,,00:00:04,,,,00:00:04,01:15:10,01:15:10,,04:09:24,63:31:45
,,RD248,,,1,,,,,, BALESHWAR MAHTO (267818),,,,,54.47,,,08:20:37,,,00:03:29,,,,,,,00:00:00,,,,00:00:00,00:57:12,00:57:12,,05:16:02,79:29:10
,,RD248,,,2,,,,,, BIYYALA SATISH (270762),,,,,-139514.93,,,06:27:50,,,00:02:30,,,,,,,00:00:00,,,,00:00:00,01:05:01,01:05:01,,01:13:26,69:49:01
,,RD248,,,3,,,,,, REENA KUMARI (270550),,,,,57.81,,,08:48:37,,,00:02:28,,,,,,,00:00:05,,,,00:00:02,01:57:35,01:57:35,,05:18:51,83:36:55
,,RD249,,,1,,,,,, VINITA SINGH (270659),,,,,47.61,,,06:29:12,,,00:02:29,,,,,,,00:00:00,,,,00:00:00,01:11:33,01:11:33,,05:22:45,61:07:22
,,RD250,,,1,,,,,, SITARAM PRASAD (269418),,,,,0.00,,,10:40:34,,,00:02:29,,,,,,,00:00:00,,,,00:00:00,01:07:29,01:07:29,,03:08:25,84:51:25
,,RD250,,,2,,,,,, PRADEEP JENA (270750),,,,,0.05,,,08:23:19,,,00:02:28,,,,,,,00:00:00,,,,00:00:00,01:12:30,01:12:30,,02:07:06,81:11:14
,,RD250,,,3,,,,,, DROPTI DEVI (270664),,,,,0.00,,,08:34:54,,,00:02:31,,,,,,,00:00:00,,,,00:00:00,01:37:57,01:37:57,,05:14:46,79:14:11
,,RD251,,,1,,,,,, MANJAY (270741),,,,,54.25,,,07:41:32,,,00:03:29,,,,,,,00:00:00,,,,00:00:00,01:36:36,01:36:36,,02:58:47,73:06:06
,,RD251,,,2,,,,,," PHALGUNI SUMAN (270671), Wenco Support",,,,,51.88,,,07:04:50,,,00:02:28,,,,,,,00:00:00,,,,00:00:00,01:31:13,01:31:13,,06:16:57,75:06:28
,,RD251,,,3,,,,,," JARINA PARWEEN (270682), Wenco Support",,,,,65.33,,,07:29:25,,,00:02:27,,,,,,,00:09:33,,,,00:02:31,00:55:12,00:55:12,,04:21:39,82:12:04
,,RD252,,,1,,,,,, SANDEEP KUMAR (270046),,,,,60.30,,,07:25:11,,,00:02:29,,,,,,,00:00:00,,,,00:00:00,00:44:16,00:44:16,,04:01:18,74:58:53
,,RD252,,,2,,,,,, CHAMTU MAHTO (269240),,,,,47.36,,,05:28:45,,,00:02:27,,,,,,,00:00:00,,,,00:00:00,01:07:20,01:07:20,,02:05:22,66:59:48
,,RD252,,,3,,,,,, JAY PRAKASH PRAJAPATI (270745),,,,,58.31,,,06:36:44,,,00:02:30,,,,,,,00:00:00,,,,00:00:00,01:32:36,01:32:36,,05:15:09,75:16:12
,,RD253,,,1,,,,,," AKULA ASHOK (270739), VIDHYA SAGAR (269024)",,,,,57.79,,,08:02:38,,,00:03:31,,,,,,,00:00:00,,,,00:00:00,01:23:03,01:23:03,,02:13:15,71:09:36
,,RD253,,,2,,,,,, TANKA DHAR SOREN (267170),,,,,44.49,,,05:44:04,,,00:03:30,,,,,,,00:00:00,,,,00:00:00,00:40:59,00:40:59,,01:26:12,66:57:21
,,RD253,,,3,,,,,, RANDHIR KUMAR SINGH (267349),,,,,58.30,,,06:53:26,,,00:02:29,,,,,,,00:00:00,,,,00:00:00,01:37:15,01:37:15,,02:01:56,68:59:26
,,RD237,,,2,,,,,,,,,,,53.19,,,06:31:39,,,00:02:28,,,,,,,00:00:00,,,,00:00:00,01:44:37,01:44:37,,01:17:53,75:38:05
,,RD249,,,3,,,,,,,,,,,37.60,,,05:11:09,,,00:02:30,,,,,,,00:00:06,,,,00:00:06,01:24:09,01:24:09,,03:26:13,47:56:21
,,RD136,,,1,,,,,,,,,,,60.10,,,00:24:43,,,00:02:24,,,,,,,00:00:00,,,,00:00:00,00:01:52,00:01:52,,01:42:07,46:52:04
,,RD132,,,1,,,,,,,,,,,87.85,,,01:32:15,,,00:01:26,,,,,,,00:00:00,,,,00:00:00,00:25:04,00:25:04,,03:20:32,78:15:22
,,RD143,,,3,,,,,,,,,,,0.00,,,01:13:04,,,00:02:31,,,,,,,00:00:00,,,,00:00:00,02:41:23,02:41:23,,02:09:52,61:50:59
,,RD249,,,2,,,,,,,,,,,37.60,,,04:41:23,,,00:03:30,,,,,,,00:00:00,,,,00:00:00,01:59:37,01:59:37,,00:47:18,62:38:57
,,RD247,,,3,,,,,,,,,,,32.95,,,04:44:29,,,00:03:29,,,,,,,00:00:00,,,,00:00:00,00:38:24,00:38:24,,02:54:42,40:41:10
,,RD126,,,3,,,,,,,,,,,32.06,,,01:50:14,,,00:02:32,,,,,,,00:00:00,,,,00:00:00,00:57:09,00:57:09,,02:10:49,78:06:50
,,RD244,,,3,,,,,,,,,,,59.95,,,08:35:17,,,00:02:27,,,,,,,00:00:00,,,,00:00:00,02:04:51,02:04:51,,03:00:29,72:53:09
,,RD121,,,3,,,,,,,,,,,42.57,,,02:21:22,,,00:01:34,,,,,,,00:00:00,,,,00:00:00,00:47:33,00:47:33,,02:34:20,75:04:41
,,RD123,,,3,,,,,,,,,,,0.09,,,00:00:00,,,00:00:00,,,,,,,00:00:00,,,,00:00:00,00:00:00,00:00:00,,00:00:00,00:00:00
,,RD122,,,1,,,,,,,,,,,17.94,,,01:00:52,,,00:02:36,,,,,,,00:00:00,,,,00:00:00,00:05:14,00:05:14,,00:01:32,51:12:11
,,RD247,,,2,,,,,,,,,,,31.33,,,03:58:06,,,00:02:27,,,,,,,00:00:00,,,,00:00:00,00:18:17,00:18:17,,01:00:30,45:30:57
,,RD123,,,2,,,,,,,,,,,1.66,,,00:00:00,,,00:00:00,,,,,,,00:00:00,,,,00:00:00,00:00:00,00:00:00,,00:23:34,01:22:02
,,RD122,,,3,,,,,,,,,,,19.11,,,02:12:36,,,00:03:30,,,,,,,00:00:00,,,,00:00:00,00:30:48,00:30:48,,01:24:55,59:10:30
,,RD132,,,3,,,,,,,,,,,87.86,,,01:30:50,,,00:02:38,,,,,,,00:00:00,,,,00:00:00,00:42:36,00:42:36,,00:45:06,71:44:22
,,RD126,,,1,,,,,,,,,,,22.26,,,01:19:17,,,00:02:28,,,,,,,00:00:00,,,,00:00:00,00:05:32,00:05:32,,01:27:59,64:39:58
,,RD136,,,3,,,,,,,,,,,63.95,,,00:16:57,,,00:02:35,,,,,,,00:00:00,,,,00:00:00,00:05:40,00:05:40,,01:19:22,38:09:49
,,RD141,,,3,,,,,,,,,,,36.61,,,02:46:29,,,00:02:29,,,,,,,00:00:00,,,,00:00:00,01:30:59,01:30:59,,02:40:56,77:29:09
,,RD143,,,1,,,,,,,,,,,0.00,,,01:07:31,,,00:02:18,,,,,,,00:00:00,,,,00:00:00,02:15:59,02:15:59,,00:05:55,63:08:50
,,RD247,,,1,,,,,,,,,,,39.01,,,06:16:38,,,00:03:27,,,,,,,00:00:00,,,,00:00:00,00:40:23,00:40:23,,00:58:40,46:15:09
,,RD239,,,1,,,,,,,,,,,26.00,,,04:03:03,,,00:03:30,,,,,,,00:00:00,,,,00:00:00,00:25:13,00:25:13,,03:07:57,33:17:56
,,RD123,,,1,,,,,,,,,,,1.38,,,00:00:00,,,00:00:00,,,,,,,00:00:00,,,,00:00:00,00:00:00,00:00:00,,00:00:00,00:00:00
