,,,,,,,,,,,,,,,,,,,,,,,,,,,,,,,,,,,,,,
,,,,,,,,,,,,Hauling Unit Summary Report QSE,,,,,,,,,,,,,,,,,,,,,,,,,,
,,,,,,,,,,,,,,,,,,,,,,,,,,,,,,,,,,,,,,
,,,,,,,,,,,,,,,,,,,,,,,,Report Date :-,,,,8/10/2026 11:17:09 AM,,,,,,,,,,
,,,,,,,,,,,,,,,,,,,,,,,,,,,,,,,,,,,,,,
,,,,,,,,,,,,,,,,,,,,,,,,,,,,,,,,,,,,,,
,,,,,,,,,,,,,,,,,,,,,,,,,,,,,,,,,,,,,,
TATA STEEL WEST BOKARO,,,,,,,,,,,,,,,,,,,,,,,,,,,,,,,,,,,,,,
,,,,,,,,,,,,,,,,,,,,,,,,,,,,,,,,,,,,,,
Parameters :,,,,,,,,,,,,,,,,,,,,,,,,,,,,,,,,,,,,,,
,,,,,,,,,,,,,,,,,,,,,,,,,,,,,,,,,,,,,,
,,,,,,,,,,,,,,,,,,,,,,,,,,,,,,,,,,,,,,
,,,,* From Date:,,,,2026-07-11,,,,,,,,,,,,,,,,,,,,,,,,,,,,,,
,,,,,,,,,,,,,,,,,,,,,,,,,,,,,,,,,,,,,,
,,,,* To Date:,,,,2026-07-20,,,,,,,,,,,,,,,,,,,,,,,,,,,,,,
,,,,,,,,,,,,,,,,,,,,,,,,,,,,,,,,,,,,,,
,,,,,,,,,,,,,,,,,,,,,,,,,,,,,,,,,,,,,,
,Trips Summary,,,,,,,,,,,,,,,,,,,,,,,,,,,,,,,,,,,,,
,Equipment No,,,,,,,,Shift Date,,,,,Shift Ident,,,Total Trips,Coal Trips,,Coal Quantity,,,OB Trips,,,OB Quantity,,,,Hauling Unit First Load,,,,,,Hauling Unit Last Load,,
,RD121,,,,,,,,11/07/2026,,,,,1,,,4,4,,191.8,,,0,,,0,,,,7/11/2026 10:30:52 AM,,,,,,7/11/2026 12:34:49 PM,,
,RD123,,,,,,,,11/07/2026,,,,,1,,,8,8,,428.26,,,0,,,0,,,,7/11/2026 7:10:39 AM,,,,,,7/11/2026 1:10:03 PM,,
,RD141,,,,,,,,11/07/2026,,,,,1,,,8,8,,383.6,,,0,,,0,,,,7/11/2026 7:04:15 AM,,,,,,7/11/2026 12:54:39 PM,,
,RD143,,,,,,,,11/07/2026,,,,,1,,,3,3,,143.85,,,0,,,0,,,,7/11/2026 7:00:06 AM,,,,,,7/11/2026 8:12:23 AM,,
,RD226,,,,,,,,11/07/2026,,,,,1,,,38,1,,47.95,,,37,,,1295,,,,7/11/2026 6:57:41 AM,,,,,,7/11/2026 1:20:18 PM,,
,RD227,,,,,,,,11/07/2026,,,,,1,,,3,0,,0,,,3,,,105,,,,7/11/2026 9:16:16 AM,,,,,,7/11/2026 10:31:41 AM,,
,RD228,,,,,,,,11/07/2026,,,,,1,,,38,0,,0,,,38,,,1330,,,,7/11/2026 6:54:40 AM,,,,,,7/11/2026 1:15:06 PM,,
,RD229,,,,,,,,11/07/2026,,,,,1,,,10,1,,98.1,,,9,,,315,,,,7/11/2026 9:25:35 AM,,,,,,7/11/2026 1:17:41 PM,,
,RD230,,,,,,,,11/07/2026,,,,,1,,,9,9,,566.8,,,0,,,0,,,,7/11/2026 6:48:29 AM,,,,,,7/11/2026 12:41:34 PM,,
,RD231,,,,,,,,11/07/2026,,,,,1,,,13,1,,47.95,,,12,,,420,,,,7/11/2026 7:02:17 AM,,,,,,7/11/2026 1:15:06 PM,,
,RD232,,,,,,,,11/07/2026,,,,,1,,,8,0,,0,,,8,,,280,,,,7/11/2026 9:11:55 AM,,,,,,7/11/2026 12:48:49 PM,,
,RD233,,,,,,,,11/07/2026,,,,,1,,,5,1,,89.3,,,4,,,140,,,,7/11/2026 7:58:35 AM,,,,,,7/11/2026 11:39:23 AM,,
,RD234,,,,,,,,11/07/2026,,,,,1,,,6,6,,350.2,,,0,,,0,,,,7/11/2026 9:24:51 AM,,,,,,7/11/2026 12:51:05 PM,,
,RD235,,,,,,,,11/07/2026,,,,,1,,,9,0,,0,,,9,,,315,,,,7/11/2026 8:11:11 AM,,,,,,7/11/2026 12:56:51 PM,,
,RD236,,,,,,,,11/07/2026,,,,,1,,,7,0,,0,,,7,,,245,,,,7/11/2026 7:44:02 AM,,,,,,7/11/2026 11:30:11 AM,,
,RD237,,,,,,,,11/07/2026,,,,,1,,,12,3,,143.85,,,9,,,315,,,,7/11/2026 7:06:29 AM,,,,,,7/11/2026 1:12:45 PM,,
,RD238,,,,,,,,11/07/2026,,,,,1,,,11,11,,710.9,,,0,,,0,,,,7/11/2026 6:42:23 AM,,,,,,7/11/2026 1:05:40 PM,,
,RD239,,,,,,,,11/07/2026,,,,,1,,,13,0,,0,,,13,,,455,,,,7/11/2026 6:41:02 AM,,,,,,7/11/2026 1:16:13 PM,,
,RD240,,,,,,,,11/07/2026,,,,,1,,,10,9,,632.2,,,1,,,35,,,,7/11/2026 6:51:44 AM,,,,,,7/11/2026 12:58:58 PM,,
,RD241,,,,,,,,11/07/2026,,,,,1,,,7,0,,0,,,7,,,245,,,,7/11/2026 7:07:47 AM,,,,,,7/11/2026 12:18:21 PM,,
,RD242,,,,,,,,11/07/2026,,,,,1,,,14,0,,0,,,14,,,490,,,,7/11/2026 6:38:34 AM,,,,,,7/11/2026 1:09:22 PM,,
,RD244,,,,,,,,11/07/2026,,,,,1,,,5,5,,316.9,,,0,,,0,,,,7/11/2026 6:45:25 AM,,,,,,7/11/2026 9:53:45 AM,,
,RD245,,,,,,,,11/07/2026,,,,,1,,,7,0,,0,,,7,,,245,,,,7/11/2026 10:41:50 AM,,,,,,7/11/2026 1:05:50 PM,,
,RD247,,,,,,,,11/07/2026,,,,,1,,,16,4,,337.7,,,12,,,420,,,,7/11/2026 6:48:42 AM,,,,,,7/11/2026 1:22:22 PM,,
,RD249,,,,,,,,11/07/2026,,,,,1,,,10,0,,0,,,10,,,350,,,,7/11/2026 7:53:20 AM,,,,,,7/11/2026 1:03:56 PM,,
,RD251,,,,,,,,11/07/2026,,,,,1,,,8,0,,0,,,8,,,280,,,,7/11/2026 10:07:46 AM,,,,,,7/11/2026 1:01:11 PM,,
,RD252,,,,,,,,11/07/2026,,,,,1,,,20,0,,0,,,20,,,700,,,,7/11/2026 6:45:22 AM,,,,,,7/11/2026 1:19:40 PM,,
,RD253,,,,,,,,11/07/2026,,,,,1,,,11,11,,715.2,,,0,,,0,,,,7/11/2026 6:38:48 AM,,,,,,7/11/2026 1:02:24 PM,,
,RD121,,,,,,,,11/07/2026,,,,,2,,,7,0,,0,,,7,,,245,,,,7/11/2026 3:59:38 PM,,,,,,7/11/2026 9:13:25 PM,,
,RD122,,,,,,,,11/07/2026,,,,,2,,,7,0,,0,,,7,,,245,,,,7/11/2026 3:55:14 PM,,,,,,7/11/2026 8:59:16 PM,,
,RD123,,,,,,,,11/07/2026,,,,,2,,,5,1,,56.88,,,4,,,140,,,,7/11/2026 4:49:34 PM,,,,,,7/11/2026 6:44:17 PM,,
,RD126,,,,,,,,11/07/2026,,,,,2,,,9,9,,680.94,,,0,,,0,,,,7/11/2026 3:43:42 PM,,,,,,7/11/2026 8:42:56 PM,,
,RD132,,,,,,,,11/07/2026,,,,,2,,,5,5,,329.4,,,0,,,0,,,,7/11/2026 4:13:24 PM,,,,,,7/11/2026 6:40:31 PM,,
,RD141,,,,,,,,11/07/2026,,,,,2,,,8,8,,457.1,,,0,,,0,,,,7/11/2026 4:08:56 PM,,,,,,7/11/2026 9:07:38 PM,,
,RD226,,,,,,,,11/07/2026,,,,,2,,,8,8,,509.3,,,0,,,0,,,,7/11/2026 4:05:53 PM,,,,,,7/11/2026 8:36:39 PM,,
,RD227,,,,,,,,11/07/2026,,,,,2,,,9,9,,544,,,0,,,0,,,,7/11/2026 3:57:15 PM,,,,,,7/11/2026 9:13:43 PM,,
,RD228,,,,,,,,11/07/2026,,,,,2,,,12,1,,94.2,,,11,,,385,,,,7/11/2026 4:29:39 PM,,,,,,7/11/2026 9:04:46 PM,,
,RD229,,,,,,,,11/07/2026,,,,,2,,,18,2,,129.3,,,16,,,560,,,,7/11/2026 3:49:14 PM,,,,,,7/11/2026 9:58:47 PM,,
,RD230,,,,,,,,11/07/2026,,,,,2,,,9,9,,540.6,,,0,,,0,,,,7/11/2026 4:01:48 PM,,,,,,7/11/2026 9:10:36 PM,,
,RD231,,,,,,,,11/07/2026,,,,,2,,,6,4,,191.8,,,2,,,70,,,,7/11/2026 4:05:55 PM,,,,,,7/11/2026 8:22:36 PM,,
,RD232,,,,,,,,11/07/2026,,,,,2,,,11,7,,742.6,,,4,,,140,,,,7/11/2026 4:35:08 PM,,,,,,7/11/2026 9:01:01 PM,,
,RD233,,,,,,,,11/07/2026,,,,,2,,,9,1,,89.6,,,8,,,280,,,,7/11/2026 4:54:52 PM,,,,,,7/11/2026 9:17:49 PM,,
,RD234,,,,,,,,11/07/2026,,,,,2,,,8,0,,0,,,8,,,280,,,,7/11/2026 4:11:18 PM,,,,,,7/11/2026 9:22:31 PM,,
,RD235,,,,,,,,11/07/2026,,,,,2,,,11,9,,763.2,,,2,,,70,,,,7/11/2026 6:44:20 PM,,,,,,7/11/2026 9:15:00 PM,,
,RD237,,,,,,,,11/07/2026,,,,,2,,,10,0,,0,,,10,,,350,,,,7/11/2026 4:31:56 PM,,,,,,7/11/2026 9:09:10 PM,,
,RD238,,,,,,,,11/07/2026,,,,,2,,,9,4,,374.6,,,5,,,175,,,,7/11/2026 5:13:00 PM,,,,,,7/11/2026 9:00:58 PM,,
,RD239,,,,,,,,11/07/2026,,,,,2,,,13,4,,337.4,,,9,,,315,,,,7/11/2026 4:00:10 PM,,,,,,7/11/2026 9:39:15 PM,,
,RD240,,,,,,,,11/07/2026,,,,,2,,,14,5,,434.2,,,9,,,315,,,,7/11/2026 3:55:48 PM,,,,,,7/11/2026 9:46:15 PM,,
,RD241,,,,,,,,11/07/2026,,,,,2,,,5,0,,0,,,5,,,175,,,,7/11/2026 7:33:07 PM,,,,,,7/11/2026 9:13:26 PM,,
,RD242,,,,,,,,11/07/2026,,,,,2,,,17,13,,1148.65,,,4,,,140,,,,7/11/2026 3:57:00 PM,,,,,,7/11/2026 9:54:01 PM,,
,RD244,,,,,,,,11/07/2026,,,,,2,,,9,0,,0,,,9,,,315,,,,7/11/2026 4:59:17 PM,,,,,,7/11/2026 9:05:12 PM,,
,RD245,,,,,,,,11/07/2026,,,,,2,,,6,0,,0,,,6,,,210,,,,7/11/2026 4:18:39 PM,,,,,,7/11/2026 9:04:26 PM,,
,RD247,,,,,,,,11/07/2026,,,,,2,,,13,7,,694.2,,,6,,,210,,,,7/11/2026 4:12:31 PM,,,,,,7/11/2026 9:20:13 PM,,
,RD248,,,,,,,,11/07/2026,,,,,2,,,7,3,,182.6,,,4,,,140,,,,7/11/2026 6:12:14 PM,,,,,,7/11/2026 9:43:03 PM,,
,RD249,,,,,,,,11/07/2026,,,,,2,,,11,5,,513.4,,,6,,,210,,,,7/11/2026 4:01:05 PM,,,,,,7/11/2026 9:12:35 PM,,
,RD251,,,,,,,,11/07/2026,,,,,2,,,12,1,,89.4,,,11,,,385,,,,7/11/2026 4:04:37 PM,,,,,,7/11/2026 9:10:59 PM,,
,RD252,,,,,,,,11/07/2026,,,,,2,,,12,7,,645.2,,,5,,,175,,,,7/11/2026 6:01:12 PM,,,,,,7/11/2026 9:08:47 PM,,
,RD253,,,,,,,,11/07/2026,,,,,2,,,10,10,,597.25,,,0,,,0,,,,7/11/2026 3:38:38 PM,,,,,,7/11/2026 9:15:56 PM,,
,RD121,,,,,,,,11/07/2026,,,,,3,,,17,5,,239.75,,,12,,,420,,,,7/11/2026 10:56:40 PM,,,,,,7/12/2026 5:15:17 AM,,
,RD141,,,,,,,,11/07/2026,,,,,3,,,8,8,,529.99,,,0,,,0,,,,7/11/2026 11:03:34 PM,,,,,,7/12/2026 4:52:46 AM,,
,RD226,,,,,,,,11/07/2026,,,,,3,,,11,11,,713.4,,,0,,,0,,,,7/11/2026 10:39:57 PM,,,,,,7/12/2026 5:11:23 AM,,
,RD227,,,,,,,,11/07/2026,,,,,3,,,10,10,,638.5,,,0,,,0,,,,7/11/2026 10:49:18 PM,,,,,,7/12/2026 5:00:22 AM,,
,RD228,,,,,,,,11/07/2026,,,,,3,,,10,10,,642,,,0,,,0,,,,7/11/2026 10:55:39 PM,,,,,,7/12/2026 5:06:04 AM,,
,RD229,,,,,,,,11/07/2026,,,,,3,,,1,1,,68.4,,,0,,,0,,,,7/11/2026 10:21:41 PM,,,,,,7/11/2026 10:21:41 PM,,
,RD230,,,,,,,,11/07/2026,,,,,3,,,10,10,,637.8,,,0,,,0,,,,7/11/2026 11:14:52 PM,,,,,,7/12/2026 5:03:19 AM,,
,RD232,,,,,,,,11/07/2026,,,,,3,,,19,9,,873.1,,,10,,,350,,,,7/11/2026 10:43:53 PM,,,,,,7/12/2026 5:37:16 AM,,
,RD233,,,,,,,,11/07/2026,,,,,3,,,17,5,,470.2,,,12,,,420,,,,7/11/2026 11:12:34 PM,,,,,,7/12/2026 5:19:38 AM,,
,RD234,,,,,,,,11/07/2026,,,,,3,,,18,8,,760.1,,,10,,,350,,,,7/11/2026 10:58:01 PM,,,,,,7/12/2026 5:12:33 AM,,
,RD235,,,,,,,,11/07/2026,,,,,3,,,19,7,,647,,,12,,,420,,,,7/11/2026 10:53:18 PM,,,,,,7/12/2026 5:23:41 AM,,
,RD236,,,,,,,,11/07/2026,,,,,3,,,19,1,,62.8,,,18,,,630,,,,7/11/2026 11:18:57 PM,,,,,,7/12/2026 5:31:34 AM,,
,RD237,,,,,,,,11/07/2026,,,,,3,,,17,4,,351.5,,,13,,,455,,,,7/11/2026 11:19:11 PM,,,,,,7/12/2026 5:29:13 AM,,
,RD238,,,,,,,,11/07/2026,,,,,3,,,9,4,,368.9,,,5,,,175,,,,7/12/2026 12:52:20 AM,,,,,,7/12/2026 2:43:40 AM,,
,RD239,,,,,,,,11/07/2026,,,,,3,,,17,5,,403.6,,,12,,,420,,,,7/11/2026 10:03:27 PM,,,,,,7/12/2026 5:34:25 AM,,
,RD240,,,,,,,,11/07/2026,,,,,3,,,11,11,,735,,,0,,,0,,,,7/11/2026 10:13:56 PM,,,,,,7/12/2026 5:09:02 AM,,
,RD241,,,,,,,,11/07/2026,,,,,3,,,11,4,,373.7,,,7,,,245,,,,7/11/2026 10:41:00 PM,,,,,,7/12/2026 5:11:37 AM,,
,RD242,,,,,,,,11/07/2026,,,,,3,,,13,5,,432.9,,,8,,,280,,,,7/11/2026 10:17:03 PM,,,,,,7/12/2026 5:06:46 AM,,
,RD244,,,,,,,,11/07/2026,,,,,3,,,10,3,,274.2,,,7,,,245,,,,7/11/2026 10:46:07 PM,,,,,,7/12/2026 5:18:19 AM,,
,RD245,,,,,,,,11/07/2026,,,,,3,,,12,9,,792.75,,,3,,,105,,,,7/11/2026 11:50:40 PM,,,,,,7/12/2026 4:24:11 AM,,
,RD247,,,,,,,,11/07/2026,,,,,3,,,18,4,,359.2,,,14,,,490,,,,7/11/2026 10:43:55 PM,,,,,,7/12/2026 5:36:45 AM,,
,RD248,,,,,,,,11/07/2026,,,,,3,,,8,5,,440.7,,,3,,,105,,,,7/11/2026 10:10:38 PM,,,,,,7/12/2026 5:06:15 AM,,
,RD249,,,,,,,,11/07/2026,,,,,3,,,17,4,,333.4,,,13,,,455,,,,7/11/2026 11:09:03 PM,,,,,,7/12/2026 5:57:06 AM,,
,RD251,,,,,,,,11/07/2026,,,,,3,,,10,10,,689.3,,,0,,,0,,,,7/11/2026 10:59:11 PM,,,,,,7/12/2026 4:57:42 AM,,
,RD253,,,,,,,,11/07/2026,,,,,3,,,9,2,,134.35,,,7,,,245,,,,7/11/2026 10:51:13 PM,,,,,,7/12/2026 4:57:05 AM,,
,RD121,,,,,,,,12/07/2026,,,,,1,,,4,1,,93.44,,,3,,,105,,,,7/12/2026 7:03:43 AM,,,,,,7/12/2026 8:50:26 AM,,
,RD122,,,,,,,,12/07/2026,,,,,1,,,10,4,,191.8,,,6,,,210,,,,7/12/2026 7:06:17 AM,,,,,,7/12/2026 1:01:23 PM,,
,RD126,,,,,,,,12/07/2026,,,,,1,,,10,9,,655.08,,,1,,,35,,,,7/12/2026 7:08:37 AM,,,,,,7/12/2026 1:27:43 PM,,
,RD132,,,,,,,,12/07/2026,,,,,1,,,8,4,,334.4,,,4,,,140,,,,7/12/2026 7:30:10 AM,,,,,,7/12/2026 12:08:18 PM,,
,RD141,,,,,,,,12/07/2026,,,,,1,,,11,11,,687.98,,,0,,,0,,,,7/12/2026 6:46:43 AM,,,,,,7/12/2026 1:12:46 PM,,
,RD226,,,,,,,,12/07/2026,,,,,1,,,11,11,,680.7,,,0,,,0,,,,7/12/2026 6:43:34 AM,,,,,,7/12/2026 1:10:37 PM,,
,RD227,,,,,,,,12/07/2026,,,,,1,,,8,0,,0,,,8,,,280,,,,7/12/2026 10:11:56 AM,,,,,,7/12/2026 1:06:06 PM,,
,RD228,,,,,,,,12/07/2026,,,,,1,,,11,11,,746.5,,,0,,,0,,,,7/12/2026 6:57:34 AM,,,,,,7/12/2026 1:20:29 PM,,
,RD229,,,,,,,,12/07/2026,,,,,1,,,19,2,,205.8,,,17,,,595,,,,7/12/2026 6:58:21 AM,,,,,,7/12/2026 1:24:24 PM,,
,RD230,,,,,,,,12/07/2026,,,,,1,,,12,12,,752.5,,,0,,,0,,,,7/12/2026 6:49:23 AM,,,,,,7/12/2026 1:16:05 PM,,
,RD231,,,,,,,,12/07/2026,,,,,1,,,10,10,,479.5,,,0,,,0,,,,7/12/2026 6:53:04 AM,,,,,,7/12/2026 1:01:18 PM,,
,RD232,,,,,,,,12/07/2026,,,,,1,,,22,6,,434.15,,,16,,,560,,,,7/12/2026 6:47:33 AM,,,,,,7/12/2026 1:59:06 PM,,
,RD233,,,,,,,,12/07/2026,,,,,1,,,34,6,,518.8,,,28,,,980,,,,7/12/2026 7:15:38 AM,,,,,,7/12/2026 1:15:32 PM,,
,RD234,,,,,,,,12/07/2026,,,,,1,,,6,6,,492.7,,,0,,,0,,,,7/12/2026 7:17:15 AM,,,,,,7/12/2026 11:16:04 AM,,
,RD235,,,,,,,,12/07/2026,,,,,1,,,13,3,,281.9,,,10,,,350,,,,7/12/2026 6:57:13 AM,,,,,,7/12/2026 1:11:28 PM,,
,RD236,,,,,,,,12/07/2026,,,,,1,,,22,2,,150.3,,,20,,,700,,,,7/12/2026 6:01:10 AM,,,,,,7/12/2026 1:28:39 PM,,
,RD237,,,,,,,,12/07/2026,,,,,1,,,7,3,,233.7,,,4,,,140,,,,7/12/2026 6:04:33 AM,,,,,,7/12/2026 10:04:14 AM,,
,RD238,,,,,,,,12/07/2026,,,,,1,,,9,2,,164,,,7,,,245,,,,7/12/2026 7:58:51 AM,,,,,,7/12/2026 1:04:17 PM,,
,RD239,,,,,,,,12/07/2026,,,,,1,,,22,5,,446.4,,,17,,,595,,,,7/12/2026 6:06:37 AM,,,,,,7/12/2026 1:19:42 PM,,
,RD240,,,,,,,,12/07/2026,,,,,1,,,21,5,,434.5,,,16,,,560,,,,7/12/2026 6:11:05 AM,,,,,,7/12/2026 1:13:16 PM,,
,RD241,,,,,,,,12/07/2026,,,,,1,,,11,11,,712.3,,,0,,,0,,,,7/12/2026 7:04:21 AM,,,,,,7/12/2026 1:07:12 PM,,
,RD242,,,,,,,,12/07/2026,,,,,1,,,28,16,,1378.5,,,12,,,420,,,,7/12/2026 7:12:23 AM,,,,,,7/12/2026 1:11:28 PM,,
,RD244,,,,,,,,12/07/2026,,,,,1,,,20,0,,0,,,20,,,700,,,,7/12/2026 6:53:43 AM,,,,,,7/12/2026 1:20:20 PM,,
,RD246,,,,,,,,12/07/2026,,,,,1,,,8,2,,184.4,,,6,,,210,,,,7/12/2026 7:00:01 AM,,,,,,7/12/2026 1:16:37 PM,,
,RD247,,,,,,,,12/07/2026,,,,,1,,,32,5,,403.5,,,27,,,945,,,,7/12/2026 6:08:49 AM,,,,,,7/12/2026 1:19:17 PM,,
,RD248,,,,,,,,12/07/2026,,,,,1,,,14,6,,491.65,,,8,,,280,,,,7/12/2026 6:55:37 AM,,,,,,7/12/2026 12:48:19 PM,,
,RD249,,,,,,,,12/07/2026,,,,,1,,,13,6,,486.6,,,7,,,245,,,,7/12/2026 6:51:27 AM,,,,,,7/12/2026 1:09:14 PM,,
,RD251,,,,,,,,12/07/2026,,,,,1,,,17,2,,157.9,,,15,,,525,,,,7/12/2026 6:53:03 AM,,,,,,7/12/2026 1:10:14 PM,,
,RD252,,,,,,,,12/07/2026,,,,,1,,,22,5,,416.7,,,17,,,595,,,,7/12/2026 7:03:57 AM,,,,,,7/12/2026 1:52:27 PM,,
,RD253,,,,,,,,12/07/2026,,,,,1,,,8,5,,421.55,,,3,,,105,,,,7/12/2026 7:42:27 AM,,,,,,7/12/2026 1:31:38 PM,,
,RD121,,,,,,,,12/07/2026,,,,,2,,,6,6,,461.56,,,0,,,0,,,,7/12/2026 3:18:04 PM,,,,,,7/12/2026 8:39:59 PM,,
,RD126,,,,,,,,12/07/2026,,,,,2,,,5,5,,384.51,,,0,,,0,,,,7/12/2026 3:30:18 PM,,,,,,7/12/2026 9:27:28 PM,,
,RD141,,,,,,,,12/07/2026,,,,,2,,,6,6,,459.22,,,0,,,0,,,,7/12/2026 3:40:34 PM,,,,,,7/12/2026 9:06:38 PM,,
,RD226,,,,,,,,12/07/2026,,,,,2,,,9,9,,652.7,,,0,,,0,,,,7/12/2026 2:44:26 PM,,,,,,7/12/2026 9:22:27 PM,,
,RD228,,,,,,,,12/07/2026,,,,,2,,,6,6,,469.9,,,0,,,0,,,,7/12/2026 3:21:01 PM,,,,,,7/12/2026 8:58:47 PM,,
,RD229,,,,,,,,12/07/2026,,,,,2,,,7,7,,536.5,,,0,,,0,,,,7/12/2026 2:48:38 PM,,,,,,7/12/2026 6:22:26 PM,,
,RD230,,,,,,,,12/07/2026,,,,,2,,,11,8,,740.7,,,3,,,105,,,,7/12/2026 3:40:06 PM,,,,,,7/12/2026 9:19:32 PM,,
,RD231,,,,,,,,12/07/2026,,,,,2,,,11,5,,239.75,,,6,,,210,,,,7/12/2026 3:41:16 PM,,,,,,7/12/2026 9:17:07 PM,,
,RD232,,,,,,,,12/07/2026,,,,,2,,,24,9,,737.9,,,15,,,525,,,,7/12/2026 2:00:45 PM,,,,,,7/12/2026 8:35:46 PM,,
,RD233,,,,,,,,12/07/2026,,,,,2,,,9,6,,453.35,,,3,,,105,,,,7/12/2026 3:23:58 PM,,,,,,7/12/2026 9:19:34 PM,,
,RD234,,,,,,,,12/07/2026,,,,,2,,,8,4,,395.8,,,4,,,140,,,,7/12/2026 3:47:00 PM,,,,,,7/12/2026 9:09:53 PM,,
,RD235,,,,,,,,12/07/2026,,,,,2,,,24,5,,486.7,,,19,,,665,,,,7/12/2026 3:58:14 PM,,,,,,7/12/2026 9:22:58 PM,,
,RD236,,,,,,,,12/07/2026,,,,,2,,,16,12,,1128.2,,,4,,,140,,,,7/12/2026 3:28:30 PM,,,,,,7/12/2026 9:15:55 PM,,
,RD237,,,,,,,,12/07/2026,,,,,2,,,14,12,,575.4,,,2,,,70,,,,7/12/2026 3:36:54 PM,,,,,,7/12/2026 9:06:19 PM,,
,RD238,,,,,,,,12/07/2026,,,,,2,,,11,4,,308.3,,,7,,,245,,,,7/12/2026 3:27:05 PM,,,,,,7/12/2026 8:34:24 PM,,
,RD239,,,,,,,,12/07/2026,,,,,2,,,17,3,,290.9,,,14,,,490,,,,7/12/2026 4:10:25 PM,,,,,,7/12/2026 9:07:45 PM,,
,RD240,,,,,,,,12/07/2026,,,,,2,,,11,6,,509.5,,,5,,,175,,,,7/12/2026 3:32:19 PM,,,,,,7/12/2026 9:13:45 PM,,
,RD241,,,,,,,,12/07/2026,,,,,2,,,8,2,,194.9,,,6,,,210,,,,7/12/2026 4:19:00 PM,,,,,,7/12/2026 9:18:57 PM,,
,RD242,,,,,,,,12/07/2026,,,,,2,,,8,0,,0,,,8,,,280,,,,7/12/2026 3:53:56 PM,,,,,,7/12/2026 9:08:25 PM,,
,RD243,,,,,,,,12/07/2026,,,,,2,,,9,4,,387.3,,,5,,,175,,,,7/12/2026 4:30:16 PM,,,,,,7/12/2026 9:13:03 PM,,
,RD244,,,,,,,,12/07/2026,,,,,2,,,15,3,,224.8,,,12,,,420,,,,7/12/2026 3:23:00 PM,,,,,,7/12/2026 9:51:27 PM,,
,RD245,,,,,,,,12/07/2026,,,,,2,,,14,9,,746.7,,,5,,,175,,,,7/12/2026 4:26:47 PM,,,,,,7/12/2026 9:58:27 PM,,
,RD246,,,,,,,,12/07/2026,,,,,2,,,8,1,,95.1,,,7,,,245,,,,7/12/2026 4:14:28 PM,,,,,,7/12/2026 8:59:43 PM,,
,RD247,,,,,,,,12/07/2026,,,,,2,,,7,7,,554.5,,,0,,,0,,,,7/12/2026 2:51:57 PM,,,,,,7/12/2026 8:48:20 PM,,
,RD248,,,,,,,,12/07/2026,,,,,2,,,8,7,,685,,,1,,,35,,,,7/12/2026 5:40:05 PM,,,,,,7/12/2026 9:12:39 PM,,
,RD249,,,,,,,,12/07/2026,,,,,2,,,13,3,,283.9,,,10,,,350,,,,7/12/2026 4:07:50 PM,,,,,,7/12/2026 9:10:33 PM,,
,RD251,,,,,,,,12/07/2026,,,,,2,,,14,1,,99.1,,,13,,,455,,,,7/12/2026 4:26:14 PM,,,,,,7/12/2026 9:18:18 PM,,
,RD252,,,,,,,,12/07/2026,,,,,2,,,14,2,,143.7,,,12,,,420,,,,7/12/2026 2:06:30 PM,,,,,,7/12/2026 9:09:16 PM,,
,RD253,,,,,,,,12/07/2026,,,,,2,,,22,6,,570.1,,,16,,,560,,,,7/12/2026 3:38:33 PM,,,,,,7/12/2026 9:15:33 PM,,
,RD141,,,,,,,,12/07/2026,,,,,3,,,4,4,,220.42,,,0,,,0,,,,7/13/2026 2:57:05 AM,,,,,,7/13/2026 3:00:54 AM,,
,RD226,,,,,,,,12/07/2026,,,,,3,,,7,7,,444.2,,,0,,,0,,,,7/12/2026 11:05:28 PM,,,,,,7/13/2026 4:29:38 AM,,
,RD228,,,,,,,,12/07/2026,,,,,3,,,8,8,,485.75,,,0,,,0,,,,7/12/2026 10:47:15 PM,,,,,,7/13/2026 5:23:35 AM,,
,RD229,,,,,,,,12/07/2026,,,,,3,,,14,13,,1194.45,,,1,,,35,,,,7/12/2026 10:57:24 PM,,,,,,7/13/2026 4:54:51 AM,,
,RD230,,,,,,,,12/07/2026,,,,,3,,,13,11,,992.9,,,2,,,70,,,,7/12/2026 11:12:17 PM,,,,,,7/13/2026 5:10:29 AM,,
,RD231,,,,,,,,12/07/2026,,,,,3,,,7,2,,95.9,,,5,,,175,,,,7/12/2026 11:10:09 PM,,,,,,7/13/2026 4:52:49 AM,,
,RD232,,,,,,,,12/07/2026,,,,,3,,,18,5,,476.3,,,13,,,455,,,,7/12/2026 10:49:29 PM,,,,,,7/13/2026 5:16:14 AM,,
,RD234,,,,,,,,12/07/2026,,,,,3,,,7,7,,358.7,,,0,,,0,,,,7/12/2026 11:09:20 PM,,,,,,7/13/2026 4:53:12 AM,,
,RD235,,,,,,,,12/07/2026,,,,,3,,,17,13,,1153.05,,,4,,,140,,,,7/12/2026 10:51:59 PM,,,,,,7/13/2026 5:05:35 AM,,
,RD236,,,,,,,,12/07/2026,,,,,3,,,15,3,,272.3,,,12,,,420,,,,7/12/2026 11:56:19 PM,,,,,,7/13/2026 5:11:51 AM,,
,RD237,,,,,,,,12/07/2026,,,,,3,,,9,9,,431.55,,,0,,,0,,,,7/12/2026 11:01:59 PM,,,,,,7/13/2026 5:26:30 AM,,
,RD238,,,,,,,,12/07/2026,,,,,3,,,8,5,,454.6,,,3,,,105,,,,7/12/2026 10:50:59 PM,,,,,,7/13/2026 5:01:07 AM,,
,RD239,,,,,,,,12/07/2026,,,,,3,,,17,14,,1238.85,,,3,,,105,,,,7/12/2026 10:46:51 PM,,,,,,7/13/2026 5:14:51 AM,,
,RD240,,,,,,,,12/07/2026,,,,,3,,,14,12,,875.6,,,2,,,70,,,,7/12/2026 10:45:48 PM,,,,,,7/13/2026 5:16:24 AM,,
,RD241,,,,,,,,12/07/2026,,,,,3,,,9,9,,557.7,,,0,,,0,,,,7/12/2026 10:56:55 PM,,,,,,7/13/2026 5:16:14 AM,,
,RD242,,,,,,,,12/07/2026,,,,,3,,,10,10,,652.45,,,0,,,0,,,,7/12/2026 10:50:42 PM,,,,,,7/13/2026 5:01:10 AM,,
,RD243,,,,,,,,12/07/2026,,,,,3,,,15,2,,181.1,,,13,,,455,,,,7/12/2026 10:53:38 PM,,,,,,7/13/2026 5:09:29 AM,,
,RD244,,,,,,,,12/07/2026,,,,,3,,,10,10,,593.45,,,0,,,0,,,,7/12/2026 10:09:33 PM,,,,,,7/13/2026 5:20:45 AM,,
,RD245,,,,,,,,12/07/2026,,,,,3,,,24,4,,345.2,,,20,,,700,,,,7/12/2026 10:13:07 PM,,,,,,7/13/2026 5:18:28 AM,,
,RD246,,,,,,,,12/07/2026,,,,,3,,,12,7,,478.15,,,5,,,175,,,,7/12/2026 10:56:30 PM,,,,,,7/13/2026 5:09:08 AM,,
,RD247,,,,,,,,12/07/2026,,,,,3,,,17,3,,304.2,,,14,,,490,,,,7/12/2026 10:46:52 PM,,,,,,7/13/2026 5:24:14 AM,,
,RD248,,,,,,,,12/07/2026,,,,,3,,,18,3,,277.2,,,15,,,525,,,,7/12/2026 10:31:25 PM,,,,,,7/13/2026 5:20:20 AM,,
,RD249,,,,,,,,12/07/2026,,,,,3,,,18,3,,278.1,,,15,,,525,,,,7/12/2026 10:55:18 PM,,,,,,7/13/2026 5:14:38 AM,,
,RD251,,,,,,,,12/07/2026,,,,,3,,,4,3,,280,,,1,,,35,,,,7/12/2026 11:03:02 PM,,,,,,7/13/2026 12:50:08 AM,,
,RD252,,,,,,,,12/07/2026,,,,,3,,,21,3,,268.9,,,18,,,630,,,,7/12/2026 10:47:59 PM,,,,,,7/13/2026 5:21:56 AM,,
,RD253,,,,,,,,12/07/2026,,,,,3,,,9,9,,547.1,,,0,,,0,,,,7/12/2026 10:37:06 PM,,,,,,7/13/2026 5:09:06 AM,,
,RD121,,,,,,,,13/07/2026,,,,,1,,,18,4,,301.23,,,14,,,490,,,,7/13/2026 8:28:08 AM,,,,,,7/13/2026 1:16:41 PM,,
,RD122,,,,,,,,13/07/2026,,,,,1,,,4,1,,47.95,,,3,,,105,,,,7/13/2026 11:26:20 AM,,,,,,7/13/2026 1:03:31 PM,,
,RD132,,,,,,,,13/07/2026,,,,,1,,,17,3,,180.81,,,14,,,490,,,,7/13/2026 7:48:59 AM,,,,,,7/13/2026 12:59:03 PM,,
,RD228,,,,,,,,13/07/2026,,,,,1,,,21,5,,415.6,,,16,,,560,,,,7/13/2026 7:16:53 AM,,,,,,7/13/2026 1:03:13 PM,,
,RD229,,,,,,,,13/07/2026,,,,,1,,,38,1,,101.2,,,37,,,1295,,,,7/13/2026 6:49:16 AM,,,,,,7/13/2026 1:25:59 PM,,
,RD230,,,,,,,,13/07/2026,,,,,1,,,9,4,,274.7,,,5,,,175,,,,7/13/2026 8:14:22 AM,,,,,,7/13/2026 1:12:54 PM,,
,RD231,,,,,,,,13/07/2026,,,,,1,,,8,4,,191.8,,,4,,,140,,,,7/13/2026 8:05:13 AM,,,,,,7/13/2026 12:55:11 PM,,
,RD232,,,,,,,,13/07/2026,,,,,1,,,21,3,,245.9,,,18,,,630,,,,7/13/2026 7:00:11 AM,,,,,,7/13/2026 1:21:35 PM,,
,RD233,,,,,,,,13/07/2026,,,,,1,,,21,11,,989.2,,,10,,,350,,,,7/13/2026 7:07:30 AM,,,,,,7/13/2026 1:13:29 PM,,
,RD234,,,,,,,,13/07/2026,,,,,1,,,17,12,,976.25,,,5,,,175,,,,7/13/2026 7:32:51 AM,,,,,,7/13/2026 1:10:47 PM,,
,RD235,,,,,,,,13/07/2026,,,,,1,,,15,4,,349,,,11,,,385,,,,7/13/2026 9:23:58 AM,,,,,,7/13/2026 1:10:20 PM,,
,RD236,,,,,,,,13/07/2026,,,,,1,,,21,2,,186,,,19,,,665,,,,7/13/2026 7:02:20 AM,,,,,,7/13/2026 1:18:34 PM,,
,RD237,,,,,,,,13/07/2026,,,,,1,,,16,0,,0,,,16,,,560,,,,7/13/2026 7:12:28 AM,,,,,,7/13/2026 1:20:56 PM,,
,RD238,,,,,,,,13/07/2026,,,,,1,,,27,0,,0,,,27,,,945,,,,7/13/2026 7:03:06 AM,,,,,,7/13/2026 1:11:42 PM,,
,RD239,,,,,,,,13/07/2026,,,,,1,,,20,1,,95.8,,,19,,,665,,,,7/13/2026 7:08:46 AM,,,,,,7/13/2026 1:16:04 PM,,
,RD240,,,,,,,,13/07/2026,,,,,1,,,20,10,,901.1,,,10,,,350,,,,7/13/2026 6:59:58 AM,,,,,,7/13/2026 1:19:04 PM,,
,RD241,,,,,,,,13/07/2026,,,,,1,,,21,0,,0,,,20,,,700,,,,7/13/2026 6:53:12 AM,,,,,,7/13/2026 1:19:10 PM,,
,RD242,,,,,,,,13/07/2026,,,,,1,,,8,1,,47.95,,,7,,,245,,,,7/13/2026 7:47:40 AM,,,,,,7/13/2026 1:12:35 PM,,
,RD243,,,,,,,,13/07/2026,,,,,1,,,9,0,,0,,,9,,,315,,,,7/13/2026 8:19:11 AM,,,,,,7/13/2026 1:08:14 PM,,
,RD244,,,,,,,,13/07/2026,,,,,1,,,21,3,,280.7,,,18,,,630,,,,7/13/2026 7:05:07 AM,,,,,,7/13/2026 1:06:48 PM,,
,RD245,,,,,,,,13/07/2026,,,,,1,,,21,2,,183.8,,,19,,,665,,,,7/13/2026 7:04:52 AM,,,,,,7/13/2026 1:19:23 PM,,
,RD246,,,,,,,,13/07/2026,,,,,1,,,23,3,,272.3,,,20,,,700,,,,7/13/2026 7:05:04 AM,,,,,,7/13/2026 1:15:38 PM,,
,RD247,,,,,,,,13/07/2026,,,,,1,,,23,0,,0,,,23,,,805,,,,7/13/2026 7:21:31 AM,,,,,,7/13/2026 1:22:30 PM,,
,RD248,,,,,,,,13/07/2026,,,,,1,,,21,6,,547.2,,,15,,,525,,,,7/13/2026 7:08:06 AM,,,,,,7/13/2026 1:17:52 PM,,
,RD249,,,,,,,,13/07/2026,,,,,1,,,12,0,,0,,,12,,,420,,,,7/13/2026 10:07:08 AM,,,,,,7/13/2026 1:14:41 PM,,
,RD251,,,,,,,,13/07/2026,,,,,1,,,18,14,,1249.2,,,4,,,140,,,,7/13/2026 7:04:40 AM,,,,,,7/13/2026 1:08:29 PM,,
,RD252,,,,,,,,13/07/2026,,,,,1,,,19,5,,461,,,14,,,490,,,,7/13/2026 7:18:23 AM,,,,,,7/13/2026 1:07:24 PM,,
,RD253,,,,,,,,13/07/2026,,,,,1,,,19,12,,1030.35,,,7,,,245,,,,7/13/2026 7:13:18 AM,,,,,,7/13/2026 1:16:31 PM,,
,RD121,,,,,,,,13/07/2026,,,,,2,,,16,2,,143.02,,,14,,,490,,,,7/13/2026 3:28:28 PM,,,,,,7/13/2026 8:56:09 PM,,
,RD122,,,,,,,,13/07/2026,,,,,2,,,4,1,,47.95,,,3,,,105,,,,7/13/2026 6:42:58 PM,,,,,,7/13/2026 8:29:35 PM,,
,RD132,,,,,,,,13/07/2026,,,,,2,,,2,0,,0,,,2,,,70,,,,7/13/2026 6:21:09 PM,,,,,,7/13/2026 6:50:03 PM,,
,RD141,,,,,,,,13/07/2026,,,,,2,,,5,2,,167.55,,,3,,,105,,,,7/13/2026 6:06:08 PM,,,,,,7/13/2026 8:54:08 PM,,
,RD226,,,,,,,,13/07/2026,,,,,2,,,9,6,,476.25,,,3,,,105,,,,7/13/2026 3:35:40 PM,,,,,,7/13/2026 9:28:17 PM,,
,RD228,,,,,,,,13/07/2026,,,,,2,,,10,2,,178.4,,,8,,,280,,,,7/13/2026 3:25:53 PM,,,,,,7/13/2026 7:50:04 PM,,
,RD229,,,,,,,,13/07/2026,,,,,2,,,4,4,,268.6,,,0,,,0,,,,7/13/2026 6:06:00 PM,,,,,,7/13/2026 9:09:30 PM,,
,RD230,,,,,,,,13/07/2026,,,,,2,,,15,7,,605,,,8,,,280,,,,7/13/2026 3:49:11 PM,,,,,,7/13/2026 9:06:53 PM,,
,RD231,,,,,,,,13/07/2026,,,,,2,,,10,1,,47.95,,,9,,,315,,,,7/13/2026 3:42:43 PM,,,,,,7/13/2026 8:42:14 PM,,
,RD232,,,,,,,,13/07/2026,,,,,2,,,7,6,,398.65,,,1,,,35,,,,7/13/2026 3:36:53 PM,,,,,,7/13/2026 9:15:19 PM,,
,RD233,,,,,,,,13/07/2026,,,,,2,,,8,1,,76.4,,,7,,,245,,,,7/13/2026 5:39:28 PM,,,,,,7/13/2026 9:09:27 PM,,
,RD234,,,,,,,,13/07/2026,,,,,2,,,7,5,,306,,,2,,,70,,,,7/13/2026 3:52:04 PM,,,,,,7/13/2026 9:21:21 PM,,
,RD235,,,,,,,,13/07/2026,,,,,2,,,15,2,,175.1,,,13,,,455,,,,7/13/2026 3:26:53 PM,,,,,,7/13/2026 9:26:28 PM,,
,RD236,,,,,,,,13/07/2026,,,,,2,,,13,0,,0,,,13,,,455,,,,7/13/2026 3:38:46 PM,,,,,,7/13/2026 9:17:19 PM,,
,RD237,,,,,,,,13/07/2026,,,,,2,,,15,6,,560.3,,,9,,,315,,,,7/13/2026 3:39:54 PM,,,,,,7/13/2026 9:09:30 PM,,
,RD238,,,,,,,,13/07/2026,,,,,2,,,8,3,,260.6,,,5,,,175,,,,7/13/2026 5:25:29 PM,,,,,,7/13/2026 9:01:30 PM,,
,RD239,,,,,,,,13/07/2026,,,,,2,,,6,5,,358.7,,,1,,,35,,,,7/13/2026 3:32:24 PM,,,,,,7/13/2026 9:02:03 PM,,
,RD240,,,,,,,,13/07/2026,,,,,2,,,1,1,,68.4,,,0,,,0,,,,7/13/2026 8:22:21 PM,,,,,,7/13/2026 8:22:21 PM,,
,RD241,,,,,,,,13/07/2026,,,,,2,,,20,0,,0,,,20,,,700,,,,7/13/2026 3:24:59 PM,,,,,,7/13/2026 9:31:00 PM,,
,RD242,,,,,,,,13/07/2026,,,,,2,,,12,4,,375.2,,,8,,,280,,,,7/13/2026 3:36:38 PM,,,,,,7/13/2026 9:02:52 PM,,
,RD243,,,,,,,,13/07/2026,,,,,2,,,8,6,,553.1,,,2,,,70,,,,7/13/2026 5:30:45 PM,,,,,,7/13/2026 9:05:09 PM,,
,RD244,,,,,,,,13/07/2026,,,,,2,,,18,0,,0,,,18,,,630,,,,7/13/2026 3:19:59 PM,,,,,,7/13/2026 9:17:31 PM,,
,RD245,,,,,,,,13/07/2026,,,,,2,,,14,2,,187.8,,,12,,,420,,,,7/13/2026 3:32:12 PM,,,,,,7/13/2026 9:14:28 PM,,
,RD246,,,,,,,,13/07/2026,,,,,2,,,16,5,,494.9,,,11,,,385,,,,7/13/2026 3:43:34 PM,,,,,,7/13/2026 9:16:01 PM,,
,RD247,,,,,,,,13/07/2026,,,,,2,,,7,6,,450.9,,,1,,,35,,,,7/13/2026 3:24:18 PM,,,,,,7/13/2026 8:48:00 PM,,
,RD248,,,,,,,,13/07/2026,,,,,2,,,6,4,,265.6,,,2,,,70,,,,7/13/2026 3:29:19 PM,,,,,,7/13/2026 8:03:04 PM,,
,RD249,,,,,,,,13/07/2026,,,,,2,,,16,5,,454.5,,,11,,,385,,,,7/13/2026 3:21:18 PM,,,,,,7/13/2026 9:06:44 PM,,
,RD251,,,,,,,,13/07/2026,,,,,2,,,7,4,,372.2,,,3,,,105,,,,7/13/2026 6:11:12 PM,,,,,,7/13/2026 9:18:59 PM,,
,RD252,,,,,,,,13/07/2026,,,,,2,,,2,1,,96.7,,,1,,,35,,,,7/13/2026 6:03:02 PM,,,,,,7/13/2026 6:27:47 PM,,
,RD253,,,,,,,,13/07/2026,,,,,2,,,16,0,,0,,,16,,,560,,,,7/13/2026 3:47:41 PM,,,,,,7/13/2026 9:03:34 PM,,
,RD121,,,,,,,,13/07/2026,,,,,3,,,5,0,,0,,,5,,,175,,,,7/14/2026 1:38:09 AM,,,,,,7/14/2026 2:46:03 AM,,
,RD141,,,,,,,,13/07/2026,,,,,3,,,9,9,,509.02,,,0,,,0,,,,7/13/2026 11:07:55 PM,,,,,,7/14/2026 5:11:12 AM,,
,RD226,,,,,,,,13/07/2026,,,,,3,,,11,11,,673.2,,,0,,,0,,,,7/13/2026 10:58:30 PM,,,,,,7/14/2026 5:07:39 AM,,
,RD228,,,,,,,,13/07/2026,,,,,3,,,11,5,,446.8,,,6,,,210,,,,7/13/2026 10:59:15 PM,,,,,,7/14/2026 5:10:57 AM,,
,RD229,,,,,,,,13/07/2026,,,,,3,,,10,3,,286.2,,,7,,,245,,,,7/13/2026 11:34:33 PM,,,,,,7/14/2026 5:06:56 AM,,
,RD230,,,,,,,,13/07/2026,,,,,3,,,10,3,,282.6,,,7,,,245,,,,7/13/2026 11:25:14 PM,,,,,,7/14/2026 4:59:16 AM,,
,RD231,,,,,,,,13/07/2026,,,,,3,,,18,2,,95.9,,,16,,,560,,,,7/13/2026 11:50:35 PM,,,,,,7/14/2026 5:19:25 AM,,
,RD232,,,,,,,,13/07/2026,,,,,3,,,25,0,,0,,,25,,,875,,,,7/13/2026 10:48:07 PM,,,,,,7/14/2026 5:26:15 AM,,
,RD233,,,,,,,,13/07/2026,,,,,3,,,18,1,,86,,,17,,,595,,,,7/13/2026 11:11:21 PM,,,,,,7/14/2026 5:26:37 AM,,
,RD234,,,,,,,,13/07/2026,,,,,3,,,19,2,,174.7,,,17,,,595,,,,7/13/2026 10:53:34 PM,,,,,,7/14/2026 5:19:34 AM,,
,RD235,,,,,,,,13/07/2026,,,,,3,,,24,0,,0,,,24,,,840,,,,7/13/2026 11:55:59 PM,,,,,,7/14/2026 5:23:23 AM,,
,RD236,,,,,,,,13/07/2026,,,,,3,,,22,0,,0,,,22,,,770,,,,7/13/2026 11:39:18 PM,,,,,,7/14/2026 5:26:48 AM,,
,RD237,,,,,,,,13/07/2026,,,,,3,,,15,1,,75.8,,,14,,,490,,,,7/14/2026 12:02:45 AM,,,,,,7/14/2026 5:20:11 AM,,
,RD238,,,,,,,,13/07/2026,,,,,3,,,10,10,,587.3,,,0,,,0,,,,7/13/2026 10:46:17 PM,,,,,,7/14/2026 4:46:21 AM,,
,RD239,,,,,,,,13/07/2026,,,,,3,,,6,1,,82.5,,,5,,,175,,,,7/13/2026 10:44:45 PM,,,,,,7/14/2026 1:14:56 AM,,
,RD240,,,,,,,,13/07/2026,,,,,3,,,19,3,,285.6,,,16,,,560,,,,7/14/2026 12:00:29 AM,,,,,,7/14/2026 5:36:10 AM,,
,RD241,,,,,,,,13/07/2026,,,,,3,,,9,9,,591.8,,,0,,,0,,,,7/14/2026 12:20:14 AM,,,,,,7/14/2026 4:57:13 AM,,
,RD243,,,,,,,,13/07/2026,,,,,3,,,18,1,,93,,,17,,,595,,,,7/13/2026 11:15:13 PM,,,,,,7/14/2026 5:23:03 AM,,
,RD244,,,,,,,,13/07/2026,,,,,3,,,11,11,,624.25,,,0,,,0,,,,7/13/2026 10:41:37 PM,,,,,,7/14/2026 5:13:57 AM,,
,RD245,,,,,,,,13/07/2026,,,,,3,,,12,11,,616,,,1,,,35,,,,7/13/2026 10:48:59 PM,,,,,,7/14/2026 5:01:19 AM,,
,RD246,,,,,,,,13/07/2026,,,,,3,,,18,3,,306.1,,,15,,,525,,,,7/13/2026 11:57:43 PM,,,,,,7/14/2026 5:10:02 AM,,
,RD247,,,,,,,,13/07/2026,,,,,3,,,18,0,,0,,,18,,,630,,,,7/13/2026 10:39:10 PM,,,,,,7/14/2026 5:12:12 AM,,
,RD248,,,,,,,,13/07/2026,,,,,3,,,11,3,,261.2,,,8,,,280,,,,7/13/2026 10:52:51 PM,,,,,,7/14/2026 5:00:49 AM,,
,RD249,,,,,,,,13/07/2026,,,,,3,,,11,0,,0,,,11,,,385,,,,7/13/2026 10:53:59 PM,,,,,,7/14/2026 4:51:17 AM,,
,RD250,,,,,,,,13/07/2026,,,,,3,,,10,0,,0,,,10,,,350,,,,7/13/2026 11:37:58 PM,,,,,,7/14/2026 5:06:13 AM,,
,RD251,,,,,,,,13/07/2026,,,,,3,,,17,1,,109.6,,,16,,,560,,,,7/14/2026 12:03:35 AM,,,,,,7/14/2026 5:16:27 AM,,
,RD252,,,,,,,,13/07/2026,,,,,3,,,5,0,,0,,,5,,,175,,,,7/14/2026 3:17:07 AM,,,,,,7/14/2026 5:14:28 AM,,
,RD253,,,,,,,,13/07/2026,,,,,3,,,11,11,,624.15,,,0,,,0,,,,7/13/2026 10:34:12 PM,,,,,,7/14/2026 4:51:12 AM,,
,RD121,,,,,,,,14/07/2026,,,,,1,,,8,5,,407.04,,,3,,,105,,,,7/14/2026 7:11:04 AM,,,,,,7/14/2026 12:55:27 PM,,
,RD122,,,,,,,,14/07/2026,,,,,1,,,7,0,,0,,,7,,,245,,,,7/14/2026 9:02:33 AM,,,,,,7/14/2026 1:01:47 PM,,
,RD126,,,,,,,,14/07/2026,,,,,1,,,10,7,,563.72,,,3,,,105,,,,7/14/2026 7:06:31 AM,,,,,,7/14/2026 1:12:37 PM,,
,RD132,,,,,,,,14/07/2026,,,,,1,,,5,0,,0,,,5,,,175,,,,7/14/2026 11:58:45 AM,,,,,,7/14/2026 1:06:20 PM,,
,RD141,,,,,,,,14/07/2026,,,,,1,,,9,7,,476.23,,,2,,,70,,,,7/14/2026 7:04:17 AM,,,,,,7/14/2026 1:00:48 PM,,
,RD143,,,,,,,,14/07/2026,,,,,1,,,10,7,,335.65,,,3,,,105,,,,7/14/2026 7:34:32 AM,,,,,,7/14/2026 1:04:20 PM,,
,RD226,,,,,,,,14/07/2026,,,,,1,,,10,10,,659.1,,,0,,,0,,,,7/14/2026 6:35:49 AM,,,,,,7/14/2026 12:52:29 PM,,
,RD228,,,,,,,,14/07/2026,,,,,1,,,19,10,,721.1,,,9,,,315,,,,7/14/2026 7:07:23 AM,,,,,,7/14/2026 1:09:27 PM,,
,RD229,,,,,,,,14/07/2026,,,,,1,,,10,9,,547.25,,,1,,,35,,,,7/14/2026 7:13:34 AM,,,,,,7/14/2026 1:28:02 PM,,
,RD230,,,,,,,,14/07/2026,,,,,1,,,11,2,,192.3,,,9,,,315,,,,7/14/2026 6:52:02 AM,,,,,,7/14/2026 12:59:46 PM,,
,RD231,,,,,,,,14/07/2026,,,,,1,,,11,5,,239.75,,,6,,,210,,,,7/14/2026 7:00:57 AM,,,,,,7/14/2026 1:06:57 PM,,
,RD232,,,,,,,,14/07/2026,,,,,1,,,16,6,,378.45,,,10,,,350,,,,7/14/2026 7:13:28 AM,,,,,,7/14/2026 1:13:35 PM,,
,RD233,,,,,,,,14/07/2026,,,,,1,,,13,0,,0,,,13,,,455,,,,7/14/2026 7:17:20 AM,,,,,,7/14/2026 1:10:53 PM,,
,RD234,,,,,,,,14/07/2026,,,,,1,,,25,3,,273.6,,,22,,,770,,,,7/14/2026 7:01:09 AM,,,,,,7/14/2026 1:19:22 PM,,
,RD235,,,,,,,,14/07/2026,,,,,1,,,16,0,,0,,,16,,,560,,,,7/14/2026 6:55:00 AM,,,,,,7/14/2026 1:18:28 PM,,
,RD236,,,,,,,,14/07/2026,,,,,1,,,19,0,,0,,,19,,,665,,,,7/14/2026 7:12:07 AM,,,,,,7/14/2026 1:11:22 PM,,
,RD237,,,,,,,,14/07/2026,,,,,1,,,12,2,,131.05,,,10,,,350,,,,7/14/2026 6:43:50 AM,,,,,,7/14/2026 1:11:20 PM,,
,RD238,,,,,,,,14/07/2026,,,,,1,,,15,2,,103.85,,,13,,,455,,,,7/14/2026 7:22:17 AM,,,,,,7/14/2026 1:21:14 PM,,
,RD240,,,,,,,,14/07/2026,,,,,1,,,12,12,,805.25,,,0,,,0,,,,7/14/2026 6:33:33 AM,,,,,,7/14/2026 1:01:13 PM,,
,RD241,,,,,,,,14/07/2026,,,,,1,,,20,9,,602.95,,,11,,,385,,,,7/14/2026 7:30:32 AM,,,,,,7/14/2026 1:56:09 PM,,
,RD243,,,,,,,,14/07/2026,,,,,1,,,6,0,,0,,,6,,,210,,,,7/14/2026 12:16:22 PM,,,,,,7/14/2026 1:11:39 PM,,
,RD244,,,,,,,,14/07/2026,,,,,1,,,20,5,,502.8,,,15,,,525,,,,7/14/2026 6:47:22 AM,,,,,,7/14/2026 11:32:51 AM,,
,RD245,,,,,,,,14/07/2026,,,,,1,,,20,2,,197.1,,,18,,,630,,,,7/14/2026 6:47:13 AM,,,,,,7/14/2026 1:16:20 PM,,
,RD246,,,,,,,,14/07/2026,,,,,1,,,15,3,,271.6,,,12,,,420,,,,7/14/2026 6:47:34 AM,,,,,,7/14/2026 1:19:35 PM,,
,RD247,,,,,,,,14/07/2026,,,,,1,,,17,5,,535.9,,,12,,,420,,,,7/14/2026 7:05:08 AM,,,,,,7/14/2026 1:14:06 PM,,
,RD248,,,,,,,,14/07/2026,,,,,1,,,10,1,,82.5,,,9,,,315,,,,7/14/2026 7:03:16 AM,,,,,,7/14/2026 12:56:00 PM,,
,RD249,,,,,,,,14/07/2026,,,,,1,,,32,12,,1064.7,,,20,,,700,,,,7/14/2026 6:51:16 AM,,,,,,7/14/2026 1:51:16 PM,,
,RD250,,,,,,,,14/07/2026,,,,,1,,,19,6,,620.8,,,13,,,455,,,,7/14/2026 7:20:43 AM,,,,,,7/14/2026 1:08:28 PM,,
,RD251,,,,,,,,14/07/2026,,,,,1,,,9,9,,579.8,,,0,,,0,,,,7/14/2026 6:53:28 AM,,,,,,7/14/2026 12:57:36 PM,,
,RD252,,,,,,,,14/07/2026,,,,,1,,,10,10,,621.9,,,0,,,0,,,,7/14/2026 6:55:41 AM,,,,,,7/14/2026 1:06:02 PM,,
,RD253,,,,,,,,14/07/2026,,,,,1,,,11,10,,750,,,1,,,35,,,,7/14/2026 6:50:48 AM,,,,,,7/14/2026 1:10:01 PM,,
,RD121,,,,,,,,14/07/2026,,,,,2,,,7,7,,407.51,,,0,,,0,,,,7/14/2026 4:20:33 PM,,,,,,7/14/2026 8:56:57 PM,,
,RD126,,,,,,,,14/07/2026,,,,,2,,,6,6,,379.11,,,0,,,0,,,,7/14/2026 4:09:04 PM,,,,,,7/14/2026 7:38:23 PM,,
,RD132,,,,,,,,14/07/2026,,,,,2,,,6,6,,322.56,,,0,,,0,,,,7/14/2026 4:23:33 PM,,,,,,7/14/2026 8:43:22 PM,,
,RD141,,,,,,,,14/07/2026,,,,,2,,,6,6,,320.51,,,0,,,0,,,,7/14/2026 4:16:54 PM,,,,,,7/14/2026 7:43:24 PM,,
,RD143,,,,,,,,14/07/2026,,,,,2,,,2,0,,0,,,2,,,70,,,,7/14/2026 8:09:45 PM,,,,,,7/14/2026 8:45:08 PM,,
,RD226,,,,,,,,14/07/2026,,,,,2,,,10,10,,634.6,,,0,,,0,,,,7/14/2026 2:34:13 PM,,,,,,7/14/2026 8:53:37 PM,,
,RD228,,,,,,,,14/07/2026,,,,,2,,,12,4,,401,,,8,,,280,,,,7/14/2026 4:01:07 PM,,,,,,7/14/2026 8:58:49 PM,,
,RD230,,,,,,,,14/07/2026,,,,,2,,,12,2,,182.7,,,10,,,350,,,,7/14/2026 4:03:27 PM,,,,,,7/14/2026 9:09:06 PM,,
,RD231,,,,,,,,14/07/2026,,,,,2,,,13,5,,239.75,,,8,,,280,,,,7/14/2026 4:08:26 PM,,,,,,7/14/2026 8:55:09 PM,,
,RD232,,,,,,,,14/07/2026,,,,,2,,,21,6,,574.6,,,15,,,525,,,,7/14/2026 3:50:27 PM,,,,,,7/14/2026 9:18:19 PM,,
,RD233,,,,,,,,14/07/2026,,,,,2,,,8,2,,183.5,,,6,,,210,,,,7/14/2026 3:41:27 PM,,,,,,7/14/2026 7:21:13 PM,,
,RD234,,,,,,,,14/07/2026,,,,,2,,,14,0,,0,,,14,,,490,,,,7/14/2026 3:55:56 PM,,,,,,7/14/2026 9:15:17 PM,,
,RD235,,,,,,,,14/07/2026,,,,,2,,,23,0,,0,,,23,,,805,,,,7/14/2026 3:46:41 PM,,,,,,7/14/2026 9:15:00 PM,,
,RD236,,,,,,,,14/07/2026,,,,,2,,,18,13,,1127.95,,,5,,,175,,,,7/14/2026 4:36:38 PM,,,,,,7/14/2026 9:13:40 PM,,
,RD237,,,,,,,,14/07/2026,,,,,2,,,12,1,,104.9,,,11,,,385,,,,7/14/2026 4:06:21 PM,,,,,,7/14/2026 9:19:44 PM,,
,RD238,,,,,,,,14/07/2026,,,,,2,,,7,6,,317.05,,,1,,,35,,,,7/14/2026 3:58:36 PM,,,,,,7/14/2026 8:41:49 PM,,
,RD239,,,,,,,,14/07/2026,,,,,2,,,4,2,,176.2,,,2,,,70,,,,7/14/2026 4:36:47 PM,,,,,,7/14/2026 5:34:55 PM,,
,RD240,,,,,,,,14/07/2026,,,,,2,,,12,7,,628.45,,,5,,,175,,,,7/14/2026 3:41:45 PM,,,,,,7/14/2026 8:05:03 PM,,
,RD241,,,,,,,,14/07/2026,,,,,2,,,14,3,,225.1,,,11,,,385,,,,7/14/2026 2:06:15 PM,,,,,,7/14/2026 9:11:45 PM,,
,RD243,,,,,,,,14/07/2026,,,,,2,,,5,1,,86.5,,,4,,,140,,,,7/14/2026 5:07:37 PM,,,,,,7/14/2026 7:10:43 PM,,
,RD244,,,,,,,,14/07/2026,,,,,2,,,13,3,,298,,,10,,,350,,,,7/14/2026 3:56:30 PM,,,,,,7/14/2026 9:25:42 PM,,
,RD245,,,,,,,,14/07/2026,,,,,2,,,12,2,,181,,,10,,,350,,,,7/14/2026 4:05:56 PM,,,,,,7/14/2026 9:16:29 PM,,
,RD246,,,,,,,,14/07/2026,,,,,2,,,9,0,,0,,,9,,,315,,,,7/14/2026 6:13:38 PM,,,,,,7/14/2026 8:58:10 PM,,
,RD247,,,,,,,,14/07/2026,,,,,2,,,11,9,,848.9,,,2,,,70,,,,7/14/2026 5:12:07 PM,,,,,,7/14/2026 9:12:33 PM,,
,RD248,,,,,,,,14/07/2026,,,,,2,,,7,7,,430.2,,,0,,,0,,,,7/14/2026 3:45:17 PM,,,,,,7/14/2026 7:30:29 PM,,
,RD249,,,,,,,,14/07/2026,,,,,2,,,25,3,,235.2,,,22,,,770,,,,7/14/2026 2:00:42 PM,,,,,,7/14/2026 9:22:06 PM,,
,RD250,,,,,,,,14/07/2026,,,,,2,,,10,2,,185.9,,,8,,,280,,,,7/14/2026 4:12:29 PM,,,,,,7/14/2026 9:01:26 PM,,
,RD251,,,,,,,,14/07/2026,,,,,2,,,14,7,,607.4,,,7,,,245,,,,7/14/2026 3:56:05 PM,,,,,,7/14/2026 8:49:22 PM,,
,RD252,,,,,,,,14/07/2026,,,,,2,,,11,11,,661.75,,,0,,,0,,,,7/14/2026 2:38:33 PM,,,,,,7/14/2026 8:47:29 PM,,
,RD253,,,,,,,,14/07/2026,,,,,2,,,14,2,,193.4,,,12,,,420,,,,7/14/2026 4:00:02 PM,,,,,,7/14/2026 9:12:01 PM,,
,RD126,,,,,,,,14/07/2026,,,,,3,,,3,3,,252.56,,,0,,,0,,,,7/14/2026 11:05:56 PM,,,,,,7/15/2026 12:39:58 AM,,
,RD141,,,,,,,,14/07/2026,,,,,3,,,3,3,,202.21,,,0,,,0,,,,7/15/2026 1:17:07 AM,,,,,,7/15/2026 2:13:21 AM,,
,RD226,,,,,,,,14/07/2026,,,,,3,,,9,9,,590.7,,,0,,,0,,,,7/14/2026 11:40:23 PM,,,,,,7/15/2026 5:38:39 AM,,
,RD228,,,,,,,,14/07/2026,,,,,3,,,10,10,,662.8,,,0,,,0,,,,7/14/2026 11:11:07 PM,,,,,,7/15/2026 5:10:11 AM,,
,RD229,,,,,,,,14/07/2026,,,,,3,,,8,8,,550.2,,,0,,,0,,,,7/14/2026 11:34:14 PM,,,,,,7/15/2026 5:35:18 AM,,
,RD230,,,,,,,,14/07/2026,,,,,3,,,19,2,,159.2,,,17,,,595,,,,7/14/2026 10:54:32 PM,,,,,,7/15/2026 5:42:24 AM,,
,RD231,,,,,,,,14/07/2026,,,,,3,,,11,2,,95.9,,,9,,,315,,,,7/14/2026 10:58:54 PM,,,,,,7/15/2026 5:15:25 AM,,
,RD232,,,,,,,,14/07/2026,,,,,3,,,9,9,,590.4,,,0,,,0,,,,7/14/2026 11:19:06 PM,,,,,,7/15/2026 5:16:59 AM,,
,RD233,,,,,,,,14/07/2026,,,,,3,,,10,10,,660.8,,,0,,,0,,,,7/14/2026 11:26:57 PM,,,,,,7/15/2026 5:00:13 AM,,
,RD234,,,,,,,,14/07/2026,,,,,3,,,18,1,,99.3,,,17,,,595,,,,7/14/2026 11:27:23 PM,,,,,,7/15/2026 5:13:50 AM,,
,RD235,,,,,,,,14/07/2026,,,,,3,,,16,0,,0,,,16,,,560,,,,7/14/2026 11:03:54 PM,,,,,,7/15/2026 5:26:06 AM,,
,RD236,,,,,,,,14/07/2026,,,,,3,,,14,0,,0,,,14,,,490,,,,7/15/2026 12:46:10 AM,,,,,,7/15/2026 5:13:54 AM,,
,RD237,,,,,,,,14/07/2026,,,,,3,,,14,1,,83.4,,,13,,,455,,,,7/15/2026 12:08:08 AM,,,,,,7/15/2026 5:12:09 AM,,
,RD238,,,,,,,,14/07/2026,,,,,3,,,17,0,,0,,,17,,,595,,,,7/14/2026 10:41:46 PM,,,,,,7/15/2026 2:54:42 AM,,
,RD239,,,,,,,,14/07/2026,,,,,3,,,22,3,,270.4,,,19,,,665,,,,7/14/2026 10:45:16 PM,,,,,,7/15/2026 5:31:45 AM,,
,RD240,,,,,,,,14/07/2026,,,,,3,,,14,2,,158.4,,,12,,,420,,,,7/14/2026 11:07:13 PM,,,,,,7/15/2026 5:50:07 AM,,
,RD241,,,,,,,,14/07/2026,,,,,3,,,11,2,,130.2,,,9,,,315,,,,7/15/2026 1:46:24 AM,,,,,,7/15/2026 5:57:24 AM,,
,RD242,,,,,,,,14/07/2026,,,,,3,,,10,0,,0,,,10,,,350,,,,7/14/2026 11:43:30 PM,,,,,,7/15/2026 5:10:19 AM,,
,RD243,,,,,,,,14/07/2026,,,,,3,,,19,3,,248.9,,,16,,,560,,,,7/14/2026 10:41:58 PM,,,,,,7/15/2026 5:32:28 AM,,
,RD244,,,,,,,,14/07/2026,,,,,3,,,9,9,,549.3,,,0,,,0,,,,7/14/2026 10:59:51 PM,,,,,,7/15/2026 5:03:37 AM,,
,RD245,,,,,,,,14/07/2026,,,,,3,,,8,0,,0,,,8,,,280,,,,7/15/2026 12:56:18 AM,,,,,,7/15/2026 4:48:49 AM,,
,RD246,,,,,,,,14/07/2026,,,,,3,,,17,1,,47.95,,,16,,,560,,,,7/14/2026 11:57:00 PM,,,,,,7/15/2026 5:17:53 AM,,
,RD247,,,,,,,,14/07/2026,,,,,3,,,14,6,,385.1,,,8,,,280,,,,7/14/2026 10:36:13 PM,,,,,,7/15/2026 5:22:55 AM,,
,RD248,,,,,,,,14/07/2026,,,,,3,,,18,1,,107.4,,,17,,,595,,,,7/14/2026 10:36:31 PM,,,,,,7/15/2026 5:29:11 AM,,
,RD249,,,,,,,,14/07/2026,,,,,3,,,16,2,,201.7,,,14,,,490,,,,7/14/2026 11:01:39 PM,,,,,,7/15/2026 5:00:03 AM,,
,RD250,,,,,,,,14/07/2026,,,,,3,,,12,0,,0,,,12,,,420,,,,7/14/2026 11:21:59 PM,,,,,,7/15/2026 5:15:47 AM,,
,RD251,,,,,,,,14/07/2026,,,,,3,,,12,3,,299.8,,,9,,,315,,,,7/14/2026 11:12:04 PM,,,,,,7/15/2026 4:31:53 AM,,
,RD252,,,,,,,,14/07/2026,,,,,3,,,10,0,,0,,,10,,,350,,,,7/15/2026 12:47:46 AM,,,,,,7/15/2026 5:21:41 AM,,
,RD121,,,,,,,,15/07/2026,,,,,1,,,7,0,,0,,,7,,,245,,,,7/15/2026 8:13:31 AM,,,,,,7/15/2026 10:30:46 AM,,
,RD132,,,,,,,,15/07/2026,,,,,1,,,3,0,,0,,,3,,,105,,,,7/15/2026 10:35:54 AM,,,,,,7/15/2026 11:21:14 AM,,
,RD141,,,,,,,,15/07/2026,,,,,1,,,9,9,,542.9,,,0,,,0,,,,7/15/2026 6:56:30 AM,,,,,,7/15/2026 12:52:58 PM,,
,RD143,,,,,,,,15/07/2026,,,,,1,,,14,1,,47.95,,,13,,,455,,,,7/15/2026 7:05:47 AM,,,,,,7/15/2026 11:06:00 AM,,
,RD226,,,,,,,,15/07/2026,,,,,1,,,9,9,,546.4,,,0,,,0,,,,7/15/2026 6:05:21 AM,,,,,,7/15/2026 11:46:55 AM,,
,RD228,,,,,,,,15/07/2026,,,,,1,,,9,9,,562.25,,,0,,,0,,,,7/15/2026 6:43:38 AM,,,,,,7/15/2026 1:14:18 PM,,
,RD229,,,,,,,,15/07/2026,,,,,1,,,13,1,,47.95,,,12,,,420,,,,7/15/2026 6:10:07 AM,,,,,,7/15/2026 1:00:40 PM,,
,RD230,,,,,,,,15/07/2026,,,,,1,,,13,12,,704.1,,,1,,,35,,,,7/15/2026 6:13:34 AM,,,,,,7/15/2026 1:09:44 PM,,
,RD231,,,,,,,,15/07/2026,,,,,1,,,11,4,,191.8,,,7,,,245,,,,7/15/2026 6:56:15 AM,,,,,,7/15/2026 1:18:43 PM,,
,RD232,,,,,,,,15/07/2026,,,,,1,,,16,1,,63.1,,,15,,,525,,,,7/15/2026 7:01:51 AM,,,,,,7/15/2026 1:03:54 PM,,
,RD233,,,,,,,,15/07/2026,,,,,1,,,21,2,,155.85,,,19,,,665,,,,7/15/2026 6:52:17 AM,,,,,,7/15/2026 1:01:08 PM,,
,RD234,,,,,,,,15/07/2026,,,,,1,,,11,11,,596.7,,,0,,,0,,,,7/15/2026 7:20:08 AM,,,,,,7/15/2026 1:05:19 PM,,
,RD235,,,,,,,,15/07/2026,,,,,1,,,16,0,,0,,,16,,,560,,,,7/15/2026 7:11:01 AM,,,,,,7/15/2026 1:23:34 PM,,
,RD236,,,,,,,,15/07/2026,,,,,1,,,12,0,,0,,,12,,,420,,,,7/15/2026 7:53:20 AM,,,,,,7/15/2026 1:12:37 PM,,
,RD237,,,,,,,,15/07/2026,,,,,1,,,16,1,,80.3,,,15,,,525,,,,7/15/2026 8:03:58 AM,,,,,,7/15/2026 1:00:56 PM,,
,RD238,,,,,,,,15/07/2026,,,,,1,,,5,0,,0,,,5,,,175,,,,7/15/2026 6:51:40 AM,,,,,,7/15/2026 7:41:30 AM,,
,RD239,,,,,,,,15/07/2026,,,,,1,,,5,4,,237.7,,,1,,,35,,,,7/15/2026 6:50:35 AM,,,,,,7/15/2026 11:04:06 AM,,
,RD240,,,,,,,,15/07/2026,,,,,1,,,4,1,,62.2,,,3,,,105,,,,7/15/2026 6:17:14 AM,,,,,,7/15/2026 12:55:57 PM,,
,RD241,,,,,,,,15/07/2026,,,,,1,,,12,1,,68.9,,,11,,,385,,,,7/15/2026 7:29:26 AM,,,,,,7/15/2026 1:17:48 PM,,
,RD242,,,,,,,,15/07/2026,,,,,1,,,10,2,,157.4,,,8,,,280,,,,7/15/2026 6:48:51 AM,,,,,,7/15/2026 1:13:48 PM,,
,RD243,,,,,,,,15/07/2026,,,,,1,,,18,3,,179.4,,,15,,,525,,,,7/15/2026 6:01:28 AM,,,,,,7/15/2026 1:21:10 PM,,
,RD244,,,,,,,,15/07/2026,,,,,1,,,9,9,,558.8,,,0,,,0,,,,7/15/2026 7:15:18 AM,,,,,,7/15/2026 1:00:48 PM,,
,RD245,,,,,,,,15/07/2026,,,,,1,,,21,1,,61.3,,,20,,,700,,,,7/15/2026 6:58:25 AM,,,,,,7/15/2026 1:17:59 PM,,
,RD246,,,,,,,,15/07/2026,,,,,1,,,4,0,,0,,,4,,,140,,,,7/15/2026 6:59:42 AM,,,,,,7/15/2026 1:05:30 PM,,
,RD247,,,,,,,,15/07/2026,,,,,1,,,12,0,,0,,,12,,,420,,,,7/15/2026 7:08:02 AM,,,,,,7/15/2026 1:10:22 PM,,
,RD248,,,,,,,,15/07/2026,,,,,1,,,11,0,,0,,,11,,,385,,,,7/15/2026 7:03:52 AM,,,,,,7/15/2026 1:17:09 PM,,
,RD249,,,,,,,,15/07/2026,,,,,1,,,9,0,,0,,,9,,,315,,,,7/15/2026 7:16:04 AM,,,,,,7/15/2026 1:04:38 PM,,
,RD250,,,,,,,,15/07/2026,,,,,1,,,9,1,,78.8,,,8,,,280,,,,7/15/2026 7:33:57 AM,,,,,,7/15/2026 12:46:53 PM,,
,RD251,,,,,,,,15/07/2026,,,,,1,,,13,5,,316.7,,,8,,,280,,,,7/15/2026 7:07:46 AM,,,,,,7/15/2026 1:36:05 PM,,
,RD252,,,,,,,,15/07/2026,,,,,1,,,17,1,,61.7,,,16,,,560,,,,7/15/2026 7:13:54 AM,,,,,,7/15/2026 1:20:39 PM,,
,RD121,,,,,,,,15/07/2026,,,,,2,,,7,7,,416.62,,,0,,,0,,,,7/15/2026 3:09:23 PM,,,,,,7/15/2026 8:45:56 PM,,
,RD143,,,,,,,,15/07/2026,,,,,2,,,7,7,,335.65,,,0,,,0,,,,7/15/2026 6:00:19 PM,,,,,,7/15/2026 9:22:35 PM,,
,RD226,,,,,,,,15/07/2026,,,,,2,,,8,8,,524.6,,,0,,,0,,,,7/15/2026 2:49:40 PM,,,,,,7/15/2026 9:18:07 PM,,
,RD228,,,,,,,,15/07/2026,,,,,2,,,20,0,,0,,,20,,,700,,,,7/15/2026 2:56:14 PM,,,,,,7/15/2026 9:22:14 PM,,
,RD229,,,,,,,,15/07/2026,,,,,2,,,7,7,,446.6,,,0,,,0,,,,7/15/2026 3:49:15 PM,,,,,,7/15/2026 9:13:15 PM,,
,RD230,,,,,,,,15/07/2026,,,,,2,,,21,0,,0,,,21,,,735,,,,7/15/2026 3:23:58 PM,,,,,,7/15/2026 9:32:06 PM,,
,RD231,,,,,,,,15/07/2026,,,,,2,,,9,2,,95.9,,,7,,,245,,,,7/15/2026 2:54:37 PM,,,,,,7/15/2026 8:52:51 PM,,
,RD232,,,,,,,,15/07/2026,,,,,2,,,14,6,,576.6,,,8,,,280,,,,7/15/2026 3:13:28 PM,,,,,,7/15/2026 9:08:45 PM,,
,RD233,,,,,,,,15/07/2026,,,,,2,,,17,0,,0,,,17,,,595,,,,7/15/2026 3:08:05 PM,,,,,,7/15/2026 9:25:58 PM,,
,RD234,,,,,,,,15/07/2026,,,,,2,,,9,5,,345,,,4,,,140,,,,7/15/2026 2:55:49 PM,,,,,,7/15/2026 9:02:49 PM,,
,RD235,,,,,,,,15/07/2026,,,,,2,,,16,0,,0,,,16,,,560,,,,7/15/2026 3:06:29 PM,,,,,,7/15/2026 9:27:08 PM,,
,RD236,,,,,,,,15/07/2026,,,,,2,,,4,0,,0,,,4,,,140,,,,7/15/2026 4:09:33 PM,,,,,,7/15/2026 4:59:44 PM,,
,RD237,,,,,,,,15/07/2026,,,,,2,,,16,5,,461.9,,,11,,,385,,,,7/15/2026 2:52:08 PM,,,,,,7/15/2026 9:23:09 PM,,
,RD239,,,,,,,,15/07/2026,,,,,2,,,15,1,,87.7,,,14,,,490,,,,7/15/2026 2:56:25 PM,,,,,,7/15/2026 9:18:40 PM,,
,RD240,,,,,,,,15/07/2026,,,,,2,,,19,1,,69.3,,,18,,,630,,,,7/15/2026 2:52:56 PM,,,,,,7/15/2026 9:20:22 PM,,
,RD241,,,,,,,,15/07/2026,,,,,2,,,8,2,,139.1,,,6,,,210,,,,7/15/2026 4:03:03 PM,,,,,,7/15/2026 9:04:03 PM,,
,RD242,,,,,,,,15/07/2026,,,,,2,,,15,1,,90.9,,,14,,,490,,,,7/15/2026 2:53:30 PM,,,,,,7/15/2026 9:20:33 PM,,
,RD243,,,,,,,,15/07/2026,,,,,2,,,17,2,,192.9,,,15,,,525,,,,7/15/2026 3:03:22 PM,,,,,,7/15/2026 9:23:55 PM,,
,RD244,,,,,,,,15/07/2026,,,,,2,,,22,0,,0,,,22,,,770,,,,7/15/2026 3:00:11 PM,,,,,,7/15/2026 9:25:48 PM,,
,RD245,,,,,,,,15/07/2026,,,,,2,,,7,7,,458.5,,,0,,,0,,,,7/15/2026 3:20:56 PM,,,,,,7/15/2026 9:02:12 PM,,
,RD246,,,,,,,,15/07/2026,,,,,2,,,13,0,,0,,,13,,,455,,,,7/15/2026 3:04:15 PM,,,,,,7/15/2026 9:17:07 PM,,
,RD247,,,,,,,,15/07/2026,,,,,2,,,8,8,,543.9,,,0,,,0,,,,7/15/2026 3:15:35 PM,,,,,,7/15/2026 9:07:17 PM,,
,RD248,,,,,,,,15/07/2026,,,,,2,,,8,5,,368.1,,,3,,,105,,,,7/15/2026 3:00:33 PM,,,,,,7/15/2026 9:10:38 PM,,
,RD249,,,,,,,,15/07/2026,,,,,2,,,15,1,,118.5,,,14,,,490,,,,7/15/2026 3:00:23 PM,,,,,,7/15/2026 9:15:07 PM,,
,RD250,,,,,,,,15/07/2026,,,,,2,,,18,2,,194.4,,,16,,,560,,,,7/15/2026 2:50:17 PM,,,,,,7/15/2026 9:12:18 PM,,
,RD251,,,,,,,,15/07/2026,,,,,2,,,19,0,,0,,,19,,,665,,,,7/15/2026 2:47:36 PM,,,,,,7/15/2026 9:17:17 PM,,
,RD252,,,,,,,,15/07/2026,,,,,2,,,14,6,,545.7,,,8,,,280,,,,7/15/2026 3:03:08 PM,,,,,,7/15/2026 8:48:06 PM,,
,RD126,,,,,,,,15/07/2026,,,,,3,,,4,4,,354.08,,,0,,,0,,,,7/16/2026 1:04:51 AM,,,,,,7/16/2026 2:27:45 AM,,
,RD228,,,,,,,,15/07/2026,,,,,3,,,16,1,,101.6,,,15,,,525,,,,7/15/2026 10:55:20 PM,,,,,,7/16/2026 5:11:26 AM,,
,RD229,,,,,,,,15/07/2026,,,,,3,,,10,10,,803.7,,,0,,,0,,,,7/15/2026 11:42:20 PM,,,,,,7/16/2026 5:15:23 AM,,
,RD230,,,,,,,,15/07/2026,,,,,3,,,8,8,,594.8,,,0,,,0,,,,7/15/2026 11:36:35 PM,,,,,,7/16/2026 5:18:47 AM,,
,RD231,,,,,,,,15/07/2026,,,,,3,,,11,0,,0,,,11,,,385,,,,7/15/2026 11:11:12 PM,,,,,,7/16/2026 4:25:55 AM,,
,RD232,,,,,,,,15/07/2026,,,,,3,,,16,0,,0,,,16,,,560,,,,7/15/2026 10:45:32 PM,,,,,,7/16/2026 5:18:38 AM,,
,RD233,,,,,,,,15/07/2026,,,,,3,,,15,0,,0,,,15,,,525,,,,7/15/2026 11:25:28 PM,,,,,,7/16/2026 5:21:15 AM,,
,RD234,,,,,,,,15/07/2026,,,,,3,,,20,4,,339,,,16,,,560,,,,7/15/2026 11:35:34 PM,,,,,,7/16/2026 5:14:16 AM,,
,RD235,,,,,,,,15/07/2026,,,,,3,,,15,0,,0,,,15,,,525,,,,7/15/2026 10:47:54 PM,,,,,,7/16/2026 5:14:21 AM,,
,RD236,,,,,,,,15/07/2026,,,,,3,,,18,0,,0,,,18,,,630,,,,7/15/2026 10:51:59 PM,,,,,,7/16/2026 5:25:08 AM,,
,RD237,,,,,,,,15/07/2026,,,,,3,,,17,4,,362.7,,,13,,,455,,,,7/15/2026 11:09:50 PM,,,,,,7/16/2026 5:20:06 AM,,
,RD238,,,,,,,,15/07/2026,,,,,3,,,16,0,,0,,,16,,,560,,,,7/15/2026 10:52:03 PM,,,,,,7/16/2026 5:01:16 AM,,
,RD239,,,,,,,,15/07/2026,,,,,3,,,10,10,,718.9,,,0,,,0,,,,7/15/2026 11:24:45 PM,,,,,,7/16/2026 5:21:25 AM,,
,RD240,,,,,,,,15/07/2026,,,,,3,,,13,0,,0,,,13,,,455,,,,7/15/2026 11:05:06 PM,,,,,,7/16/2026 5:20:43 AM,,
,RD241,,,,,,,,15/07/2026,,,,,3,,,17,0,,0,,,17,,,595,,,,7/15/2026 10:37:33 PM,,,,,,7/16/2026 5:16:54 AM,,
,RD242,,,,,,,,15/07/2026,,,,,3,,,15,0,,0,,,15,,,525,,,,7/15/2026 10:51:35 PM,,,,,,7/16/2026 5:04:45 AM,,
,RD243,,,,,,,,15/07/2026,,,,,3,,,17,0,,0,,,17,,,595,,,,7/15/2026 10:55:49 PM,,,,,,7/16/2026 5:14:54 AM,,
,RD244,,,,,,,,15/07/2026,,,,,3,,,15,6,,414.1,,,9,,,315,,,,7/15/2026 11:31:04 PM,,,,,,7/16/2026 5:05:05 AM,,
,RD245,,,,,,,,15/07/2026,,,,,3,,,5,5,,352.6,,,0,,,0,,,,7/16/2026 1:55:15 AM,,,,,,7/16/2026 5:05:25 AM,,
,RD246,,,,,,,,15/07/2026,,,,,3,,,10,6,,361.95,,,4,,,140,,,,7/15/2026 11:50:29 PM,,,,,,7/16/2026 5:10:45 AM,,
,RD247,,,,,,,,15/07/2026,,,,,3,,,17,0,,0,,,17,,,595,,,,7/15/2026 10:48:38 PM,,,,,,7/16/2026 5:08:13 AM,,
,RD248,,,,,,,,15/07/2026,,,,,3,,,19,1,,94,,,18,,,630,,,,7/15/2026 10:42:33 PM,,,,,,7/16/2026 5:24:08 AM,,
,RD249,,,,,,,,15/07/2026,,,,,3,,,8,5,,468.7,,,3,,,105,,,,7/15/2026 11:36:16 PM,,,,,,7/16/2026 5:04:26 AM,,
,RD250,,,,,,,,15/07/2026,,,,,3,,,13,1,,92.5,,,12,,,420,,,,7/15/2026 11:26:11 PM,,,,,,7/16/2026 5:10:59 AM,,
,RD252,,,,,,,,15/07/2026,,,,,3,,,11,0,,0,,,11,,,385,,,,7/15/2026 10:44:07 PM,,,,,,7/16/2026 2:09:01 AM,,
,RD121,,,,,,,,16/07/2026,,,,,1,,,10,1,,76.38,,,9,,,315,,,,7/16/2026 9:46:15 AM,,,,,,7/16/2026 1:10:00 PM,,
,RD126,,,,,,,,16/07/2026,,,,,1,,,9,9,,749.14,,,0,,,0,,,,7/16/2026 7:00:03 AM,,,,,,7/16/2026 1:04:48 PM,,
,RD141,,,,,,,,16/07/2026,,,,,1,,,8,8,,636.49,,,0,,,0,,,,7/16/2026 6:57:12 AM,,,,,,7/16/2026 12:46:06 PM,,
,RD226,,,,,,,,16/07/2026,,,,,1,,,9,9,,669.2,,,0,,,0,,,,7/16/2026 7:15:04 AM,,,,,,7/16/2026 1:00:55 PM,,
,RD228,,,,,,,,16/07/2026,,,,,1,,,12,0,,0,,,12,,,420,,,,7/16/2026 6:56:05 AM,,,,,,7/16/2026 12:34:57 PM,,
,RD229,,,,,,,,16/07/2026,,,,,1,,,13,0,,0,,,13,,,455,,,,7/16/2026 7:09:31 AM,,,,,,7/16/2026 1:13:32 PM,,
,RD230,,,,,,,,16/07/2026,,,,,1,,,27,0,,0,,,27,,,945,,,,7/16/2026 7:10:38 AM,,,,,,7/16/2026 12:57:57 PM,,
,RD231,,,,,,,,16/07/2026,,,,,1,,,14,0,,0,,,14,,,490,,,,7/16/2026 7:00:33 AM,,,,,,7/16/2026 1:28:44 PM,,
,RD232,,,,,,,,16/07/2026,,,,,1,,,10,0,,0,,,10,,,350,,,,7/16/2026 8:58:12 AM,,,,,,7/16/2026 1:24:22 PM,,
,RD233,,,,,,,,16/07/2026,,,,,1,,,29,0,,0,,,29,,,1015,,,,7/16/2026 6:50:19 AM,,,,,,7/16/2026 1:04:03 PM,,
,RD234,,,,,,,,16/07/2026,,,,,1,,,7,7,,477.15,,,0,,,0,,,,7/16/2026 7:11:42 AM,,,,,,7/16/2026 12:37:08 PM,,
,RD235,,,,,,,,16/07/2026,,,,,1,,,9,1,,47.95,,,8,,,280,,,,7/16/2026 10:07:03 AM,,,,,,7/16/2026 1:06:34 PM,,
,RD236,,,,,,,,16/07/2026,,,,,1,,,26,0,,0,,,26,,,910,,,,7/16/2026 6:53:30 AM,,,,,,7/16/2026 1:22:24 PM,,
,RD237,,,,,,,,16/07/2026,,,,,1,,,10,0,,0,,,10,,,350,,,,7/16/2026 7:23:32 AM,,,,,,7/16/2026 1:14:11 PM,,
,RD238,,,,,,,,16/07/2026,,,,,1,,,9,9,,686.25,,,0,,,0,,,,7/16/2026 6:47:19 AM,,,,,,7/16/2026 12:52:20 PM,,
,RD239,,,,,,,,16/07/2026,,,,,1,,,7,0,,0,,,7,,,245,,,,7/16/2026 7:09:57 AM,,,,,,7/16/2026 12:07:02 PM,,
,RD240,,,,,,,,16/07/2026,,,,,1,,,11,0,,0,,,11,,,385,,,,7/16/2026 7:15:18 AM,,,,,,7/16/2026 1:12:59 PM,,
,RD241,,,,,,,,16/07/2026,,,,,1,,,10,2,,189.7,,,8,,,280,,,,7/16/2026 7:08:43 AM,,,,,,7/16/2026 1:01:30 PM,,
,RD242,,,,,,,,16/07/2026,,,,,1,,,10,10,,789.7,,,0,,,0,,,,7/16/2026 7:05:21 AM,,,,,,7/16/2026 12:56:21 PM,,
,RD243,,,,,,,,16/07/2026,,,,,1,,,13,1,,95.6,,,12,,,420,,,,7/16/2026 6:59:16 AM,,,,,,7/16/2026 1:17:24 PM,,
,RD244,,,,,,,,16/07/2026,,,,,1,,,8,0,,0,,,8,,,280,,,,7/16/2026 7:01:33 AM,,,,,,7/16/2026 12:56:41 PM,,
,RD245,,,,,,,,16/07/2026,,,,,1,,,14,0,,0,,,14,,,490,,,,7/16/2026 7:03:24 AM,,,,,,7/16/2026 1:08:28 PM,,
,RD246,,,,,,,,16/07/2026,,,,,1,,,10,1,,94,,,9,,,315,,,,7/16/2026 6:56:44 AM,,,,,,7/16/2026 1:08:10 PM,,
,RD247,,,,,,,,16/07/2026,,,,,1,,,12,0,,0,,,12,,,420,,,,7/16/2026 7:06:19 AM,,,,,,7/16/2026 1:09:39 PM,,
,RD248,,,,,,,,16/07/2026,,,,,1,,,9,0,,0,,,9,,,315,,,,7/16/2026 7:27:49 AM,,,,,,7/16/2026 1:02:34 PM,,
,RD249,,,,,,,,16/07/2026,,,,,1,,,13,0,,0,,,13,,,455,,,,7/16/2026 7:05:39 AM,,,,,,7/16/2026 12:57:51 PM,,
,RD250,,,,,,,,16/07/2026,,,,,1,,,1,0,,0,,,1,,,35,,,,7/16/2026 7:37:27 AM,,,,,,7/16/2026 7:37:27 AM,,
,RD251,,,,,,,,16/07/2026,,,,,1,,,26,0,,0,,,26,,,910,,,,7/16/2026 7:35:34 AM,,,,,,7/16/2026 1:09:53 PM,,
,RD121,,,,,,,,16/07/2026,,,,,2,,,7,5,,305.36,,,2,,,70,,,,7/16/2026 4:28:01 PM,,,,,,7/16/2026 9:23:33 PM,,
,RD126,,,,,,,,16/07/2026,,,,,2,,,5,5,,384.37,,,0,,,0,,,,7/16/2026 3:53:03 PM,,,,,,7/16/2026 8:50:20 PM,,
,RD141,,,,,,,,16/07/2026,,,,,2,,,6,6,,394.8,,,0,,,0,,,,7/16/2026 3:57:55 PM,,,,,,7/16/2026 8:28:04 PM,,
,RD143,,,,,,,,16/07/2026,,,,,2,,,4,4,,191.8,,,0,,,0,,,,7/16/2026 3:42:10 PM,,,,,,7/16/2026 7:57:20 PM,,
,RD226,,,,,,,,16/07/2026,,,,,2,,,9,8,,537.8,,,1,,,35,,,,7/16/2026 3:26:25 PM,,,,,,7/16/2026 9:09:15 PM,,
,RD228,,,,,,,,16/07/2026,,,,,2,,,5,1,,89.8,,,4,,,140,,,,7/16/2026 7:13:18 PM,,,,,,7/16/2026 9:12:17 PM,,
,RD229,,,,,,,,16/07/2026,,,,,2,,,8,7,,474.8,,,1,,,35,,,,7/16/2026 3:34:17 PM,,,,,,7/16/2026 8:59:42 PM,,
,RD230,,,,,,,,16/07/2026,,,,,2,,,9,4,,260.2,,,5,,,175,,,,7/16/2026 3:38:50 PM,,,,,,7/16/2026 8:53:38 PM,,
,RD232,,,,,,,,16/07/2026,,,,,2,,,15,0,,0,,,15,,,525,,,,7/16/2026 3:38:06 PM,,,,,,7/16/2026 9:06:23 PM,,
,RD233,,,,,,,,16/07/2026,,,,,2,,,12,4,,381.2,,,8,,,280,,,,7/16/2026 4:00:13 PM,,,,,,7/16/2026 8:53:04 PM,,
,RD234,,,,,,,,16/07/2026,,,,,2,,,7,0,,0,,,7,,,245,,,,7/16/2026 3:30:35 PM,,,,,,7/16/2026 5:31:47 PM,,
,RD235,,,,,,,,16/07/2026,,,,,2,,,7,3,,198.6,,,4,,,140,,,,7/16/2026 3:45:55 PM,,,,,,7/16/2026 6:34:04 PM,,
,RD236,,,,,,,,16/07/2026,,,,,2,,,9,5,,320.5,,,4,,,140,,,,7/16/2026 3:55:15 PM,,,,,,7/16/2026 9:04:08 PM,,
,RD237,,,,,,,,16/07/2026,,,,,2,,,19,0,,0,,,19,,,665,,,,7/16/2026 3:42:09 PM,,,,,,7/16/2026 9:12:39 PM,,
,RD238,,,,,,,,16/07/2026,,,,,2,,,19,0,,0,,,19,,,665,,,,7/16/2026 3:46:15 PM,,,,,,7/16/2026 9:16:27 PM,,
,RD239,,,,,,,,16/07/2026,,,,,2,,,4,1,,83.3,,,3,,,105,,,,7/16/2026 7:18:39 PM,,,,,,7/16/2026 9:11:40 PM,,
,RD240,,,,,,,,16/07/2026,,,,,2,,,4,3,,225.4,,,1,,,35,,,,7/16/2026 3:46:24 PM,,,,,,7/16/2026 8:01:24 PM,,
,RD241,,,,,,,,16/07/2026,,,,,2,,,7,2,,170.1,,,5,,,175,,,,7/16/2026 6:20:49 PM,,,,,,7/16/2026 8:59:30 PM,,
,RD242,,,,,,,,16/07/2026,,,,,2,,,13,1,,80.8,,,12,,,420,,,,7/16/2026 3:13:56 PM,,,,,,7/16/2026 9:24:59 PM,,
,RD243,,,,,,,,16/07/2026,,,,,2,,,16,1,,95.1,,,15,,,525,,,,7/16/2026 3:14:40 PM,,,,,,7/16/2026 9:16:14 PM,,
,RD244,,,,,,,,16/07/2026,,,,,2,,,18,0,,0,,,18,,,630,,,,7/16/2026 3:34:48 PM,,,,,,7/16/2026 9:19:26 PM,,
,RD245,,,,,,,,16/07/2026,,,,,2,,,8,7,,476.5,,,1,,,35,,,,7/16/2026 3:30:51 PM,,,,,,7/16/2026 8:56:52 PM,,
,RD246,,,,,,,,16/07/2026,,,,,2,,,6,0,,0,,,6,,,210,,,,7/16/2026 6:55:57 PM,,,,,,7/16/2026 8:52:25 PM,,
,RD247,,,,,,,,16/07/2026,,,,,2,,,17,3,,268.6,,,14,,,490,,,,7/16/2026 3:25:55 PM,,,,,,7/16/2026 9:21:51 PM,,
,RD248,,,,,,,,16/07/2026,,,,,2,,,5,1,,88.8,,,4,,,140,,,,7/16/2026 7:22:40 PM,,,,,,7/16/2026 9:06:34 PM,,
,RD249,,,,,,,,16/07/2026,,,,,2,,,2,0,,0,,,2,,,70,,,,7/16/2026 3:08:31 PM,,,,,,7/16/2026 3:23:23 PM,,
,RD251,,,,,,,,16/07/2026,,,,,2,,,17,1,,96.4,,,16,,,560,,,,7/16/2026 3:20:57 PM,,,,,,7/16/2026 9:13:11 PM,,
,RD121,,,,,,,,16/07/2026,,,,,3,,,9,9,,746.06,,,0,,,0,,,,7/16/2026 10:56:44 PM,,,,,,7/17/2026 5:05:19 AM,,
,RD126,,,,,,,,16/07/2026,,,,,3,,,4,4,,341.19,,,0,,,0,,,,7/16/2026 11:07:58 PM,,,,,,7/17/2026 2:04:43 AM,,
,RD141,,,,,,,,16/07/2026,,,,,3,,,4,4,,351.07,,,0,,,0,,,,7/16/2026 10:53:15 PM,,,,,,7/17/2026 1:17:26 AM,,
,RD226,,,,,,,,16/07/2026,,,,,3,,,10,10,,746.3,,,0,,,0,,,,7/16/2026 10:59:13 PM,,,,,,7/17/2026 5:14:56 AM,,
,RD228,,,,,,,,16/07/2026,,,,,3,,,19,0,,0,,,19,,,665,,,,7/16/2026 11:03:06 PM,,,,,,7/17/2026 5:36:12 AM,,
,RD229,,,,,,,,16/07/2026,,,,,3,,,17,0,,0,,,17,,,595,,,,7/16/2026 10:56:57 PM,,,,,,7/17/2026 5:22:21 AM,,
,RD230,,,,,,,,16/07/2026,,,,,3,,,13,0,,0,,,13,,,455,,,,7/16/2026 11:00:06 PM,,,,,,7/17/2026 5:09:45 AM,,
,RD231,,,,,,,,16/07/2026,,,,,3,,,5,5,,366,,,0,,,0,,,,7/17/2026 2:34:51 AM,,,,,,7/17/2026 5:11:59 AM,,
,RD232,,,,,,,,16/07/2026,,,,,3,,,23,0,,0,,,23,,,805,,,,7/16/2026 11:10:58 PM,,,,,,7/17/2026 5:13:22 AM,,
,RD233,,,,,,,,16/07/2026,,,,,3,,,23,0,,0,,,23,,,805,,,,7/16/2026 11:03:14 PM,,,,,,7/17/2026 5:06:05 AM,,
,RD234,,,,,,,,16/07/2026,,,,,3,,,9,9,,660.8,,,0,,,0,,,,7/16/2026 10:43:07 PM,,,,,,7/17/2026 5:17:50 AM,,
,RD235,,,,,,,,16/07/2026,,,,,3,,,10,10,,729,,,0,,,0,,,,7/16/2026 10:47:28 PM,,,,,,7/17/2026 5:00:02 AM,,
,RD236,,,,,,,,16/07/2026,,,,,3,,,17,0,,0,,,17,,,595,,,,7/16/2026 10:53:08 PM,,,,,,7/17/2026 5:17:02 AM,,
,RD237,,,,,,,,16/07/2026,,,,,3,,,19,0,,0,,,19,,,665,,,,7/16/2026 10:56:18 PM,,,,,,7/17/2026 5:17:06 AM,,
,RD238,,,,,,,,16/07/2026,,,,,3,,,16,0,,0,,,16,,,560,,,,7/16/2026 10:44:44 PM,,,,,,7/17/2026 5:05:49 AM,,
,RD239,,,,,,,,16/07/2026,,,,,3,,,24,0,,0,,,24,,,840,,,,7/16/2026 11:00:13 PM,,,,,,7/17/2026 5:16:24 AM,,
,RD240,,,,,,,,16/07/2026,,,,,3,,,18,1,,82.5,,,17,,,595,,,,7/16/2026 11:00:23 PM,,,,,,7/17/2026 5:16:03 AM,,
,RD241,,,,,,,,16/07/2026,,,,,3,,,19,0,,0,,,19,,,665,,,,7/16/2026 10:52:04 PM,,,,,,7/17/2026 5:13:08 AM,,
,RD242,,,,,,,,16/07/2026,,,,,3,,,19,0,,0,,,19,,,665,,,,7/16/2026 10:54:35 PM,,,,,,7/17/2026 5:22:11 AM,,
,RD243,,,,,,,,16/07/2026,,,,,3,,,17,0,,0,,,17,,,595,,,,7/16/2026 10:47:45 PM,,,,,,7/17/2026 5:16:09 AM,,
,RD244,,,,,,,,16/07/2026,,,,,3,,,16,0,,0,,,16,,,560,,,,7/16/2026 10:52:12 PM,,,,,,7/17/2026 5:08:45 AM,,
,RD245,,,,,,,,16/07/2026,,,,,3,,,16,0,,0,,,16,,,560,,,,7/16/2026 10:37:24 PM,,,,,,7/17/2026 5:24:55 AM,,
,RD246,,,,,,,,16/07/2026,,,,,3,,,17,0,,0,,,17,,,595,,,,7/16/2026 10:54:36 PM,,,,,,7/17/2026 5:10:26 AM,,
,RD247,,,,,,,,16/07/2026,,,,,3,,,19,0,,0,,,19,,,665,,,,7/16/2026 10:46:29 PM,,,,,,7/17/2026 5:19:00 AM,,
,RD248,,,,,,,,16/07/2026,,,,,3,,,17,0,,0,,,17,,,595,,,,7/16/2026 11:16:48 PM,,,,,,7/17/2026 5:13:07 AM,,
,RD249,,,,,,,,16/07/2026,,,,,3,,,3,3,,250.1,,,0,,,0,,,,7/17/2026 3:32:31 AM,,,,,,7/17/2026 4:49:31 AM,,
,RD251,,,,,,,,16/07/2026,,,,,3,,,13,6,,374.5,,,7,,,245,,,,7/16/2026 10:50:24 PM,,,,,,7/17/2026 5:20:31 AM,,
,RD253,,,,,,,,16/07/2026,,,,,3,,,10,10,,740.7,,,0,,,0,,,,7/16/2026 11:23:28 PM,,,,,,7/17/2026 5:08:54 AM,,
,RD126,,,,,,,,17/07/2026,,,,,1,,,8,8,,660.25,,,0,,,0,,,,7/17/2026 7:09:17 AM,,,,,,7/17/2026 12:47:58 PM,,
,RD132,,,,,,,,17/07/2026,,,,,1,,,4,4,,268.76,,,0,,,0,,,,7/17/2026 8:07:37 AM,,,,,,7/17/2026 11:24:21 AM,,
,RD141,,,,,,,,17/07/2026,,,,,1,,,2,2,,152.68,,,0,,,0,,,,7/17/2026 6:55:07 AM,,,,,,7/17/2026 12:43:51 PM,,
,RD226,,,,,,,,17/07/2026,,,,,1,,,10,10,,737,,,0,,,0,,,,7/17/2026 7:03:11 AM,,,,,,7/17/2026 1:08:35 PM,,
,RD228,,,,,,,,17/07/2026,,,,,1,,,7,7,,524.8,,,0,,,0,,,,7/17/2026 7:18:29 AM,,,,,,7/17/2026 12:34:57 PM,,
,RD229,,,,,,,,17/07/2026,,,,,1,,,9,9,,661.1,,,0,,,0,,,,7/17/2026 7:29:49 AM,,,,,,7/17/2026 12:52:53 PM,,
,RD230,,,,,,,,17/07/2026,,,,,1,,,8,8,,583.3,,,0,,,0,,,,7/17/2026 7:12:52 AM,,,,,,7/17/2026 1:02:31 PM,,
,RD231,,,,,,,,17/07/2026,,,,,1,,,9,9,,619.5,,,0,,,0,,,,7/17/2026 7:15:49 AM,,,,,,7/17/2026 12:58:19 PM,,
,RD232,,,,,,,,17/07/2026,,,,,1,,,12,1,,74.1,,,11,,,385,,,,7/17/2026 6:59:45 AM,,,,,,7/17/2026 12:53:32 PM,,
,RD233,,,,,,,,17/07/2026,,,,,1,,,31,0,,0,,,31,,,1085,,,,7/17/2026 6:51:31 AM,,,,,,7/17/2026 1:14:32 PM,,
,RD234,,,,,,,,17/07/2026,,,,,1,,,14,0,,0,,,14,,,490,,,,7/17/2026 6:54:26 AM,,,,,,7/17/2026 1:05:43 PM,,
,RD235,,,,,,,,17/07/2026,,,,,1,,,13,0,,0,,,13,,,455,,,,7/17/2026 7:14:21 AM,,,,,,7/17/2026 1:12:42 PM,,
,RD236,,,,,,,,17/07/2026,,,,,1,,,27,0,,0,,,27,,,945,,,,7/17/2026 6:56:52 AM,,,,,,7/17/2026 1:19:31 PM,,
,RD237,,,,,,,,17/07/2026,,,,,1,,,13,0,,0,,,13,,,455,,,,7/17/2026 7:55:57 AM,,,,,,7/17/2026 1:08:52 PM,,
,RD238,,,,,,,,17/07/2026,,,,,1,,,9,9,,625.3,,,0,,,0,,,,7/17/2026 7:07:06 AM,,,,,,7/17/2026 1:06:02 PM,,
,RD239,,,,,,,,17/07/2026,,,,,1,,,29,0,,0,,,29,,,1015,,,,7/17/2026 6:54:08 AM,,,,,,7/17/2026 1:17:30 PM,,
,RD240,,,,,,,,17/07/2026,,,,,1,,,20,5,,448,,,15,,,525,,,,7/17/2026 7:09:26 AM,,,,,,7/17/2026 1:05:20 PM,,
,RD241,,,,,,,,17/07/2026,,,,,1,,,20,0,,0,,,20,,,700,,,,7/17/2026 7:50:22 AM,,,,,,7/17/2026 1:18:38 PM,,
,RD242,,,,,,,,17/07/2026,,,,,1,,,12,0,,0,,,12,,,420,,,,7/17/2026 7:08:14 AM,,,,,,7/17/2026 1:02:21 PM,,
,RD243,,,,,,,,17/07/2026,,,,,1,,,15,0,,0,,,15,,,525,,,,7/17/2026 7:56:34 AM,,,,,,7/17/2026 1:07:41 PM,,
,RD244,,,,,,,,17/07/2026,,,,,1,,,23,1,,79.5,,,22,,,770,,,,7/17/2026 7:15:49 AM,,,,,,7/17/2026 1:29:41 PM,,
,RD245,,,,,,,,17/07/2026,,,,,1,,,17,0,,0,,,17,,,595,,,,7/17/2026 6:51:26 AM,,,,,,7/17/2026 1:01:17 PM,,
,RD246,,,,,,,,17/07/2026,,,,,1,,,14,0,,0,,,14,,,490,,,,7/17/2026 7:11:38 AM,,,,,,7/17/2026 1:08:33 PM,,
,RD247,,,,,,,,17/07/2026,,,,,1,,,12,0,,0,,,12,,,420,,,,7/17/2026 7:25:34 AM,,,,,,7/17/2026 1:15:12 PM,,
,RD248,,,,,,,,17/07/2026,,,,,1,,,10,0,,0,,,10,,,350,,,,7/17/2026 7:13:43 AM,,,,,,7/17/2026 12:55:54 PM,,
,RD249,,,,,,,,17/07/2026,,,,,1,,,9,0,,0,,,9,,,315,,,,7/17/2026 7:01:54 AM,,,,,,7/17/2026 11:48:50 AM,,
,RD251,,,,,,,,17/07/2026,,,,,1,,,22,0,,0,,,22,,,770,,,,7/17/2026 6:58:32 AM,,,,,,7/17/2026 1:11:58 PM,,
,RD253,,,,,,,,17/07/2026,,,,,1,,,25,1,,73.9,,,24,,,840,,,,7/17/2026 7:00:27 AM,,,,,,7/17/2026 1:21:20 PM,,
,RD121,,,,,,,,17/07/2026,,,,,2,,,8,0,,0,,,8,,,280,,,,7/17/2026 4:16:01 PM,,,,,,7/17/2026 8:45:33 PM,,
,RD126,,,,,,,,17/07/2026,,,,,2,,,4,4,,306.72,,,0,,,0,,,,7/17/2026 4:13:26 PM,,,,,,7/17/2026 6:30:54 PM,,
,RD141,,,,,,,,17/07/2026,,,,,2,,,5,5,,310.16,,,0,,,0,,,,7/17/2026 4:17:18 PM,,,,,,7/17/2026 7:19:06 PM,,
,RD143,,,,,,,,17/07/2026,,,,,2,,,3,3,,143.85,,,0,,,0,,,,7/17/2026 4:09:10 PM,,,,,,7/17/2026 9:03:02 PM,,
,RD226,,,,,,,,17/07/2026,,,,,2,,,8,8,,519.85,,,0,,,0,,,,7/17/2026 3:54:11 PM,,,,,,7/17/2026 9:09:31 PM,,
,RD228,,,,,,,,17/07/2026,,,,,2,,,8,8,,532.1,,,0,,,0,,,,7/17/2026 3:57:44 PM,,,,,,7/17/2026 9:11:52 PM,,
,RD229,,,,,,,,17/07/2026,,,,,2,,,10,10,,649,,,0,,,0,,,,7/17/2026 3:50:33 PM,,,,,,7/17/2026 9:06:57 PM,,
,RD230,,,,,,,,17/07/2026,,,,,2,,,7,3,,215.2,,,4,,,140,,,,7/17/2026 5:00:01 PM,,,,,,7/17/2026 9:14:46 PM,,
,RD231,,,,,,,,17/07/2026,,,,,2,,,10,2,,123.7,,,8,,,280,,,,7/17/2026 4:34:03 PM,,,,,,7/17/2026 9:28:16 PM,,
,RD232,,,,,,,,17/07/2026,,,,,2,,,12,0,,0,,,12,,,420,,,,7/17/2026 3:49:33 PM,,,,,,7/17/2026 9:17:11 PM,,
,RD233,,,,,,,,17/07/2026,,,,,2,,,4,4,,271,,,0,,,0,,,,7/17/2026 6:46:02 PM,,,,,,7/17/2026 9:04:20 PM,,
,RD234,,,,,,,,17/07/2026,,,,,2,,,6,2,,118.4,,,4,,,140,,,,7/17/2026 4:30:26 PM,,,,,,7/17/2026 9:15:07 PM,,
,RD235,,,,,,,,17/07/2026,,,,,2,,,9,2,,136,,,7,,,245,,,,7/17/2026 4:53:03 PM,,,,,,7/17/2026 9:23:14 PM,,
,RD236,,,,,,,,17/07/2026,,,,,2,,,9,3,,203.7,,,6,,,210,,,,7/17/2026 4:39:29 PM,,,,,,7/17/2026 9:14:58 PM,,
,RD237,,,,,,,,17/07/2026,,,,,2,,,6,2,,132.4,,,4,,,140,,,,7/17/2026 5:07:10 PM,,,,,,7/17/2026 8:28:33 PM,,
,RD238,,,,,,,,17/07/2026,,,,,2,,,10,10,,664.8,,,0,,,0,,,,7/17/2026 3:46:34 PM,,,,,,7/17/2026 9:14:30 PM,,
,RD239,,,,,,,,17/07/2026,,,,,2,,,17,0,,0,,,17,,,595,,,,7/17/2026 4:01:51 PM,,,,,,7/17/2026 9:18:55 PM,,
,RD240,,,,,,,,17/07/2026,,,,,2,,,10,0,,0,,,10,,,350,,,,7/17/2026 3:38:39 PM,,,,,,7/17/2026 9:11:58 PM,,
,RD241,,,,,,,,17/07/2026,,,,,2,,,20,1,,47.95,,,19,,,665,,,,7/17/2026 3:51:04 PM,,,,,,7/17/2026 9:22:18 PM,,
,RD242,,,,,,,,17/07/2026,,,,,2,,,16,12,,1145.8,,,4,,,140,,,,7/17/2026 3:46:23 PM,,,,,,7/17/2026 9:22:56 PM,,
,RD243,,,,,,,,17/07/2026,,,,,2,,,17,16,,1523.8,,,1,,,35,,,,7/17/2026 4:11:13 PM,,,,,,7/17/2026 9:25:59 PM,,
,RD244,,,,,,,,17/07/2026,,,,,2,,,10,0,,0,,,10,,,350,,,,7/17/2026 3:32:11 PM,,,,,,7/17/2026 9:24:56 PM,,
,RD245,,,,,,,,17/07/2026,,,,,2,,,8,8,,525.3,,,0,,,0,,,,7/17/2026 3:43:50 PM,,,,,,7/17/2026 8:55:25 PM,,
,RD246,,,,,,,,17/07/2026,,,,,2,,,16,0,,0,,,16,,,560,,,,7/17/2026 3:58:19 PM,,,,,,7/17/2026 9:12:41 PM,,
,RD247,,,,,,,,17/07/2026,,,,,2,,,10,1,,73.3,,,9,,,315,,,,7/17/2026 5:58:14 PM,,,,,,7/17/2026 9:24:51 PM,,
,RD248,,,,,,,,17/07/2026,,,,,2,,,14,3,,219.3,,,11,,,385,,,,7/17/2026 4:26:38 PM,,,,,,7/17/2026 9:18:45 PM,,
,RD249,,,,,,,,17/07/2026,,,,,2,,,18,0,,0,,,18,,,630,,,,7/17/2026 3:53:58 PM,,,,,,7/17/2026 9:15:49 PM,,
,RD251,,,,,,,,17/07/2026,,,,,2,,,17,15,,1374.75,,,2,,,70,,,,7/17/2026 3:44:04 PM,,,,,,7/17/2026 9:34:07 PM,,
,RD253,,,,,,,,17/07/2026,,,,,2,,,17,14,,1392.9,,,3,,,105,,,,7/17/2026 3:49:04 PM,,,,,,7/17/2026 9:17:31 PM,,
,RD121,,,,,,,,17/07/2026,,,,,3,,,9,9,,535.32,,,0,,,0,,,,7/17/2026 10:59:27 PM,,,,,,7/18/2026 5:02:45 AM,,
,RD228,,,,,,,,17/07/2026,,,,,3,,,10,10,,709.8,,,0,,,0,,,,7/17/2026 10:56:03 PM,,,,,,7/18/2026 4:45:03 AM,,
,RD229,,,,,,,,17/07/2026,,,,,3,,,8,0,,0,,,8,,,280,,,,7/18/2026 12:23:00 AM,,,,,,7/18/2026 1:53:25 AM,,
,RD230,,,,,,,,17/07/2026,,,,,3,,,17,0,,0,,,17,,,595,,,,7/17/2026 10:48:40 PM,,,,,,7/18/2026 5:19:51 AM,,
,RD231,,,,,,,,17/07/2026,,,,,3,,,22,0,,0,,,22,,,770,,,,7/17/2026 11:10:21 PM,,,,,,7/18/2026 5:19:08 AM,,
,RD232,,,,,,,,17/07/2026,,,,,3,,,18,0,,0,,,18,,,630,,,,7/17/2026 10:51:40 PM,,,,,,7/18/2026 5:16:34 AM,,
,RD233,,,,,,,,17/07/2026,,,,,3,,,9,9,,620.4,,,0,,,0,,,,7/17/2026 10:53:12 PM,,,,,,7/18/2026 4:59:53 AM,,
,RD234,,,,,,,,17/07/2026,,,,,3,,,12,11,,756.6,,,1,,,35,,,,7/17/2026 10:50:13 PM,,,,,,7/18/2026 5:13:21 AM,,
,RD235,,,,,,,,17/07/2026,,,,,3,,,20,0,,0,,,20,,,700,,,,7/17/2026 10:43:33 PM,,,,,,7/18/2026 5:28:34 AM,,
,RD236,,,,,,,,17/07/2026,,,,,3,,,12,12,,784.7,,,0,,,0,,,,7/17/2026 10:47:23 PM,,,,,,7/18/2026 5:06:42 AM,,
,RD237,,,,,,,,17/07/2026,,,,,3,,,19,0,,0,,,19,,,665,,,,7/17/2026 10:38:11 PM,,,,,,7/18/2026 5:11:52 AM,,
,RD238,,,,,,,,17/07/2026,,,,,3,,,19,0,,0,,,19,,,665,,,,7/17/2026 10:47:36 PM,,,,,,7/18/2026 5:19:28 AM,,
,RD239,,,,,,,,17/07/2026,,,,,3,,,29,0,,0,,,29,,,1015,,,,7/17/2026 10:49:39 PM,,,,,,7/18/2026 5:21:56 AM,,
,RD240,,,,,,,,17/07/2026,,,,,3,,,14,0,,0,,,14,,,490,,,,7/17/2026 11:56:10 PM,,,,,,7/18/2026 5:13:26 AM,,
,RD241,,,,,,,,17/07/2026,,,,,3,,,16,0,,0,,,16,,,560,,,,7/18/2026 2:39:48 AM,,,,,,7/18/2026 5:25:13 AM,,
,RD242,,,,,,,,17/07/2026,,,,,3,,,20,0,,0,,,20,,,700,,,,7/17/2026 11:01:23 PM,,,,,,7/18/2026 5:15:40 AM,,
,RD243,,,,,,,,17/07/2026,,,,,3,,,10,10,,733.25,,,0,,,0,,,,7/17/2026 11:05:18 PM,,,,,,7/18/2026 5:24:38 AM,,
,RD244,,,,,,,,17/07/2026,,,,,3,,,32,0,,0,,,32,,,1120,,,,7/17/2026 10:47:10 PM,,,,,,7/18/2026 5:19:28 AM,,
,RD245,,,,,,,,17/07/2026,,,,,3,,,15,0,,0,,,15,,,525,,,,7/17/2026 10:57:12 PM,,,,,,7/18/2026 4:49:51 AM,,
,RD246,,,,,,,,17/07/2026,,,,,3,,,14,0,,0,,,14,,,490,,,,7/17/2026 10:38:20 PM,,,,,,7/18/2026 1:30:35 AM,,
,RD247,,,,,,,,17/07/2026,,,,,3,,,30,0,,0,,,30,,,1050,,,,7/17/2026 10:42:35 PM,,,,,,7/18/2026 5:14:30 AM,,
,RD248,,,,,,,,17/07/2026,,,,,3,,,20,0,,0,,,20,,,700,,,,7/17/2026 10:40:47 PM,,,,,,7/18/2026 5:27:42 AM,,
,RD249,,,,,,,,17/07/2026,,,,,3,,,12,12,,833.3,,,0,,,0,,,,7/17/2026 10:44:50 PM,,,,,,7/18/2026 5:10:21 AM,,
,RD253,,,,,,,,17/07/2026,,,,,3,,,25,0,,0,,,25,,,875,,,,7/17/2026 10:54:19 PM,,,,,,7/18/2026 5:24:59 AM,,
,RD121,,,,,,,,18/07/2026,,,,,1,,,3,2,,95.9,,,1,,,35,,,,7/18/2026 11:42:27 AM,,,,,,7/18/2026 12:55:17 PM,,
,RD126,,,,,,,,18/07/2026,,,,,1,,,8,4,,255.65,,,4,,,140,,,,7/18/2026 7:04:46 AM,,,,,,7/18/2026 1:01:01 PM,,
,RD141,,,,,,,,18/07/2026,,,,,1,,,24,14,,858.65,,,10,,,350,,,,7/18/2026 6:53:51 AM,,,,,,7/18/2026 1:31:07 PM,,
,RD143,,,,,,,,18/07/2026,,,,,1,,,4,4,,191.8,,,0,,,0,,,,7/18/2026 7:09:14 AM,,,,,,7/18/2026 10:00:21 AM,,
,RD226,,,,,,,,18/07/2026,,,,,1,,,5,5,,356.1,,,0,,,0,,,,7/18/2026 6:57:32 AM,,,,,,7/18/2026 11:09:39 AM,,
,RD227,,,,,,,,18/07/2026,,,,,1,,,9,7,,457.3,,,2,,,70,,,,7/18/2026 7:13:03 AM,,,,,,7/18/2026 1:09:05 PM,,
,RD228,,,,,,,,18/07/2026,,,,,1,,,8,6,,404.85,,,2,,,70,,,,7/18/2026 6:52:48 AM,,,,,,7/18/2026 11:38:52 AM,,
,RD229,,,,,,,,18/07/2026,,,,,1,,,30,0,,0,,,30,,,1050,,,,7/18/2026 6:37:02 AM,,,,,,7/18/2026 1:27:59 PM,,
,RD230,,,,,,,,18/07/2026,,,,,1,,,26,0,,0,,,26,,,910,,,,7/18/2026 7:09:18 AM,,,,,,7/18/2026 1:22:47 PM,,
,RD231,,,,,,,,18/07/2026,,,,,1,,,17,0,,0,,,17,,,595,,,,7/18/2026 6:57:25 AM,,,,,,7/18/2026 1:06:05 PM,,
,RD232,,,,,,,,18/07/2026,,,,,1,,,24,0,,0,,,24,,,840,,,,7/18/2026 7:08:40 AM,,,,,,7/18/2026 1:23:16 PM,,
,RD233,,,,,,,,18/07/2026,,,,,1,,,12,2,,171.4,,,10,,,350,,,,7/18/2026 7:03:24 AM,,,,,,7/18/2026 1:17:40 PM,,
,RD234,,,,,,,,18/07/2026,,,,,1,,,11,0,,0,,,11,,,385,,,,7/18/2026 7:06:00 AM,,,,,,7/18/2026 11:35:25 AM,,
,RD235,,,,,,,,18/07/2026,,,,,1,,,17,0,,0,,,17,,,595,,,,7/18/2026 6:54:48 AM,,,,,,7/18/2026 1:27:18 PM,,
,RD236,,,,,,,,18/07/2026,,,,,1,,,16,0,,0,,,16,,,560,,,,7/18/2026 6:55:12 AM,,,,,,7/18/2026 1:23:14 PM,,
,RD237,,,,,,,,18/07/2026,,,,,1,,,20,0,,0,,,20,,,700,,,,7/18/2026 6:48:56 AM,,,,,,7/18/2026 1:20:17 PM,,
,RD238,,,,,,,,18/07/2026,,,,,1,,,10,9,,702.7,,,1,,,35,,,,7/18/2026 6:49:03 AM,,,,,,7/18/2026 1:13:26 PM,,
,RD239,,,,,,,,18/07/2026,,,,,1,,,23,10,,755.55,,,13,,,455,,,,7/18/2026 6:44:24 AM,,,,,,7/18/2026 1:15:39 PM,,
,RD240,,,,,,,,18/07/2026,,,,,1,,,17,2,,171.8,,,15,,,525,,,,7/18/2026 6:49:19 AM,,,,,,7/18/2026 1:05:41 PM,,
,RD241,,,,,,,,18/07/2026,,,,,1,,,26,0,,0,,,26,,,910,,,,7/18/2026 7:11:46 AM,,,,,,7/18/2026 1:17:34 PM,,
,RD242,,,,,,,,18/07/2026,,,,,1,,,8,1,,64.1,,,7,,,245,,,,7/18/2026 7:22:35 AM,,,,,,7/18/2026 1:09:40 PM,,
,RD243,,,,,,,,18/07/2026,,,,,1,,,22,0,,0,,,22,,,770,,,,7/18/2026 6:51:36 AM,,,,,,7/18/2026 1:17:19 PM,,
,RD244,,,,,,,,18/07/2026,,,,,1,,,9,6,,442.6,,,3,,,105,,,,7/18/2026 7:03:27 AM,,,,,,7/18/2026 1:10:34 PM,,
,RD245,,,,,,,,18/07/2026,,,,,1,,,28,0,,0,,,28,,,980,,,,7/18/2026 6:44:08 AM,,,,,,7/18/2026 1:13:34 PM,,
,RD246,,,,,,,,18/07/2026,,,,,1,,,22,0,,0,,,22,,,770,,,,7/18/2026 7:01:09 AM,,,,,,7/18/2026 1:11:31 PM,,
,RD248,,,,,,,,18/07/2026,,,,,1,,,27,0,,0,,,27,,,945,,,,7/18/2026 6:55:54 AM,,,,,,7/18/2026 1:09:06 PM,,
,RD249,,,,,,,,18/07/2026,,,,,1,,,26,0,,0,,,26,,,910,,,,7/18/2026 7:00:04 AM,,,,,,7/18/2026 1:16:51 PM,,
,RD251,,,,,,,,18/07/2026,,,,,1,,,6,0,,0,,,6,,,210,,,,7/18/2026 11:48:07 AM,,,,,,7/18/2026 1:13:21 PM,,
,RD252,,,,,,,,18/07/2026,,,,,1,,,15,0,,0,,,15,,,525,,,,7/18/2026 7:14:56 AM,,,,,,7/18/2026 1:14:45 PM,,
,RD253,,,,,,,,18/07/2026,,,,,1,,,8,6,,417.6,,,2,,,70,,,,7/18/2026 7:06:28 AM,,,,,,7/18/2026 1:04:48 PM,,
,RD121,,,,,,,,18/07/2026,,,,,2,,,6,6,,287.7,,,0,,,0,,,,7/18/2026 4:00:38 PM,,,,,,7/18/2026 9:16:17 PM,,
,RD126,,,,,,,,18/07/2026,,,,,2,,,4,4,,320.05,,,0,,,0,,,,7/18/2026 3:30:13 PM,,,,,,7/18/2026 8:49:54 PM,,
,RD132,,,,,,,,18/07/2026,,,,,2,,,3,3,,257.46,,,0,,,0,,,,7/18/2026 6:48:43 PM,,,,,,7/18/2026 8:40:22 PM,,
,RD141,,,,,,,,18/07/2026,,,,,2,,,7,7,,418.94,,,0,,,0,,,,7/18/2026 4:12:47 PM,,,,,,7/18/2026 8:53:00 PM,,
,RD227,,,,,,,,18/07/2026,,,,,2,,,9,9,,554.85,,,0,,,0,,,,7/18/2026 3:35:22 PM,,,,,,7/18/2026 9:12:54 PM,,
,RD228,,,,,,,,18/07/2026,,,,,2,,,4,3,,235.6,,,1,,,35,,,,7/18/2026 2:53:47 PM,,,,,,7/18/2026 8:54:26 PM,,
,RD229,,,,,,,,18/07/2026,,,,,2,,,11,11,,685.95,,,0,,,0,,,,7/18/2026 2:40:31 PM,,,,,,7/18/2026 9:22:30 PM,,
,RD230,,,,,,,,18/07/2026,,,,,2,,,5,3,,218.5,,,2,,,70,,,,7/18/2026 4:06:45 PM,,,,,,7/18/2026 8:59:07 PM,,
,RD231,,,,,,,,18/07/2026,,,,,2,,,11,3,,230.1,,,8,,,280,,,,7/18/2026 3:04:15 PM,,,,,,7/18/2026 9:03:40 PM,,
,RD232,,,,,,,,18/07/2026,,,,,2,,,22,2,,128.9,,,20,,,700,,,,7/18/2026 3:21:47 PM,,,,,,7/18/2026 9:53:50 PM,,
,RD233,,,,,,,,18/07/2026,,,,,2,,,11,3,,233.3,,,8,,,280,,,,7/18/2026 3:09:20 PM,,,,,,7/18/2026 9:08:00 PM,,
,RD234,,,,,,,,18/07/2026,,,,,2,,,12,0,,0,,,12,,,420,,,,7/18/2026 3:38:49 PM,,,,,,7/18/2026 9:06:47 PM,,
,RD235,,,,,,,,18/07/2026,,,,,2,,,21,0,,0,,,21,,,735,,,,7/18/2026 3:11:49 PM,,,,,,7/18/2026 9:20:55 PM,,
,RD236,,,,,,,,18/07/2026,,,,,2,,,11,0,,0,,,11,,,385,,,,7/18/2026 3:42:13 PM,,,,,,7/18/2026 9:15:21 PM,,
,RD237,,,,,,,,18/07/2026,,,,,2,,,17,0,,0,,,17,,,595,,,,7/18/2026 4:55:49 PM,,,,,,7/18/2026 9:17:34 PM,,
,RD238,,,,,,,,18/07/2026,,,,,2,,,22,2,,140.5,,,20,,,700,,,,7/18/2026 2:58:19 PM,,,,,,7/18/2026 9:48:10 PM,,
,RD239,,,,,,,,18/07/2026,,,,,2,,,15,0,,0,,,15,,,525,,,,7/18/2026 3:25:05 PM,,,,,,7/18/2026 9:29:20 PM,,
,RD240,,,,,,,,18/07/2026,,,,,2,,,5,2,,146.3,,,3,,,105,,,,7/18/2026 4:01:42 PM,,,,,,7/18/2026 8:45:22 PM,,
,RD241,,,,,,,,18/07/2026,,,,,2,,,13,0,,0,,,13,,,455,,,,7/18/2026 3:53:14 PM,,,,,,7/18/2026 9:12:47 PM,,
,RD243,,,,,,,,18/07/2026,,,,,2,,,8,8,,472.25,,,0,,,0,,,,7/18/2026 3:46:22 PM,,,,,,7/18/2026 9:33:58 PM,,
,RD244,,,,,,,,18/07/2026,,,,,2,,,6,6,,404.25,,,0,,,0,,,,7/18/2026 2:45:44 PM,,,,,,7/18/2026 9:17:30 PM,,
,RD245,,,,,,,,18/07/2026,,,,,2,,,15,0,,0,,,15,,,525,,,,7/18/2026 3:47:31 PM,,,,,,7/18/2026 9:02:52 PM,,
,RD246,,,,,,,,18/07/2026,,,,,2,,,16,0,,0,,,16,,,560,,,,7/18/2026 5:02:38 PM,,,,,,7/18/2026 9:08:53 PM,,
,RD248,,,,,,,,18/07/2026,,,,,2,,,13,2,,149.4,,,11,,,385,,,,7/18/2026 3:16:53 PM,,,,,,7/18/2026 8:24:29 PM,,
,RD249,,,,,,,,18/07/2026,,,,,2,,,19,0,,0,,,19,,,665,,,,7/18/2026 3:17:43 PM,,,,,,7/18/2026 9:16:23 PM,,
,RD251,,,,,,,,18/07/2026,,,,,2,,,8,8,,517.75,,,0,,,0,,,,7/18/2026 3:24:51 PM,,,,,,7/18/2026 9:08:53 PM,,
,RD252,,,,,,,,18/07/2026,,,,,2,,,9,9,,565.1,,,0,,,0,,,,7/18/2026 2:49:14 PM,,,,,,7/18/2026 8:45:10 PM,,
,RD253,,,,,,,,18/07/2026,,,,,2,,,17,0,,0,,,17,,,595,,,,7/18/2026 4:57:34 PM,,,,,,7/18/2026 9:13:45 PM,,
,RD121,,,,,,,,18/07/2026,,,,,3,,,6,6,,287.7,,,0,,,0,,,,7/18/2026 10:57:55 PM,,,,,,7/19/2026 4:23:55 AM,,
,RD126,,,,,,,,18/07/2026,,,,,3,,,3,3,,219.53,,,0,,,0,,,,7/19/2026 1:16:18 AM,,,,,,7/19/2026 2:16:42 AM,,
,RD132,,,,,,,,18/07/2026,,,,,3,,,1,1,,71.67,,,0,,,0,,,,7/19/2026 4:49:20 AM,,,,,,7/19/2026 4:49:20 AM,,
,RD141,,,,,,,,18/07/2026,,,,,3,,,4,4,,353.81,,,0,,,0,,,,7/19/2026 12:21:44 AM,,,,,,7/19/2026 4:30:18 AM,,
,RD226,,,,,,,,18/07/2026,,,,,3,,,2,2,,128.5,,,0,,,0,,,,7/19/2026 4:28:54 AM,,,,,,7/19/2026 5:05:40 AM,,
,RD227,,,,,,,,18/07/2026,,,,,3,,,9,9,,599.6,,,0,,,0,,,,7/18/2026 10:35:17 PM,,,,,,7/19/2026 2:47:33 AM,,
,RD228,,,,,,,,18/07/2026,,,,,3,,,15,3,,230.85,,,12,,,420,,,,7/18/2026 10:56:29 PM,,,,,,7/19/2026 5:22:38 AM,,
,RD229,,,,,,,,18/07/2026,,,,,3,,,26,0,,0,,,26,,,910,,,,7/18/2026 11:03:46 PM,,,,,,7/19/2026 5:26:24 AM,,
,RD230,,,,,,,,18/07/2026,,,,,3,,,11,11,,663.9,,,0,,,0,,,,7/18/2026 10:45:37 PM,,,,,,7/19/2026 4:51:27 AM,,
,RD231,,,,,,,,18/07/2026,,,,,3,,,10,0,,0,,,10,,,350,,,,7/18/2026 11:05:14 PM,,,,,,7/19/2026 1:54:31 AM,,
,RD232,,,,,,,,18/07/2026,,,,,3,,,11,11,,915.2,,,0,,,0,,,,7/18/2026 10:19:05 PM,,,,,,7/19/2026 4:51:19 AM,,
,RD233,,,,,,,,18/07/2026,,,,,3,,,9,9,,548.4,,,0,,,0,,,,7/18/2026 11:02:41 PM,,,,,,7/19/2026 4:57:08 AM,,
,RD234,,,,,,,,18/07/2026,,,,,3,,,12,0,,0,,,12,,,420,,,,7/18/2026 10:57:40 PM,,,,,,7/19/2026 5:11:35 AM,,
,RD235,,,,,,,,18/07/2026,,,,,3,,,10,10,,648.2,,,0,,,0,,,,7/18/2026 10:51:17 PM,,,,,,7/19/2026 5:15:41 AM,,
,RD236,,,,,,,,18/07/2026,,,,,3,,,12,12,,721.7,,,0,,,0,,,,7/18/2026 10:40:54 PM,,,,,,7/19/2026 4:42:13 AM,,
,RD237,,,,,,,,18/07/2026,,,,,3,,,15,2,,176.9,,,13,,,455,,,,7/18/2026 10:44:41 PM,,,,,,7/19/2026 5:26:20 AM,,
,RD238,,,,,,,,18/07/2026,,,,,3,,,15,4,,309.6,,,11,,,385,,,,7/18/2026 10:02:53 PM,,,,,,7/19/2026 5:22:24 AM,,
,RD239,,,,,,,,18/07/2026,,,,,3,,,16,2,,195.3,,,14,,,490,,,,7/18/2026 11:28:26 PM,,,,,,7/19/2026 5:17:06 AM,,
,RD240,,,,,,,,18/07/2026,,,,,3,,,12,12,,878.7,,,0,,,0,,,,7/18/2026 11:34:52 PM,,,,,,7/19/2026 5:53:14 AM,,
,RD241,,,,,,,,18/07/2026,,,,,3,,,19,0,,0,,,19,,,665,,,,7/18/2026 10:54:57 PM,,,,,,7/19/2026 5:06:56 AM,,
,RD242,,,,,,,,18/07/2026,,,,,3,,,8,4,,356.1,,,4,,,140,,,,7/19/2026 1:35:21 AM,,,,,,7/19/2026 5:19:40 AM,,
,RD243,,,,,,,,18/07/2026,,,,,3,,,19,0,,0,,,19,,,665,,,,7/18/2026 10:48:19 PM,,,,,,7/19/2026 5:15:09 AM,,
,RD244,,,,,,,,18/07/2026,,,,,3,,,15,0,,0,,,15,,,525,,,,7/19/2026 12:33:04 AM,,,,,,7/19/2026 5:24:50 AM,,
,RD245,,,,,,,,18/07/2026,,,,,3,,,15,5,,382.4,,,10,,,350,,,,7/18/2026 11:43:52 PM,,,,,,7/19/2026 5:56:43 AM,,
,RD246,,,,,,,,18/07/2026,,,,,3,,,10,0,,0,,,10,,,350,,,,7/18/2026 10:48:24 PM,,,,,,7/19/2026 1:50:33 AM,,
,RD248,,,,,,,,18/07/2026,,,,,3,,,30,0,,0,,,30,,,1050,,,,7/18/2026 10:46:36 PM,,,,,,7/19/2026 5:20:13 AM,,
,RD249,,,,,,,,18/07/2026,,,,,3,,,12,7,,590,,,5,,,175,,,,7/18/2026 10:53:26 PM,,,,,,7/19/2026 5:02:14 AM,,
,RD251,,,,,,,,18/07/2026,,,,,3,,,12,12,,766.3,,,0,,,0,,,,7/18/2026 10:39:51 PM,,,,,,7/19/2026 5:11:29 AM,,
,RD252,,,,,,,,18/07/2026,,,,,3,,,29,0,,0,,,29,,,1015,,,,7/18/2026 10:43:12 PM,,,,,,7/19/2026 5:22:48 AM,,
,RD253,,,,,,,,18/07/2026,,,,,3,,,11,0,,0,,,11,,,385,,,,7/18/2026 11:00:26 PM,,,,,,7/19/2026 4:45:13 AM,,
,RD121,,,,,,,,19/07/2026,,,,,1,,,9,9,,431.55,,,0,,,0,,,,7/19/2026 6:50:22 AM,,,,,,7/19/2026 12:26:39 PM,,
,RD122,,,,,,,,19/07/2026,,,,,1,,,9,3,,143.85,,,6,,,210,,,,7/19/2026 7:30:36 AM,,,,,,7/19/2026 12:54:05 PM,,
,RD126,,,,,,,,19/07/2026,,,,,1,,,6,6,,452.87,,,0,,,0,,,,7/19/2026 7:05:27 AM,,,,,,7/19/2026 11:03:50 AM,,
,RD141,,,,,,,,19/07/2026,,,,,1,,,11,11,,636.82,,,0,,,0,,,,7/19/2026 7:11:29 AM,,,,,,7/19/2026 1:01:36 PM,,
,RD226,,,,,,,,19/07/2026,,,,,1,,,2,2,,144.9,,,0,,,0,,,,7/19/2026 12:42:36 PM,,,,,,7/19/2026 1:16:38 PM,,
,RD228,,,,,,,,19/07/2026,,,,,1,,,15,0,,0,,,15,,,525,,,,7/19/2026 6:50:33 AM,,,,,,7/19/2026 1:01:06 PM,,
,RD229,,,,,,,,19/07/2026,,,,,1,,,23,6,,371.9,,,17,,,595,,,,7/19/2026 7:31:24 AM,,,,,,7/19/2026 1:59:06 PM,,
,RD230,,,,,,,,19/07/2026,,,,,1,,,7,0,,0,,,7,,,245,,,,7/19/2026 7:12:10 AM,,,,,,7/19/2026 1:14:15 PM,,
,RD232,,,,,,,,19/07/2026,,,,,1,,,11,0,,0,,,11,,,385,,,,7/19/2026 6:59:25 AM,,,,,,7/19/2026 1:02:48 PM,,
,RD233,,,,,,,,19/07/2026,,,,,1,,,13,13,,871.1,,,0,,,0,,,,7/19/2026 6:32:37 AM,,,,,,7/19/2026 1:05:33 PM,,
,RD234,,,,,,,,19/07/2026,,,,,1,,,22,2,,95.9,,,20,,,700,,,,7/19/2026 6:38:28 AM,,,,,,7/19/2026 1:19:04 PM,,
,RD235,,,,,,,,19/07/2026,,,,,1,,,19,1,,97,,,18,,,630,,,,7/19/2026 6:55:39 AM,,,,,,7/19/2026 11:44:46 AM,,
,RD236,,,,,,,,19/07/2026,,,,,1,,,16,2,,121.2,,,14,,,490,,,,7/19/2026 6:36:08 AM,,,,,,7/19/2026 1:10:36 PM,,
,RD237,,,,,,,,19/07/2026,,,,,1,,,25,7,,398.65,,,18,,,630,,,,7/19/2026 6:32:50 AM,,,,,,7/19/2026 1:42:43 PM,,
,RD238,,,,,,,,19/07/2026,,,,,1,,,18,0,,0,,,18,,,630,,,,7/19/2026 7:19:56 AM,,,,,,7/19/2026 11:48:58 AM,,
,RD239,,,,,,,,19/07/2026,,,,,1,,,10,10,,660.7,,,0,,,0,,,,7/19/2026 7:00:05 AM,,,,,,7/19/2026 12:38:21 PM,,
,RD240,,,,,,,,19/07/2026,,,,,1,,,13,2,,131.1,,,11,,,385,,,,7/19/2026 6:01:51 AM,,,,,,7/19/2026 1:17:07 PM,,
,RD241,,,,,,,,19/07/2026,,,,,1,,,13,0,,0,,,13,,,455,,,,7/19/2026 6:44:54 AM,,,,,,7/19/2026 1:11:28 PM,,
,RD242,,,,,,,,19/07/2026,,,,,1,,,19,1,,96.7,,,18,,,630,,,,7/19/2026 6:42:02 AM,,,,,,7/19/2026 11:38:22 AM,,
,RD243,,,,,,,,19/07/2026,,,,,1,,,9,9,,570.7,,,0,,,0,,,,7/19/2026 7:43:32 AM,,,,,,7/19/2026 12:54:40 PM,,
,RD244,,,,,,,,19/07/2026,,,,,1,,,12,1,,87.7,,,11,,,385,,,,7/19/2026 7:21:33 AM,,,,,,7/19/2026 1:20:05 PM,,
,RD245,,,,,,,,19/07/2026,,,,,1,,,12,12,,764,,,0,,,0,,,,7/19/2026 6:05:34 AM,,,,,,7/19/2026 12:58:49 PM,,
,RD246,,,,,,,,19/07/2026,,,,,1,,,9,9,,548.4,,,0,,,0,,,,7/19/2026 7:46:34 AM,,,,,,7/19/2026 12:50:36 PM,,
,RD248,,,,,,,,19/07/2026,,,,,1,,,10,9,,628.9,,,0,,,0,,,,7/19/2026 6:34:56 AM,,,,,,7/19/2026 12:46:08 PM,,
,RD249,,,,,,,,19/07/2026,,,,,1,,,17,0,,0,,,17,,,595,,,,7/19/2026 7:15:07 AM,,,,,,7/19/2026 12:50:48 PM,,
,RD251,,,,,,,,19/07/2026,,,,,1,,,19,0,,0,,,19,,,665,,,,7/19/2026 7:06:14 AM,,,,,,7/19/2026 1:04:12 PM,,
,RD252,,,,,,,,19/07/2026,,,,,1,,,17,0,,0,,,17,,,595,,,,7/19/2026 7:27:37 AM,,,,,,7/19/2026 1:01:04 PM,,
,RD253,,,,,,,,19/07/2026,,,,,1,,,19,1,,92.2,,,18,,,630,,,,7/19/2026 6:40:37 AM,,,,,,7/19/2026 1:12:56 PM,,
,RD121,,,,,,,,19/07/2026,,,,,2,,,5,5,,282.04,,,0,,,0,,,,7/19/2026 6:25:39 PM,,,,,,7/19/2026 9:02:52 PM,,
,RD132,,,,,,,,19/07/2026,,,,,2,,,6,6,,350.36,,,0,,,0,,,,7/19/2026 5:58:17 PM,,,,,,7/19/2026 9:12:25 PM,,
,RD141,,,,,,,,19/07/2026,,,,,2,,,8,8,,497.58,,,0,,,0,,,,7/19/2026 5:53:22 PM,,,,,,7/19/2026 9:54:06 PM,,
,RD226,,,,,,,,19/07/2026,,,,,2,,,6,6,,377.6,,,0,,,0,,,,7/19/2026 6:20:16 PM,,,,,,7/19/2026 9:21:33 PM,,
,RD227,,,,,,,,19/07/2026,,,,,2,,,7,0,,0,,,7,,,245,,,,7/19/2026 8:30:01 PM,,,,,,7/19/2026 9:25:05 PM,,
,RD228,,,,,,,,19/07/2026,,,,,2,,,15,0,,0,,,15,,,525,,,,7/19/2026 5:50:39 PM,,,,,,7/19/2026 9:22:29 PM,,
,RD229,,,,,,,,19/07/2026,,,,,2,,,9,2,,129.6,,,7,,,245,,,,7/19/2026 2:09:46 PM,,,,,,7/19/2026 9:09:14 PM,,
,RD230,,,,,,,,19/07/2026,,,,,2,,,5,5,,351.1,,,0,,,0,,,,7/19/2026 5:59:52 PM,,,,,,7/19/2026 9:12:09 PM,,
,RD232,,,,,,,,19/07/2026,,,,,2,,,2,0,,0,,,2,,,70,,,,7/19/2026 6:18:22 PM,,,,,,7/19/2026 6:38:29 PM,,
,RD233,,,,,,,,19/07/2026,,,,,2,,,8,2,,121.4,,,6,,,210,,,,7/19/2026 6:10:46 PM,,,,,,7/19/2026 9:57:18 PM,,
,RD234,,,,,,,,19/07/2026,,,,,2,,,4,4,,244.8,,,0,,,0,,,,7/19/2026 7:02:03 PM,,,,,,7/19/2026 9:43:28 PM,,
,RD235,,,,,,,,19/07/2026,,,,,2,,,8,1,,62.4,,,7,,,245,,,,7/19/2026 5:56:54 PM,,,,,,7/19/2026 9:42:14 PM,,
,RD236,,,,,,,,19/07/2026,,,,,2,,,16,1,,63.3,,,15,,,525,,,,7/19/2026 5:55:32 PM,,,,,,7/19/2026 9:50:12 PM,,
,RD237,,,,,,,,19/07/2026,,,,,2,,,7,5,,309.3,,,2,,,70,,,,7/19/2026 2:04:56 PM,,,,,,7/19/2026 6:16:42 PM,,
,RD238,,,,,,,,19/07/2026,,,,,2,,,9,0,,0,,,9,,,315,,,,7/19/2026 6:04:15 PM,,,,,,7/19/2026 8:47:19 PM,,
,RD239,,,,,,,,19/07/2026,,,,,2,,,14,0,,0,,,14,,,490,,,,7/19/2026 6:00:36 PM,,,,,,7/19/2026 9:18:00 PM,,
,RD240,,,,,,,,19/07/2026,,,,,2,,,6,0,,0,,,6,,,210,,,,7/19/2026 6:16:11 PM,,,,,,7/19/2026 9:13:19 PM,,
,RD241,,,,,,,,19/07/2026,,,,,2,,,8,8,,560.2,,,0,,,0,,,,7/19/2026 2:57:38 PM,,,,,,7/19/2026 8:32:26 PM,,
,RD242,,,,,,,,19/07/2026,,,,,2,,,6,6,,356.2,,,0,,,0,,,,7/19/2026 6:11:46 PM,,,,,,7/19/2026 9:17:37 PM,,
,RD243,,,,,,,,19/07/2026,,,,,2,,,10,0,,0,,,10,,,350,,,,7/19/2026 6:10:55 PM,,,,,,7/19/2026 9:15:32 PM,,
,RD244,,,,,,,,19/07/2026,,,,,2,,,11,1,,61.2,,,10,,,350,,,,7/19/2026 6:16:05 PM,,,,,,7/19/2026 9:42:00 PM,,
,RD245,,,,,,,,19/07/2026,,,,,2,,,7,0,,0,,,7,,,245,,,,7/19/2026 7:04:57 PM,,,,,,7/19/2026 9:18:00 PM,,
,RD246,,,,,,,,19/07/2026,,,,,2,,,4,4,,244.4,,,0,,,0,,,,7/19/2026 6:31:05 PM,,,,,,7/19/2026 9:05:40 PM,,
,RD248,,,,,,,,19/07/2026,,,,,2,,,7,0,,0,,,7,,,245,,,,7/19/2026 6:05:11 PM,,,,,,7/19/2026 9:22:13 PM,,
,RD249,,,,,,,,19/07/2026,,,,,2,,,7,0,,0,,,7,,,245,,,,7/19/2026 8:31:53 PM,,,,,,7/19/2026 9:37:02 PM,,
,RD251,,,,,,,,19/07/2026,,,,,2,,,8,0,,0,,,8,,,280,,,,7/19/2026 8:34:00 PM,,,,,,7/19/2026 9:38:07 PM,,
,RD252,,,,,,,,19/07/2026,,,,,2,,,10,0,,0,,,10,,,350,,,,7/19/2026 6:13:37 PM,,,,,,7/19/2026 9:21:00 PM,,
,RD253,,,,,,,,19/07/2026,,,,,2,,,7,0,,0,,,7,,,245,,,,7/19/2026 7:02:11 PM,,,,,,7/19/2026 9:12:31 PM,,
,RD121,,,,,,,,19/07/2026,,,,,3,,,1,1,,47.95,,,0,,,0,,,,7/19/2026 11:05:37 PM,,,,,,7/19/2026 11:05:37 PM,,
,RD141,,,,,,,,19/07/2026,,,,,3,,,8,8,,568.79,,,0,,,0,,,,7/19/2026 10:18:48 PM,,,,,,7/20/2026 4:56:22 AM,,
,RD226,,,,,,,,19/07/2026,,,,,3,,,8,8,,576,,,0,,,0,,,,7/19/2026 10:56:24 PM,,,,,,7/20/2026 4:59:50 AM,,
,RD227,,,,,,,,19/07/2026,,,,,3,,,11,10,,677.85,,,1,,,35,,,,7/19/2026 10:31:49 PM,,,,,,7/20/2026 5:34:38 AM,,
,RD228,,,,,,,,19/07/2026,,,,,3,,,1,0,,0,,,1,,,35,,,,7/20/2026 5:05:58 AM,,,,,,7/20/2026 5:05:58 AM,,
,RD229,,,,,,,,19/07/2026,,,,,3,,,31,0,,0,,,31,,,1085,,,,7/19/2026 10:38:00 PM,,,,,,7/20/2026 5:29:19 AM,,
,RD230,,,,,,,,19/07/2026,,,,,3,,,10,10,,660.2,,,0,,,0,,,,7/19/2026 11:20:26 PM,,,,,,7/20/2026 5:53:54 AM,,
,RD232,,,,,,,,19/07/2026,,,,,3,,,15,0,,0,,,15,,,525,,,,7/19/2026 10:44:26 PM,,,,,,7/20/2026 5:16:28 AM,,
,RD233,,,,,,,,19/07/2026,,,,,3,,,7,7,,483.1,,,0,,,0,,,,7/20/2026 12:32:40 AM,,,,,,7/20/2026 5:03:50 AM,,
,RD234,,,,,,,,19/07/2026,,,,,3,,,12,1,,59.5,,,11,,,385,,,,7/19/2026 10:02:41 PM,,,,,,7/20/2026 5:26:14 AM,,
,RD235,,,,,,,,19/07/2026,,,,,3,,,20,1,,65.1,,,19,,,665,,,,7/19/2026 10:09:52 PM,,,,,,7/20/2026 5:16:01 AM,,
,RD236,,,,,,,,19/07/2026,,,,,3,,,21,0,,0,,,21,,,735,,,,7/19/2026 10:57:07 PM,,,,,,7/20/2026 5:19:04 AM,,
,RD238,,,,,,,,19/07/2026,,,,,3,,,11,11,,750.3,,,0,,,0,,,,7/19/2026 10:43:53 PM,,,,,,7/20/2026 5:57:56 AM,,
,RD239,,,,,,,,19/07/2026,,,,,3,,,8,8,,517.05,,,0,,,0,,,,7/19/2026 10:50:14 PM,,,,,,7/20/2026 4:50:22 AM,,
,RD240,,,,,,,,19/07/2026,,,,,3,,,29,0,,0,,,29,,,1015,,,,7/19/2026 10:33:33 PM,,,,,,7/20/2026 5:25:16 AM,,
,RD241,,,,,,,,19/07/2026,,,,,3,,,25,0,,0,,,25,,,875,,,,7/19/2026 10:43:49 PM,,,,,,7/20/2026 5:28:05 AM,,
,RD242,,,,,,,,19/07/2026,,,,,3,,,17,0,,0,,,17,,,595,,,,7/19/2026 10:51:21 PM,,,,,,7/20/2026 2:57:10 AM,,
,RD243,,,,,,,,19/07/2026,,,,,3,,,22,1,,102.5,,,21,,,735,,,,7/19/2026 10:38:33 PM,,,,,,7/20/2026 5:06:39 AM,,
,RD244,,,,,,,,19/07/2026,,,,,3,,,15,2,,145.2,,,13,,,455,,,,7/19/2026 10:14:04 PM,,,,,,7/20/2026 5:20:06 AM,,
,RD245,,,,,,,,19/07/2026,,,,,3,,,13,3,,246.5,,,10,,,350,,,,7/19/2026 10:49:06 PM,,,,,,7/20/2026 5:07:19 AM,,
,RD246,,,,,,,,19/07/2026,,,,,3,,,22,0,,0,,,22,,,770,,,,7/19/2026 10:47:22 PM,,,,,,7/20/2026 5:24:10 AM,,
,RD248,,,,,,,,19/07/2026,,,,,3,,,17,1,,66.8,,,16,,,560,,,,7/19/2026 11:12:41 PM,,,,,,7/20/2026 5:21:49 AM,,
,RD249,,,,,,,,19/07/2026,,,,,3,,,21,1,,101.9,,,20,,,700,,,,7/19/2026 11:07:17 PM,,,,,,7/20/2026 5:29:13 AM,,
,RD251,,,,,,,,19/07/2026,,,,,3,,,19,0,,0,,,19,,,665,,,,7/19/2026 11:02:56 PM,,,,,,7/20/2026 5:13:14 AM,,
,RD252,,,,,,,,19/07/2026,,,,,3,,,7,7,,490.8,,,0,,,0,,,,7/19/2026 11:00:35 PM,,,,,,7/20/2026 5:10:43 AM,,
,RD253,,,,,,,,19/07/2026,,,,,3,,,29,0,,0,,,29,,,1015,,,,7/19/2026 10:51:39 PM,,,,,,7/20/2026 5:33:08 AM,,
,RD121,,,,,,,,20/07/2026,,,,,1,,,7,7,,347.48,,,0,,,0,,,,7/20/2026 6:39:18 AM,,,,,,7/20/2026 11:38:22 AM,,
,RD141,,,,,,,,20/07/2026,,,,,1,,,5,5,,350.54,,,0,,,0,,,,7/20/2026 7:10:48 AM,,,,,,7/20/2026 12:08:41 PM,,
,RD143,,,,,,,,20/07/2026,,,,,1,,,1,0,,0,,,1,,,35,,,,7/20/2026 8:11:55 AM,,,,,,7/20/2026 8:11:55 AM,,
,RD226,,,,,,,,20/07/2026,,,,,1,,,9,9,,678.7,,,0,,,0,,,,7/20/2026 6:59:10 AM,,,,,,7/20/2026 1:18:00 PM,,
,RD227,,,,,,,,20/07/2026,,,,,1,,,11,6,,403.4,,,5,,,175,,,,7/20/2026 7:21:55 AM,,,,,,7/20/2026 1:11:27 PM,,
,RD228,,,,,,,,20/07/2026,,,,,1,,,9,9,,687.1,,,0,,,0,,,,7/20/2026 7:14:26 AM,,,,,,7/20/2026 1:07:23 PM,,
,RD229,,,,,,,,20/07/2026,,,,,1,,,8,8,,564.6,,,0,,,0,,,,7/20/2026 7:01:42 AM,,,,,,7/20/2026 1:11:32 PM,,
,RD230,,,,,,,,20/07/2026,,,,,1,,,13,2,,123.95,,,11,,,385,,,,7/20/2026 6:01:11 AM,,,,,,7/20/2026 10:42:14 AM,,
,RD231,,,,,,,,20/07/2026,,,,,1,,,8,2,,150.7,,,6,,,210,,,,7/20/2026 9:41:58 AM,,,,,,7/20/2026 1:17:26 PM,,
,RD232,,,,,,,,20/07/2026,,,,,1,,,17,0,,0,,,17,,,595,,,,7/20/2026 7:39:08 AM,,,,,,7/20/2026 1:22:13 PM,,
,RD233,,,,,,,,20/07/2026,,,,,1,,,7,3,,220.8,,,4,,,140,,,,7/20/2026 9:01:52 AM,,,,,,7/20/2026 1:22:20 PM,,
,RD234,,,,,,,,20/07/2026,,,,,1,,,7,0,,0,,,7,,,245,,,,7/20/2026 7:06:19 AM,,,,,,7/20/2026 9:08:15 AM,,
,RD235,,,,,,,,20/07/2026,,,,,1,,,27,0,,0,,,27,,,945,,,,7/20/2026 6:48:52 AM,,,,,,7/20/2026 1:13:24 PM,,
,RD236,,,,,,,,20/07/2026,,,,,1,,,19,0,,0,,,19,,,665,,,,7/20/2026 6:51:42 AM,,,,,,7/20/2026 1:16:33 PM,,
,RD237,,,,,,,,20/07/2026,,,,,1,,,27,0,,0,,,27,,,945,,,,7/20/2026 6:50:10 AM,,,,,,7/20/2026 1:17:38 PM,,
,RD238,,,,,,,,20/07/2026,,,,,1,,,14,3,,208.4,,,11,,,385,,,,7/20/2026 6:06:11 AM,,,,,,7/20/2026 1:21:25 PM,,
,RD239,,,,,,,,20/07/2026,,,,,1,,,17,0,,0,,,17,,,595,,,,7/20/2026 7:35:10 AM,,,,,,7/20/2026 1:14:33 PM,,
,RD240,,,,,,,,20/07/2026,,,,,1,,,11,4,,285.1,,,7,,,245,,,,7/20/2026 6:53:10 AM,,,,,,7/20/2026 1:24:38 PM,,
,RD241,,,,,,,,20/07/2026,,,,,1,,,27,0,,0,,,27,,,945,,,,7/20/2026 6:46:14 AM,,,,,,7/20/2026 1:22:30 PM,,
,RD242,,,,,,,,20/07/2026,,,,,1,,,12,0,,0,,,12,,,420,,,,7/20/2026 6:48:13 AM,,,,,,7/20/2026 1:26:29 PM,,
,RD243,,,,,,,,20/07/2026,,,,,1,,,16,0,,0,,,16,,,560,,,,7/20/2026 7:44:53 AM,,,,,,7/20/2026 1:18:19 PM,,
,RD244,,,,,,,,20/07/2026,,,,,1,,,10,0,,0,,,10,,,350,,,,7/20/2026 12:00:06 PM,,,,,,7/20/2026 1:20:05 PM,,
,RD245,,,,,,,,20/07/2026,,,,,1,,,10,10,,727.1,,,0,,,0,,,,7/20/2026 6:44:21 AM,,,,,,7/20/2026 1:14:53 PM,,
,RD246,,,,,,,,20/07/2026,,,,,1,,,28,0,,0,,,28,,,980,,,,7/20/2026 6:53:21 AM,,,,,,7/20/2026 1:20:26 PM,,
,RD248,,,,,,,,20/07/2026,,,,,1,,,29,0,,0,,,29,,,1015,,,,7/20/2026 6:46:38 AM,,,,,,7/20/2026 1:14:36 PM,,
,RD249,,,,,,,,20/07/2026,,,,,1,,,11,0,,0,,,11,,,385,,,,7/20/2026 7:42:52 AM,,,,,,7/20/2026 1:17:32 PM,,
,RD251,,,,,,,,20/07/2026,,,,,1,,,9,0,,0,,,9,,,315,,,,7/20/2026 7:00:52 AM,,,,,,7/20/2026 10:32:36 AM,,
,RD252,,,,,,,,20/07/2026,,,,,1,,,13,0,,0,,,13,,,455,,,,7/20/2026 6:56:06 AM,,,,,,7/20/2026 1:12:57 PM,,
,RD253,,,,,,,,20/07/2026,,,,,1,,,30,0,,0,,,30,,,1050,,,,7/20/2026 6:33:27 AM,,,,,,7/20/2026 1:23:19 PM,,
,RD141,,,,,,,,20/07/2026,,,,,2,,,8,8,,503.41,,,0,,,0,,,,7/20/2026 4:25:49 PM,,,,,,7/20/2026 9:02:50 PM,,
,RD226,,,,,,,,20/07/2026,,,,,2,,,10,10,,637.9,,,0,,,0,,,,7/20/2026 3:46:35 PM,,,,,,7/20/2026 9:19:14 PM,,
,RD227,,,,,,,,20/07/2026,,,,,2,,,9,9,,554.25,,,0,,,0,,,,7/20/2026 3:42:50 PM,,,,,,7/20/2026 8:57:07 PM,,
,RD228,,,,,,,,20/07/2026,,,,,2,,,11,9,,559.4,,,2,,,70,,,,7/20/2026 3:11:09 PM,,,,,,7/20/2026 9:14:46 PM,,
,RD229,,,,,,,,20/07/2026,,,,,2,,,12,0,,0,,,12,,,420,,,,7/20/2026 2:57:23 PM,,,,,,7/20/2026 9:06:35 PM,,
,RD230,,,,,,,,20/07/2026,,,,,2,,,28,0,,0,,,28,,,980,,,,7/20/2026 2:37:28 PM,,,,,,7/20/2026 9:15:59 PM,,
,RD231,,,,,,,,20/07/2026,,,,,2,,,19,0,,0,,,19,,,665,,,,7/20/2026 4:14:06 PM,,,,,,7/20/2026 9:21:44 PM,,
,RD232,,,,,,,,20/07/2026,,,,,2,,,15,1,,67,,,14,,,490,,,,7/20/2026 2:48:49 PM,,,,,,7/20/2026 9:35:46 PM,,
,RD233,,,,,,,,20/07/2026,,,,,2,,,24,0,,0,,,24,,,840,,,,7/20/2026 4:03:40 PM,,,,,,7/20/2026 9:13:18 PM,,
,RD234,,,,,,,,20/07/2026,,,,,2,,,12,12,,728.05,,,0,,,0,,,,7/20/2026 4:02:37 PM,,,,,,7/20/2026 9:59:28 PM,,
,RD235,,,,,,,,20/07/2026,,,,,2,,,12,0,,0,,,12,,,420,,,,7/20/2026 4:19:15 PM,,,,,,7/20/2026 9:14:52 PM,,
,RD236,,,,,,,,20/07/2026,,,,,2,,,18,6,,415.8,,,12,,,420,,,,7/20/2026 2:40:11 PM,,,,,,7/20/2026 9:23:12 PM,,
,RD237,,,,,,,,20/07/2026,,,,,2,,,31,0,,0,,,31,,,1085,,,,7/20/2026 2:50:01 PM,,,,,,7/20/2026 9:21:29 PM,,
,RD238,,,,,,,,20/07/2026,,,,,2,,,11,11,,666.15,,,0,,,0,,,,7/20/2026 4:08:20 PM,,,,,,7/20/2026 9:40:21 PM,,
,RD240,,,,,,,,20/07/2026,,,,,2,,,12,1,,63,,,11,,,385,,,,7/20/2026 3:25:36 PM,,,,,,7/20/2026 9:47:19 PM,,
,RD241,,,,,,,,20/07/2026,,,,,2,,,9,9,,568.6,,,0,,,0,,,,7/20/2026 3:51:22 PM,,,,,,7/20/2026 9:08:40 PM,,
,RD242,,,,,,,,20/07/2026,,,,,2,,,11,0,,0,,,11,,,385,,,,7/20/2026 2:45:03 PM,,,,,,7/20/2026 9:16:19 PM,,
,RD243,,,,,,,,20/07/2026,,,,,2,,,14,2,,126.7,,,12,,,420,,,,7/20/2026 2:54:07 PM,,,,,,7/20/2026 9:49:06 PM,,
,RD244,,,,,,,,20/07/2026,,,,,2,,,21,0,,0,,,21,,,735,,,,7/20/2026 3:39:24 PM,,,,,,7/20/2026 9:18:39 PM,,
,RD245,,,,,,,,20/07/2026,,,,,2,,,6,3,,201.1,,,3,,,105,,,,7/20/2026 3:04:57 PM,,,,,,7/20/2026 5:26:27 PM,,
,RD246,,,,,,,,20/07/2026,,,,,2,,,10,0,,0,,,10,,,350,,,,7/20/2026 5:26:43 PM,,,,,,7/20/2026 9:12:41 PM,,
,RD248,,,,,,,,20/07/2026,,,,,2,,,18,7,,501.4,,,11,,,385,,,,7/20/2026 2:35:59 PM,,,,,,7/20/2026 9:22:06 PM,,
,RD249,,,,,,,,20/07/2026,,,,,2,,,14,0,,0,,,14,,,490,,,,7/20/2026 2:41:11 PM,,,,,,7/20/2026 9:01:18 PM,,
,RD250,,,,,,,,20/07/2026,,,,,2,,,8,0,,0,,,8,,,280,,,,7/20/2026 7:23:14 PM,,,,,,7/20/2026 9:16:58 PM,,
,RD251,,,,,,,,20/07/2026,,,,,2,,,12,0,,0,,,12,,,420,,,,7/20/2026 5:56:13 PM,,,,,,7/20/2026 8:10:28 PM,,
,RD252,,,,,,,,20/07/2026,,,,,2,,,18,0,,0,,,18,,,630,,,,7/20/2026 2:43:57 PM,,,,,,7/20/2026 6:37:39 PM,,
,RD253,,,,,,,,20/07/2026,,,,,2,,,16,0,,0,,,16,,,560,,,,7/20/2026 3:58:49 PM,,,,,,7/20/2026 9:13:00 PM,,
,RD121,,,,,,,,20/07/2026,,,,,3,,,14,1,,47.95,,,13,,,455,,,,7/20/2026 10:55:26 PM,,,,,,7/21/2026 5:51:06 AM,,
,RD122,,,,,,,,20/07/2026,,,,,3,,,1,0,,0,,,1,,,35,,,,7/20/2026 11:15:26 PM,,,,,,7/20/2026 11:15:26 PM,,
,RD141,,,,,,,,20/07/2026,,,,,3,,,3,3,,186.33,,,0,,,0,,,,7/21/2026 3:33:42 AM,,,,,,7/21/2026 5:05:40 AM,,
,RD143,,,,,,,,20/07/2026,,,,,3,,,7,0,,0,,,7,,,245,,,,7/21/2026 12:49:08 AM,,,,,,7/21/2026 5:22:36 AM,,
,RD226,,,,,,,,20/07/2026,,,,,3,,,11,11,,724.9,,,0,,,0,,,,7/20/2026 10:58:42 PM,,,,,,7/21/2026 5:26:27 AM,,
,RD227,,,,,,,,20/07/2026,,,,,3,,,12,12,,802.5,,,0,,,0,,,,7/20/2026 10:40:16 PM,,,,,,7/21/2026 5:09:16 AM,,
,RD228,,,,,,,,20/07/2026,,,,,3,,,8,8,,504.6,,,0,,,0,,,,7/20/2026 11:03:15 PM,,,,,,7/21/2026 4:27:15 AM,,
,RD229,,,,,,,,20/07/2026,,,,,3,,,37,0,,0,,,37,,,1295,,,,7/20/2026 10:36:45 PM,,,,,,7/21/2026 5:28:50 AM,,
,RD230,,,,,,,,20/07/2026,,,,,3,,,9,1,,86.4,,,8,,,280,,,,7/20/2026 11:10:42 PM,,,,,,7/21/2026 5:16:57 AM,,
,RD231,,,,,,,,20/07/2026,,,,,3,,,8,0,,0,,,8,,,280,,,,7/20/2026 11:07:34 PM,,,,,,7/21/2026 5:13:03 AM,,
,RD232,,,,,,,,20/07/2026,,,,,3,,,35,1,,60.7,,,34,,,1190,,,,7/20/2026 10:05:39 PM,,,,,,7/21/2026 5:26:21 AM,,
,RD233,,,,,,,,20/07/2026,,,,,3,,,20,0,,0,,,20,,,700,,,,7/20/2026 11:18:25 PM,,,,,,7/21/2026 5:26:37 AM,,
,RD234,,,,,,,,20/07/2026,,,,,3,,,22,1,,74.3,,,21,,,735,,,,7/20/2026 10:13:24 PM,,,,,,7/21/2026 5:20:54 AM,,
,RD235,,,,,,,,20/07/2026,,,,,3,,,12,0,,0,,,12,,,420,,,,7/20/2026 11:02:04 PM,,,,,,7/21/2026 5:08:19 AM,,
,RD236,,,,,,,,20/07/2026,,,,,3,,,2,1,,90.1,,,1,,,35,,,,7/20/2026 10:46:10 PM,,,,,,7/20/2026 10:55:11 PM,,
,RD237,,,,,,,,20/07/2026,,,,,3,,,23,1,,61.5,,,22,,,770,,,,7/20/2026 10:30:48 PM,,,,,,7/21/2026 5:12:07 AM,,
,RD238,,,,,,,,20/07/2026,,,,,3,,,10,2,,123.3,,,8,,,280,,,,7/20/2026 10:09:10 PM,,,,,,7/21/2026 5:23:12 AM,,
,RD240,,,,,,,,20/07/2026,,,,,3,,,26,1,,65.7,,,25,,,875,,,,7/20/2026 10:13:41 PM,,,,,,7/21/2026 5:21:02 AM,,
,RD241,,,,,,,,20/07/2026,,,,,3,,,12,12,,821.5,,,0,,,0,,,,7/20/2026 11:20:20 PM,,,,,,7/21/2026 5:56:10 AM,,
,RD242,,,,,,,,20/07/2026,,,,,3,,,12,1,,47.95,,,11,,,385,,,,7/20/2026 10:51:00 PM,,,,,,7/21/2026 5:38:58 AM,,
,RD243,,,,,,,,20/07/2026,,,,,3,,,20,4,,246,,,16,,,560,,,,7/20/2026 10:20:58 PM,,,,,,7/21/2026 5:12:43 AM,,
,RD244,,,,,,,,20/07/2026,,,,,3,,,20,0,,0,,,20,,,700,,,,7/20/2026 10:49:32 PM,,,,,,7/21/2026 5:15:25 AM,,
,RD245,,,,,,,,20/07/2026,,,,,3,,,23,1,,58.6,,,22,,,770,,,,7/20/2026 11:02:45 PM,,,,,,7/21/2026 5:29:34 AM,,
,RD246,,,,,,,,20/07/2026,,,,,3,,,23,0,,0,,,23,,,805,,,,7/20/2026 10:54:00 PM,,,,,,7/21/2026 5:08:26 AM,,
,RD248,,,,,,,,20/07/2026,,,,,3,,,21,0,,0,,,21,,,735,,,,7/20/2026 11:07:16 PM,,,,,,7/21/2026 5:17:55 AM,,
,RD249,,,,,,,,20/07/2026,,,,,3,,,20,1,,62.8,,,19,,,665,,,,7/20/2026 10:51:43 PM,,,,,,7/21/2026 5:09:56 AM,,
,RD250,,,,,,,,20/07/2026,,,,,3,,,11,7,,476.1,,,4,,,140,,,,7/20/2026 10:48:38 PM,,,,,,7/21/2026 4:49:28 AM,,
,RD251,,,,,,,,20/07/2026,,,,,3,,,9,0,,0,,,9,,,315,,,,7/20/2026 11:03:32 PM,,,,,,7/21/2026 4:53:47 AM,,
,RD252,,,,,,,,20/07/2026,,,,,3,,,11,11,,699,,,0,,,0,,,,7/20/2026 11:08:09 PM,,,,,,7/21/2026 4:58:44 AM,,
,RD253,,,,,,,,20/07/2026,,,,,3,,,11,11,,708.65,,,0,,,0,,,,7/20/2026 10:46:49 PM,,,,,,7/21/2026 5:44:33 AM,,
,,,,,,,,,,,,,,,,,,,,,,,,,,,,,,,,,,,,,,
,,,Hours Summary,,,,,,,,,,,,,,,,,,,,,,,,,,,,,,,,,,,
,,,,,,,,,,,,,,,,,,,,,,,,,,,,,,,,,,,,,,
,,Equipment No,,,Shift Ident,,,,,,Operator,,,,,Run Hours,,,Total Loading time,,,Avg. Loading time,,,,,,,Wait At LU,,,,Avg. Wait At LU,Wait AT Dump,Avg Wait AT Dump,,Tea Breakfast Time,Total Hauling Units Availability
,,RD121,,,1,,,,,," ARMAN HUSSAIN (266814), DURGESH KUMAR (270634)",,,,,37.36,,,03:25:24,,,00:02:26,,,,,,,00:00:00,,,,00:00:00,01:31:56,01:31:56,,02:58:06,75:43:29
,,RD121,,,2,,,,,, AJAY KR. CHOUDHARY (270175),,,,,41.99,,,03:31:43,,,00:02:28,,,,,,,00:00:00,,,,00:00:00,01:48:32,01:48:32,,01:21:16,76:11:18
,,RD121,,,3,,,,,, ASHISH KUMAR (269965),,,,,32.16,,,03:33:13,,,00:03:28,,,,,,,00:34:24,,,,00:34:24,01:21:08,01:21:08,,04:35:46,80:00:00
,,RD122,,,2,,,,,, RANJIT RANJAN (270742),,,,,8.31,,,00:48:47,,,00:04:20,,,,,,,00:00:00,,,,00:00:00,00:05:32,00:05:32,,01:14:50,39:04:05
,,RD123,,,1,,,,,, DURGESH KUMAR (270634),,,,,6.01,,,00:13:16,,,00:01:28,,,,,,,00:00:00,,,,00:00:00,00:00:17,00:00:17,,00:00:00,08:31:54
,,RD123,,,2,,,,,, REENA KUMARI (270550),,,,,2.70,,,00:13:31,,,00:02:30,,,,,,,00:00:00,,,,00:00:00,00:00:17,00:00:17,,00:39:20,08:00:00
,,RD126,,,2,,,,,, RAM NARAYAN PRASAD (267889),,,,,27.57,,,01:34:03,,,00:02:28,,,,,,,00:00:00,,,,00:00:00,01:07:26,01:07:26,,01:04:25,61:11:01
,,RD132,,,2,,,,,, APURVA SANDIL (270650),,,,,79.41,,,01:02:35,,,00:02:22,,,,,,,00:00:00,,,,00:00:00,00:34:50,00:34:50,,00:16:09,75:58:58
,,RD136,,,2,,,,,, APURVA SANDIL (270650),,,,,22.89,,,00:00:00,,,00:00:00,,,,,,,00:00:00,,,,00:00:00,00:00:00,00:00:00,,00:00:00,77:57:09
,,RD141,,,1,,,,,, MURARI RANA (270639),,,,,46.94,,,03:22:40,,,00:02:30,,,,,,,00:00:00,,,,00:00:00,02:47:26,02:47:26,,04:29:59,74:18:32
,,RD141,,,2,,,,,, MANOJ KR. KHORA (270748),,,,,39.03,,,02:34:17,,,00:02:27,,,,,,,00:00:00,,,,00:00:00,01:42:32,01:42:32,,01:18:15,75:18:54
,,RD141,,,3,,,,,, RAKHI SHARMA (270547),,,,,23.67,,,02:06:46,,,00:02:23,,,,,,,00:00:00,,,,00:00:00,02:06:29,02:06:29,,06:04:14,71:51:15
,,RD143,,,1,,,,,, ARMAN HUSSAIN (266814),,,,,0.00,,,01:20:06,,,00:03:33,,,,,,,00:00:00,,,,00:00:00,03:34:30,03:34:30,,04:19:03,50:43:57
,,RD226,,,1,,,,,, EKTA SINGH (270685),,,,,50.52,,,05:03:30,,,00:02:30,,,,,,,00:00:00,,,,00:00:00,03:59:53,03:59:53,,02:26:28,62:29:38
,,RD226,,,2,,,,,, JARINA PARWEEN (270682),,,,,51.10,,,04:33:49,,,00:03:26,,,,,,,00:00:00,,,,00:00:00,02:01:32,02:01:32,,00:53:07,69:34:15
,,RD226,,,3,,,,,, RANJEET KUMAR (270740),,,,,47.64,,,04:20:37,,,00:03:29,,,,,,,00:00:00,,,,00:00:00,02:09:27,02:09:27,,02:56:18,65:35:33
,,RD227,,,1,,,,,, NILAM PANDEY (270556),,,,,19.39,,,01:49:02,,,00:03:24,,,,,,,00:00:00,,,,00:00:00,00:59:32,00:59:32,,00:26:16,31:07:38
,,RD227,,,2,,,,,, AJIT UDAY (269003),,,,,20.23,,,01:31:55,,,00:02:33,,,,,,,00:00:00,,,,00:00:00,01:45:27,01:45:27,,01:26:55,33:50:39
,,RD227,,,3,,,,,, NAVEEN KR. MAHTO (270646),,,,,25.57,,,02:27:20,,,00:03:29,,,,,,,00:00:00,,,,00:00:00,00:52:54,00:52:54,,00:39:11,29:10:44
,,RD228,,,1,,,,,, AJIT KR. SINGH (266798),,,,,60.52,,,08:26:48,,,00:02:30,,,,,,,00:00:00,,,,00:00:00,02:22:31,02:22:31,,02:42:40,75:39:25
,,RD228,,,2,,,,,, SUSHMITA MANDAL (270558),,,,,52.06,,,06:32:19,,,00:03:27,,,,,,,00:00:00,,,,00:00:00,02:11:23,02:11:23,,03:18:17,77:07:19
,,RD228,,,3,,,,,, AKASH BHARDWAJ (270638),,,,,55.78,,,06:05:44,,,00:03:29,,,,,,,00:00:00,,,,00:00:00,01:49:30,01:49:30,,06:16:54,74:19:21
,,RD229,,,1,,,,,, NANCY KUMARI (270674),,,,,62.43,,,08:34:14,,,00:02:30,,,,,,,00:00:00,,,,00:00:00,01:31:20,01:31:20,,02:03:42,79:01:49
,,RD229,,,2,,,,,, SURAJ NARAYAN (269204),,,,,48.95,,,04:34:38,,,00:02:27,,,,,,,00:00:00,,,,00:00:00,02:20:32,02:20:32,,00:22:26,70:15:11
,,RD230,,,1,,,,,, AMARENDR BANDI (270766),,,,,59.27,,,06:22:17,,,00:02:32,,,,,,,00:00:00,,,,00:00:00,01:23:51,01:23:51,,03:10:43,76:13:13
,,RD230,,,2,,,,,, GANESH MAHTO (267850),,,,,52.96,,,05:33:03,,,00:02:28,,,,,,,00:00:00,,,,00:00:00,01:26:34,01:26:34,,02:01:52,74:29:29
,,RD230,,,3,,,,,, MD. NEYAZ ALAM (268776),,,,,59.81,,,07:01:09,,,00:03:27,,,,,,,00:00:00,,,,00:00:00,01:30:58,01:30:58,,05:12:08,78:02:46
,,RD231,,,1,,,,,, SANJUL HEMBROM (268555),,,,,53.39,,,05:08:01,,,00:02:26,,,,,,,00:00:00,,,,00:00:00,01:26:59,01:26:59,,03:06:30,72:29:06
,,RD231,,,2,,,,,," APURVA SANDIL (270650), NISHA KUMARI (270667)",,,,,46.05,,,05:24:16,,,00:03:31,,,,,,,00:00:00,,,,00:00:00,01:19:10,01:19:10,,01:49:16,68:11:21
,,RD232,,,1,,,,,, DOLLY KUMARI (270686),,,,,60.68,,,08:47:24,,,00:02:28,,,,,,,00:00:00,,,,00:00:00,01:25:52,01:25:52,,02:33:58,76:49:48
,,RD232,,,2,,,,,, VINOD KR. SAHU (267611),,,,,57.64,,,08:22:03,,,00:02:31,,,,,,,00:00:00,,,,00:00:00,01:29:44,01:29:44,,00:51:26,75:38:43
,,RD232,,,3,,,,,, KEDAR YADAV (270765),,,,,64.17,,,10:28:07,,,00:02:28,,,,,,,00:00:00,,,,00:00:00,02:01:08,02:01:08,,06:07:25,78:22:38
,,RD233,,,1,,,,,, LAKSHMI KUMARI (270553),,,,,58.82,,,08:55:14,,,00:02:29,,,,,,,00:00:00,,,,00:00:00,01:49:18,01:49:18,,01:24:05,74:59:58
,,RD233,,,2,,,,,, KIRAN KUMARI (270673),,,,,48.29,,,06:00:32,,,00:02:24,,,,,,,00:00:00,,,,00:00:00,01:01:49,01:01:49,,01:40:10,72:50:50
,,RD233,,,3,,,,,, SAURABH SINGH (270744),,,,,55.34,,,07:05:12,,,00:02:24,,,,,,,00:00:00,,,,00:00:00,02:05:48,02:05:48,,03:54:57,79:34:41
,,RD234,,,1,,,,,, NAZNEEN KHATOON (270656),,,,,50.63,,,06:21:49,,,00:02:31,,,,,,,00:00:00,,,,00:00:00,02:37:24,02:37:24,,04:52:40,76:44:01
,,RD234,,,2,,,,,, DROPTI DEVI (270664),,,,,52.39,,,04:54:09,,,00:02:28,,,,,,,00:00:00,,,,00:00:00,01:26:35,01:26:35,,01:16:44,73:44:39
,,RD234,,,3,,,,,, SHASHI KANT CHATTAR (269224),,,,,61.71,,,07:55:41,,,00:02:31,,,,,,,00:00:00,,,,00:00:00,01:42:00,01:42:00,,06:29:40,77:04:06
,,RD235,,,1,,,,,, MD. SULEMAN (267159),,,,,56.38,,,07:35:40,,,00:02:29,,,,,,,00:00:00,,,,00:00:00,01:36:58,01:36:58,,01:48:53,75:36:13
,,RD235,,,2,,,,,, UMESH PASWAN (268885),,,,,53.38,,,07:23:20,,,00:02:28,,,,,,,00:00:00,,,,00:00:00,01:03:41,01:03:41,,00:10:08,77:17:39
,,RD235,,,3,,,,,, VIKASH BHARADWAJ (270645),,,,,64.31,,,08:55:41,,,00:03:28,,,,,,,00:00:00,,,,00:00:00,01:50:11,01:50:11,,04:52:14,79:37:51
,,RD236,,,1,,,,,, EKRAMUL HAQUE (268709),,,,,60.98,,,08:10:52,,,00:02:27,,,,,,,00:00:00,,,,00:00:00,01:16:51,01:16:51,,04:19:51,74:20:38
,,RD236,,,3,,,,,, KISHUN PRASAD (267446),,,,,56.23,,,08:51:40,,,00:02:28,,,,,,,00:00:00,,,,00:00:00,02:06:54,02:06:54,,05:17:54,72:29:53
,,RD237,,,1,,,,,," SURENDRA YADAV (267008), Wenco Support",,,,,58.51,,,07:11:25,,,00:02:29,,,,,,,00:00:00,,,,00:00:00,01:40:32,01:40:32,,04:52:32,76:14:08
,,RD237,,,2,,,,,, MANIJAR MAHTO (270751),,,,,53.88,,,06:39:22,,,00:02:30,,,,,,,00:00:00,,,,00:00:00,01:16:38,01:16:38,,00:13:40,73:57:24
,,RD237,,,3,,,,,, ABHAY KUMAR (270759),,,,,53.76,,,08:30:07,,,00:03:27,,,,,,,00:00:00,,,,00:00:00,01:24:17,01:24:17,,06:16:54,68:26:39
,,RD238,,,1,,,,,, SAMEER SINGH (270298),,,,,56.44,,,06:40:24,,,00:02:29,,,,,,,00:00:00,,,,00:00:00,03:15:07,03:15:07,,02:45:09,68:15:31
,,RD238,,,2,,,,,, KEDAR YADAV (267173),,,,,48.12,,,05:27:15,,,00:02:25,,,,,,,00:00:00,,,,00:00:00,01:27:47,01:27:47,,00:31:51,68:36:07
,,RD238,,,3,,,,,, ROHIT KR. RAM (270300),,,,,57.63,,,07:26:11,,,00:02:32,,,,,,,00:00:00,,,,00:00:00,01:44:55,01:44:55,,04:23:55,71:50:19
,,RD239,,,1,,,,,, RAJBIR SINGH (266975),,,,,53.71,,,07:49:28,,,00:02:28,,,,,,,00:00:00,,,,00:00:00,01:31:05,01:31:05,,01:33:45,67:41:53
,,RD239,,,2,,,,,, ANITA TUDU (270680),,,,,47.42,,,05:48:42,,,00:02:29,,,,,,,00:00:00,,,,00:00:00,01:08:04,01:08:04,,01:29:04,66:19:02
,,RD239,,,3,,,,,," ANITA TUDU (270680), MANJAY (270741)",,,,,56.82,,,07:46:11,,,00:02:31,,,,,,,00:00:00,,,,00:00:00,03:06:30,03:06:30,,03:39:57,68:29:30
,,RD240,,,1,,,,,, RUBY KUMARI (270683),,,,,64.24,,,07:25:53,,,00:02:28,,,,,,,00:00:00,,,,00:00:00,01:52:55,01:52:55,,02:10:51,78:08:41
,,RD240,,,2,,,,,, MANOJ YADAV (270749),,,,,45.50,,,05:43:39,,,00:03:27,,,,,,,00:00:00,,,,00:00:00,00:42:07,00:42:07,,02:24:38,71:41:32
,,RD240,,,3,,,,,," ARTI KUMARI (270654), MANOJ YADAV (270749), RAJ KR. YADAV (267954)",,,,,63.92,,,09:59:50,,,00:03:29,,,,,,,00:00:00,,,,00:00:00,01:01:35,01:01:35,,04:44:57,78:46:43
,,RD241,,,1,,,,,, RAHUL KUMAR (270636),,,,,58.63,,,08:08:22,,,00:02:28,,,,,,,00:00:00,,,,00:00:00,02:11:20,02:11:20,,06:10:10,77:44:19
,,RD241,,,2,,,,,, REENA KUMARI (270550),,,,,48.47,,,06:08:51,,,00:02:32,,,,,,,00:00:00,,,,00:00:00,01:16:03,01:16:03,,02:41:24,72:17:56
,,RD241,,,3,,,,,, SANJEET KR. PANDEY (267686),,,,,59.84,,,07:52:16,,,00:02:30,,,,,,,00:00:00,,,,00:00:00,02:33:56,02:33:56,,04:16:45,77:27:53
,,RD242,,,1,,,,,, BIYYALA SATISH (270762),,,,,51.20,,,07:06:14,,,00:03:27,,,,,,,00:00:00,,,,00:00:00,01:54:32,01:54:32,,06:16:47,70:40:04
,,RD242,,,2,,,,,, JAY PRAKASH PRAJAPATI (270745),,,,,45.72,,,04:59:20,,,00:02:31,,,,,,,00:00:00,,,,00:00:00,01:35:39,01:35:39,,01:24:05,63:40:36
,,RD242,,,3,,,,,," JAY PRAKASH PRAJAPATI (270745), PREM SAGAR PRASAD (268751)",,,,,54.10,,,07:54:40,,,00:03:28,,,,,,,00:00:00,,,,00:00:00,01:23:45,01:23:45,,02:26:46,63:39:04
,,RD244,,,1,,,,,, PRAVIN KUMAR (270647),,,,,53.30,,,07:26:26,,,00:02:29,,,,,,,00:00:40,,,,00:00:40,01:16:52,01:16:52,,04:10:31,69:32:34
,,RD244,,,2,,,,,, REYASAT HUSSAIN (267570),,,,,51.17,,,07:43:28,,,00:02:27,,,,,,,00:00:00,,,,00:00:00,01:50:03,01:50:03,,04:45:40,75:33:53
,,RD244,,,3,,,,,, UPENDRA KUMAR (270047),,,,,64.06,,,08:36:15,,,00:02:31,,,,,,,00:00:00,,,,00:00:00,02:32:06,02:32:06,,06:00:03,79:47:28
,,RD245,,,1,,,,,, KANISHKA KUMARI (270548),,,,,56.00,,,08:13:48,,,00:02:28,,,,,,,00:00:00,,,,00:00:00,02:40:51,02:40:51,,01:01:21,67:24:56
,,RD245,,,2,,,,,, PRIYANKA KUMARI (270675),,,,,52.58,,,05:14:48,,,00:02:28,,,,,,,00:00:00,,,,00:00:00,01:48:03,01:48:03,,01:31:15,72:14:58
,,RD245,,,3,,,,,, BIBHUTI SAW (269435),,,,,59.11,,,08:19:35,,,00:02:28,,,,,,,00:00:00,,,,00:00:00,02:47:12,02:47:12,,03:16:42,75:11:18
,,RD247,,,1,,,,,, CHAMTU MAHTO (269240),,,,,45.73,,,06:57:50,,,00:02:28,,,,,,,00:00:00,,,,00:00:00,00:36:47,00:36:47,,01:39:22,54:23:29
,,RD247,,,2,,,,,, RAM LAKHAN YADAV (267672),,,,,40.16,,,04:33:40,,,00:03:27,,,,,,,00:00:00,,,,00:00:00,01:45:58,01:45:58,,00:00:00,52:25:45
,,RD247,,,3,,,,,, SANTOSHI LAMA (270672),,,,,44.39,,,06:38:32,,,00:02:26,,,,,,,00:00:00,,,,00:00:00,00:17:28,00:17:28,,01:25:21,51:16:00
,,RD248,,,2,,,,,, NIRMALA KUMARI (270562),,,,,34.32,,,06:01:33,,,00:03:33,,,,,,,00:00:00,,,,00:00:00,00:50:43,00:50:43,,00:00:40,73:07:15
,,RD248,,,3,,,,,," NIRMALA KUMARI (270562), SURAJ KUMAR (270637)",,,,,42.00,,,09:16:27,,,00:02:28,,,,,,,00:00:00,,,,00:00:00,00:56:35,00:56:35,,02:40:18,73:01:08
,,RD249,,,1,,,,,, BRIJ BIHARI PRASAD (267247),,,,,58.95,,,08:42:10,,,00:02:27,,,,,,,00:00:00,,,,00:00:00,01:26:47,01:26:47,,03:34:24,77:48:45
,,RD249,,,2,,,,,, AVINASH KUMAR (270635),,,,,52.39,,,07:46:07,,,00:02:29,,,,,,,00:00:00,,,,00:00:00,01:13:07,01:13:07,,01:35:52,69:13:05
,,RD249,,,3,,,,,, PARAMJEET SINGH (270737),,,,,61.66,,,08:48:40,,,00:03:31,,,,,,,00:00:00,,,,00:00:00,01:59:02,01:59:02,,03:15:05,73:36:03
,,RD251,,,1,,,,,, SULOCHANA SINGH (270665),,,,,54.76,,,07:06:41,,,00:02:30,,,,,,,00:00:00,,,,00:00:00,01:12:58,01:12:58,,01:35:09,69:01:43
,,RD251,,,2,,,,,, BINOD KR. THAKUR (266910),,,,,50.62,,,06:28:53,,,00:02:26,,,,,,,00:00:00,,,,00:00:00,01:44:49,01:44:49,,01:52:36,69:13:07
,,RD251,,,3,,,,,, SANDEEP KUMAR (270046),,,,,46.40,,,05:27:13,,,00:03:28,,,,,,,00:00:00,,,,00:00:00,01:38:30,01:38:30,,06:11:01,67:19:25
,,RD252,,,1,,,,,, BIRSA MANJHI (269052),,,,,50.42,,,06:28:58,,,00:02:32,,,,,,,00:00:00,,,,00:00:00,01:30:51,01:30:51,,02:37:29,63:49:45
,,RD252,,,2,,,,,, A K CHOUDHARY (268819),,,,,38.11,,,04:58:01,,,00:02:26,,,,,,,00:00:00,,,,00:00:00,01:22:27,01:22:27,,02:15:16,57:09:14
,,RD252,,,3,,,,,, ROHIT KR. RAM (270300),,,,,39.42,,,05:04:15,,,00:02:27,,,,,,,00:00:00,,,,00:00:00,01:08:23,01:08:23,,00:20:18,46:17:58
,,RD253,,,1,,,,,, TANKA DHAR SOREN (267170),,,,,50.81,,,06:27:15,,,00:02:30,,,,,,,00:00:00,,,,00:00:00,02:04:16,02:04:16,,02:55:33,61:22:12
,,RD253,,,2,,,,,, RANDHIR KUMAR SINGH (267349),,,,,45.84,,,06:19:57,,,00:02:27,,,,,,,00:00:00,,,,00:00:00,01:00:48,01:00:48,,01:20:56,62:06:36
,,RD253,,,3,,,,,, VIDHYA SAGAR (269024),,,,,51.64,,,06:26:36,,,00:02:32,,,,,,,00:00:00,,,,00:00:00,01:57:25,01:57:25,,04:09:47,62:46:24
,,RD248,,,1,,,,,,,,,,,44.70,,,08:18:40,,,00:03:28,,,,,,,00:00:00,,,,00:00:00,01:19:45,01:19:45,,02:07:55,71:36:38
,,RD250,,,3,,,,,,,,,,,0.00,,,02:46:09,,,00:03:27,,,,,,,00:00:00,,,,00:00:00,00:23:42,00:23:42,,02:51:19,29:51:29
,,RD246,,,2,,,,,,,,,,,70.59,,,05:34:20,,,00:03:30,,,,,,,00:00:00,,,,00:00:00,01:27:23,01:27:23,,00:46:05,68:28:07
,,RD243,,,2,,,,,,,,,,,51.34,,,05:30:15,,,00:02:28,,,,,,,00:00:00,,,,00:00:00,01:28:22,01:28:22,,00:14:40,69:27:35
,,RD136,,,1,,,,,,,,,,,27.38,,,00:00:00,,,00:00:00,,,,,,,00:00:00,,,,00:00:00,00:00:00,00:00:00,,00:00:00,80:00:00
,,RD243,,,1,,,,,,,,,,,43.64,,,06:00:18,,,00:02:29,,,,,,,00:00:00,,,,00:00:00,01:00:28,01:00:28,,02:48:07,58:29:48
,,RD132,,,1,,,,,,,,,,,80.00,,,01:21:58,,,00:02:23,,,,,,,00:00:00,,,,00:00:00,00:35:23,00:35:23,,03:09:43,78:00:25
,,RD143,,,3,,,,,,,,,,,0.00,,,00:56:11,,,00:06:16,,,,,,,00:00:00,,,,00:00:00,00:23:31,00:23:31,,01:03:57,55:30:39
,,RD126,,,3,,,,,,,,,,,8.99,,,00:53:16,,,00:03:35,,,,,,,00:00:00,,,,00:00:00,00:37:40,00:37:40,,04:37:36,63:23:12
,,RD123,,,3,,,,,,,,,,,0.12,,,00:00:00,,,00:00:00,,,,,,,00:00:00,,,,00:00:00,00:00:00,00:00:00,,01:32:40,08:00:00
,,RD246,,,1,,,,,,,,,,,68.75,,,08:12:17,,,00:03:30,,,,,,,00:00:00,,,,00:00:00,00:43:52,00:43:52,,02:21:52,62:15:00
,,RD122,,,1,,,,,,,,,,,17.70,,,01:31:44,,,00:03:29,,,,,,,00:00:00,,,,00:00:00,00:09:14,00:09:14,,02:02:07,45:26:43
,,RD250,,,2,,,,,,,,,,,0.00,,,01:51:53,,,00:02:24,,,,,,,00:00:00,,,,00:00:00,00:14:35,00:14:35,,00:00:00,21:24:40
,,RD236,,,2,,,,,,,,,,,44.24,,,06:10:38,,,00:02:25,,,,,,,00:00:00,,,,00:00:00,01:47:16,01:47:16,,04:50:04,71:43:35
,,RD250,,,1,,,,,,,,,,,0.05,,,02:02:14,,,00:03:36,,,,,,,00:00:00,,,,00:00:00,00:28:41,00:28:41,,00:47:23,19:11:33
,,RD122,,,3,,,,,,,,,,,1.48,,,00:02:50,,,00:02:50,,,,,,,00:00:00,,,,00:00:00,00:00:20,00:00:20,,00:00:00,38:53:08
,,RD143,,,2,,,,,,,,,,,0.00,,,00:40:03,,,00:02:32,,,,,,,00:00:00,,,,00:00:00,02:26:50,02:26:50,,01:56:04,50:18:57
,,RD132,,,3,,,,,,,,,,,79.90,,,00:01:10,,,00:01:10,,,,,,,00:00:00,,,,00:00:00,00:00:37,00:00:37,,00:04:11,79:09:34
,,RD126,,,1,,,,,,,,,,,33.96,,,02:20:13,,,00:02:33,,,,,,,00:00:05,,,,00:00:05,02:03:05,02:03:05,,03:36:06,69:13:59
,,RD243,,,3,,,,,,,,,,,59.09,,,08:07:41,,,00:02:31,,,,,,,00:00:00,,,,00:00:00,01:46:17,01:46:17,,03:52:54,70:25:56
,,RD229,,,3,,,,,,,,,,,55.03,,,09:51:15,,,00:03:30,,,,,,,00:00:00,,,,00:00:00,02:58:31,02:58:31,,03:48:06,77:02:41
,,RD136,,,3,,,,,,,,,,,32.00,,,00:00:00,,,00:00:00,,,,,,,00:00:00,,,,00:00:00,00:00:00,00:00:00,,00:00:00,79:25:19
,,RD231,,,3,,,,,,,,,,,40.99,,,05:21:25,,,00:03:33,,,,,,,00:00:00,,,,00:00:00,01:06:47,01:06:47,,05:27:24,62:42:56
,,RD246,,,3,,,,,,,,,,,71.84,,,08:21:46,,,00:03:30,,,,,,,00:00:00,,,,00:00:00,01:15:34,01:15:34,,05:03:55,68:23:53
