,,,,,,,,,,,,,,,,,,,,,,,,,,,,,,,,,,,,,,
,,,,,,,,,,,,Hauling Unit Summary Report QSE,,,,,,,,,,,,,,,,,,,,,,,,,,
,,,,,,,,,,,,,,,,,,,,,,,,,,,,,,,,,,,,,,
,,,,,,,,,,,,,,,,,,,,,,,,Report Date :-,,,,8/10/2026 11:04:28 AM,,,,,,,,,,
,,,,,,,,,,,,,,,,,,,,,,,,,,,,,,,,,,,,,,
,,,,,,,,,,,,,,,,,,,,,,,,,,,,,,,,,,,,,,
,,,,,,,,,,,,,,,,,,,,,,,,,,,,,,,,,,,,,,
TATA STEEL WEST BOKARO,,,,,,,,,,,,,,,,,,,,,,,,,,,,,,,,,,,,,,
,,,,,,,,,,,,,,,,,,,,,,,,,,,,,,,,,,,,,,
Parameters :,,,,,,,,,,,,,,,,,,,,,,,,,,,,,,,,,,,,,,
,,,,,,,,,,,,,,,,,,,,,,,,,,,,,,,,,,,,,,
,,,,,,,,,,,,,,,,,,,,,,,,,,,,,,,,,,,,,,
,,,,* From Date:,,,,2026-07-01,,,,,,,,,,,,,,,,,,,,,,,,,,,,,,
,,,,,,,,,,,,,,,,,,,,,,,,,,,,,,,,,,,,,,
,,,,* To Date:,,,,2026-07-10,,,,,,,,,,,,,,,,,,,,,,,,,,,,,,
,,,,,,,,,,,,,,,,,,,,,,,,,,,,,,,,,,,,,,
,,,,,,,,,,,,,,,,,,,,,,,,,,,,,,,,,,,,,,
,Trips Summary,,,,,,,,,,,,,,,,,,,,,,,,,,,,,,,,,,,,,
,Equipment No,,,,,,,,Shift Date,,,,,Shift Ident,,,Total Trips,Coal Trips,,Coal Quantity,,,OB Trips,,,OB Quantity,,,,Hauling Unit First Load,,,,,,Hauling Unit Last Load,,
,RD126,,,,,,,,01/07/2026,,,,,1,,,3,0,,0,,,3,,,105,,,,7/1/2026 7:17:08 AM,,,,,,7/1/2026 8:53:21 AM,,
,RD141,,,,,,,,01/07/2026,,,,,1,,,15,0,,0,,,15,,,525,,,,7/1/2026 7:07:49 AM,,,,,,7/1/2026 12:23:51 PM,,
,RD226,,,,,,,,01/07/2026,,,,,1,,,16,0,,0,,,16,,,560,,,,7/1/2026 7:20:38 AM,,,,,,7/1/2026 12:50:33 PM,,
,RD227,,,,,,,,01/07/2026,,,,,1,,,11,0,,0,,,11,,,385,,,,7/1/2026 7:12:39 AM,,,,,,7/1/2026 12:42:37 PM,,
,RD228,,,,,,,,01/07/2026,,,,,1,,,12,0,,0,,,12,,,420,,,,7/1/2026 6:45:49 AM,,,,,,7/1/2026 1:00:22 PM,,
,RD229,,,,,,,,01/07/2026,,,,,1,,,13,0,,0,,,13,,,455,,,,7/1/2026 7:09:13 AM,,,,,,7/1/2026 1:07:03 PM,,
,RD230,,,,,,,,01/07/2026,,,,,1,,,24,0,,0,,,24,,,840,,,,7/1/2026 6:42:17 AM,,,,,,7/1/2026 1:02:23 PM,,
,RD231,,,,,,,,01/07/2026,,,,,1,,,9,0,,0,,,9,,,315,,,,7/1/2026 9:27:24 AM,,,,,,7/1/2026 1:33:49 PM,,
,RD232,,,,,,,,01/07/2026,,,,,1,,,22,1,,102.1,,,21,,,735,,,,7/1/2026 6:32:11 AM,,,,,,7/1/2026 1:33:51 PM,,
,RD233,,,,,,,,01/07/2026,,,,,1,,,8,0,,0,,,8,,,280,,,,7/1/2026 9:29:11 AM,,,,,,7/1/2026 10:56:45 AM,,
,RD234,,,,,,,,01/07/2026,,,,,1,,,17,2,,206.3,,,15,,,525,,,,7/1/2026 6:56:04 AM,,,,,,7/1/2026 1:06:54 PM,,
,RD235,,,,,,,,01/07/2026,,,,,1,,,36,0,,0,,,36,,,1260,,,,7/1/2026 6:41:16 AM,,,,,,7/1/2026 1:33:03 PM,,
,RD236,,,,,,,,01/07/2026,,,,,1,,,7,0,,0,,,7,,,245,,,,7/1/2026 10:28:38 AM,,,,,,7/1/2026 1:10:14 PM,,
,RD237,,,,,,,,01/07/2026,,,,,1,,,24,0,,0,,,24,,,840,,,,7/1/2026 6:32:06 AM,,,,,,7/1/2026 12:58:48 PM,,
,RD238,,,,,,,,01/07/2026,,,,,1,,,6,0,,0,,,6,,,210,,,,7/1/2026 6:49:45 AM,,,,,,7/1/2026 8:31:42 AM,,
,RD239,,,,,,,,01/07/2026,,,,,1,,,10,0,,0,,,10,,,350,,,,7/1/2026 9:05:58 AM,,,,,,7/1/2026 1:00:33 PM,,
,RD240,,,,,,,,01/07/2026,,,,,1,,,14,0,,0,,,14,,,490,,,,7/1/2026 6:54:25 AM,,,,,,7/1/2026 1:03:09 PM,,
,RD242,,,,,,,,01/07/2026,,,,,1,,,18,0,,0,,,18,,,630,,,,7/1/2026 6:38:23 AM,,,,,,7/1/2026 1:11:40 PM,,
,RD243,,,,,,,,01/07/2026,,,,,1,,,22,0,,0,,,22,,,770,,,,7/1/2026 6:52:01 AM,,,,,,7/1/2026 1:29:29 PM,,
,RD244,,,,,,,,01/07/2026,,,,,1,,,10,0,,0,,,10,,,350,,,,7/1/2026 6:38:31 AM,,,,,,7/1/2026 11:53:36 AM,,
,RD245,,,,,,,,01/07/2026,,,,,1,,,37,0,,0,,,37,,,1295,,,,7/1/2026 6:37:43 AM,,,,,,7/1/2026 1:42:09 PM,,
,RD247,,,,,,,,01/07/2026,,,,,1,,,34,0,,0,,,34,,,1190,,,,7/1/2026 6:58:20 AM,,,,,,7/1/2026 1:39:39 PM,,
,RD248,,,,,,,,01/07/2026,,,,,1,,,36,0,,0,,,36,,,1260,,,,7/1/2026 6:37:21 AM,,,,,,7/1/2026 1:27:49 PM,,
,RD250,,,,,,,,01/07/2026,,,,,1,,,12,0,,0,,,12,,,420,,,,7/1/2026 6:41:42 AM,,,,,,7/1/2026 1:09:25 PM,,
,RD251,,,,,,,,01/07/2026,,,,,1,,,20,0,,0,,,20,,,700,,,,7/1/2026 6:53:54 AM,,,,,,7/1/2026 1:25:42 PM,,
,RD252,,,,,,,,01/07/2026,,,,,1,,,15,0,,0,,,15,,,525,,,,7/1/2026 6:29:36 AM,,,,,,7/1/2026 1:06:45 PM,,
,RD253,,,,,,,,01/07/2026,,,,,1,,,21,2,,200.1,,,19,,,665,,,,7/1/2026 6:35:26 AM,,,,,,7/1/2026 1:22:10 PM,,
,RD122,,,,,,,,01/07/2026,,,,,2,,,4,4,,191.8,,,0,,,0,,,,7/1/2026 7:55:11 PM,,,,,,7/1/2026 9:17:56 PM,,
,RD143,,,,,,,,01/07/2026,,,,,2,,,1,1,,47.95,,,0,,,0,,,,7/1/2026 8:26:47 PM,,,,,,7/1/2026 8:26:47 PM,,
,RD226,,,,,,,,01/07/2026,,,,,2,,,4,4,,239.1,,,0,,,0,,,,7/1/2026 7:48:35 PM,,,,,,7/1/2026 9:12:44 PM,,
,RD227,,,,,,,,01/07/2026,,,,,2,,,19,16,,1485.5,,,3,,,105,,,,7/1/2026 3:31:07 PM,,,,,,7/1/2026 9:17:56 PM,,
,RD228,,,,,,,,01/07/2026,,,,,2,,,17,16,,1413.1,,,1,,,35,,,,7/1/2026 3:42:32 PM,,,,,,7/1/2026 9:58:15 PM,,
,RD229,,,,,,,,01/07/2026,,,,,2,,,17,2,,167.5,,,15,,,525,,,,7/1/2026 3:35:57 PM,,,,,,7/1/2026 9:23:26 PM,,
,RD231,,,,,,,,01/07/2026,,,,,2,,,13,3,,143.85,,,10,,,350,,,,7/1/2026 3:06:03 PM,,,,,,7/1/2026 8:56:29 PM,,
,RD232,,,,,,,,01/07/2026,,,,,2,,,36,0,,0,,,36,,,1260,,,,7/1/2026 4:18:01 PM,,,,,,7/1/2026 9:27:47 PM,,
,RD234,,,,,,,,01/07/2026,,,,,2,,,22,0,,0,,,22,,,770,,,,7/1/2026 4:20:49 PM,,,,,,7/1/2026 9:30:09 PM,,
,RD235,,,,,,,,01/07/2026,,,,,2,,,13,2,,165.8,,,11,,,385,,,,7/1/2026 3:52:11 PM,,,,,,7/1/2026 9:53:22 PM,,
,RD236,,,,,,,,01/07/2026,,,,,2,,,9,6,,508.7,,,3,,,105,,,,7/1/2026 6:44:30 PM,,,,,,7/1/2026 9:11:57 PM,,
,RD237,,,,,,,,01/07/2026,,,,,2,,,24,0,,0,,,24,,,840,,,,7/1/2026 4:06:33 PM,,,,,,7/1/2026 9:25:44 PM,,
,RD239,,,,,,,,01/07/2026,,,,,2,,,25,1,,53.5,,,24,,,840,,,,7/1/2026 3:32:20 PM,,,,,,7/1/2026 9:49:29 PM,,
,RD240,,,,,,,,01/07/2026,,,,,2,,,25,1,,47.95,,,24,,,840,,,,7/1/2026 4:10:35 PM,,,,,,7/1/2026 9:32:11 PM,,
,RD242,,,,,,,,01/07/2026,,,,,2,,,11,11,,818.45,,,0,,,0,,,,7/1/2026 6:03:58 PM,,,,,,7/1/2026 9:41:29 PM,,
,RD243,,,,,,,,01/07/2026,,,,,2,,,21,18,,1627.3,,,3,,,105,,,,7/1/2026 3:14:50 PM,,,,,,7/1/2026 9:36:14 PM,,
,RD244,,,,,,,,01/07/2026,,,,,2,,,9,4,,274,,,5,,,175,,,,7/1/2026 4:15:31 PM,,,,,,7/1/2026 9:07:24 PM,,
,RD245,,,,,,,,01/07/2026,,,,,2,,,25,1,,59.2,,,24,,,840,,,,7/1/2026 4:01:48 PM,,,,,,7/1/2026 9:45:03 PM,,
,RD247,,,,,,,,01/07/2026,,,,,2,,,16,0,,0,,,16,,,560,,,,7/1/2026 3:09:41 PM,,,,,,7/1/2026 9:08:14 PM,,
,RD248,,,,,,,,01/07/2026,,,,,2,,,24,0,,0,,,24,,,840,,,,7/1/2026 3:22:13 PM,,,,,,7/1/2026 9:23:56 PM,,
,RD250,,,,,,,,01/07/2026,,,,,2,,,34,0,,0,,,34,,,1190,,,,7/1/2026 5:38:07 PM,,,,,,7/1/2026 9:31:48 PM,,
,RD251,,,,,,,,01/07/2026,,,,,2,,,12,0,,0,,,12,,,420,,,,7/1/2026 4:25:12 PM,,,,,,7/1/2026 9:11:51 PM,,
,RD252,,,,,,,,01/07/2026,,,,,2,,,36,0,,0,,,36,,,1260,,,,7/1/2026 3:52:10 PM,,,,,,7/1/2026 9:33:41 PM,,
,RD253,,,,,,,,01/07/2026,,,,,2,,,15,7,,648.9,,,8,,,280,,,,7/1/2026 3:30:13 PM,,,,,,7/1/2026 9:16:02 PM,,
,RD126,,,,,,,,01/07/2026,,,,,3,,,3,3,,218.09,,,0,,,0,,,,7/1/2026 11:12:09 PM,,,,,,7/2/2026 12:44:16 AM,,
,RD132,,,,,,,,01/07/2026,,,,,3,,,16,0,,0,,,16,,,560,,,,7/1/2026 11:28:54 PM,,,,,,7/2/2026 5:03:34 AM,,
,RD143,,,,,,,,01/07/2026,,,,,3,,,12,5,,239.75,,,7,,,245,,,,7/1/2026 10:57:04 PM,,,,,,7/2/2026 5:27:07 AM,,
,RD226,,,,,,,,01/07/2026,,,,,3,,,10,10,,753.8,,,0,,,0,,,,7/1/2026 11:01:12 PM,,,,,,7/2/2026 5:15:14 AM,,
,RD227,,,,,,,,01/07/2026,,,,,3,,,11,11,,749.7,,,0,,,0,,,,7/1/2026 10:51:20 PM,,,,,,7/2/2026 5:10:24 AM,,
,RD228,,,,,,,,01/07/2026,,,,,3,,,9,9,,589.65,,,0,,,0,,,,7/1/2026 10:25:40 PM,,,,,,7/2/2026 5:10:38 AM,,
,RD229,,,,,,,,01/07/2026,,,,,3,,,10,2,,176.8,,,8,,,280,,,,7/1/2026 11:13:23 PM,,,,,,7/2/2026 5:04:11 AM,,
,RD232,,,,,,,,01/07/2026,,,,,3,,,36,0,,0,,,36,,,1260,,,,7/1/2026 11:10:43 PM,,,,,,7/2/2026 5:31:17 AM,,
,RD233,,,,,,,,01/07/2026,,,,,3,,,16,2,,141.1,,,14,,,490,,,,7/2/2026 1:27:46 AM,,,,,,7/2/2026 5:16:59 AM,,
,RD234,,,,,,,,01/07/2026,,,,,3,,,33,0,,0,,,33,,,1155,,,,7/1/2026 11:32:49 PM,,,,,,7/2/2026 5:18:53 AM,,
,RD235,,,,,,,,01/07/2026,,,,,3,,,17,6,,500.6,,,11,,,385,,,,7/1/2026 10:22:01 PM,,,,,,7/2/2026 5:19:17 AM,,
,RD236,,,,,,,,01/07/2026,,,,,3,,,32,0,,0,,,32,,,1120,,,,7/1/2026 10:58:01 PM,,,,,,7/2/2026 5:24:38 AM,,
,RD237,,,,,,,,01/07/2026,,,,,3,,,9,0,,0,,,9,,,315,,,,7/1/2026 10:50:36 PM,,,,,,7/2/2026 4:41:49 AM,,
,RD239,,,,,,,,01/07/2026,,,,,3,,,13,4,,271.1,,,9,,,315,,,,7/1/2026 10:19:01 PM,,,,,,7/2/2026 5:00:35 AM,,
,RD240,,,,,,,,01/07/2026,,,,,3,,,9,9,,431.55,,,0,,,0,,,,7/1/2026 10:02:06 PM,,,,,,7/2/2026 5:14:34 AM,,
,RD242,,,,,,,,01/07/2026,,,,,3,,,31,1,,64.1,,,30,,,1050,,,,7/1/2026 10:11:21 PM,,,,,,7/2/2026 5:32:31 AM,,
,RD243,,,,,,,,01/07/2026,,,,,3,,,21,7,,631.6,,,14,,,490,,,,7/1/2026 10:06:47 PM,,,,,,7/2/2026 5:10:15 AM,,
,RD244,,,,,,,,01/07/2026,,,,,3,,,19,4,,387.1,,,15,,,525,,,,7/1/2026 10:48:34 PM,,,,,,7/2/2026 5:13:33 AM,,
,RD245,,,,,,,,01/07/2026,,,,,3,,,16,5,,427.2,,,11,,,385,,,,7/1/2026 10:15:09 PM,,,,,,7/2/2026 5:16:17 AM,,
,RD247,,,,,,,,01/07/2026,,,,,3,,,26,0,,0,,,26,,,910,,,,7/1/2026 11:54:25 PM,,,,,,7/2/2026 5:27:21 AM,,
,RD248,,,,,,,,01/07/2026,,,,,3,,,7,5,,393.3,,,2,,,70,,,,7/2/2026 1:38:19 AM,,,,,,7/2/2026 5:15:07 AM,,
,RD250,,,,,,,,01/07/2026,,,,,3,,,25,0,,0,,,25,,,875,,,,7/1/2026 10:49:58 PM,,,,,,7/2/2026 5:13:18 AM,,
,RD251,,,,,,,,01/07/2026,,,,,3,,,8,3,,238.2,,,5,,,175,,,,7/1/2026 11:00:31 PM,,,,,,7/2/2026 4:51:01 AM,,
,RD252,,,,,,,,01/07/2026,,,,,3,,,32,0,,0,,,32,,,1120,,,,7/1/2026 11:17:54 PM,,,,,,7/2/2026 5:23:11 AM,,
,RD253,,,,,,,,01/07/2026,,,,,3,,,10,10,,738.3,,,0,,,0,,,,7/1/2026 11:05:22 PM,,,,,,7/2/2026 4:55:39 AM,,
,RD121,,,,,,,,02/07/2026,,,,,1,,,2,2,,133.08,,,0,,,0,,,,7/2/2026 7:25:06 AM,,,,,,7/2/2026 12:39:15 PM,,
,RD122,,,,,,,,02/07/2026,,,,,1,,,1,1,,47.95,,,0,,,0,,,,7/2/2026 10:01:53 AM,,,,,,7/2/2026 10:01:53 AM,,
,RD126,,,,,,,,02/07/2026,,,,,1,,,7,7,,495.55,,,0,,,0,,,,7/2/2026 7:16:33 AM,,,,,,7/2/2026 12:02:13 PM,,
,RD132,,,,,,,,02/07/2026,,,,,1,,,8,8,,514.17,,,0,,,0,,,,7/2/2026 7:12:47 AM,,,,,,7/2/2026 1:15:47 PM,,
,RD143,,,,,,,,02/07/2026,,,,,1,,,2,2,,95.9,,,0,,,0,,,,7/2/2026 7:07:20 AM,,,,,,7/2/2026 7:55:46 AM,,
,RD226,,,,,,,,02/07/2026,,,,,1,,,8,7,,473.9,,,1,,,35,,,,7/2/2026 7:22:00 AM,,,,,,7/2/2026 12:43:56 PM,,
,RD228,,,,,,,,02/07/2026,,,,,1,,,15,0,,0,,,15,,,525,,,,7/2/2026 6:50:45 AM,,,,,,7/2/2026 1:13:22 PM,,
,RD229,,,,,,,,02/07/2026,,,,,1,,,9,8,,529.2,,,1,,,35,,,,7/2/2026 6:57:34 AM,,,,,,7/2/2026 1:05:47 PM,,
,RD231,,,,,,,,02/07/2026,,,,,1,,,14,0,,0,,,14,,,490,,,,7/2/2026 6:53:32 AM,,,,,,7/2/2026 1:18:13 PM,,
,RD232,,,,,,,,02/07/2026,,,,,1,,,18,0,,0,,,18,,,630,,,,7/2/2026 6:58:43 AM,,,,,,7/2/2026 1:33:24 PM,,
,RD233,,,,,,,,02/07/2026,,,,,1,,,19,0,,0,,,19,,,665,,,,7/2/2026 7:06:00 AM,,,,,,7/2/2026 1:27:39 PM,,
,RD234,,,,,,,,02/07/2026,,,,,1,,,20,2,,172.5,,,18,,,630,,,,7/2/2026 6:47:52 AM,,,,,,7/2/2026 1:13:17 PM,,
,RD235,,,,,,,,02/07/2026,,,,,1,,,24,0,,0,,,24,,,840,,,,7/2/2026 6:48:29 AM,,,,,,7/2/2026 1:19:46 PM,,
,RD236,,,,,,,,02/07/2026,,,,,1,,,6,1,,90.5,,,5,,,175,,,,7/2/2026 6:56:20 AM,,,,,,7/2/2026 8:19:18 AM,,
,RD237,,,,,,,,02/07/2026,,,,,1,,,16,0,,0,,,16,,,560,,,,7/2/2026 6:46:38 AM,,,,,,7/2/2026 1:21:51 PM,,
,RD238,,,,,,,,02/07/2026,,,,,1,,,11,4,,254,,,7,,,245,,,,7/2/2026 6:55:43 AM,,,,,,7/2/2026 12:57:05 PM,,
,RD239,,,,,,,,02/07/2026,,,,,1,,,8,8,,525.6,,,0,,,0,,,,7/2/2026 7:00:11 AM,,,,,,7/2/2026 1:03:17 PM,,
,RD240,,,,,,,,02/07/2026,,,,,1,,,19,0,,0,,,19,,,665,,,,7/2/2026 6:58:58 AM,,,,,,7/2/2026 1:23:38 PM,,
,RD242,,,,,,,,02/07/2026,,,,,1,,,8,0,,0,,,8,,,280,,,,7/2/2026 6:48:59 AM,,,,,,7/2/2026 8:54:05 AM,,
,RD243,,,,,,,,02/07/2026,,,,,1,,,14,1,,91.2,,,13,,,455,,,,7/2/2026 8:48:27 AM,,,,,,7/2/2026 1:07:35 PM,,
,RD244,,,,,,,,02/07/2026,,,,,1,,,21,0,,0,,,21,,,735,,,,7/2/2026 6:45:09 AM,,,,,,7/2/2026 1:18:50 PM,,
,RD245,,,,,,,,02/07/2026,,,,,1,,,21,1,,89.3,,,20,,,700,,,,7/2/2026 6:31:18 AM,,,,,,7/2/2026 1:24:50 PM,,
,RD247,,,,,,,,02/07/2026,,,,,1,,,21,8,,718.05,,,13,,,455,,,,7/2/2026 6:34:48 AM,,,,,,7/2/2026 1:18:42 PM,,
,RD248,,,,,,,,02/07/2026,,,,,1,,,30,0,,0,,,30,,,1050,,,,7/2/2026 6:37:22 AM,,,,,,7/2/2026 1:29:24 PM,,
,RD250,,,,,,,,02/07/2026,,,,,1,,,14,0,,0,,,14,,,490,,,,7/2/2026 6:43:32 AM,,,,,,7/2/2026 1:08:57 PM,,
,RD251,,,,,,,,02/07/2026,,,,,1,,,16,0,,0,,,16,,,560,,,,7/2/2026 6:42:07 AM,,,,,,7/2/2026 1:15:01 PM,,
,RD252,,,,,,,,02/07/2026,,,,,1,,,17,2,,101.45,,,15,,,525,,,,7/2/2026 6:31:41 AM,,,,,,7/2/2026 1:02:26 PM,,
,RD253,,,,,,,,02/07/2026,,,,,1,,,18,7,,435.9,,,11,,,385,,,,7/2/2026 6:39:56 AM,,,,,,7/2/2026 1:33:25 PM,,
,RD121,,,,,,,,02/07/2026,,,,,2,,,9,9,,503.18,,,0,,,0,,,,7/2/2026 3:22:46 PM,,,,,,7/2/2026 8:45:37 PM,,
,RD143,,,,,,,,02/07/2026,,,,,2,,,9,8,,383.6,,,1,,,35,,,,7/2/2026 3:36:02 PM,,,,,,7/2/2026 9:34:54 PM,,
,RD226,,,,,,,,02/07/2026,,,,,2,,,11,11,,685.3,,,0,,,0,,,,7/2/2026 3:16:17 PM,,,,,,7/2/2026 9:09:55 PM,,
,RD227,,,,,,,,02/07/2026,,,,,2,,,22,0,,0,,,22,,,770,,,,7/2/2026 2:49:56 PM,,,,,,7/2/2026 9:20:12 PM,,
,RD228,,,,,,,,02/07/2026,,,,,2,,,25,5,,463.5,,,20,,,700,,,,7/2/2026 2:45:01 PM,,,,,,7/2/2026 9:32:33 PM,,
,RD229,,,,,,,,02/07/2026,,,,,2,,,19,0,,0,,,19,,,665,,,,7/2/2026 2:52:23 PM,,,,,,7/2/2026 8:49:45 PM,,
,RD230,,,,,,,,02/07/2026,,,,,2,,,28,0,,0,,,28,,,980,,,,7/2/2026 3:11:39 PM,,,,,,7/2/2026 9:28:59 PM,,
,RD231,,,,,,,,02/07/2026,,,,,2,,,14,6,,295.55,,,8,,,280,,,,7/2/2026 2:53:40 PM,,,,,,7/2/2026 9:16:08 PM,,
,RD232,,,,,,,,02/07/2026,,,,,2,,,20,10,,780.15,,,10,,,350,,,,7/2/2026 3:00:55 PM,,,,,,7/2/2026 9:19:39 PM,,
,RD233,,,,,,,,02/07/2026,,,,,2,,,19,3,,219.25,,,16,,,560,,,,7/2/2026 3:04:17 PM,,,,,,7/2/2026 9:16:13 PM,,
,RD234,,,,,,,,02/07/2026,,,,,2,,,14,14,,818.85,,,0,,,0,,,,7/2/2026 2:44:27 PM,,,,,,7/2/2026 9:03:40 PM,,
,RD235,,,,,,,,02/07/2026,,,,,2,,,21,0,,0,,,21,,,735,,,,7/2/2026 2:53:25 PM,,,,,,7/2/2026 9:23:44 PM,,
,RD237,,,,,,,,02/07/2026,,,,,2,,,28,0,,0,,,28,,,980,,,,7/2/2026 2:45:15 PM,,,,,,7/2/2026 8:45:13 PM,,
,RD239,,,,,,,,02/07/2026,,,,,2,,,14,14,,875.3,,,0,,,0,,,,7/2/2026 2:55:03 PM,,,,,,7/2/2026 9:22:14 PM,,
,RD240,,,,,,,,02/07/2026,,,,,2,,,17,11,,527.45,,,6,,,210,,,,7/2/2026 3:01:06 PM,,,,,,7/2/2026 9:39:13 PM,,
,RD241,,,,,,,,02/07/2026,,,,,2,,,2,2,,108.8,,,0,,,0,,,,7/2/2026 8:35:07 PM,,,,,,7/2/2026 9:15:54 PM,,
,RD242,,,,,,,,02/07/2026,,,,,2,,,22,8,,537.45,,,14,,,490,,,,7/2/2026 3:32:46 PM,,,,,,7/2/2026 9:56:55 PM,,
,RD243,,,,,,,,02/07/2026,,,,,2,,,22,0,,0,,,22,,,770,,,,7/2/2026 2:39:46 PM,,,,,,7/2/2026 8:54:09 PM,,
,RD244,,,,,,,,02/07/2026,,,,,2,,,14,14,,873.1,,,0,,,0,,,,7/2/2026 2:50:08 PM,,,,,,7/2/2026 9:53:17 PM,,
,RD245,,,,,,,,02/07/2026,,,,,2,,,21,0,,0,,,21,,,735,,,,7/2/2026 2:44:50 PM,,,,,,7/2/2026 9:16:08 PM,,
,RD247,,,,,,,,02/07/2026,,,,,2,,,14,0,,0,,,14,,,490,,,,7/2/2026 2:47:35 PM,,,,,,7/2/2026 8:46:05 PM,,
,RD248,,,,,,,,02/07/2026,,,,,2,,,19,0,,0,,,19,,,665,,,,7/2/2026 2:58:46 PM,,,,,,7/2/2026 9:16:33 PM,,
,RD250,,,,,,,,02/07/2026,,,,,2,,,19,0,,0,,,19,,,665,,,,7/2/2026 2:53:20 PM,,,,,,7/2/2026 9:01:39 PM,,
,RD251,,,,,,,,02/07/2026,,,,,2,,,22,21,,1810.85,,,1,,,35,,,,7/2/2026 2:34:57 PM,,,,,,7/2/2026 9:28:10 PM,,
,RD252,,,,,,,,02/07/2026,,,,,2,,,14,7,,552.6,,,7,,,245,,,,7/2/2026 2:57:01 PM,,,,,,7/2/2026 9:22:48 PM,,
,RD253,,,,,,,,02/07/2026,,,,,2,,,18,0,,0,,,18,,,630,,,,7/2/2026 2:48:22 PM,,,,,,7/2/2026 9:03:35 PM,,
,RD126,,,,,,,,02/07/2026,,,,,3,,,7,7,,481.82,,,0,,,0,,,,7/2/2026 11:00:50 PM,,,,,,7/3/2026 4:59:10 AM,,
,RD143,,,,,,,,02/07/2026,,,,,3,,,14,4,,191.8,,,10,,,350,,,,7/2/2026 11:06:59 PM,,,,,,7/3/2026 5:22:56 AM,,
,RD226,,,,,,,,02/07/2026,,,,,3,,,8,8,,556.9,,,0,,,0,,,,7/2/2026 11:07:46 PM,,,,,,7/3/2026 4:59:06 AM,,
,RD227,,,,,,,,02/07/2026,,,,,3,,,17,7,,335.65,,,10,,,350,,,,7/2/2026 10:28:20 PM,,,,,,7/3/2026 5:27:49 AM,,
,RD228,,,,,,,,02/07/2026,,,,,3,,,17,17,,1274.3,,,0,,,0,,,,7/2/2026 10:38:51 PM,,,,,,7/3/2026 4:48:23 AM,,
,RD229,,,,,,,,02/07/2026,,,,,3,,,11,3,,165.05,,,8,,,280,,,,7/2/2026 11:27:03 PM,,,,,,7/3/2026 5:14:32 AM,,
,RD230,,,,,,,,02/07/2026,,,,,3,,,21,0,,0,,,21,,,735,,,,7/2/2026 10:53:44 PM,,,,,,7/3/2026 5:21:15 AM,,
,RD231,,,,,,,,02/07/2026,,,,,3,,,13,0,,0,,,13,,,455,,,,7/2/2026 11:00:23 PM,,,,,,7/3/2026 3:21:16 AM,,
,RD232,,,,,,,,02/07/2026,,,,,3,,,25,3,,228,,,22,,,770,,,,7/2/2026 11:10:27 PM,,,,,,7/3/2026 5:21:11 AM,,
,RD233,,,,,,,,02/07/2026,,,,,3,,,38,0,,0,,,38,,,1330,,,,7/2/2026 11:12:59 PM,,,,,,7/3/2026 5:26:15 AM,,
,RD234,,,,,,,,02/07/2026,,,,,3,,,34,0,,0,,,34,,,1190,,,,7/2/2026 10:44:03 PM,,,,,,7/3/2026 5:11:15 AM,,
,RD235,,,,,,,,02/07/2026,,,,,3,,,22,1,,47.95,,,21,,,735,,,,7/2/2026 10:47:37 PM,,,,,,7/3/2026 5:24:58 AM,,
,RD237,,,,,,,,02/07/2026,,,,,3,,,3,0,,0,,,3,,,105,,,,7/3/2026 4:28:21 AM,,,,,,7/3/2026 5:06:49 AM,,
,RD238,,,,,,,,02/07/2026,,,,,3,,,18,1,,47.95,,,17,,,595,,,,7/2/2026 11:27:44 PM,,,,,,7/3/2026 5:18:50 AM,,
,RD239,,,,,,,,02/07/2026,,,,,3,,,15,0,,0,,,15,,,525,,,,7/2/2026 11:10:00 PM,,,,,,7/3/2026 4:56:44 AM,,
,RD240,,,,,,,,02/07/2026,,,,,3,,,20,0,,0,,,20,,,700,,,,7/2/2026 11:01:16 PM,,,,,,7/3/2026 5:12:38 AM,,
,RD241,,,,,,,,02/07/2026,,,,,3,,,19,0,,0,,,19,,,665,,,,7/2/2026 11:04:41 PM,,,,,,7/3/2026 5:16:47 AM,,
,RD242,,,,,,,,02/07/2026,,,,,3,,,24,2,,138,,,22,,,770,,,,7/2/2026 10:06:50 PM,,,,,,7/3/2026 5:18:16 AM,,
,RD243,,,,,,,,02/07/2026,,,,,3,,,24,0,,0,,,24,,,840,,,,7/2/2026 11:07:57 PM,,,,,,7/3/2026 5:33:57 AM,,
,RD244,,,,,,,,02/07/2026,,,,,3,,,44,3,,188.7,,,41,,,1435,,,,7/2/2026 10:02:53 PM,,,,,,7/3/2026 5:20:20 AM,,
,RD245,,,,,,,,02/07/2026,,,,,3,,,24,3,,244.3,,,21,,,735,,,,7/2/2026 10:54:42 PM,,,,,,7/3/2026 5:14:30 AM,,
,RD247,,,,,,,,02/07/2026,,,,,3,,,17,0,,0,,,17,,,595,,,,7/2/2026 10:58:36 PM,,,,,,7/3/2026 4:33:53 AM,,
,RD248,,,,,,,,02/07/2026,,,,,3,,,22,0,,0,,,22,,,770,,,,7/2/2026 10:57:09 PM,,,,,,7/3/2026 5:15:52 AM,,
,RD250,,,,,,,,02/07/2026,,,,,3,,,16,0,,0,,,16,,,560,,,,7/2/2026 10:53:39 PM,,,,,,7/3/2026 5:21:23 AM,,
,RD251,,,,,,,,02/07/2026,,,,,3,,,21,21,,1469.9,,,0,,,0,,,,7/2/2026 10:31:46 PM,,,,,,7/3/2026 4:55:42 AM,,
,RD252,,,,,,,,02/07/2026,,,,,3,,,17,8,,635.9,,,9,,,315,,,,7/2/2026 11:20:28 PM,,,,,,7/3/2026 5:02:02 AM,,
,RD253,,,,,,,,02/07/2026,,,,,3,,,8,8,,542.2,,,0,,,0,,,,7/2/2026 11:11:33 PM,,,,,,7/3/2026 5:17:02 AM,,
,RD126,,,,,,,,03/07/2026,,,,,1,,,7,7,,590.49,,,0,,,0,,,,7/3/2026 7:51:52 AM,,,,,,7/3/2026 1:00:49 PM,,
,RD141,,,,,,,,03/07/2026,,,,,1,,,8,8,,383.6,,,0,,,0,,,,7/3/2026 7:06:23 AM,,,,,,7/3/2026 12:34:53 PM,,
,RD226,,,,,,,,03/07/2026,,,,,1,,,9,9,,669,,,0,,,0,,,,7/3/2026 7:12:23 AM,,,,,,7/3/2026 1:11:18 PM,,
,RD227,,,,,,,,03/07/2026,,,,,1,,,3,0,,0,,,3,,,105,,,,7/3/2026 6:50:45 AM,,,,,,7/3/2026 7:20:44 AM,,
,RD228,,,,,,,,03/07/2026,,,,,1,,,9,9,,724.4,,,0,,,0,,,,7/3/2026 6:47:35 AM,,,,,,7/3/2026 12:31:47 PM,,
,RD229,,,,,,,,03/07/2026,,,,,1,,,7,7,,505.3,,,0,,,0,,,,7/3/2026 6:44:47 AM,,,,,,7/3/2026 9:53:28 AM,,
,RD230,,,,,,,,03/07/2026,,,,,1,,,8,8,,590.8,,,0,,,0,,,,7/3/2026 6:52:13 AM,,,,,,7/3/2026 12:20:31 PM,,
,RD232,,,,,,,,03/07/2026,,,,,1,,,16,9,,733.7,,,7,,,245,,,,7/3/2026 6:58:14 AM,,,,,,7/3/2026 11:05:58 AM,,
,RD233,,,,,,,,03/07/2026,,,,,1,,,36,0,,0,,,36,,,1260,,,,7/3/2026 6:25:17 AM,,,,,,7/3/2026 1:23:18 PM,,
,RD234,,,,,,,,03/07/2026,,,,,1,,,25,0,,0,,,25,,,875,,,,7/3/2026 6:48:49 AM,,,,,,7/3/2026 1:18:28 PM,,
,RD235,,,,,,,,03/07/2026,,,,,1,,,38,0,,0,,,38,,,1330,,,,7/3/2026 6:59:18 AM,,,,,,7/3/2026 1:19:44 PM,,
,RD236,,,,,,,,03/07/2026,,,,,1,,,15,8,,645.1,,,7,,,245,,,,7/3/2026 6:55:27 AM,,,,,,7/3/2026 10:42:01 AM,,
,RD237,,,,,,,,03/07/2026,,,,,1,,,14,1,,47.95,,,13,,,455,,,,7/3/2026 6:55:52 AM,,,,,,7/3/2026 1:02:36 PM,,
,RD238,,,,,,,,03/07/2026,,,,,1,,,20,1,,102.9,,,19,,,665,,,,7/3/2026 7:14:39 AM,,,,,,7/3/2026 1:16:47 PM,,
,RD239,,,,,,,,03/07/2026,,,,,1,,,11,0,,0,,,11,,,385,,,,7/3/2026 6:41:20 AM,,,,,,7/3/2026 12:58:00 PM,,
,RD240,,,,,,,,03/07/2026,,,,,1,,,5,1,,70.3,,,4,,,140,,,,7/3/2026 7:04:56 AM,,,,,,7/3/2026 12:09:50 PM,,
,RD241,,,,,,,,03/07/2026,,,,,1,,,19,1,,101.1,,,18,,,630,,,,7/3/2026 6:43:32 AM,,,,,,7/3/2026 1:24:09 PM,,
,RD242,,,,,,,,03/07/2026,,,,,1,,,41,0,,0,,,41,,,1435,,,,7/3/2026 6:41:49 AM,,,,,,7/3/2026 1:18:36 PM,,
,RD243,,,,,,,,03/07/2026,,,,,1,,,19,0,,0,,,19,,,665,,,,7/3/2026 6:54:29 AM,,,,,,7/3/2026 1:15:40 PM,,
,RD244,,,,,,,,03/07/2026,,,,,1,,,16,0,,0,,,16,,,560,,,,7/3/2026 6:44:25 AM,,,,,,7/3/2026 1:12:03 PM,,
,RD245,,,,,,,,03/07/2026,,,,,1,,,35,1,,69.4,,,34,,,1190,,,,7/3/2026 6:41:13 AM,,,,,,7/3/2026 1:22:24 PM,,
,RD247,,,,,,,,03/07/2026,,,,,1,,,27,1,,108,,,26,,,910,,,,7/3/2026 6:35:25 AM,,,,,,7/3/2026 1:06:52 PM,,
,RD248,,,,,,,,03/07/2026,,,,,1,,,25,1,,62.6,,,24,,,840,,,,7/3/2026 7:08:12 AM,,,,,,7/3/2026 1:07:13 PM,,
,RD249,,,,,,,,03/07/2026,,,,,1,,,10,1,,69.5,,,9,,,315,,,,7/3/2026 9:16:43 AM,,,,,,7/3/2026 1:07:51 PM,,
,RD250,,,,,,,,03/07/2026,,,,,1,,,25,0,,0,,,25,,,875,,,,7/3/2026 7:04:51 AM,,,,,,7/3/2026 1:25:48 PM,,
,RD251,,,,,,,,03/07/2026,,,,,1,,,31,0,,0,,,31,,,1085,,,,7/3/2026 6:44:12 AM,,,,,,7/3/2026 1:40:02 PM,,
,RD252,,,,,,,,03/07/2026,,,,,1,,,22,1,,75.1,,,21,,,735,,,,7/3/2026 6:35:27 AM,,,,,,7/3/2026 1:14:20 PM,,
,RD253,,,,,,,,03/07/2026,,,,,1,,,14,6,,544.2,,,8,,,280,,,,7/3/2026 6:41:04 AM,,,,,,7/3/2026 10:55:32 AM,,
,RD141,,,,,,,,03/07/2026,,,,,2,,,10,0,,0,,,10,,,350,,,,7/3/2026 4:26:08 PM,,,,,,7/3/2026 9:01:16 PM,,
,RD226,,,,,,,,03/07/2026,,,,,2,,,6,0,,0,,,6,,,210,,,,7/3/2026 5:46:47 PM,,,,,,7/3/2026 7:43:24 PM,,
,RD227,,,,,,,,03/07/2026,,,,,2,,,20,4,,376.1,,,16,,,560,,,,7/3/2026 3:26:24 PM,,,,,,7/3/2026 9:39:22 PM,,
,RD228,,,,,,,,03/07/2026,,,,,2,,,24,2,,195.3,,,22,,,770,,,,7/3/2026 3:12:55 PM,,,,,,7/3/2026 9:15:08 PM,,
,RD229,,,,,,,,03/07/2026,,,,,2,,,16,5,,503.3,,,11,,,385,,,,7/3/2026 3:21:54 PM,,,,,,7/3/2026 9:17:54 PM,,
,RD230,,,,,,,,03/07/2026,,,,,2,,,15,2,,192.6,,,13,,,455,,,,7/3/2026 3:47:17 PM,,,,,,7/3/2026 9:18:13 PM,,
,RD231,,,,,,,,03/07/2026,,,,,2,,,16,1,,47.95,,,15,,,525,,,,7/3/2026 4:06:55 PM,,,,,,7/3/2026 9:16:22 PM,,
,RD232,,,,,,,,03/07/2026,,,,,2,,,11,0,,0,,,11,,,385,,,,7/3/2026 4:16:42 PM,,,,,,7/3/2026 9:18:22 PM,,
,RD233,,,,,,,,03/07/2026,,,,,2,,,22,6,,548.95,,,16,,,560,,,,7/3/2026 3:15:21 PM,,,,,,7/3/2026 9:32:57 PM,,
,RD234,,,,,,,,03/07/2026,,,,,2,,,8,1,,95,,,7,,,245,,,,7/3/2026 5:53:38 PM,,,,,,7/3/2026 8:32:41 PM,,
,RD235,,,,,,,,03/07/2026,,,,,2,,,14,1,,106.7,,,13,,,455,,,,7/3/2026 3:21:51 PM,,,,,,7/3/2026 9:12:50 PM,,
,RD236,,,,,,,,03/07/2026,,,,,2,,,16,1,,86.2,,,15,,,525,,,,7/3/2026 3:23:43 PM,,,,,,7/3/2026 9:16:17 PM,,
,RD237,,,,,,,,03/07/2026,,,,,2,,,17,0,,0,,,17,,,595,,,,7/3/2026 3:37:55 PM,,,,,,7/3/2026 9:07:30 PM,,
,RD238,,,,,,,,03/07/2026,,,,,2,,,22,4,,325.25,,,18,,,630,,,,7/3/2026 3:10:49 PM,,,,,,7/3/2026 9:19:15 PM,,
,RD239,,,,,,,,03/07/2026,,,,,2,,,22,1,,85.4,,,21,,,735,,,,7/3/2026 3:13:18 PM,,,,,,7/3/2026 9:07:51 PM,,
,RD240,,,,,,,,03/07/2026,,,,,2,,,23,0,,0,,,23,,,805,,,,7/3/2026 3:17:28 PM,,,,,,7/3/2026 9:27:25 PM,,
,RD241,,,,,,,,03/07/2026,,,,,2,,,10,1,,94.6,,,9,,,315,,,,7/3/2026 4:03:01 PM,,,,,,7/3/2026 9:12:17 PM,,
,RD243,,,,,,,,03/07/2026,,,,,2,,,17,0,,0,,,17,,,595,,,,7/3/2026 3:54:42 PM,,,,,,7/3/2026 9:22:31 PM,,
,RD244,,,,,,,,03/07/2026,,,,,2,,,20,2,,138.05,,,18,,,630,,,,7/3/2026 2:56:36 PM,,,,,,7/3/2026 9:35:59 PM,,
,RD245,,,,,,,,03/07/2026,,,,,2,,,20,1,,47.95,,,19,,,665,,,,7/3/2026 3:11:59 PM,,,,,,7/3/2026 9:24:44 PM,,
,RD247,,,,,,,,03/07/2026,,,,,2,,,15,6,,567.6,,,9,,,315,,,,7/3/2026 3:33:03 PM,,,,,,7/3/2026 9:21:58 PM,,
,RD248,,,,,,,,03/07/2026,,,,,2,,,21,0,,0,,,21,,,735,,,,7/3/2026 3:09:55 PM,,,,,,7/3/2026 8:43:29 PM,,
,RD249,,,,,,,,03/07/2026,,,,,2,,,16,0,,0,,,16,,,560,,,,7/3/2026 4:36:42 PM,,,,,,7/3/2026 9:14:04 PM,,
,RD250,,,,,,,,03/07/2026,,,,,2,,,24,4,,305.6,,,20,,,700,,,,7/3/2026 3:06:54 PM,,,,,,7/3/2026 9:33:29 PM,,
,RD251,,,,,,,,03/07/2026,,,,,2,,,18,4,,392.7,,,14,,,490,,,,7/3/2026 3:57:50 PM,,,,,,7/3/2026 9:12:56 PM,,
,RD252,,,,,,,,03/07/2026,,,,,2,,,23,0,,0,,,23,,,805,,,,7/3/2026 3:22:21 PM,,,,,,7/3/2026 9:25:16 PM,,
,RD253,,,,,,,,03/07/2026,,,,,2,,,10,0,,0,,,10,,,350,,,,7/3/2026 4:20:36 PM,,,,,,7/3/2026 9:04:45 PM,,
,RD121,,,,,,,,03/07/2026,,,,,3,,,11,0,,0,,,11,,,385,,,,7/3/2026 11:13:25 PM,,,,,,7/4/2026 5:23:19 AM,,
,RD141,,,,,,,,03/07/2026,,,,,3,,,9,7,,335.65,,,2,,,70,,,,7/3/2026 11:20:44 PM,,,,,,7/4/2026 5:01:57 AM,,
,RD226,,,,,,,,03/07/2026,,,,,3,,,9,8,,720.8,,,1,,,35,,,,7/3/2026 11:06:18 PM,,,,,,7/4/2026 4:53:16 AM,,
,RD227,,,,,,,,03/07/2026,,,,,3,,,10,10,,944.6,,,0,,,0,,,,7/3/2026 11:02:39 PM,,,,,,7/4/2026 5:11:51 AM,,
,RD228,,,,,,,,03/07/2026,,,,,3,,,9,8,,747.1,,,1,,,35,,,,7/3/2026 11:16:36 PM,,,,,,7/4/2026 5:06:19 AM,,
,RD229,,,,,,,,03/07/2026,,,,,3,,,6,5,,441,,,1,,,35,,,,7/3/2026 11:24:26 PM,,,,,,7/4/2026 4:48:52 AM,,
,RD230,,,,,,,,03/07/2026,,,,,3,,,10,9,,688.6,,,1,,,35,,,,7/3/2026 10:59:54 PM,,,,,,7/4/2026 4:48:10 AM,,
,RD231,,,,,,,,03/07/2026,,,,,3,,,10,0,,0,,,10,,,350,,,,7/3/2026 11:26:56 PM,,,,,,7/4/2026 5:16:17 AM,,
,RD232,,,,,,,,03/07/2026,,,,,3,,,10,0,,0,,,10,,,350,,,,7/3/2026 11:31:07 PM,,,,,,7/4/2026 5:20:11 AM,,
,RD233,,,,,,,,03/07/2026,,,,,3,,,7,0,,0,,,7,,,245,,,,7/3/2026 11:43:21 PM,,,,,,7/4/2026 5:18:16 AM,,
,RD234,,,,,,,,03/07/2026,,,,,3,,,9,0,,0,,,9,,,315,,,,7/3/2026 11:54:44 PM,,,,,,7/4/2026 5:15:08 AM,,
,RD235,,,,,,,,03/07/2026,,,,,3,,,15,14,,1296.15,,,1,,,35,,,,7/3/2026 11:41:24 PM,,,,,,7/4/2026 5:04:11 AM,,
,RD236,,,,,,,,03/07/2026,,,,,3,,,13,12,,1061,,,1,,,35,,,,7/3/2026 11:45:36 PM,,,,,,7/4/2026 5:19:04 AM,,
,RD238,,,,,,,,03/07/2026,,,,,3,,,10,0,,0,,,10,,,350,,,,7/4/2026 12:00:57 AM,,,,,,7/4/2026 5:08:15 AM,,
,RD239,,,,,,,,03/07/2026,,,,,3,,,13,6,,563.5,,,7,,,245,,,,7/3/2026 11:05:49 PM,,,,,,7/4/2026 3:35:58 AM,,
,RD240,,,,,,,,03/07/2026,,,,,3,,,10,0,,0,,,10,,,350,,,,7/3/2026 11:32:12 PM,,,,,,7/4/2026 5:13:50 AM,,
,RD241,,,,,,,,03/07/2026,,,,,3,,,21,0,,0,,,21,,,735,,,,7/3/2026 11:38:39 PM,,,,,,7/4/2026 5:14:13 AM,,
,RD242,,,,,,,,03/07/2026,,,,,3,,,2,2,,182.1,,,0,,,0,,,,7/4/2026 3:42:11 AM,,,,,,7/4/2026 4:39:57 AM,,
,RD243,,,,,,,,03/07/2026,,,,,3,,,18,15,,1319.25,,,3,,,105,,,,7/3/2026 11:27:05 PM,,,,,,7/4/2026 5:14:54 AM,,
,RD244,,,,,,,,03/07/2026,,,,,3,,,26,0,,0,,,26,,,910,,,,7/3/2026 10:59:29 PM,,,,,,7/4/2026 5:23:54 AM,,
,RD245,,,,,,,,03/07/2026,,,,,3,,,35,0,,0,,,35,,,1225,,,,7/3/2026 10:57:28 PM,,,,,,7/4/2026 5:20:39 AM,,
,RD247,,,,,,,,03/07/2026,,,,,3,,,39,0,,0,,,39,,,1365,,,,7/3/2026 10:53:27 PM,,,,,,7/4/2026 5:24:04 AM,,
,RD248,,,,,,,,03/07/2026,,,,,3,,,25,0,,0,,,25,,,875,,,,7/3/2026 11:05:32 PM,,,,,,7/4/2026 5:19:16 AM,,
,RD249,,,,,,,,03/07/2026,,,,,3,,,32,0,,0,,,32,,,1120,,,,7/3/2026 11:00:16 PM,,,,,,7/4/2026 5:18:15 AM,,
,RD250,,,,,,,,03/07/2026,,,,,3,,,9,0,,0,,,9,,,315,,,,7/3/2026 11:47:03 PM,,,,,,7/4/2026 5:19:09 AM,,
,RD251,,,,,,,,03/07/2026,,,,,3,,,11,0,,0,,,11,,,385,,,,7/3/2026 11:18:57 PM,,,,,,7/4/2026 5:09:57 AM,,
,RD252,,,,,,,,03/07/2026,,,,,3,,,12,0,,0,,,12,,,420,,,,7/3/2026 11:14:18 PM,,,,,,7/4/2026 5:24:37 AM,,
,RD253,,,,,,,,03/07/2026,,,,,3,,,10,0,,0,,,10,,,350,,,,7/3/2026 11:22:54 PM,,,,,,7/4/2026 5:09:41 AM,,
,RD121,,,,,,,,04/07/2026,,,,,1,,,8,0,,0,,,8,,,280,,,,7/4/2026 6:48:43 AM,,,,,,7/4/2026 1:12:48 PM,,
,RD122,,,,,,,,04/07/2026,,,,,1,,,2,0,,0,,,2,,,70,,,,7/4/2026 12:37:47 PM,,,,,,7/4/2026 1:03:56 PM,,
,RD126,,,,,,,,04/07/2026,,,,,1,,,2,2,,165.1,,,0,,,0,,,,7/4/2026 7:44:56 AM,,,,,,7/4/2026 8:20:12 AM,,
,RD141,,,,,,,,04/07/2026,,,,,1,,,8,8,,383.6,,,0,,,0,,,,7/4/2026 7:37:00 AM,,,,,,7/4/2026 1:07:16 PM,,
,RD143,,,,,,,,04/07/2026,,,,,1,,,4,0,,0,,,4,,,140,,,,7/4/2026 7:24:34 AM,,,,,,7/4/2026 10:32:59 AM,,
,RD216,,,,,,,,04/07/2026,,,,,1,,,1,0,,0,,,1,,,35,,,,7/4/2026 6:58:54 AM,,,,,,7/4/2026 6:58:54 AM,,
,RD226,,,,,,,,04/07/2026,,,,,1,,,10,10,,831,,,0,,,0,,,,7/4/2026 6:37:59 AM,,,,,,7/4/2026 1:10:35 PM,,
,RD227,,,,,,,,04/07/2026,,,,,1,,,9,9,,730,,,0,,,0,,,,7/4/2026 6:45:17 AM,,,,,,7/4/2026 1:03:51 PM,,
,RD228,,,,,,,,04/07/2026,,,,,1,,,19,0,,0,,,19,,,665,,,,7/4/2026 6:36:27 AM,,,,,,7/4/2026 1:16:46 PM,,
,RD229,,,,,,,,04/07/2026,,,,,1,,,10,0,,0,,,10,,,350,,,,7/4/2026 6:45:25 AM,,,,,,7/4/2026 12:02:26 PM,,
,RD230,,,,,,,,04/07/2026,,,,,1,,,9,5,,407.9,,,4,,,140,,,,7/4/2026 7:10:43 AM,,,,,,7/4/2026 1:16:47 PM,,
,RD231,,,,,,,,04/07/2026,,,,,1,,,9,9,,431.55,,,0,,,0,,,,7/4/2026 6:48:56 AM,,,,,,7/4/2026 1:21:33 PM,,
,RD232,,,,,,,,04/07/2026,,,,,1,,,20,0,,0,,,20,,,700,,,,7/4/2026 6:40:02 AM,,,,,,7/4/2026 1:12:12 PM,,
,RD233,,,,,,,,04/07/2026,,,,,1,,,19,14,,1227.45,,,5,,,175,,,,7/4/2026 6:28:47 AM,,,,,,7/4/2026 1:22:16 PM,,
,RD234,,,,,,,,04/07/2026,,,,,1,,,15,11,,972.4,,,4,,,140,,,,7/4/2026 6:34:21 AM,,,,,,7/4/2026 1:05:36 PM,,
,RD235,,,,,,,,04/07/2026,,,,,1,,,24,0,,0,,,24,,,840,,,,7/4/2026 6:58:00 AM,,,,,,7/4/2026 1:15:28 PM,,
,RD236,,,,,,,,04/07/2026,,,,,1,,,18,12,,1088.05,,,6,,,210,,,,7/4/2026 6:58:50 AM,,,,,,7/4/2026 1:16:31 PM,,
,RD238,,,,,,,,04/07/2026,,,,,1,,,36,3,,288.9,,,33,,,1155,,,,7/4/2026 6:48:57 AM,,,,,,7/4/2026 1:19:23 PM,,
,RD240,,,,,,,,04/07/2026,,,,,1,,,10,0,,0,,,10,,,350,,,,7/4/2026 9:50:37 AM,,,,,,7/4/2026 1:20:57 PM,,
,RD242,,,,,,,,04/07/2026,,,,,1,,,13,10,,907.3,,,3,,,105,,,,7/4/2026 6:43:41 AM,,,,,,7/4/2026 1:13:43 PM,,
,RD243,,,,,,,,04/07/2026,,,,,1,,,8,0,,0,,,8,,,280,,,,7/4/2026 9:52:51 AM,,,,,,7/4/2026 1:05:58 PM,,
,RD244,,,,,,,,04/07/2026,,,,,1,,,15,0,,0,,,15,,,525,,,,7/4/2026 6:45:03 AM,,,,,,7/4/2026 12:54:09 PM,,
,RD245,,,,,,,,04/07/2026,,,,,1,,,16,0,,0,,,16,,,560,,,,7/4/2026 6:49:32 AM,,,,,,7/4/2026 1:15:01 PM,,
,RD247,,,,,,,,04/07/2026,,,,,1,,,23,0,,0,,,23,,,805,,,,7/4/2026 6:40:12 AM,,,,,,7/4/2026 1:19:51 PM,,
,RD248,,,,,,,,04/07/2026,,,,,1,,,12,2,,160.2,,,10,,,350,,,,7/4/2026 7:21:24 AM,,,,,,7/4/2026 1:11:06 PM,,
,RD249,,,,,,,,04/07/2026,,,,,1,,,36,0,,0,,,36,,,1260,,,,7/4/2026 6:33:20 AM,,,,,,7/4/2026 1:25:16 PM,,
,RD250,,,,,,,,04/07/2026,,,,,1,,,8,0,,0,,,8,,,280,,,,7/4/2026 10:02:32 AM,,,,,,7/4/2026 1:00:59 PM,,
,RD251,,,,,,,,04/07/2026,,,,,1,,,18,0,,0,,,18,,,630,,,,7/4/2026 6:58:21 AM,,,,,,7/4/2026 1:08:52 PM,,
,RD252,,,,,,,,04/07/2026,,,,,1,,,12,7,,638.3,,,5,,,175,,,,7/4/2026 6:46:18 AM,,,,,,7/4/2026 10:47:54 AM,,
,RD253,,,,,,,,04/07/2026,,,,,1,,,38,2,,199.1,,,36,,,1260,,,,7/4/2026 6:34:20 AM,,,,,,7/4/2026 1:24:09 PM,,
,RD121,,,,,,,,04/07/2026,,,,,2,,,7,7,,409.38,,,0,,,0,,,,7/4/2026 3:36:49 PM,,,,,,7/4/2026 7:56:42 PM,,
,RD132,,,,,,,,04/07/2026,,,,,2,,,3,1,,71.03,,,2,,,70,,,,7/4/2026 6:19:50 PM,,,,,,7/4/2026 9:11:16 PM,,
,RD141,,,,,,,,04/07/2026,,,,,2,,,4,4,,191.8,,,0,,,0,,,,7/4/2026 3:41:28 PM,,,,,,7/4/2026 9:24:45 PM,,
,RD143,,,,,,,,04/07/2026,,,,,2,,,5,0,,0,,,5,,,175,,,,7/4/2026 7:12:20 PM,,,,,,7/4/2026 9:29:32 PM,,
,RD226,,,,,,,,04/07/2026,,,,,2,,,10,10,,774.2,,,0,,,0,,,,7/4/2026 3:25:59 PM,,,,,,7/4/2026 9:17:41 PM,,
,RD227,,,,,,,,04/07/2026,,,,,2,,,7,7,,430.5,,,0,,,0,,,,7/4/2026 3:32:41 PM,,,,,,7/4/2026 9:30:37 PM,,
,RD228,,,,,,,,04/07/2026,,,,,2,,,22,1,,65.4,,,21,,,735,,,,7/4/2026 3:46:30 PM,,,,,,7/4/2026 9:27:52 PM,,
,RD229,,,,,,,,04/07/2026,,,,,2,,,14,0,,0,,,14,,,490,,,,7/4/2026 3:42:59 PM,,,,,,7/4/2026 9:25:15 PM,,
,RD230,,,,,,,,04/07/2026,,,,,2,,,7,3,,201.45,,,4,,,140,,,,7/4/2026 3:26:09 PM,,,,,,7/4/2026 6:07:03 PM,,
,RD231,,,,,,,,04/07/2026,,,,,2,,,19,0,,0,,,19,,,665,,,,7/4/2026 3:44:58 PM,,,,,,7/4/2026 9:13:53 PM,,
,RD232,,,,,,,,04/07/2026,,,,,2,,,26,0,,0,,,26,,,910,,,,7/4/2026 3:36:28 PM,,,,,,7/4/2026 9:21:17 PM,,
,RD233,,,,,,,,04/07/2026,,,,,2,,,14,0,,0,,,14,,,490,,,,7/4/2026 4:05:55 PM,,,,,,7/4/2026 9:17:12 PM,,
,RD234,,,,,,,,04/07/2026,,,,,2,,,11,0,,0,,,11,,,385,,,,7/4/2026 3:40:01 PM,,,,,,7/4/2026 9:10:19 PM,,
,RD235,,,,,,,,04/07/2026,,,,,2,,,22,0,,0,,,22,,,770,,,,7/4/2026 3:30:17 PM,,,,,,7/4/2026 9:18:18 PM,,
,RD236,,,,,,,,04/07/2026,,,,,2,,,16,3,,208.9,,,13,,,455,,,,7/4/2026 3:26:18 PM,,,,,,7/4/2026 9:21:09 PM,,
,RD238,,,,,,,,04/07/2026,,,,,2,,,29,0,,0,,,29,,,1015,,,,7/4/2026 3:39:28 PM,,,,,,7/4/2026 9:24:49 PM,,
,RD240,,,,,,,,04/07/2026,,,,,2,,,11,1,,94.7,,,10,,,350,,,,7/4/2026 3:26:03 PM,,,,,,7/4/2026 9:15:28 PM,,
,RD241,,,,,,,,04/07/2026,,,,,2,,,3,3,,209.8,,,0,,,0,,,,7/4/2026 8:03:26 PM,,,,,,7/4/2026 9:00:01 PM,,
,RD242,,,,,,,,04/07/2026,,,,,2,,,6,0,,0,,,6,,,210,,,,7/4/2026 7:42:40 PM,,,,,,7/4/2026 9:19:42 PM,,
,RD243,,,,,,,,04/07/2026,,,,,2,,,15,1,,47.95,,,14,,,490,,,,7/4/2026 3:33:14 PM,,,,,,7/4/2026 9:13:56 PM,,
,RD244,,,,,,,,04/07/2026,,,,,2,,,8,8,,596.3,,,0,,,0,,,,7/4/2026 3:31:00 PM,,,,,,7/4/2026 9:04:01 PM,,
,RD245,,,,,,,,04/07/2026,,,,,2,,,4,0,,0,,,4,,,140,,,,7/4/2026 7:54:05 PM,,,,,,7/4/2026 8:58:31 PM,,
,RD247,,,,,,,,04/07/2026,,,,,2,,,3,1,,82,,,2,,,70,,,,7/4/2026 7:56:05 PM,,,,,,7/4/2026 8:39:13 PM,,
,RD248,,,,,,,,04/07/2026,,,,,2,,,17,0,,0,,,17,,,595,,,,7/4/2026 6:27:32 PM,,,,,,7/4/2026 9:28:22 PM,,
,RD249,,,,,,,,04/07/2026,,,,,2,,,13,4,,339.9,,,9,,,315,,,,7/4/2026 3:41:16 PM,,,,,,7/4/2026 9:09:16 PM,,
,RD250,,,,,,,,04/07/2026,,,,,2,,,8,3,,197.5,,,5,,,175,,,,7/4/2026 3:56:49 PM,,,,,,7/4/2026 9:09:53 PM,,
,RD251,,,,,,,,04/07/2026,,,,,2,,,15,1,,86.6,,,14,,,490,,,,7/4/2026 4:00:28 PM,,,,,,7/4/2026 9:23:52 PM,,
,RD252,,,,,,,,04/07/2026,,,,,2,,,10,7,,536.6,,,3,,,105,,,,7/4/2026 4:50:33 PM,,,,,,7/4/2026 9:08:37 PM,,
,RD253,,,,,,,,04/07/2026,,,,,2,,,14,0,,0,,,14,,,490,,,,7/4/2026 3:56:34 PM,,,,,,7/4/2026 9:21:44 PM,,
,RD126,,,,,,,,04/07/2026,,,,,3,,,2,2,,144.42,,,0,,,0,,,,7/4/2026 11:04:15 PM,,,,,,7/4/2026 11:41:43 PM,,
,RD141,,,,,,,,04/07/2026,,,,,3,,,8,8,,383.6,,,0,,,0,,,,7/5/2026 12:29:11 AM,,,,,,7/5/2026 5:22:51 AM,,
,RD226,,,,,,,,04/07/2026,,,,,3,,,11,11,,837.9,,,0,,,0,,,,7/4/2026 11:00:23 PM,,,,,,7/5/2026 5:14:07 AM,,
,RD227,,,,,,,,04/07/2026,,,,,3,,,32,5,,343.6,,,27,,,945,,,,7/4/2026 11:20:19 PM,,,,,,7/5/2026 5:36:04 AM,,
,RD228,,,,,,,,04/07/2026,,,,,3,,,12,1,,92.7,,,11,,,385,,,,7/4/2026 11:56:02 PM,,,,,,7/5/2026 5:14:59 AM,,
,RD230,,,,,,,,04/07/2026,,,,,3,,,18,5,,329.9,,,13,,,455,,,,7/4/2026 10:55:47 PM,,,,,,7/5/2026 5:21:09 AM,,
,RD231,,,,,,,,04/07/2026,,,,,3,,,12,0,,0,,,12,,,420,,,,7/5/2026 12:06:15 AM,,,,,,7/5/2026 5:19:06 AM,,
,RD232,,,,,,,,04/07/2026,,,,,3,,,11,11,,847.7,,,0,,,0,,,,7/4/2026 11:08:15 PM,,,,,,7/5/2026 5:19:03 AM,,
,RD233,,,,,,,,04/07/2026,,,,,3,,,18,0,,0,,,18,,,630,,,,7/4/2026 10:56:32 PM,,,,,,7/5/2026 5:10:47 AM,,
,RD234,,,,,,,,04/07/2026,,,,,3,,,40,0,,0,,,40,,,1400,,,,7/4/2026 11:36:06 PM,,,,,,7/5/2026 5:35:24 AM,,
,RD235,,,,,,,,04/07/2026,,,,,3,,,12,0,,0,,,12,,,420,,,,7/4/2026 11:59:53 PM,,,,,,7/5/2026 5:14:55 AM,,
,RD236,,,,,,,,04/07/2026,,,,,3,,,21,1,,94.6,,,20,,,700,,,,7/4/2026 10:56:57 PM,,,,,,7/5/2026 5:18:03 AM,,
,RD238,,,,,,,,04/07/2026,,,,,3,,,18,0,,0,,,18,,,630,,,,7/4/2026 10:52:09 PM,,,,,,7/5/2026 5:20:41 AM,,
,RD240,,,,,,,,04/07/2026,,,,,3,,,18,0,,0,,,18,,,630,,,,7/4/2026 10:57:48 PM,,,,,,7/5/2026 5:17:35 AM,,
,RD241,,,,,,,,04/07/2026,,,,,3,,,16,0,,0,,,16,,,560,,,,7/4/2026 11:04:46 PM,,,,,,7/5/2026 5:13:41 AM,,
,RD242,,,,,,,,04/07/2026,,,,,3,,,16,0,,0,,,16,,,560,,,,7/4/2026 10:59:15 PM,,,,,,7/5/2026 1:38:10 AM,,
,RD243,,,,,,,,04/07/2026,,,,,3,,,12,1,,47.95,,,11,,,385,,,,7/4/2026 11:49:00 PM,,,,,,7/5/2026 5:28:06 AM,,
,RD244,,,,,,,,04/07/2026,,,,,3,,,16,9,,797.5,,,7,,,245,,,,7/4/2026 11:12:09 PM,,,,,,7/5/2026 5:24:50 AM,,
,RD245,,,,,,,,04/07/2026,,,,,3,,,29,0,,0,,,29,,,1015,,,,7/4/2026 10:59:32 PM,,,,,,7/5/2026 5:05:11 AM,,
,RD247,,,,,,,,04/07/2026,,,,,3,,,24,0,,0,,,24,,,840,,,,7/4/2026 10:52:50 PM,,,,,,7/5/2026 5:15:09 AM,,
,RD248,,,,,,,,04/07/2026,,,,,3,,,20,0,,0,,,20,,,700,,,,7/4/2026 10:59:37 PM,,,,,,7/5/2026 5:21:28 AM,,
,RD249,,,,,,,,04/07/2026,,,,,3,,,24,0,,0,,,24,,,840,,,,7/4/2026 10:50:16 PM,,,,,,7/5/2026 5:24:53 AM,,
,RD250,,,,,,,,04/07/2026,,,,,3,,,18,0,,0,,,18,,,630,,,,7/4/2026 11:49:22 PM,,,,,,7/5/2026 5:08:22 AM,,
,RD251,,,,,,,,04/07/2026,,,,,3,,,30,0,,0,,,30,,,1050,,,,7/4/2026 11:13:34 PM,,,,,,7/5/2026 5:32:06 AM,,
,RD252,,,,,,,,04/07/2026,,,,,3,,,23,0,,0,,,23,,,805,,,,7/4/2026 11:02:10 PM,,,,,,7/5/2026 5:29:16 AM,,
,RD253,,,,,,,,04/07/2026,,,,,3,,,26,7,,458,,,19,,,665,,,,7/4/2026 11:04:20 PM,,,,,,7/5/2026 5:21:08 AM,,
,RD141,,,,,,,,05/07/2026,,,,,1,,,1,1,,47.95,,,0,,,0,,,,7/5/2026 8:04:58 AM,,,,,,7/5/2026 8:04:58 AM,,
,RD226,,,,,,,,05/07/2026,,,,,1,,,13,13,,995.5,,,0,,,0,,,,7/5/2026 6:58:12 AM,,,,,,7/5/2026 1:04:08 PM,,
,RD230,,,,,,,,05/07/2026,,,,,1,,,14,13,,920.85,,,1,,,35,,,,7/5/2026 7:08:19 AM,,,,,,7/5/2026 1:10:43 PM,,
,RD231,,,,,,,,05/07/2026,,,,,1,,,23,11,,527.45,,,12,,,420,,,,7/5/2026 7:20:05 AM,,,,,,7/5/2026 1:19:37 PM,,
,RD232,,,,,,,,05/07/2026,,,,,1,,,25,0,,0,,,25,,,875,,,,7/5/2026 6:36:59 AM,,,,,,7/5/2026 1:23:04 PM,,
,RD233,,,,,,,,05/07/2026,,,,,1,,,21,1,,47.95,,,20,,,700,,,,7/5/2026 6:45:01 AM,,,,,,7/5/2026 1:00:44 PM,,
,RD235,,,,,,,,05/07/2026,,,,,1,,,23,7,,488.5,,,16,,,560,,,,7/5/2026 6:38:03 AM,,,,,,7/5/2026 1:26:55 PM,,
,RD236,,,,,,,,05/07/2026,,,,,1,,,14,1,,91.9,,,13,,,455,,,,7/5/2026 10:28:51 AM,,,,,,7/5/2026 1:23:55 PM,,
,RD237,,,,,,,,05/07/2026,,,,,1,,,32,14,,671.3,,,18,,,630,,,,7/5/2026 7:02:41 AM,,,,,,7/5/2026 1:30:33 PM,,
,RD238,,,,,,,,05/07/2026,,,,,1,,,24,0,,0,,,24,,,840,,,,7/5/2026 6:48:14 AM,,,,,,7/5/2026 1:17:48 PM,,
,RD239,,,,,,,,05/07/2026,,,,,1,,,27,8,,727.2,,,19,,,665,,,,7/5/2026 6:46:00 AM,,,,,,7/5/2026 1:25:21 PM,,
,RD240,,,,,,,,05/07/2026,,,,,1,,,22,1,,93.2,,,21,,,735,,,,7/5/2026 6:55:38 AM,,,,,,7/5/2026 1:20:04 PM,,
,RD241,,,,,,,,05/07/2026,,,,,1,,,15,11,,876.1,,,4,,,140,,,,7/5/2026 6:56:24 AM,,,,,,7/5/2026 1:13:50 PM,,
,RD242,,,,,,,,05/07/2026,,,,,1,,,30,14,,1222.35,,,16,,,560,,,,7/5/2026 6:36:34 AM,,,,,,7/5/2026 1:29:44 PM,,
,RD243,,,,,,,,05/07/2026,,,,,1,,,24,0,,0,,,24,,,840,,,,7/5/2026 6:31:39 AM,,,,,,7/5/2026 1:18:53 PM,,
,RD244,,,,,,,,05/07/2026,,,,,1,,,9,0,,0,,,9,,,315,,,,7/5/2026 6:58:38 AM,,,,,,7/5/2026 10:16:51 AM,,
,RD245,,,,,,,,05/07/2026,,,,,1,,,25,13,,1125.2,,,12,,,420,,,,7/5/2026 6:46:15 AM,,,,,,7/5/2026 1:24:59 PM,,
,RD247,,,,,,,,05/07/2026,,,,,1,,,26,0,,0,,,26,,,910,,,,7/5/2026 6:33:30 AM,,,,,,7/5/2026 1:26:05 PM,,
,RD248,,,,,,,,05/07/2026,,,,,1,,,28,9,,894,,,19,,,665,,,,7/5/2026 6:36:56 AM,,,,,,7/5/2026 1:22:11 PM,,
,RD249,,,,,,,,05/07/2026,,,,,1,,,12,12,,931.5,,,0,,,0,,,,7/5/2026 7:11:24 AM,,,,,,7/5/2026 12:49:36 PM,,
,RD250,,,,,,,,05/07/2026,,,,,1,,,25,0,,0,,,25,,,875,,,,7/5/2026 6:49:02 AM,,,,,,7/5/2026 1:28:28 PM,,
,RD251,,,,,,,,05/07/2026,,,,,1,,,13,12,,813.2,,,1,,,35,,,,7/5/2026 7:04:16 AM,,,,,,7/5/2026 1:13:44 PM,,
,RD252,,,,,,,,05/07/2026,,,,,1,,,26,3,,237.2,,,23,,,805,,,,7/5/2026 6:43:08 AM,,,,,,7/5/2026 1:14:36 PM,,
,RD253,,,,,,,,05/07/2026,,,,,1,,,22,8,,650.35,,,14,,,490,,,,7/5/2026 7:15:56 AM,,,,,,7/5/2026 1:22:39 PM,,
,RD126,,,,,,,,05/07/2026,,,,,2,,,7,7,,392.15,,,0,,,0,,,,7/5/2026 4:45:22 PM,,,,,,7/5/2026 9:17:29 PM,,
,RD141,,,,,,,,05/07/2026,,,,,2,,,5,5,,239.75,,,0,,,0,,,,7/5/2026 5:05:47 PM,,,,,,7/5/2026 9:02:27 PM,,
,RD143,,,,,,,,05/07/2026,,,,,2,,,1,1,,47.95,,,0,,,0,,,,7/5/2026 8:33:21 PM,,,,,,7/5/2026 8:33:21 PM,,
,RD226,,,,,,,,05/07/2026,,,,,2,,,10,0,,0,,,10,,,350,,,,7/5/2026 5:52:10 PM,,,,,,7/5/2026 8:31:37 PM,,
,RD227,,,,,,,,05/07/2026,,,,,2,,,8,8,,429.7,,,0,,,0,,,,7/5/2026 4:40:58 PM,,,,,,7/5/2026 8:55:25 PM,,
,RD229,,,,,,,,05/07/2026,,,,,2,,,28,3,,264.9,,,25,,,875,,,,7/5/2026 5:20:34 PM,,,,,,7/5/2026 9:29:05 PM,,
,RD230,,,,,,,,05/07/2026,,,,,2,,,9,9,,581.7,,,0,,,0,,,,7/5/2026 4:48:33 PM,,,,,,7/5/2026 9:05:54 PM,,
,RD231,,,,,,,,05/07/2026,,,,,2,,,8,0,,0,,,8,,,280,,,,7/5/2026 6:34:10 PM,,,,,,7/5/2026 8:58:03 PM,,
,RD232,,,,,,,,05/07/2026,,,,,2,,,10,0,,0,,,10,,,350,,,,7/5/2026 6:36:34 PM,,,,,,7/5/2026 9:19:39 PM,,
,RD233,,,,,,,,05/07/2026,,,,,2,,,31,9,,766.4,,,22,,,770,,,,7/5/2026 4:29:06 PM,,,,,,7/5/2026 9:26:43 PM,,
,RD235,,,,,,,,05/07/2026,,,,,2,,,12,5,,485.1,,,7,,,245,,,,7/5/2026 5:05:50 PM,,,,,,7/5/2026 9:03:28 PM,,
,RD236,,,,,,,,05/07/2026,,,,,2,,,10,0,,0,,,10,,,350,,,,7/5/2026 6:24:41 PM,,,,,,7/5/2026 9:07:37 PM,,
,RD237,,,,,,,,05/07/2026,,,,,2,,,12,3,,143.85,,,9,,,315,,,,7/5/2026 5:00:31 PM,,,,,,7/5/2026 9:07:00 PM,,
,RD238,,,,,,,,05/07/2026,,,,,2,,,12,0,,0,,,12,,,420,,,,7/5/2026 4:56:46 PM,,,,,,7/5/2026 9:27:30 PM,,
,RD239,,,,,,,,05/07/2026,,,,,2,,,12,0,,0,,,12,,,420,,,,7/5/2026 5:01:12 PM,,,,,,7/5/2026 9:12:30 PM,,
,RD240,,,,,,,,05/07/2026,,,,,2,,,13,0,,0,,,13,,,455,,,,7/5/2026 4:51:14 PM,,,,,,7/5/2026 9:27:01 PM,,
,RD241,,,,,,,,05/07/2026,,,,,2,,,12,7,,636.5,,,5,,,175,,,,7/5/2026 4:36:58 PM,,,,,,7/5/2026 9:07:30 PM,,
,RD242,,,,,,,,05/07/2026,,,,,2,,,15,3,,234.2,,,12,,,420,,,,7/5/2026 4:46:09 PM,,,,,,7/5/2026 9:12:15 PM,,
,RD243,,,,,,,,05/07/2026,,,,,2,,,8,4,,315.7,,,4,,,140,,,,7/5/2026 5:04:39 PM,,,,,,7/5/2026 8:40:29 PM,,
,RD244,,,,,,,,05/07/2026,,,,,2,,,13,0,,0,,,13,,,455,,,,7/5/2026 5:58:38 PM,,,,,,7/5/2026 9:10:23 PM,,
,RD245,,,,,,,,05/07/2026,,,,,2,,,3,1,,93,,,2,,,70,,,,7/5/2026 4:51:50 PM,,,,,,7/5/2026 5:30:01 PM,,
,RD247,,,,,,,,05/07/2026,,,,,2,,,28,7,,607.2,,,21,,,735,,,,7/5/2026 4:41:51 PM,,,,,,7/5/2026 9:24:20 PM,,
,RD248,,,,,,,,05/07/2026,,,,,2,,,12,8,,741.5,,,4,,,140,,,,7/5/2026 4:40:42 PM,,,,,,7/5/2026 9:10:04 PM,,
,RD249,,,,,,,,05/07/2026,,,,,2,,,8,3,,216.15,,,5,,,175,,,,7/5/2026 7:06:22 PM,,,,,,7/5/2026 9:14:43 PM,,
,RD250,,,,,,,,05/07/2026,,,,,2,,,8,8,,560.65,,,0,,,0,,,,7/5/2026 5:00:52 PM,,,,,,7/5/2026 9:09:08 PM,,
,RD251,,,,,,,,05/07/2026,,,,,2,,,10,0,,0,,,10,,,350,,,,7/5/2026 6:27:59 PM,,,,,,7/5/2026 9:11:37 PM,,
,RD252,,,,,,,,05/07/2026,,,,,2,,,12,9,,816.8,,,3,,,105,,,,7/5/2026 4:50:59 PM,,,,,,7/5/2026 9:17:06 PM,,
,RD253,,,,,,,,05/07/2026,,,,,2,,,13,3,,276.5,,,10,,,350,,,,7/5/2026 4:56:25 PM,,,,,,7/5/2026 9:09:54 PM,,
,RD126,,,,,,,,05/07/2026,,,,,3,,,7,7,,531.52,,,0,,,0,,,,7/5/2026 10:52:25 PM,,,,,,7/6/2026 4:47:49 AM,,
,RD141,,,,,,,,05/07/2026,,,,,3,,,9,9,,431.55,,,0,,,0,,,,7/5/2026 10:57:03 PM,,,,,,7/6/2026 4:52:01 AM,,
,RD226,,,,,,,,05/07/2026,,,,,3,,,7,7,,499.3,,,0,,,0,,,,7/5/2026 10:48:28 PM,,,,,,7/6/2026 4:19:15 AM,,
,RD227,,,,,,,,05/07/2026,,,,,3,,,7,7,,335.65,,,0,,,0,,,,7/5/2026 11:14:56 PM,,,,,,7/6/2026 5:41:07 AM,,
,RD229,,,,,,,,05/07/2026,,,,,3,,,2,2,,133.9,,,0,,,0,,,,7/5/2026 11:02:47 PM,,,,,,7/5/2026 11:53:06 PM,,
,RD230,,,,,,,,05/07/2026,,,,,3,,,7,7,,460.85,,,0,,,0,,,,7/6/2026 12:16:44 AM,,,,,,7/6/2026 5:33:20 AM,,
,RD231,,,,,,,,05/07/2026,,,,,3,,,12,1,,97.9,,,11,,,385,,,,7/5/2026 11:54:35 PM,,,,,,7/6/2026 5:20:51 AM,,
,RD232,,,,,,,,05/07/2026,,,,,3,,,3,0,,0,,,3,,,105,,,,7/6/2026 12:54:45 AM,,,,,,7/6/2026 1:34:25 AM,,
,RD233,,,,,,,,05/07/2026,,,,,3,,,7,6,,436.7,,,1,,,35,,,,7/5/2026 10:46:53 PM,,,,,,7/6/2026 4:24:12 AM,,
,RD234,,,,,,,,05/07/2026,,,,,3,,,2,0,,0,,,2,,,70,,,,7/5/2026 11:26:04 PM,,,,,,7/5/2026 11:55:14 PM,,
,RD235,,,,,,,,05/07/2026,,,,,3,,,19,0,,0,,,19,,,665,,,,7/5/2026 10:56:41 PM,,,,,,7/6/2026 5:26:21 AM,,
,RD237,,,,,,,,05/07/2026,,,,,3,,,11,1,,47.95,,,10,,,350,,,,7/5/2026 11:11:49 PM,,,,,,7/6/2026 5:01:53 AM,,
,RD238,,,,,,,,05/07/2026,,,,,3,,,18,3,,286,,,15,,,525,,,,7/5/2026 10:43:53 PM,,,,,,7/6/2026 5:16:27 AM,,
,RD239,,,,,,,,05/07/2026,,,,,3,,,17,0,,0,,,17,,,595,,,,7/5/2026 10:53:51 PM,,,,,,7/6/2026 5:19:33 AM,,
,RD240,,,,,,,,05/07/2026,,,,,3,,,22,6,,584.4,,,16,,,560,,,,7/5/2026 10:39:36 PM,,,,,,7/6/2026 5:17:08 AM,,
,RD241,,,,,,,,05/07/2026,,,,,3,,,7,7,,468.8,,,0,,,0,,,,7/5/2026 10:43:41 PM,,,,,,7/6/2026 4:33:02 AM,,
,RD242,,,,,,,,05/07/2026,,,,,3,,,22,0,,0,,,22,,,770,,,,7/5/2026 10:38:10 PM,,,,,,7/6/2026 5:10:14 AM,,
,RD243,,,,,,,,05/07/2026,,,,,3,,,9,3,,318.8,,,6,,,210,,,,7/5/2026 10:36:07 PM,,,,,,7/6/2026 4:50:57 AM,,
,RD244,,,,,,,,05/07/2026,,,,,3,,,12,0,,0,,,12,,,420,,,,7/5/2026 11:39:18 PM,,,,,,7/6/2026 5:12:22 AM,,
,RD245,,,,,,,,05/07/2026,,,,,3,,,4,0,,0,,,4,,,140,,,,7/6/2026 4:21:17 AM,,,,,,7/6/2026 5:13:04 AM,,
,RD247,,,,,,,,05/07/2026,,,,,3,,,22,0,,0,,,22,,,770,,,,7/5/2026 10:47:14 PM,,,,,,7/6/2026 5:23:04 AM,,
,RD248,,,,,,,,05/07/2026,,,,,3,,,17,1,,107,,,16,,,560,,,,7/5/2026 10:51:47 PM,,,,,,7/6/2026 5:15:57 AM,,
,RD249,,,,,,,,05/07/2026,,,,,3,,,19,0,,0,,,19,,,665,,,,7/5/2026 10:47:00 PM,,,,,,7/6/2026 5:22:02 AM,,
,RD250,,,,,,,,05/07/2026,,,,,3,,,16,1,,96.4,,,15,,,525,,,,7/5/2026 10:50:38 PM,,,,,,7/6/2026 5:19:00 AM,,
,RD251,,,,,,,,05/07/2026,,,,,3,,,3,3,,205.1,,,0,,,0,,,,7/6/2026 1:02:39 AM,,,,,,7/6/2026 3:56:47 AM,,
,RD252,,,,,,,,05/07/2026,,,,,3,,,17,0,,0,,,17,,,595,,,,7/5/2026 10:50:13 PM,,,,,,7/6/2026 5:14:37 AM,,
,RD253,,,,,,,,05/07/2026,,,,,3,,,18,0,,0,,,18,,,630,,,,7/5/2026 10:52:57 PM,,,,,,7/6/2026 5:16:50 AM,,
,RD121,,,,,,,,06/07/2026,,,,,1,,,3,0,,0,,,3,,,105,,,,7/6/2026 8:21:43 AM,,,,,,7/6/2026 8:51:27 AM,,
,RD226,,,,,,,,06/07/2026,,,,,1,,,7,1,,47.95,,,6,,,210,,,,7/6/2026 6:55:03 AM,,,,,,7/6/2026 1:25:22 PM,,
,RD227,,,,,,,,06/07/2026,,,,,1,,,5,0,,0,,,5,,,175,,,,7/6/2026 11:40:08 AM,,,,,,7/6/2026 12:53:24 PM,,
,RD229,,,,,,,,06/07/2026,,,,,1,,,16,1,,105.1,,,15,,,525,,,,7/6/2026 6:51:14 AM,,,,,,7/6/2026 1:04:02 PM,,
,RD230,,,,,,,,06/07/2026,,,,,1,,,10,4,,367.5,,,6,,,210,,,,7/6/2026 9:48:00 AM,,,,,,7/6/2026 1:09:54 PM,,
,RD231,,,,,,,,06/07/2026,,,,,1,,,9,0,,0,,,9,,,315,,,,7/6/2026 9:40:43 AM,,,,,,7/6/2026 12:30:35 PM,,
,RD232,,,,,,,,06/07/2026,,,,,1,,,5,0,,0,,,5,,,175,,,,7/6/2026 7:04:29 AM,,,,,,7/6/2026 11:16:20 AM,,
,RD233,,,,,,,,06/07/2026,,,,,1,,,12,0,,0,,,12,,,420,,,,7/6/2026 6:58:37 AM,,,,,,7/6/2026 12:50:00 PM,,
,RD235,,,,,,,,06/07/2026,,,,,1,,,4,0,,0,,,4,,,140,,,,7/6/2026 6:49:15 AM,,,,,,7/6/2026 7:53:45 AM,,
,RD236,,,,,,,,06/07/2026,,,,,1,,,12,0,,0,,,12,,,420,,,,7/6/2026 7:10:31 AM,,,,,,7/6/2026 1:07:53 PM,,
,RD237,,,,,,,,06/07/2026,,,,,1,,,24,7,,335.65,,,17,,,595,,,,7/6/2026 6:47:49 AM,,,,,,7/6/2026 1:30:48 PM,,
,RD238,,,,,,,,06/07/2026,,,,,1,,,7,1,,92,,,6,,,210,,,,7/6/2026 6:58:16 AM,,,,,,7/6/2026 10:12:19 AM,,
,RD239,,,,,,,,06/07/2026,,,,,1,,,9,0,,0,,,9,,,315,,,,7/6/2026 6:44:43 AM,,,,,,7/6/2026 1:03:30 PM,,
,RD240,,,,,,,,06/07/2026,,,,,1,,,11,3,,265.6,,,8,,,280,,,,7/6/2026 6:54:07 AM,,,,,,7/6/2026 1:03:01 PM,,
,RD241,,,,,,,,06/07/2026,,,,,1,,,14,0,,0,,,14,,,490,,,,7/6/2026 7:02:42 AM,,,,,,7/6/2026 12:58:40 PM,,
,RD242,,,,,,,,06/07/2026,,,,,1,,,11,1,,69.6,,,10,,,350,,,,7/6/2026 7:02:39 AM,,,,,,7/6/2026 12:58:43 PM,,
,RD243,,,,,,,,06/07/2026,,,,,1,,,5,0,,0,,,5,,,175,,,,7/6/2026 6:55:12 AM,,,,,,7/6/2026 11:06:41 AM,,
,RD244,,,,,,,,06/07/2026,,,,,1,,,17,9,,431.55,,,8,,,280,,,,7/6/2026 7:16:25 AM,,,,,,7/6/2026 1:24:58 PM,,
,RD245,,,,,,,,06/07/2026,,,,,1,,,19,6,,536.2,,,13,,,455,,,,7/6/2026 6:47:28 AM,,,,,,7/6/2026 1:14:25 PM,,
,RD247,,,,,,,,06/07/2026,,,,,1,,,15,6,,550,,,9,,,315,,,,7/6/2026 6:48:48 AM,,,,,,7/6/2026 1:28:32 PM,,
,RD248,,,,,,,,06/07/2026,,,,,1,,,18,1,,47.95,,,17,,,595,,,,7/6/2026 6:34:51 AM,,,,,,7/6/2026 1:13:47 PM,,
,RD249,,,,,,,,06/07/2026,,,,,1,,,18,4,,401.1,,,14,,,490,,,,7/6/2026 6:49:23 AM,,,,,,7/6/2026 1:10:38 PM,,
,RD250,,,,,,,,06/07/2026,,,,,1,,,8,0,,0,,,8,,,280,,,,7/6/2026 7:06:11 AM,,,,,,7/6/2026 1:17:46 PM,,
,RD251,,,,,,,,06/07/2026,,,,,1,,,16,0,,0,,,16,,,560,,,,7/6/2026 7:07:01 AM,,,,,,7/6/2026 1:22:35 PM,,
,RD252,,,,,,,,06/07/2026,,,,,1,,,23,0,,0,,,23,,,805,,,,7/6/2026 6:43:48 AM,,,,,,7/6/2026 1:23:53 PM,,
,RD253,,,,,,,,06/07/2026,,,,,1,,,21,0,,0,,,21,,,735,,,,7/6/2026 6:47:16 AM,,,,,,7/6/2026 1:19:27 PM,,
,RD121,,,,,,,,06/07/2026,,,,,2,,,10,0,,0,,,10,,,350,,,,7/6/2026 3:29:52 PM,,,,,,7/6/2026 8:25:16 PM,,
,RD141,,,,,,,,06/07/2026,,,,,2,,,8,0,,0,,,8,,,280,,,,7/6/2026 3:19:13 PM,,,,,,7/6/2026 9:04:03 PM,,
,RD216,,,,,,,,06/07/2026,,,,,2,,,1,0,,0,,,1,,,35,,,,7/6/2026 4:23:37 PM,,,,,,7/6/2026 4:23:37 PM,,
,RD226,,,,,,,,06/07/2026,,,,,2,,,8,0,,0,,,8,,,280,,,,7/6/2026 6:09:44 PM,,,,,,7/6/2026 9:05:38 PM,,
,RD227,,,,,,,,06/07/2026,,,,,2,,,12,1,,47.95,,,11,,,385,,,,7/6/2026 2:45:20 PM,,,,,,7/6/2026 9:26:31 PM,,
,RD229,,,,,,,,06/07/2026,,,,,2,,,27,14,,1269.35,,,13,,,455,,,,7/6/2026 2:42:02 PM,,,,,,7/6/2026 9:18:38 PM,,
,RD230,,,,,,,,06/07/2026,,,,,2,,,14,0,,0,,,14,,,490,,,,7/6/2026 3:25:40 PM,,,,,,7/6/2026 9:08:15 PM,,
,RD231,,,,,,,,06/07/2026,,,,,2,,,14,0,,0,,,14,,,490,,,,7/6/2026 3:17:12 PM,,,,,,7/6/2026 9:13:42 PM,,
,RD232,,,,,,,,06/07/2026,,,,,2,,,7,4,,368.3,,,3,,,105,,,,7/6/2026 3:00:41 PM,,,,,,7/6/2026 4:27:26 PM,,
,RD233,,,,,,,,06/07/2026,,,,,2,,,17,2,,182.6,,,15,,,525,,,,7/6/2026 3:17:46 PM,,,,,,7/6/2026 9:16:42 PM,,
,RD234,,,,,,,,06/07/2026,,,,,2,,,12,2,,132.45,,,10,,,350,,,,7/6/2026 3:50:30 PM,,,,,,7/6/2026 9:08:59 PM,,
,RD235,,,,,,,,06/07/2026,,,,,2,,,18,2,,170.9,,,16,,,560,,,,7/6/2026 2:57:08 PM,,,,,,7/6/2026 9:12:18 PM,,
,RD236,,,,,,,,06/07/2026,,,,,2,,,21,12,,1049.9,,,9,,,315,,,,7/6/2026 2:59:26 PM,,,,,,7/6/2026 8:08:18 PM,,
,RD237,,,,,,,,06/07/2026,,,,,2,,,20,4,,191.8,,,16,,,560,,,,7/6/2026 3:03:52 PM,,,,,,7/6/2026 9:24:34 PM,,
,RD238,,,,,,,,06/07/2026,,,,,2,,,8,0,,0,,,8,,,280,,,,7/6/2026 8:01:38 PM,,,,,,7/6/2026 9:19:30 PM,,
,RD241,,,,,,,,06/07/2026,,,,,2,,,26,10,,856.8,,,16,,,560,,,,7/6/2026 3:02:49 PM,,,,,,7/6/2026 9:15:24 PM,,
,RD242,,,,,,,,06/07/2026,,,,,2,,,23,6,,528,,,17,,,595,,,,7/6/2026 2:57:41 PM,,,,,,7/6/2026 9:12:00 PM,,
,RD243,,,,,,,,06/07/2026,,,,,2,,,11,9,,708.75,,,2,,,70,,,,7/6/2026 3:15:40 PM,,,,,,7/6/2026 6:49:53 PM,,
,RD244,,,,,,,,06/07/2026,,,,,2,,,19,1,,47.95,,,18,,,630,,,,7/6/2026 3:04:26 PM,,,,,,7/6/2026 9:07:39 PM,,
,RD245,,,,,,,,06/07/2026,,,,,2,,,10,1,,86.7,,,9,,,315,,,,7/6/2026 2:56:26 PM,,,,,,7/6/2026 9:10:20 PM,,
,RD247,,,,,,,,06/07/2026,,,,,2,,,24,11,,1044.9,,,13,,,455,,,,7/6/2026 3:00:29 PM,,,,,,7/6/2026 9:13:59 PM,,
,RD248,,,,,,,,06/07/2026,,,,,2,,,9,0,,0,,,9,,,315,,,,7/6/2026 3:00:33 PM,,,,,,7/6/2026 9:01:37 PM,,
,RD249,,,,,,,,06/07/2026,,,,,2,,,16,1,,88.1,,,15,,,525,,,,7/6/2026 3:08:31 PM,,,,,,7/6/2026 9:18:45 PM,,
,RD250,,,,,,,,06/07/2026,,,,,2,,,13,0,,0,,,13,,,455,,,,7/6/2026 2:49:21 PM,,,,,,7/6/2026 9:16:48 PM,,
,RD251,,,,,,,,06/07/2026,,,,,2,,,17,4,,278.9,,,13,,,455,,,,7/6/2026 3:16:25 PM,,,,,,7/6/2026 9:17:59 PM,,
,RD252,,,,,,,,06/07/2026,,,,,2,,,12,0,,0,,,12,,,420,,,,7/6/2026 3:48:33 PM,,,,,,7/6/2026 9:03:45 PM,,
,RD253,,,,,,,,06/07/2026,,,,,2,,,12,0,,0,,,12,,,420,,,,7/6/2026 3:35:34 PM,,,,,,7/6/2026 8:24:28 PM,,
,RD121,,,,,,,,06/07/2026,,,,,3,,,8,8,,427.54,,,0,,,0,,,,7/6/2026 10:57:57 PM,,,,,,7/7/2026 4:21:54 AM,,
,RD122,,,,,,,,06/07/2026,,,,,3,,,1,1,,47.95,,,0,,,0,,,,7/7/2026 5:18:51 AM,,,,,,7/7/2026 5:18:51 AM,,
,RD126,,,,,,,,06/07/2026,,,,,3,,,7,7,,525.99,,,0,,,0,,,,7/6/2026 11:16:59 PM,,,,,,7/7/2026 5:06:11 AM,,
,RD141,,,,,,,,06/07/2026,,,,,3,,,9,9,,431.55,,,0,,,0,,,,7/6/2026 10:58:24 PM,,,,,,7/7/2026 4:13:01 AM,,
,RD218,,,,,,,,06/07/2026,,,,,3,,,1,0,,0,,,1,,,35,,,,7/6/2026 11:29:15 PM,,,,,,7/6/2026 11:29:15 PM,,
,RD226,,,,,,,,06/07/2026,,,,,3,,,10,10,,680.9,,,0,,,0,,,,7/6/2026 11:04:43 PM,,,,,,7/7/2026 5:02:58 AM,,
,RD227,,,,,,,,06/07/2026,,,,,3,,,9,9,,504.55,,,0,,,0,,,,7/6/2026 11:03:08 PM,,,,,,7/7/2026 4:57:20 AM,,
,RD229,,,,,,,,06/07/2026,,,,,3,,,11,11,,774.9,,,0,,,0,,,,7/6/2026 11:08:33 PM,,,,,,7/7/2026 5:09:11 AM,,
,RD231,,,,,,,,06/07/2026,,,,,3,,,11,0,,0,,,11,,,385,,,,7/6/2026 11:49:55 PM,,,,,,7/7/2026 5:12:35 AM,,
,RD233,,,,,,,,06/07/2026,,,,,3,,,15,0,,0,,,15,,,525,,,,7/6/2026 11:57:49 PM,,,,,,7/7/2026 5:22:55 AM,,
,RD234,,,,,,,,06/07/2026,,,,,3,,,21,13,,1066.65,,,8,,,280,,,,7/6/2026 10:54:45 PM,,,,,,7/7/2026 5:26:04 AM,,
,RD235,,,,,,,,06/07/2026,,,,,3,,,7,1,,99.8,,,6,,,210,,,,7/7/2026 2:02:55 AM,,,,,,7/7/2026 4:23:14 AM,,
,RD236,,,,,,,,06/07/2026,,,,,3,,,13,7,,567.5,,,6,,,210,,,,7/6/2026 11:23:03 PM,,,,,,7/7/2026 4:54:53 AM,,
,RD237,,,,,,,,06/07/2026,,,,,3,,,16,0,,0,,,16,,,560,,,,7/6/2026 10:54:14 PM,,,,,,7/7/2026 5:03:22 AM,,
,RD238,,,,,,,,06/07/2026,,,,,3,,,8,0,,0,,,8,,,280,,,,7/6/2026 11:00:39 PM,,,,,,7/7/2026 4:15:21 AM,,
,RD241,,,,,,,,06/07/2026,,,,,3,,,13,0,,0,,,13,,,455,,,,7/6/2026 11:26:16 PM,,,,,,7/7/2026 4:29:45 AM,,
,RD243,,,,,,,,06/07/2026,,,,,3,,,9,5,,331.9,,,4,,,140,,,,7/6/2026 11:12:10 PM,,,,,,7/7/2026 5:24:35 AM,,
,RD244,,,,,,,,06/07/2026,,,,,3,,,9,0,,0,,,9,,,315,,,,7/6/2026 11:19:11 PM,,,,,,7/7/2026 5:22:11 AM,,
,RD245,,,,,,,,06/07/2026,,,,,3,,,17,0,,0,,,17,,,595,,,,7/6/2026 11:24:31 PM,,,,,,7/7/2026 5:07:03 AM,,
,RD247,,,,,,,,06/07/2026,,,,,3,,,19,0,,0,,,19,,,665,,,,7/6/2026 10:59:44 PM,,,,,,7/7/2026 5:11:41 AM,,
,RD248,,,,,,,,06/07/2026,,,,,3,,,12,1,,86.5,,,11,,,385,,,,7/6/2026 11:00:10 PM,,,,,,7/7/2026 5:02:30 AM,,
,RD249,,,,,,,,06/07/2026,,,,,3,,,9,0,,0,,,9,,,315,,,,7/6/2026 11:04:57 PM,,,,,,7/7/2026 5:14:11 AM,,
,RD250,,,,,,,,06/07/2026,,,,,3,,,17,0,,0,,,17,,,595,,,,7/6/2026 11:22:49 PM,,,,,,7/7/2026 5:19:34 AM,,
,RD251,,,,,,,,06/07/2026,,,,,3,,,8,1,,99,,,7,,,245,,,,7/6/2026 10:47:32 PM,,,,,,7/7/2026 1:09:07 AM,,
,RD252,,,,,,,,06/07/2026,,,,,3,,,9,0,,0,,,9,,,315,,,,7/6/2026 10:57:13 PM,,,,,,7/7/2026 3:01:36 AM,,
,RD253,,,,,,,,06/07/2026,,,,,3,,,18,0,,0,,,18,,,630,,,,7/6/2026 10:52:02 PM,,,,,,7/7/2026 5:17:58 AM,,
,RD121,,,,,,,,07/07/2026,,,,,1,,,5,5,,260.69,,,0,,,0,,,,7/7/2026 7:37:48 AM,,,,,,7/7/2026 10:04:57 AM,,
,RD126,,,,,,,,07/07/2026,,,,,1,,,3,3,,224.98,,,0,,,0,,,,7/7/2026 7:41:04 AM,,,,,,7/7/2026 8:59:28 AM,,
,RD132,,,,,,,,07/07/2026,,,,,1,,,4,3,,184.71,,,1,,,35,,,,7/7/2026 11:47:20 AM,,,,,,7/7/2026 1:19:10 PM,,
,RD141,,,,,,,,07/07/2026,,,,,1,,,11,10,,479.5,,,1,,,35,,,,7/7/2026 7:34:06 AM,,,,,,7/7/2026 1:15:27 PM,,
,RD226,,,,,,,,07/07/2026,,,,,1,,,5,5,,299.8,,,0,,,0,,,,7/7/2026 7:44:02 AM,,,,,,7/7/2026 10:21:10 AM,,
,RD227,,,,,,,,07/07/2026,,,,,1,,,9,9,,431.55,,,0,,,0,,,,7/7/2026 9:01:09 AM,,,,,,7/7/2026 12:52:35 PM,,
,RD228,,,,,,,,07/07/2026,,,,,1,,,6,6,,362.55,,,0,,,0,,,,7/7/2026 10:17:06 AM,,,,,,7/7/2026 1:11:24 PM,,
,RD229,,,,,,,,07/07/2026,,,,,1,,,29,0,,0,,,29,,,1015,,,,7/7/2026 6:57:06 AM,,,,,,7/7/2026 11:59:11 AM,,
,RD231,,,,,,,,07/07/2026,,,,,1,,,10,0,,0,,,10,,,350,,,,7/7/2026 7:32:49 AM,,,,,,7/7/2026 1:04:49 PM,,
,RD232,,,,,,,,07/07/2026,,,,,1,,,13,1,,85.1,,,12,,,420,,,,7/7/2026 7:00:11 AM,,,,,,7/7/2026 1:18:28 PM,,
,RD233,,,,,,,,07/07/2026,,,,,1,,,19,0,,0,,,19,,,665,,,,7/7/2026 7:03:55 AM,,,,,,7/7/2026 1:13:05 PM,,
,RD234,,,,,,,,07/07/2026,,,,,1,,,7,7,,419.55,,,0,,,0,,,,7/7/2026 7:26:38 AM,,,,,,7/7/2026 10:46:21 AM,,
,RD235,,,,,,,,07/07/2026,,,,,1,,,16,3,,274.6,,,13,,,455,,,,7/7/2026 7:27:19 AM,,,,,,7/7/2026 1:21:10 PM,,
,RD236,,,,,,,,07/07/2026,,,,,1,,,20,1,,92.1,,,19,,,665,,,,7/7/2026 7:28:51 AM,,,,,,7/7/2026 1:20:24 PM,,
,RD237,,,,,,,,07/07/2026,,,,,1,,,12,4,,191.8,,,8,,,280,,,,7/7/2026 9:29:58 AM,,,,,,7/7/2026 1:25:23 PM,,
,RD238,,,,,,,,07/07/2026,,,,,1,,,13,3,,180.7,,,10,,,350,,,,7/7/2026 7:06:38 AM,,,,,,7/7/2026 12:59:33 PM,,
,RD241,,,,,,,,07/07/2026,,,,,1,,,16,8,,775.1,,,8,,,280,,,,7/7/2026 7:12:46 AM,,,,,,7/7/2026 1:17:12 PM,,
,RD243,,,,,,,,07/07/2026,,,,,1,,,15,0,,0,,,15,,,525,,,,7/7/2026 7:10:23 AM,,,,,,7/7/2026 1:17:36 PM,,
,RD244,,,,,,,,07/07/2026,,,,,1,,,12,11,,527.45,,,1,,,35,,,,7/7/2026 7:20:40 AM,,,,,,7/7/2026 1:07:29 PM,,
,RD245,,,,,,,,07/07/2026,,,,,1,,,13,4,,244.1,,,9,,,315,,,,7/7/2026 7:07:42 AM,,,,,,7/7/2026 1:03:55 PM,,
,RD247,,,,,,,,07/07/2026,,,,,1,,,20,0,,0,,,20,,,700,,,,7/7/2026 7:02:33 AM,,,,,,7/7/2026 1:38:28 PM,,
,RD248,,,,,,,,07/07/2026,,,,,1,,,15,1,,93,,,14,,,490,,,,7/7/2026 7:30:38 AM,,,,,,7/7/2026 1:07:23 PM,,
,RD249,,,,,,,,07/07/2026,,,,,1,,,16,5,,330.7,,,11,,,385,,,,7/7/2026 7:01:31 AM,,,,,,7/7/2026 12:55:58 PM,,
,RD250,,,,,,,,07/07/2026,,,,,1,,,18,0,,0,,,18,,,630,,,,7/7/2026 7:24:47 AM,,,,,,7/7/2026 1:22:28 PM,,
,RD251,,,,,,,,07/07/2026,,,,,1,,,10,0,,0,,,10,,,350,,,,7/7/2026 7:06:11 AM,,,,,,7/7/2026 1:31:20 PM,,
,RD252,,,,,,,,07/07/2026,,,,,1,,,39,0,,0,,,39,,,1365,,,,7/7/2026 7:02:35 AM,,,,,,7/7/2026 1:27:16 PM,,
,RD253,,,,,,,,07/07/2026,,,,,1,,,10,0,,0,,,10,,,350,,,,7/7/2026 7:16:16 AM,,,,,,7/7/2026 12:22:59 PM,,
,RD121,,,,,,,,07/07/2026,,,,,2,,,11,4,,191.8,,,7,,,245,,,,7/7/2026 3:57:43 PM,,,,,,7/7/2026 9:10:14 PM,,
,RD122,,,,,,,,07/07/2026,,,,,2,,,4,2,,95.9,,,2,,,70,,,,7/7/2026 4:39:15 PM,,,,,,7/7/2026 5:48:51 PM,,
,RD132,,,,,,,,07/07/2026,,,,,2,,,2,0,,0,,,2,,,70,,,,7/7/2026 4:27:23 PM,,,,,,7/7/2026 4:53:37 PM,,
,RD141,,,,,,,,07/07/2026,,,,,2,,,6,6,,287.7,,,0,,,0,,,,7/7/2026 4:31:14 PM,,,,,,7/7/2026 9:20:32 PM,,
,RD143,,,,,,,,07/07/2026,,,,,2,,,6,6,,287.7,,,0,,,0,,,,7/7/2026 4:38:03 PM,,,,,,7/7/2026 8:57:45 PM,,
,RD226,,,,,,,,07/07/2026,,,,,2,,,7,7,,485,,,0,,,0,,,,7/7/2026 4:27:29 PM,,,,,,7/7/2026 8:49:36 PM,,
,RD227,,,,,,,,07/07/2026,,,,,2,,,9,9,,431.55,,,0,,,0,,,,7/7/2026 4:14:00 PM,,,,,,7/7/2026 9:41:48 PM,,
,RD228,,,,,,,,07/07/2026,,,,,2,,,10,7,,411.65,,,3,,,105,,,,7/7/2026 4:41:50 PM,,,,,,7/7/2026 9:34:52 PM,,
,RD231,,,,,,,,07/07/2026,,,,,2,,,12,0,,0,,,12,,,420,,,,7/7/2026 4:25:36 PM,,,,,,7/7/2026 9:08:28 PM,,
,RD232,,,,,,,,07/07/2026,,,,,2,,,20,0,,0,,,20,,,700,,,,7/7/2026 3:58:47 PM,,,,,,7/7/2026 9:21:19 PM,,
,RD233,,,,,,,,07/07/2026,,,,,2,,,6,5,,314.5,,,1,,,35,,,,7/7/2026 4:00:23 PM,,,,,,7/7/2026 7:17:37 PM,,
,RD234,,,,,,,,07/07/2026,,,,,2,,,25,0,,0,,,25,,,875,,,,7/7/2026 4:07:37 PM,,,,,,7/7/2026 9:25:58 PM,,
,RD235,,,,,,,,07/07/2026,,,,,2,,,15,0,,0,,,15,,,525,,,,7/7/2026 4:40:31 PM,,,,,,7/7/2026 9:15:11 PM,,
,RD236,,,,,,,,07/07/2026,,,,,2,,,25,0,,0,,,25,,,875,,,,7/7/2026 3:55:21 PM,,,,,,7/7/2026 9:19:09 PM,,
,RD237,,,,,,,,07/07/2026,,,,,2,,,12,10,,479.5,,,2,,,70,,,,7/7/2026 4:25:38 PM,,,,,,7/7/2026 9:05:30 PM,,
,RD238,,,,,,,,07/07/2026,,,,,2,,,16,12,,1044.2,,,4,,,140,,,,7/7/2026 4:18:14 PM,,,,,,7/7/2026 9:39:17 PM,,
,RD241,,,,,,,,07/07/2026,,,,,2,,,14,1,,47.95,,,13,,,455,,,,7/7/2026 4:22:43 PM,,,,,,7/7/2026 9:38:23 PM,,
,RD243,,,,,,,,07/07/2026,,,,,2,,,13,2,,124.9,,,11,,,385,,,,7/7/2026 3:52:30 PM,,,,,,7/7/2026 9:56:08 PM,,
,RD244,,,,,,,,07/07/2026,,,,,2,,,8,1,,47.95,,,7,,,245,,,,7/7/2026 4:30:33 PM,,,,,,7/7/2026 8:23:53 PM,,
,RD245,,,,,,,,07/07/2026,,,,,2,,,20,13,,1082.6,,,7,,,245,,,,7/7/2026 3:54:43 PM,,,,,,7/7/2026 9:13:08 PM,,
,RD247,,,,,,,,07/07/2026,,,,,2,,,12,1,,58.6,,,11,,,385,,,,7/7/2026 3:56:54 PM,,,,,,7/7/2026 9:51:46 PM,,
,RD248,,,,,,,,07/07/2026,,,,,2,,,14,0,,0,,,14,,,490,,,,7/7/2026 4:00:36 PM,,,,,,7/7/2026 9:08:41 PM,,
,RD249,,,,,,,,07/07/2026,,,,,2,,,11,0,,0,,,11,,,385,,,,7/7/2026 4:05:34 PM,,,,,,7/7/2026 9:02:00 PM,,
,RD250,,,,,,,,07/07/2026,,,,,2,,,8,8,,549.9,,,0,,,0,,,,7/7/2026 4:18:05 PM,,,,,,7/7/2026 9:48:34 PM,,
,RD251,,,,,,,,07/07/2026,,,,,2,,,10,0,,0,,,10,,,350,,,,7/7/2026 4:29:19 PM,,,,,,7/7/2026 7:12:21 PM,,
,RD252,,,,,,,,07/07/2026,,,,,2,,,24,0,,0,,,24,,,840,,,,7/7/2026 4:22:05 PM,,,,,,7/7/2026 9:22:04 PM,,
,RD253,,,,,,,,07/07/2026,,,,,2,,,6,6,,433.4,,,0,,,0,,,,7/7/2026 4:23:55 PM,,,,,,7/7/2026 9:09:57 PM,,
,RD121,,,,,,,,07/07/2026,,,,,3,,,7,4,,242.96,,,3,,,105,,,,7/7/2026 11:01:30 PM,,,,,,7/8/2026 4:37:09 AM,,
,RD141,,,,,,,,07/07/2026,,,,,3,,,7,5,,239.75,,,2,,,70,,,,7/7/2026 11:04:34 PM,,,,,,7/8/2026 4:48:26 AM,,
,RD143,,,,,,,,07/07/2026,,,,,3,,,4,2,,95.9,,,2,,,70,,,,7/7/2026 11:12:56 PM,,,,,,7/8/2026 2:29:15 AM,,
,RD226,,,,,,,,07/07/2026,,,,,3,,,11,6,,380,,,5,,,175,,,,7/7/2026 10:47:51 PM,,,,,,7/8/2026 5:14:08 AM,,
,RD227,,,,,,,,07/07/2026,,,,,3,,,8,1,,47.95,,,7,,,245,,,,7/7/2026 10:17:00 PM,,,,,,7/8/2026 5:08:52 AM,,
,RD228,,,,,,,,07/07/2026,,,,,3,,,15,1,,58.2,,,14,,,490,,,,7/7/2026 10:09:25 PM,,,,,,7/8/2026 5:01:57 AM,,
,RD229,,,,,,,,07/07/2026,,,,,3,,,6,3,,248.7,,,3,,,105,,,,7/8/2026 2:08:37 AM,,,,,,7/8/2026 5:11:18 AM,,
,RD230,,,,,,,,07/07/2026,,,,,3,,,14,0,,0,,,14,,,490,,,,7/7/2026 11:30:09 PM,,,,,,7/8/2026 5:19:12 AM,,
,RD231,,,,,,,,07/07/2026,,,,,3,,,10,5,,294.9,,,5,,,175,,,,7/7/2026 10:42:53 PM,,,,,,7/8/2026 5:11:18 AM,,
,RD232,,,,,,,,07/07/2026,,,,,3,,,14,0,,0,,,14,,,490,,,,7/7/2026 10:44:15 PM,,,,,,7/8/2026 5:05:55 AM,,
,RD234,,,,,,,,07/07/2026,,,,,3,,,10,0,,0,,,10,,,350,,,,7/7/2026 10:58:06 PM,,,,,,7/8/2026 2:54:44 AM,,
,RD235,,,,,,,,07/07/2026,,,,,3,,,18,0,,0,,,18,,,630,,,,7/7/2026 10:52:06 PM,,,,,,7/8/2026 5:21:40 AM,,
,RD236,,,,,,,,07/07/2026,,,,,3,,,19,0,,0,,,19,,,665,,,,7/7/2026 10:49:14 PM,,,,,,7/8/2026 5:21:46 AM,,
,RD237,,,,,,,,07/07/2026,,,,,3,,,7,0,,0,,,7,,,245,,,,7/7/2026 10:40:21 PM,,,,,,7/8/2026 4:32:58 AM,,
,RD238,,,,,,,,07/07/2026,,,,,3,,,9,6,,474.5,,,3,,,105,,,,7/7/2026 10:13:10 PM,,,,,,7/8/2026 5:23:10 AM,,
,RD241,,,,,,,,07/07/2026,,,,,3,,,8,0,,0,,,8,,,280,,,,7/7/2026 10:43:27 PM,,,,,,7/8/2026 5:01:47 AM,,
,RD242,,,,,,,,07/07/2026,,,,,3,,,10,5,,300.9,,,5,,,175,,,,7/8/2026 12:11:54 AM,,,,,,7/8/2026 5:14:43 AM,,
,RD243,,,,,,,,07/07/2026,,,,,3,,,11,0,,0,,,11,,,385,,,,7/7/2026 11:16:26 PM,,,,,,7/8/2026 5:16:29 AM,,
,RD245,,,,,,,,07/07/2026,,,,,3,,,8,3,,178.2,,,5,,,175,,,,7/7/2026 11:39:20 PM,,,,,,7/8/2026 5:19:43 AM,,
,RD247,,,,,,,,07/07/2026,,,,,3,,,18,8,,723.8,,,10,,,350,,,,7/7/2026 10:23:43 PM,,,,,,7/8/2026 5:17:21 AM,,
,RD248,,,,,,,,07/07/2026,,,,,3,,,12,5,,476.7,,,7,,,245,,,,7/7/2026 11:00:36 PM,,,,,,7/8/2026 5:07:07 AM,,
,RD249,,,,,,,,07/07/2026,,,,,3,,,11,0,,0,,,11,,,385,,,,7/8/2026 12:45:37 AM,,,,,,7/8/2026 5:24:21 AM,,
,RD250,,,,,,,,07/07/2026,,,,,3,,,19,1,,68.4,,,18,,,630,,,,7/7/2026 10:20:09 PM,,,,,,7/8/2026 5:25:38 AM,,
,RD252,,,,,,,,07/07/2026,,,,,3,,,8,0,,0,,,8,,,280,,,,7/7/2026 11:08:35 PM,,,,,,7/8/2026 5:13:39 AM,,
,RD253,,,,,,,,07/07/2026,,,,,3,,,18,0,,0,,,18,,,630,,,,7/7/2026 10:41:56 PM,,,,,,7/8/2026 5:16:43 AM,,
,RD121,,,,,,,,08/07/2026,,,,,1,,,8,4,,259.01,,,2,,,70,,,,7/8/2026 7:08:17 AM,,,,,,7/8/2026 1:16:31 PM,,
,RD122,,,,,,,,08/07/2026,,,,,1,,,5,2,,95.9,,,1,,,35,,,,7/8/2026 7:38:36 AM,,,,,,7/8/2026 9:41:02 AM,,
,RD141,,,,,,,,08/07/2026,,,,,1,,,15,10,,479.5,,,3,,,105,,,,7/8/2026 6:53:07 AM,,,,,,7/8/2026 12:51:54 PM,,
,RD143,,,,,,,,08/07/2026,,,,,1,,,10,7,,335.65,,,0,,,0,,,,7/8/2026 7:03:55 AM,,,,,,7/8/2026 12:57:45 PM,,
,RD226,,,,,,,,08/07/2026,,,,,1,,,15,0,,0,,,15,,,525,,,,7/8/2026 7:16:13 AM,,,,,,7/8/2026 12:56:11 PM,,
,RD227,,,,,,,,08/07/2026,,,,,1,,,15,0,,0,,,15,,,525,,,,7/8/2026 7:34:36 AM,,,,,,7/8/2026 1:00:59 PM,,
,RD228,,,,,,,,08/07/2026,,,,,1,,,14,0,,0,,,14,,,490,,,,7/8/2026 7:09:03 AM,,,,,,7/8/2026 1:09:29 PM,,
,RD229,,,,,,,,08/07/2026,,,,,1,,,16,11,,961.75,,,5,,,175,,,,7/8/2026 7:33:47 AM,,,,,,7/8/2026 1:13:40 PM,,
,RD230,,,,,,,,08/07/2026,,,,,1,,,16,6,,527,,,10,,,350,,,,7/8/2026 7:20:37 AM,,,,,,7/8/2026 1:03:48 PM,,
,RD231,,,,,,,,08/07/2026,,,,,1,,,10,0,,0,,,10,,,350,,,,7/8/2026 7:35:04 AM,,,,,,7/8/2026 1:12:00 PM,,
,RD232,,,,,,,,08/07/2026,,,,,1,,,19,0,,0,,,19,,,665,,,,7/8/2026 6:48:37 AM,,,,,,7/8/2026 1:18:44 PM,,
,RD234,,,,,,,,08/07/2026,,,,,1,,,14,9,,659.6,,,5,,,175,,,,7/8/2026 7:07:33 AM,,,,,,7/8/2026 1:16:16 PM,,
,RD235,,,,,,,,08/07/2026,,,,,1,,,15,1,,106,,,14,,,490,,,,7/8/2026 6:45:59 AM,,,,,,7/8/2026 1:15:07 PM,,
,RD236,,,,,,,,08/07/2026,,,,,1,,,19,9,,767.35,,,10,,,350,,,,7/8/2026 7:07:47 AM,,,,,,7/8/2026 1:07:03 PM,,
,RD238,,,,,,,,08/07/2026,,,,,1,,,13,0,,0,,,13,,,455,,,,7/8/2026 7:10:25 AM,,,,,,7/8/2026 1:11:46 PM,,
,RD239,,,,,,,,08/07/2026,,,,,1,,,9,0,,0,,,9,,,315,,,,7/8/2026 7:40:53 AM,,,,,,7/8/2026 1:06:44 PM,,
,RD241,,,,,,,,08/07/2026,,,,,1,,,14,0,,0,,,14,,,490,,,,7/8/2026 6:53:03 AM,,,,,,7/8/2026 1:04:48 PM,,
,RD242,,,,,,,,08/07/2026,,,,,1,,,12,1,,88.5,,,11,,,385,,,,7/8/2026 6:58:12 AM,,,,,,7/8/2026 12:59:27 PM,,
,RD243,,,,,,,,08/07/2026,,,,,1,,,19,0,,0,,,18,,,630,,,,7/8/2026 7:16:23 AM,,,,,,7/8/2026 1:34:13 PM,,
,RD245,,,,,,,,08/07/2026,,,,,1,,,12,0,,0,,,12,,,420,,,,7/8/2026 7:18:30 AM,,,,,,7/8/2026 1:09:16 PM,,
,RD247,,,,,,,,08/07/2026,,,,,1,,,17,0,,0,,,17,,,595,,,,7/8/2026 6:52:39 AM,,,,,,7/8/2026 1:22:48 PM,,
,RD248,,,,,,,,08/07/2026,,,,,1,,,19,9,,840.9,,,10,,,350,,,,7/8/2026 6:46:29 AM,,,,,,7/8/2026 12:57:14 PM,,
,RD249,,,,,,,,08/07/2026,,,,,1,,,15,0,,0,,,14,,,490,,,,7/8/2026 7:24:49 AM,,,,,,7/8/2026 1:08:34 PM,,
,RD250,,,,,,,,08/07/2026,,,,,1,,,18,0,,0,,,18,,,630,,,,7/8/2026 7:01:31 AM,,,,,,7/8/2026 1:14:25 PM,,
,RD251,,,,,,,,08/07/2026,,,,,1,,,11,1,,54.1,,,10,,,350,,,,7/8/2026 9:37:08 AM,,,,,,7/8/2026 1:17:36 PM,,
,RD253,,,,,,,,08/07/2026,,,,,1,,,12,0,,0,,,12,,,420,,,,7/8/2026 7:24:38 AM,,,,,,7/8/2026 12:05:38 PM,,
,RD121,,,,,,,,08/07/2026,,,,,2,,,9,9,,515.82,,,0,,,0,,,,7/8/2026 3:24:23 PM,,,,,,7/8/2026 8:57:36 PM,,
,RD132,,,,,,,,08/07/2026,,,,,2,,,16,0,,0,,,16,,,560,,,,7/8/2026 3:25:29 PM,,,,,,7/8/2026 9:15:49 PM,,
,RD141,,,,,,,,08/07/2026,,,,,2,,,2,2,,95.9,,,0,,,0,,,,7/8/2026 7:15:56 PM,,,,,,7/8/2026 8:39:07 PM,,
,RD143,,,,,,,,08/07/2026,,,,,2,,,11,11,,527.45,,,0,,,0,,,,7/8/2026 3:14:24 PM,,,,,,7/8/2026 9:21:40 PM,,
,RD226,,,,,,,,08/07/2026,,,,,2,,,17,0,,0,,,17,,,595,,,,7/8/2026 4:12:23 PM,,,,,,7/8/2026 9:15:06 PM,,
,RD227,,,,,,,,08/07/2026,,,,,2,,,10,10,,479.5,,,0,,,0,,,,7/8/2026 3:28:15 PM,,,,,,7/8/2026 9:35:10 PM,,
,RD228,,,,,,,,08/07/2026,,,,,2,,,11,0,,0,,,11,,,385,,,,7/8/2026 3:34:53 PM,,,,,,7/8/2026 9:12:58 PM,,
,RD229,,,,,,,,08/07/2026,,,,,2,,,16,0,,0,,,16,,,560,,,,7/8/2026 3:38:19 PM,,,,,,7/8/2026 9:22:39 PM,,
,RD230,,,,,,,,08/07/2026,,,,,2,,,9,9,,686.7,,,0,,,0,,,,7/8/2026 3:34:36 PM,,,,,,7/8/2026 9:06:37 PM,,
,RD231,,,,,,,,08/07/2026,,,,,2,,,9,5,,407.2,,,4,,,140,,,,7/8/2026 5:40:18 PM,,,,,,7/8/2026 9:14:57 PM,,
,RD232,,,,,,,,08/07/2026,,,,,2,,,13,0,,0,,,13,,,455,,,,7/8/2026 4:17:55 PM,,,,,,7/8/2026 9:10:46 PM,,
,RD234,,,,,,,,08/07/2026,,,,,2,,,18,0,,0,,,18,,,630,,,,7/8/2026 3:32:36 PM,,,,,,7/8/2026 9:24:35 PM,,
,RD235,,,,,,,,08/07/2026,,,,,2,,,15,0,,0,,,15,,,525,,,,7/8/2026 3:28:52 PM,,,,,,7/8/2026 9:12:08 PM,,
,RD236,,,,,,,,08/07/2026,,,,,2,,,16,0,,0,,,16,,,560,,,,7/8/2026 3:18:57 PM,,,,,,7/8/2026 9:09:16 PM,,
,RD237,,,,,,,,08/07/2026,,,,,2,,,10,7,,335.65,,,3,,,105,,,,7/8/2026 6:20:00 PM,,,,,,7/8/2026 9:28:34 PM,,
,RD238,,,,,,,,08/07/2026,,,,,2,,,10,5,,428.4,,,5,,,175,,,,7/8/2026 3:58:58 PM,,,,,,7/8/2026 9:18:04 PM,,
,RD239,,,,,,,,08/07/2026,,,,,2,,,18,0,,0,,,18,,,630,,,,7/8/2026 3:08:14 PM,,,,,,7/8/2026 9:19:15 PM,,
,RD241,,,,,,,,08/07/2026,,,,,2,,,13,0,,0,,,13,,,455,,,,7/8/2026 3:16:28 PM,,,,,,7/8/2026 9:35:34 PM,,
,RD242,,,,,,,,08/07/2026,,,,,2,,,16,0,,0,,,16,,,560,,,,7/8/2026 3:30:31 PM,,,,,,7/8/2026 9:26:27 PM,,
,RD243,,,,,,,,08/07/2026,,,,,2,,,12,1,,102.1,,,11,,,385,,,,7/8/2026 3:28:29 PM,,,,,,7/8/2026 9:16:29 PM,,
,RD245,,,,,,,,08/07/2026,,,,,2,,,11,0,,0,,,11,,,385,,,,7/8/2026 3:24:14 PM,,,,,,7/8/2026 8:53:46 PM,,
,RD247,,,,,,,,08/07/2026,,,,,2,,,15,0,,0,,,15,,,525,,,,7/8/2026 3:29:17 PM,,,,,,7/8/2026 9:12:25 PM,,
,RD248,,,,,,,,08/07/2026,,,,,2,,,9,9,,710.9,,,0,,,0,,,,7/8/2026 3:43:00 PM,,,,,,7/8/2026 9:10:56 PM,,
,RD249,,,,,,,,08/07/2026,,,,,2,,,16,0,,0,,,16,,,560,,,,7/8/2026 3:22:13 PM,,,,,,7/8/2026 9:21:52 PM,,
,RD250,,,,,,,,08/07/2026,,,,,2,,,15,0,,0,,,15,,,525,,,,7/8/2026 3:41:50 PM,,,,,,7/8/2026 9:35:47 PM,,
,RD251,,,,,,,,08/07/2026,,,,,2,,,13,0,,0,,,13,,,455,,,,7/8/2026 3:36:58 PM,,,,,,7/8/2026 9:07:54 PM,,
,RD252,,,,,,,,08/07/2026,,,,,2,,,16,0,,0,,,16,,,560,,,,7/8/2026 4:06:06 PM,,,,,,7/8/2026 9:15:51 PM,,
,RD226,,,,,,,,08/07/2026,,,,,3,,,9,9,,624.4,,,0,,,0,,,,7/8/2026 11:22:31 PM,,,,,,7/9/2026 5:13:30 AM,,
,RD227,,,,,,,,08/07/2026,,,,,3,,,8,8,,383.6,,,0,,,0,,,,7/8/2026 11:13:27 PM,,,,,,7/9/2026 5:06:14 AM,,
,RD228,,,,,,,,08/07/2026,,,,,3,,,8,8,,559.25,,,0,,,0,,,,7/8/2026 10:53:09 PM,,,,,,7/9/2026 5:03:03 AM,,
,RD229,,,,,,,,08/07/2026,,,,,3,,,12,12,,881.5,,,0,,,0,,,,7/8/2026 11:04:04 PM,,,,,,7/9/2026 5:57:02 AM,,
,RD230,,,,,,,,08/07/2026,,,,,3,,,21,0,,0,,,21,,,735,,,,7/8/2026 11:29:46 PM,,,,,,7/9/2026 5:29:54 AM,,
,RD231,,,,,,,,08/07/2026,,,,,3,,,17,0,,0,,,17,,,595,,,,7/8/2026 11:25:18 PM,,,,,,7/9/2026 4:46:27 AM,,
,RD232,,,,,,,,08/07/2026,,,,,3,,,14,0,,0,,,14,,,490,,,,7/8/2026 10:56:30 PM,,,,,,7/9/2026 5:12:54 AM,,
,RD234,,,,,,,,08/07/2026,,,,,3,,,19,1,,78.7,,,18,,,630,,,,7/8/2026 11:17:14 PM,,,,,,7/9/2026 5:42:48 AM,,
,RD235,,,,,,,,08/07/2026,,,,,3,,,14,0,,0,,,14,,,490,,,,7/8/2026 10:52:36 PM,,,,,,7/9/2026 5:10:44 AM,,
,RD236,,,,,,,,08/07/2026,,,,,3,,,18,1,,76.1,,,17,,,595,,,,7/8/2026 11:25:30 PM,,,,,,7/9/2026 5:19:02 AM,,
,RD237,,,,,,,,08/07/2026,,,,,3,,,13,0,,0,,,13,,,455,,,,7/8/2026 11:16:01 PM,,,,,,7/9/2026 4:54:05 AM,,
,RD238,,,,,,,,08/07/2026,,,,,3,,,12,0,,0,,,12,,,420,,,,7/8/2026 11:29:45 PM,,,,,,7/9/2026 5:07:02 AM,,
,RD239,,,,,,,,08/07/2026,,,,,3,,,16,0,,0,,,16,,,560,,,,7/8/2026 10:40:32 PM,,,,,,7/9/2026 5:20:29 AM,,
,RD241,,,,,,,,08/07/2026,,,,,3,,,11,11,,782.9,,,0,,,0,,,,7/8/2026 10:53:42 PM,,,,,,7/9/2026 5:33:28 AM,,
,RD242,,,,,,,,08/07/2026,,,,,3,,,18,0,,0,,,18,,,630,,,,7/8/2026 11:03:08 PM,,,,,,7/9/2026 5:13:29 AM,,
,RD243,,,,,,,,08/07/2026,,,,,3,,,12,0,,0,,,12,,,420,,,,7/8/2026 11:21:49 PM,,,,,,7/9/2026 5:16:13 AM,,
,RD244,,,,,,,,08/07/2026,,,,,3,,,14,1,,47.95,,,13,,,455,,,,7/8/2026 11:44:08 PM,,,,,,7/9/2026 5:37:37 AM,,
,RD245,,,,,,,,08/07/2026,,,,,3,,,11,0,,0,,,11,,,385,,,,7/8/2026 11:26:00 PM,,,,,,7/9/2026 5:10:28 AM,,
,RD247,,,,,,,,08/07/2026,,,,,3,,,15,0,,0,,,15,,,525,,,,7/8/2026 10:48:24 PM,,,,,,7/9/2026 5:16:05 AM,,
,RD248,,,,,,,,08/07/2026,,,,,3,,,15,0,,0,,,15,,,525,,,,7/8/2026 10:52:09 PM,,,,,,7/9/2026 4:52:50 AM,,
,RD249,,,,,,,,08/07/2026,,,,,3,,,9,0,,0,,,9,,,315,,,,7/8/2026 10:48:11 PM,,,,,,7/9/2026 1:48:00 AM,,
,RD250,,,,,,,,08/07/2026,,,,,3,,,9,9,,641.5,,,0,,,0,,,,7/8/2026 11:17:58 PM,,,,,,7/9/2026 5:10:06 AM,,
,RD251,,,,,,,,08/07/2026,,,,,3,,,18,0,,0,,,18,,,630,,,,7/8/2026 11:32:22 PM,,,,,,7/9/2026 4:57:13 AM,,
,RD252,,,,,,,,08/07/2026,,,,,3,,,14,1,,82.2,,,13,,,455,,,,7/8/2026 10:59:21 PM,,,,,,7/9/2026 5:51:40 AM,,
,RD253,,,,,,,,08/07/2026,,,,,3,,,14,0,,0,,,14,,,490,,,,7/8/2026 11:07:05 PM,,,,,,7/9/2026 4:52:50 AM,,
,RD141,,,,,,,,09/07/2026,,,,,1,,,9,9,,431.55,,,0,,,0,,,,7/9/2026 6:59:56 AM,,,,,,7/9/2026 1:11:40 PM,,
,RD226,,,,,,,,09/07/2026,,,,,1,,,11,11,,908.3,,,0,,,0,,,,7/9/2026 6:56:31 AM,,,,,,7/9/2026 12:52:04 PM,,
,RD227,,,,,,,,09/07/2026,,,,,1,,,13,6,,287.7,,,7,,,245,,,,7/9/2026 6:56:20 AM,,,,,,7/9/2026 1:24:10 PM,,
,RD228,,,,,,,,09/07/2026,,,,,1,,,11,11,,955.8,,,0,,,0,,,,7/9/2026 6:49:25 AM,,,,,,7/9/2026 12:56:03 PM,,
,RD229,,,,,,,,09/07/2026,,,,,1,,,10,0,,0,,,10,,,350,,,,7/9/2026 7:03:49 AM,,,,,,7/9/2026 12:54:46 PM,,
,RD230,,,,,,,,09/07/2026,,,,,1,,,7,0,,0,,,7,,,245,,,,7/9/2026 7:52:52 AM,,,,,,7/9/2026 12:41:56 PM,,
,RD231,,,,,,,,09/07/2026,,,,,1,,,12,7,,335.65,,,5,,,175,,,,7/9/2026 7:04:54 AM,,,,,,7/9/2026 1:07:56 PM,,
,RD232,,,,,,,,09/07/2026,,,,,1,,,8,0,,0,,,8,,,280,,,,7/9/2026 7:16:16 AM,,,,,,7/9/2026 12:58:22 PM,,
,RD234,,,,,,,,09/07/2026,,,,,1,,,10,10,,830.4,,,0,,,0,,,,7/9/2026 6:13:29 AM,,,,,,7/9/2026 1:02:02 PM,,
,RD235,,,,,,,,09/07/2026,,,,,1,,,10,5,,438.5,,,5,,,175,,,,7/9/2026 8:02:36 AM,,,,,,7/9/2026 1:00:32 PM,,
,RD236,,,,,,,,09/07/2026,,,,,1,,,13,0,,0,,,13,,,455,,,,7/9/2026 6:32:43 AM,,,,,,7/9/2026 11:47:03 AM,,
,RD237,,,,,,,,09/07/2026,,,,,1,,,11,0,,0,,,11,,,385,,,,7/9/2026 6:47:16 AM,,,,,,7/9/2026 1:23:37 PM,,
,RD238,,,,,,,,09/07/2026,,,,,1,,,11,1,,87.4,,,10,,,350,,,,7/9/2026 7:05:20 AM,,,,,,7/9/2026 12:54:48 PM,,
,RD239,,,,,,,,09/07/2026,,,,,1,,,13,0,,0,,,13,,,455,,,,7/9/2026 7:19:46 AM,,,,,,7/9/2026 1:04:11 PM,,
,RD240,,,,,,,,09/07/2026,,,,,1,,,9,0,,0,,,9,,,315,,,,7/9/2026 7:33:17 AM,,,,,,7/9/2026 12:36:18 PM,,
,RD241,,,,,,,,09/07/2026,,,,,1,,,11,6,,547.2,,,5,,,175,,,,7/9/2026 6:04:49 AM,,,,,,7/9/2026 1:16:43 PM,,
,RD242,,,,,,,,09/07/2026,,,,,1,,,12,0,,0,,,12,,,420,,,,7/9/2026 7:23:53 AM,,,,,,7/9/2026 12:54:33 PM,,
,RD243,,,,,,,,09/07/2026,,,,,1,,,2,2,,168.8,,,0,,,0,,,,7/9/2026 10:30:18 AM,,,,,,7/9/2026 11:12:14 AM,,
,RD244,,,,,,,,09/07/2026,,,,,1,,,9,9,,540.55,,,0,,,0,,,,7/9/2026 6:10:12 AM,,,,,,7/9/2026 1:07:39 PM,,
,RD245,,,,,,,,09/07/2026,,,,,1,,,11,0,,0,,,11,,,385,,,,7/9/2026 6:44:20 AM,,,,,,7/9/2026 1:14:34 PM,,
,RD247,,,,,,,,09/07/2026,,,,,1,,,18,0,,0,,,18,,,630,,,,7/9/2026 6:41:32 AM,,,,,,7/9/2026 12:58:03 PM,,
,RD248,,,,,,,,09/07/2026,,,,,1,,,18,0,,0,,,18,,,630,,,,7/9/2026 6:35:08 AM,,,,,,7/9/2026 1:02:13 PM,,
,RD249,,,,,,,,09/07/2026,,,,,1,,,11,0,,0,,,11,,,385,,,,7/9/2026 7:29:15 AM,,,,,,7/9/2026 1:15:00 PM,,
,RD250,,,,,,,,09/07/2026,,,,,1,,,10,0,,0,,,10,,,350,,,,7/9/2026 7:43:07 AM,,,,,,7/9/2026 1:10:06 PM,,
,RD251,,,,,,,,09/07/2026,,,,,1,,,13,0,,0,,,13,,,455,,,,7/9/2026 7:28:18 AM,,,,,,7/9/2026 1:18:36 PM,,
,RD252,,,,,,,,09/07/2026,,,,,1,,,10,1,,94.7,,,9,,,315,,,,7/9/2026 7:02:43 AM,,,,,,7/9/2026 1:05:34 PM,,
,RD253,,,,,,,,09/07/2026,,,,,1,,,17,0,,0,,,17,,,595,,,,7/9/2026 6:38:18 AM,,,,,,7/9/2026 1:05:30 PM,,
,RD121,,,,,,,,09/07/2026,,,,,2,,,8,8,,423.87,,,0,,,0,,,,7/9/2026 4:12:33 PM,,,,,,7/9/2026 9:03:09 PM,,
,RD123,,,,,,,,09/07/2026,,,,,2,,,6,6,,301.34,,,0,,,0,,,,7/9/2026 5:20:17 PM,,,,,,7/9/2026 9:02:42 PM,,
,RD141,,,,,,,,09/07/2026,,,,,2,,,6,6,,287.7,,,0,,,0,,,,7/9/2026 4:31:03 PM,,,,,,7/9/2026 9:02:48 PM,,
,RD143,,,,,,,,09/07/2026,,,,,2,,,4,0,,0,,,4,,,140,,,,7/9/2026 4:35:55 PM,,,,,,7/9/2026 8:54:24 PM,,
,RD226,,,,,,,,09/07/2026,,,,,2,,,9,9,,618.3,,,0,,,0,,,,7/9/2026 4:06:00 PM,,,,,,7/9/2026 9:59:40 PM,,
,RD227,,,,,,,,09/07/2026,,,,,2,,,8,8,,383.6,,,0,,,0,,,,7/9/2026 4:27:15 PM,,,,,,7/9/2026 8:40:08 PM,,
,RD228,,,,,,,,09/07/2026,,,,,2,,,12,0,,0,,,12,,,420,,,,7/9/2026 4:08:21 PM,,,,,,7/9/2026 9:18:11 PM,,
,RD229,,,,,,,,09/07/2026,,,,,2,,,13,1,,98.3,,,12,,,420,,,,7/9/2026 4:33:55 PM,,,,,,7/9/2026 9:13:05 PM,,
,RD230,,,,,,,,09/07/2026,,,,,2,,,7,7,,455.9,,,0,,,0,,,,7/9/2026 4:21:15 PM,,,,,,7/9/2026 8:43:43 PM,,
,RD231,,,,,,,,09/07/2026,,,,,2,,,9,0,,0,,,9,,,315,,,,7/9/2026 4:27:33 PM,,,,,,7/9/2026 9:03:21 PM,,
,RD232,,,,,,,,09/07/2026,,,,,2,,,9,3,,215.4,,,6,,,210,,,,7/9/2026 4:38:13 PM,,,,,,7/9/2026 9:05:51 PM,,
,RD234,,,,,,,,09/07/2026,,,,,2,,,6,6,,514.9,,,0,,,0,,,,7/9/2026 7:14:23 PM,,,,,,7/9/2026 9:08:09 PM,,
,RD235,,,,,,,,09/07/2026,,,,,2,,,8,5,,401.65,,,3,,,105,,,,7/9/2026 4:15:54 PM,,,,,,7/9/2026 9:07:24 PM,,
,RD236,,,,,,,,09/07/2026,,,,,2,,,10,0,,0,,,10,,,350,,,,7/9/2026 4:13:08 PM,,,,,,7/9/2026 8:51:28 PM,,
,RD237,,,,,,,,09/07/2026,,,,,2,,,11,0,,0,,,11,,,385,,,,7/9/2026 4:25:05 PM,,,,,,7/9/2026 9:10:43 PM,,
,RD238,,,,,,,,09/07/2026,,,,,2,,,8,8,,703.3,,,0,,,0,,,,7/9/2026 3:58:09 PM,,,,,,7/9/2026 9:13:52 PM,,
,RD239,,,,,,,,09/07/2026,,,,,2,,,9,1,,65.7,,,8,,,280,,,,7/9/2026 4:29:19 PM,,,,,,7/9/2026 9:39:20 PM,,
,RD240,,,,,,,,09/07/2026,,,,,2,,,9,0,,0,,,9,,,315,,,,7/9/2026 4:16:32 PM,,,,,,7/9/2026 9:03:56 PM,,
,RD241,,,,,,,,09/07/2026,,,,,2,,,10,7,,428.95,,,3,,,105,,,,7/9/2026 4:02:08 PM,,,,,,7/9/2026 9:35:54 PM,,
,RD242,,,,,,,,09/07/2026,,,,,2,,,11,1,,62,,,10,,,350,,,,7/9/2026 4:16:06 PM,,,,,,7/9/2026 9:48:00 PM,,
,RD243,,,,,,,,09/07/2026,,,,,2,,,9,8,,672.05,,,1,,,35,,,,7/9/2026 3:54:15 PM,,,,,,7/9/2026 6:28:00 PM,,
,RD244,,,,,,,,09/07/2026,,,,,2,,,13,9,,722.2,,,4,,,140,,,,7/9/2026 4:15:37 PM,,,,,,7/9/2026 9:45:25 PM,,
,RD245,,,,,,,,09/07/2026,,,,,2,,,8,0,,0,,,8,,,280,,,,7/9/2026 4:24:53 PM,,,,,,7/9/2026 8:57:54 PM,,
,RD247,,,,,,,,09/07/2026,,,,,2,,,14,2,,111.85,,,12,,,420,,,,7/9/2026 4:22:28 PM,,,,,,7/9/2026 9:42:13 PM,,
,RD248,,,,,,,,09/07/2026,,,,,2,,,7,7,,457.2,,,0,,,0,,,,7/9/2026 4:23:27 PM,,,,,,7/9/2026 9:11:57 PM,,
,RD249,,,,,,,,09/07/2026,,,,,2,,,10,0,,0,,,10,,,350,,,,7/9/2026 4:19:06 PM,,,,,,7/9/2026 8:33:16 PM,,
,RD250,,,,,,,,09/07/2026,,,,,2,,,9,6,,402,,,3,,,105,,,,7/9/2026 4:33:49 PM,,,,,,7/9/2026 9:29:41 PM,,
,RD251,,,,,,,,09/07/2026,,,,,2,,,10,0,,0,,,10,,,350,,,,7/9/2026 5:06:35 PM,,,,,,7/9/2026 9:00:26 PM,,
,RD252,,,,,,,,09/07/2026,,,,,2,,,15,14,,1242.3,,,1,,,35,,,,7/9/2026 4:23:16 PM,,,,,,7/9/2026 9:26:11 PM,,
,RD253,,,,,,,,09/07/2026,,,,,2,,,6,6,,399.9,,,0,,,0,,,,7/9/2026 4:18:31 PM,,,,,,7/9/2026 8:16:39 PM,,
,RD121,,,,,,,,09/07/2026,,,,,3,,,20,0,,0,,,20,,,700,,,,7/10/2026 12:06:21 AM,,,,,,7/10/2026 5:25:46 AM,,
,RD123,,,,,,,,09/07/2026,,,,,3,,,9,8,,395.74,,,1,,,35,,,,7/9/2026 11:03:06 PM,,,,,,7/10/2026 5:18:07 AM,,
,RD141,,,,,,,,09/07/2026,,,,,3,,,3,3,,143.85,,,0,,,0,,,,7/9/2026 11:16:59 PM,,,,,,7/10/2026 12:37:59 AM,,
,RD143,,,,,,,,09/07/2026,,,,,3,,,1,0,,0,,,1,,,35,,,,7/9/2026 10:50:56 PM,,,,,,7/9/2026 10:50:56 PM,,
,RD226,,,,,,,,09/07/2026,,,,,3,,,4,4,,265.7,,,0,,,0,,,,7/10/2026 2:26:19 AM,,,,,,7/10/2026 4:50:40 AM,,
,RD227,,,,,,,,09/07/2026,,,,,3,,,34,0,,0,,,34,,,1190,,,,7/9/2026 11:00:59 PM,,,,,,7/10/2026 5:33:02 AM,,
,RD228,,,,,,,,09/07/2026,,,,,3,,,9,9,,431.55,,,0,,,0,,,,7/9/2026 10:59:45 PM,,,,,,7/10/2026 5:20:35 AM,,
,RD229,,,,,,,,09/07/2026,,,,,3,,,14,0,,0,,,14,,,490,,,,7/9/2026 10:34:31 PM,,,,,,7/10/2026 5:07:41 AM,,
,RD230,,,,,,,,09/07/2026,,,,,3,,,17,14,,1153,,,3,,,105,,,,7/9/2026 11:01:12 PM,,,,,,7/10/2026 5:38:51 AM,,
,RD231,,,,,,,,09/07/2026,,,,,3,,,3,0,,0,,,3,,,105,,,,7/9/2026 10:56:33 PM,,,,,,7/10/2026 12:37:15 AM,,
,RD232,,,,,,,,09/07/2026,,,,,3,,,19,1,,65.7,,,18,,,630,,,,7/9/2026 10:47:08 PM,,,,,,7/10/2026 5:27:45 AM,,
,RD233,,,,,,,,09/07/2026,,,,,3,,,8,0,,0,,,8,,,280,,,,7/10/2026 2:43:47 AM,,,,,,7/10/2026 5:01:15 AM,,
,RD234,,,,,,,,09/07/2026,,,,,3,,,13,1,,84.7,,,12,,,420,,,,7/9/2026 10:50:59 PM,,,,,,7/10/2026 5:07:40 AM,,
,RD235,,,,,,,,09/07/2026,,,,,3,,,20,1,,65.6,,,19,,,665,,,,7/9/2026 11:22:25 PM,,,,,,7/10/2026 5:35:47 AM,,
,RD236,,,,,,,,09/07/2026,,,,,3,,,13,3,,267.9,,,10,,,350,,,,7/9/2026 11:00:06 PM,,,,,,7/10/2026 5:21:19 AM,,
,RD237,,,,,,,,09/07/2026,,,,,3,,,12,7,,335.65,,,5,,,175,,,,7/9/2026 10:56:50 PM,,,,,,7/10/2026 4:24:42 AM,,
,RD238,,,,,,,,09/07/2026,,,,,3,,,14,2,,142.15,,,12,,,420,,,,7/9/2026 10:39:02 PM,,,,,,7/10/2026 5:45:08 AM,,
,RD239,,,,,,,,09/07/2026,,,,,3,,,11,2,,107.45,,,9,,,315,,,,7/9/2026 10:14:05 PM,,,,,,7/10/2026 4:54:28 AM,,
,RD240,,,,,,,,09/07/2026,,,,,3,,,9,9,,574.5,,,0,,,0,,,,7/9/2026 10:37:18 PM,,,,,,7/10/2026 4:36:28 AM,,
,RD241,,,,,,,,09/07/2026,,,,,3,,,10,10,,722.8,,,0,,,0,,,,7/9/2026 10:10:39 PM,,,,,,7/10/2026 4:29:38 AM,,
,RD242,,,,,,,,09/07/2026,,,,,3,,,16,11,,927.95,,,5,,,175,,,,7/9/2026 10:22:12 PM,,,,,,7/10/2026 4:32:17 AM,,
,RD243,,,,,,,,09/07/2026,,,,,3,,,19,3,,283,,,16,,,560,,,,7/9/2026 10:34:41 PM,,,,,,7/10/2026 5:20:51 AM,,
,RD244,,,,,,,,09/07/2026,,,,,3,,,17,1,,58,,,16,,,560,,,,7/9/2026 10:19:52 PM,,,,,,7/10/2026 5:04:30 AM,,
,RD245,,,,,,,,09/07/2026,,,,,3,,,12,11,,752.6,,,1,,,35,,,,7/9/2026 10:33:28 PM,,,,,,7/10/2026 5:57:38 AM,,
,RD247,,,,,,,,09/07/2026,,,,,3,,,20,1,,60.3,,,19,,,665,,,,7/9/2026 10:17:09 PM,,,,,,7/10/2026 5:13:36 AM,,
,RD248,,,,,,,,09/07/2026,,,,,3,,,9,9,,565.45,,,0,,,0,,,,7/10/2026 12:03:34 AM,,,,,,7/10/2026 5:21:58 AM,,
,RD249,,,,,,,,09/07/2026,,,,,3,,,4,0,,0,,,4,,,140,,,,7/10/2026 12:06:04 AM,,,,,,7/10/2026 1:26:11 AM,,
,RD250,,,,,,,,09/07/2026,,,,,3,,,17,2,,170.5,,,15,,,525,,,,7/9/2026 10:07:32 PM,,,,,,7/10/2026 5:28:11 AM,,
,RD251,,,,,,,,09/07/2026,,,,,3,,,12,0,,0,,,12,,,420,,,,7/9/2026 10:42:20 PM,,,,,,7/10/2026 5:24:54 AM,,
,RD252,,,,,,,,09/07/2026,,,,,3,,,14,0,,0,,,14,,,490,,,,7/9/2026 11:28:31 PM,,,,,,7/10/2026 5:10:17 AM,,
,RD253,,,,,,,,09/07/2026,,,,,3,,,12,2,,141,,,10,,,350,,,,7/10/2026 1:26:11 AM,,,,,,7/10/2026 5:43:29 AM,,
,RD121,,,,,,,,10/07/2026,,,,,1,,,8,8,,383.6,,,0,,,0,,,,7/10/2026 7:06:08 AM,,,,,,7/10/2026 1:05:40 PM,,
,RD123,,,,,,,,10/07/2026,,,,,1,,,9,8,,410.8,,,1,,,35,,,,7/10/2026 6:53:03 AM,,,,,,7/10/2026 1:20:27 PM,,
,RD126,,,,,,,,10/07/2026,,,,,1,,,4,4,,275.78,,,0,,,0,,,,7/10/2026 7:42:21 AM,,,,,,7/10/2026 10:24:01 AM,,
,RD141,,,,,,,,10/07/2026,,,,,1,,,8,8,,383.6,,,0,,,0,,,,7/10/2026 7:15:45 AM,,,,,,7/10/2026 12:56:36 PM,,
,RD226,,,,,,,,10/07/2026,,,,,1,,,10,10,,621.8,,,0,,,0,,,,7/10/2026 6:48:26 AM,,,,,,7/10/2026 1:08:38 PM,,
,RD227,,,,,,,,10/07/2026,,,,,1,,,5,0,,0,,,5,,,175,,,,7/10/2026 7:48:53 AM,,,,,,7/10/2026 10:50:27 AM,,
,RD228,,,,,,,,10/07/2026,,,,,1,,,14,0,,0,,,14,,,490,,,,7/10/2026 6:58:47 AM,,,,,,7/10/2026 1:00:12 PM,,
,RD229,,,,,,,,10/07/2026,,,,,1,,,22,2,,130.85,,,20,,,700,,,,7/10/2026 6:48:30 AM,,,,,,7/10/2026 1:16:14 PM,,
,RD230,,,,,,,,10/07/2026,,,,,1,,,30,4,,334.4,,,26,,,910,,,,7/10/2026 6:07:59 AM,,,,,,7/10/2026 1:20:24 PM,,
,RD231,,,,,,,,10/07/2026,,,,,1,,,8,0,,0,,,8,,,280,,,,7/10/2026 7:03:08 AM,,,,,,7/10/2026 11:03:20 AM,,
,RD232,,,,,,,,10/07/2026,,,,,1,,,12,1,,59.9,,,11,,,385,,,,7/10/2026 7:07:33 AM,,,,,,7/10/2026 12:59:00 PM,,
,RD233,,,,,,,,10/07/2026,,,,,1,,,14,0,,0,,,14,,,490,,,,7/10/2026 6:51:43 AM,,,,,,7/10/2026 1:06:42 PM,,
,RD234,,,,,,,,10/07/2026,,,,,1,,,5,2,,125.8,,,3,,,105,,,,7/10/2026 7:40:29 AM,,,,,,7/10/2026 1:02:48 PM,,
,RD235,,,,,,,,10/07/2026,,,,,1,,,23,9,,545.4,,,14,,,490,,,,7/10/2026 6:05:12 AM,,,,,,7/10/2026 1:12:22 PM,,
,RD236,,,,,,,,10/07/2026,,,,,1,,,8,8,,476.3,,,0,,,0,,,,7/10/2026 7:12:40 AM,,,,,,7/10/2026 1:18:31 PM,,
,RD237,,,,,,,,10/07/2026,,,,,1,,,11,1,,47.95,,,10,,,350,,,,7/10/2026 6:42:07 AM,,,,,,7/10/2026 12:51:06 PM,,
,RD238,,,,,,,,10/07/2026,,,,,1,,,1,1,,65.8,,,0,,,0,,,,7/10/2026 6:01:16 AM,,,,,,7/10/2026 6:01:16 AM,,
,RD239,,,,,,,,10/07/2026,,,,,1,,,8,8,,507.4,,,0,,,0,,,,7/10/2026 7:09:04 AM,,,,,,7/10/2026 12:46:24 PM,,
,RD240,,,,,,,,10/07/2026,,,,,1,,,16,0,,0,,,16,,,560,,,,7/10/2026 7:18:46 AM,,,,,,7/10/2026 1:04:46 PM,,
,RD241,,,,,,,,10/07/2026,,,,,1,,,15,0,,0,,,15,,,525,,,,7/10/2026 6:43:33 AM,,,,,,7/10/2026 1:06:53 PM,,
,RD242,,,,,,,,10/07/2026,,,,,1,,,14,0,,0,,,14,,,490,,,,7/10/2026 7:07:38 AM,,,,,,7/10/2026 1:14:17 PM,,
,RD243,,,,,,,,10/07/2026,,,,,1,,,9,1,,66.4,,,8,,,280,,,,7/10/2026 9:48:40 AM,,,,,,7/10/2026 12:21:36 PM,,
,RD244,,,,,,,,10/07/2026,,,,,1,,,7,6,,388.2,,,1,,,35,,,,7/10/2026 9:11:28 AM,,,,,,7/10/2026 1:13:20 PM,,
,RD245,,,,,,,,10/07/2026,,,,,1,,,13,0,,0,,,12,,,420,,,,7/10/2026 7:13:54 AM,,,,,,7/10/2026 1:08:13 PM,,
,RD247,,,,,,,,10/07/2026,,,,,1,,,16,0,,0,,,16,,,560,,,,7/10/2026 6:52:49 AM,,,,,,7/10/2026 1:13:31 PM,,
,RD249,,,,,,,,10/07/2026,,,,,1,,,15,0,,0,,,15,,,525,,,,7/10/2026 6:33:29 AM,,,,,,7/10/2026 1:03:07 PM,,
,RD250,,,,,,,,10/07/2026,,,,,1,,,17,0,,0,,,17,,,595,,,,7/10/2026 6:45:35 AM,,,,,,7/10/2026 12:56:30 PM,,
,RD251,,,,,,,,10/07/2026,,,,,1,,,13,0,,0,,,13,,,455,,,,7/10/2026 7:02:50 AM,,,,,,7/10/2026 1:03:36 PM,,
,RD252,,,,,,,,10/07/2026,,,,,1,,,15,0,,0,,,15,,,525,,,,7/10/2026 6:51:58 AM,,,,,,7/10/2026 1:10:17 PM,,
,RD253,,,,,,,,10/07/2026,,,,,1,,,16,0,,0,,,16,,,560,,,,7/10/2026 6:39:24 AM,,,,,,7/10/2026 1:10:34 PM,,
,RD121,,,,,,,,10/07/2026,,,,,2,,,10,0,,0,,,10,,,350,,,,7/10/2026 3:46:40 PM,,,,,,7/10/2026 8:45:56 PM,,
,RD122,,,,,,,,10/07/2026,,,,,2,,,8,8,,383.6,,,0,,,0,,,,7/10/2026 3:47:43 PM,,,,,,7/10/2026 9:12:23 PM,,
,RD123,,,,,,,,10/07/2026,,,,,2,,,17,0,,0,,,17,,,595,,,,7/10/2026 4:19:32 PM,,,,,,7/10/2026 8:36:00 PM,,
,RD126,,,,,,,,10/07/2026,,,,,2,,,8,8,,666.51,,,0,,,0,,,,7/10/2026 3:44:26 PM,,,,,,7/10/2026 9:00:12 PM,,
,RD141,,,,,,,,10/07/2026,,,,,2,,,9,9,,431.55,,,0,,,0,,,,7/10/2026 3:26:26 PM,,,,,,7/10/2026 8:48:57 PM,,
,RD143,,,,,,,,10/07/2026,,,,,2,,,7,4,,191.8,,,3,,,105,,,,7/10/2026 6:31:52 PM,,,,,,7/10/2026 9:09:56 PM,,
,RD226,,,,,,,,10/07/2026,,,,,2,,,14,1,,82.5,,,13,,,455,,,,7/10/2026 3:53:13 PM,,,,,,7/10/2026 9:02:11 PM,,
,RD227,,,,,,,,10/07/2026,,,,,2,,,10,10,,667.8,,,0,,,0,,,,7/10/2026 3:31:43 PM,,,,,,7/10/2026 9:07:10 PM,,
,RD228,,,,,,,,10/07/2026,,,,,2,,,11,0,,0,,,11,,,385,,,,7/10/2026 4:36:00 PM,,,,,,7/10/2026 9:20:54 PM,,
,RD229,,,,,,,,10/07/2026,,,,,2,,,8,1,,101.4,,,7,,,245,,,,7/10/2026 3:45:49 PM,,,,,,7/10/2026 7:00:48 PM,,
,RD230,,,,,,,,10/07/2026,,,,,2,,,9,9,,642.6,,,0,,,0,,,,7/10/2026 3:58:56 PM,,,,,,7/10/2026 8:55:17 PM,,
,RD231,,,,,,,,10/07/2026,,,,,2,,,3,3,,143.85,,,0,,,0,,,,7/10/2026 7:14:36 PM,,,,,,7/10/2026 8:28:25 PM,,
,RD232,,,,,,,,10/07/2026,,,,,2,,,10,0,,0,,,10,,,350,,,,7/10/2026 4:41:56 PM,,,,,,7/10/2026 9:05:07 PM,,
,RD233,,,,,,,,10/07/2026,,,,,2,,,14,2,,188.3,,,12,,,420,,,,7/10/2026 3:43:04 PM,,,,,,7/10/2026 9:18:22 PM,,
,RD234,,,,,,,,10/07/2026,,,,,2,,,10,0,,0,,,10,,,350,,,,7/10/2026 4:43:49 PM,,,,,,7/10/2026 9:11:23 PM,,
,RD235,,,,,,,,10/07/2026,,,,,2,,,13,0,,0,,,13,,,455,,,,7/10/2026 3:50:27 PM,,,,,,7/10/2026 9:14:26 PM,,
,RD236,,,,,,,,10/07/2026,,,,,2,,,3,0,,0,,,3,,,105,,,,7/10/2026 3:57:05 PM,,,,,,7/10/2026 4:35:17 PM,,
,RD237,,,,,,,,10/07/2026,,,,,2,,,12,0,,0,,,12,,,420,,,,7/10/2026 3:53:51 PM,,,,,,7/10/2026 9:17:47 PM,,
,RD239,,,,,,,,10/07/2026,,,,,2,,,12,0,,0,,,12,,,420,,,,7/10/2026 4:05:34 PM,,,,,,7/10/2026 9:06:46 PM,,
,RD240,,,,,,,,10/07/2026,,,,,2,,,13,0,,0,,,13,,,455,,,,7/10/2026 4:01:04 PM,,,,,,7/10/2026 9:12:30 PM,,
,RD241,,,,,,,,10/07/2026,,,,,2,,,12,0,,0,,,12,,,420,,,,7/10/2026 4:08:51 PM,,,,,,7/10/2026 9:17:06 PM,,
,RD242,,,,,,,,10/07/2026,,,,,2,,,11,0,,0,,,11,,,385,,,,7/10/2026 3:41:10 PM,,,,,,7/10/2026 9:02:00 PM,,
,RD244,,,,,,,,10/07/2026,,,,,2,,,10,2,,169.4,,,8,,,280,,,,7/10/2026 4:45:52 PM,,,,,,7/10/2026 9:16:02 PM,,
,RD245,,,,,,,,10/07/2026,,,,,2,,,11,1,,79.9,,,10,,,350,,,,7/10/2026 4:31:22 PM,,,,,,7/10/2026 9:21:40 PM,,
,RD247,,,,,,,,10/07/2026,,,,,2,,,19,0,,0,,,19,,,665,,,,7/10/2026 4:05:25 PM,,,,,,7/10/2026 9:04:49 PM,,
,RD249,,,,,,,,10/07/2026,,,,,2,,,6,0,,0,,,6,,,210,,,,7/10/2026 4:25:45 PM,,,,,,7/10/2026 7:08:54 PM,,
,RD251,,,,,,,,10/07/2026,,,,,2,,,10,0,,0,,,10,,,350,,,,7/10/2026 4:32:41 PM,,,,,,7/10/2026 8:57:47 PM,,
,RD252,,,,,,,,10/07/2026,,,,,2,,,14,0,,0,,,14,,,490,,,,7/10/2026 3:37:21 PM,,,,,,7/10/2026 9:00:35 PM,,
,RD253,,,,,,,,10/07/2026,,,,,2,,,6,5,,392.8,,,1,,,35,,,,7/10/2026 3:36:24 PM,,,,,,7/10/2026 7:14:44 PM,,
,RD121,,,,,,,,10/07/2026,,,,,3,,,13,1,,47.95,,,12,,,420,,,,7/10/2026 11:22:25 PM,,,,,,7/11/2026 5:15:14 AM,,
,RD123,,,,,,,,10/07/2026,,,,,3,,,9,8,,442.59,,,1,,,35,,,,7/10/2026 11:48:21 PM,,,,,,7/11/2026 5:16:56 AM,,
,RD126,,,,,,,,10/07/2026,,,,,3,,,8,8,,635.74,,,0,,,0,,,,7/10/2026 11:05:50 PM,,,,,,7/11/2026 4:47:08 AM,,
,RD141,,,,,,,,10/07/2026,,,,,3,,,8,8,,383.6,,,0,,,0,,,,7/10/2026 10:52:03 PM,,,,,,7/11/2026 4:29:29 AM,,
,RD143,,,,,,,,10/07/2026,,,,,3,,,6,5,,239.75,,,1,,,35,,,,7/10/2026 11:42:29 PM,,,,,,7/11/2026 4:33:18 AM,,
,RD226,,,,,,,,10/07/2026,,,,,3,,,9,9,,622.8,,,0,,,0,,,,7/10/2026 10:50:06 PM,,,,,,7/11/2026 5:22:30 AM,,
,RD227,,,,,,,,10/07/2026,,,,,3,,,10,10,,652.8,,,0,,,0,,,,7/10/2026 10:42:35 PM,,,,,,7/11/2026 4:38:15 AM,,
,RD228,,,,,,,,10/07/2026,,,,,3,,,14,1,,92,,,13,,,455,,,,7/10/2026 11:05:10 PM,,,,,,7/11/2026 5:13:54 AM,,
,RD229,,,,,,,,10/07/2026,,,,,3,,,1,0,,0,,,1,,,35,,,,7/10/2026 10:52:34 PM,,,,,,7/10/2026 10:52:34 PM,,
,RD230,,,,,,,,10/07/2026,,,,,3,,,19,1,,90.4,,,18,,,630,,,,7/10/2026 11:11:43 PM,,,,,,7/11/2026 5:16:41 AM,,
,RD231,,,,,,,,10/07/2026,,,,,3,,,18,0,,0,,,18,,,630,,,,7/10/2026 10:40:38 PM,,,,,,7/11/2026 5:24:57 AM,,
,RD232,,,,,,,,10/07/2026,,,,,3,,,13,1,,101.9,,,12,,,420,,,,7/10/2026 10:51:52 PM,,,,,,7/11/2026 5:17:27 AM,,
,RD233,,,,,,,,10/07/2026,,,,,3,,,8,6,,378.3,,,2,,,70,,,,7/10/2026 10:51:08 PM,,,,,,7/11/2026 5:19:54 AM,,
,RD234,,,,,,,,10/07/2026,,,,,3,,,14,0,,0,,,14,,,490,,,,7/10/2026 10:51:33 PM,,,,,,7/11/2026 5:13:58 AM,,
,RD235,,,,,,,,10/07/2026,,,,,3,,,18,0,,0,,,18,,,630,,,,7/10/2026 10:53:32 PM,,,,,,7/11/2026 5:22:11 AM,,
,RD237,,,,,,,,10/07/2026,,,,,3,,,18,1,,47.95,,,17,,,595,,,,7/10/2026 10:54:18 PM,,,,,,7/11/2026 5:24:24 AM,,
,RD238,,,,,,,,10/07/2026,,,,,3,,,16,2,,127.4,,,14,,,490,,,,7/10/2026 11:34:09 PM,,,,,,7/11/2026 5:16:08 AM,,
,RD239,,,,,,,,10/07/2026,,,,,3,,,12,0,,0,,,12,,,420,,,,7/10/2026 11:16:01 PM,,,,,,7/11/2026 4:58:27 AM,,
,RD240,,,,,,,,10/07/2026,,,,,3,,,14,0,,0,,,14,,,490,,,,7/10/2026 11:05:36 PM,,,,,,7/11/2026 5:21:39 AM,,
,RD241,,,,,,,,10/07/2026,,,,,3,,,15,2,,195.1,,,13,,,455,,,,7/10/2026 10:48:14 PM,,,,,,7/11/2026 2:51:23 AM,,
,RD242,,,,,,,,10/07/2026,,,,,3,,,16,0,,0,,,16,,,560,,,,7/10/2026 10:55:01 PM,,,,,,7/11/2026 5:28:21 AM,,
,RD243,,,,,,,,10/07/2026,,,,,3,,,4,4,,240.3,,,0,,,0,,,,7/11/2026 1:13:15 AM,,,,,,7/11/2026 4:18:46 AM,,
,RD244,,,,,,,,10/07/2026,,,,,3,,,13,0,,0,,,13,,,455,,,,7/10/2026 10:33:55 PM,,,,,,7/11/2026 5:09:50 AM,,
,RD245,,,,,,,,10/07/2026,,,,,3,,,11,0,,0,,,11,,,385,,,,7/10/2026 11:10:34 PM,,,,,,7/11/2026 3:13:51 AM,,
,RD247,,,,,,,,10/07/2026,,,,,3,,,17,0,,0,,,17,,,595,,,,7/10/2026 10:45:31 PM,,,,,,7/11/2026 5:08:03 AM,,
,RD249,,,,,,,,10/07/2026,,,,,3,,,2,0,,0,,,2,,,70,,,,7/11/2026 4:48:52 AM,,,,,,7/11/2026 5:11:21 AM,,
,RD251,,,,,,,,10/07/2026,,,,,3,,,16,0,,0,,,16,,,560,,,,7/10/2026 11:00:14 PM,,,,,,7/11/2026 5:12:29 AM,,
,RD252,,,,,,,,10/07/2026,,,,,3,,,14,0,,0,,,14,,,490,,,,7/10/2026 10:37:05 PM,,,,,,7/11/2026 5:14:57 AM,,
,RD253,,,,,,,,10/07/2026,,,,,3,,,16,10,,959.3,,,6,,,210,,,,7/11/2026 2:19:09 AM,,,,,,7/11/2026 5:21:23 AM,,
,,,,,,,,,,,,,,,,,,,,,,,,,,,,,,,,,,,,,,
,,,,,,,,,,,,,,,,,,,,,,,,,,,,,,,,,,,,,,
,,,Hours Summary,,,,,,,,,,,,,,,,,,,,,,,,,,,,,,,,,,,
,,,,,,,,,,,,,,,,,,,,,,,,,,,,,,,,,,,,,,
,,Equipment No,,,Shift Ident,,,,,,Operator,,,,,Run Hours,,,Total Loading time,,,Avg. Loading time,,,,,,,Wait At LU,,,,Avg. Wait At LU,Wait AT Dump,Avg Wait AT Dump,,Tea Breakfast Time,Total Hauling Units Availability
,,RD122,,,2,,,,,, GANGA SAHU (269061),,,,,10.29,,,00:59:10,,,00:03:28,,,,,,,00:00:00,,,,00:00:00,00:12:14,00:12:14,,02:47:54,57:28:18
,,RD126,,,1,,,,,, RAKHI SHARMA (270547),,,,,22.37,,,01:13:04,,,00:02:31,,,,,,,00:00:00,,,,00:00:00,04:12:50,04:12:50,,02:43:46,56:23:10
,,RD126,,,3,,,,,, SANJEET KR. BAURI (270743),,,,,24.98,,,01:38:14,,,00:02:24,,,,,,,00:00:00,,,,00:00:00,00:34:24,00:34:24,,05:58:19,44:19:21
,,RD132,,,3,,,,,, KEDAR YADAV (267173),,,,,79.90,,,00:42:38,,,00:02:32,,,,,,,00:00:00,,,,00:00:00,00:04:11,00:04:11,,00:53:20,72:00:00
,,RD141,,,1,,,,,, LALAN KR. YADAV (269054),,,,,29.24,,,04:03:53,,,00:02:28,,,,,,,00:00:00,,,,00:00:00,02:12:07,02:12:07,,04:05:07,77:12:54
,,RD143,,,2,,,,,, AWADHESH KR. TIWARI (267256),,,,,0.00,,,01:35:59,,,00:02:31,,,,,,,00:00:00,,,,00:00:00,05:55:10,05:55:10,,01:26:37,72:32:16
,,RD143,,,3,,,,,, AJAY KR. CHOUDHARY (270175),,,,,0.00,,,01:22:57,,,00:02:27,,,,,,,00:00:00,,,,00:00:00,03:56:47,03:56:47,,01:17:08,78:35:25
,,RD216,,,1,,,,,," AZIMULLAH ANSARI (267938), MD. EJAZ HUSSAIN (269144)",,,,,58.32,,,06:45:31,,,00:02:30,,,,,,,00:00:00,,,,00:00:00,02:45:28,02:45:28,,02:30:04,78:07:33
,,RD216,,,2,,,,,, SOMU SARKAR (270696),,,,,49.50,,,05:28:30,,,00:02:28,,,,,,,00:00:00,,,,00:00:00,01:25:19,01:25:19,,04:01:29,72:57:14
,,RD216,,,3,,,,,," KHURSID ALAM (270044), MANOJ KUMAR (267688), MD. SABIR ANSARI (266808)",,,,,56.70,,,06:04:40,,,00:02:29,,,,,,,00:08:33,,,,00:03:46,02:50:52,02:50:52,,03:49:23,78:09:02
,,RD218,,,1,,,,,," GANGA RAM (269141), SUKAR GANJHOO (267621)",,,,,54.75,,,05:56:54,,,00:02:28,,,,,,,00:00:00,,,,00:00:00,01:45:55,01:45:55,,02:52:28,70:17:08
,,RD218,,,2,,,,,," BIPIN BIHARI PRASAD (269553), RAM SINGH (270229), ROHIT KUMAR (269982)",,,,,51.05,,,06:39:45,,,00:03:29,,,,,,,00:16:57,,,,00:02:29,01:31:37,01:31:37,,05:20:10,72:47:02
,,RD218,,,3,,,,,," DONA SAHANA (270707), EMAMUL HODA (269831)",,,,,47.93,,,05:06:46,,,00:03:26,,,,,,,00:05:52,,,,00:05:52,01:57:57,01:57:57,,07:20:30,67:09:40
,,RD226,,,1,,,,,, PREM SAGAR PRASAD (268751),,,,,57.11,,,06:12:23,,,00:03:31,,,,,,,00:00:00,,,,00:00:00,03:20:47,03:20:47,,01:23:04,74:25:00
,,RD226,,,2,,,,,, RUBY KUMARI (270683),,,,,46.47,,,05:10:04,,,00:02:26,,,,,,,00:00:00,,,,00:00:00,03:33:31,03:33:31,,03:30:17,73:48:24
,,RD226,,,3,,,,,, MANOJ KR. KHORA (270748),,,,,61.24,,,05:29:47,,,00:03:26,,,,,,,00:00:24,,,,00:00:24,03:03:49,03:03:49,,03:47:06,75:50:51
,,RD227,,,1,,,,,, AKASH BHARDWAJ (270638),,,,,36.72,,,03:44:07,,,00:02:29,,,,,,,00:00:00,,,,00:00:00,00:50:42,00:50:42,,01:00:13,55:58:43
,,RD227,,,2,,,,,, KALESHWAR KR. MAHTO (270746),,,,,55.52,,,05:03:16,,,00:02:25,,,,,,,00:00:06,,,,00:00:06,03:10:00,03:10:00,,03:00:40,71:20:37
,,RD227,,,3,,,,,, AJIT UDAY (269003),,,,,63.59,,,06:41:30,,,00:02:26,,,,,,,00:00:00,,,,00:00:00,03:17:20,03:17:20,,05:06:54,79:47:19
,,RD228,,,1,,,,,, RUPAK KR. PANDEY (270642),,,,,50.52,,,05:53:25,,,00:03:28,,,,,,,00:00:00,,,,00:00:00,01:31:08,01:31:08,,01:42:46,67:27:54
,,RD228,,,2,,,,,, NAZNEEN KHATOON (270656),,,,,47.20,,,06:51:26,,,00:02:32,,,,,,,00:00:00,,,,00:00:00,02:27:45,02:27:45,,03:37:23,62:28:41
,,RD228,,,3,,,,,," AKULA ASHOK (270739), NAZNEEN KHATOON (270656)",,,,,50.01,,,04:40:57,,,00:02:32,,,,,,,00:00:00,,,,00:00:00,03:54:54,03:54:54,,05:30:05,62:03:57
,,RD229,,,1,,,,,, NAVEEN KR. MAHTO (270646),,,,,49.64,,,07:55:40,,,00:03:28,,,,,,,00:00:00,,,,00:00:00,01:17:51,01:17:51,,01:07:51,62:34:44
,,RD229,,,2,,,,,, CHAMTU MAHTO (269240),,,,,48.00,,,07:11:42,,,00:02:29,,,,,,,00:00:00,,,,00:00:00,02:12:13,02:12:13,,03:29:30,63:20:25
,,RD229,,,3,,,,,, DROPTI DEVI (270664),,,,,41.23,,,04:15:46,,,00:02:33,,,,,,,00:00:00,,,,00:00:00,02:29:22,02:29:22,,06:54:31,58:23:47
,,RD230,,,1,,,,,, MD. NEYAZ ALAM (268776),,,,,45.10,,,06:29:06,,,00:02:29,,,,,,,00:00:00,,,,00:00:00,01:25:34,01:25:34,,01:23:26,63:52:03
,,RD230,,,2,,,,,, SHIV KR. MAHTO (267531),,,,,45.69,,,04:57:44,,,00:02:29,,,,,,,00:00:00,,,,00:00:00,02:02:55,02:02:55,,01:26:46,66:23:03
,,RD231,,,1,,,,,, CHANDNI KUMARI (270561),,,,,47.65,,,05:13:08,,,00:02:27,,,,,,,00:00:00,,,,00:00:00,02:31:53,02:31:53,,05:04:26,68:23:12
,,RD231,,,2,,,,,, DURGESH KUMAR (270634),,,,,50.75,,,06:29:57,,,00:02:27,,,,,,,00:00:09,,,,00:00:09,02:10:00,02:10:00,,05:21:54,73:09:50
,,RD231,,,3,,,,,, PREM LATA KUMARI (270648),,,,,47.74,,,06:04:52,,,00:03:29,,,,,,,00:00:00,,,,00:00:00,02:58:00,02:58:00,,06:00:57,66:51:10
,,RD232,,,1,,,,,, RABINA KHATOON (270655),,,,,58.80,,,08:22:02,,,00:03:30,,,,,,,00:00:00,,,,00:00:00,01:10:38,01:10:38,,03:31:58,73:44:38
,,RD232,,,2,,,,,, BHUNESHWAR KARMALI (269465),,,,,52.57,,,07:01:12,,,00:02:26,,,,,,,00:00:00,,,,00:00:00,01:47:14,01:47:14,,02:28:10,73:37:55
,,RD232,,,3,,,,,, SURESHWAR CHAND (267586),,,,,50.51,,,07:55:39,,,00:03:30,,,,,,,00:00:00,,,,00:00:00,01:49:31,01:49:31,,04:17:32,68:12:16
,,RD233,,,1,,,,,, RANJEET KUMAR (270740),,,,,48.31,,,08:32:29,,,00:03:26,,,,,,,00:00:00,,,,00:00:00,01:51:13,01:51:13,,01:28:36,62:07:35
,,RD233,,,3,,,,,, PREM LATA KUMARI (270648),,,,,46.02,,,06:07:17,,,00:02:27,,,,,,,00:00:00,,,,00:00:00,01:35:50,01:35:50,,03:47:45,58:44:56
,,RD234,,,1,,,,,, SHASHI KANT CHATTAR (269224),,,,,45.54,,,04:44:57,,,00:02:27,,,,,,,00:00:00,,,,00:00:00,01:40:05,01:40:05,,02:13:56,62:32:21
,,RD234,,,2,,,,,, BINOD KR. THAKUR (266910),,,,,47.86,,,05:29:23,,,00:02:30,,,,,,,00:00:00,,,,00:00:00,01:16:05,01:16:05,,02:49:09,62:28:21
,,RD234,,,3,,,,,, MD. MANSOOR ALAM (269454),,,,,57.06,,,07:24:25,,,00:02:29,,,,,,,00:07:49,,,,00:07:49,02:00:08,02:00:08,,05:17:51,74:09:21
,,RD235,,,1,,,,,, RAVI SHANKAR SHARMA (270738),,,,,61.90,,,07:17:34,,,00:02:28,,,,,,,00:00:00,,,,00:00:00,01:49:54,01:49:54,,01:48:41,72:26:18
,,RD235,,,2,,,,,, MD. SULEMAN (267159),,,,,58.50,,,08:55:16,,,00:03:28,,,,,,,00:00:00,,,,00:00:00,02:13:52,02:13:52,,03:33:38,73:53:43
,,RD235,,,3,,,,,," MD. SULEMAN (267159), UMESH PASWAN (268885)",,,,,61.93,,,07:32:28,,,00:02:29,,,,,,,00:00:00,,,,00:00:00,02:31:04,02:31:04,,04:14:34,79:00:58
,,RD236,,,1,,,,,, RAKHI SHARMA (270547),,,,,49.38,,,07:17:35,,,00:02:30,,,,,,,00:00:00,,,,00:00:00,01:38:24,01:38:24,,02:57:03,75:19:01
,,RD236,,,2,,,,,, SULOCHANA SINGH (270665),,,,,44.08,,,06:20:18,,,00:02:29,,,,,,,00:00:00,,,,00:00:00,01:43:23,01:43:23,,02:16:38,62:41:57
,,RD236,,,3,,,,,, ASHOK KR. SINGH (267137),,,,,44.85,,,05:23:02,,,00:02:30,,,,,,,00:00:00,,,,00:00:00,01:56:35,01:56:35,,05:13:07,69:28:51
,,RD237,,,1,,,,,, LAL DEV BESRA (269413),,,,,49.48,,,07:10:15,,,00:03:31,,,,,,,00:00:00,,,,00:00:00,01:00:41,01:00:41,,03:07:38,64:10:13
,,RD237,,,2,,,,,, SUBHAM CHOUDHARY (270644),,,,,52.08,,,07:38:19,,,00:02:28,,,,,,,00:00:00,,,,00:00:00,01:40:52,01:40:52,,03:37:47,70:33:41
,,RD237,,,3,,,,,, AVINASH KUMAR (270635),,,,,43.49,,,05:52:31,,,00:03:29,,,,,,,00:00:00,,,,00:00:00,01:51:06,01:51:06,,02:55:48,56:38:31
,,RD238,,,1,,,,,, RANJEET KUMAR (270740),,,,,48.51,,,06:46:25,,,00:02:27,,,,,,,00:00:00,,,,00:00:00,01:19:23,01:19:23,,03:59:25,70:36:36
,,RD239,,,1,,,,,, KISHUN PRASAD (267446),,,,,48.19,,,05:18:19,,,00:03:29,,,,,,,00:00:00,,,,00:00:00,02:11:27,02:11:27,,01:59:08,57:42:24
,,RD239,,,2,,,,,," ARMAN ANSARI (270640), RAJBIR SINGH (266975)",,,,,41.21,,,04:34:44,,,00:02:30,,,,,,,00:00:00,,,,00:00:00,00:59:58,00:59:58,,03:32:49,52:57:33
,,RD239,,,3,,,,,," ARMAN ANSARI (270640), RAJU KUMAR (270225)",,,,,42.42,,,05:33:23,,,00:02:28,,,,,,,00:00:00,,,,00:00:00,01:30:16,01:30:16,,05:40:32,55:29:39
,,RD240,,,1,,,,,, RAJ KR. YADAV (267954),,,,,44.00,,,06:00:33,,,00:02:33,,,,,,,00:00:00,,,,00:00:00,01:10:28,01:10:28,,00:45:43,56:16:38
,,RD240,,,2,,,,,, SAMEER SINGH (270298),,,,,36.92,,,05:45:45,,,00:02:28,,,,,,,00:00:00,,,,00:00:00,00:56:44,00:56:44,,05:23:14,54:34:00
,,RD240,,,3,,,,,," RAM NARAYAN PRASAD (267889), SAMEER SINGH (270298)",,,,,45.03,,,05:21:14,,,00:02:29,,,,,,,00:00:01,,,,00:00:01,00:49:11,00:49:11,,03:52:48,55:51:22
,,RD242,,,1,,,,,, PINKI PRASAD (270677),,,,,52.26,,,07:02:40,,,00:02:26,,,,,,,00:00:00,,,,00:00:00,01:44:34,01:44:34,,01:09:06,64:37:24
,,RD242,,,2,,,,,," C B SINGH (269107), DHARAM NATH SINGH (267194)",,,,,41.69,,,05:56:18,,,00:02:27,,,,,,,00:00:00,,,,00:00:00,02:08:57,02:08:57,,02:09:16,68:21:02
,,RD242,,,3,,,,,," C B SINGH (269107), RANJIT RANJAN (270742)",,,,,52.86,,,06:51:49,,,00:02:26,,,,,,,00:00:00,,,,00:00:00,01:57:13,01:57:13,,04:25:26,69:20:08
,,RD243,,,1,,,,,, AJIT KR. SINGH (266798),,,,,48.22,,,05:42:16,,,00:02:28,,,,,,,00:00:00,,,,00:00:00,00:48:52,00:48:52,,04:15:42,75:56:11
,,RD243,,,2,,,,,, PHALGUNI SUMAN (270671),,,,,50.62,,,06:22:12,,,00:02:28,,,,,,,00:00:00,,,,00:00:00,01:14:46,01:14:46,,03:02:20,68:51:28
,,RD243,,,3,,,,,, A K CHOUDHARY (268819),,,,,59.86,,,07:21:11,,,00:02:29,,,,,,,00:00:00,,,,00:00:00,02:28:16,02:28:16,,06:43:41,74:50:52
,,RD244,,,1,,,,,, UPENDRA KUMAR (270047),,,,,51.86,,,06:16:44,,,00:02:29,,,,,,,00:00:00,,,,00:00:00,01:48:51,01:48:51,,01:19:10,64:29:56
,,RD244,,,2,,,,,, PRAVIN KUMAR (270647),,,,,47.45,,,05:26:54,,,00:02:31,,,,,,,00:00:00,,,,00:00:00,02:36:01,02:36:01,,06:30:41,67:30:09
,,RD244,,,3,,,,,, SURENDRA NATH BIRUA (269188),,,,,56.56,,,08:22:24,,,00:02:28,,,,,,,00:00:00,,,,00:00:00,04:18:36,04:18:36,,03:50:22,68:05:24
,,RD245,,,1,,,,,, KEDAR YADAV (270765),,,,,53.18,,,08:32:21,,,00:02:27,,,,,,,00:00:00,,,,00:00:00,01:49:12,01:49:12,,03:26:59,76:10:50
,,RD245,,,2,,,,,," BIYYALA SATISH (270762), RAHUL KUMAR (270636)",,,,,45.46,,,07:15:01,,,00:02:30,,,,,,,00:00:15,,,,00:00:15,01:57:10,01:57:10,,03:01:38,75:07:20
,,RD245,,,3,,,,,," BIYYALA SATISH (270762), KRISHNA PASWAN (270752)",,,,,53.02,,,08:29:59,,,00:02:31,,,,,,,00:00:00,,,,00:00:00,03:14:14,03:14:14,,04:39:10,71:45:12
,,RD247,,,1,,,,,, PARAMJEET SINGH (270737),,,,,65.69,,,09:54:13,,,00:02:29,,,,,,,00:00:00,,,,00:00:00,01:14:42,01:14:42,,01:59:47,77:49:21
,,RD247,,,2,,,,,, SRIPATI PRASAD (268682),,,,,51.69,,,07:00:39,,,00:02:30,,,,,,,00:00:00,,,,00:00:00,02:11:25,02:11:25,,04:09:41,76:36:32
,,RD247,,,3,,,,,, SUSHMITA MANDAL (270558),,,,,62.77,,,09:45:54,,,00:02:30,,,,,,,00:00:00,,,,00:00:00,02:15:31,02:15:31,,05:21:07,77:57:15
,,RD248,,,1,,,,,, SAURABH SINGH (270744),,,,,15.24,,,08:56:52,,,00:02:30,,,,,,,00:00:00,,,,00:00:00,01:46:10,01:46:10,,03:19:24,71:17:25
,,RD248,,,2,,,,,, BIYYALA SATISH (270762),,,,,13.50,,,05:36:52,,,00:02:28,,,,,,,00:00:00,,,,00:00:00,02:47:20,02:47:20,,02:03:15,67:07:27
,,RD248,,,3,,,,,, SANJEET KR. BAURI (270743),,,,,20.51,,,07:54:01,,,00:03:27,,,,,,,00:03:30,,,,00:03:30,01:37:25,01:37:25,,03:16:51,65:16:53
,,RD250,,,1,,,,,, SITARAM PRASAD (269418),,,,,0.00,,,08:04:50,,,00:02:27,,,,,,,00:00:00,,,,00:00:00,00:58:33,00:58:33,,01:33:23,76:53:11
,,RD250,,,2,,,,,, PRADEEP JENA (270750),,,,,0.00,,,05:51:31,,,00:02:28,,,,,,,00:00:00,,,,00:00:00,02:00:00,02:00:00,,03:33:37,69:11:18
,,RD250,,,3,,,,,, JAYDEEP PRASAD (267963),,,,,0.00,,,07:08:57,,,00:02:31,,,,,,,00:00:00,,,,00:00:00,02:04:53,02:04:53,,04:30:21,68:57:41
,,RD251,,,1,,,,,, SWADHIN TIWARI (270753),,,,,60.22,,,08:33:31,,,00:03:28,,,,,,,00:00:00,,,,00:00:00,02:40:39,02:40:39,,04:31:37,76:23:11
,,RD251,,,2,,,,,, ARMAN HUSSAIN (266814),,,,,55.19,,,06:34:33,,,00:02:29,,,,,,,00:00:00,,,,00:00:00,01:16:38,01:16:38,,02:36:30,75:37:09
,,RD251,,,3,,,,,, MD. AFTAB ALAM (270641),,,,,49.79,,,06:28:43,,,00:02:31,,,,,,,00:00:00,,,,00:00:00,01:59:56,01:59:56,,04:12:23,67:22:27
,,RD252,,,1,,,,,, VIKASH BHARADWAJ (270645),,,,,55.19,,,09:02:25,,,00:02:30,,,,,,,00:00:00,,,,00:00:00,02:56:00,02:56:00,,01:38:06,68:37:55
,,RD252,,,2,,,,,, BIRSA MANJHI (269052),,,,,58.92,,,07:57:19,,,00:02:29,,,,,,,00:00:00,,,,00:00:00,02:18:54,02:18:54,,02:25:24,73:25:55
,,RD252,,,3,,,,,, ASHOK KR. KALA (267126),,,,,56.42,,,06:55:26,,,00:02:30,,,,,,,00:05:07,,,,00:05:07,02:08:54,02:08:54,,05:37:45,72:23:28
,,RD253,,,1,,,,,, DIVYA KUMARI (270678),,,,,62.31,,,09:06:37,,,00:02:28,,,,,,,00:00:00,,,,00:00:00,02:43:15,02:43:15,,02:42:11,76:03:50
,,RD253,,,2,,,,,, LAKSHMI KUMARI (270553),,,,,46.42,,,06:02:12,,,00:02:31,,,,,,,00:00:05,,,,00:00:05,01:32:02,01:32:02,,03:27:22,65:47:58
,,RD253,,,3,,,,,, RANDHIR KUMAR SINGH (267349),,,,,55.62,,,07:43:02,,,00:02:29,,,,,,,00:00:00,,,,00:00:00,02:06:37,02:06:37,,06:52:18,71:09:58
,,RD246,,,2,,,,,,,,,,,0.00,,,00:00:00,,,00:00:00,,,,,,,00:00:00,,,,00:00:00,00:00:00,00:00:00,,00:00:00,00:00:00
,,RD249,,,3,,,,,,,,,,,39.45,,,05:20:27,,,00:02:29,,,,,,,00:00:00,,,,00:00:00,01:00:34,01:00:34,,03:12:32,47:01:19
,,RD141,,,2,,,,,,,,,,,22.01,,,02:37:06,,,00:02:31,,,,,,,00:00:00,,,,00:00:00,02:31:40,02:31:40,,06:05:16,68:55:11
,,RD230,,,3,,,,,,,,,,,51.79,,,06:39:13,,,00:02:29,,,,,,,00:00:00,,,,00:00:00,01:59:45,01:59:45,,03:26:47,62:32:30
,,RD132,,,1,,,,,,,,,,,77.35,,,00:35:43,,,00:02:28,,,,,,,00:00:00,,,,00:00:00,00:37:47,00:37:47,,00:09:19,72:00:00
,,RD249,,,2,,,,,,,,,,,40.67,,,05:40:46,,,00:03:31,,,,,,,00:00:00,,,,00:00:00,01:35:15,01:35:15,,02:11:59,53:02:21
,,RD241,,,2,,,,,,,,,,,42.57,,,05:54:39,,,00:03:30,,,,,,,00:00:00,,,,00:00:00,01:59:33,01:59:33,,02:46:40,62:23:01
,,RD241,,,3,,,,,,,,,,,54.97,,,07:08:30,,,00:03:29,,,,,,,00:00:00,,,,00:00:00,02:49:13,02:49:13,,02:18:55,66:48:50
,,RD121,,,3,,,,,,,,,,,28.90,,,03:18:28,,,00:03:31,,,,,,,00:00:00,,,,00:00:00,00:36:32,00:36:32,,01:53:41,69:10:40
,,RD121,,,2,,,,,,,,,,,35.81,,,02:46:54,,,00:02:29,,,,,,,00:00:00,,,,00:00:00,01:56:17,01:56:17,,03:47:17,70:34:45
,,RD123,,,3,,,,,,,,,,,10.79,,,00:30:01,,,00:01:28,,,,,,,00:00:00,,,,00:00:00,00:03:57,00:03:57,,00:58:03,23:58:26
,,RD246,,,1,,,,,,,,,,,0.47,,,00:00:00,,,00:00:00,,,,,,,00:00:00,,,,00:00:00,00:00:00,00:00:00,,00:00:00,00:00:00
,,RD122,,,1,,,,,,,,,,,5.87,,,00:28:18,,,00:03:24,,,,,,,00:00:00,,,,00:00:00,00:04:44,00:04:44,,02:44:48,59:19:31
,,RD238,,,3,,,,,,,,,,,55.14,,,07:10:39,,,00:03:30,,,,,,,00:00:00,,,,00:00:00,02:03:17,02:03:17,,07:13:56,71:17:22
,,RD123,,,2,,,,,,,,,,,9.13,,,00:41:09,,,00:01:26,,,,,,,00:00:00,,,,00:00:00,00:04:00,00:04:00,,00:01:23,21:36:45
,,RD126,,,2,,,,,,,,,,,7.65,,,00:32:58,,,00:01:27,,,,,,,00:00:00,,,,00:00:00,00:30:31,00:30:31,,00:23:56,48:42:18
,,RD249,,,1,,,,,,,,,,,46.68,,,06:46:06,,,00:02:28,,,,,,,00:00:00,,,,00:00:00,02:05:13,02:05:13,,02:02:14,58:00:10
,,RD122,,,3,,,,,,,,,,,1.12,,,00:05:59,,,00:05:59,,,,,,,00:00:00,,,,00:00:00,00:00:00,00:00:00,,00:00:00,56:30:59
,,RD233,,,2,,,,,,,,,,,41.21,,,05:26:36,,,00:02:29,,,,,,,00:00:00,,,,00:00:00,01:58:30,01:58:30,,02:08:00,59:58:30
,,RD121,,,1,,,,,,,,,,,25.10,,,01:52:25,,,00:02:31,,,,,,,00:00:00,,,,00:00:00,00:33:07,00:33:07,,00:43:28,62:37:33
,,RD141,,,3,,,,,,,,,,,21.28,,,03:05:35,,,00:03:29,,,,,,,00:00:00,,,,00:00:00,03:17:53,03:17:53,,03:58:56,72:00:00
,,RD143,,,1,,,,,,,,,,,0.00,,,00:43:13,,,00:02:26,,,,,,,00:00:00,,,,00:00:00,02:19:14,02:19:14,,01:13:44,74:08:40
,,RD132,,,2,,,,,,,,,,,79.46,,,00:46:40,,,00:01:29,,,,,,,00:00:00,,,,00:00:00,00:04:38,00:04:38,,02:15:56,74:32:35
,,RD241,,,1,,,,,,,,,,,42.39,,,05:21:20,,,00:02:29,,,,,,,00:00:00,,,,00:00:00,02:09:12,02:09:12,,03:03:43,58:04:59
,,RD238,,,2,,,,,,,,,,,34.02,,,05:16:14,,,00:02:28,,,,,,,00:00:00,,,,00:00:00,01:14:27,01:14:27,,02:24:42,56:29:40
,,RD246,,,3,,,,,,,,,,,0.00,,,00:00:00,,,00:00:00,,,,,,,00:00:00,,,,00:00:00,00:00:00,00:00:00,,00:00:00,00:00:00
,,RD123,,,1,,,,,,,,,,,8.70,,,00:14:47,,,00:01:32,,,,,,,00:00:00,,,,00:00:00,00:01:23,00:01:23,,00:46:09,15:09:49
