,,,,,,,,,,,,,,,,,,
,,,,,Loading Unit Time Profile,,,,,,,,,,,,,
,,,,,,,,,,,,,,,,,,
,,,,,,,,,,,,,Report Created On:,,,,,10-08-2026
,Parameters:,,,,,,,,,Description:,,,,,,,,
,,,,,,,,,,,,,,,,,,
,,,,,,,,,,This report contains a spreadsheet of all the status that a specified loading unit has incurred for the specified time period.,,,,,,,,
,,Start Shift Date:,,,01-07-2026,,,,,,,,,,,,,
,,End Shift Date:,,,31-07-2026,,,,,,,,,,,,,
,,Loader:,,,PL004,,,,,,,,,,,,,
,,,,,,,,,,,,,,,,,,
,,IsDst:,,,False,,,,,,,,,,,,,
,,,,,,,,,,,,,,,,,,
,,,,,,,,,,,,,,,,,,
,01-07-2026,,,,,,,,,,,,,,,,,
,Timestamp,,,,,Status Code,,Sub-Status Code,,,,"Duration
(min)",,,Hauling Unit,,,
,01-07-2026,,,,,Schedule No Work,,,,,,150.98,,,RD239,,,
,01-07-2026,,,,,Side Casting,,,,,,34.98,,,RD239,,,
,01-07-2026,,,,,LU Loading,,,,,,3.85,,,RD239,,,
,01-07-2026,,,,,Waiting,,,,,,6.33,,,RD229,,,
,01-07-2026,,,,,LU Loading,,,,,,3.33,,,RD229,,,
,01-07-2026,,,,,Waiting,,,,,,2.03,,,RD239,,,
,01-07-2026,,,,,Spotting,,,,,,0.45,,,RD239,,,
,01-07-2026,,,,,LU Loading,,,,,,4.27,,,RD239,,,
,01-07-2026,,,,,Waiting,,,,,,1.17,,,RD231,,,
,01-07-2026,,,,,LU Loading,,,,,,3.42,,,RD231,,,
,01-07-2026,,,,,Waiting,,,,,,0.58,,,RD229,,,
,01-07-2026,,,,,LU Loading,,,,,,4.47,,,RD229,,,
,01-07-2026,,,,,Waiting,,,,,,5.57,,,RD239,,,
,01-07-2026,,,,,Spotting,,,,,,1.28,,,RD239,,,
,01-07-2026,,,,,LU Loading,,,,,,4.12,,,RD239,,,
,01-07-2026,,,,,Waiting,,,,,,0.05,,,RD231,,,
,01-07-2026,,,,,Spotting,,,,,,0.12,,,RD231,,,
,01-07-2026,,,,,LU Loading,,,,,,6.02,,,RD231,,,
,01-07-2026,,,,,Waiting,,,,,,0.75,,,RD229,,,
,01-07-2026,,,,,LU Loading,,,,,,3.2,,,RD229,,,
,01-07-2026,,,,,Waiting,,,,,,4.4,,,RD239,,,
,01-07-2026,,,,,LU Loading,,,,,,5.67,,,RD239,,,
,01-07-2026,,,,,LU Loading,,,,,,4.7,,,RD231,,,
,01-07-2026,,,,,Waiting,,,,,,1.38,,,RD229,,,
,01-07-2026,,,,,LU Loading,,,,,,0.22,,,RD229,,,
,01-07-2026,,,,,Waiting,,,,,,0.63,,,RD229,,,
,01-07-2026,,,,,LU Loading,,,,,,8.67,,,RD229,,,
,01-07-2026,,,,,Waiting,,,,,,1.52,,,RD239,,,
,01-07-2026,,,,,LU Loading,,,,,,4.83,,,RD239,,,
,01-07-2026,,,,,Waiting,,,,,,1.3,,,RD231,,,
,01-07-2026,,,,,LU Loading,,,,,,4.18,,,RD231,,,
,01-07-2026,,,,,Waiting,,,,,,2.17,,,RD229,,,
,01-07-2026,,,,,LU Loading,,,,,,6.18,,,RD229,,,
,01-07-2026,,,,,Waiting,,,,,,2.55,,,RD239,,,
,01-07-2026,,,,,LU Loading,,,,,,9.75,,,RD239,,,
,01-07-2026,,,,,Waiting,,,,,,7.12,,,RD231,,,
,01-07-2026,,,,,LU Loading,,,,,,5.57,,,RD231,,,
,01-07-2026,,,,,Waiting,,,,,,45.73,,,RD229,,,
,01-07-2026,,,,,LU Loading,,,,,,3.23,,,RD229,,,
,01-07-2026,,,,,Waiting,,,,,,5.52,,,RD231,,,
,01-07-2026,,,,,LU Loading,,,,,,2.05,,,RD231,,,
,01-07-2026,,,,,Waiting,,,,,,0.92,,,RD239,,,
,01-07-2026,,,,,LU Loading,,,,,,2.97,,,RD239,,,
,01-07-2026,,,,,Waiting,,,,,,1.47,,,RD229,,,
,01-07-2026,,,,,LU Loading,,,,,,4,,,RD229,,,
,01-07-2026,,,,,Waiting,,,,,,1.1,,,RD231,,,
,01-07-2026,,,,,LU Loading,,,,,,4.23,,,RD231,,,
,01-07-2026,,,,,Waiting,,,,,,0.32,,,RD239,,,
,01-07-2026,,,,,LU Loading,,,,,,3.1,,,RD239,,,
,01-07-2026,,,,,Waiting,,,,,,1.02,,,RD229,,,
,01-07-2026,,,,,LU Loading,,,,,,2.87,,,RD229,,,
,01-07-2026,,,,,Waiting,,,,,,13.18,,,RD229,,,
,01-07-2026,,,,,LU Loading,,,,,,4.15,,,RD229,,,
,01-07-2026,,,,,Waiting,,,,,,1.7,,,RD239,,,
,01-07-2026,,,,,LU Loading,,,,,,6.45,,,RD239,,,
,01-07-2026,,,,,Waiting,,,,,,2.7,,,RD229,,,
,01-07-2026,,,,,LU Loading,,,,,,4.65,,,RD229,,,
,01-07-2026,,,,,Waiting,,,,,,1.4,,,RD239,,,
,01-07-2026,,,,,LU Loading,,,,,,6.5,,,RD239,,,
,01-07-2026,,,,,LU Loading,,,,,,3.45,,,RD229,,,
,01-07-2026,,,,,Waiting,,,,,,11.32,,,RD231,,,
,01-07-2026,,,,,LU Loading,,,,,,1.27,,,RD231,,,
,01-07-2026,,,,,Waiting,,,,,,0.37,,,RD231,,,
,01-07-2026,,,,,LU Loading,,,,,,1.98,,,RD231,,,
,01-07-2026,,,,,Waiting,,,,,,9.8,,,RD232,,,
,01-07-2026,,,,,Shift Change,,,,,,24.77,,,RD232,,,
,01-07-2026,,,,,Shift Change,,,,,,142.18,,,RD232,,,
,01-07-2026,,,,,Schedule No Work,,,,,,337.82,,,RD232,,,
,01-07-2026,,,,,Schedule No Work,,,,,,435.42,,,RD232,,,
,02-07-2026,,,,,Tramming,,,,,,0.07,,,RD232,,,
,02-07-2026,,,,,Waiting,,,,,,2.4,,,RD232,,,
,02-07-2026,,,,,Shift Change,,,,,,42.12,,,RD232,,,
,02-07-2026,,,,,,,,,,,,,,,,,
,Timestamp,,,,,Status Code,,Sub-Status Code,,,,"Duration
(min)",,,Hauling Unit,,,
,02-07-2026,,,,,Shift Change,,,,,,57.28,,,RD232,,,
,02-07-2026,,,,,Schedule No Work,,,,,,422.72,,,RD232,,,
,02-07-2026,,,,,Schedule No Work,,,,,,136.5,,,RD232,,,
,02-07-2026,,,,,Marching,,,,,,30.57,,,RD232,,,
,02-07-2026,,,,,LU Loading,,,,,,3.65,,,RD232,,,
,02-07-2026,,,,,Waiting,,,,,,5.58,,,RD252,,,
,02-07-2026,,,,,LU Loading,,,,,,3.38,,,RD252,,,
,02-07-2026,,,,,Waiting,,,,,,2.68,,,RD232,,,
,02-07-2026,,,,,Spotting,,,,,,0.37,,,RD232,,,
,02-07-2026,,,,,LU Loading,,,,,,4.62,,,RD232,,,
,02-07-2026,,,,,Waiting,,,,,,1.02,,,RD228,,,
,02-07-2026,,,,,Spotting,,,,,,1,,,RD228,,,
,02-07-2026,,,,,LU Loading,,,,,,9.03,,,RD228,,,
,02-07-2026,,,,,Waiting,,,,,,0.68,,,RD252,,,
,02-07-2026,,,,,LU Loading,,,,,,5.45,,,RD252,,,
,02-07-2026,,,,,Waiting,,,,,,3.55,,,RD232,,,
,02-07-2026,,,,,Spotting,,,,,,0.2,,,RD232,,,
,02-07-2026,,,,,LU Loading,,,,,,5.23,,,RD232,,,
,02-07-2026,,,,,Waiting,,,,,,2.45,,,RD228,,,
,02-07-2026,,,,,LU Loading,,,,,,6.17,,,RD228,,,
,02-07-2026,,,,,Waiting,,,,,,1.53,,,RD252,,,
,02-07-2026,,,,,LU Loading,,,,,,6.83,,,RD252,,,
,02-07-2026,,,,,Waiting,,,,,,0.82,,,RD232,,,
,02-07-2026,,,,,Spotting,,,,,,0.18,,,RD232,,,
,02-07-2026,,,,,LU Loading,,,,,,5.85,,,RD232,,,
,02-07-2026,,,,,Waiting,,,,,,0.47,,,RD228,,,
,02-07-2026,,,,,LU Loading,,,,,,8.12,,,RD228,,,
,02-07-2026,,,,,Waiting,,,,,,0.63,,,RD252,,,
,02-07-2026,,,,,Spotting,,,,,,0.2,,,RD252,,,
,02-07-2026,,,,,LU Loading,,,,,,7.05,,,RD252,,,
,02-07-2026,,,,,Waiting,,,,,,4.95,,,RD232,,,
,02-07-2026,,,,,LU Loading,,,,,,5.48,,,RD232,,,
,02-07-2026,,,,,Waiting,,,,,,0.23,,,RD228,,,
,02-07-2026,,,,,Spotting,,,,,,0.37,,,RD228,,,
,02-07-2026,,,,,LU Loading,,,,,,3.93,,,RD228,,,
,02-07-2026,,,,,Waiting,,,,,,5.07,,,RD232,,,
,02-07-2026,,,,,LU Loading,,,,,,4.13,,,RD232,,,
,02-07-2026,,,,,Waiting,,,,,,1.15,,,RD228,,,
,02-07-2026,,,,,LU Loading,,,,,,5.8,,,RD228,,,
,02-07-2026,,,,,Waiting,,,,,,1.17,,,RD252,,,
,02-07-2026,,,,,LU Loading,,,,,,8.1,,,RD252,,,
,02-07-2026,,,,,Waiting,,,,,,1.03,,,RD232,,,
,02-07-2026,,,,,LU Loading,,,,,,4.05,,,RD232,,,
,02-07-2026,,,,,Waiting,,,,,,23.58,,,RD252,,,
,02-07-2026,,,,,LU Loading,,,,,,6.17,,,RD252,,,
,02-07-2026,,,,,Waiting,,,,,,9.52,,,RD232,,,
,02-07-2026,,,,,LU Loading,,,,,,5.3,,,RD232,,,
,02-07-2026,,,,,Waiting,,,,,,7.67,,,RD252,,,
,02-07-2026,,,,,Spotting,,,,,,0.27,,,RD252,,,
,02-07-2026,,,,,LU Loading,,,,,,4.65,,,RD252,,,
,02-07-2026,,,,,Waiting,,,,,,7.55,,,RD232,,,
,02-07-2026,,,,,LU Loading,,,,,,4.22,,,RD232,,,
,02-07-2026,,,,,Waiting,,,,,,1.32,,,RD231,,,
,02-07-2026,,,,,LU Loading,,,,,,4.18,,,RD231,,,
,02-07-2026,,,,,Waiting,,,,,,5.42,,,RD252,,,
,02-07-2026,,,,,LU Loading,,,,,,8.65,,,RD252,,,
,02-07-2026,,,,,Waiting,,,,,,1.3,,,RD232,,,
,02-07-2026,,,,,Spotting,,,,,,0.35,,,RD232,,,
,02-07-2026,,,,,LU Loading,,,,,,4.7,,,RD232,,,
,02-07-2026,,,,,Waiting,,,,,,0.83,,,RD231,,,
,02-07-2026,,,,,LU Loading,,,,,,3.63,,,RD231,,,
,02-07-2026,,,,,Waiting,,,,,,23.73,,,RD231,,,
,02-07-2026,,,,,Marching,,,,,,2.47,,,RD231,,,
,02-07-2026,,,,,LU Loading,,,,,,3.85,,,RD231,,,
,02-07-2026,,,,,Waiting,,,,,,0.48,,,RD232,,,
,02-07-2026,,,,,LU Loading,,,,,,2.23,,,RD232,,,
,02-07-2026,,,,,Spotting,,,,,,0.43,,,RD252,,,
,02-07-2026,,,,,LU Loading,,,,,,2.33,,,RD252,,,
,02-07-2026,,,,,Waiting,,,,,,2.02,,,RD231,,,
,02-07-2026,,,,,LU Loading,,,,,,2.52,,,RD231,,,
,02-07-2026,,,,,Spotting,,,,,,1,,,RD232,,,
,02-07-2026,,,,,LU Loading,,,,,,2.92,,,RD232,,,
,02-07-2026,,,,,Spotting,,,,,,0.23,,,RD252,,,
,02-07-2026,,,,,LU Loading,,,,,,2.98,,,RD252,,,
,02-07-2026,,,,,Waiting,,,,,,16.28,,,RD244,,,
,02-07-2026,,,,,LU Loading,,,,,,2.92,,,RD244,,,
,02-07-2026,,,,,Waiting,,,,,,0.58,,,RD242,,,
,02-07-2026,,,,,LU Loading,,,,,,2.57,,,RD242,,,
,02-07-2026,,,,,Waiting,,,,,,5.15,,,RD244,,,
,02-07-2026,,,,,LU Loading,,,,,,3.55,,,RD244,,,
,02-07-2026,,,,,Waiting,,,,,,0.08,,,RD242,,,
,02-07-2026,,,,,LU Loading,,,,,,3.08,,,RD242,,,
,02-07-2026,,,,,LU Loading,,,,,,0.4,,,RD242,,,
,02-07-2026,,,,,Waiting,,,,,,2.48,,,RD244,,,
,02-07-2026,,,,,LU Loading,,,,,,2.87,,,RD244,,,
,02-07-2026,,,,,Waiting,,,,,,1.08,,,RD242,,,
,02-07-2026,,,,,LU Loading,,,,,,3.38,,,RD242,,,
,02-07-2026,,,,,Waiting,,,,,,1.52,,,RD244,,,
,02-07-2026,,,,,LU Loading,,,,,,2.9,,,RD244,,,
,02-07-2026,,,,,Waiting,,,,,,1.6,,,RD242,,,
,02-07-2026,,,,,LU Loading,,,,,,3.13,,,RD242,,,
,02-07-2026,,,,,Waiting,,,,,,1.72,,,RD244,,,
,02-07-2026,,,,,LU Loading,,,,,,2.87,,,RD244,,,
,02-07-2026,,,,,Waiting,,,,,,4.38,,,RD227,,,
,02-07-2026,,,,,LU Loading,,,,,,2.87,,,RD227,,,
,02-07-2026,,,,,Waiting,,,,,,6.42,,,RD228,,,
,02-07-2026,,,,,Spotting,,,,,,1.23,,,RD228,,,
,02-07-2026,,,,,LU Loading,,,,,,1.93,,,RD228,,,
,02-07-2026,,,,,Waiting,,,,,,0.6,,,RD227,,,
,02-07-2026,,,,,LU Loading,,,,,,2.02,,,RD227,,,
,02-07-2026,,,,,Waiting,,,,,,2.57,,,RD228,,,
,02-07-2026,,,,,LU Loading,,,,,,1.67,,,RD228,,,
,02-07-2026,,,,,Waiting,,,,,,2.45,,,RD227,,,
,02-07-2026,,,,,LU Loading,,,,,,1.8,,,RD227,,,
,02-07-2026,,,,,Waiting,,,,,,1.17,,,RD251,,,
,02-07-2026,,,,,LU Loading,,,,,,1.4,,,RD251,,,
,02-07-2026,,,,,Spotting,,,,,,0.32,,,RD228,,,
,02-07-2026,,,,,LU Loading,,,,,,3.03,,,RD228,,,
,02-07-2026,,,,,Waiting,,,,,,8.5,,,RD251,,,
,02-07-2026,,,,,LU Loading,,,,,,2.85,,,RD251,,,
,02-07-2026,,,,,Waiting,,,,,,8.88,,,RD228,,,
,02-07-2026,,,,,LU Loading,,,,,,2.62,,,RD228,,,
,02-07-2026,,,,,Waiting,,,,,,3.7,,,RD226,,,
,02-07-2026,,,,,LU Loading,,,,,,1.07,,,RD226,,,
,02-07-2026,,,,,Waiting,,,,,,3.73,,,RD228,,,
,02-07-2026,,,,,LU Loading,,,,,,1.72,,,RD228,,,
,02-07-2026,,,,,Waiting,,,,,,3.92,,,RD251,,,
,02-07-2026,,,,,LU Loading,,,,,,2.13,,,RD251,,,
,02-07-2026,,,,,Waiting,,,,,,0.65,,,RD228,,,
,02-07-2026,,,,,LU Loading,,,,,,2.27,,,RD228,,,
,02-07-2026,,,,,Waiting,,,,,,6.52,,,RD228,,,
,02-07-2026,,,,,LU Loading,,,,,,1.65,,,RD228,,,
,02-07-2026,,,,,Waiting,,,,,,7.45,,,RD251,,,
,02-07-2026,,,,,LU Loading,,,,,,2.08,,,RD251,,,
,02-07-2026,,,,,Waiting,,,,,,2.27,,,RD228,,,
,02-07-2026,,,,,LU Loading,,,,,,1.53,,,RD228,,,
,03-07-2026,,,,,Waiting,,,,,,7.03,,,RD251,,,
,03-07-2026,,,,,LU Loading,,,,,,0.67,,,RD251,,,
,03-07-2026,,,,,Waiting,,,,,,21.95,,,RD228,,,
,03-07-2026,,,,,Spotting,,,,,,0.38,,,RD228,,,
,03-07-2026,,,,,LU Loading,,,,,,1.85,,,RD228,,,
,03-07-2026,,,,,Waiting,,,,,,14.43,,,RD251,,,
,03-07-2026,,,,,LU Loading,,,,,,3.05,,,RD251,,,
,03-07-2026,,,,,LU Loading,,,,,,2.8,,,RD228,,,
,03-07-2026,,,,,Waiting,,,,,,3.45,,,RD251,,,
,03-07-2026,,,,,LU Loading,,,,,,3.18,,,RD251,,,
,03-07-2026,,,,,LU Loading,,,,,,2.4,,,RD228,,,
,03-07-2026,,,,,Waiting,,,,,,8.27,,,RD251,,,
,03-07-2026,,,,,LU Loading,,,,,,2.88,,,RD251,,,
,03-07-2026,,,,,Spotting,,,,,,0.17,,,RD228,,,
,03-07-2026,,,,,LU Loading,,,,,,2.57,,,RD228,,,
,03-07-2026,,,,,Waiting,,,,,,4.2,,,RD251,,,
,03-07-2026,,,,,LU Loading,,,,,,2.73,,,RD251,,,
,03-07-2026,,,,,Waiting,,,,,,0.23,,,RD228,,,
,03-07-2026,,,,,LU Loading,,,,,,2.12,,,RD228,,,
,03-07-2026,,,,,Waiting,,,,,,3.03,,,RD245,,,
,03-07-2026,,,,,LU Loading,,,,,,1.48,,,RD245,,,
,03-07-2026,,,,,Waiting,,,,,,0.48,,,RD232,,,
,03-07-2026,,,,,LU Loading,,,,,,1.52,,,RD232,,,
,03-07-2026,,,,,Waiting,,,,,,3.8,,,RD245,,,
,03-07-2026,,,,,LU Loading,,,,,,2.08,,,RD245,,,
,03-07-2026,,,,,Waiting,,,,,,2.08,,,RD232,,,
,03-07-2026,,,,,LU Loading,,,,,,1.73,,,RD232,,,
,03-07-2026,,,,,Waiting,,,,,,10.23,,,RD245,,,
,03-07-2026,,,,,LU Loading,,,,,,1.53,,,RD245,,,
,03-07-2026,,,,,Waiting,,,,,,1.25,,,RD232,,,
,03-07-2026,,,,,LU Loading,,,,,,1.98,,,RD232,,,
,03-07-2026,,,,,Waiting,,,,,,9.12,,,RD251,,,
,03-07-2026,,,,,LU Loading,,,,,,2,,,RD251,,,
,03-07-2026,,,,,Waiting,,,,,,3.12,,,RD252,,,
,03-07-2026,,,,,LU Loading,,,,,,1.53,,,RD252,,,
,03-07-2026,,,,,Waiting,,,,,,2.45,,,RD251,,,
,03-07-2026,,,,,LU Loading,,,,,,1.85,,,RD251,,,
,03-07-2026,,,,,Waiting,,,,,,3,,,RD252,,,
,03-07-2026,,,,,LU Loading,,,,,,2.15,,,RD252,,,
,03-07-2026,,,,,Waiting,,,,,,0.77,,,RD251,,,
,03-07-2026,,,,,LU Loading,,,,,,2.1,,,RD251,,,
,03-07-2026,,,,,Waiting,,,,,,8.22,,,RD252,,,
,03-07-2026,,,,,LU Loading,,,,,,1.6,,,RD252,,,
,03-07-2026,,,,,Waiting,,,,,,0.43,,,RD251,,,
,03-07-2026,,,,,LU Loading,,,,,,1.87,,,RD251,,,
,03-07-2026,,,,,Waiting,,,,,,7.72,,,RD252,,,
,03-07-2026,,,,,LU Loading,,,,,,1.78,,,RD252,,,
,03-07-2026,,,,,Waiting,,,,,,0.55,,,RD226,,,
,03-07-2026,,,,,LU Loading,,,,,,2.05,,,RD226,,,
,03-07-2026,,,,,Waiting,,,,,,3.65,,,RD126,,,
,03-07-2026,,,,,LU Loading,,,,,,1.6,,,RD126,,,
,03-07-2026,,,,,Waiting,,,,,,0.28,,,RD228,,,
,03-07-2026,,,,,LU Loading,,,,,,2.13,,,RD228,,,
,03-07-2026,,,,,Waiting,,,,,,0.52,,,RD251,,,
,03-07-2026,,,,,LU Loading,,,,,,2.18,,,RD251,,,
,03-07-2026,,,,,LU Loading,,,,,,4.07,,,RD252,,,
,03-07-2026,,,,,Waiting,,,,,,0.17,,,RD226,,,
,03-07-2026,,,,,Marching,,,,,,20.23,,,RD226,,,
,03-07-2026,,,,,Waiting,,,,,,1.35,,,RD226,,,
,03-07-2026,,,,,Spotting,,,,,,0.53,,,RD226,,,
,03-07-2026,,,,,LU Loading,,,,,,5.27,,,RD226,,,
,03-07-2026,,,,,Waiting,,,,,,5.03,,,RD253,,,
,03-07-2026,,,,,LU Loading,,,,,,2.35,,,RD253,,,
,03-07-2026,,,,,Waiting,,,,,,0.5,,,RD228,,,
,03-07-2026,,,,,LU Loading,,,,,,2.35,,,RD228,,,
,03-07-2026,,,,,Waiting,,,,,,2.7,,,RD251,,,
,03-07-2026,,,,,LU Loading,,,,,,0.52,,,RD251,,,
,03-07-2026,,,,,LU Loading,,,,,,2.67,,,RD252,,,
,03-07-2026,,,,,LU Loading,,,,,,0.02,,,RD251,,,
,03-07-2026,,,,,Waiting,,,,,,15.02,,,RD251,,,
,03-07-2026,,,,,LU Loading,,,,,,0.68,,,RD251,,,
,03-07-2026,,,,,Waiting,,,,,,4.75,,,RD226,,,
,03-07-2026,,,,,LU Loading,,,,,,1.87,,,RD226,,,
,03-07-2026,,,,,Waiting,,,,,,3.77,,,RD253,,,
,03-07-2026,,,,,Spotting,,,,,,0.2,,,RD253,,,
,03-07-2026,,,,,LU Loading,,,,,,2.47,,,RD253,,,
,03-07-2026,,,,,Waiting,,,,,,0.7,,,RD228,,,
,03-07-2026,,,,,LU Loading,,,,,,1.88,,,RD228,,,
,03-07-2026,,,,,Waiting,,,,,,4.35,,,RD252,,,
,03-07-2026,,,,,LU Loading,,,,,,2.48,,,RD252,,,
,03-07-2026,,,,,Waiting,,,,,,20.68,,,RD253,,,
,03-07-2026,,,,,LU Loading,,,,,,1.93,,,RD253,,,
,03-07-2026,,,,,Waiting,,,,,,0.27,,,RD228,,,
,03-07-2026,,,,,LU Loading,,,,,,1.83,,,RD228,,,
,03-07-2026,,,,,Waiting,,,,,,5.48,,,RD251,,,
,03-07-2026,,,,,LU Loading,,,,,,1.93,,,RD251,,,
,03-07-2026,,,,,Waiting,,,,,,1.47,,,RD226,,,
,03-07-2026,,,,,LU Loading,,,,,,2.43,,,RD226,,,
,03-07-2026,,,,,Spotting,,,,,,0.5,,,RD252,,,
,03-07-2026,,,,,LU Loading,,,,,,1.82,,,RD252,,,
,03-07-2026,,,,,Waiting,,,,,,13.18,,,RD253,,,
,03-07-2026,,,,,LU Loading,,,,,,1.75,,,RD253,,,
,03-07-2026,,,,,Waiting,,,,,,24.78,,,RD252,,,
,03-07-2026,,,,,Shift Change,,,,,,16.43,,,RD252,,,
,03-07-2026,,,,,,,,,,,,,,,,,
,Timestamp,,,,,Status Code,,Sub-Status Code,,,,"Duration
(min)",,,Hauling Unit,,,
,03-07-2026,,,,,Shift Change,,,,,,31.05,,,RD252,,,
,03-07-2026,,,,,Waiting,,,,,,4.4,,,RD252,,,
,03-07-2026,,,,,LU Loading,,,,,,4.92,,,RD252,,,
,03-07-2026,,,,,Waiting,,,,,,0.85,,,RD245,,,
,03-07-2026,,,,,LU Loading,,,,,,3.03,,,RD245,,,
,03-07-2026,,,,,Spotting,,,,,,0.53,,,RD229,,,
,03-07-2026,,,,,LU Loading,,,,,,2.3,,,RD229,,,
,03-07-2026,,,,,Waiting,,,,,,0.5,,,RD228,,,
,03-07-2026,,,,,LU Loading,,,,,,3.63,,,RD228,,,
,03-07-2026,,,,,Waiting,,,,,,1,,,RD230,,,
,03-07-2026,,,,,LU Loading,,,,,,3.82,,,RD230,,,
,03-07-2026,,,,,Waiting,,,,,,9.42,,,RD141,,,
,03-07-2026,,,,,LU Loading,,,,,,0.45,,,RD141,,,
,03-07-2026,,,,,Waiting,,,,,,0.48,,,RD141,,,
,03-07-2026,,,,,LU Loading,,,,,,3.22,,,RD141,,,
,03-07-2026,,,,,Spotting,,,,,,0.48,,,RD229,,,
,03-07-2026,,,,,LU Loading,,,,,,2.3,,,RD229,,,
,03-07-2026,,,,,LU Loading,,,,,,8.05,,,RD226,,,
,03-07-2026,,,,,Waiting,,,,,,0.82,,,RD228,,,
,03-07-2026,,,,,LU Loading,,,,,,3,,,RD228,,,
,03-07-2026,,,,,Waiting,,,,,,4.68,,,RD141,,,
,03-07-2026,,,,,LU Loading,,,,,,3.37,,,RD141,,,
,03-07-2026,,,,,Waiting,,,,,,0.02,,,RD229,,,
,03-07-2026,,,,,Spotting,,,,,,0.63,,,RD229,,,
,03-07-2026,,,,,LU Loading,,,,,,3.13,,,RD229,,,
,03-07-2026,,,,,Waiting,,,,,,0.25,,,RD230,,,
,03-07-2026,,,,,Spotting,,,,,,0.73,,,RD230,,,
,03-07-2026,,,,,LU Loading,,,,,,3.43,,,RD230,,,
,03-07-2026,,,,,Waiting,,,,,,11.05,,,RD126,,,
,03-07-2026,,,,,Spotting,,,,,,0.32,,,RD126,,,
,03-07-2026,,,,,LU Loading,,,,,,3.02,,,RD126,,,
,03-07-2026,,,,,Waiting,,,,,,1,,,RD226,,,
,03-07-2026,,,,,LU Loading,,,,,,2.82,,,RD226,,,
,03-07-2026,,,,,Waiting,,,,,,0.15,,,RD228,,,
,03-07-2026,,,,,LU Loading,,,,,,2.7,,,RD228,,,
,03-07-2026,,,,,LU Loading,,,,,,2.82,,,RD141,,,
,03-07-2026,,,,,Waiting,,,,,,0.23,,,RD229,,,
,03-07-2026,,,,,Spotting,,,,,,0.5,,,RD229,,,
,03-07-2026,,,,,LU Loading,,,,,,3.65,,,RD229,,,
,03-07-2026,,,,,Spotting,,,,,,0.23,,,RD230,,,
,03-07-2026,,,,,LU Loading,,,,,,3.78,,,RD230,,,
,03-07-2026,,,,,Waiting,,,,,,36.17,,,RD126,,,
,03-07-2026,,,,,Spotting,,,,,,0.32,,,RD126,,,
,03-07-2026,,,,,LU Loading,,,,,,1.6,,,RD126,,,
,03-07-2026,,,,,Waiting,,,,,,0.85,,,RD226,,,
,03-07-2026,,,,,LU Loading,,,,,,1.93,,,RD226,,,
,03-07-2026,,,,,Waiting,,,,,,0.58,,,RD141,,,
,03-07-2026,,,,,LU Loading,,,,,,2.15,,,RD141,,,
,03-07-2026,,,,,Waiting,,,,,,0.7,,,RD229,,,
,03-07-2026,,,,,LU Loading,,,,,,2.33,,,RD229,,,
,03-07-2026,,,,,Waiting,,,,,,0.67,,,RD228,,,
,03-07-2026,,,,,Spotting,,,,,,0.3,,,RD228,,,
,03-07-2026,,,,,LU Loading,,,,,,2.25,,,RD228,,,
,03-07-2026,,,,,Waiting,,,,,,15.43,,,RD229,,,
,03-07-2026,,,,,LU Loading,,,,,,2.1,,,RD229,,,
,03-07-2026,,,,,Waiting,,,,,,1.73,,,RD230,,,
,03-07-2026,,,,,Spotting,,,,,,0.63,,,RD230,,,
,03-07-2026,,,,,LU Loading,,,,,,2.68,,,RD230,,,
,03-07-2026,,,,,Waiting,,,,,,8.97,,,RD226,,,
,03-07-2026,,,,,LU Loading,,,,,,2.55,,,RD226,,,
,03-07-2026,,,,,Waiting,,,,,,0.63,,,RD228,,,
,03-07-2026,,,,,LU Loading,,,,,,4.77,,,RD228,,,
,03-07-2026,,,,,Waiting,,,,,,0.68,,,RD126,,,
,03-07-2026,,,,,Spotting,,,,,,1.05,,,RD126,,,
,03-07-2026,,,,,LU Loading,,,,,,2.88,,,RD126,,,
,03-07-2026,,,,,Waiting,,,,,,6.73,,,RD229,,,
,03-07-2026,,,,,LU Loading,,,,,,2.95,,,RD229,,,
,03-07-2026,,,,,Waiting,,,,,,7.78,,,RD226,,,
,03-07-2026,,,,,LU Loading,,,,,,2.98,,,RD226,,,
,03-07-2026,,,,,Waiting,,,,,,0.77,,,RD228,,,
,03-07-2026,,,,,LU Loading,,,,,,3.22,,,RD228,,,
,03-07-2026,,,,,Waiting,,,,,,4.67,,,RD230,,,
,03-07-2026,,,,,Spotting,,,,,,1.17,,,RD230,,,
,03-07-2026,,,,,LU Loading,,,,,,3.93,,,RD230,,,
,03-07-2026,,,,,Waiting,,,,,,4.88,,,RD126,,,
,03-07-2026,,,,,LU Loading,,,,,,1.9,,,RD126,,,
,03-07-2026,,,,,Waiting,,,,,,0.45,,,RD141,,,
,03-07-2026,,,,,Spotting,,,,,,0.22,,,RD141,,,
,03-07-2026,,,,,LU Loading,,,,,,2.13,,,RD141,,,
,03-07-2026,,,,,Waiting,,,,,,3.98,,,RD226,,,
,03-07-2026,,,,,LU Loading,,,,,,2.43,,,RD226,,,
,03-07-2026,,,,,Waiting,,,,,,14.2,,,RD230,,,
,03-07-2026,,,,,Spotting,,,,,,0.72,,,RD230,,,
,03-07-2026,,,,,LU Loading,,,,,,3.13,,,RD230,,,
,03-07-2026,,,,,Waiting,,,,,,3.97,,,RD228,,,
,03-07-2026,,,,,Spotting,,,,,,0.33,,,RD228,,,
,03-07-2026,,,,,LU Loading,,,,,,4.12,,,RD228,,,
,03-07-2026,,,,,Waiting,,,,,,1.02,,,RD126,,,
,03-07-2026,,,,,LU Loading,,,,,,1.92,,,RD126,,,
,03-07-2026,,,,,Waiting,,,,,,1.43,,,RD141,,,
,03-07-2026,,,,,LU Loading,,,,,,2.35,,,RD141,,,
,03-07-2026,,,,,Waiting,,,,,,4.53,,,RD226,,,
,03-07-2026,,,,,LU Loading,,,,,,2.95,,,RD226,,,
,03-07-2026,,,,,Waiting,,,,,,10.72,,,RD230,,,
,03-07-2026,,,,,LU Loading,,,,,,3.48,,,RD230,,,
,03-07-2026,,,,,Waiting,,,,,,4.02,,,RD228,,,
,03-07-2026,,,,,Spotting,,,,,,1.03,,,RD228,,,
,03-07-2026,,,,,LU Loading,,,,,,3.18,,,RD228,,,
,03-07-2026,,,,,Waiting,,,,,,15.35,,,RD126,,,
,03-07-2026,,,,,LU Loading,,,,,,2.72,,,RD126,,,
,03-07-2026,,,,,Waiting,,,,,,5.17,,,RD141,,,
,03-07-2026,,,,,LU Loading,,,,,,3.17,,,RD141,,,
,03-07-2026,,,,,Waiting,,,,,,3.4,,,RD240,,,
,03-07-2026,,,,,LU Loading,,,,,,2.43,,,RD240,,,
,03-07-2026,,,,,Waiting,,,,,,0.43,,,RD226,,,
,03-07-2026,,,,,Spotting,,,,,,0.12,,,RD226,,,
,03-07-2026,,,,,LU Loading,,,,,,2.87,,,RD226,,,
,03-07-2026,,,,,Waiting,,,,,,4.42,,,RD230,,,
,03-07-2026,,,,,Spotting,,,,,,0.42,,,RD230,,,
,03-07-2026,,,,,LU Loading,,,,,,2.38,,,RD230,,,
,03-07-2026,,,,,Waiting,,,,,,7.92,,,RD228,,,
,03-07-2026,,,,,Spotting,,,,,,0.97,,,RD228,,,
,03-07-2026,,,,,LU Loading,,,,,,2.35,,,RD228,,,
,03-07-2026,,,,,Waiting,,,,,,26.68,,,RD126,,,
,03-07-2026,,,,,LU Loading,,,,,,3.62,,,RD126,,,
,03-07-2026,,,,,Waiting,,,,,,6.27,,,RD226,,,
,03-07-2026,,,,,Spotting,,,,,,0.6,,,RD226,,,
,03-07-2026,,,,,LU Loading,,,,,,2.2,,,RD226,,,
,03-07-2026,,,,,Waiting,,,,,,31.78,,,RD241,,,
,03-07-2026,,,,,Shift Change,,,,,,14.72,,,RD241,,,
,03-07-2026,,,,,Shift Change,,,,,,102.77,,,RD241,,,
,03-07-2026,,,,,Marching,,,,,,16.37,,,RD241,,,
,03-07-2026,,,,,Waiting,,,,,,3.88,,,RD241,,,
,03-07-2026,,,,,LU Loading,,,,,,3.88,,,RD241,,,
,03-07-2026,,,,,Waiting,,,,,,0.02,,,RD231,,,
,03-07-2026,,,,,LU Loading,,,,,,4.03,,,RD231,,,
,03-07-2026,,,,,Spotting,,,,,,0.62,,,RD241,,,
,03-07-2026,,,,,LU Loading,,,,,,4.52,,,RD241,,,
,03-07-2026,,,,,Waiting,,,,,,0.62,,,RD232,,,
,03-07-2026,,,,,LU Loading,,,,,,3.67,,,RD232,,,
,03-07-2026,,,,,Waiting,,,,,,0.23,,,RD253,,,
,03-07-2026,,,,,LU Loading,,,,,,5.12,,,RD253,,,
,03-07-2026,,,,,Waiting,,,,,,0.42,,,RD141,,,
,03-07-2026,,,,,LU Loading,,,,,,3.67,,,RD141,,,
,03-07-2026,,,,,Waiting,,,,,,2.03,,,RD241,,,
,03-07-2026,,,,,LU Loading,,,,,,3.73,,,RD241,,,
,03-07-2026,,,,,Waiting,,,,,,0.65,,,RD232,,,
,03-07-2026,,,,,LU Loading,,,,,,4.13,,,RD232,,,
,03-07-2026,,,,,Waiting,,,,,,1.95,,,RD253,,,
,03-07-2026,,,,,LU Loading,,,,,,3.97,,,RD253,,,
,03-07-2026,,,,,Waiting,,,,,,0.77,,,RD141,,,
,03-07-2026,,,,,LU Loading,,,,,,6.33,,,RD141,,,
,03-07-2026,,,,,Waiting,,,,,,2.18,,,RD241,,,
,03-07-2026,,,,,LU Loading,,,,,,6.82,,,RD241,,,
,03-07-2026,,,,,Waiting,,,,,,0.9,,,RD232,,,
,03-07-2026,,,,,LU Loading,,,,,,6.22,,,RD232,,,
,03-07-2026,,,,,Waiting,,,,,,4.92,,,RD141,,,
,03-07-2026,,,,,LU Loading,,,,,,4.8,,,RD141,,,
,03-07-2026,,,,,Waiting,,,,,,14.45,,,RD241,,,
,03-07-2026,,,,,LU Loading,,,,,,6.33,,,RD241,,,
,03-07-2026,,,,,Waiting,,,,,,0.45,,,RD232,,,
,03-07-2026,,,,,LU Loading,,,,,,5.97,,,RD232,,,
,03-07-2026,,,,,Waiting,,,,,,0.38,,,RD226,,,
,03-07-2026,,,,,LU Loading,,,,,,6.15,,,RD226,,,
,03-07-2026,,,,,Waiting,,,,,,0.7,,,RD234,,,
,03-07-2026,,,,,LU Loading,,,,,,6,,,RD234,,,
,03-07-2026,,,,,Waiting,,,,,,0.22,,,RD141,,,
,03-07-2026,,,,,LU Loading,,,,,,5.52,,,RD141,,,
,03-07-2026,,,,,Waiting,,,,,,0.13,,,RD232,,,
,03-07-2026,,,,,Spotting,,,,,,1.02,,,RD232,,,
,03-07-2026,,,,,LU Loading,,,,,,6.08,,,RD232,,,
,03-07-2026,,,,,Waiting,,,,,,0.33,,,RD226,,,
,03-07-2026,,,,,LU Loading,,,,,,10.68,,,RD226,,,
,03-07-2026,,,,,Waiting,,,,,,0.48,,,RD234,,,
,03-07-2026,,,,,LU Loading,,,,,,3.15,,,RD234,,,
,03-07-2026,,,,,Waiting,,,,,,0.1,,,RD253,,,
,03-07-2026,,,,,LU Loading,,,,,,2.65,,,RD253,,,
,03-07-2026,,,,,Waiting,,,,,,0.53,,,RD141,,,
,03-07-2026,,,,,LU Loading,,,,,,2.37,,,RD141,,,
,03-07-2026,,,,,Waiting,,,,,,0.77,,,RD232,,,
,03-07-2026,,,,,LU Loading,,,,,,2.92,,,RD232,,,
,03-07-2026,,,,,Waiting,,,,,,3.07,,,RD226,,,
,03-07-2026,,,,,Spotting,,,,,,0.7,,,RD226,,,
,03-07-2026,,,,,LU Loading,,,,,,2.38,,,RD226,,,
,03-07-2026,,,,,Waiting,,,,,,0.55,,,RD234,,,
,03-07-2026,,,,,LU Loading,,,,,,2.32,,,RD234,,,
,03-07-2026,,,,,Waiting,,,,,,0.65,,,RD253,,,
,03-07-2026,,,,,LU Loading,,,,,,2.98,,,RD253,,,
,03-07-2026,,,,,Waiting,,,,,,0.17,,,RD141,,,
,03-07-2026,,,,,Spotting,,,,,,0.37,,,RD141,,,
,03-07-2026,,,,,LU Loading,,,,,,2.6,,,RD141,,,
,03-07-2026,,,,,Waiting,,,,,,7.27,,,RD226,,,
,03-07-2026,,,,,Spotting,,,,,,0.4,,,RD226,,,
,03-07-2026,,,,,LU Loading,,,,,,2.73,,,RD226,,,
,03-07-2026,,,,,Waiting,,,,,,1.05,,,RD234,,,
,03-07-2026,,,,,Spotting,,,,,,0.15,,,RD234,,,
,03-07-2026,,,,,LU Loading,,,,,,2.65,,,RD234,,,
,03-07-2026,,,,,Waiting,,,,,,0.22,,,RD253,,,
,03-07-2026,,,,,Spotting,,,,,,0.37,,,RD253,,,
,03-07-2026,,,,,LU Loading,,,,,,1.87,,,RD253,,,
,03-07-2026,,,,,Waiting,,,,,,6.05,,,RD141,,,
,03-07-2026,,,,,LU Loading,,,,,,3.65,,,RD141,,,
,03-07-2026,,,,,Waiting,,,,,,0.52,,,RD226,,,
,03-07-2026,,,,,LU Loading,,,,,,3.15,,,RD226,,,
,03-07-2026,,,,,Waiting,,,,,,1.83,,,RD234,,,
,03-07-2026,,,,,Spotting,,,,,,1.68,,,RD234,,,
,03-07-2026,,,,,LU Loading,,,,,,3.15,,,RD234,,,
,03-07-2026,,,,,Waiting,,,,,,1.55,,,RD253,,,
,03-07-2026,,,,,Spotting,,,,,,0.12,,,RD253,,,
,03-07-2026,,,,,LU Loading,,,,,,3.55,,,RD253,,,
,03-07-2026,,,,,Waiting,,,,,,0.63,,,RD241,,,
,03-07-2026,,,,,LU Loading,,,,,,4,,,RD241,,,
,03-07-2026,,,,,Waiting,,,,,,0.38,,,RD141,,,
,03-07-2026,,,,,LU Loading,,,,,,3.37,,,RD141,,,
,03-07-2026,,,,,Waiting,,,,,,0.7,,,RD226,,,
,03-07-2026,,,,,LU Loading,,,,,,3.38,,,RD226,,,
,03-07-2026,,,,,Waiting,,,,,,4.03,,,RD232,,,
,03-07-2026,,,,,LU Loading,,,,,,4.23,,,RD232,,,
,03-07-2026,,,,,Waiting,,,,,,0.43,,,RD253,,,
,03-07-2026,,,,,LU Loading,,,,,,4.03,,,RD253,,,
,03-07-2026,,,,,Waiting,,,,,,1.15,,,RD241,,,
,03-07-2026,,,,,Spotting,,,,,,0.45,,,RD241,,,
,03-07-2026,,,,,LU Loading,,,,,,4.25,,,RD241,,,
,03-07-2026,,,,,Waiting,,,,,,5.75,,,RD232,,,
,03-07-2026,,,,,LU Loading,,,,,,4.5,,,RD232,,,
,03-07-2026,,,,,Waiting,,,,,,2.07,,,RD253,,,
,03-07-2026,,,,,LU Loading,,,,,,3.65,,,RD253,,,
,03-07-2026,,,,,Waiting,,,,,,0.63,,,RD141,,,
,03-07-2026,,,,,LU Loading,,,,,,3.7,,,RD141,,,
,03-07-2026,,,,,Waiting,,,,,,0.67,,,RD241,,,
,03-07-2026,,,,,LU Loading,,,,,,5.83,,,RD241,,,
,03-07-2026,,,,,Spotting,,,,,,0.88,,,RD232,,,
,03-07-2026,,,,,LU Loading,,,,,,5.65,,,RD232,,,
,03-07-2026,,,,,Waiting,,,,,,0.05,,,RD253,,,
,03-07-2026,,,,,Spotting,,,,,,0.43,,,RD253,,,
,03-07-2026,,,,,LU Loading,,,,,,5.6,,,RD253,,,
,03-07-2026,,,,,Waiting,,,,,,3.5,,,RD241,,,
,03-07-2026,,,,,Spotting,,,,,,0.3,,,RD241,,,
,03-07-2026,,,,,LU Loading,,,,,,5.23,,,RD241,,,
,03-07-2026,,,,,Waiting,,,,,,0.32,,,RD232,,,
,03-07-2026,,,,,Spotting,,,,,,0.28,,,RD232,,,
,03-07-2026,,,,,LU Loading,,,,,,6.15,,,RD232,,,
,03-07-2026,,,,,Waiting,,,,,,0.47,,,RD141,,,
,03-07-2026,,,,,Spotting,,,,,,0.23,,,RD141,,,
,03-07-2026,,,,,LU Loading,,,,,,2.97,,,RD141,,,
,03-07-2026,,,,,Waiting,,,,,,0.52,,,RD253,,,
,03-07-2026,,,,,LU Loading,,,,,,5.27,,,RD253,,,
,03-07-2026,,,,,Waiting,,,,,,2.27,,,RD241,,,
,03-07-2026,,,,,LU Loading,,,,,,5.45,,,RD241,,,
,03-07-2026,,,,,Waiting,,,,,,0.63,,,RD232,,,
,03-07-2026,,,,,LU Loading,,,,,,4.62,,,RD232,,,
,03-07-2026,,,,,Waiting,,,,,,24.42,,,RD233,,,
,03-07-2026,,,,,Shift Change,,,,,,12.6,,,RD233,,,
,03-07-2026,,,,,Shift Change,,,,,,98,,,RD233,,,
,03-07-2026,,,,,Waiting,,,,,,5.35,,,RD233,,,
,03-07-2026,,,,,LU Loading,,,,,,16.88,,,RD233,,,
,04-07-2026,,,,,Waiting,,,,,,0.72,,,RD238,,,
,04-07-2026,,,,,LU Loading,,,,,,3.83,,,RD238,,,
,04-07-2026,,,,,Waiting,,,,,,0.47,,,RD121,,,
,04-07-2026,,,,,Spotting,,,,,,0.23,,,RD121,,,
,04-07-2026,,,,,LU Loading,,,,,,5.23,,,RD121,,,
,04-07-2026,,,,,Waiting,,,,,,12.9,,,RD233,,,
,04-07-2026,,,,,LU Loading,,,,,,5.6,,,RD233,,,
,04-07-2026,,,,,Waiting,,,,,,0.82,,,RD238,,,
,04-07-2026,,,,,LU Loading,,,,,,4.77,,,RD238,,,
,04-07-2026,,,,,Waiting,,,,,,0.43,,,RD121,,,
,04-07-2026,,,,,LU Loading,,,,,,5.9,,,RD121,,,
,04-07-2026,,,,,Waiting,,,,,,10.75,,,RD238,,,
,04-07-2026,,,,,Spotting,,,,,,0.2,,,RD238,,,
,04-07-2026,,,,,LU Loading,,,,,,5.02,,,RD238,,,
,04-07-2026,,,,,Waiting,,,,,,3.63,,,RD121,,,
,04-07-2026,,,,,LU Loading,,,,,,4.6,,,RD121,,,
,04-07-2026,,,,,Waiting,,,,,,4.25,,,RD233,,,
,04-07-2026,,,,,LU Loading,,,,,,6.17,,,RD233,,,
,04-07-2026,,,,,Waiting,,,,,,4.4,,,RD238,,,
,04-07-2026,,,,,LU Loading,,,,,,5.43,,,RD238,,,
,04-07-2026,,,,,Waiting,,,,,,0.27,,,RD121,,,
,04-07-2026,,,,,Spotting,,,,,,0.42,,,RD121,,,
,04-07-2026,,,,,LU Loading,,,,,,4.2,,,RD121,,,
,04-07-2026,,,,,Waiting,,,,,,16.37,,,RD238,,,
,04-07-2026,,,,,LU Loading,,,,,,3.93,,,RD238,,,
,04-07-2026,,,,,Waiting,,,,,,0.77,,,RD121,,,
,04-07-2026,,,,,LU Loading,,,,,,4.43,,,RD121,,,
,04-07-2026,,,,,Waiting,,,,,,10.53,,,RD238,,,
,04-07-2026,,,,,Tea/ Breakfast / Snacks,,,,,,72.72,,,RD238,,,
,04-07-2026,,,,,LU Loading,,,,,,6.1,,,RD238,,,
,04-07-2026,,,,,LU Loading,,,,,,4.78,,,RD233,,,
,04-07-2026,,,,,Waiting,,,,,,8.38,,,RD121,,,
,04-07-2026,,,,,Spotting,,,,,,0.48,,,RD121,,,
,04-07-2026,,,,,LU Loading,,,,,,4.82,,,RD121,,,
,04-07-2026,,,,,Waiting,,,,,,1.52,,,RD240,,,
,04-07-2026,,,,,LU Loading,,,,,,3.98,,,RD240,,,
,04-07-2026,,,,,Waiting,,,,,,6.72,,,RD238,,,
,04-07-2026,,,,,LU Loading,,,,,,3.42,,,RD238,,,
,04-07-2026,,,,,Waiting,,,,,,3.28,,,RD121,,,
,04-07-2026,,,,,Spotting,,,,,,1.07,,,RD121,,,
,04-07-2026,,,,,LU Loading,,,,,,2.9,,,RD121,,,
,04-07-2026,,,,,Waiting,,,,,,2.37,,,RD240,,,
,04-07-2026,,,,,LU Loading,,,,,,4.85,,,RD240,,,
,04-07-2026,,,,,Waiting,,,,,,4.68,,,RD238,,,
,04-07-2026,,,,,LU Loading,,,,,,4.92,,,RD238,,,
,04-07-2026,,,,,Waiting,,,,,,1.9,,,RD233,,,
,04-07-2026,,,,,LU Loading,,,,,,3.37,,,RD233,,,
,04-07-2026,,,,,Waiting,,,,,,0.5,,,RD121,,,
,04-07-2026,,,,,LU Loading,,,,,,0.48,,,RD121,,,
,04-07-2026,,,,,LU Loading,,,,,,3.5,,,RD121,,,
,04-07-2026,,,,,Waiting,,,,,,10.92,,,RD240,,,
,04-07-2026,,,,,LU Loading,,,,,,5.18,,,RD240,,,
,04-07-2026,,,,,Waiting,,,,,,0.93,,,RD238,,,
,04-07-2026,,,,,LU Loading,,,,,,4.83,,,RD238,,,
,04-07-2026,,,,,Waiting,,,,,,2.45,,,RD233,,,
,04-07-2026,,,,,LU Loading,,,,,,3.75,,,RD233,,,
,04-07-2026,,,,,Waiting,,,,,,0.6,,,RD121,,,
,04-07-2026,,,,,LU Loading,,,,,,3.97,,,RD121,,,
,04-07-2026,,,,,Waiting,,,,,,2.38,,,RD238,,,
,04-07-2026,,,,,LU Loading,,,,,,5.37,,,RD238,,,
,04-07-2026,,,,,Waiting,,,,,,0.22,,,RD240,,,
,04-07-2026,,,,,LU Loading,,,,,,3.73,,,RD240,,,
,04-07-2026,,,,,Waiting,,,,,,0.3,,,RD233,,,
,04-07-2026,,,,,Spotting,,,,,,0.4,,,RD233,,,
,04-07-2026,,,,,LU Loading,,,,,,3.8,,,RD233,,,
,04-07-2026,,,,,Waiting,,,,,,1.25,,,RD121,,,
,04-07-2026,,,,,LU Loading,,,,,,3.77,,,RD121,,,
,04-07-2026,,,,,Waiting,,,,,,6.65,,,RD121,,,
,04-07-2026,,,,,Shift Change,,,,,,26.27,,,RD121,,,
,04-07-2026,,,,,,,,,,,,,,,,,
,Timestamp,,,,,Status Code,,Sub-Status Code,,,,"Duration
(min)",,,Hauling Unit,,,
,04-07-2026,,,,,Shift Change,,,,,,47.33,,,RD121,,,
,04-07-2026,,,,,Waiting,,,,,,1.38,,,RD121,,,
,04-07-2026,,,,,LU Loading,,,,,,3.73,,,RD121,,,
,04-07-2026,,,,,Waiting,,,,,,1.17,,,RD143,,,
,04-07-2026,,,,,LU Loading,,,,,,4,,,RD143,,,
,04-07-2026,,,,,Waiting,,,,,,0.73,,,RD251,,,
,04-07-2026,,,,,LU Loading,,,,,,4.25,,,RD251,,,
,04-07-2026,,,,,Waiting,,,,,,14.28,,,RD251,,,
,04-07-2026,,,,,Spotting,,,,,,0.33,,,RD251,,,
,04-07-2026,,,,,LU Loading,,,,,,3.83,,,RD251,,,
,04-07-2026,,,,,Waiting,,,,,,3.52,,,RD143,,,
,04-07-2026,,,,,LU Loading,,,,,,2.6,,,RD143,,,
,04-07-2026,,,,,Waiting,,,,,,0.97,,,RD121,,,
,04-07-2026,,,,,LU Loading,,,,,,2.8,,,RD121,,,
,04-07-2026,,,,,Waiting,,,,,,7.83,,,RD251,,,
,04-07-2026,,,,,Spotting,,,,,,0.37,,,RD251,,,
,04-07-2026,,,,,LU Loading,,,,,,4.62,,,RD251,,,
,04-07-2026,,,,,Waiting,,,,,,29.5,,,RD251,,,
,04-07-2026,,,,,Spotting,,,,,,0.45,,,RD251,,,
,04-07-2026,,,,,LU Loading,,,,,,3.18,,,RD251,,,
,04-07-2026,,,,,Waiting,,,,,,0.27,,,RD121,,,
,04-07-2026,,,,,LU Loading,,,,,,3.32,,,RD121,,,
,04-07-2026,,,,,Waiting,,,,,,10.92,,,RD251,,,
,04-07-2026,,,,,LU Loading,,,,,,7.58,,,RD251,,,
,04-07-2026,,,,,Waiting,,,,,,3.73,,,RD251,,,
,04-07-2026,,,,,LU Loading,,,,,,13.63,,,RD251,,,
,04-07-2026,,,,,Waiting,,,,,,63.17,,,RD251,,,
,04-07-2026,,,,,Tea/ Breakfast / Snacks,,,,,,28.55,,,RD251,,,
,04-07-2026,,,,,LU Loading,,,,,,4.27,,,RD251,,,
,04-07-2026,,,,,Waiting,,,,,,0.67,,,RD143,,,
,04-07-2026,,,,,LU Loading,,,,,,3.83,,,RD143,,,
,04-07-2026,,,,,Waiting,,,,,,11.07,,,RD121,,,
,04-07-2026,,,,,LU Loading,,,,,,2.8,,,RD121,,,
,04-07-2026,,,,,Waiting,,,,,,1,,,RD251,,,
,04-07-2026,,,,,LU Loading,,,,,,3.93,,,RD251,,,
,04-07-2026,,,,,Waiting,,,,,,15.17,,,RD240,,,
,04-07-2026,,,,,LU Loading,,,,,,2.32,,,RD240,,,
,04-07-2026,,,,,Waiting,,,,,,0.47,,,RD251,,,
,04-07-2026,,,,,LU Loading,,,,,,3.35,,,RD251,,,
,04-07-2026,,,,,Waiting,,,,,,0.9,,,RD121,,,
,04-07-2026,,,,,LU Loading,,,,,,2.8,,,RD121,,,
,04-07-2026,,,,,Waiting,,,,,,6.4,,,RD240,,,
,04-07-2026,,,,,Spotting,,,,,,0.13,,,RD240,,,
,04-07-2026,,,,,LU Loading,,,,,,4.27,,,RD240,,,
,04-07-2026,,,,,Waiting,,,,,,1.52,,,RD251,,,
,04-07-2026,,,,,Spotting,,,,,,0.23,,,RD251,,,
,04-07-2026,,,,,LU Loading,,,,,,5.8,,,RD251,,,
,04-07-2026,,,,,Waiting,,,,,,5.58,,,RD121,,,
,04-07-2026,,,,,Spotting,,,,,,0.37,,,RD121,,,
,04-07-2026,,,,,LU Loading,,,,,,3.28,,,RD121,,,
,04-07-2026,,,,,Waiting,,,,,,1.02,,,RD240,,,
,04-07-2026,,,,,LU Loading,,,,,,3.87,,,RD240,,,
,04-07-2026,,,,,Waiting,,,,,,1.93,,,RD251,,,
,04-07-2026,,,,,Spotting,,,,,,0.33,,,RD251,,,
,04-07-2026,,,,,LU Loading,,,,,,4.45,,,RD251,,,
,04-07-2026,,,,,Waiting,,,,,,2.63,,,RD229,,,
,04-07-2026,,,,,LU Loading,,,,,,3.73,,,RD229,,,
,04-07-2026,,,,,Waiting,,,,,,1.37,,,RD230,,,
,04-07-2026,,,,,LU Loading,,,,,,4.48,,,RD230,,,
,04-07-2026,,,,,Waiting,,,,,,0.67,,,RD240,,,
,04-07-2026,,,,,LU Loading,,,,,,3.62,,,RD240,,,
,04-07-2026,,,,,Waiting,,,,,,0.5,,,RD251,,,
,04-07-2026,,,,,LU Loading,,,,,,4.25,,,RD251,,,
,04-07-2026,,,,,Waiting,,,,,,6.97,,,RD230,,,
,04-07-2026,,,,,Spotting,,,,,,0.42,,,RD230,,,
,04-07-2026,,,,,LU Loading,,,,,,4.02,,,RD230,,,
,04-07-2026,,,,,Waiting,,,,,,0.85,,,RD240,,,
,04-07-2026,,,,,LU Loading,,,,,,3.72,,,RD240,,,
,04-07-2026,,,,,Waiting,,,,,,0.77,,,RD122,,,
,04-07-2026,,,,,LU Loading,,,,,,3.08,,,RD122,,,
,04-07-2026,,,,,Waiting,,,,,,0.5,,,RD251,,,
,04-07-2026,,,,,LU Loading,,,,,,4.03,,,RD251,,,
,04-07-2026,,,,,LU Loading,,,,,,2.92,,,RD121,,,
,04-07-2026,,,,,Waiting,,,,,,0.85,,,RD230,,,
,04-07-2026,,,,,Spotting,,,,,,1.5,,,RD230,,,
,04-07-2026,,,,,LU Loading,,,,,,4.07,,,RD230,,,
,04-07-2026,,,,,Waiting,,,,,,0.5,,,RD240,,,
,04-07-2026,,,,,Spotting,,,,,,0.33,,,RD240,,,
,04-07-2026,,,,,LU Loading,,,,,,3.63,,,RD240,,,
,04-07-2026,,,,,Waiting,,,,,,4.28,,,RD122,,,
,04-07-2026,,,,,Spotting,,,,,,0.45,,,RD122,,,
,04-07-2026,,,,,LU Loading,,,,,,4.93,,,RD122,,,
,04-07-2026,,,,,LU Loading,,,,,,3.2,,,RD251,,,
,04-07-2026,,,,,Waiting,,,,,,0.08,,,RD121,,,
,04-07-2026,,,,,Spotting,,,,,,0.65,,,RD121,,,
,04-07-2026,,,,,LU Loading,,,,,,3.02,,,RD121,,,
,04-07-2026,,,,,Waiting,,,,,,0.97,,,RD230,,,
,04-07-2026,,,,,LU Loading,,,,,,3.45,,,RD230,,,
,04-07-2026,,,,,Waiting,,,,,,0.28,,,RD240,,,
,04-07-2026,,,,,Spotting,,,,,,0.43,,,RD240,,,
,04-07-2026,,,,,LU Loading,,,,,,3.28,,,RD240,,,
,04-07-2026,,,,,Waiting,,,,,,10.15,,,RD240,,,
,04-07-2026,,,,,Shift Change,,,,,,25.62,,,RD240,,,
,04-07-2026,,,,,Shift Change,,,,,,86.05,,,RD240,,,
,04-07-2026,,,,,LU Loading,,,,,,3.5,,,RD240,,,
,04-07-2026,,,,,Waiting,,,,,,0.73,,,RD235,,,
,04-07-2026,,,,,LU Loading,,,,,,2.8,,,RD235,,,
,04-07-2026,,,,,Waiting,,,,,,8.48,,,RD240,,,
,04-07-2026,,,,,LU Loading,,,,,,2.12,,,RD240,,,
,04-07-2026,,,,,Waiting,,,,,,1.28,,,RD231,,,
,04-07-2026,,,,,LU Loading,,,,,,3.4,,,RD231,,,
,04-07-2026,,,,,Waiting,,,,,,0.83,,,RD235,,,
,04-07-2026,,,,,LU Loading,,,,,,3.48,,,RD235,,,
,04-07-2026,,,,,Waiting,,,,,,4.4,,,RD235,,,
,04-07-2026,,,,,LU Loading,,,,,,3.35,,,RD235,,,
,04-07-2026,,,,,Waiting,,,,,,1.13,,,RD240,,,
,04-07-2026,,,,,LU Loading,,,,,,2.65,,,RD240,,,
,04-07-2026,,,,,LU Loading,,,,,,3.57,,,RD235,,,
,04-07-2026,,,,,Spotting,,,,,,0.28,,,RD240,,,
,04-07-2026,,,,,LU Loading,,,,,,3.88,,,RD240,,,
,04-07-2026,,,,,Waiting,,,,,,0.17,,,RD235,,,
,04-07-2026,,,,,Spotting,,,,,,0.3,,,RD235,,,
,04-07-2026,,,,,LU Loading,,,,,,3.9,,,RD235,,,
,04-07-2026,,,,,Spotting,,,,,,0.37,,,RD231,,,
,04-07-2026,,,,,LU Loading,,,,,,2.83,,,RD231,,,
,04-07-2026,,,,,Waiting,,,,,,0.58,,,RD235,,,
,04-07-2026,,,,,Spotting,,,,,,0.58,,,RD235,,,
,04-07-2026,,,,,LU Loading,,,,,,3.6,,,RD235,,,
,04-07-2026,,,,,Waiting,,,,,,0.93,,,RD231,,,
,04-07-2026,,,,,LU Loading,,,,,,3.2,,,RD231,,,
,04-07-2026,,,,,Waiting,,,,,,0.28,,,RD235,,,
,04-07-2026,,,,,LU Loading,,,,,,3.78,,,RD235,,,
,04-07-2026,,,,,Waiting,,,,,,0.35,,,RD231,,,
,04-07-2026,,,,,LU Loading,,,,,,5.73,,,RD231,,,
,04-07-2026,,,,,Waiting,,,,,,0.1,,,RD235,,,
,04-07-2026,,,,,LU Loading,,,,,,3.15,,,RD235,,,
,04-07-2026,,,,,Waiting,,,,,,0.97,,,RD231,,,
,04-07-2026,,,,,LU Loading,,,,,,3.65,,,RD231,,,
,04-07-2026,,,,,LU Loading,,,,,,3.67,,,RD235,,,
,04-07-2026,,,,,Spotting,,,,,,0.27,,,RD231,,,
,04-07-2026,,,,,LU Loading,,,,,,3.72,,,RD231,,,
,04-07-2026,,,,,LU Loading,,,,,,4.95,,,RD235,,,
,04-07-2026,,,,,Waiting,,,,,,1.07,,,RD231,,,
,04-07-2026,,,,,Spotting,,,,,,0.3,,,RD231,,,
,04-07-2026,,,,,LU Loading,,,,,,2.8,,,RD231,,,
,04-07-2026,,,,,Waiting,,,,,,0.67,,,RD235,,,
,04-07-2026,,,,,LU Loading,,,,,,3.02,,,RD235,,,
,04-07-2026,,,,,Waiting,,,,,,1.05,,,RD231,,,
,04-07-2026,,,,,Spotting,,,,,,0.43,,,RD231,,,
,04-07-2026,,,,,LU Loading,,,,,,2.93,,,RD231,,,
,04-07-2026,,,,,Waiting,,,,,,1.32,,,RD235,,,
,04-07-2026,,,,,LU Loading,,,,,,2.48,,,RD235,,,
,04-07-2026,,,,,LU Loading,,,,,,3.55,,,RD231,,,
,04-07-2026,,,,,LU Loading,,,,,,4.82,,,RD235,,,
,04-07-2026,,,,,Waiting,,,,,,0.18,,,RD231,,,
,04-07-2026,,,,,LU Loading,,,,,,4.25,,,RD231,,,
,04-07-2026,,,,,Waiting,,,,,,1.1,,,RD235,,,
,04-07-2026,,,,,LU Loading,,,,,,3.2,,,RD235,,,
,04-07-2026,,,,,Waiting,,,,,,0.42,,,RD231,,,
,04-07-2026,,,,,LU Loading,,,,,,3.15,,,RD231,,,
,04-07-2026,,,,,Waiting,,,,,,0.47,,,RD235,,,
,04-07-2026,,,,,LU Loading,,,,,,3.67,,,RD235,,,
,04-07-2026,,,,,LU Loading,,,,,,5.22,,,RD231,,,
,04-07-2026,,,,,Waiting,,,,,,0.33,,,RD235,,,
,04-07-2026,,,,,Spotting,,,,,,0.4,,,RD235,,,
,04-07-2026,,,,,LU Loading,,,,,,4.97,,,RD235,,,
,04-07-2026,,,,,Waiting,,,,,,0.05,,,RD231,,,
,04-07-2026,,,,,Spotting,,,,,,0.22,,,RD231,,,
,04-07-2026,,,,,LU Loading,,,,,,3.57,,,RD231,,,
,04-07-2026,,,,,Waiting,,,,,,77.68,,,RD143,,,
,04-07-2026,,,,,LU Loading,,,,,,5.77,,,RD143,,,
,04-07-2026,,,,,Spotting,,,,,,0.48,,,RD231,,,
,04-07-2026,,,,,LU Loading,,,,,,4.32,,,RD231,,,
,04-07-2026,,,,,Waiting,,,,,,6.78,,,RD240,,,
,04-07-2026,,,,,LU Loading,,,,,,2.83,,,RD240,,,
,04-07-2026,,,,,Waiting,,,,,,2.58,,,RD235,,,
,04-07-2026,,,,,LU Loading,,,,,,3.3,,,RD235,,,
,04-07-2026,,,,,Waiting,,,,,,4.27,,,RD242,,,
,04-07-2026,,,,,LU Loading,,,,,,2.52,,,RD242,,,
,04-07-2026,,,,,Waiting,,,,,,1.55,,,RD231,,,
,04-07-2026,,,,,LU Loading,,,,,,3.52,,,RD231,,,
,04-07-2026,,,,,Waiting,,,,,,0.4,,,RD240,,,
,04-07-2026,,,,,LU Loading,,,,,,2.77,,,RD240,,,
,04-07-2026,,,,,Waiting,,,,,,0.2,,,RD245,,,
,04-07-2026,,,,,LU Loading,,,,,,0.22,,,RD245,,,
,04-07-2026,,,,,Waiting,,,,,,0.1,,,RD231,,,
,04-07-2026,,,,,LU Loading,,,,,,3.2,,,RD231,,,
,04-07-2026,,,,,LU Loading,,,,,,3.05,,,RD235,,,
,04-07-2026,,,,,Spotting,,,,,,0.37,,,RD240,,,
,04-07-2026,,,,,LU Loading,,,,,,5.37,,,RD240,,,
,04-07-2026,,,,,Waiting,,,,,,4.17,,,RD143,,,
,04-07-2026,,,,,LU Loading,,,,,,1.33,,,RD143,,,
,04-07-2026,,,,,Waiting,,,,,,4.72,,,RD235,,,
,04-07-2026,,,,,LU Loading,,,,,,3.78,,,RD235,,,
,04-07-2026,,,,,Waiting,,,,,,4.47,,,RD231,,,
,04-07-2026,,,,,LU Loading,,,,,,4.02,,,RD231,,,
,04-07-2026,,,,,Waiting,,,,,,5.17,,,RD143,,,
,04-07-2026,,,,,LU Loading,,,,,,3.28,,,RD143,,,
,04-07-2026,,,,,Waiting,,,,,,0.72,,,RD235,,,
,04-07-2026,,,,,LU Loading,,,,,,2.88,,,RD235,,,
,04-07-2026,,,,,Waiting,,,,,,0.83,,,RD132,,,
,04-07-2026,,,,,LU Loading,,,,,,2.43,,,RD132,,,
,04-07-2026,,,,,Waiting,,,,,,3.08,,,RD231,,,
,04-07-2026,,,,,LU Loading,,,,,,3.73,,,RD231,,,
,04-07-2026,,,,,Waiting,,,,,,4.53,,,RD235,,,
,04-07-2026,,,,,LU Loading,,,,,,3.02,,,RD235,,,
,04-07-2026,,,,,Waiting,,,,,,8.52,,,RD143,,,
,04-07-2026,,,,,Spotting,,,,,,0.55,,,RD143,,,
,04-07-2026,,,,,LU Loading,,,,,,3.63,,,RD143,,,
,04-07-2026,,,,,Waiting,,,,,,0.48,,,RD132,,,
,04-07-2026,,,,,LU Loading,,,,,,2.02,,,RD132,,,
,04-07-2026,,,,,Waiting,,,,,,0.6,,,RD231,,,
,04-07-2026,,,,,LU Loading,,,,,,3.32,,,RD231,,,
,04-07-2026,,,,,Waiting,,,,,,0.6,,,RD235,,,
,04-07-2026,,,,,Spotting,,,,,,0.5,,,RD235,,,
,04-07-2026,,,,,LU Loading,,,,,,3.55,,,RD235,,,
,04-07-2026,,,,,Waiting,,,,,,12.18,,,RD253,,,
,04-07-2026,,,,,Shift Change,,,,,,25.97,,,RD253,,,
,04-07-2026,,,,,Shift Change,,,,,,41.3,,,RD253,,,
,04-07-2026,,,,,Marching,,,,,,25.32,,,RD253,,,
,04-07-2026,,,,,Waiting,,,,,,0.02,,,RD253,,,
,04-07-2026,,,,,LU Loading,,,,,,0.42,,,RD253,,,
,04-07-2026,,,,,Waiting,,,,,,9.42,,,RD253,,,
,04-07-2026,,,,,LU Loading,,,,,,2.42,,,RD253,,,
,04-07-2026,,,,,Waiting,,,,,,11.02,,,RD253,,,
,04-07-2026,,,,,LU Loading,,,,,,2.15,,,RD253,,,
,04-07-2026,,,,,Waiting,,,,,,4.92,,,RD253,,,
,04-07-2026,,,,,LU Loading,,,,,,2.22,,,RD253,,,
,04-07-2026,,,,,Waiting,,,,,,4.1,,,RD253,,,
,04-07-2026,,,,,Spotting,,,,,,0.25,,,RD253,,,
,04-07-2026,,,,,LU Loading,,,,,,3.1,,,RD253,,,
,04-07-2026,,,,,Waiting,,,,,,0.02,,,RD234,,,
,04-07-2026,,,,,LU Loading,,,,,,0.02,,,RD234,,,
,04-07-2026,,,,,Waiting,,,,,,0.33,,,RD234,,,
,04-07-2026,,,,,LU Loading,,,,,,2.15,,,RD234,,,
,04-07-2026,,,,,Waiting,,,,,,1.57,,,RD253,,,
,04-07-2026,,,,,LU Loading,,,,,,2.03,,,RD253,,,
,04-07-2026,,,,,Waiting,,,,,,4.62,,,RD253,,,
,04-07-2026,,,,,LU Loading,,,,,,2.07,,,RD253,,,
,04-07-2026,,,,,Waiting,,,,,,8.42,,,RD253,,,
,05-07-2026,,,,,LU Loading,,,,,,2.08,,,RD253,,,
,05-07-2026,,,,,Waiting,,,,,,1.85,,,RD234,,,
,05-07-2026,,,,,LU Loading,,,,,,2.45,,,RD234,,,
,05-07-2026,,,,,Waiting,,,,,,1.88,,,RD253,,,
,05-07-2026,,,,,LU Loading,,,,,,2.05,,,RD253,,,
,05-07-2026,,,,,Waiting,,,,,,4.27,,,RD253,,,
,05-07-2026,,,,,LU Loading,,,,,,2.1,,,RD253,,,
,05-07-2026,,,,,Waiting,,,,,,5.37,,,RD253,,,
,05-07-2026,,,,,LU Loading,,,,,,2.93,,,RD253,,,
,05-07-2026,,,,,Waiting,,,,,,3.95,,,RD253,,,
,05-07-2026,,,,,LU Loading,,,,,,4.65,,,RD253,,,
,05-07-2026,,,,,Waiting,,,,,,7.8,,,RD253,,,
,05-07-2026,,,,,LU Loading,,,,,,0.28,,,RD253,,,
,05-07-2026,,,,,Waiting,,,,,,0.02,,,RD234,,,
,05-07-2026,,,,,LU Loading,,,,,,0.02,,,RD234,,,
,05-07-2026,,,,,Waiting,,,,,,3.45,,,RD234,,,
,05-07-2026,,,,,LU Loading,,,,,,1.87,,,RD234,,,
,05-07-2026,,,,,Waiting,,,,,,5.62,,,RD234,,,
,05-07-2026,,,,,LU Loading,,,,,,2.07,,,RD234,,,
,05-07-2026,,,,,Waiting,,,,,,2.07,,,RD253,,,
,05-07-2026,,,,,LU Loading,,,,,,3.92,,,RD253,,,
,05-07-2026,,,,,Waiting,,,,,,0.02,,,RD234,,,
,05-07-2026,,,,,LU Loading,,,,,,1.52,,,RD234,,,
,05-07-2026,,,,,Waiting,,,,,,3.88,,,RD253,,,
,05-07-2026,,,,,LU Loading,,,,,,2.97,,,RD253,,,
,05-07-2026,,,,,Waiting,,,,,,4.1,,,RD253,,,
,05-07-2026,,,,,LU Loading,,,,,,2.32,,,RD253,,,
,05-07-2026,,,,,Waiting,,,,,,1.85,,,RD234,,,
,05-07-2026,,,,,LU Loading,,,,,,1.07,,,RD234,,,
,05-07-2026,,,,,Waiting,,,,,,7.57,,,RD234,,,
,05-07-2026,,,,,Tea/ Breakfast / Snacks,,,,,,130.72,,,RD234,,,
,05-07-2026,,,,,Waiting,,,,,,20.35,,,RD234,,,
,05-07-2026,,,,,Spotting,,,,,,0.35,,,RD234,,,
,05-07-2026,,,,,LU Loading,,,,,,1.6,,,RD234,,,
,05-07-2026,,,,,Waiting,,,,,,4.22,,,RD234,,,
,05-07-2026,,,,,Spotting,,,,,,0.23,,,RD234,,,
,05-07-2026,,,,,LU Loading,,,,,,2.12,,,RD234,,,
,05-07-2026,,,,,Waiting,,,,,,4.35,,,RD234,,,
,05-07-2026,,,,,LU Loading,,,,,,2.02,,,RD234,,,
,05-07-2026,,,,,Waiting,,,,,,4.05,,,RD234,,,
,05-07-2026,,,,,LU Loading,,,,,,1.73,,,RD234,,,
,05-07-2026,,,,,Waiting,,,,,,24.62,,,RD227,,,
,05-07-2026,,,,,LU Loading,,,,,,2.15,,,RD227,,,
,05-07-2026,,,,,Waiting,,,,,,11.58,,,RD227,,,
,05-07-2026,,,,,LU Loading,,,,,,3.57,,,RD227,,,
,05-07-2026,,,,,Waiting,,,,,,4.58,,,RD227,,,
,05-07-2026,,,,,LU Loading,,,,,,0.87,,,RD227,,,
,05-07-2026,,,,,Waiting,,,,,,22.68,,,RD235,,,
,05-07-2026,,,,,Shift Change,,,,,,24.4,,,RD235,,,
,05-07-2026,,,,,,,,,,,,,,,,,
,Timestamp,,,,,Status Code,,Sub-Status Code,,,,"Duration
(min)",,,Hauling Unit,,,
,05-07-2026,,,,,Shift Change,,,,,,60.97,,,RD235,,,
,05-07-2026,,,,,Waiting,,,,,,0.58,,,RD235,,,
,05-07-2026,,,,,LU Loading,,,,,,0.1,,,RD235,,,
,05-07-2026,,,,,Waiting,,,,,,18.43,,,RD231,,,
,05-07-2026,,,,,LU Loading,,,,,,0.1,,,RD231,,,
,05-07-2026,,,,,Waiting,,,,,,0.97,,,RD235,,,
,05-07-2026,,,,,LU Loading,,,,,,0.07,,,RD235,,,
,05-07-2026,,,,,Waiting,,,,,,3.53,,,RD233,,,
,05-07-2026,,,,,LU Loading,,,,,,4.4,,,RD233,,,
,05-07-2026,,,,,Waiting,,,,,,0.93,,,RD253,,,
,05-07-2026,,,,,LU Loading,,,,,,3.92,,,RD253,,,
,05-07-2026,,,,,Waiting,,,,,,5,,,RD235,,,
,05-07-2026,,,,,LU Loading,,,,,,3.25,,,RD235,,,
,05-07-2026,,,,,Waiting,,,,,,1.28,,,RD233,,,
,05-07-2026,,,,,LU Loading,,,,,,0.05,,,RD233,,,
,05-07-2026,,,,,LU Loading,,,,,,3.28,,,RD233,,,
,05-07-2026,,,,,Waiting,,,,,,0.85,,,RD253,,,
,05-07-2026,,,,,LU Loading,,,,,,0.05,,,RD253,,,
,05-07-2026,,,,,LU Loading,,,,,,3.3,,,RD253,,,
,05-07-2026,,,,,Waiting,,,,,,0.9,,,RD231,,,
,05-07-2026,,,,,LU Loading,,,,,,3.77,,,RD231,,,
,05-07-2026,,,,,Waiting,,,,,,0.02,,,RD235,,,
,05-07-2026,,,,,LU Loading,,,,,,4.25,,,RD235,,,
,05-07-2026,,,,,Waiting,,,,,,1.2,,,RD233,,,
,05-07-2026,,,,,LU Loading,,,,,,3.63,,,RD233,,,
,05-07-2026,,,,,Waiting,,,,,,0.05,,,RD253,,,
,05-07-2026,,,,,LU Loading,,,,,,0.95,,,RD253,,,
,05-07-2026,,,,,LU Loading,,,,,,4.03,,,RD253,,,
,05-07-2026,,,,,Waiting,,,,,,0.62,,,RD231,,,
,05-07-2026,,,,,LU Loading,,,,,,3.85,,,RD231,,,
,05-07-2026,,,,,Waiting,,,,,,0.17,,,RD235,,,
,05-07-2026,,,,,LU Loading,,,,,,3.95,,,RD235,,,
,05-07-2026,,,,,Waiting,,,,,,1.07,,,RD233,,,
,05-07-2026,,,,,LU Loading,,,,,,0.13,,,RD233,,,
,05-07-2026,,,,,LU Loading,,,,,,3.45,,,RD233,,,
,05-07-2026,,,,,Waiting,,,,,,9.3,,,RD231,,,
,05-07-2026,,,,,LU Loading,,,,,,1.6,,,RD231,,,
,05-07-2026,,,,,Waiting,,,,,,0.02,,,RD235,,,
,05-07-2026,,,,,LU Loading,,,,,,3.3,,,RD235,,,
,05-07-2026,,,,,Waiting,,,,,,0.33,,,RD233,,,
,05-07-2026,,,,,LU Loading,,,,,,4.28,,,RD233,,,
,05-07-2026,,,,,Waiting,,,,,,4.3,,,RD241,,,
,05-07-2026,,,,,LU Loading,,,,,,0.77,,,RD241,,,
,05-07-2026,,,,,Waiting,,,,,,0.53,,,RD241,,,
,05-07-2026,,,,,LU Loading,,,,,,5.33,,,RD241,,,
,05-07-2026,,,,,Waiting,,,,,,3.45,,,RD233,,,
,05-07-2026,,,,,LU Loading,,,,,,0.4,,,RD233,,,
,05-07-2026,,,,,Waiting,,,,,,0.12,,,RD233,,,
,05-07-2026,,,,,LU Loading,,,,,,3.85,,,RD233,,,
,05-07-2026,,,,,Waiting,,,,,,0.35,,,RD241,,,
,05-07-2026,,,,,LU Loading,,,,,,4.37,,,RD241,,,
,05-07-2026,,,,,Waiting,,,,,,2.6,,,RD233,,,
,05-07-2026,,,,,LU Loading,,,,,,0.5,,,RD233,,,
,05-07-2026,,,,,Waiting,,,,,,0.13,,,RD233,,,
,05-07-2026,,,,,LU Loading,,,,,,3.75,,,RD233,,,
,05-07-2026,,,,,Waiting,,,,,,44.1,,,RD226,,,
,05-07-2026,,,,,Schedule No Work,,,,,,113.13,,,RD226,,,
,05-07-2026,,,,,Waiting,,,,,,107.3,,,RD226,,,
,05-07-2026,,,,,Shift Change,,,,,,23.08,,,RD226,,,
,05-07-2026,,,,,Shift Change,,,,,,177.9,,,RD226,,,
,05-07-2026,,,,,Schedule No Work,,,,,,29.38,,,RD226,,,
,05-07-2026,,,,,Meeting,,,,,,9.78,,,RD226,,,
,05-07-2026,,,,,Waiting,,,,,,13.17,,,RD226,,,
,05-07-2026,,,,,Spotting,,,,,,1.93,,,RD226,,,
,05-07-2026,,,,,LU Loading,,,,,,4.4,,,RD226,,,
,05-07-2026,,,,,Waiting,,,,,,1.63,,,RD244,,,
,05-07-2026,,,,,Spotting,,,,,,0.43,,,RD244,,,
,05-07-2026,,,,,LU Loading,,,,,,3.45,,,RD244,,,
,05-07-2026,,,,,Waiting,,,,,,0.38,,,RD242,,,
,05-07-2026,,,,,LU Loading,,,,,,0.2,,,RD242,,,
,05-07-2026,,,,,Waiting,,,,,,0.3,,,RD242,,,
,05-07-2026,,,,,LU Loading,,,,,,2.92,,,RD242,,,
,05-07-2026,,,,,Waiting,,,,,,1.7,,,RD226,,,
,05-07-2026,,,,,LU Loading,,,,,,0.02,,,RD226,,,
,05-07-2026,,,,,Waiting,,,,,,9.22,,,RD244,,,
,05-07-2026,,,,,LU Loading,,,,,,2.75,,,RD244,,,
,05-07-2026,,,,,Waiting,,,,,,1.28,,,RD242,,,
,05-07-2026,,,,,LU Loading,,,,,,3.02,,,RD242,,,
,05-07-2026,,,,,Waiting,,,,,,0.37,,,RD226,,,
,05-07-2026,,,,,LU Loading,,,,,,0.53,,,RD226,,,
,05-07-2026,,,,,Waiting,,,,,,0.08,,,RD226,,,
,05-07-2026,,,,,LU Loading,,,,,,3.1,,,RD226,,,
,05-07-2026,,,,,Waiting,,,,,,8.9,,,RD226,,,
,05-07-2026,,,,,LU Loading,,,,,,0.22,,,RD226,,,
,05-07-2026,,,,,Waiting,,,,,,0.28,,,RD226,,,
,05-07-2026,,,,,LU Loading,,,,,,3.6,,,RD226,,,
,05-07-2026,,,,,Waiting,,,,,,5.37,,,RD242,,,
,05-07-2026,,,,,LU Loading,,,,,,0.2,,,RD242,,,
,05-07-2026,,,,,Waiting,,,,,,4.52,,,RD226,,,
,05-07-2026,,,,,LU Loading,,,,,,4.15,,,RD226,,,
,05-07-2026,,,,,Waiting,,,,,,0.88,,,RD244,,,
,05-07-2026,,,,,LU Loading,,,,,,3.3,,,RD244,,,
,05-07-2026,,,,,Waiting,,,,,,0.9,,,RD242,,,
,05-07-2026,,,,,LU Loading,,,,,,0.22,,,RD242,,,
,05-07-2026,,,,,Waiting,,,,,,5.62,,,RD226,,,
,05-07-2026,,,,,LU Loading,,,,,,3.32,,,RD226,,,
,05-07-2026,,,,,Waiting,,,,,,5.7,,,RD242,,,
,05-07-2026,,,,,LU Loading,,,,,,2.83,,,RD242,,,
,05-07-2026,,,,,Waiting,,,,,,6.28,,,RD244,,,
,05-07-2026,,,,,LU Loading,,,,,,2.08,,,RD244,,,
,05-07-2026,,,,,Waiting,,,,,,2.7,,,RD242,,,
,05-07-2026,,,,,LU Loading,,,,,,3.33,,,RD242,,,
,05-07-2026,,,,,Waiting,,,,,,7.5,,,RD242,,,
,05-07-2026,,,,,Spotting,,,,,,0.35,,,RD242,,,
,05-07-2026,,,,,LU Loading,,,,,,3.97,,,RD242,,,
,05-07-2026,,,,,Waiting,,,,,,1.95,,,RD226,,,
,05-07-2026,,,,,Spotting,,,,,,0.38,,,RD226,,,
,05-07-2026,,,,,LU Loading,,,,,,3.73,,,RD226,,,
,05-07-2026,,,,,Waiting,,,,,,5.62,,,RD242,,,
,05-07-2026,,,,,LU Loading,,,,,,5.58,,,RD242,,,
,05-07-2026,,,,,LU Loading,,,,,,3.08,,,RD226,,,
,05-07-2026,,,,,Waiting,,,,,,1.3,,,RD244,,,
,05-07-2026,,,,,Spotting,,,,,,1.18,,,RD244,,,
,05-07-2026,,,,,LU Loading,,,,,,2,,,RD244,,,
,05-07-2026,,,,,Waiting,,,,,,0.7,,,RD242,,,
,05-07-2026,,,,,LU Loading,,,,,,4.17,,,RD242,,,
,05-07-2026,,,,,Waiting,,,,,,0.15,,,RD226,,,
,05-07-2026,,,,,Spotting,,,,,,1.25,,,RD226,,,
,05-07-2026,,,,,LU Loading,,,,,,3.3,,,RD226,,,
,05-07-2026,,,,,Waiting,,,,,,0.85,,,RD244,,,
,05-07-2026,,,,,LU Loading,,,,,,3.87,,,RD244,,,
,05-07-2026,,,,,Waiting,,,,,,3.08,,,RD242,,,
,05-07-2026,,,,,Spotting,,,,,,0.27,,,RD242,,,
,05-07-2026,,,,,LU Loading,,,,,,1.6,,,RD242,,,
,05-07-2026,,,,,Waiting,,,,,,0.47,,,RD242,,,
,05-07-2026,,,,,LU Loading,,,,,,2.13,,,RD242,,,
,05-07-2026,,,,,Waiting,,,,,,0.78,,,RD226,,,
,05-07-2026,,,,,LU Loading,,,,,,3.37,,,RD226,,,
,05-07-2026,,,,,Waiting,,,,,,1.67,,,RD244,,,
,05-07-2026,,,,,Spotting,,,,,,0.22,,,RD244,,,
,05-07-2026,,,,,LU Loading,,,,,,3.62,,,RD244,,,
,05-07-2026,,,,,Waiting,,,,,,1.78,,,RD242,,,
,05-07-2026,,,,,LU Loading,,,,,,2.9,,,RD242,,,
,05-07-2026,,,,,Waiting,,,,,,6.78,,,RD241,,,
,05-07-2026,,,,,Side Casting,,,,,,3.67,,,RD241,,,
,05-07-2026,,,,,Marching,,,,,,36.62,,,RD241,,,
,05-07-2026,,,,,Shift Change,,,,,,27.77,,,RD241,,,
,05-07-2026,,,,,Shift Change,,,,,,38.05,,,RD241,,,
,05-07-2026,,,,,Waiting,,,,,,5.63,,,RD241,,,
,05-07-2026,,,,,LU Loading,,,,,,3.82,,,RD241,,,
,05-07-2026,,,,,Waiting,,,,,,0.97,,,RD226,,,
,05-07-2026,,,,,LU Loading,,,,,,3.18,,,RD226,,,
,05-07-2026,,,,,Waiting,,,,,,0.77,,,RD126,,,
,05-07-2026,,,,,LU Loading,,,,,,3.33,,,RD126,,,
,05-07-2026,,,,,Waiting,,,,,,0.52,,,RD141,,,
,05-07-2026,,,,,Spotting,,,,,,0.78,,,RD141,,,
,05-07-2026,,,,,LU Loading,,,,,,4.65,,,RD141,,,
,05-07-2026,,,,,Waiting,,,,,,0.52,,,RD229,,,
,05-07-2026,,,,,Spotting,,,,,,0.57,,,RD229,,,
,05-07-2026,,,,,LU Loading,,,,,,5.1,,,RD229,,,
,05-07-2026,,,,,Waiting,,,,,,6.32,,,RD227,,,
,05-07-2026,,,,,Spotting,,,,,,0.73,,,RD227,,,
,05-07-2026,,,,,LU Loading,,,,,,5.75,,,RD227,,,
,05-07-2026,,,,,Waiting,,,,,,1.03,,,RD241,,,
,05-07-2026,,,,,Spotting,,,,,,0.38,,,RD241,,,
,05-07-2026,,,,,LU Loading,,,,,,3.75,,,RD241,,,
,05-07-2026,,,,,Waiting,,,,,,6.58,,,RD226,,,
,05-07-2026,,,,,Spotting,,,,,,0.88,,,RD226,,,
,05-07-2026,,,,,LU Loading,,,,,,6.38,,,RD226,,,
,05-07-2026,,,,,Waiting,,,,,,0.88,,,RD126,,,
,05-07-2026,,,,,Spotting,,,,,,0.33,,,RD126,,,
,05-07-2026,,,,,LU Loading,,,,,,4.38,,,RD126,,,
,05-07-2026,,,,,Waiting,,,,,,1.38,,,RD141,,,
,05-07-2026,,,,,LU Loading,,,,,,4.63,,,RD141,,,
,05-07-2026,,,,,Waiting,,,,,,1.22,,,RD229,,,
,05-07-2026,,,,,Spotting,,,,,,0.57,,,RD229,,,
,05-07-2026,,,,,LU Loading,,,,,,3.93,,,RD229,,,
,05-07-2026,,,,,Waiting,,,,,,1.45,,,RD241,,,
,05-07-2026,,,,,Spotting,,,,,,1.38,,,RD241,,,
,05-07-2026,,,,,LU Loading,,,,,,4.53,,,RD241,,,
,06-07-2026,,,,,Marching,,,,,,243.97,,,RD239,,,
,06-07-2026,,,,,Schedule No Work,,,,,,111.63,,,RD239,,,
,06-07-2026,,,,,,,,,,,,,,,,,
,Timestamp,,,,,Status Code,,Sub-Status Code,,,,"Duration
(min)",,,Hauling Unit,,,
,06-07-2026,,,,,Schedule No Work,,,,,,27.35,,,RD239,,,
,06-07-2026,,,,,Marching,,,,,,17.37,,,RD239,,,
,06-07-2026,,,,,LU Loading,,,,,,3.22,,,RD239,,,
,06-07-2026,,,,,Waiting,,,,,,7.12,,,RD226,,,
,06-07-2026,,,,,LU Loading,,,,,,0.48,,,RD226,,,
,06-07-2026,,,,,Waiting,,,,,,0.22,,,RD242,,,
,06-07-2026,,,,,Marching,,,,,,6.9,,,RD242,,,
,06-07-2026,,,,,LU Loading,,,,,,4.37,,,RD242,,,
,06-07-2026,,,,,LU Loading,,,,,,2.85,,,RD251,,,
,06-07-2026,,,,,Waiting,,,,,,0.65,,,RD236,,,
,06-07-2026,,,,,LU Loading,,,,,,4.13,,,RD236,,,
,06-07-2026,,,,,Waiting,,,,,,0.23,,,RD242,,,
,06-07-2026,,,,,Fuel Filling,,,,,,3.98,,,RD242,,,
,06-07-2026,,,,,Waiting,,,,,,0.38,,,RD242,,,
,06-07-2026,,,,,Spotting,,,,,,0.72,,,RD242,,,
,06-07-2026,,,,,LU Loading,,,,,,4.48,,,RD242,,,
,06-07-2026,,,,,LU Loading,,,,,,4.72,,,RD251,,,
,06-07-2026,,,,,Waiting,,,,,,0.03,,,RD236,,,
,06-07-2026,,,,,Spotting,,,,,,0.15,,,RD236,,,
,06-07-2026,,,,,LU Loading,,,,,,2.95,,,RD236,,,
,06-07-2026,,,,,Waiting,,,,,,3.18,,,RD251,,,
,06-07-2026,,,,,LU Loading,,,,,,5.42,,,RD251,,,
,06-07-2026,,,,,Waiting,,,,,,0.73,,,RD236,,,
,06-07-2026,,,,,LU Loading,,,,,,3.35,,,RD236,,,
,06-07-2026,,,,,LU Loading,,,,,,3.1,,,RD242,,,
,06-07-2026,,,,,Waiting,,,,,,0.87,,,RD251,,,
,06-07-2026,,,,,LU Loading,,,,,,3.42,,,RD251,,,
,06-07-2026,,,,,Waiting,,,,,,0.17,,,RD236,,,
,06-07-2026,,,,,Spotting,,,,,,0.32,,,RD236,,,
,06-07-2026,,,,,LU Loading,,,,,,1.3,,,RD236,,,
,06-07-2026,,,,,Waiting,,,,,,0.55,,,RD242,,,
,06-07-2026,,,,, Down,,,,,,6.98,,,RD242,,,
,06-07-2026,,,,,Waiting,,,,,,2.5,,,RD242,,,
,06-07-2026,,,,,LU Loading,,,,,,4.95,,,RD242,,,
,06-07-2026,,,,,LU Loading,,,,,,3.23,,,RD251,,,
,06-07-2026,,,,,Waiting,,,,,,0.27,,,RD236,,,
,06-07-2026,,,,,Spotting,,,,,,0.67,,,RD236,,,
,06-07-2026,,,,,LU Loading,,,,,,3.7,,,RD236,,,
,06-07-2026,,,,,LU Loading,,,,,,9.67,,,RD242,,,
,06-07-2026,,,,,LU Loading,,,,,,4.23,,,RD251,,,
,06-07-2026,,,,,Waiting,,,,,,4.85,,,RD236,,,
,06-07-2026,,,,, Down,,,,,,11.02,,,RD236,,,
,06-07-2026,,,,,Spotting,,,,,,2.12,,,RD236,,,
,06-07-2026,,,,,LU Loading,,,,,,3.22,,,RD236,,,
,06-07-2026,,,,,LU Loading,,,,,,5.02,,,RD251,,,
,06-07-2026,,,,,Waiting,,,,,,1.6,,,RD240,,,
,06-07-2026,,,,,LU Loading,,,,,,4.3,,,RD240,,,
,06-07-2026,,,,,Waiting,,,,,,0.52,,,RD239,,,
,06-07-2026,,,,,Spotting,,,,,,0.35,,,RD239,,,
,06-07-2026,,,,,LU Loading,,,,,,4.97,,,RD239,,,
,06-07-2026,,,,,Waiting,,,,,,0.92,,,RD251,,,
,06-07-2026,,,,,Spotting,,,,,,0.47,,,RD251,,,
,06-07-2026,,,,,LU Loading,,,,,,4.52,,,RD251,,,
,06-07-2026,,,,,Waiting,,,,,,0.27,,,RD240,,,
,06-07-2026,,,,,Spotting,,,,,,1.08,,,RD240,,,
,06-07-2026,,,,,LU Loading,,,,,,3.82,,,RD240,,,
,06-07-2026,,,,,Waiting,,,,,,0.2,,,RD239,,,
,06-07-2026,,,,,Spotting,,,,,,1.45,,,RD239,,,
,06-07-2026,,,,,LU Loading,,,,,,3.47,,,RD239,,,
,06-07-2026,,,,,Waiting,,,,,,8.9,,,RD242,,,
,06-07-2026,,,,,Tea/ Breakfast / Snacks,,,,,,64.63,,,RD242,,,
,06-07-2026,,,,,Face Prep,,,,,,4.85,,,RD242,,,
,06-07-2026,,,,,Waiting,,,,,,0.15,,,RD242,,,
,06-07-2026,,,,,LU Loading,,,,,,3.6,,,RD242,,,
,06-07-2026,,,,,Waiting,,,,,,3.5,,,RD236,,,
,06-07-2026,,,,,LU Loading,,,,,,8.38,,,RD236,,,
,06-07-2026,,,,,Waiting,,,,,,0.63,,,RD242,,,
,06-07-2026,,,,,Spotting,,,,,,0.73,,,RD242,,,
,06-07-2026,,,,,LU Loading,,,,,,3.22,,,RD242,,,
,06-07-2026,,,,,Waiting,,,,,,1.82,,,RD239,,,
,06-07-2026,,,,,LU Loading,,,,,,5.92,,,RD239,,,
,06-07-2026,,,,,Waiting,,,,,,2.07,,,RD236,,,
,06-07-2026,,,,,LU Loading,,,,,,7.37,,,RD236,,,
,06-07-2026,,,,,Waiting,,,,,,1.92,,,RD242,,,
,06-07-2026,,,,,LU Loading,,,,,,7.23,,,RD242,,,
,06-07-2026,,,,,Waiting,,,,,,0.33,,,RD239,,,
,06-07-2026,,,,,Spotting,,,,,,1.42,,,RD239,,,
,06-07-2026,,,,,LU Loading,,,,,,7.32,,,RD239,,,
,06-07-2026,,,,,LU Loading,,,,,,8.82,,,RD236,,,
,06-07-2026,,,,,Waiting,,,,,,6.5,,,RD242,,,
,06-07-2026,,,,,Spotting,,,,,,0.32,,,RD242,,,
,06-07-2026,,,,,LU Loading,,,,,,4.93,,,RD242,,,
,06-07-2026,,,,,Waiting,,,,,,1.85,,,RD239,,,
,06-07-2026,,,,,LU Loading,,,,,,6.27,,,RD239,,,
,06-07-2026,,,,,Waiting,,,,,,2.3,,,RD236,,,
,06-07-2026,,,,,Spotting,,,,,,0.37,,,RD236,,,
,06-07-2026,,,,,LU Loading,,,,,,3.98,,,RD236,,,
,06-07-2026,,,,,Waiting,,,,,,1.9,,,RD242,,,
,06-07-2026,,,,,LU Loading,,,,,,4.43,,,RD242,,,
,06-07-2026,,,,,Waiting,,,,,,1.98,,,RD239,,,
,06-07-2026,,,,,Spotting,,,,,,0.2,,,RD239,,,
,06-07-2026,,,,,LU Loading,,,,,,4.85,,,RD239,,,
,06-07-2026,,,,,Waiting,,,,,,6.88,,,RD236,,,
,06-07-2026,,,,,LU Loading,,,,,,6.12,,,RD236,,,
,06-07-2026,,,,,Waiting,,,,,,18,,,RD242,,,
,06-07-2026,,,,,LU Loading,,,,,,4.78,,,RD242,,,
,06-07-2026,,,,,LU Loading,,,,,,3.62,,,RD239,,,
,06-07-2026,,,,,Waiting,,,,,,0.18,,,RD236,,,
,06-07-2026,,,,,Spotting,,,,,,0.58,,,RD236,,,
,06-07-2026,,,,,LU Loading,,,,,,3.77,,,RD236,,,
,06-07-2026,,,,,Waiting,,,,,,26.5,,,RD242,,,
,06-07-2026,,,,,Shift Change,,,,,,21.85,,,RD242,,,
,06-07-2026,,,,,Shift Change,,,,,,63.65,,,RD242,,,
,06-07-2026,,,,,Marching,,,,,,48.08,,,RD242,,,
,06-07-2026,,,,, Down,,,,,,107.77,,,RD242,,,
,06-07-2026,,,,,Schedule No Work,,,,,,78.78,,,RD242,,,
,06-07-2026,,,,,Marching,,,,,,3.22,,,RD242,,,
,06-07-2026,,,,,LU Loading,,,,,,1.43,,,RD242,,,
,06-07-2026,,,,,Waiting,,,,,,13.37,,,RD229,,,
,06-07-2026,,,,,LU Loading,,,,,,3.32,,,RD229,,,
,06-07-2026,,,,,Waiting,,,,,,0.63,,,RD236,,,
,06-07-2026,,,,,LU Loading,,,,,,3.13,,,RD236,,,
,06-07-2026,,,,,Waiting,,,,,,0.53,,,RD247,,,
,06-07-2026,,,,,LU Loading,,,,,,3.17,,,RD247,,,
,06-07-2026,,,,,Spotting,,,,,,0.45,,,RD229,,,
,06-07-2026,,,,,LU Loading,,,,,,4.38,,,RD229,,,
,06-07-2026,,,,,Spotting,,,,,,0.7,,,RD236,,,
,06-07-2026,,,,,LU Loading,,,,,,5.27,,,RD236,,,
,06-07-2026,,,,,Spotting,,,,,,0.57,,,RD247,,,
,06-07-2026,,,,,LU Loading,,,,,,3.68,,,RD247,,,
,06-07-2026,,,,,Waiting,,,,,,0.93,,,RD229,,,
,06-07-2026,,,,,Spotting,,,,,,1.27,,,RD229,,,
,06-07-2026,,,,,LU Loading,,,,,,4.68,,,RD229,,,
,06-07-2026,,,,,Waiting,,,,,,0.73,,,RD236,,,
,06-07-2026,,,,,LU Loading,,,,,,4.87,,,RD236,,,
,06-07-2026,,,,,Waiting,,,,,,1.57,,,RD247,,,
,06-07-2026,,,,,LU Loading,,,,,,3.68,,,RD247,,,
,06-07-2026,,,,,Waiting,,,,,,0.63,,,RD229,,,
,06-07-2026,,,,,Spotting,,,,,,1.08,,,RD229,,,
,06-07-2026,,,,,LU Loading,,,,,,5.92,,,RD229,,,
,06-07-2026,,,,,Waiting,,,,,,0.52,,,RD236,,,
,06-07-2026,,,,,Spotting,,,,,,0.28,,,RD236,,,
,06-07-2026,,,,,LU Loading,,,,,,2.8,,,RD236,,,
,06-07-2026,,,,,LU Loading,,,,,,4.52,,,RD247,,,
,06-07-2026,,,,,Waiting,,,,,,0.4,,,RD229,,,
,06-07-2026,,,,,Spotting,,,,,,0.93,,,RD229,,,
,06-07-2026,,,,,LU Loading,,,,,,3.55,,,RD229,,,
,06-07-2026,,,,,Waiting,,,,,,1.87,,,RD247,,,
,06-07-2026,,,,,LU Loading,,,,,,2.5,,,RD247,,,
,06-07-2026,,,,,Waiting,,,,,,1.07,,,RD229,,,
,06-07-2026,,,,,LU Loading,,,,,,4.42,,,RD229,,,
,06-07-2026,,,,,Waiting,,,,,,5.57,,,RD247,,,
,06-07-2026,,,,,LU Loading,,,,,,3.72,,,RD247,,,
,06-07-2026,,,,,Waiting,,,,,,0.38,,,RD229,,,
,06-07-2026,,,,,Spotting,,,,,,1.1,,,RD229,,,
,06-07-2026,,,,,LU Loading,,,,,,3.67,,,RD229,,,
,06-07-2026,,,,,Waiting,,,,,,4.53,,,RD247,,,
,06-07-2026,,,,,LU Loading,,,,,,3.47,,,RD247,,,
,06-07-2026,,,,,Waiting,,,,,,0.88,,,RD229,,,
,06-07-2026,,,,,LU Loading,,,,,,4.75,,,RD229,,,
,06-07-2026,,,,,Waiting,,,,,,1.08,,,RD247,,,
,06-07-2026,,,,,Spotting,,,,,,0.33,,,RD247,,,
,06-07-2026,,,,,LU Loading,,,,,,3.7,,,RD247,,,
,06-07-2026,,,,,Waiting,,,,,,1.87,,,RD229,,,
,06-07-2026,,,,,LU Loading,,,,,,4.97,,,RD229,,,
,06-07-2026,,,,,Waiting,,,,,,1.48,,,RD247,,,
,06-07-2026,,,,,Spotting,,,,,,2.13,,,RD247,,,
,06-07-2026,,,,,LU Loading,,,,,,3.9,,,RD247,,,
,06-07-2026,,,,,Waiting,,,,,,0.75,,,RD229,,,
,06-07-2026,,,,,LU Loading,,,,,,4.42,,,RD229,,,
,06-07-2026,,,,,Waiting,,,,,,5.7,,,RD218,,,
,06-07-2026,,,,,Shift Change,,,,,,31.25,,,RD218,,,
,06-07-2026,,,,,Shift Change,,,,,,68.3,,,RD218,,,
,06-07-2026,,,,,Schedule No Work,,,,,,20.95,,,RD218,,,
,06-07-2026,,,,,LU Loading,,,,,,33.18,,,RD218,,,
,07-07-2026,,,,,Schedule No Work,,,,,,357.57,,,RD229,,,
,07-07-2026,,,,,,,,,,,,,,,,,
,Timestamp,,,,,Status Code,,Sub-Status Code,,,,"Duration
(min)",,,Hauling Unit,,,
,07-07-2026,,,,,Schedule No Work,,,,,,51.48,,,RD229,,,
,07-07-2026,,,,,Waiting,,,,,,5.62,,,RD229,,,
,07-07-2026,,,,,LU Loading,,,,,,5.48,,,RD229,,,
,07-07-2026,,,,,LU Loading,,,,,,4.32,,,RD252,,,
,07-07-2026,,,,,Waiting,,,,,,1.37,,,RD229,,,
,07-07-2026,,,,,LU Loading,,,,,,6.87,,,RD229,,,
,07-07-2026,,,,,LU Loading,,,,,,5.37,,,RD252,,,
,07-07-2026,,,,,Waiting,,,,,,0.53,,,RD229,,,
,07-07-2026,,,,,LU Loading,,,,,,6.07,,,RD229,,,
,07-07-2026,,,,,Waiting,,,,,,0.32,,,RD252,,,
,07-07-2026,,,,,Spotting,,,,,,0.13,,,RD252,,,
,07-07-2026,,,,,LU Loading,,,,,,5.12,,,RD252,,,
,07-07-2026,,,,,Waiting,,,,,,0.18,,,RD229,,,
,07-07-2026,,,,,Spotting,,,,,,0.5,,,RD229,,,
,07-07-2026,,,,,LU Loading,,,,,,2.28,,,RD229,,,
,07-07-2026,,,,,Waiting,,,,,,2.15,,,RD252,,,
,07-07-2026,,,,,LU Loading,,,,,,0.02,,,RD252,,,
,07-07-2026,,,,,Waiting,,,,,,0.08,,,RD252,,,
,07-07-2026,,,,,LU Loading,,,,,,2.28,,,RD252,,,
,07-07-2026,,,,,Spotting,,,,,,0.75,,,RD229,,,
,07-07-2026,,,,,LU Loading,,,,,,3.1,,,RD229,,,
,07-07-2026,,,,,Waiting,,,,,,3.05,,,RD252,,,
,07-07-2026,,,,,LU Loading,,,,,,2.4,,,RD252,,,
,07-07-2026,,,,,Waiting,,,,,,0.65,,,RD229,,,
,07-07-2026,,,,,LU Loading,,,,,,3.38,,,RD229,,,
,07-07-2026,,,,,Waiting,,,,,,1.8,,,RD252,,,
,07-07-2026,,,,,LU Loading,,,,,,2.42,,,RD252,,,
,07-07-2026,,,,,Waiting,,,,,,0.9,,,RD229,,,
,07-07-2026,,,,,Spotting,,,,,,1.07,,,RD229,,,
,07-07-2026,,,,,LU Loading,,,,,,4.98,,,RD229,,,
,07-07-2026,,,,,Spotting,,,,,,2.17,,,RD252,,,
,07-07-2026,,,,,LU Loading,,,,,,3.37,,,RD252,,,
,07-07-2026,,,,,Waiting,,,,,,0.37,,,RD229,,,
,07-07-2026,,,,,Marching,,,,,,1.92,,,RD229,,,
,07-07-2026,,,,,LU Loading,,,,,,3.97,,,RD229,,,
,07-07-2026,,,,,Waiting,,,,,,3.98,,,RD252,,,
,07-07-2026,,,,,Spotting,,,,,,0.78,,,RD252,,,
,07-07-2026,,,,,LU Loading,,,,,,2.62,,,RD252,,,
,07-07-2026,,,,,Spotting,,,,,,1.68,,,RD229,,,
,07-07-2026,,,,,LU Loading,,,,,,2.57,,,RD229,,,
,07-07-2026,,,,,Waiting,,,,,,9.45,,,RD252,,,
,07-07-2026,,,,,LU Loading,,,,,,3.55,,,RD252,,,
,07-07-2026,,,,,Spotting,,,,,,1.93,,,RD229,,,
,07-07-2026,,,,,LU Loading,,,,,,1.43,,,RD229,,,
,07-07-2026,,,,,Waiting,,,,,,0.75,,,RD252,,,
,07-07-2026,,,,,LU Loading,,,,,,2.53,,,RD252,,,
,07-07-2026,,,,,Waiting,,,,,,2.15,,,RD229,,,
,07-07-2026,,,,,LU Loading,,,,,,2.47,,,RD229,,,
,07-07-2026,,,,,Waiting,,,,,,0.9,,,RD252,,,
,07-07-2026,,,,,LU Loading,,,,,,2.6,,,RD252,,,
,07-07-2026,,,,,Waiting,,,,,,0.95,,,RD229,,,
,07-07-2026,,,,,Spotting,,,,,,1.12,,,RD229,,,
,07-07-2026,,,,,LU Loading,,,,,,2.98,,,RD229,,,
,07-07-2026,,,,,Waiting,,,,,,2.42,,,RD252,,,
,07-07-2026,,,,, Down,,,,,,12.03,,,RD252,,,
,07-07-2026,,,,,Waiting,,,,,,1.68,,,RD252,,,
,07-07-2026,,,,,LU Loading,,,,,,13.08,,,RD252,,,
,07-07-2026,,,,,LU Loading,,,,,,3.3,,,RD252,,,
,07-07-2026,,,,,Waiting,,,,,,2.45,,,RD229,,,
,07-07-2026,,,,,LU Loading,,,,,,2.42,,,RD229,,,
,07-07-2026,,,,,Waiting,,,,,,0.83,,,RD252,,,
,07-07-2026,,,,,Spotting,,,,,,4.32,,,RD252,,,
,07-07-2026,,,,,LU Loading,,,,,,3.77,,,RD252,,,
,07-07-2026,,,,,Spotting,,,,,,2.73,,,RD229,,,
,07-07-2026,,,,,LU Loading,,,,,,3.68,,,RD229,,,
,07-07-2026,,,,,Spotting,,,,,,1.62,,,RD252,,,
,07-07-2026,,,,,LU Loading,,,,,,4.58,,,RD252,,,
,07-07-2026,,,,,Waiting,,,,,,2.32,,,RD229,,,
,07-07-2026,,,,,Spotting,,,,,,0.85,,,RD229,,,
,07-07-2026,,,,,LU Loading,,,,,,3.8,,,RD229,,,
,07-07-2026,,,,,Spotting,,,,,,9.75,,,RD252,,,
,07-07-2026,,,,,LU Loading,,,,,,3.35,,,RD252,,,
,07-07-2026,,,,,Spotting,,,,,,1.15,,,RD229,,,
,07-07-2026,,,,,LU Loading,,,,,,3.73,,,RD229,,,
,07-07-2026,,,,,Waiting,,,,,,0.68,,,RD252,,,
,07-07-2026,,,,,LU Loading,,,,,,2.57,,,RD252,,,
,07-07-2026,,,,,Spotting,,,,,,2.45,,,RD229,,,
,07-07-2026,,,,,LU Loading,,,,,,2.73,,,RD229,,,
,07-07-2026,,,,,Waiting,,,,,,0.65,,,RD252,,,
,07-07-2026,,,,,LU Loading,,,,,,2.13,,,RD252,,,
,07-07-2026,,,,,Waiting,,,,,,0.62,,,RD229,,,
,07-07-2026,,,,,LU Loading,,,,,,3.95,,,RD229,,,
,07-07-2026,,,,,Spotting,,,,,,0.35,,,RD252,,,
,07-07-2026,,,,,LU Loading,,,,,,2.58,,,RD252,,,
,07-07-2026,,,,,Waiting,,,,,,0.53,,,RD229,,,
,07-07-2026,,,,,Spotting,,,,,,0.37,,,RD229,,,
,07-07-2026,,,,,LU Loading,,,,,,2.92,,,RD229,,,
,07-07-2026,,,,,Spotting,,,,,,0.6,,,RD252,,,
,07-07-2026,,,,,LU Loading,,,,,,2.08,,,RD252,,,
,07-07-2026,,,,,Waiting,,,,,,0.88,,,RD229,,,
,07-07-2026,,,,,LU Loading,,,,,,2.73,,,RD229,,,
,07-07-2026,,,,,Waiting,,,,,,0.75,,,RD252,,,
,07-07-2026,,,,,LU Loading,,,,,,1.92,,,RD252,,,
,07-07-2026,,,,,Waiting,,,,,,0.42,,,RD229,,,
,07-07-2026,,,,,LU Loading,,,,,,1.93,,,RD229,,,
,07-07-2026,,,,,Waiting,,,,,,1.82,,,RD252,,,
,07-07-2026,,,,,LU Loading,,,,,,1.83,,,RD252,,,
,07-07-2026,,,,,Waiting,,,,,,0.55,,,RD229,,,
,07-07-2026,,,,,LU Loading,,,,,,2.75,,,RD229,,,
,07-07-2026,,,,,Waiting,,,,,,0.68,,,RD252,,,
,07-07-2026,,,,,LU Loading,,,,,,2.7,,,RD252,,,
,07-07-2026,,,,,Waiting,,,,,,0.3,,,RD229,,,
,07-07-2026,,,,,LU Loading,,,,,,2.42,,,RD229,,,
,07-07-2026,,,,,Waiting,,,,,,3.33,,,RD229,,,
,07-07-2026,,,,,LU Loading,,,,,,2.4,,,RD229,,,
,07-07-2026,,,,,Waiting,,,,,,2.03,,,RD252,,,
,07-07-2026,,,,,LU Loading,,,,,,2.65,,,RD252,,,
,07-07-2026,,,,,Waiting,,,,,,2.88,,,RD229,,,
,07-07-2026,,,,,Spotting,,,,,,3.1,,,RD229,,,
,07-07-2026,,,,,LU Loading,,,,,,3.13,,,RD229,,,
,07-07-2026,,,,,Waiting,,,,,,1.6,,,RD252,,,
,07-07-2026,,,,,LU Loading,,,,,,3.35,,,RD252,,,
,07-07-2026,,,,,Waiting,,,,,,0.12,,,RD229,,,
,07-07-2026,,,,,Spotting,,,,,,1.2,,,RD229,,,
,07-07-2026,,,,,LU Loading,,,,,,3.23,,,RD229,,,
,07-07-2026,,,,,Waiting,,,,,,1.52,,,RD252,,,
,07-07-2026,,,,,LU Loading,,,,,,3.83,,,RD252,,,
,07-07-2026,,,,,Waiting,,,,,,1.3,,,RD229,,,
,07-07-2026,,,,,LU Loading,,,,,,4.05,,,RD229,,,
,07-07-2026,,,,,Spotting,,,,,,1.08,,,RD252,,,
,07-07-2026,,,,,LU Loading,,,,,,2.82,,,RD252,,,
,07-07-2026,,,,,Waiting,,,,,,0.12,,,RD252,,,
,07-07-2026,,,,,LU Loading,,,,,,1.23,,,RD252,,,
,07-07-2026,,,,,Waiting,,,,,,0.57,,,RD229,,,
,07-07-2026,,,,,Spotting,,,,,,1.97,,,RD229,,,
,07-07-2026,,,,,LU Loading,,,,,,3.4,,,RD229,,,
,07-07-2026,,,,,Waiting,,,,,,0.83,,,RD252,,,
,07-07-2026,,,,,LU Loading,,,,,,3.2,,,RD252,,,
,07-07-2026,,,,,Waiting,,,,,,1.27,,,RD252,,,
,07-07-2026,,,,, Down,,,,,,10.03,,,RD252,,,
,07-07-2026,,,,,Waiting,,,,,,1.08,,,RD252,,,
,07-07-2026,,,,,LU Loading,,,,,,3.1,,,RD252,,,
,07-07-2026,,,,,Waiting,,,,,,3.28,,,RD252,,,
,07-07-2026,,,,,Spotting,,,,,,0.52,,,RD252,,,
,07-07-2026,,,,,LU Loading,,,,,,2.63,,,RD252,,,
,07-07-2026,,,,,Waiting,,,,,,4.52,,,RD252,,,
,07-07-2026,,,,,Spotting,,,,,,0.58,,,RD252,,,
,07-07-2026,,,,,LU Loading,,,,,,4.67,,,RD252,,,
,07-07-2026,,,,,Spotting,,,,,,1.15,,,RD236,,,
,07-07-2026,,,,,LU Loading,,,,,,3.97,,,RD236,,,
,07-07-2026,,,,,Waiting,,,,,,0.78,,,RD252,,,
,07-07-2026,,,,,Spotting,,,,,,0.68,,,RD252,,,
,07-07-2026,,,,,LU Loading,,,,,,4.73,,,RD252,,,
,07-07-2026,,,,,LU Loading,,,,,,5.07,,,RD236,,,
,07-07-2026,,,,,LU Loading,,,,,,4.03,,,RD252,,,
,07-07-2026,,,,,Waiting,,,,,,0.93,,,RD236,,,
,07-07-2026,,,,,Spotting,,,,,,0.75,,,RD236,,,
,07-07-2026,,,,,LU Loading,,,,,,3.77,,,RD236,,,
,07-07-2026,,,,,Waiting,,,,,,1.35,,,RD252,,,
,07-07-2026,,,,,LU Loading,,,,,,2.75,,,RD252,,,
,07-07-2026,,,,,Waiting,,,,,,1.08,,,RD236,,,
,07-07-2026,,,,,LU Loading,,,,,,4.32,,,RD236,,,
,07-07-2026,,,,,Waiting,,,,,,1.07,,,RD252,,,
,07-07-2026,,,,,Spotting,,,,,,0.65,,,RD252,,,
,07-07-2026,,,,,LU Loading,,,,,,4.18,,,RD252,,,
,07-07-2026,,,,,Spotting,,,,,,0.83,,,RD236,,,
,07-07-2026,,,,,LU Loading,,,,,,4.03,,,RD236,,,
,07-07-2026,,,,,Waiting,,,,,,2.83,,,RD252,,,
,07-07-2026,,,,,LU Loading,,,,,,2.9,,,RD252,,,
,07-07-2026,,,,,Waiting,,,,,,17.23,,,RD245,,,
,07-07-2026,,,,,Shift Change,,,,,,12.6,,,RD245,,,
,07-07-2026,,,,,Shift Change,,,,,,106.27,,,RD245,,,
,07-07-2026,,,,,Marching,,,,,,5.97,,,RD245,,,
,07-07-2026,,,,,Waiting,,,,,,2.48,,,RD245,,,
,07-07-2026,,,,,LU Loading,,,,,,2.53,,,RD245,,,
,07-07-2026,,,,,Waiting,,,,,,0.47,,,RD121,,,
,07-07-2026,,,,,LU Loading,,,,,,2.67,,,RD121,,,
,07-07-2026,,,,,LU Loading,,,,,,2.4,,,RD233,,,
,07-07-2026,,,,,Waiting,,,,,,10.45,,,RD245,,,
,07-07-2026,,,,,Spotting,,,,,,0.45,,,RD245,,,
,07-07-2026,,,,,LU Loading,,,,,,3.65,,,RD245,,,
,07-07-2026,,,,,Waiting,,,,,,8.3,,,RD237,,,
,07-07-2026,,,,,LU Loading,,,,,,4.97,,,RD237,,,
,07-07-2026,,,,,Waiting,,,,,,1.57,,,RD245,,,
,07-07-2026,,,,,LU Loading,,,,,,2.83,,,RD245,,,
,07-07-2026,,,,,Waiting,,,,,,0.75,,,RD238,,,
,07-07-2026,,,,,LU Loading,,,,,,3.08,,,RD238,,,
,07-07-2026,,,,,Waiting,,,,,,0.42,,,RD122,,,
,07-07-2026,,,,,LU Loading,,,,,,3.48,,,RD122,,,
,07-07-2026,,,,,Waiting,,,,,,0.78,,,RD241,,,
,07-07-2026,,,,,LU Loading,,,,,,2.93,,,RD241,,,
,07-07-2026,,,,,Waiting,,,,,,0.25,,,RD237,,,
,07-07-2026,,,,,LU Loading,,,,,,3.57,,,RD237,,,
,07-07-2026,,,,,Waiting,,,,,,2.6,,,RD121,,,
,07-07-2026,,,,,LU Loading,,,,,,1.83,,,RD121,,,
,07-07-2026,,,,,Waiting,,,,,,4.2,,,RD122,,,
,07-07-2026,,,,,LU Loading,,,,,,2.75,,,RD122,,,
,07-07-2026,,,,,Waiting,,,,,,0.32,,,RD238,,,
,07-07-2026,,,,,LU Loading,,,,,,3.02,,,RD238,,,
,07-07-2026,,,,,Waiting,,,,,,0.1,,,RD237,,,
,07-07-2026,,,,,Spotting,,,,,,1.52,,,RD237,,,
,07-07-2026,,,,,LU Loading,,,,,,3.28,,,RD237,,,
,07-07-2026,,,,,Waiting,,,,,,3.15,,,RD245,,,
,07-07-2026,,,,,LU Loading,,,,,,4.23,,,RD245,,,
,07-07-2026,,,,,Waiting,,,,,,0.02,,,RD122,,,
,07-07-2026,,,,,LU Loading,,,,,,4.6,,,RD122,,,
,07-07-2026,,,,,Waiting,,,,,,0.32,,,RD245,,,
,07-07-2026,,,,,LU Loading,,,,,,2.9,,,RD245,,,
,07-07-2026,,,,,Waiting,,,,,,0.12,,,RD237,,,
,07-07-2026,,,,,LU Loading,,,,,,4.32,,,RD237,,,
,07-07-2026,,,,,Waiting,,,,,,6.45,,,RD245,,,
,07-07-2026,,,,,LU Loading,,,,,,2.98,,,RD245,,,
,07-07-2026,,,,,Waiting,,,,,,3.45,,,RD237,,,
,07-07-2026,,,,,LU Loading,,,,,,3.08,,,RD237,,,
,07-07-2026,,,,,Waiting,,,,,,1.22,,,RD238,,,
,07-07-2026,,,,,LU Loading,,,,,,3.12,,,RD238,,,
,07-07-2026,,,,,Waiting,,,,,,0.53,,,RD245,,,
,07-07-2026,,,,,LU Loading,,,,,,2.97,,,RD245,,,
,07-07-2026,,,,,Waiting,,,,,,5.2,,,RD241,,,
,07-07-2026,,,,,LU Loading,,,,,,3.1,,,RD241,,,
,07-07-2026,,,,,Waiting,,,,,,0.93,,,RD238,,,
,07-07-2026,,,,,LU Loading,,,,,,7.5,,,RD238,,,
,07-07-2026,,,,,Waiting,,,,,,0.65,,,RD245,,,
,07-07-2026,,,,,LU Loading,,,,,,3.12,,,RD245,,,
,07-07-2026,,,,,LU Loading,,,,,,4.28,,,RD237,,,
,07-07-2026,,,,,Waiting,,,,,,5.75,,,RD238,,,
,07-07-2026,,,,,LU Loading,,,,,,3.85,,,RD238,,,
,07-07-2026,,,,,Waiting,,,,,,1,,,RD121,,,
,07-07-2026,,,,,LU Loading,,,,,,2.9,,,RD121,,,
,07-07-2026,,,,,Waiting,,,,,,0.82,,,RD241,,,
,07-07-2026,,,,,LU Loading,,,,,,3.27,,,RD241,,,
,07-07-2026,,,,,Waiting,,,,,,1.43,,,RD238,,,
,07-07-2026,,,,,Spotting,,,,,,0.38,,,RD238,,,
,07-07-2026,,,,,LU Loading,,,,,,3.43,,,RD238,,,
,07-07-2026,,,,,Waiting,,,,,,4.9,,,RD121,,,
,07-07-2026,,,,,LU Loading,,,,,,3.4,,,RD121,,,
,07-07-2026,,,,,Waiting,,,,,,0.08,,,RD241,,,
,07-07-2026,,,,,Spotting,,,,,,0.4,,,RD241,,,
,07-07-2026,,,,,LU Loading,,,,,,1.55,,,RD241,,,
,07-07-2026,,,,,Spotting,,,,,,2.35,,,RD245,,,
,07-07-2026,,,,,LU Loading,,,,,,2.33,,,RD245,,,
,07-07-2026,,,,,Waiting,,,,,,4.03,,,RD237,,,
,07-07-2026,,,,,LU Loading,,,,,,3.42,,,RD237,,,
,07-07-2026,,,,,Waiting,,,,,,3.45,,,RD245,,,
,07-07-2026,,,,,LU Loading,,,,,,2.7,,,RD245,,,
,07-07-2026,,,,,Waiting,,,,,,0.37,,,RD121,,,
,07-07-2026,,,,,LU Loading,,,,,,7.77,,,RD121,,,
,07-07-2026,,,,,Waiting,,,,,,0.6,,,RD237,,,
,07-07-2026,,,,,Spotting,,,,,,0.55,,,RD237,,,
,07-07-2026,,,,,LU Loading,,,,,,2.83,,,RD237,,,
,07-07-2026,,,,,Spotting,,,,,,0.78,,,RD245,,,
,07-07-2026,,,,,LU Loading,,,,,,2.18,,,RD245,,,
,07-07-2026,,,,,Waiting,,,,,,1.18,,,RD238,,,
,07-07-2026,,,,,LU Loading,,,,,,2.33,,,RD238,,,
,07-07-2026,,,,,Waiting,,,,,,5.7,,,RD245,,,
,07-07-2026,,,,,LU Loading,,,,,,2.18,,,RD245,,,
,07-07-2026,,,,,Waiting,,,,,,5.87,,,RD238,,,
,07-07-2026,,,,,LU Loading,,,,,,3.43,,,RD238,,,
,07-07-2026,,,,,Waiting,,,,,,1.5,,,RD245,,,
,07-07-2026,,,,,Spotting,,,,,,0.93,,,RD245,,,
,07-07-2026,,,,,LU Loading,,,,,,4.15,,,RD245,,,
,07-07-2026,,,,,Waiting,,,,,,6.85,,,RD238,,,
,07-07-2026,,,,,Spotting,,,,,,1.28,,,RD238,,,
,07-07-2026,,,,,LU Loading,,,,,,2.6,,,RD238,,,
,07-07-2026,,,,,Waiting,,,,,,0.95,,,RD245,,,
,07-07-2026,,,,,LU Loading,,,,,,2.5,,,RD245,,,
,07-07-2026,,,,,Waiting,,,,,,0.88,,,RD237,,,
,07-07-2026,,,,,LU Loading,,,,,,2.58,,,RD237,,,
,07-07-2026,,,,,Waiting,,,,,,5.98,,,RD238,,,
,07-07-2026,,,,,LU Loading,,,,,,3.9,,,RD238,,,
,07-07-2026,,,,,Waiting,,,,,,0.3,,,RD245,,,
,07-07-2026,,,,,Spotting,,,,,,0.47,,,RD245,,,
,07-07-2026,,,,,LU Loading,,,,,,2.9,,,RD245,,,
,07-07-2026,,,,,Spotting,,,,,,0.53,,,RD121,,,
,07-07-2026,,,,,LU Loading,,,,,,3.05,,,RD121,,,
,07-07-2026,,,,,Waiting,,,,,,0.17,,,RD237,,,
,07-07-2026,,,,,Spotting,,,,,,0.43,,,RD237,,,
,07-07-2026,,,,,LU Loading,,,,,,2.63,,,RD237,,,
,07-07-2026,,,,,Waiting,,,,,,2.73,,,RD238,,,
,07-07-2026,,,,,LU Loading,,,,,,3.12,,,RD238,,,
,07-07-2026,,,,,Waiting,,,,,,1.3,,,RD245,,,
,07-07-2026,,,,,LU Loading,,,,,,2.7,,,RD245,,,
,07-07-2026,,,,,Waiting,,,,,,2.8,,,RD121,,,
,07-07-2026,,,,,LU Loading,,,,,,3.92,,,RD121,,,
,07-07-2026,,,,,Waiting,,,,,,0.72,,,RD237,,,
,07-07-2026,,,,,LU Loading,,,,,,3.6,,,RD237,,,
,07-07-2026,,,,,Spotting,,,,,,1.2,,,RD238,,,
,07-07-2026,,,,,LU Loading,,,,,,3.52,,,RD238,,,
,07-07-2026,,,,,Waiting,,,,,,0.77,,,RD245,,,
,07-07-2026,,,,,Spotting,,,,,,1.55,,,RD245,,,
,07-07-2026,,,,,LU Loading,,,,,,2.63,,,RD245,,,
,07-07-2026,,,,,Waiting,,,,,,1.73,,,RD241,,,
,07-07-2026,,,,,LU Loading,,,,,,2.47,,,RD241,,,
,07-07-2026,,,,,Waiting,,,,,,0.8,,,RD237,,,
,07-07-2026,,,,,LU Loading,,,,,,3.95,,,RD237,,,
,07-07-2026,,,,,Spotting,,,,,,0.78,,,RD121,,,
,07-07-2026,,,,,LU Loading,,,,,,2.9,,,RD121,,,
,07-07-2026,,,,,LU Loading,,,,,,3.33,,,RD245,,,
,07-07-2026,,,,,Spotting,,,,,,0.8,,,RD238,,,
,07-07-2026,,,,,LU Loading,,,,,,4.15,,,RD238,,,
,07-07-2026,,,,,Waiting,,,,,,0.72,,,RD241,,,
,07-07-2026,,,,,LU Loading,,,,,,2.63,,,RD241,,,
,07-07-2026,,,,,Waiting,,,,,,9.03,,,RD248,,,
,07-07-2026,,,,,Shift Change,,,,,,26.2,,,RD248,,,
,07-07-2026,,,,,Shift Change,,,,,,42.7,,,RD248,,,
,07-07-2026,,,,,Marching,,,,,,7.38,,,RD248,,,
,07-07-2026,,,,,Waiting,,,,,,10.52,,,RD248,,,
,07-07-2026,,,,,LU Loading,,,,,,3.75,,,RD248,,,
,07-07-2026,,,,,Waiting,,,,,,1.22,,,RD247,,,
,07-07-2026,,,,,LU Loading,,,,,,3.5,,,RD247,,,
,07-07-2026,,,,,Waiting,,,,,,8.05,,,RD248,,,
,07-07-2026,,,,,LU Loading,,,,,,3.32,,,RD248,,,
,07-07-2026,,,,,Waiting,,,,,,0.67,,,RD247,,,
,07-07-2026,,,,,LU Loading,,,,,,3.67,,,RD247,,,
,07-07-2026,,,,,Waiting,,,,,,10.1,,,RD248,,,
,07-07-2026,,,,,LU Loading,,,,,,4.02,,,RD248,,,
,07-07-2026,,,,,Waiting,,,,,,0.27,,,RD247,,,
,07-07-2026,,,,,Spotting,,,,,,0.8,,,RD247,,,
,07-07-2026,,,,,LU Loading,,,,,,3.75,,,RD247,,,
,07-07-2026,,,,,Waiting,,,,,,10.65,,,RD248,,,
,07-07-2026,,,,,LU Loading,,,,,,4.35,,,RD248,,,
,07-07-2026,,,,,Waiting,,,,,,0.1,,,RD247,,,
,07-07-2026,,,,,Spotting,,,,,,0.67,,,RD247,,,
,07-07-2026,,,,,LU Loading,,,,,,4.33,,,RD247,,,
,08-07-2026,,,,,Waiting,,,,,,10.95,,,RD248,,,
,08-07-2026,,,,,Spotting,,,,,,0.72,,,RD248,,,
,08-07-2026,,,,,LU Loading,,,,,,4.38,,,RD248,,,
,08-07-2026,,,,,Waiting,,,,,,0.05,,,RD247,,,
,08-07-2026,,,,,Spotting,,,,,,0.83,,,RD247,,,
,08-07-2026,,,,,LU Loading,,,,,,4.77,,,RD247,,,
,08-07-2026,,,,,Waiting,,,,,,10.43,,,RD247,,,
,08-07-2026,,,,,Spotting,,,,,,0.22,,,RD247,,,
,08-07-2026,,,,,LU Loading,,,,,,4.42,,,RD247,,,
,08-07-2026,,,,,Waiting,,,,,,1.05,,,RD248,,,
,08-07-2026,,,,,LU Loading,,,,,,5.2,,,RD248,,,
,08-07-2026,,,,,Waiting,,,,,,4.45,,,RD247,,,
,08-07-2026,,,,,Spotting,,,,,,0.63,,,RD247,,,
,08-07-2026,,,,,LU Loading,,,,,,4.42,,,RD247,,,
,08-07-2026,,,,,Waiting,,,,,,10.3,,,RD247,,,
,08-07-2026,,,,,Spotting,,,,,,0.33,,,RD247,,,
,08-07-2026,,,,,LU Loading,,,,,,5.87,,,RD247,,,
,08-07-2026,,,,,Waiting,,,,,,10.38,,,RD247,,,
,08-07-2026,,,,,LU Loading,,,,,,4.33,,,RD247,,,
,08-07-2026,,,,,Waiting,,,,,,22.2,,,RD247,,,
,08-07-2026,,,,,Tea/ Breakfast / Snacks,,,,,,77.45,,,RD247,,,
,08-07-2026,,,,,LU Loading,,,,,,4.32,,,RD247,,,
,08-07-2026,,,,,Waiting,,,,,,1.67,,,RD248,,,
,08-07-2026,,,,,LU Loading,,,,,,4.72,,,RD248,,,
,08-07-2026,,,,,Waiting,,,,,,3.83,,,RD247,,,
,08-07-2026,,,,,LU Loading,,,,,,4.08,,,RD247,,,
,08-07-2026,,,,,Waiting,,,,,,5.03,,,RD248,,,
,08-07-2026,,,,,LU Loading,,,,,,6.15,,,RD248,,,
,08-07-2026,,,,,Spotting,,,,,,1.68,,,RD247,,,
,08-07-2026,,,,,LU Loading,,,,,,4.22,,,RD247,,,
,08-07-2026,,,,,Waiting,,,,,,9.6,,,RD248,,,
,08-07-2026,,,,,LU Loading,,,,,,4.33,,,RD248,,,
,08-07-2026,,,,,Waiting,,,,,,0.2,,,RD247,,,
,08-07-2026,,,,,Spotting,,,,,,1.02,,,RD247,,,
,08-07-2026,,,,,LU Loading,,,,,,5.3,,,RD247,,,
,08-07-2026,,,,,Waiting,,,,,,10.35,,,RD248,,,
,08-07-2026,,,,,LU Loading,,,,,,6.25,,,RD248,,,
,08-07-2026,,,,,Spotting,,,,,,1.27,,,RD247,,,
,08-07-2026,,,,,LU Loading,,,,,,4.27,,,RD247,,,
,08-07-2026,,,,,Waiting,,,,,,1.88,,,RD229,,,
,08-07-2026,,,,,LU Loading,,,,,,4.22,,,RD229,,,
,08-07-2026,,,,,Waiting,,,,,,9.12,,,RD248,,,
,08-07-2026,,,,,Spotting,,,,,,0.22,,,RD248,,,
,08-07-2026,,,,,LU Loading,,,,,,3.9,,,RD248,,,
,08-07-2026,,,,,Waiting,,,,,,0.37,,,RD247,,,
,08-07-2026,,,,,Spotting,,,,,,0.7,,,RD247,,,
,08-07-2026,,,,,LU Loading,,,,,,4.2,,,RD247,,,
,08-07-2026,,,,,Waiting,,,,,,0.78,,,RD229,,,
,08-07-2026,,,,,Spotting,,,,,,0.63,,,RD229,,,
,08-07-2026,,,,,LU Loading,,,,,,4.52,,,RD229,,,
,08-07-2026,,,,,Waiting,,,,,,5.37,,,RD247,,,
,08-07-2026,,,,,Spotting,,,,,,0.97,,,RD247,,,
,08-07-2026,,,,,LU Loading,,,,,,3.95,,,RD247,,,
,08-07-2026,,,,,Waiting,,,,,,0.02,,,RD248,,,
,08-07-2026,,,,,Spotting,,,,,,0.82,,,RD248,,,
,08-07-2026,,,,,LU Loading,,,,,,3.77,,,RD248,,,
,08-07-2026,,,,,Waiting,,,,,,0.1,,,RD229,,,
,08-07-2026,,,,,Spotting,,,,,,0.32,,,RD229,,,
,08-07-2026,,,,,LU Loading,,,,,,3.55,,,RD229,,,
,08-07-2026,,,,,Waiting,,,,,,2.5,,,RD247,,,
,08-07-2026,,,,,LU Loading,,,,,,4.52,,,RD247,,,
,08-07-2026,,,,,Waiting,,,,,,15.28,,,RD228,,,
,08-07-2026,,,,,Shift Change,,,,,,22.85,,,RD228,,,
,08-07-2026,,,,,,,,,,,,,,,,,
,Timestamp,,,,,Status Code,,Sub-Status Code,,,,"Duration
(min)",,,Hauling Unit,,,
,08-07-2026,,,,,Shift Change,,,,,,33.83,,,RD228,,,
,08-07-2026,,,,,Waiting,,,,,,34.13,,,RD228,,,
,08-07-2026,,,,,Spotting,,,,,,1.08,,,RD228,,,
,08-07-2026,,,,,LU Loading,,,,,,3.5,,,RD228,,,
,08-07-2026,,,,,Waiting,,,,,,3.1,,,RD226,,,
,08-07-2026,,,,,Spotting,,,,,,0.57,,,RD226,,,
,08-07-2026,,,,,LU Loading,,,,,,4.63,,,RD226,,,
,08-07-2026,,,,,Waiting,,,,,,6.07,,,RD228,,,
,08-07-2026,,,,,Spotting,,,,,,0.28,,,RD228,,,
,08-07-2026,,,,,LU Loading,,,,,,4.6,,,RD228,,,
,08-07-2026,,,,,Waiting,,,,,,2.8,,,RD227,,,
,08-07-2026,,,,,LU Loading,,,,,,5.05,,,RD227,,,
,08-07-2026,,,,,Waiting,,,,,,2.37,,,RD226,,,
,08-07-2026,,,,,LU Loading,,,,,,4.57,,,RD226,,,
,08-07-2026,,,,,Waiting,,,,,,0.1,,,RD228,,,
,08-07-2026,,,,,Spotting,,,,,,1.05,,,RD228,,,
,08-07-2026,,,,,LU Loading,,,,,,5.23,,,RD228,,,
,08-07-2026,,,,,Waiting,,,,,,0.82,,,RD227,,,
,08-07-2026,,,,,LU Loading,,,,,,6.33,,,RD227,,,
,08-07-2026,,,,,Waiting,,,,,,1.53,,,RD226,,,
,08-07-2026,,,,,LU Loading,,,,,,4.47,,,RD226,,,
,08-07-2026,,,,,Waiting,,,,,,1,,,RD228,,,
,08-07-2026,,,,,Spotting,,,,,,0.23,,,RD228,,,
,08-07-2026,,,,,LU Loading,,,,,,5.32,,,RD228,,,
,08-07-2026,,,,,Waiting,,,,,,1.7,,,RD227,,,
,08-07-2026,,,,,Spotting,,,,,,1.43,,,RD227,,,
,08-07-2026,,,,,LU Loading,,,,,,5.7,,,RD227,,,
,08-07-2026,,,,,Waiting,,,,,,1.75,,,RD226,,,
,08-07-2026,,,,,Fuel Filling,,,,,,5.82,,,RD226,,,
,08-07-2026,,,,,LU Loading,,,,,,6.68,,,RD226,,,
,08-07-2026,,,,,Waiting,,,,,,0.53,,,RD227,,,
,08-07-2026,,,,,LU Loading,,,,,,4.22,,,RD227,,,
,08-07-2026,,,,,Waiting,,,,,,0.78,,,RD228,,,
,08-07-2026,,,,,Spotting,,,,,,0.45,,,RD228,,,
,08-07-2026,,,,,LU Loading,,,,,,4.67,,,RD228,,,
,08-07-2026,,,,,Waiting,,,,,,17.13,,,RD226,,,
,08-07-2026,,,,,LU Loading,,,,,,4.38,,,RD226,,,
,08-07-2026,,,,,Waiting,,,,,,0.83,,,RD228,,,
,08-07-2026,,,,,LU Loading,,,,,,5.52,,,RD228,,,
,08-07-2026,,,,,Waiting,,,,,,2.37,,,RD249,,,
,08-07-2026,,,,,LU Loading,,,,,,4.43,,,RD249,,,
,08-07-2026,,,,,Waiting,,,,,,0.35,,,RD226,,,
,08-07-2026,,,,,LU Loading,,,,,,3.05,,,RD226,,,
,08-07-2026,,,,,Waiting,,,,,,2.3,,,RD227,,,
,08-07-2026,,,,,LU Loading,,,,,,4.57,,,RD227,,,
,08-07-2026,,,,,Waiting,,,,,,3.38,,,RD249,,,
,08-07-2026,,,,,LU Loading,,,,,,4.7,,,RD249,,,
,08-07-2026,,,,,Waiting,,,,,,0.58,,,RD228,,,
,08-07-2026,,,,,LU Loading,,,,,,4.47,,,RD228,,,
,08-07-2026,,,,,Waiting,,,,,,2.33,,,RD227,,,
,08-07-2026,,,,,LU Loading,,,,,,6.65,,,RD227,,,
,08-07-2026,,,,,Waiting,,,,,,12.9,,,RD249,,,
,08-07-2026,,,,,Spotting,,,,,,0.15,,,RD249,,,
,08-07-2026,,,,,LU Loading,,,,,,3.48,,,RD249,,,
,08-07-2026,,,,,Waiting,,,,,,2.67,,,RD227,,,
,08-07-2026,,,,,LU Loading,,,,,,3.87,,,RD227,,,
,08-07-2026,,,,,Waiting,,,,,,2.43,,,RD226,,,
,08-07-2026,,,,,Spotting,,,,,,0.47,,,RD226,,,
,08-07-2026,,,,,LU Loading,,,,,,4.6,,,RD226,,,
,08-07-2026,,,,,Waiting,,,,,,12.83,,,RD226,,,
,08-07-2026,,,,,LU Loading,,,,,,2.92,,,RD226,,,
,08-07-2026,,,,,Waiting,,,,,,2.13,,,RD248,,,
,08-07-2026,,,,,LU Loading,,,,,,2.88,,,RD248,,,
,08-07-2026,,,,,Waiting,,,,,,1.35,,,RD228,,,
,08-07-2026,,,,,LU Loading,,,,,,3.18,,,RD228,,,
,08-07-2026,,,,,Waiting,,,,,,1.03,,,RD227,,,
,08-07-2026,,,,,LU Loading,,,,,,3.85,,,RD227,,,
,08-07-2026,,,,,Waiting,,,,,,1.85,,,RD226,,,
,08-07-2026,,,,,LU Loading,,,,,,3.9,,,RD226,,,
,08-07-2026,,,,,Waiting,,,,,,1.2,,,RD228,,,
,08-07-2026,,,,,Spotting,,,,,,0.68,,,RD228,,,
,08-07-2026,,,,,LU Loading,,,,,,4.57,,,RD228,,,
,08-07-2026,,,,,Waiting,,,,,,1.75,,,RD227,,,
,08-07-2026,,,,,LU Loading,,,,,,4.27,,,RD227,,,
,08-07-2026,,,,,Waiting,,,,,,0.92,,,RD226,,,
,08-07-2026,,,,,LU Loading,,,,,,2.92,,,RD226,,,
,08-07-2026,,,,,Waiting,,,,,,3.08,,,RD228,,,
,08-07-2026,,,,,LU Loading,,,,,,8,,,RD228,,,
,08-07-2026,,,,,Waiting,,,,,,2.58,,,RD227,,,
,08-07-2026,,,,,LU Loading,,,,,,4.88,,,RD227,,,
,08-07-2026,,,,,Waiting,,,,,,2.92,,,RD226,,,
,08-07-2026,,,,,Spotting,,,,,,0.52,,,RD226,,,
,08-07-2026,,,,,LU Loading,,,,,,4.78,,,RD226,,,
,08-07-2026,,,,,Waiting,,,,,,1,,,RD228,,,
,08-07-2026,,,,,Spotting,,,,,,0.25,,,RD228,,,
,08-07-2026,,,,,LU Loading,,,,,,4.1,,,RD228,,,
,08-07-2026,,,,,Waiting,,,,,,1.38,,,RD227,,,
,08-07-2026,,,,,LU Loading,,,,,,3.6,,,RD227,,,
,08-07-2026,,,,,Waiting,,,,,,5,,,RD226,,,
,08-07-2026,,,,,LU Loading,,,,,,4.23,,,RD226,,,
,08-07-2026,,,,,Waiting,,,,,,0.72,,,RD228,,,
,08-07-2026,,,,,Spotting,,,,,,0.23,,,RD228,,,
,08-07-2026,,,,,LU Loading,,,,,,4.73,,,RD228,,,
,08-07-2026,,,,,Waiting,,,,,,0.63,,,RD227,,,
,08-07-2026,,,,,LU Loading,,,,,,4.57,,,RD227,,,
,08-07-2026,,,,,Waiting,,,,,,2.62,,,RD226,,,
,08-07-2026,,,,,LU Loading,,,,,,4.48,,,RD226,,,
,08-07-2026,,,,,Waiting,,,,,,0.28,,,RD228,,,
,08-07-2026,,,,,Spotting,,,,,,0.23,,,RD228,,,
,08-07-2026,,,,,LU Loading,,,,,,4.23,,,RD228,,,
,08-07-2026,,,,,Schedule No Work,,,,,,37.33,,,RD226,,,
,08-07-2026,,,,,Schedule No Work,,,,,,57.35,,,RD226,,,
,08-07-2026,,,,,Schedule No Work,,,,,,69.02,,,RD226,,,
,08-07-2026,,,,,Waiting,,,,,,28.12,,,RD226,,,
,08-07-2026,,,,,Schedule No Work,,,,,,230.65,,,RD226,,,
,08-07-2026,,,,,Side Casting,,,,,,25.78,,,RD226,,,
,08-07-2026,,,,,LU Loading,,,,,,9.38,,,RD226,,,
,08-07-2026,,,,,Waiting,,,,,,0.08,,,RD250,,,
,08-07-2026,,,,,Spotting,,,,,,0.68,,,RD250,,,
,08-07-2026,,,,,LU Loading,,,,,,3.83,,,RD250,,,
,08-07-2026,,,,,Waiting,,,,,,0.42,,,RD226,,,
,08-07-2026,,,,,Spotting,,,,,,0.7,,,RD226,,,
,08-07-2026,,,,,LU Loading,,,,,,3.63,,,RD226,,,
,08-07-2026,,,,,Waiting,,,,,,1.45,,,RD250,,,
,08-07-2026,,,,,LU Loading,,,,,,3.27,,,RD250,,,
,08-07-2026,,,,,Waiting,,,,,,0.72,,,RD226,,,
,08-07-2026,,,,,Spotting,,,,,,0.23,,,RD226,,,
,08-07-2026,,,,,LU Loading,,,,,,4.6,,,RD226,,,
,08-07-2026,,,,,Waiting,,,,,,1.08,,,RD250,,,
,08-07-2026,,,,,LU Loading,,,,,,2.3,,,RD250,,,
,08-07-2026,,,,,Waiting,,,,,,2.73,,,RD226,,,
,08-07-2026,,,,,Spotting,,,,,,0.58,,,RD226,,,
,08-07-2026,,,,,LU Loading,,,,,,3.08,,,RD226,,,
,08-07-2026,,,,,Waiting,,,,,,2.03,,,RD250,,,
,08-07-2026,,,,,LU Loading,,,,,,4.73,,,RD250,,,
,08-07-2026,,,,,LU Loading,,,,,,1.18,,,RD141,,,
,08-07-2026,,,,,LU Loading,,,,,,4.3,,,RD226,,,
,08-07-2026,,,,,Waiting,,,,,,2.35,,,RD250,,,
,08-07-2026,,,,,Spotting,,,,,,0.27,,,RD250,,,
,08-07-2026,,,,,LU Loading,,,,,,2.17,,,RD250,,,
,08-07-2026,,,,,Waiting,,,,,,2.58,,,RD226,,,
,08-07-2026,,,,,LU Loading,,,,,,5.52,,,RD226,,,
,08-07-2026,,,,,LU Loading,,,,,,4.6,,,RD250,,,
,08-07-2026,,,,,LU Loading,,,,,,2.03,,,RD226,,,
,08-07-2026,,,,,Waiting,,,,,,3.9,,,RD239,,,
,08-07-2026,,,,,LU Loading,,,,,,1.77,,,RD239,,,
,08-07-2026,,,,,Waiting,,,,,,1.28,,,RD250,,,
,08-07-2026,,,,,LU Loading,,,,,,2.43,,,RD250,,,
,08-07-2026,,,,,Waiting,,,,,,1.25,,,RD226,,,
,08-07-2026,,,,,Spotting,,,,,,0.35,,,RD226,,,
,08-07-2026,,,,,LU Loading,,,,,,3.12,,,RD226,,,
,08-07-2026,,,,,Waiting,,,,,,2.93,,,RD250,,,
,08-07-2026,,,,,LU Loading,,,,,,5.2,,,RD250,,,
,08-07-2026,,,,,Spotting,,,,,,0.1,,,RD242,,,
,08-07-2026,,,,,LU Loading,,,,,,1.27,,,RD242,,,
,08-07-2026,,,,,Waiting,,,,,,7.05,,,RD227,,,
,08-07-2026,,,,,Shift Change,,,,,,25.23,,,RD227,,,
,08-07-2026,,,,,Shift Change,,,,,,106.02,,,RD227,,,
,08-07-2026,,,,,Marching,,,,,,147.08,,,RD227,,,
,09-07-2026,,,,,Schedule No Work,,,,,,45.75,,,RD227,,,
,09-07-2026,,,,,Waiting,,,,,,1.87,,,RD227,,,
,09-07-2026,,,,,LU Loading,,,,,,4.13,,,RD227,,,
,09-07-2026,,,,,Waiting,,,,,,1.05,,,RD228,,,
,09-07-2026,,,,,LU Loading,,,,,,3.1,,,RD228,,,
,09-07-2026,,,,,Waiting,,,,,,0.3,,,RD241,,,
,09-07-2026,,,,,LU Loading,,,,,,3.42,,,RD241,,,
,09-07-2026,,,,,Waiting,,,,,,1.73,,,RD226,,,
,09-07-2026,,,,,LU Loading,,,,,,3.4,,,RD226,,,
,09-07-2026,,,,,Waiting,,,,,,0.3,,,RD229,,,
,09-07-2026,,,,,Spotting,,,,,,0.72,,,RD229,,,
,09-07-2026,,,,,LU Loading,,,,,,4.88,,,RD229,,,
,09-07-2026,,,,,Waiting,,,,,,9.55,,,RD241,,,
,09-07-2026,,,,,Spotting,,,,,,0.43,,,RD241,,,
,09-07-2026,,,,,LU Loading,,,,,,3.82,,,RD241,,,
,09-07-2026,,,,,Waiting,,,,,,5.28,,,RD228,,,
,09-07-2026,,,,,Spotting,,,,,,0.5,,,RD228,,,
,09-07-2026,,,,,LU Loading,,,,,,2.83,,,RD228,,,
,09-07-2026,,,,,Waiting,,,,,,1.88,,,RD227,,,
,09-07-2026,,,,,LU Loading,,,,,,3.58,,,RD227,,,
,09-07-2026,,,,,Waiting,,,,,,0.63,,,RD229,,,
,09-07-2026,,,,,LU Loading,,,,,,4.25,,,RD229,,,
,09-07-2026,,,,,Waiting,,,,,,2.93,,,RD250,,,
,09-07-2026,,,,,Spotting,,,,,,0.38,,,RD250,,,
,09-07-2026,,,,,LU Loading,,,,,,3.43,,,RD250,,,
,09-07-2026,,,,,Waiting,,,,,,0.97,,,RD226,,,
,09-07-2026,,,,,LU Loading,,,,,,3.7,,,RD226,,,
,09-07-2026,,,,,Waiting,,,,,,0.43,,,RD241,,,
,09-07-2026,,,,,LU Loading,,,,,,8.35,,,RD241,,,
,09-07-2026,,,,,Waiting,,,,,,2.87,,,RD228,,,
,09-07-2026,,,,,Spotting,,,,,,0.77,,,RD228,,,
,09-07-2026,,,,,LU Loading,,,,,,3.77,,,RD228,,,
,09-07-2026,,,,,Waiting,,,,,,0.1,,,RD229,,,
,09-07-2026,,,,,Spotting,,,,,,0.25,,,RD229,,,
,09-07-2026,,,,,LU Loading,,,,,,4.6,,,RD229,,,
,09-07-2026,,,,,Spotting,,,,,,2.08,,,RD227,,,
,09-07-2026,,,,,LU Loading,,,,,,2.57,,,RD227,,,
,09-07-2026,,,,,Waiting,,,,,,0.6,,,RD250,,,
,09-07-2026,,,,,LU Loading,,,,,,3.4,,,RD250,,,
,09-07-2026,,,,,Waiting,,,,,,3.45,,,RD226,,,
,09-07-2026,,,,,LU Loading,,,,,,3.32,,,RD226,,,
,09-07-2026,,,,,Waiting,,,,,,2.98,,,RD241,,,
,09-07-2026,,,,,Spotting,,,,,,0.47,,,RD241,,,
,09-07-2026,,,,,LU Loading,,,,,,4.17,,,RD241,,,
,09-07-2026,,,,,Waiting,,,,,,5.9,,,RD229,,,
,09-07-2026,,,,,Spotting,,,,,,0.72,,,RD229,,,
,09-07-2026,,,,,LU Loading,,,,,,3.47,,,RD229,,,
,09-07-2026,,,,,Waiting,,,,,,0.87,,,RD228,,,
,09-07-2026,,,,,LU Loading,,,,,,2.38,,,RD228,,,
,09-07-2026,,,,,Spotting,,,,,,0.8,,,RD227,,,
,09-07-2026,,,,,LU Loading,,,,,,3.22,,,RD227,,,
,09-07-2026,,,,,Waiting,,,,,,0.65,,,RD250,,,
,09-07-2026,,,,,LU Loading,,,,,,2.65,,,RD250,,,
,09-07-2026,,,,,Waiting,,,,,,0.75,,,RD226,,,
,09-07-2026,,,,,LU Loading,,,,,,2.57,,,RD226,,,
,09-07-2026,,,,,Waiting,,,,,,10.52,,,RD229,,,
,09-07-2026,,,,,Spotting,,,,,,0.93,,,RD229,,,
,09-07-2026,,,,,LU Loading,,,,,,3.43,,,RD229,,,
,09-07-2026,,,,,Waiting,,,,,,2.52,,,RD241,,,
,09-07-2026,,,,,LU Loading,,,,,,4.15,,,RD241,,,
,09-07-2026,,,,,LU Loading,,,,,,4.18,,,RD244,,,
,09-07-2026,,,,,Waiting,,,,,,1,,,RD234,,,
,09-07-2026,,,,,LU Loading,,,,,,4.75,,,RD234,,,
,09-07-2026,,,,,Waiting,,,,,,4.12,,,RD252,,,
,09-07-2026,,,,,LU Loading,,,,,,4.35,,,RD252,,,
,09-07-2026,,,,,Waiting,,,,,,0.8,,,RD229,,,
,09-07-2026,,,,,Spotting,,,,,,0.22,,,RD229,,,
,09-07-2026,,,,,LU Loading,,,,,,2.97,,,RD229,,,
,09-07-2026,,,,,,,,,,,,,,,,,
,Timestamp,,,,,Status Code,,Sub-Status Code,,,,"Duration
(min)",,,Hauling Unit,,,
,09-07-2026,,,,,LU Loading,,,,,,2.37,,,RD229,,,
,09-07-2026,,,,,Waiting,,,,,,1.5,,,RD241,,,
,09-07-2026,,,,,Spotting,,,,,,0.95,,,RD241,,,
,09-07-2026,,,,,LU Loading,,,,,,3.82,,,RD241,,,
,09-07-2026,,,,,Waiting,,,,,,1.35,,,RD244,,,
,09-07-2026,,,,,Spotting,,,,,,0.22,,,RD244,,,
,09-07-2026,,,,,LU Loading,,,,,,2.63,,,RD244,,,
,09-07-2026,,,,,Waiting,,,,,,0.65,,,RD234,,,
,09-07-2026,,,,,LU Loading,,,,,,3.15,,,RD234,,,
,09-07-2026,,,,,Waiting,,,,,,28.62,,,RD244,,,
,09-07-2026,,,,,Spotting,,,,,,0.32,,,RD244,,,
,09-07-2026,,,,,LU Loading,,,,,,2.95,,,RD244,,,
,09-07-2026,,,,,Waiting,,,,,,0.5,,,RD228,,,
,09-07-2026,,,,,Spotting,,,,,,0.4,,,RD228,,,
,09-07-2026,,,,,LU Loading,,,,,,2.88,,,RD228,,,
,09-07-2026,,,,,Spotting,,,,,,0.23,,,RD234,,,
,09-07-2026,,,,,LU Loading,,,,,,3.32,,,RD234,,,
,09-07-2026,,,,,Waiting,,,,,,0.25,,,RD226,,,
,09-07-2026,,,,,Spotting,,,,,,0.42,,,RD226,,,
,09-07-2026,,,,,LU Loading,,,,,,2.6,,,RD226,,,
,09-07-2026,,,,,Waiting,,,,,,0.82,,,RD141,,,
,09-07-2026,,,,,LU Loading,,,,,,4,,,RD141,,,
,09-07-2026,,,,,Waiting,,,,,,6.25,,,RD244,,,
,09-07-2026,,,,,LU Loading,,,,,,4.72,,,RD244,,,
,09-07-2026,,,,,Waiting,,,,,,0.92,,,RD228,,,
,09-07-2026,,,,,LU Loading,,,,,,3.52,,,RD228,,,
,09-07-2026,,,,,Spotting,,,,,,0.25,,,RD234,,,
,09-07-2026,,,,,LU Loading,,,,,,3.75,,,RD234,,,
,09-07-2026,,,,,Waiting,,,,,,0.25,,,RD226,,,
,09-07-2026,,,,,Spotting,,,,,,1.83,,,RD226,,,
,09-07-2026,,,,,LU Loading,,,,,,2.7,,,RD226,,,
,09-07-2026,,,,,Waiting,,,,,,9.68,,,RD141,,,
,09-07-2026,,,,,LU Loading,,,,,,6.88,,,RD141,,,
,09-07-2026,,,,,LU Loading,,,,,,3.68,,,RD244,,,
,09-07-2026,,,,,LU Loading,,,,,,2.02,,,RD228,,,
,09-07-2026,,,,,Spotting,,,,,,0.27,,,RD234,,,
,09-07-2026,,,,,LU Loading,,,,,,2.82,,,RD234,,,
,09-07-2026,,,,,Waiting,,,,,,0.12,,,RD226,,,
,09-07-2026,,,,, Down,,,,,,5.92,,,RD226,,,
,09-07-2026,,,,,Waiting,,,,,,0.02,,,RD226,,,
,09-07-2026,,,,,LU Loading,,,,,,3.82,,,RD226,,,
,09-07-2026,,,,,Waiting,,,,,,5.85,,,RD244,,,
,09-07-2026,,,,,LU Loading,,,,,,2.95,,,RD244,,,
,09-07-2026,,,,,Waiting,,,,,,0.42,,,RD141,,,
,09-07-2026,,,,,LU Loading,,,,,,3.77,,,RD141,,,
,09-07-2026,,,,,Waiting,,,,,,0.17,,,RD228,,,
,09-07-2026,,,,,Spotting,,,,,,9.35,,,RD228,,,
,09-07-2026,,,,,LU Loading,,,,,,3.97,,,RD228,,,
,09-07-2026,,,,,Waiting,,,,,,0.65,,,RD234,,,
,09-07-2026,,,,,LU Loading,,,,,,3.22,,,RD234,,,
,09-07-2026,,,,,Waiting,,,,,,4.95,,,RD226,,,
,09-07-2026,,,,,LU Loading,,,,,,7.28,,,RD226,,,
,09-07-2026,,,,,Waiting,,,,,,44.53,,,RD141,,,
,09-07-2026,,,,,Spotting,,,,,,0.7,,,RD141,,,
,09-07-2026,,,,,LU Loading,,,,,,3.13,,,RD141,,,
,09-07-2026,,,,,Waiting,,,,,,0.45,,,RD228,,,
,09-07-2026,,,,,LU Loading,,,,,,3.13,,,RD228,,,
,09-07-2026,,,,,Waiting,,,,,,0.62,,,RD226,,,
,09-07-2026,,,,,LU Loading,,,,,,2.65,,,RD226,,,
,09-07-2026,,,,,Waiting,,,,,,13.7,,,RD234,,,
,09-07-2026,,,,,LU Loading,,,,,,2.73,,,RD234,,,
,09-07-2026,,,,,Waiting,,,,,,7.37,,,RD141,,,
,09-07-2026,,,,,LU Loading,,,,,,2.85,,,RD141,,,
,09-07-2026,,,,,Waiting,,,,,,0.68,,,RD228,,,
,09-07-2026,,,,,LU Loading,,,,,,2.93,,,RD228,,,
,09-07-2026,,,,,Waiting,,,,,,0.62,,,RD226,,,
,09-07-2026,,,,,LU Loading,,,,,,2.92,,,RD226,,,
,09-07-2026,,,,,Waiting,,,,,,4.2,,,RD234,,,
,09-07-2026,,,,,LU Loading,,,,,,2.6,,,RD234,,,
,09-07-2026,,,,,Waiting,,,,,,8.58,,,RD243,,,
,09-07-2026,,,,,LU Loading,,,,,,2.67,,,RD243,,,
,09-07-2026,,,,,Waiting,,,,,,3.45,,,RD141,,,
,09-07-2026,,,,,Spotting,,,,,,0.35,,,RD141,,,
,09-07-2026,,,,,LU Loading,,,,,,3.2,,,RD141,,,
,09-07-2026,,,,,Waiting,,,,,,0.4,,,RD228,,,
,09-07-2026,,,,,LU Loading,,,,,,3.18,,,RD228,,,
,09-07-2026,,,,,Waiting,,,,,,0.68,,,RD226,,,
,09-07-2026,,,,,LU Loading,,,,,,2.73,,,RD226,,,
,09-07-2026,,,,,Waiting,,,,,,0.73,,,RD234,,,
,09-07-2026,,,,,LU Loading,,,,,,2.72,,,RD234,,,
,09-07-2026,,,,,Waiting,,,,,,19.77,,,RD243,,,
,09-07-2026,,,,,Spotting,,,,,,2.05,,,RD243,,,
,09-07-2026,,,,,LU Loading,,,,,,4.9,,,RD243,,,
,09-07-2026,,,,,LU Loading,,,,,,2.67,,,RD141,,,
,09-07-2026,,,,,Waiting,,,,,,0.7,,,RD228,,,
,09-07-2026,,,,,LU Loading,,,,,,4.35,,,RD228,,,
,09-07-2026,,,,,Waiting,,,,,,0.43,,,RD226,,,
,09-07-2026,,,,,Spotting,,,,,,0.33,,,RD226,,,
,09-07-2026,,,,,LU Loading,,,,,,3.58,,,RD226,,,
,09-07-2026,,,,,Waiting,,,,,,12.75,,,RD244,,,
,09-07-2026,,,,,Spotting,,,,,,1.77,,,RD244,,,
,09-07-2026,,,,,LU Loading,,,,,,5.5,,,RD244,,,
,09-07-2026,,,,,Waiting,,,,,,4.95,,,RD226,,,
,09-07-2026,,,,,Spotting,,,,,,0.55,,,RD226,,,
,09-07-2026,,,,,LU Loading,,,,,,4.48,,,RD226,,,
,09-07-2026,,,,,Waiting,,,,,,0.32,,,RD228,,,
,09-07-2026,,,,,Spotting,,,,,,0.48,,,RD228,,,
,09-07-2026,,,,,LU Loading,,,,,,4.6,,,RD228,,,
,09-07-2026,,,,,Waiting,,,,,,7.13,,,RD244,,,
,09-07-2026,,,,,Spotting,,,,,,0.28,,,RD244,,,
,09-07-2026,,,,,LU Loading,,,,,,2.78,,,RD244,,,
,09-07-2026,,,,,Waiting,,,,,,7.38,,,RD226,,,
,09-07-2026,,,,,Spotting,,,,,,0.63,,,RD226,,,
,09-07-2026,,,,,LU Loading,,,,,,5.1,,,RD226,,,
,09-07-2026,,,,,Waiting,,,,,,0.8,,,RD228,,,
,09-07-2026,,,,,LU Loading,,,,,,3.72,,,RD228,,,
,09-07-2026,,,,,Waiting,,,,,,0.18,,,RD234,,,
,09-07-2026,,,,,LU Loading,,,,,,4,,,RD234,,,
,09-07-2026,,,,,Waiting,,,,,,0.85,,,RD244,,,
,09-07-2026,,,,,LU Loading,,,,,,5.22,,,RD244,,,
,09-07-2026,,,,,Waiting,,,,,,1.37,,,RD141,,,
,09-07-2026,,,,,Spotting,,,,,,0.12,,,RD141,,,
,09-07-2026,,,,,LU Loading,,,,,,6.27,,,RD141,,,
,09-07-2026,,,,,Waiting,,,,,,1.22,,,RD226,,,
,09-07-2026,,,,,Spotting,,,,,,0.42,,,RD226,,,
,09-07-2026,,,,,LU Loading,,,,,,3.72,,,RD226,,,
,09-07-2026,,,,,Waiting,,,,,,0.27,,,RD228,,,
,09-07-2026,,,,,LU Loading,,,,,,5.3,,,RD228,,,
,09-07-2026,,,,,Waiting,,,,,,0.4,,,RD234,,,
,09-07-2026,,,,,Spotting,,,,,,0.28,,,RD234,,,
,09-07-2026,,,,,LU Loading,,,,,,4.45,,,RD234,,,
,09-07-2026,,,,,Waiting,,,,,,0.82,,,RD244,,,
,09-07-2026,,,,,Spotting,,,,,,0.35,,,RD244,,,
,09-07-2026,,,,,LU Loading,,,,,,3.1,,,RD244,,,
,09-07-2026,,,,,Waiting,,,,,,0.92,,,RD141,,,
,09-07-2026,,,,,LU Loading,,,,,,4.8,,,RD141,,,
,09-07-2026,,,,,Waiting,,,,,,22.58,,,RD231,,,
,09-07-2026,,,,,Shift Change,,,,,,20.95,,,RD231,,,
,09-07-2026,,,,,Shift Change,,,,,,13.25,,,RD231,,,
,09-07-2026,,,,,Blasting,,,,,,97.95,,,RD231,,,
,09-07-2026,,,,,Marching,,,,,,22.58,,,RD231,,,
,09-07-2026,,,,,Side Casting,,,,,,4.82,,,RD231,,,
,09-07-2026,,,,,Waiting,,,,,,0.6,,,RD231,,,
,09-07-2026,,,,,Spotting,,,,,,1.25,,,RD231,,,
,09-07-2026,,,,,LU Loading,,,,,,0.13,,,RD231,,,
,09-07-2026,,,,,Side Casting,,,,,,4.25,,,RD245,,,
,09-07-2026,,,,,Waiting,,,,,,0.05,,,RD245,,,
,09-07-2026,,,,,LU Loading,,,,,,2.85,,,RD245,,,
,09-07-2026,,,,,LU Loading,,,,,,0.02,,,RD231,,,
,09-07-2026,,,,,Waiting,,,,,,6.17,,,RD229,,,
,09-07-2026,,,,,LU Loading,,,,,,2.98,,,RD229,,,
,09-07-2026,,,,,Waiting,,,,,,1.32,,,RD232,,,
,09-07-2026,,,,,LU Loading,,,,,,3.77,,,RD232,,,
,09-07-2026,,,,,Waiting,,,,,,4.22,,,RD247,,,
,09-07-2026,,,,,LU Loading,,,,,,7.87,,,RD247,,,
,09-07-2026,,,,,Waiting,,,,,,3.37,,,RD229,,,
,09-07-2026,,,,,LU Loading,,,,,,0.08,,,RD229,,,
,09-07-2026,,,,,LU Loading,,,,,,5.33,,,RD229,,,
,09-07-2026,,,,,Waiting,,,,,,1.33,,,RD245,,,
,09-07-2026,,,,,LU Loading,,,,,,0.22,,,RD245,,,
,09-07-2026,,,,,LU Loading,,,,,,3.68,,,RD245,,,
,09-07-2026,,,,,Waiting,,,,,,1.57,,,RD231,,,
,09-07-2026,,,,,LU Loading,,,,,,5.85,,,RD231,,,
,09-07-2026,,,,,Waiting,,,,,,4.68,,,RD247,,,
,09-07-2026,,,,,LU Loading,,,,,,9.45,,,RD247,,,
,09-07-2026,,,,,LU Loading,,,,,,3.97,,,RD232,,,
,09-07-2026,,,,,Waiting,,,,,,3.97,,,RD247,,,
,09-07-2026,,,,,LU Loading,,,,,,4.13,,,RD247,,,
,09-07-2026,,,,,Waiting,,,,,,0.82,,,RD229,,,
,09-07-2026,,,,,LU Loading,,,,,,0.23,,,RD229,,,
,09-07-2026,,,,,LU Loading,,,,,,5.57,,,RD229,,,
,09-07-2026,,,,,Waiting,,,,,,1.97,,,RD231,,,
,09-07-2026,,,,,LU Loading,,,,,,4.33,,,RD231,,,
,09-07-2026,,,,,Waiting,,,,,,1,,,RD245,,,
,09-07-2026,,,,,LU Loading,,,,,,3.83,,,RD245,,,
,09-07-2026,,,,,Waiting,,,,,,0.65,,,RD232,,,
,09-07-2026,,,,,LU Loading,,,,,,5.42,,,RD232,,,
,09-07-2026,,,,,Waiting,,,,,,0.48,,,RD247,,,
,09-07-2026,,,,,Spotting,,,,,,0.42,,,RD247,,,
,09-07-2026,,,,,LU Loading,,,,,,4.83,,,RD247,,,
,09-07-2026,,,,,Waiting,,,,,,0.27,,,RD229,,,
,09-07-2026,,,,,Spotting,,,,,,2.08,,,RD229,,,
,09-07-2026,,,,,LU Loading,,,,,,4.77,,,RD229,,,
,09-07-2026,,,,,Waiting,,,,,,2.88,,,RD245,,,
,09-07-2026,,,,,LU Loading,,,,,,4.57,,,RD245,,,
,09-07-2026,,,,,Waiting,,,,,,1.83,,,RD247,,,
,09-07-2026,,,,,Spotting,,,,,,0.65,,,RD247,,,
,09-07-2026,,,,,LU Loading,,,,,,4.77,,,RD247,,,
,09-07-2026,,,,,Waiting,,,,,,2.53,,,RD229,,,
,09-07-2026,,,,,Spotting,,,,,,0.48,,,RD229,,,
,09-07-2026,,,,,LU Loading,,,,,,3.28,,,RD229,,,
,09-07-2026,,,,,Waiting,,,,,,1.97,,,RD231,,,
,09-07-2026,,,,,LU Loading,,,,,,4.4,,,RD231,,,
,09-07-2026,,,,,Waiting,,,,,,0.8,,,RD245,,,
,09-07-2026,,,,,Spotting,,,,,,0.58,,,RD245,,,
,09-07-2026,,,,,LU Loading,,,,,,5.48,,,RD245,,,
,09-07-2026,,,,,Waiting,,,,,,1.32,,,RD247,,,
,09-07-2026,,,,,LU Loading,,,,,,3.3,,,RD247,,,
,09-07-2026,,,,,Waiting,,,,,,2.97,,,RD232,,,
,09-07-2026,,,,,Spotting,,,,,,0.4,,,RD232,,,
,09-07-2026,,,,,LU Loading,,,,,,4.72,,,RD232,,,
,09-07-2026,,,,,Waiting,,,,,,2.82,,,RD229,,,
,09-07-2026,,,,,Spotting,,,,,,0.72,,,RD229,,,
,09-07-2026,,,,,LU Loading,,,,,,2.33,,,RD229,,,
,09-07-2026,,,,,Waiting,,,,,,0.32,,,RD231,,,
,09-07-2026,,,,,Spotting,,,,,,1.7,,,RD231,,,
,09-07-2026,,,,,LU Loading,,,,,,1.55,,,RD231,,,
,09-07-2026,,,,,Waiting,,,,,,2.22,,,RD247,,,
,09-07-2026,,,,,LU Loading,,,,,,2.9,,,RD247,,,
,09-07-2026,,,,,Waiting,,,,,,4.13,,,RD232,,,
,09-07-2026,,,,,Spotting,,,,,,0.18,,,RD232,,,
,09-07-2026,,,,,LU Loading,,,,,,2.95,,,RD232,,,
,09-07-2026,,,,,Waiting,,,,,,0.45,,,RD245,,,
,09-07-2026,,,,,Spotting,,,,,,0.28,,,RD245,,,
,09-07-2026,,,,,LU Loading,,,,,,3.05,,,RD245,,,
,09-07-2026,,,,,Waiting,,,,,,2.42,,,RD229,,,
,09-07-2026,,,,,LU Loading,,,,,,2.88,,,RD229,,,
,09-07-2026,,,,,Waiting,,,,,,3.4,,,RD231,,,
,09-07-2026,,,,,LU Loading,,,,,,2.6,,,RD231,,,
,09-07-2026,,,,,Waiting,,,,,,3.17,,,RD247,,,
,09-07-2026,,,,,Spotting,,,,,,0.42,,,RD247,,,
,09-07-2026,,,,,LU Loading,,,,,,2.87,,,RD247,,,
,09-07-2026,,,,,Waiting,,,,,,0.22,,,RD229,,,
,09-07-2026,,,,,Spotting,,,,,,0.65,,,RD229,,,
,09-07-2026,,,,,LU Loading,,,,,,2.73,,,RD229,,,
,09-07-2026,,,,,Waiting,,,,,,12.55,,,RD229,,,
,09-07-2026,,,,,LU Loading,,,,,,3.12,,,RD229,,,
,09-07-2026,,,,,Waiting,,,,,,0.93,,,RD247,,,
,09-07-2026,,,,,LU Loading,,,,,,2.9,,,RD247,,,
,09-07-2026,,,,,Waiting,,,,,,0.53,,,RD231,,,
,09-07-2026,,,,,LU Loading,,,,,,2.72,,,RD231,,,
,09-07-2026,,,,,Waiting,,,,,,1.3,,,RD229,,,
,09-07-2026,,,,,Side Casting,,,,,,4.92,,,RD229,,,
,09-07-2026,,,,,Waiting,,,,,,0.35,,,RD229,,,
,09-07-2026,,,,,LU Loading,,,,,,2.57,,,RD229,,,
,09-07-2026,,,,,Waiting,,,,,,0.25,,,RD245,,,
,09-07-2026,,,,,Spotting,,,,,,0.38,,,RD245,,,
,09-07-2026,,,,,LU Loading,,,,,,2.35,,,RD245,,,
,09-07-2026,,,,,Waiting,,,,,,0.85,,,RD247,,,
,09-07-2026,,,,,LU Loading,,,,,,2.65,,,RD247,,,
,09-07-2026,,,,,Waiting,,,,,,3.45,,,RD229,,,
,09-07-2026,,,,,Spotting,,,,,,0.85,,,RD229,,,
,09-07-2026,,,,,LU Loading,,,,,,1.53,,,RD229,,,
,09-07-2026,,,,,Waiting,,,,,,0.15,,,RD231,,,
,09-07-2026,,,,,Spotting,,,,,,0.43,,,RD231,,,
,09-07-2026,,,,,LU Loading,,,,,,2.75,,,RD231,,,
,09-07-2026,,,,,Waiting,,,,,,6.57,,,RD247,,,
,09-07-2026,,,,, Down,,,,,,1.57,,,RD247,,,
,09-07-2026,,,,,Waiting,,,,,,1.78,,,RD247,,,
,09-07-2026,,,,,Spotting,,,,,,0.57,,,RD247,,,
,09-07-2026,,,,,LU Loading,,,,,,3.1,,,RD247,,,
,09-07-2026,,,,,Waiting,,,,,,0.37,,,RD229,,,
,09-07-2026,,,,,Spotting,,,,,,0.52,,,RD229,,,
,09-07-2026,,,,,LU Loading,,,,,,3.03,,,RD229,,,
,09-07-2026,,,,,Waiting,,,,,,0.62,,,RD245,,,
,09-07-2026,,,,,LU Loading,,,,,,4.3,,,RD245,,,
,09-07-2026,,,,,Waiting,,,,,,1.15,,,RD231,,,
,09-07-2026,,,,,LU Loading,,,,,,4.75,,,RD231,,,
,09-07-2026,,,,,Waiting,,,,,,0.55,,,RD247,,,
,09-07-2026,,,,,LU Loading,,,,,,3.57,,,RD247,,,
,09-07-2026,,,,,Waiting,,,,,,0.87,,,RD229,,,
,09-07-2026,,,,,LU Loading,,,,,,3.05,,,RD229,,,
,09-07-2026,,,,,Waiting,,,,,,29.45,,,RD229,,,
,09-07-2026,,,,,Shift Change,,,,,,14.42,,,RD229,,,
,09-07-2026,,,,,Shift Change,,,,,,28.22,,,RD229,,,
,09-07-2026,,,,,Marching,,,,,,2.87,,,RD229,,,
,09-07-2026,,,,,LU Loading,,,,,,2.22,,,RD229,,,
,09-07-2026,,,,,Waiting,,,,,,17.35,,,RD143,,,
,09-07-2026,,,,,Spotting,,,,,,0.28,,,RD143,,,
,09-07-2026,,,,,LU Loading,,,,,,2.68,,,RD143,,,
,09-07-2026,,,,,Waiting,,,,,,7.37,,,RD227,,,
,09-07-2026,,,,,LU Loading,,,,,,3.45,,,RD227,,,
,09-07-2026,,,,,Waiting,,,,,,6.77,,,RD227,,,
,09-07-2026,,,,,Spotting,,,,,,0.28,,,RD227,,,
,09-07-2026,,,,,LU Loading,,,,,,3.27,,,RD227,,,
,09-07-2026,,,,,Waiting,,,,,,5.18,,,RD227,,,
,09-07-2026,,,,,LU Loading,,,,,,3.77,,,RD227,,,
,09-07-2026,,,,,Waiting,,,,,,6.32,,,RD227,,,
,09-07-2026,,,,,LU Loading,,,,,,3.37,,,RD227,,,
,09-07-2026,,,,,Waiting,,,,,,5.33,,,RD227,,,
,09-07-2026,,,,,Spotting,,,,,,0.22,,,RD227,,,
,09-07-2026,,,,,LU Loading,,,,,,3.18,,,RD227,,,
,09-07-2026,,,,,Waiting,,,,,,6.85,,,RD227,,,
,09-07-2026,,,,,Spotting,,,,,,0.42,,,RD227,,,
,09-07-2026,,,,,LU Loading,,,,,,3,,,RD227,,,
,09-07-2026,,,,,Waiting,,,,,,6.27,,,RD227,,,
,09-07-2026,,,,,LU Loading,,,,,,3.35,,,RD227,,,
,10-07-2026,,,,,Waiting,,,,,,4.35,,,RD121,,,
,10-07-2026,,,,,LU Loading,,,,,,4.42,,,RD121,,,
,10-07-2026,,,,,Waiting,,,,,,0.22,,,RD227,,,
,10-07-2026,,,,,Spotting,,,,,,0.37,,,RD227,,,
,10-07-2026,,,,,LU Loading,,,,,,3.65,,,RD227,,,
,10-07-2026,,,,,Waiting,,,,,,2.73,,,RD121,,,
,10-07-2026,,,,,LU Loading,,,,,,4.2,,,RD121,,,
,10-07-2026,,,,,Waiting,,,,,,0.53,,,RD227,,,
,10-07-2026,,,,,Spotting,,,,,,0.17,,,RD227,,,
,10-07-2026,,,,,LU Loading,,,,,,3.75,,,RD227,,,
,10-07-2026,,,,,Waiting,,,,,,3.63,,,RD121,,,
,10-07-2026,,,,,LU Loading,,,,,,3.75,,,RD121,,,
,10-07-2026,,,,,Waiting,,,,,,1.77,,,RD227,,,
,10-07-2026,,,,,LU Loading,,,,,,2.67,,,RD227,,,
,10-07-2026,,,,,Waiting,,,,,,2.85,,,RD121,,,
,10-07-2026,,,,,Spotting,,,,,,0.17,,,RD121,,,
,10-07-2026,,,,,LU Loading,,,,,,5.47,,,RD121,,,
,10-07-2026,,,,,Waiting,,,,,,2.63,,,RD227,,,
,10-07-2026,,,,,LU Loading,,,,,,3.17,,,RD227,,,
,10-07-2026,,,,,Waiting,,,,,,3.35,,,RD121,,,
,10-07-2026,,,,,LU Loading,,,,,,4,,,RD121,,,
,10-07-2026,,,,,Waiting,,,,,,1.07,,,RD227,,,
,10-07-2026,,,,,LU Loading,,,,,,3.35,,,RD227,,,
,10-07-2026,,,,,Waiting,,,,,,2.38,,,RD121,,,
,10-07-2026,,,,,LU Loading,,,,,,3.3,,,RD121,,,
,10-07-2026,,,,,Waiting,,,,,,1.35,,,RD227,,,
,10-07-2026,,,,,LU Loading,,,,,,2.93,,,RD227,,,
,10-07-2026,,,,,Waiting,,,,,,0.85,,,RD121,,,
,10-07-2026,,,,,LU Loading,,,,,,4.15,,,RD121,,,
,10-07-2026,,,,,Waiting,,,,,,5.6,,,RD121,,,
,10-07-2026,,,,,LU Loading,,,,,,3.12,,,RD121,,,
,10-07-2026,,,,,Waiting,,,,,,1.2,,,RD227,,,
,10-07-2026,,,,,LU Loading,,,,,,6.12,,,RD227,,,
,10-07-2026,,,,,Waiting,,,,,,4.4,,,RD227,,,
,10-07-2026,,,,,LU Loading,,,,,,3.63,,,RD227,,,
,10-07-2026,,,,,Waiting,,,,,,4.42,,,RD227,,,
,10-07-2026,,,,,LU Loading,,,,,,3.4,,,RD227,,,
,10-07-2026,,,,,Waiting,,,,,,4.9,,,RD227,,,
,10-07-2026,,,,,Spotting,,,,,,0.57,,,RD227,,,
,10-07-2026,,,,,LU Loading,,,,,,2.82,,,RD227,,,
,10-07-2026,,,,,Waiting,,,,,,4.77,,,RD227,,,
,10-07-2026,,,,,LU Loading,,,,,,2.35,,,RD227,,,
,10-07-2026,,,,,Waiting,,,,,,4.88,,,RD227,,,
,10-07-2026,,,,,LU Loading,,,,,,2.7,,,RD227,,,
,10-07-2026,,,,,Waiting,,,,,,16.03,,,RD121,,,
,10-07-2026,,,,,LU Loading,,,,,,3.67,,,RD121,,,
,10-07-2026,,,,,Waiting,,,,,,6.27,,,RD121,,,
,10-07-2026,,,,,LU Loading,,,,,,3.75,,,RD121,,,
,10-07-2026,,,,,Waiting,,,,,,6.28,,,RD121,,,
,10-07-2026,,,,,LU Loading,,,,,,3.33,,,RD121,,,
,10-07-2026,,,,,Waiting,,,,,,1.25,,,RD227,,,
,10-07-2026,,,,,LU Loading,,,,,,3.73,,,RD227,,,
,10-07-2026,,,,,Waiting,,,,,,1.6,,,RD121,,,
,10-07-2026,,,,,Spotting,,,,,,0.25,,,RD121,,,
,10-07-2026,,,,,LU Loading,,,,,,3.72,,,RD121,,,
,10-07-2026,,,,,Waiting,,,,,,0.72,,,RD227,,,
,10-07-2026,,,,,LU Loading,,,,,,4.4,,,RD227,,,
,10-07-2026,,,,,Waiting,,,,,,7.47,,,RD227,,,
,10-07-2026,,,,,LU Loading,,,,,,3.2,,,RD227,,,
,10-07-2026,,,,,Waiting,,,,,,2.75,,,RD121,,,
,10-07-2026,,,,,LU Loading,,,,,,3.85,,,RD121,,,
,10-07-2026,,,,,Waiting,,,,,,1.05,,,RD227,,,
,10-07-2026,,,,,LU Loading,,,,,,3.02,,,RD227,,,
,10-07-2026,,,,,Waiting,,,,,,3.47,,,RD121,,,
,10-07-2026,,,,,LU Loading,,,,,,4.02,,,RD121,,,
,10-07-2026,,,,,Waiting,,,,,,1.58,,,RD227,,,
,10-07-2026,,,,,LU Loading,,,,,,3.13,,,RD227,,,
,10-07-2026,,,,,Waiting,,,,,,5.62,,,RD227,,,
,10-07-2026,,,,,LU Loading,,,,,,3.07,,,RD227,,,
,10-07-2026,,,,,Waiting,,,,,,7.75,,,RD227,,,
,10-07-2026,,,,,LU Loading,,,,,,3.28,,,RD227,,,
,10-07-2026,,,,,Waiting,,,,,,5.7,,,RD227,,,
,10-07-2026,,,,,LU Loading,,,,,,4.13,,,RD227,,,
,10-07-2026,,,,,Waiting,,,,,,1.37,,,RD121,,,
,10-07-2026,,,,,LU Loading,,,,,,4.38,,,RD121,,,
,10-07-2026,,,,,Waiting,,,,,,0.97,,,RD227,,,
,10-07-2026,,,,,LU Loading,,,,,,3,,,RD227,,,
,10-07-2026,,,,,Waiting,,,,,,4.88,,,RD121,,,
,10-07-2026,,,,,LU Loading,,,,,,5.18,,,RD121,,,
,10-07-2026,,,,,Waiting,,,,,,1.18,,,RD227,,,
,10-07-2026,,,,,LU Loading,,,,,,3.33,,,RD227,,,
,10-07-2026,,,,,Waiting,,,,,,2.8,,,RD121,,,
,10-07-2026,,,,,Spotting,,,,,,0.97,,,RD121,,,
,10-07-2026,,,,,LU Loading,,,,,,3.73,,,RD121,,,
,10-07-2026,,,,,Waiting,,,,,,1.08,,,RD227,,,
,10-07-2026,,,,,LU Loading,,,,,,3.02,,,RD227,,,
,10-07-2026,,,,,Waiting,,,,,,3.38,,,RD121,,,
,10-07-2026,,,,,LU Loading,,,,,,3.75,,,RD121,,,
,10-07-2026,,,,,Waiting,,,,,,0.95,,,RD227,,,
,10-07-2026,,,,,LU Loading,,,,,,3.12,,,RD227,,,
,10-07-2026,,,,,Waiting,,,,,,11.98,,,RD227,,,
,10-07-2026,,,,,LU Loading,,,,,,3.23,,,RD227,,,
,10-07-2026,,,,,Waiting,,,,,,4.58,,,RD121,,,
,10-07-2026,,,,,LU Loading,,,,,,3.58,,,RD121,,,
,10-07-2026,,,,,Waiting,,,,,,0.72,,,RD227,,,
,10-07-2026,,,,,LU Loading,,,,,,2.38,,,RD227,,,
,10-07-2026,,,,,Waiting,,,,,,8.25,,,RD235,,,
,10-07-2026,,,,,Shift Change,,,,,,26,,,RD235,,,
,10-07-2026,,,,,,,,,,,,,,,,,
,Timestamp,,,,,Status Code,,Sub-Status Code,,,,"Duration
(min)",,,Hauling Unit,,,
,10-07-2026,,,,,Shift Change,,,,,,50.25,,,RD235,,,
,10-07-2026,,,,,Marching,,,,,,6.53,,,RD235,,,
,10-07-2026,,,,,LU Loading,,,,,,1,,,RD235,,,
,10-07-2026,,,,,Marching,,,,,,1.13,,,RD235,,,
,10-07-2026,,,,,LU Loading,,,,,,4.42,,,RD235,,,
,10-07-2026,,,,,Waiting,,,,,,0.73,,,RD230,,,
,10-07-2026,,,,,LU Loading,,,,,,3.2,,,RD230,,,
,10-07-2026,,,,,Waiting,,,,,,4.22,,,RD229,,,
,10-07-2026,,,,,Spotting,,,,,,0.33,,,RD229,,,
,10-07-2026,,,,,LU Loading,,,,,,4.38,,,RD229,,,
,10-07-2026,,,,,Waiting,,,,,,3.75,,,RD235,,,
,10-07-2026,,,,,LU Loading,,,,,,4.1,,,RD235,,,
,10-07-2026,,,,,Waiting,,,,,,1.53,,,RD230,,,
,10-07-2026,,,,,LU Loading,,,,,,3.47,,,RD230,,,
,10-07-2026,,,,,Waiting,,,,,,1.78,,,RD229,,,
,10-07-2026,,,,,LU Loading,,,,,,3.75,,,RD229,,,
,10-07-2026,,,,,Waiting,,,,,,5.73,,,RD234,,,
,10-07-2026,,,,,Spotting,,,,,,0.17,,,RD234,,,
,10-07-2026,,,,,LU Loading,,,,,,4.55,,,RD234,,,
,10-07-2026,,,,,Waiting,,,,,,1.15,,,RD235,,,
,10-07-2026,,,,,LU Loading,,,,,,3.6,,,RD235,,,
,10-07-2026,,,,,Waiting,,,,,,0.93,,,RD230,,,
,10-07-2026,,,,,LU Loading,,,,,,3.43,,,RD230,,,
,10-07-2026,,,,,Waiting,,,,,,11.78,,,RD229,,,
,10-07-2026,,,,,LU Loading,,,,,,3.82,,,RD229,,,
,10-07-2026,,,,,Waiting,,,,,,0.6,,,RD234,,,
,10-07-2026,,,,,LU Loading,,,,,,4,,,RD234,,,
,10-07-2026,,,,,Waiting,,,,,,0.18,,,RD235,,,
,10-07-2026,,,,,Spotting,,,,,,0.38,,,RD235,,,
,10-07-2026,,,,,LU Loading,,,,,,3.43,,,RD235,,,
,10-07-2026,,,,,Waiting,,,,,,1.38,,,RD230,,,
,10-07-2026,,,,,LU Loading,,,,,,3.88,,,RD230,,,
,10-07-2026,,,,,Waiting,,,,,,4.98,,,RD229,,,
,10-07-2026,,,,,LU Loading,,,,,,3.35,,,RD229,,,
,10-07-2026,,,,,Waiting,,,,,,2.2,,,RD141,,,
,10-07-2026,,,,,Schedule No Work,,,,,,325.85,,,RD141,,,
,10-07-2026,,,,,Schedule No Work,,,,,,11.83,,,RD141,,,
,10-07-2026,,,,,Blasting,,,,,,50.83,,,RD141,,,
,10-07-2026,,,,,Marching,,,,,,23.77,,,RD141,,,
,10-07-2026,,,,,LU Loading,,,,,,4.7,,,RD141,,,
,10-07-2026,,,,,Waiting,,,,,,0.58,,,RD227,,,
,10-07-2026,,,,,LU Loading,,,,,,3.75,,,RD227,,,
,10-07-2026,,,,,Waiting,,,,,,0.93,,,RD253,,,
,10-07-2026,,,,,LU Loading,,,,,,3.47,,,RD253,,,
,10-07-2026,,,,,Waiting,,,,,,4.13,,,RD126,,,
,10-07-2026,,,,,Spotting,,,,,,0.43,,,RD126,,,
,10-07-2026,,,,,LU Loading,,,,,,3.28,,,RD126,,,
,10-07-2026,,,,,LU Loading,,,,,,5.22,,,RD122,,,
,10-07-2026,,,,,Spotting,,,,,,0.28,,,RD226,,,
,10-07-2026,,,,,LU Loading,,,,,,4.52,,,RD226,,,
,10-07-2026,,,,,Waiting,,,,,,0.4,,,RD230,,,
,10-07-2026,,,,,Spotting,,,,,,0.8,,,RD230,,,
,10-07-2026,,,,,LU Loading,,,,,,4.07,,,RD230,,,
,10-07-2026,,,,,Waiting,,,,,,3.55,,,RD141,,,
,10-07-2026,,,,,LU Loading,,,,,,2.82,,,RD141,,,
,10-07-2026,,,,,Waiting,,,,,,1.03,,,RD227,,,
,10-07-2026,,,,,LU Loading,,,,,,3.67,,,RD227,,,
,10-07-2026,,,,,Waiting,,,,,,0.4,,,RD253,,,
,10-07-2026,,,,,Spotting,,,,,,0.95,,,RD253,,,
,10-07-2026,,,,,LU Loading,,,,,,3.65,,,RD253,,,
,10-07-2026,,,,,Waiting,,,,,,2.75,,,RD126,,,
,10-07-2026,,,,,LU Loading,,,,,,3.3,,,RD126,,,
,10-07-2026,,,,,Waiting,,,,,,4.08,,,RD122,,,
,10-07-2026,,,,,LU Loading,,,,,,2.67,,,RD122,,,
,10-07-2026,,,,,Waiting,,,,,,3.78,,,RD230,,,
,10-07-2026,,,,,LU Loading,,,,,,3.95,,,RD230,,,
,10-07-2026,,,,,Waiting,,,,,,2.87,,,RD227,,,
,10-07-2026,,,,,LU Loading,,,,,,4.1,,,RD227,,,
,10-07-2026,,,,,Spotting,,,,,,0.28,,,RD253,,,
,10-07-2026,,,,,LU Loading,,,,,,4.38,,,RD253,,,
,10-07-2026,,,,,Waiting,,,,,,0.68,,,RD141,,,
,10-07-2026,,,,,LU Loading,,,,,,4.03,,,RD141,,,
,10-07-2026,,,,,Waiting,,,,,,2.48,,,RD126,,,
,10-07-2026,,,,,Spotting,,,,,,0.57,,,RD126,,,
,10-07-2026,,,,,LU Loading,,,,,,3.73,,,RD126,,,
,10-07-2026,,,,,Waiting,,,,,,10.28,,,RD230,,,
,10-07-2026,,,,,Spotting,,,,,,0.12,,,RD230,,,
,10-07-2026,,,,,LU Loading,,,,,,4.27,,,RD230,,,
,10-07-2026,,,,,Spotting,,,,,,0.05,,,RD227,,,
,10-07-2026,,,,,LU Loading,,,,,,4.07,,,RD227,,,
,10-07-2026,,,,,Waiting,,,,,,0.05,,,RD122,,,
,10-07-2026,,,,,LU Loading,,,,,,2.68,,,RD122,,,
,10-07-2026,,,,,Waiting,,,,,,2.77,,,RD253,,,
,10-07-2026,,,,,LU Loading,,,,,,3.62,,,RD253,,,
,10-07-2026,,,,,Waiting,,,,,,0.5,,,RD141,,,
,10-07-2026,,,,,LU Loading,,,,,,2.93,,,RD141,,,
,10-07-2026,,,,,Waiting,,,,,,1.28,,,RD126,,,
,10-07-2026,,,,,Spotting,,,,,,0.58,,,RD126,,,
,10-07-2026,,,,,LU Loading,,,,,,2.83,,,RD126,,,
,10-07-2026,,,,,Waiting,,,,,,14.77,,,RD230,,,
,10-07-2026,,,,,Spotting,,,,,,0.48,,,RD230,,,
,10-07-2026,,,,,LU Loading,,,,,,3.12,,,RD230,,,
,10-07-2026,,,,,Waiting,,,,,,0.38,,,RD227,,,
,10-07-2026,,,,,Spotting,,,,,,0.42,,,RD227,,,
,10-07-2026,,,,,LU Loading,,,,,,3.8,,,RD227,,,
,10-07-2026,,,,,Waiting,,,,,,0.17,,,RD253,,,
,10-07-2026,,,,,Spotting,,,,,,0.33,,,RD253,,,
,10-07-2026,,,,,LU Loading,,,,,,3.1,,,RD253,,,
,10-07-2026,,,,,Waiting,,,,,,0.53,,,RD141,,,
,10-07-2026,,,,,Spotting,,,,,,0.73,,,RD141,,,
,10-07-2026,,,,,LU Loading,,,,,,2.63,,,RD141,,,
,10-07-2026,,,,,Waiting,,,,,,0.43,,,RD122,,,
,10-07-2026,,,,,Spotting,,,,,,0.32,,,RD122,,,
,10-07-2026,,,,,LU Loading,,,,,,3,,,RD122,,,
,10-07-2026,,,,,Waiting,,,,,,13.03,,,RD230,,,
,10-07-2026,,,,,LU Loading,,,,,,3.23,,,RD230,,,
,10-07-2026,,,,,Waiting,,,,,,4.92,,,RD126,,,
,10-07-2026,,,,,LU Loading,,,,,,2.67,,,RD126,,,
,10-07-2026,,,,,Waiting,,,,,,0.92,,,RD227,,,
,10-07-2026,,,,,LU Loading,,,,,,2.9,,,RD227,,,
,10-07-2026,,,,,Waiting,,,,,,0.33,,,RD141,,,
,10-07-2026,,,,,LU Loading,,,,,,4.13,,,RD141,,,
,10-07-2026,,,,,Waiting,,,,,,4.28,,,RD122,,,
,10-07-2026,,,,,Spotting,,,,,,0.28,,,RD122,,,
,10-07-2026,,,,,LU Loading,,,,,,4.12,,,RD122,,,
,10-07-2026,,,,,Waiting,,,,,,7.27,,,RD230,,,
,10-07-2026,,,,,Spotting,,,,,,0.33,,,RD230,,,
,10-07-2026,,,,,LU Loading,,,,,,6.08,,,RD230,,,
,10-07-2026,,,,,Waiting,,,,,,1.13,,,RD227,,,
,10-07-2026,,,,,LU Loading,,,,,,4.98,,,RD227,,,
,10-07-2026,,,,,Waiting,,,,,,1,,,RD231,,,
,10-07-2026,,,,,LU Loading,,,,,,5.33,,,RD231,,,
,10-07-2026,,,,,Waiting,,,,,,4.17,,,RD141,,,
,10-07-2026,,,,,Spotting,,,,,,0.95,,,RD141,,,
,10-07-2026,,,,,LU Loading,,,,,,3.05,,,RD141,,,
,10-07-2026,,,,,Waiting,,,,,,1.27,,,RD126,,,
,10-07-2026,,,,,Spotting,,,,,,0.23,,,RD126,,,
,10-07-2026,,,,,LU Loading,,,,,,2.45,,,RD126,,,
,10-07-2026,,,,,Waiting,,,,,,5.12,,,RD122,,,
,10-07-2026,,,,,LU Loading,,,,,,4.53,,,RD122,,,
,10-07-2026,,,,,LU Loading,,,,,,3.52,,,RD230,,,
,10-07-2026,,,,,Waiting,,,,,,5.65,,,RD227,,,
,10-07-2026,,,,,LU Loading,,,,,,2.58,,,RD227,,,
,10-07-2026,,,,,Waiting,,,,,,0.8,,,RD231,,,
,10-07-2026,,,,,LU Loading,,,,,,2.63,,,RD231,,,
,10-07-2026,,,,,Waiting,,,,,,0.5,,,RD141,,,
,10-07-2026,,,,,LU Loading,,,,,,4.13,,,RD141,,,
,10-07-2026,,,,,Waiting,,,,,,12.15,,,RD126,,,
,10-07-2026,,,,,Spotting,,,,,,0.18,,,RD126,,,
,10-07-2026,,,,,LU Loading,,,,,,3.88,,,RD126,,,
,10-07-2026,,,,,Waiting,,,,,,1.45,,,RD230,,,
,10-07-2026,,,,,Spotting,,,,,,0.37,,,RD230,,,
,10-07-2026,,,,,LU Loading,,,,,,3.4,,,RD230,,,
,10-07-2026,,,,,Waiting,,,,,,1.9,,,RD227,,,
,10-07-2026,,,,,LU Loading,,,,,,3.57,,,RD227,,,
,10-07-2026,,,,,LU Loading,,,,,,0.62,,,RD231,,,
,10-07-2026,,,,,Waiting,,,,,,0.28,,,RD122,,,
,10-07-2026,,,,,Spotting,,,,,,0.17,,,RD122,,,
,10-07-2026,,,,,LU Loading,,,,,,7.53,,,RD122,,,
,10-07-2026,,,,,Waiting,,,,,,11.93,,,RD141,,,
,10-07-2026,,,,,LU Loading,,,,,,4.13,,,RD141,,,
,10-07-2026,,,,,Waiting,,,,,,1.75,,,RD230,,,
,10-07-2026,,,,,Spotting,,,,,,0.45,,,RD230,,,
,10-07-2026,,,,,LU Loading,,,,,,3.78,,,RD230,,,
,10-07-2026,,,,,Waiting,,,,,,0.75,,,RD126,,,
,10-07-2026,,,,,Spotting,,,,,,0.38,,,RD126,,,
,10-07-2026,,,,,LU Loading,,,,,,3.47,,,RD126,,,
,10-07-2026,,,,,Waiting,,,,,,3.5,,,RD227,,,
,10-07-2026,,,,,LU Loading,,,,,,4.33,,,RD227,,,
,10-07-2026,,,,,Waiting,,,,,,0.68,,,RD122,,,
,10-07-2026,,,,,Spotting,,,,,,0.2,,,RD122,,,
,10-07-2026,,,,,LU Loading,,,,,,3.98,,,RD122,,,
,10-07-2026,,,,,Waiting,,,,,,17.37,,,RD238,,,
,10-07-2026,,,,,Shift Change,,,,,,26.27,,,RD238,,,
,10-07-2026,,,,,Shift Change,,,,,,96.83,,,RD238,,,
,10-07-2026,,,,,Schedule No Work,,,,,,184.4,,,RD238,,,
,11-07-2026,,,,,Marching,,,,,,25.87,,,RD238,,,
,11-07-2026,,,,,Waiting,,,,,,11.5,,,RD238,,,
,11-07-2026,,,,,LU Loading,,,,,,3.35,,,RD238,,,
,11-07-2026,,,,,Waiting,,,,,,5.98,,,RD238,,,
,11-07-2026,,,,,Spotting,,,,,,0.35,,,RD238,,,
,11-07-2026,,,,,LU Loading,,,,,,4.22,,,RD238,,,
,11-07-2026,,,,,Waiting,,,,,,7.55,,,RD238,,,
,11-07-2026,,,,,LU Loading,,,,,,5.97,,,RD238,,,
,11-07-2026,,,,,Waiting,,,,,,6.65,,,RD238,,,
,11-07-2026,,,,,Spotting,,,,,,0.4,,,RD238,,,
,11-07-2026,,,,,LU Loading,,,,,,3.35,,,RD238,,,
,11-07-2026,,,,,Waiting,,,,,,7.7,,,RD238,,,
,11-07-2026,,,,,Spotting,,,,,,0.6,,,RD238,,,
,11-07-2026,,,,,LU Loading,,,,,,5.5,,,RD238,,,
,11-07-2026,,,,,Waiting,,,,,,3.62,,,RD121,,,
,11-07-2026,,,,,LU Loading,,,,,,0.58,,,RD121,,,
,11-07-2026,,,,,Waiting,,,,,,0.9,,,RD238,,,
,11-07-2026,,,,,Spotting,,,,,,0.53,,,RD238,,,
,11-07-2026,,,,,LU Loading,,,,,,3.05,,,RD238,,,
,11-07-2026,,,,,Waiting,,,,,,4.85,,,RD238,,,
,11-07-2026,,,,,Spotting,,,,,,1.15,,,RD238,,,
,11-07-2026,,,,,LU Loading,,,,,,3.65,,,RD238,,,
,11-07-2026,,,,,Waiting,,,,,,5.43,,,RD238,,,
,11-07-2026,,,,,LU Loading,,,,,,3.47,,,RD238,,,
,11-07-2026,,,,,Waiting,,,,,,6.92,,,RD238,,,
,11-07-2026,,,,,Spotting,,,,,,0.43,,,RD238,,,
,11-07-2026,,,,,LU Loading,,,,,,3.38,,,RD238,,,
,11-07-2026,,,,,Waiting,,,,,,7.1,,,RD238,,,
,11-07-2026,,,,,Spotting,,,,,,1.37,,,RD238,,,
,11-07-2026,,,,,LU Loading,,,,,,3.22,,,RD238,,,
,11-07-2026,,,,,Waiting,,,,,,6.38,,,RD238,,,
,11-07-2026,,,,,Spotting,,,,,,0.68,,,RD238,,,
,11-07-2026,,,,,LU Loading,,,,,,3.97,,,RD238,,,
,11-07-2026,,,,,Waiting,,,,,,1.87,,,RD121,,,
,11-07-2026,,,,,Spotting,,,,,,2.47,,,RD121,,,
,11-07-2026,,,,,LU Loading,,,,,,0.42,,,RD121,,,
,11-07-2026,,,,,Spotting,,,,,,0.48,,,RD238,,,
,11-07-2026,,,,,LU Loading,,,,,,3.15,,,RD238,,,
,11-07-2026,,,,,Waiting,,,,,,33.88,,,RD122,,,
,11-07-2026,,,,,Shift Change,,,,,,6.83,,,RD122,,,
,11-07-2026,,,,,,,,,,,,,,,,,
,Timestamp,,,,,Status Code,,Sub-Status Code,,,,"Duration
(min)",,,Hauling Unit,,,
,11-07-2026,,,,,Shift Change,,,,,,52.1,,,RD122,,,
,11-07-2026,,,,,Schedule No Work,,,,,,427.9,,,RD122,,,
,11-07-2026,,,,,Schedule No Work,,,,,,103.2,,,RD122,,,
,11-07-2026,,,,,Marching,,,,,,11.27,,,RD122,,,
,11-07-2026,,,,,Waiting,,,,,,0.77,,,RD122,,,
,11-07-2026,,,,,LU Loading,,,,,,3.95,,,RD122,,,
,11-07-2026,,,,,Waiting,,,,,,0.45,,,RD121,,,
,11-07-2026,,,,,LU Loading,,,,,,5.2,,,RD121,,,
,11-07-2026,,,,,Waiting,,,,,,1.08,,,RD231,,,
,11-07-2026,,,,,LU Loading,,,,,,4.57,,,RD231,,,
,11-07-2026,,,,,Waiting,,,,,,0.82,,,RD234,,,
,11-07-2026,,,,,LU Loading,,,,,,5.93,,,RD234,,,
,11-07-2026,,,,,Waiting,,,,,,1.1,,,RD245,,,
,11-07-2026,,,,,Spotting,,,,,,0.32,,,RD245,,,
,11-07-2026,,,,,LU Loading,,,,,,6.63,,,RD245,,,
,11-07-2026,,,,,Waiting,,,,,,1.22,,,RD122,,,
,11-07-2026,,,,,Spotting,,,,,,1.13,,,RD122,,,
,11-07-2026,,,,,LU Loading,,,,,,6,,,RD122,,,
,11-07-2026,,,,,Waiting,,,,,,1.57,,,RD121,,,
,11-07-2026,,,,,LU Loading,,,,,,8.02,,,RD121,,,
,11-07-2026,,,,,Waiting,,,,,,1,,,RD231,,,
,11-07-2026,,,,,LU Loading,,,,,,6.25,,,RD231,,,
,11-07-2026,,,,,Waiting,,,,,,0.93,,,RD234,,,
,11-07-2026,,,,,LU Loading,,,,,,7.27,,,RD234,,,
,11-07-2026,,,,,Waiting,,,,,,9.03,,,RD122,,,
,11-07-2026,,,,,Spotting,,,,,,0.63,,,RD122,,,
,11-07-2026,,,,,LU Loading,,,,,,7.13,,,RD122,,,
,11-07-2026,,,,,Waiting,,,,,,6.27,,,RD245,,,
,11-07-2026,,,,,Face Prep,,,,,,3.72,,,RD245,,,
,11-07-2026,,,,,LU Loading,,,,,,4.22,,,RD245,,,
,11-07-2026,,,,,Waiting,,,,,,1.67,,,RD234,,,
,11-07-2026,,,,,LU Loading,,,,,,4.67,,,RD234,,,
,11-07-2026,,,,,Waiting,,,,,,8.37,,,RD121,,,
,11-07-2026,,,,,Tea/ Breakfast / Snacks,,,,,,74.35,,,RD121,,,
,11-07-2026,,,,,LU Loading,,,,,,3.57,,,RD121,,,
,11-07-2026,,,,,Waiting,,,,,,1.05,,,RD122,,,
,11-07-2026,,,,,LU Loading,,,,,,5.17,,,RD122,,,
,11-07-2026,,,,,Waiting,,,,,,1.33,,,RD234,,,
,11-07-2026,,,,,LU Loading,,,,,,4.57,,,RD234,,,
,11-07-2026,,,,,Waiting,,,,,,0.9,,,RD245,,,
,11-07-2026,,,,,Spotting,,,,,,0.3,,,RD245,,,
,11-07-2026,,,,,LU Loading,,,,,,5.07,,,RD245,,,
,11-07-2026,,,,,Waiting,,,,,,8.18,,,RD121,,,
,11-07-2026,,,,,LU Loading,,,,,,0.08,,,RD121,,,
,11-07-2026,,,,,LU Loading,,,,,,4.1,,,RD121,,,
,11-07-2026,,,,,Waiting,,,,,,2.1,,,RD248,,,
,11-07-2026,,,,,LU Loading,,,,,,4.03,,,RD248,,,
,11-07-2026,,,,,Waiting,,,,,,0.47,,,RD122,,,
,11-07-2026,,,,,LU Loading,,,,,,4.98,,,RD122,,,
,11-07-2026,,,,,Waiting,,,,,,6.43,,,RD245,,,
,11-07-2026,,,,,Spotting,,,,,,1.85,,,RD245,,,
,11-07-2026,,,,,LU Loading,,,,,,4.88,,,RD245,,,
,11-07-2026,,,,,Waiting,,,,,,4.33,,,RD121,,,
,11-07-2026,,,,,LU Loading,,,,,,6.03,,,RD121,,,
,11-07-2026,,,,,Waiting,,,,,,6.15,,,RD248,,,
,11-07-2026,,,,,LU Loading,,,,,,4.72,,,RD248,,,
,11-07-2026,,,,,Waiting,,,,,,0.7,,,RD122,,,
,11-07-2026,,,,,LU Loading,,,,,,2.37,,,RD122,,,
,11-07-2026,,,,,LU Loading,,,,,,2.17,,,RD122,,,
,11-07-2026,,,,,Waiting,,,,,,0.37,,,RD234,,,
,11-07-2026,,,,,LU Loading,,,,,,5.37,,,RD234,,,
,11-07-2026,,,,,Waiting,,,,,,2.52,,,RD245,,,
,11-07-2026,,,,,LU Loading,,,,,,3.7,,,RD245,,,
,11-07-2026,,,,,Waiting,,,,,,0.77,,,RD121,,,
,11-07-2026,,,,,LU Loading,,,,,,2.65,,,RD121,,,
,11-07-2026,,,,,Waiting,,,,,,2.85,,,RD248,,,
,11-07-2026,,,,,LU Loading,,,,,,3.07,,,RD248,,,
,11-07-2026,,,,,Waiting,,,,,,7.28,,,RD234,,,
,11-07-2026,,,,,Spotting,,,,,,0.75,,,RD234,,,
,11-07-2026,,,,,LU Loading,,,,,,4.63,,,RD234,,,
,11-07-2026,,,,,Waiting,,,,,,0.83,,,RD122,,,
,11-07-2026,,,,,Spotting,,,,,,0.23,,,RD122,,,
,11-07-2026,,,,,LU Loading,,,,,,4.37,,,RD122,,,
,11-07-2026,,,,,Waiting,,,,,,0.8,,,RD245,,,
,11-07-2026,,,,,LU Loading,,,,,,6.78,,,RD245,,,
,11-07-2026,,,,,Waiting,,,,,,0.72,,,RD121,,,
,11-07-2026,,,,,Spotting,,,,,,1.48,,,RD121,,,
,11-07-2026,,,,,LU Loading,,,,,,3.78,,,RD121,,,
,11-07-2026,,,,,LU Loading,,,,,,0.02,,,RD248,,,
,11-07-2026,,,,,LU Loading,,,,,,3.4,,,RD248,,,
,11-07-2026,,,,,Waiting,,,,,,1.47,,,RD234,,,
,11-07-2026,,,,,Spotting,,,,,,0.43,,,RD234,,,
,11-07-2026,,,,,LU Loading,,,,,,3.33,,,RD234,,,
,11-07-2026,,,,,Waiting,,,,,,14.18,,,RD236,,,
,11-07-2026,,,,,Shift Change,,,,,,19.97,,,RD236,,,
,11-07-2026,,,,,Shift Change,,,,,,73.9,,,RD236,,,
,11-07-2026,,,,,Schedule No Work,,,,,,90.6,,,RD236,,,
,12-07-2026,,,,,Marching,,,,,,22.42,,,RD236,,,
,12-07-2026,,,,,LU Loading,,,,,,4.28,,,RD236,,,
,12-07-2026,,,,,Waiting,,,,,,17.22,,,RD236,,,
,12-07-2026,,,,,Tea/ Breakfast / Snacks,,,,,,54.7,,,RD236,,,
,12-07-2026,,,,,Waiting,,,,,,16.33,,,RD236,,,
,12-07-2026,,,,,LU Loading,,,,,,3.6,,,RD236,,,
,12-07-2026,,,,,Waiting,,,,,,6.48,,,RD236,,,
,12-07-2026,,,,,Spotting,,,,,,0.02,,,RD236,,,
,12-07-2026,,,,,LU Loading,,,,,,2.88,,,RD236,,,
,12-07-2026,,,,,Waiting,,,,,,3.4,,,RD236,,,
,12-07-2026,,,,,LU Loading,,,,,,0.85,,,RD236,,,
,12-07-2026,,,,,Waiting,,,,,,7.77,,,RD236,,,
,12-07-2026,,,,,Spotting,,,,,,0.75,,,RD236,,,
,12-07-2026,,,,,LU Loading,,,,,,2.67,,,RD236,,,
,12-07-2026,,,,,Waiting,,,,,,7.9,,,RD236,,,
,12-07-2026,,,,,Spotting,,,,,,0.47,,,RD236,,,
,12-07-2026,,,,,LU Loading,,,,,,3.88,,,RD236,,,
,12-07-2026,,,,,Waiting,,,,,,12.02,,,RD236,,,
,12-07-2026,,,,,LU Loading,,,,,,5.22,,,RD236,,,
,12-07-2026,,,,,Waiting,,,,,,3.35,,,RD121,,,
,12-07-2026,,,,,LU Loading,,,,,,0.62,,,RD121,,,
,12-07-2026,,,,,Waiting,,,,,,6.5,,,RD236,,,
,12-07-2026,,,,,Spotting,,,,,,1.93,,,RD236,,,
,12-07-2026,,,,,LU Loading,,,,,,4.37,,,RD236,,,
,12-07-2026,,,,,Waiting,,,,,,4.2,,,RD121,,,
,12-07-2026,,,,,LU Loading,,,,,,3.08,,,RD121,,,
,12-07-2026,,,,,Waiting,,,,,,4.57,,,RD236,,,
,12-07-2026,,,,,Spotting,,,,,,1.12,,,RD236,,,
,12-07-2026,,,,,LU Loading,,,,,,10.03,,,RD236,,,
,12-07-2026,,,,,Waiting,,,,,,3.88,,,RD121,,,
,12-07-2026,,,,,LU Loading,,,,,,2.15,,,RD121,,,
,12-07-2026,,,,,Waiting,,,,,,2.43,,,RD236,,,
,12-07-2026,,,,,LU Loading,,,,,,3.73,,,RD236,,,
,12-07-2026,,,,,Waiting,,,,,,4.85,,,RD236,,,
,12-07-2026,,,,,Spotting,,,,,,1.73,,,RD236,,,
,12-07-2026,,,,,LU Loading,,,,,,4.22,,,RD236,,,
,12-07-2026,,,,,Waiting,,,,,,3.33,,,RD121,,,
,12-07-2026,,,,,LU Loading,,,,,,2.28,,,RD121,,,
,12-07-2026,,,,,Waiting,,,,,,0.77,,,RD236,,,
,12-07-2026,,,,,Spotting,,,,,,0.48,,,RD236,,,
,12-07-2026,,,,,LU Loading,,,,,,3.55,,,RD236,,,
,12-07-2026,,,,,Waiting,,,,,,5.38,,,RD236,,,
,12-07-2026,,,,,Spotting,,,,,,1.2,,,RD236,,,
,12-07-2026,,,,,LU Loading,,,,,,2.67,,,RD236,,,
,12-07-2026,,,,,Waiting,,,,,,2.65,,,RD236,,,
,12-07-2026,,,,,LU Loading,,,,,,2.43,,,RD236,,,
,12-07-2026,,,,,Waiting,,,,,,1.55,,,RD236,,,
,12-07-2026,,,,,LU Loading,,,,,,1.75,,,RD236,,,
,12-07-2026,,,,,Waiting,,,,,,0.53,,,RD121,,,
,12-07-2026,,,,,LU Loading,,,,,,4.13,,,RD121,,,
,12-07-2026,,,,,Waiting,,,,,,1.45,,,RD121,,,
,12-07-2026,,,,,Spotting,,,,,,1,,,RD121,,,
,12-07-2026,,,,,LU Loading,,,,,,2.07,,,RD121,,,
,12-07-2026,,,,,Waiting,,,,,,3.07,,,RD249,,,
,12-07-2026,,,,,Marching,,,,,,18.37,,,RD249,,,
,12-07-2026,,,,,Shift Change,,,,,,21.22,,,RD249,,,
,12-07-2026,,,,,,,,,,,,,,,,,
,Timestamp,,,,,Status Code,,Sub-Status Code,,,,"Duration
(min)",,,Hauling Unit,,,
,12-07-2026,,,,,Shift Change,,,,,,51.45,,,RD249,,,
,12-07-2026,,,,,LU Loading,,,,,,3.22,,,RD249,,,
,12-07-2026,,,,,Waiting,,,,,,0.72,,,RD248,,,
,12-07-2026,,,,,Spotting,,,,,,0.23,,,RD248,,,
,12-07-2026,,,,,LU Loading,,,,,,3.67,,,RD248,,,
,12-07-2026,,,,,Waiting,,,,,,0.4,,,RD246,,,
,12-07-2026,,,,,Spotting,,,,,,0.33,,,RD246,,,
,12-07-2026,,,,,LU Loading,,,,,,3.62,,,RD246,,,
,12-07-2026,,,,,Waiting,,,,,,7.92,,,RD249,,,
,12-07-2026,,,,,Spotting,,,,,,0.45,,,RD249,,,
,12-07-2026,,,,,LU Loading,,,,,,3.98,,,RD249,,,
,12-07-2026,,,,,Waiting,,,,,,0.23,,,RD234,,,
,12-07-2026,,,,,Spotting,,,,,,1.03,,,RD234,,,
,12-07-2026,,,,,LU Loading,,,,,,2.93,,,RD234,,,
,12-07-2026,,,,,Waiting,,,,,,1.22,,,RD248,,,
,12-07-2026,,,,,Spotting,,,,,,0.15,,,RD248,,,
,12-07-2026,,,,,LU Loading,,,,,,4.18,,,RD248,,,
,12-07-2026,,,,,Waiting,,,,,,6.22,,,RD249,,,
,12-07-2026,,,,,Spotting,,,,,,0.62,,,RD249,,,
,12-07-2026,,,,,LU Loading,,,,,,4.03,,,RD249,,,
,12-07-2026,,,,,Waiting,,,,,,0.58,,,RD248,,,
,12-07-2026,,,,,Spotting,,,,,,0.25,,,RD248,,,
,12-07-2026,,,,,LU Loading,,,,,,3.88,,,RD248,,,
,12-07-2026,,,,,Waiting,,,,,,0.82,,,RD253,,,
,12-07-2026,,,,,Spotting,,,,,,0.32,,,RD253,,,
,12-07-2026,,,,,LU Loading,,,,,,3.67,,,RD253,,,
,12-07-2026,,,,,Waiting,,,,,,0.7,,,RD234,,,
,12-07-2026,,,,,Spotting,,,,,,0.28,,,RD234,,,
,12-07-2026,,,,,LU Loading,,,,,,4.22,,,RD234,,,
,12-07-2026,,,,,Waiting,,,,,,0.85,,,RD249,,,
,12-07-2026,,,,,LU Loading,,,,,,5.07,,,RD249,,,
,12-07-2026,,,,,Waiting,,,,,,1.62,,,RD238,,,
,12-07-2026,,,,,LU Loading,,,,,,4,,,RD238,,,
,12-07-2026,,,,,Waiting,,,,,,1.6,,,RD253,,,
,12-07-2026,,,,,Spotting,,,,,,0.43,,,RD253,,,
,12-07-2026,,,,,LU Loading,,,,,,4.07,,,RD253,,,
,12-07-2026,,,,,Waiting,,,,,,3.75,,,RD234,,,
,12-07-2026,,,,,Spotting,,,,,,2.33,,,RD234,,,
,12-07-2026,,,,,LU Loading,,,,,,4.27,,,RD234,,,
,12-07-2026,,,,,Waiting,,,,,,1.28,,,RD238,,,
,12-07-2026,,,,,LU Loading,,,,,,3.78,,,RD238,,,
,12-07-2026,,,,,Waiting,,,,,,1.88,,,RD253,,,
,12-07-2026,,,,,Spotting,,,,,,0.3,,,RD253,,,
,12-07-2026,,,,,LU Loading,,,,,,5.07,,,RD253,,,
,12-07-2026,,,,,Waiting,,,,,,37.1,,,RD248,,,
,12-07-2026,,,,,Tea/ Breakfast / Snacks,,,,,,41.55,,,RD248,,,
,12-07-2026,,,,,Waiting,,,,,,0.35,,,RD248,,,
,12-07-2026,,,,,LU Loading,,,,,,6.72,,,RD248,,,
,12-07-2026,,,,,LU Loading,,,,,,5.68,,,RD253,,,
,12-07-2026,,,,,Waiting,,,,,,14.68,,,RD248,,,
,12-07-2026,,,,,Spotting,,,,,,0.63,,,RD248,,,
,12-07-2026,,,,,LU Loading,,,,,,3.1,,,RD248,,,
,12-07-2026,,,,,Waiting,,,,,,0.73,,,RD234,,,
,12-07-2026,,,,,LU Loading,,,,,,3.35,,,RD234,,,
,12-07-2026,,,,,Waiting,,,,,,2.5,,,RD238,,,
,12-07-2026,,,,,LU Loading,,,,,,4.95,,,RD238,,,
,12-07-2026,,,,,Waiting,,,,,,2.43,,,RD249,,,
,12-07-2026,,,,,LU Loading,,,,,,4.55,,,RD249,,,
,12-07-2026,,,,,Waiting,,,,,,1.23,,,RD253,,,
,12-07-2026,,,,,Spotting,,,,,,0.37,,,RD253,,,
,12-07-2026,,,,,LU Loading,,,,,,3.6,,,RD253,,,
,12-07-2026,,,,,Waiting,,,,,,0.55,,,RD248,,,
,12-07-2026,,,,,Spotting,,,,,,0.4,,,RD248,,,
,12-07-2026,,,,,LU Loading,,,,,,5.18,,,RD248,,,
,12-07-2026,,,,,Waiting,,,,,,0.53,,,RD234,,,
,12-07-2026,,,,,LU Loading,,,,,,3.7,,,RD234,,,
,12-07-2026,,,,,Waiting,,,,,,6.77,,,RD249,,,
,12-07-2026,,,,,Marching,,,,,,7.62,,,RD249,,,
,12-07-2026,,,,,LU Loading,,,,,,5.15,,,RD249,,,
,12-07-2026,,,,,Waiting,,,,,,0.42,,,RD234,,,
,12-07-2026,,,,,Spotting,,,,,,0.6,,,RD234,,,
,12-07-2026,,,,,LU Loading,,,,,,0.63,,,RD234,,,
,12-07-2026,,,,,Waiting,,,,,,5.58,,,RD238,,,
,12-07-2026,,,,,LU Loading,,,,,,3.97,,,RD238,,,
,12-07-2026,,,,,Waiting,,,,,,8.57,,,RD249,,,
,12-07-2026,,,,,Spotting,,,,,,0.42,,,RD249,,,
,12-07-2026,,,,,LU Loading,,,,,,4.68,,,RD249,,,
,12-07-2026,,,,,Waiting,,,,,,2.07,,,RD238,,,
,12-07-2026,,,,,LU Loading,,,,,,2.85,,,RD238,,,
,12-07-2026,,,,,Waiting,,,,,,2.82,,,RD253,,,
,12-07-2026,,,,,LU Loading,,,,,,2.9,,,RD253,,,
,12-07-2026,,,,,Waiting,,,,,,9.25,,,RD238,,,
,12-07-2026,,,,,LU Loading,,,,,,2.98,,,RD238,,,
,12-07-2026,,,,,Waiting,,,,,,10.9,,,RD252,,,
,12-07-2026,,,,,Shift Incharge Instruction,,,,,,84.48,,,RD252,,,
,12-07-2026,,,,,LU Loading,,,,,,2.72,,,RD252,,,
,12-07-2026,,,,,Waiting,,,,,,6.25,,,RD232,,,
,12-07-2026,,,,,LU Loading,,,,,,3.43,,,RD232,,,
,12-07-2026,,,,,Waiting,,,,,,1.88,,,RD252,,,
,12-07-2026,,,,,LU Loading,,,,,,3.05,,,RD252,,,
,12-07-2026,,,,,Waiting,,,,,,4.5,,,RD232,,,
,12-07-2026,,,,,Waiting,,,,,,0.02,,,RD232,,,
,12-07-2026,,,,,LU Loading,,,,,,0.53,,,RD232,,,
,12-07-2026,,,,,Waiting,,,,,,0.2,,,RD232,,,
,12-07-2026,,,,,LU Loading,,,,,,4.45,,,RD232,,,
,12-07-2026,,,,,Waiting,,,,,,1.3,,,RD252,,,
,12-07-2026,,,,,LU Loading,,,,,,5.12,,,RD252,,,
,12-07-2026,,,,,Waiting,,,,,,2.05,,,RD232,,,
,12-07-2026,,,,,LU Loading,,,,,,2.1,,,RD232,,,
,12-07-2026,,,,,Waiting,,,,,,3.1,,,RD252,,,
,12-07-2026,,,,,Spotting,,,,,,0.63,,,RD252,,,
,12-07-2026,,,,,LU Loading,,,,,,3.7,,,RD252,,,
,12-07-2026,,,,,Waiting,,,,,,3.13,,,RD232,,,
,12-07-2026,,,,,LU Loading,,,,,,0.02,,,RD232,,,
,12-07-2026,,,,,Waiting,,,,,,0.88,,,RD232,,,
,12-07-2026,,,,,LU Loading,,,,,,0.02,,,RD232,,,
,12-07-2026,,,,,Waiting,,,,,,16.77,,,RD226,,,
,12-07-2026,,,,,Spotting,,,,,,0.42,,,RD226,,,
,12-07-2026,,,,,LU Loading,,,,,,3.93,,,RD226,,,
,12-07-2026,,,,,Waiting,,,,,,0.27,,,RD229,,,
,12-07-2026,,,,,LU Loading,,,,,,2.37,,,RD229,,,
,12-07-2026,,,,,Waiting,,,,,,0.95,,,RD247,,,
,12-07-2026,,,,,LU Loading,,,,,,3.02,,,RD247,,,
,12-07-2026,,,,,Waiting,,,,,,1.52,,,RD229,,,
,12-07-2026,,,,,Marching,,,,,,10.48,,,RD229,,,
,12-07-2026,,,,,LU Loading,,,,,,2.42,,,RD229,,,
,12-07-2026,,,,,Waiting,,,,,,0.77,,,RD226,,,
,12-07-2026,,,,,LU Loading,,,,,,3.15,,,RD226,,,
,12-07-2026,,,,,Waiting,,,,,,1.08,,,RD247,,,
,12-07-2026,,,,,LU Loading,,,,,,2.7,,,RD247,,,
,12-07-2026,,,,,Waiting,,,,,,0.98,,,RD121,,,
,12-07-2026,,,,,LU Loading,,,,,,1.7,,,RD121,,,
,12-07-2026,,,,,Waiting,,,,,,1.25,,,RD228,,,
,12-07-2026,,,,,LU Loading,,,,,,2.2,,,RD228,,,
,12-07-2026,,,,,Waiting,,,,,,0.75,,,RD233,,,
,12-07-2026,,,,,LU Loading,,,,,,2.37,,,RD233,,,
,12-07-2026,,,,,Waiting,,,,,,0.75,,,RD238,,,
,12-07-2026,,,,,LU Loading,,,,,,2.2,,,RD238,,,
,12-07-2026,,,,,Waiting,,,,,,1.02,,,RD126,,,
,12-07-2026,,,,,LU Loading,,,,,,1.82,,,RD126,,,
,12-07-2026,,,,,Waiting,,,,,,0.28,,,RD231,,,
,12-07-2026,,,,,LU Loading,,,,,,1.73,,,RD231,,,
,12-07-2026,,,,,Waiting,,,,,,0.33,,,RD229,,,
,12-07-2026,,,,,LU Loading,,,,,,2.1,,,RD229,,,
,12-07-2026,,,,,Waiting,,,,,,0.95,,,RD226,,,
,12-07-2026,,,,,LU Loading,,,,,,2.07,,,RD226,,,
,12-07-2026,,,,,Waiting,,,,,,0.98,,,RD141,,,
,12-07-2026,,,,,LU Loading,,,,,,1.68,,,RD141,,,
,12-07-2026,,,,,Waiting,,,,,,1.83,,,RD121,,,
,12-07-2026,,,,,LU Loading,,,,,,1.8,,,RD121,,,
,12-07-2026,,,,,Waiting,,,,,,1.55,,,RD247,,,
,12-07-2026,,,,,Spotting,,,,,,0.15,,,RD247,,,
,12-07-2026,,,,,LU Loading,,,,,,2.15,,,RD247,,,
,12-07-2026,,,,,Waiting,,,,,,2.27,,,RD228,,,
,12-07-2026,,,,,LU Loading,,,,,,2.3,,,RD228,,,
,12-07-2026,,,,,Waiting,,,,,,17.15,,,RD126,,,
,12-07-2026,,,,,LU Loading,,,,,,2.08,,,RD126,,,
,12-07-2026,,,,,Waiting,,,,,,3,,,RD229,,,
,12-07-2026,,,,,LU Loading,,,,,,2.25,,,RD229,,,
,12-07-2026,,,,,Waiting,,,,,,8.95,,,RD141,,,
,12-07-2026,,,,,LU Loading,,,,,,1.85,,,RD141,,,
,12-07-2026,,,,,Waiting,,,,,,1.1,,,RD121,,,
,12-07-2026,,,,,LU Loading,,,,,,3.38,,,RD121,,,
,12-07-2026,,,,,Waiting,,,,,,1.98,,,RD247,,,
,12-07-2026,,,,,LU Loading,,,,,,2.62,,,RD247,,,
,12-07-2026,,,,,Waiting,,,,,,0.75,,,RD226,,,
,12-07-2026,,,,,Spotting,,,,,,0.9,,,RD226,,,
,12-07-2026,,,,,LU Loading,,,,,,3.18,,,RD226,,,
,12-07-2026,,,,,Waiting,,,,,,0.97,,,RD228,,,
,12-07-2026,,,,,LU Loading,,,,,,3.18,,,RD228,,,
,12-07-2026,,,,,Waiting,,,,,,1.78,,,RD126,,,
,12-07-2026,,,,,LU Loading,,,,,,2.68,,,RD126,,,
,12-07-2026,,,,,Waiting,,,,,,10.52,,,RD141,,,
,12-07-2026,,,,,LU Loading,,,,,,2.12,,,RD141,,,
,12-07-2026,,,,,Waiting,,,,,,2.32,,,RD229,,,
,12-07-2026,,,,,LU Loading,,,,,,2.62,,,RD229,,,
,12-07-2026,,,,,Waiting,,,,,,8.93,,,RD226,,,
,12-07-2026,,,,,LU Loading,,,,,,2.82,,,RD226,,,
,12-07-2026,,,,,Waiting,,,,,,0.92,,,RD247,,,
,12-07-2026,,,,,LU Loading,,,,,,2.47,,,RD247,,,
,12-07-2026,,,,,Waiting,,,,,,1.43,,,RD228,,,
,12-07-2026,,,,,LU Loading,,,,,,2.47,,,RD228,,,
,12-07-2026,,,,,Waiting,,,,,,2.62,,,RD126,,,
,12-07-2026,,,,,LU Loading,,,,,,1.87,,,RD126,,,
,12-07-2026,,,,,Waiting,,,,,,5.72,,,RD233,,,
,12-07-2026,,,,,LU Loading,,,,,,0.73,,,RD233,,,
,12-07-2026,,,,,Waiting,,,,,,15.12,,,RD141,,,
,12-07-2026,,,,,Spotting,,,,,,1.57,,,RD141,,,
,12-07-2026,,,,,LU Loading,,,,,,2.03,,,RD141,,,
,12-07-2026,,,,,Waiting,,,,,,2.42,,,RD229,,,
,12-07-2026,,,,,LU Loading,,,,,,3,,,RD229,,,
,12-07-2026,,,,,Waiting,,,,,,1.18,,,RD121,,,
,12-07-2026,,,,,LU Loading,,,,,,2.75,,,RD121,,,
,12-07-2026,,,,,Waiting,,,,,,1.53,,,RD226,,,
,12-07-2026,,,,,LU Loading,,,,,,2.1,,,RD226,,,
,12-07-2026,,,,,Waiting,,,,,,0.52,,,RD228,,,
,12-07-2026,,,,,LU Loading,,,,,,2.17,,,RD228,,,
,12-07-2026,,,,,Waiting,,,,,,0.17,,,RD247,,,
,12-07-2026,,,,,Spotting,,,,,,0.47,,,RD247,,,
,12-07-2026,,,,,LU Loading,,,,,,3.5,,,RD247,,,
,12-07-2026,,,,,Waiting,,,,,,4.27,,,RD229,,,
,12-07-2026,,,,,LU Loading,,,,,,2.07,,,RD229,,,
,12-07-2026,,,,,Waiting,,,,,,6.23,,,RD121,,,
,12-07-2026,,,,,LU Loading,,,,,,1.63,,,RD121,,,
,12-07-2026,,,,,Waiting,,,,,,24.53,,,RD141,,,
,12-07-2026,,,,,LU Loading,,,,,,1.95,,,RD141,,,
,12-07-2026,,,,,Waiting,,,,,,1.58,,,RD226,,,
,12-07-2026,,,,,LU Loading,,,,,,2.18,,,RD226,,,
,12-07-2026,,,,,Waiting,,,,,,10.47,,,RD240,,,
,12-07-2026,,,,,Delay At Hopper,,,,,,127.62,,,RD240,,,
,12-07-2026,,,,,Schedule No Work,,,,,,39.3,,,RD240,,,
,12-07-2026,,,,,Schedule No Work,,,,,,172.6,,,RD240,,,
,13-07-2026,,,,,Marching,,,,,,13.07,,,RD240,,,
,13-07-2026,,,,,Schedule No Work,,,,,,53.62,,,RD240,,,
,13-07-2026,,,,,Waiting,,,,,,51.22,,,RD240,,,
,13-07-2026,,,,,LU Loading,,,,,,0.02,,,RD240,,,
,13-07-2026,,,,,Waiting,,,,,,1.35,,,RD240,,,
,13-07-2026,,,,,LU Loading,,,,,,1.35,,,RD240,,,
,13-07-2026,,,,,Spotting,,,,,,0.33,,,RD246,,,
,13-07-2026,,,,,LU Loading,,,,,,1.78,,,RD246,,,
,13-07-2026,,,,,Waiting,,,,,,0.7,,,RD246,,,
,13-07-2026,,,,,LU Loading,,,,,,0.85,,,RD246,,,
,13-07-2026,,,,,Waiting,,,,,,0.2,,,RD141,,,
,13-07-2026,,,,,LU Loading,,,,,,0.1,,,RD141,,,
,13-07-2026,,,,,Waiting,,,,,,0.58,,,RD141,,,
,13-07-2026,,,,,LU Loading,,,,,,1.63,,,RD141,,,
,13-07-2026,,,,,Waiting,,,,,,1.5,,,RD141,,,
,13-07-2026,,,,,LU Loading,,,,,,1.17,,,RD141,,,
,13-07-2026,,,,,Waiting,,,,,,1.75,,,RD229,,,
,13-07-2026,,,,,Schedule No Work,,,,,,176.18,,,RD229,,,
,13-07-2026,,,,,,,,,,,,,,,,,
,Timestamp,,,,,Status Code,,Sub-Status Code,,,,"Duration
(min)",,,Hauling Unit,,,
,13-07-2026,,,,,Schedule No Work,,,,,,208.72,,,RD229,,,
,13-07-2026,,,,,Waiting,,,,,,2.3,,,RD229,,,
,13-07-2026,,,,,Marching,,,,,,24.1,,,RD229,,,
,13-07-2026,,,,,Waiting,,,,,,0.77,,,RD229,,,
,13-07-2026,,,,,LU Loading,,,,,,0.97,,,RD229,,,
,13-07-2026,,,,,Waiting,,,,,,4.35,,,RD229,,,
,13-07-2026,,,,,LU Loading,,,,,,1.9,,,RD229,,,
,13-07-2026,,,,,Waiting,,,,,,4.02,,,RD229,,,
,13-07-2026,,,,,LU Loading,,,,,,1.55,,,RD229,,,
,13-07-2026,,,,,Waiting,,,,,,5.07,,,RD238,,,
,13-07-2026,,,,,LU Loading,,,,,,0.12,,,RD238,,,
,13-07-2026,,,,,Waiting,,,,,,0.63,,,RD229,,,
,13-07-2026,,,,,LU Loading,,,,,,2,,,RD229,,,
,13-07-2026,,,,,Waiting,,,,,,3.35,,,RD238,,,
,13-07-2026,,,,,LU Loading,,,,,,0.02,,,RD238,,,
,13-07-2026,,,,,Waiting,,,,,,3.1,,,RD229,,,
,13-07-2026,,,,,LU Loading,,,,,,0.02,,,RD229,,,
,13-07-2026,,,,,Waiting,,,,,,3.9,,,RD238,,,
,13-07-2026,,,,,LU Loading,,,,,,2.33,,,RD238,,,
,13-07-2026,,,,,Waiting,,,,,,0.43,,,RD229,,,
,13-07-2026,,,,,LU Loading,,,,,,2.18,,,RD229,,,
,13-07-2026,,,,,Waiting,,,,,,2.4,,,RD238,,,
,13-07-2026,,,,,LU Loading,,,,,,2.55,,,RD238,,,
,13-07-2026,,,,,LU Loading,,,,,,2.4,,,RD229,,,
,13-07-2026,,,,,Waiting,,,,,,3.3,,,RD238,,,
,13-07-2026,,,,,LU Loading,,,,,,0.02,,,RD238,,,
,13-07-2026,,,,,Waiting,,,,,,2.02,,,RD229,,,
,13-07-2026,,,,,LU Loading,,,,,,2.1,,,RD229,,,
,13-07-2026,,,,,Waiting,,,,,,4.77,,,RD229,,,
,13-07-2026,,,,,LU Loading,,,,,,2.18,,,RD229,,,
,13-07-2026,,,,,Waiting,,,,,,2.22,,,RD238,,,
,13-07-2026,,,,,LU Loading,,,,,,2.28,,,RD238,,,
,13-07-2026,,,,,Waiting,,,,,,4.78,,,RD229,,,
,13-07-2026,,,,,LU Loading,,,,,,0.02,,,RD229,,,
,13-07-2026,,,,,Waiting,,,,,,2.98,,,RD238,,,
,13-07-2026,,,,,LU Loading,,,,,,0.02,,,RD238,,,
,13-07-2026,,,,,Waiting,,,,,,3.45,,,RD229,,,
,13-07-2026,,,,,LU Loading,,,,,,2.02,,,RD229,,,
,13-07-2026,,,,,Waiting,,,,,,0.37,,,RD238,,,
,13-07-2026,,,,,Spotting,,,,,,0.45,,,RD238,,,
,13-07-2026,,,,,LU Loading,,,,,,2.23,,,RD238,,,
,13-07-2026,,,,,Waiting,,,,,,1.5,,,RD132,,,
,13-07-2026,,,,,LU Loading,,,,,,0.02,,,RD132,,,
,13-07-2026,,,,,Waiting,,,,,,5.6,,,RD229,,,
,13-07-2026,,,,,LU Loading,,,,,,2.18,,,RD229,,,
,13-07-2026,,,,,Spotting,,,,,,0.8,,,RD238,,,
,13-07-2026,,,,,LU Loading,,,,,,2.73,,,RD238,,,
,13-07-2026,,,,,Waiting,,,,,,1.47,,,RD132,,,
,13-07-2026,,,,,LU Loading,,,,,,2.5,,,RD132,,,
,13-07-2026,,,,,LU Loading,,,,,,1.82,,,RD229,,,
,13-07-2026,,,,,Waiting,,,,,,2.87,,,RD238,,,
,13-07-2026,,,,,LU Loading,,,,,,0.02,,,RD238,,,
,13-07-2026,,,,,Waiting,,,,,,1.18,,,RD132,,,
,13-07-2026,,,,,LU Loading,,,,,,1.28,,,RD132,,,
,13-07-2026,,,,,Waiting,,,,,,0.9,,,RD229,,,
,13-07-2026,,,,,Spotting,,,,,,0.35,,,RD229,,,
,13-07-2026,,,,,LU Loading,,,,,,2.35,,,RD229,,,
,13-07-2026,,,,,Waiting,,,,,,7.93,,,RD229,,,
,13-07-2026,,,,,LU Loading,,,,,,1.7,,,RD229,,,
,13-07-2026,,,,,Waiting,,,,,,0.87,,,RD238,,,
,13-07-2026,,,,,LU Loading,,,,,,2.28,,,RD238,,,
,13-07-2026,,,,,Waiting,,,,,,0.57,,,RD229,,,
,13-07-2026,,,,,LU Loading,,,,,,1.7,,,RD229,,,
,13-07-2026,,,,,Waiting,,,,,,2.57,,,RD229,,,
,13-07-2026,,,,,Spotting,,,,,,0.7,,,RD229,,,
,13-07-2026,,,,,LU Loading,,,,,,3.47,,,RD229,,,
,13-07-2026,,,,,Waiting,,,,,,0.05,,,RD238,,,
,13-07-2026,,,,,LU Loading,,,,,,2.35,,,RD238,,,
,13-07-2026,,,,,Waiting,,,,,,2.08,,,RD229,,,
,13-07-2026,,,,,LU Loading,,,,,,3.32,,,RD229,,,
,13-07-2026,,,,,Waiting,,,,,,3.77,,,RD238,,,
,13-07-2026,,,,,LU Loading,,,,,,1.48,,,RD238,,,
,13-07-2026,,,,,Waiting,,,,,,2.78,,,RD229,,,
,13-07-2026,,,,,LU Loading,,,,,,2.25,,,RD229,,,
,13-07-2026,,,,,Waiting,,,,,,1.05,,,RD132,,,
,13-07-2026,,,,,LU Loading,,,,,,2.15,,,RD132,,,
,13-07-2026,,,,,Waiting,,,,,,1.45,,,RD238,,,
,13-07-2026,,,,,LU Loading,,,,,,2.5,,,RD238,,,
,13-07-2026,,,,,Waiting,,,,,,3.47,,,RD229,,,
,13-07-2026,,,,,Spotting,,,,,,0.1,,,RD229,,,
,13-07-2026,,,,,LU Loading,,,,,,3.03,,,RD229,,,
,13-07-2026,,,,,Waiting,,,,,,0.97,,,RD238,,,
,13-07-2026,,,,,LU Loading,,,,,,3.68,,,RD238,,,
,13-07-2026,,,,,Waiting,,,,,,3.52,,,RD229,,,
,13-07-2026,,,,,Spotting,,,,,,0.87,,,RD229,,,
,13-07-2026,,,,,LU Loading,,,,,,2.97,,,RD229,,,
,13-07-2026,,,,,Waiting,,,,,,0.4,,,RD238,,,
,13-07-2026,,,,,LU Loading,,,,,,3.35,,,RD238,,,
,13-07-2026,,,,,Waiting,,,,,,4.98,,,RD229,,,
,13-07-2026,,,,,LU Loading,,,,,,1.73,,,RD229,,,
,13-07-2026,,,,,Waiting,,,,,,1.03,,,RD132,,,
,13-07-2026,,,,,LU Loading,,,,,,2,,,RD132,,,
,13-07-2026,,,,,Waiting,,,,,,0.75,,,RD238,,,
,13-07-2026,,,,,Spotting,,,,,,0.5,,,RD238,,,
,13-07-2026,,,,,LU Loading,,,,,,3.18,,,RD238,,,
,13-07-2026,,,,,Waiting,,,,,,2.37,,,RD241,,,
,13-07-2026,,,,,LU Loading,,,,,,1.4,,,RD241,,,
,13-07-2026,,,,,Waiting,,,,,,0.33,,,RD229,,,
,13-07-2026,,,,,LU Loading,,,,,,1.27,,,RD229,,,
,13-07-2026,,,,,Waiting,,,,,,0.85,,,RD238,,,
,13-07-2026,,,,,LU Loading,,,,,,1.57,,,RD238,,,
,13-07-2026,,,,,Waiting,,,,,,0.33,,,RD241,,,
,13-07-2026,,,,,Spotting,,,,,,0.58,,,RD241,,,
,13-07-2026,,,,,LU Loading,,,,,,2.02,,,RD241,,,
,13-07-2026,,,,,Waiting,,,,,,0.45,,,RD229,,,
,13-07-2026,,,,,LU Loading,,,,,,1.42,,,RD229,,,
,13-07-2026,,,,,Waiting,,,,,,1.1,,,RD241,,,
,13-07-2026,,,,,LU Loading,,,,,,1.72,,,RD241,,,
,13-07-2026,,,,,Waiting,,,,,,0.48,,,RD229,,,
,13-07-2026,,,,,LU Loading,,,,,,1.68,,,RD229,,,
,13-07-2026,,,,,Waiting,,,,,,2.93,,,RD229,,,
,13-07-2026,,,,,LU Loading,,,,,,2.68,,,RD229,,,
,13-07-2026,,,,,Waiting,,,,,,3,,,RD244,,,
,13-07-2026,,,,,Shift Change,,,,,,28.33,,,RD244,,,
,13-07-2026,,,,,Shift Change,,,,,,74.87,,,RD244,,,
,13-07-2026,,,,,Marching,,,,,,0.4,,,RD244,,,
,13-07-2026,,,,,Waiting,,,,,,4.72,,,RD244,,,
,13-07-2026,,,,,LU Loading,,,,,,3.5,,,RD244,,,
,13-07-2026,,,,,Waiting,,,,,,1.5,,,RD241,,,
,13-07-2026,,,,,LU Loading,,,,,,6.98,,,RD241,,,
,13-07-2026,,,,,Waiting,,,,,,2.22,,,RD244,,,
,13-07-2026,,,,,LU Loading,,,,,,2.88,,,RD244,,,
,13-07-2026,,,,,Waiting,,,,,,1.7,,,RD236,,,
,13-07-2026,,,,,LU Loading,,,,,,2.48,,,RD236,,,
,13-07-2026,,,,,Waiting,,,,,,1.13,,,RD241,,,
,13-07-2026,,,,,LU Loading,,,,,,3.37,,,RD241,,,
,13-07-2026,,,,,Waiting,,,,,,6.33,,,RD236,,,
,13-07-2026,,,,,LU Loading,,,,,,2.42,,,RD236,,,
,13-07-2026,,,,,Waiting,,,,,,0.88,,,RD241,,,
,13-07-2026,,,,,LU Loading,,,,,,4.27,,,RD241,,,
,13-07-2026,,,,,Waiting,,,,,,4.6,,,RD244,,,
,13-07-2026,,,,,LU Loading,,,,,,3.17,,,RD244,,,
,13-07-2026,,,,,Waiting,,,,,,4.73,,,RD236,,,
,13-07-2026,,,,,LU Loading,,,,,,2.92,,,RD236,,,
,13-07-2026,,,,,Waiting,,,,,,2.27,,,RD241,,,
,13-07-2026,,,,,LU Loading,,,,,,3.62,,,RD241,,,
,13-07-2026,,,,,Waiting,,,,,,2.53,,,RD244,,,
,13-07-2026,,,,,LU Loading,,,,,,3.83,,,RD244,,,
,13-07-2026,,,,,Waiting,,,,,,3.07,,,RD236,,,
,13-07-2026,,,,,LU Loading,,,,,,4.3,,,RD236,,,
,13-07-2026,,,,,Waiting,,,,,,2.55,,,RD244,,,
,13-07-2026,,,,,Marching,,,,,,1.35,,,RD244,,,
,13-07-2026,,,,,Waiting,,,,,,0.65,,,RD244,,,
,13-07-2026,,,,,LU Loading,,,,,,3.65,,,RD244,,,
,13-07-2026,,,,,Waiting,,,,,,3.02,,,RD241,,,
,13-07-2026,,,,,LU Loading,,,,,,4.38,,,RD241,,,
,13-07-2026,,,,,Waiting,,,,,,1.98,,,RD236,,,
,13-07-2026,,,,,Spotting,,,,,,0.58,,,RD236,,,
,13-07-2026,,,,,LU Loading,,,,,,4.32,,,RD236,,,
,13-07-2026,,,,,Waiting,,,,,,9.07,,,RD244,,,
,13-07-2026,,,,,LU Loading,,,,,,3.97,,,RD244,,,
,13-07-2026,,,,,Waiting,,,,,,2.55,,,RD241,,,
,13-07-2026,,,,,Spotting,,,,,,1.38,,,RD241,,,
,13-07-2026,,,,,LU Loading,,,,,,2.38,,,RD241,,,
,13-07-2026,,,,,Waiting,,,,,,0.65,,,RD236,,,
,13-07-2026,,,,,Spotting,,,,,,7.1,,,RD236,,,
,13-07-2026,,,,,LU Loading,,,,,,3.23,,,RD236,,,
,13-07-2026,,,,,Waiting,,,,,,1.18,,,RD244,,,
,13-07-2026,,,,,LU Loading,,,,,,2.22,,,RD244,,,
,13-07-2026,,,,,Waiting,,,,,,1.38,,,RD241,,,
,13-07-2026,,,,,LU Loading,,,,,,2.45,,,RD241,,,
,13-07-2026,,,,,Waiting,,,,,,23.17,,,RD236,,,
,13-07-2026,,,,,Tea/ Breakfast / Snacks,,,,,,45.3,,,RD236,,,
,13-07-2026,,,,,Marching,,,,,,14.02,,,RD236,,,
,13-07-2026,,,,,LU Loading,,,,,,2.22,,,RD236,,,
,13-07-2026,,,,,Waiting,,,,,,2.38,,,RD244,,,
,13-07-2026,,,,,LU Loading,,,,,,2.13,,,RD244,,,
,13-07-2026,,,,,Waiting,,,,,,3.42,,,RD241,,,
,13-07-2026,,,,,Spotting,,,,,,0.58,,,RD241,,,
,13-07-2026,,,,,LU Loading,,,,,,3.67,,,RD241,,,
,13-07-2026,,,,,Waiting,,,,,,0.57,,,RD236,,,
,13-07-2026,,,,,Spotting,,,,,,1.12,,,RD236,,,
,13-07-2026,,,,,LU Loading,,,,,,3.18,,,RD236,,,
,13-07-2026,,,,,Waiting,,,,,,1.6,,,RD244,,,
,13-07-2026,,,,,LU Loading,,,,,,2.27,,,RD244,,,
,13-07-2026,,,,,Waiting,,,,,,1.63,,,RD241,,,
,13-07-2026,,,,,LU Loading,,,,,,2.13,,,RD241,,,
,13-07-2026,,,,,Waiting,,,,,,5.22,,,RD236,,,
,13-07-2026,,,,,LU Loading,,,,,,0.43,,,RD236,,,
,13-07-2026,,,,,Waiting,,,,,,0.77,,,RD244,,,
,13-07-2026,,,,,Spotting,,,,,,0.38,,,RD244,,,
,13-07-2026,,,,,LU Loading,,,,,,2.17,,,RD244,,,
,13-07-2026,,,,,Waiting,,,,,,1.17,,,RD241,,,
,13-07-2026,,,,,LU Loading,,,,,,3.55,,,RD241,,,
,13-07-2026,,,,,Waiting,,,,,,5.22,,,RD244,,,
,13-07-2026,,,,,Spotting,,,,,,1.03,,,RD244,,,
,13-07-2026,,,,,LU Loading,,,,,,2.22,,,RD244,,,
,13-07-2026,,,,,Waiting,,,,,,0.6,,,RD236,,,
,13-07-2026,,,,,Spotting,,,,,,1.15,,,RD236,,,
,13-07-2026,,,,,LU Loading,,,,,,5.4,,,RD236,,,
,13-07-2026,,,,,Waiting,,,,,,0.38,,,RD241,,,
,13-07-2026,,,,,LU Loading,,,,,,3.23,,,RD241,,,
,13-07-2026,,,,,Waiting,,,,,,1.73,,,RD244,,,
,13-07-2026,,,,,LU Loading,,,,,,3.87,,,RD244,,,
,13-07-2026,,,,,Waiting,,,,,,6.32,,,RD241,,,
,13-07-2026,,,,,LU Loading,,,,,,4.2,,,RD241,,,
,13-07-2026,,,,,Waiting,,,,,,1.33,,,RD244,,,
,13-07-2026,,,,,LU Loading,,,,,,2.62,,,RD244,,,
,13-07-2026,,,,,Waiting,,,,,,8.03,,,RD241,,,
,13-07-2026,,,,,LU Loading,,,,,,3.3,,,RD241,,,
,13-07-2026,,,,,Waiting,,,,,,3.92,,,RD244,,,
,13-07-2026,,,,,LU Loading,,,,,,3.33,,,RD244,,,
,13-07-2026,,,,,Waiting,,,,,,1.42,,,RD241,,,
,13-07-2026,,,,,LU Loading,,,,,,3.33,,,RD241,,,
,13-07-2026,,,,,Waiting,,,,,,1.02,,,RD236,,,
,13-07-2026,,,,,Spotting,,,,,,4.75,,,RD236,,,
,13-07-2026,,,,,LU Loading,,,,,,1.03,,,RD236,,,
,13-07-2026,,,,,Waiting,,,,,,2.03,,,RD244,,,
,13-07-2026,,,,,LU Loading,,,,,,3.37,,,RD244,,,
,13-07-2026,,,,,Waiting,,,,,,1.12,,,RD241,,,
,13-07-2026,,,,,LU Loading,,,,,,3.78,,,RD241,,,
,13-07-2026,,,,,Waiting,,,,,,2.55,,,RD236,,,
,13-07-2026,,,,,LU Loading,,,,,,2.22,,,RD236,,,
,13-07-2026,,,,,Waiting,,,,,,1.7,,,RD244,,,
,13-07-2026,,,,,LU Loading,,,,,,1.98,,,RD244,,,
,13-07-2026,,,,,Waiting,,,,,,0.82,,,RD241,,,
,13-07-2026,,,,,LU Loading,,,,,,2.8,,,RD241,,,
,13-07-2026,,,,,Waiting,,,,,,7.72,,,RD236,,,
,13-07-2026,,,,,LU Loading,,,,,,0.07,,,RD236,,,
,13-07-2026,,,,,Waiting,,,,,,0.13,,,RD244,,,
,13-07-2026,,,,,LU Loading,,,,,,2.08,,,RD244,,,
,13-07-2026,,,,,Waiting,,,,,,1.05,,,RD241,,,
,13-07-2026,,,,,LU Loading,,,,,,3.08,,,RD241,,,
,13-07-2026,,,,,Waiting,,,,,,1.42,,,RD241,,,
,13-07-2026,,,,,LU Loading,,,,,,2.83,,,RD241,,,
,13-07-2026,,,,,Waiting,,,,,,1.67,,,RD241,,,
,13-07-2026,,,,,LU Loading,,,,,,0.02,,,RD241,,,
,13-07-2026,,,,,Waiting,,,,,,1.33,,,RD241,,,
,13-07-2026,,,,,LU Loading,,,,,,0.63,,,RD241,,,
,13-07-2026,,,,,Waiting,,,,,,1.42,,,RD232,,,
,13-07-2026,,,,,Marching,,,,,,11.18,,,RD232,,,
,13-07-2026,,,,,Shift Change,,,,,,15.77,,,RD232,,,
,13-07-2026,,,,,Shift Change,,,,,,42.12,,,RD232,,,
,13-07-2026,,,,,Waiting,,,,,,6,,,RD232,,,
,13-07-2026,,,,,LU Loading,,,,,,0.25,,,RD232,,,
,13-07-2026,,,,,Waiting,,,,,,8.78,,,RD232,,,
,13-07-2026,,,,,Spotting,,,,,,0.47,,,RD232,,,
,13-07-2026,,,,,LU Loading,,,,,,4.13,,,RD232,,,
,13-07-2026,,,,,Waiting,,,,,,7.77,,,RD232,,,
,13-07-2026,,,,,LU Loading,,,,,,3.57,,,RD232,,,
,13-07-2026,,,,,Waiting,,,,,,10.53,,,RD232,,,
,13-07-2026,,,,,LU Loading,,,,,,4.48,,,RD232,,,
,13-07-2026,,,,,Waiting,,,,,,7.3,,,RD232,,,
,13-07-2026,,,,,LU Loading,,,,,,4.2,,,RD232,,,
,13-07-2026,,,,,Waiting,,,,,,6.72,,,RD232,,,
,13-07-2026,,,,,Spotting,,,,,,3,,,RD232,,,
,13-07-2026,,,,,LU Loading,,,,,,2.95,,,RD232,,,
,13-07-2026,,,,,Waiting,,,,,,1.87,,,RD235,,,
,13-07-2026,,,,,Marching,,,,,,5.15,,,RD235,,,
,13-07-2026,,,,,LU Loading,,,,,,4.13,,,RD235,,,
,14-07-2026,,,,,Waiting,,,,,,1.47,,,RD232,,,
,14-07-2026,,,,,LU Loading,,,,,,2.88,,,RD232,,,
,14-07-2026,,,,,Waiting,,,,,,5.88,,,RD232,,,
,14-07-2026,,,,,LU Loading,,,,,,4.02,,,RD232,,,
,14-07-2026,,,,,Waiting,,,,,,8.88,,,RD232,,,
,14-07-2026,,,,,LU Loading,,,,,,4.17,,,RD232,,,
,14-07-2026,,,,,Waiting,,,,,,5.95,,,RD232,,,
,14-07-2026,,,,,Spotting,,,,,,2.33,,,RD232,,,
,14-07-2026,,,,,LU Loading,,,,,,3.25,,,RD232,,,
,14-07-2026,,,,,Waiting,,,,,,8.42,,,RD232,,,
,14-07-2026,,,,,LU Loading,,,,,,3.25,,,RD232,,,
,14-07-2026,,,,,Waiting,,,,,,7.93,,,RD235,,,
,14-07-2026,,,,,LU Loading,,,,,,0.13,,,RD235,,,
,14-07-2026,,,,,Waiting,,,,,,0.75,,,RD232,,,
,14-07-2026,,,,,Spotting,,,,,,0.47,,,RD232,,,
,14-07-2026,,,,,LU Loading,,,,,,8.63,,,RD232,,,
,14-07-2026,,,,,Waiting,,,,,,1.68,,,RD235,,,
,14-07-2026,,,,,Spotting,,,,,,2.03,,,RD235,,,
,14-07-2026,,,,,LU Loading,,,,,,4.33,,,RD235,,,
,14-07-2026,,,,,Waiting,,,,,,1.72,,,RD232,,,
,14-07-2026,,,,,LU Loading,,,,,,2.98,,,RD232,,,
,14-07-2026,,,,,Tea/ Breakfast / Snacks,,,,,,90.2,,,RD232,,,
,14-07-2026,,,,,LU Loading,,,,,,3.55,,,RD232,,,
,14-07-2026,,,,,Waiting,,,,,,5.72,,,RD232,,,
,14-07-2026,,,,,LU Loading,,,,,,3.83,,,RD232,,,
,14-07-2026,,,,,Waiting,,,,,,6.42,,,RD232,,,
,14-07-2026,,,,,LU Loading,,,,,,5.43,,,RD232,,,
,14-07-2026,,,,,Waiting,,,,,,6.3,,,RD235,,,
,14-07-2026,,,,,LU Loading,,,,,,0.32,,,RD235,,,
,14-07-2026,,,,,LU Loading,,,,,,3.28,,,RD232,,,
,14-07-2026,,,,,Waiting,,,,,,1.55,,,RD235,,,
,14-07-2026,,,,,Spotting,,,,,,0.98,,,RD235,,,
,14-07-2026,,,,,LU Loading,,,,,,2.93,,,RD235,,,
,14-07-2026,,,,,Waiting,,,,,,0.82,,,RD232,,,
,14-07-2026,,,,,LU Loading,,,,,,3.78,,,RD232,,,
,14-07-2026,,,,,Waiting,,,,,,0.88,,,RD235,,,
,14-07-2026,,,,,LU Loading,,,,,,5.95,,,RD235,,,
,14-07-2026,,,,,Waiting,,,,,,0.43,,,RD232,,,
,14-07-2026,,,,,Spotting,,,,,,0.42,,,RD232,,,
,14-07-2026,,,,,LU Loading,,,,,,5.45,,,RD232,,,
,14-07-2026,,,,,Waiting,,,,,,5.88,,,RD232,,,
,14-07-2026,,,,,LU Loading,,,,,,3.9,,,RD232,,,
,14-07-2026,,,,,Waiting,,,,,,0.72,,,RD235,,,
,14-07-2026,,,,,Spotting,,,,,,1.62,,,RD235,,,
,14-07-2026,,,,,LU Loading,,,,,,3.3,,,RD235,,,
,14-07-2026,,,,,Waiting,,,,,,18.32,,,RD232,,,
,14-07-2026,,,,,Spotting,,,,,,0.62,,,RD232,,,
,14-07-2026,,,,,LU Loading,,,,,,4.42,,,RD232,,,
,14-07-2026,,,,,Waiting,,,,,,6.3,,,RD232,,,
,14-07-2026,,,,,Spotting,,,,,,0.58,,,RD232,,,
,14-07-2026,,,,,LU Loading,,,,,,2.9,,,RD232,,,
,14-07-2026,,,,,Waiting,,,,,,5.35,,,RD232,,,
,14-07-2026,,,,,LU Loading,,,,,,2.98,,,RD232,,,
,14-07-2026,,,,,Waiting,,,,,,8.08,,,RD232,,,
,14-07-2026,,,,,LU Loading,,,,,,3.73,,,RD232,,,
,14-07-2026,,,,,Waiting,,,,,,2.85,,,RD235,,,
,14-07-2026,,,,,LU Loading,,,,,,3.93,,,RD235,,,
,14-07-2026,,,,,Waiting,,,,,,21.05,,,RD244,,,
,14-07-2026,,,,, Down,,,,,,30.63,,,RD244,,,
,14-07-2026,,,,,,,,,,,,,,,,,
,Timestamp,,,,,Status Code,,Sub-Status Code,,,,"Duration
(min)",,,Hauling Unit,,,
,14-07-2026,,,,, Down,,,,,,480,,,RD244,,,
,14-07-2026,,,,, Down,,,,,,480,,,RD244,,,
,14-07-2026,,,,, Down,,,,,,27.75,,,RD244,,,
,14-07-2026,,,,,Marching,,,,,,9.4,,,RD244,,,
,14-07-2026,,,,,Waiting,,,,,,22.7,,,RD244,,,
,14-07-2026,,,,,LU Loading,,,,,,6.08,,,RD244,,,
,14-07-2026,,,,,LU Loading,,,,,,2.88,,,RD126,,,
,14-07-2026,,,,,Waiting,,,,,,0.75,,,RD228,,,
,14-07-2026,,,,,Spotting,,,,,,1.55,,,RD228,,,
,14-07-2026,,,,,LU Loading,,,,,,4.67,,,RD228,,,
,14-07-2026,,,,,Waiting,,,,,,2.85,,,RD232,,,
,14-07-2026,,,,,Spotting,,,,,,0.47,,,RD232,,,
,14-07-2026,,,,,LU Loading,,,,,,5.83,,,RD232,,,
,14-07-2026,,,,,Waiting,,,,,,2.02,,,RD233,,,
,14-07-2026,,,,,LU Loading,,,,,,5.5,,,RD233,,,
,14-07-2026,,,,,Waiting,,,,,,1.78,,,RD229,,,
,14-07-2026,,,,,LU Loading,,,,,,4.62,,,RD229,,,
,14-07-2026,,,,,Waiting,,,,,,0.8,,,RD226,,,
,14-07-2026,,,,,Spotting,,,,,,0.73,,,RD226,,,
,14-07-2026,,,,,LU Loading,,,,,,6.03,,,RD226,,,
,14-07-2026,,,,,Waiting,,,,,,2.4,,,RD244,,,
,14-07-2026,,,,,LU Loading,,,,,,4.43,,,RD244,,,
,14-07-2026,,,,,Waiting,,,,,,2.43,,,RD126,,,
,14-07-2026,,,,,LU Loading,,,,,,4.97,,,RD126,,,
,15-07-2026,,,,,Waiting,,,,,,1.38,,,RD228,,,
,15-07-2026,,,,,Spotting,,,,,,0.53,,,RD228,,,
,15-07-2026,,,,,LU Loading,,,,,,5.55,,,RD228,,,
,15-07-2026,,,,,Waiting,,,,,,0.87,,,RD232,,,
,15-07-2026,,,,,LU Loading,,,,,,4.82,,,RD232,,,
,15-07-2026,,,,,Waiting,,,,,,1.27,,,RD233,,,
,15-07-2026,,,,,Spotting,,,,,,0.2,,,RD233,,,
,15-07-2026,,,,,LU Loading,,,,,,5,,,RD233,,,
,15-07-2026,,,,,Waiting,,,,,,2.18,,,RD229,,,
,15-07-2026,,,,,LU Loading,,,,,,4.73,,,RD229,,,
,15-07-2026,,,,,Waiting,,,,,,1.85,,,RD226,,,
,15-07-2026,,,,,LU Loading,,,,,,3.78,,,RD226,,,
,15-07-2026,,,,,Waiting,,,,,,1,,,RD244,,,
,15-07-2026,,,,,LU Loading,,,,,,4.5,,,RD244,,,
,15-07-2026,,,,,Waiting,,,,,,1.65,,,RD126,,,
,15-07-2026,,,,,LU Loading,,,,,,7.13,,,RD126,,,
,15-07-2026,,,,,Waiting,,,,,,0.8,,,RD236,,,
,15-07-2026,,,,,Schedule No Work,,,,,,286.82,,,RD236,,,
,15-07-2026,,,,,Shift Change,,,,,,25.28,,,RD236,,,
,15-07-2026,,,,,,,,,,,,,,,,,
,Timestamp,,,,,Status Code,,Sub-Status Code,,,,"Duration
(min)",,,Hauling Unit,,,
,15-07-2026,,,,,Shift Change,,,,,,58.68,,,RD236,,,
,15-07-2026,,,,,Marching,,,,,,18.33,,,RD236,,,
,15-07-2026,,,,,LU Loading,,,,,,0.28,,,RD236,,,
,15-07-2026,,,,,Marching,,,,,,1.42,,,RD250,,,
,15-07-2026,,,,,LU Loading,,,,,,0.63,,,RD250,,,
,15-07-2026,,,,,Waiting,,,,,,10.08,,,RD241,,,
,15-07-2026,,,,,LU Loading,,,,,,4.38,,,RD241,,,
,15-07-2026,,,,,Waiting,,,,,,0.13,,,RD250,,,
,15-07-2026,,,,,LU Loading,,,,,,9.1,,,RD250,,,
,15-07-2026,,,,,Waiting,,,,,,9.98,,,RD236,,,
,15-07-2026,,,,,Spotting,,,,,,0.3,,,RD236,,,
,15-07-2026,,,,,LU Loading,,,,,,3.23,,,RD236,,,
,15-07-2026,,,,,Waiting,,,,,,1.43,,,RD241,,,
,15-07-2026,,,,,LU Loading,,,,,,4.35,,,RD241,,,
,15-07-2026,,,,,Waiting,,,,,,6.47,,,RD236,,,
,15-07-2026,,,,,Marching,,,,,,1.78,,,RD236,,,
,15-07-2026,,,,,LU Loading,,,,,,0.5,,,RD236,,,
,15-07-2026,,,,,Waiting,,,,,,0.08,,,RD250,,,
,15-07-2026,,,,,Marching,,,,,,2.03,,,RD250,,,
,15-07-2026,,,,,Waiting,,,,,,0.02,,,RD250,,,
,15-07-2026,,,,,LU Loading,,,,,,3.22,,,RD250,,,
,15-07-2026,,,,,Waiting,,,,,,2.17,,,RD241,,,
,15-07-2026,,,,,LU Loading,,,,,,4.9,,,RD241,,,
,15-07-2026,,,,,Waiting,,,,,,1.73,,,RD250,,,
,15-07-2026,,,,,LU Loading,,,,,,3.7,,,RD250,,,
,15-07-2026,,,,,Waiting,,,,,,0.57,,,RD229,,,
,15-07-2026,,,,,Spotting,,,,,,0.47,,,RD229,,,
,15-07-2026,,,,,LU Loading,,,,,,4.2,,,RD229,,,
,15-07-2026,,,,,Waiting,,,,,,0.58,,,RD241,,,
,15-07-2026,,,,,LU Loading,,,,,,5.6,,,RD241,,,
,15-07-2026,,,,,Waiting,,,,,,4.55,,,RD250,,,
,15-07-2026,,,,,Spotting,,,,,,0.32,,,RD250,,,
,15-07-2026,,,,,LU Loading,,,,,,3.4,,,RD250,,,
,15-07-2026,,,,,Waiting,,,,,,4.83,,,RD229,,,
,15-07-2026,,,,,LU Loading,,,,,,2.73,,,RD229,,,
,15-07-2026,,,,,Waiting,,,,,,1.63,,,RD241,,,
,15-07-2026,,,,,Spotting,,,,,,0.25,,,RD241,,,
,15-07-2026,,,,,LU Loading,,,,,,3.37,,,RD241,,,
,15-07-2026,,,,,Waiting,,,,,,0.8,,,RD250,,,
,15-07-2026,,,,,LU Loading,,,,,,2.63,,,RD250,,,
,15-07-2026,,,,,Waiting,,,,,,2.48,,,RD229,,,
,15-07-2026,,,,,LU Loading,,,,,,2.73,,,RD229,,,
,15-07-2026,,,,,Waiting,,,,,,1.87,,,RD241,,,
,15-07-2026,,,,,LU Loading,,,,,,3.03,,,RD241,,,
,15-07-2026,,,,,Waiting,,,,,,3.17,,,RD229,,,
,15-07-2026,,,,,LU Loading,,,,,,4.33,,,RD229,,,
,15-07-2026,,,,,Waiting,,,,,,4.37,,,RD236,,,
,15-07-2026,,,,,LU Loading,,,,,,3.13,,,RD236,,,
,15-07-2026,,,,,Waiting,,,,,,0.73,,,RD229,,,
,15-07-2026,,,,,Spotting,,,,,,0.45,,,RD229,,,
,15-07-2026,,,,,LU Loading,,,,,,3.15,,,RD229,,,
,15-07-2026,,,,,Waiting,,,,,,2.47,,,RD236,,,
,15-07-2026,,,,,Spotting,,,,,,0.2,,,RD236,,,
,15-07-2026,,,,,LU Loading,,,,,,4.42,,,RD236,,,
,15-07-2026,,,,,Waiting,,,,,,0.72,,,RD229,,,
,15-07-2026,,,,,Spotting,,,,,,0.45,,,RD229,,,
,15-07-2026,,,,,LU Loading,,,,,,5.85,,,RD229,,,
,15-07-2026,,,,,Waiting,,,,,,1.32,,,RD236,,,
,15-07-2026,,,,,LU Loading,,,,,,4.4,,,RD236,,,
,15-07-2026,,,,,Waiting,,,,,,1.68,,,RD229,,,
,15-07-2026,,,,,LU Loading,,,,,,3.4,,,RD229,,,
,15-07-2026,,,,,Waiting,,,,,,2.23,,,RD236,,,
,15-07-2026,,,,,Spotting,,,,,,0.3,,,RD236,,,
,15-07-2026,,,,,LU Loading,,,,,,3.37,,,RD236,,,
,15-07-2026,,,,,Waiting,,,,,,1.3,,,RD229,,,
,15-07-2026,,,,,LU Loading,,,,,,3.87,,,RD229,,,
,15-07-2026,,,,,Waiting,,,,,,1.67,,,RD250,,,
,15-07-2026,,,,,LU Loading,,,,,,3.95,,,RD250,,,
,15-07-2026,,,,,Waiting,,,,,,2.52,,,RD236,,,
,15-07-2026,,,,,LU Loading,,,,,,4.43,,,RD236,,,
,15-07-2026,,,,,Waiting,,,,,,0.4,,,RD241,,,
,15-07-2026,,,,,Spotting,,,,,,0.27,,,RD241,,,
,15-07-2026,,,,,LU Loading,,,,,,3.35,,,RD241,,,
,15-07-2026,,,,,Waiting,,,,,,0.72,,,RD229,,,
,15-07-2026,,,,,Spotting,,,,,,0.47,,,RD229,,,
,15-07-2026,,,,,LU Loading,,,,,,4.35,,,RD229,,,
,15-07-2026,,,,,Waiting,,,,,,11.3,,,RD250,,,
,15-07-2026,,,,,LU Loading,,,,,,4.67,,,RD250,,,
,15-07-2026,,,,,Waiting,,,,,,5.38,,,RD236,,,
,15-07-2026,,,,,Spotting,,,,,,0.35,,,RD236,,,
,15-07-2026,,,,,LU Loading,,,,,,5.72,,,RD236,,,
,15-07-2026,,,,,Waiting,,,,,,0.67,,,RD241,,,
,15-07-2026,,,,,Spotting,,,,,,0.4,,,RD241,,,
,15-07-2026,,,,,LU Loading,,,,,,4.38,,,RD241,,,
,15-07-2026,,,,,Waiting,,,,,,8.2,,,RD236,,,
,15-07-2026,,,,,Spotting,,,,,,0.2,,,RD236,,,
,15-07-2026,,,,,LU Loading,,,,,,4.6,,,RD236,,,
,15-07-2026,,,,,Waiting,,,,,,0.27,,,RD250,,,
,15-07-2026,,,,,Spotting,,,,,,0.77,,,RD250,,,
,15-07-2026,,,,,LU Loading,,,,,,4.68,,,RD250,,,
,15-07-2026,,,,,Waiting,,,,,,1.22,,,RD241,,,
,15-07-2026,,,,,Spotting,,,,,,0.45,,,RD241,,,
,15-07-2026,,,,,LU Loading,,,,,,4.32,,,RD241,,,
,15-07-2026,,,,,Waiting,,,,,,2.17,,,RD229,,,
,15-07-2026,,,,,Spotting,,,,,,0.52,,,RD229,,,
,15-07-2026,,,,,LU Loading,,,,,,4.22,,,RD229,,,
,15-07-2026,,,,,Waiting,,,,,,1.75,,,RD237,,,
,15-07-2026,,,,,LU Loading,,,,,,4.12,,,RD237,,,
,15-07-2026,,,,,Waiting,,,,,,0.6,,,RD250,,,
,15-07-2026,,,,,LU Loading,,,,,,5.1,,,RD250,,,
,15-07-2026,,,,,Waiting,,,,,,0.53,,,RD241,,,
,15-07-2026,,,,,Spotting,,,,,,0.4,,,RD241,,,
,15-07-2026,,,,,LU Loading,,,,,,3.38,,,RD241,,,
,15-07-2026,,,,,Waiting,,,,,,0.53,,,RD236,,,
,15-07-2026,,,,,Spotting,,,,,,0.37,,,RD236,,,
,15-07-2026,,,,,LU Loading,,,,,,4.75,,,RD236,,,
,15-07-2026,,,,,Waiting,,,,,,0.58,,,RD237,,,
,15-07-2026,,,,,Spotting,,,,,,0.5,,,RD237,,,
,15-07-2026,,,,,LU Loading,,,,,,4.05,,,RD237,,,
,15-07-2026,,,,,Waiting,,,,,,0.72,,,RD229,,,
,15-07-2026,,,,,Spotting,,,,,,0.52,,,RD229,,,
,15-07-2026,,,,,LU Loading,,,,,,4.52,,,RD229,,,
,15-07-2026,,,,,Waiting,,,,,,0.5,,,RD250,,,
,15-07-2026,,,,,Spotting,,,,,,0.32,,,RD250,,,
,15-07-2026,,,,,LU Loading,,,,,,5.78,,,RD250,,,
,15-07-2026,,,,,Waiting,,,,,,1.68,,,RD237,,,
,15-07-2026,,,,,Marching,,,,,,12.08,,,RD237,,,
,15-07-2026,,,,,Waiting,,,,,,12.28,,,RD237,,,
,15-07-2026,,,,,LU Loading,,,,,,2.37,,,RD237,,,
,15-07-2026,,,,,Waiting,,,,,,2.57,,,RD250,,,
,15-07-2026,,,,,LU Loading,,,,,,1.6,,,RD250,,,
,15-07-2026,,,,,Waiting,,,,,,11.87,,,RD237,,,
,15-07-2026,,,,,Spotting,,,,,,0.58,,,RD237,,,
,15-07-2026,,,,,LU Loading,,,,,,4.78,,,RD237,,,
,15-07-2026,,,,,Waiting,,,,,,12.08,,,RD241,,,
,15-07-2026,,,,,LU Loading,,,,,,2.38,,,RD241,,,
,15-07-2026,,,,,Waiting,,,,,,18.48,,,RD228,,,
,15-07-2026,,,,,Shift Change,,,,,,21.33,,,RD228,,,
,15-07-2026,,,,,Shift Change,,,,,,33.17,,,RD228,,,
,15-07-2026,,,,,Marching,,,,,,23.07,,,RD228,,,
,15-07-2026,,,,,LU Loading,,,,,,3.17,,,RD228,,,
,15-07-2026,,,,,Waiting,,,,,,0.78,,,RD244,,,
,15-07-2026,,,,,LU Loading,,,,,,3.15,,,RD244,,,
,15-07-2026,,,,,Waiting,,,,,,0.92,,,RD246,,,
,15-07-2026,,,,,LU Loading,,,,,,3.47,,,RD246,,,
,15-07-2026,,,,,Waiting,,,,,,1.18,,,RD228,,,
,15-07-2026,,,,,Marching,,,,,,5.02,,,RD228,,,
,15-07-2026,,,,,LU Loading,,,,,,8.62,,,RD228,,,
,15-07-2026,,,,,Waiting,,,,,,1.3,,,RD244,,,
,15-07-2026,,,,,Spotting,,,,,,0.45,,,RD244,,,
,15-07-2026,,,,,LU Loading,,,,,,5.5,,,RD244,,,
,15-07-2026,,,,,Waiting,,,,,,5.18,,,RD228,,,
,15-07-2026,,,,,LU Loading,,,,,,5.73,,,RD228,,,
,15-07-2026,,,,,Waiting,,,,,,0.95,,,RD244,,,
,15-07-2026,,,,,LU Loading,,,,,,3.3,,,RD244,,,
,15-07-2026,,,,,Waiting,,,,,,0.92,,,RD246,,,
,15-07-2026,,,,,LU Loading,,,,,,4.48,,,RD246,,,
,15-07-2026,,,,,Waiting,,,,,,8.6,,,RD228,,,
,15-07-2026,,,,,Spotting,,,,,,0.57,,,RD228,,,
,15-07-2026,,,,,LU Loading,,,,,,3.83,,,RD228,,,
,15-07-2026,,,,,Waiting,,,,,,1.95,,,RD244,,,
,15-07-2026,,,,,LU Loading,,,,,,3.08,,,RD244,,,
,15-07-2026,,,,,Waiting,,,,,,1.02,,,RD246,,,
,15-07-2026,,,,,LU Loading,,,,,,4.12,,,RD246,,,
,15-07-2026,,,,,Waiting,,,,,,0.07,,,RD228,,,
,15-07-2026,,,,,Spotting,,,,,,0.32,,,RD228,,,
,15-07-2026,,,,,LU Loading,,,,,,3.77,,,RD228,,,
,15-07-2026,,,,,Waiting,,,,,,2.13,,,RD244,,,
,15-07-2026,,,,,LU Loading,,,,,,3.03,,,RD244,,,
,15-07-2026,,,,,Waiting,,,,,,0.68,,,RD246,,,
,15-07-2026,,,,,Spotting,,,,,,0.48,,,RD246,,,
,15-07-2026,,,,,LU Loading,,,,,,3.8,,,RD246,,,
,15-07-2026,,,,,Waiting,,,,,,1.28,,,RD228,,,
,15-07-2026,,,,,LU Loading,,,,,,3.08,,,RD228,,,
,15-07-2026,,,,,Waiting,,,,,,0.63,,,RD244,,,
,15-07-2026,,,,,LU Loading,,,,,,4.27,,,RD244,,,
,15-07-2026,,,,,Waiting,,,,,,3.4,,,RD246,,,
,15-07-2026,,,,,LU Loading,,,,,,3.85,,,RD246,,,
,15-07-2026,,,,,Waiting,,,,,,0.95,,,RD228,,,
,15-07-2026,,,,,LU Loading,,,,,,4.05,,,RD228,,,
,15-07-2026,,,,,Waiting,,,,,,1.97,,,RD244,,,
,15-07-2026,,,,,LU Loading,,,,,,0.42,,,RD244,,,
,15-07-2026,,,,,LU Loading,,,,,,3.88,,,RD244,,,
,15-07-2026,,,,,Waiting,,,,,,1.08,,,RD246,,,
,15-07-2026,,,,,Spotting,,,,,,0.58,,,RD246,,,
,15-07-2026,,,,,LU Loading,,,,,,5.93,,,RD246,,,
,15-07-2026,,,,,Spotting,,,,,,1.78,,,RD228,,,
,15-07-2026,,,,,LU Loading,,,,,,3.63,,,RD228,,,
,15-07-2026,,,,,Waiting,,,,,,1.6,,,RD244,,,
,15-07-2026,,,,,Spotting,,,,,,0.18,,,RD244,,,
,15-07-2026,,,,,LU Loading,,,,,,4.05,,,RD244,,,
,15-07-2026,,,,,Waiting,,,,,,1.08,,,RD246,,,
,15-07-2026,,,,,LU Loading,,,,,,3.82,,,RD246,,,
,15-07-2026,,,,,Waiting,,,,,,0.25,,,RD228,,,
,15-07-2026,,,,,LU Loading,,,,,,4.48,,,RD228,,,
,15-07-2026,,,,,Waiting,,,,,,20.55,,,RD228,,,
,15-07-2026,,,,,Tea/ Breakfast / Snacks,,,,,,53.1,,,RD228,,,
,15-07-2026,,,,,LU Loading,,,,,,6.33,,,RD228,,,
,15-07-2026,,,,,Waiting,,,,,,1.83,,,RD244,,,
,15-07-2026,,,,,LU Loading,,,,,,4.95,,,RD244,,,
,15-07-2026,,,,,Waiting,,,,,,13.92,,,RD244,,,
,15-07-2026,,,,,LU Loading,,,,,,3.45,,,RD244,,,
,15-07-2026,,,,,Waiting,,,,,,5.6,,,RD244,,,
,15-07-2026,,,,,LU Loading,,,,,,3.4,,,RD244,,,
,15-07-2026,,,,,Waiting,,,,,,5.45,,,RD246,,,
,15-07-2026,,,,,LU Loading,,,,,,3.12,,,RD246,,,
,15-07-2026,,,,,Waiting,,,,,,2.27,,,RD244,,,
,15-07-2026,,,,,Spotting,,,,,,0.42,,,RD244,,,
,15-07-2026,,,,,LU Loading,,,,,,3.23,,,RD244,,,
,15-07-2026,,,,,Waiting,,,,,,0.77,,,RD228,,,
,15-07-2026,,,,,LU Loading,,,,,,2.87,,,RD228,,,
,15-07-2026,,,,,Waiting,,,,,,4.53,,,RD244,,,
,15-07-2026,,,,,Spotting,,,,,,0.23,,,RD244,,,
,15-07-2026,,,,,LU Loading,,,,,,3.07,,,RD244,,,
,15-07-2026,,,,,Waiting,,,,,,0.8,,,RD228,,,
,15-07-2026,,,,,LU Loading,,,,,,3,,,RD228,,,
,15-07-2026,,,,,Waiting,,,,,,4.27,,,RD244,,,
,15-07-2026,,,,,Spotting,,,,,,0.22,,,RD244,,,
,15-07-2026,,,,,LU Loading,,,,,,2.92,,,RD244,,,
,15-07-2026,,,,,Waiting,,,,,,4.3,,,RD228,,,
,15-07-2026,,,,,LU Loading,,,,,,2.7,,,RD228,,,
,15-07-2026,,,,,Waiting,,,,,,2.98,,,RD230,,,
,15-07-2026,,,,,LU Loading,,,,,,2.8,,,RD230,,,
,15-07-2026,,,,,Waiting,,,,,,0.5,,,RD244,,,
,15-07-2026,,,,,Spotting,,,,,,0.32,,,RD244,,,
,15-07-2026,,,,,LU Loading,,,,,,2.75,,,RD244,,,
,15-07-2026,,,,,Waiting,,,,,,1.05,,,RD228,,,
,15-07-2026,,,,,LU Loading,,,,,,2.85,,,RD228,,,
,15-07-2026,,,,,Waiting,,,,,,0.58,,,RD230,,,
,15-07-2026,,,,,Spotting,,,,,,0.35,,,RD230,,,
,15-07-2026,,,,,LU Loading,,,,,,2.63,,,RD230,,,
,15-07-2026,,,,,Waiting,,,,,,0.43,,,RD244,,,
,15-07-2026,,,,,Spotting,,,,,,0.25,,,RD244,,,
,15-07-2026,,,,,LU Loading,,,,,,2.72,,,RD244,,,
,15-07-2026,,,,,Waiting,,,,,,1.08,,,RD246,,,
,15-07-2026,,,,,LU Loading,,,,,,2.77,,,RD246,,,
,15-07-2026,,,,,Waiting,,,,,,0.7,,,RD228,,,
,15-07-2026,,,,,LU Loading,,,,,,3.43,,,RD228,,,
,15-07-2026,,,,,Waiting,,,,,,2.42,,,RD244,,,
,15-07-2026,,,,,Spotting,,,,,,0.18,,,RD244,,,
,15-07-2026,,,,,LU Loading,,,,,,3.15,,,RD244,,,
,15-07-2026,,,,,Waiting,,,,,,6.58,,,RD228,,,
,15-07-2026,,,,,LU Loading,,,,,,2.95,,,RD228,,,
,15-07-2026,,,,,Waiting,,,,,,0.43,,,RD244,,,
,15-07-2026,,,,,Spotting,,,,,,0.3,,,RD244,,,
,15-07-2026,,,,,LU Loading,,,,,,3.15,,,RD244,,,
,15-07-2026,,,,,Waiting,,,,,,0.77,,,RD230,,,
,15-07-2026,,,,,LU Loading,,,,,,2.52,,,RD230,,,
,15-07-2026,,,,,Waiting,,,,,,0.92,,,RD246,,,
,15-07-2026,,,,,Spotting,,,,,,0.2,,,RD246,,,
,15-07-2026,,,,,LU Loading,,,,,,2.75,,,RD246,,,
,15-07-2026,,,,,Waiting,,,,,,0.42,,,RD228,,,
,15-07-2026,,,,,Spotting,,,,,,0.4,,,RD228,,,
,15-07-2026,,,,,LU Loading,,,,,,0.05,,,RD228,,,
,15-07-2026,,,,,LU Loading,,,,,,0.07,,,RD244,,,
,15-07-2026,,,,,LU Loading,,,,,,2.92,,,RD228,,,
,15-07-2026,,,,,Waiting,,,,,,0.17,,,RD244,,,
,15-07-2026,,,,,Spotting,,,,,,0.32,,,RD244,,,
,15-07-2026,,,,,LU Loading,,,,,,2.72,,,RD244,,,
,15-07-2026,,,,,Waiting,,,,,,2.77,,,RD246,,,
,15-07-2026,,,,,LU Loading,,,,,,3.25,,,RD246,,,
,15-07-2026,,,,,Waiting,,,,,,0.83,,,RD228,,,
,15-07-2026,,,,,LU Loading,,,,,,3.2,,,RD228,,,
,15-07-2026,,,,,Waiting,,,,,,0.17,,,RD244,,,
,15-07-2026,,,,,Spotting,,,,,,0.45,,,RD244,,,
,15-07-2026,,,,,LU Loading,,,,,,2.92,,,RD244,,,
,15-07-2026,,,,,Waiting,,,,,,0.62,,,RD246,,,
,15-07-2026,,,,,LU Loading,,,,,,3.9,,,RD246,,,
,15-07-2026,,,,,Waiting,,,,,,1.22,,,RD228,,,
,15-07-2026,,,,,LU Loading,,,,,,2.75,,,RD228,,,
,15-07-2026,,,,,Waiting,,,,,,0.62,,,RD244,,,
,15-07-2026,,,,,Spotting,,,,,,0.2,,,RD244,,,
,15-07-2026,,,,,LU Loading,,,,,,3.37,,,RD244,,,
,15-07-2026,,,,,Waiting,,,,,,2.97,,,RD239,,,
,15-07-2026,,,,,Shift Change,,,,,,27.87,,,RD239,,,
,15-07-2026,,,,,Shift Change,,,,,,47.4,,,RD239,,,
,15-07-2026,,,,,Marching,,,,,,36.57,,,RD239,,,
,15-07-2026,,,,,Spotting,,,,,,0.78,,,RD239,,,
,15-07-2026,,,,,LU Loading,,,,,,4.7,,,RD239,,,
,15-07-2026,,,,,Waiting,,,,,,1.2,,,RD244,,,
,15-07-2026,,,,,Spotting,,,,,,0.42,,,RD244,,,
,15-07-2026,,,,,LU Loading,,,,,,4.37,,,RD244,,,
,15-07-2026,,,,,Waiting,,,,,,1.15,,,RD230,,,
,15-07-2026,,,,,LU Loading,,,,,,3.58,,,RD230,,,
,15-07-2026,,,,,Waiting,,,,,,1.92,,,RD229,,,
,15-07-2026,,,,,Spotting,,,,,,0.25,,,RD229,,,
,15-07-2026,,,,,LU Loading,,,,,,3.82,,,RD229,,,
,15-07-2026,,,,,Waiting,,,,,,0.37,,,RD239,,,
,15-07-2026,,,,,LU Loading,,,,,,3.97,,,RD239,,,
,15-07-2026,,,,,Waiting,,,,,,6.05,,,RD244,,,
,15-07-2026,,,,,LU Loading,,,,,,4.57,,,RD244,,,
,16-07-2026,,,,,Waiting,,,,,,3.3,,,RD230,,,
,16-07-2026,,,,,Spotting,,,,,,6.57,,,RD230,,,
,16-07-2026,,,,,LU Loading,,,,,,4.78,,,RD230,,,
,16-07-2026,,,,,Waiting,,,,,,7.2,,,RD229,,,
,16-07-2026,,,,,LU Loading,,,,,,4.72,,,RD229,,,
,16-07-2026,,,,,Waiting,,,,,,0.68,,,RD239,,,
,16-07-2026,,,,,Spotting,,,,,,1.98,,,RD239,,,
,16-07-2026,,,,,LU Loading,,,,,,3.82,,,RD239,,,
,16-07-2026,,,,,Waiting,,,,,,0.7,,,RD244,,,
,16-07-2026,,,,,LU Loading,,,,,,2.9,,,RD244,,,
,16-07-2026,,,,,Waiting,,,,,,1.1,,,RD230,,,
,16-07-2026,,,,,Spotting,,,,,,1.12,,,RD230,,,
,16-07-2026,,,,,LU Loading,,,,,,3.2,,,RD230,,,
,16-07-2026,,,,,Waiting,,,,,,2.13,,,RD229,,,
,16-07-2026,,,,,Spotting,,,,,,0.2,,,RD229,,,
,16-07-2026,,,,,LU Loading,,,,,,4.32,,,RD229,,,
,16-07-2026,,,,,Waiting,,,,,,0.77,,,RD239,,,
,16-07-2026,,,,,LU Loading,,,,,,2.77,,,RD239,,,
,16-07-2026,,,,,Waiting,,,,,,0.35,,,RD244,,,
,16-07-2026,,,,,Spotting,,,,,,0.2,,,RD244,,,
,16-07-2026,,,,,LU Loading,,,,,,2.92,,,RD244,,,
,16-07-2026,,,,,Waiting,,,,,,8.03,,,RD126,,,
,16-07-2026,,,,,LU Loading,,,,,,4.15,,,RD126,,,
,16-07-2026,,,,,Waiting,,,,,,1.73,,,RD229,,,
,16-07-2026,,,,,LU Loading,,,,,,4.35,,,RD229,,,
,16-07-2026,,,,,Waiting,,,,,,1.38,,,RD239,,,
,16-07-2026,,,,,Spotting,,,,,,0.23,,,RD239,,,
,16-07-2026,,,,,LU Loading,,,,,,3.38,,,RD239,,,
,16-07-2026,,,,,Waiting,,,,,,1.93,,,RD244,,,
,16-07-2026,,,,,Spotting,,,,,,0.5,,,RD244,,,
,16-07-2026,,,,,LU Loading,,,,,,1.77,,,RD244,,,
,16-07-2026,,,,,Waiting,,,,,,0.08,,,RD126,,,
,16-07-2026,,,,,LU Loading,,,,,,3.42,,,RD126,,,
,16-07-2026,,,,,Waiting,,,,,,5.02,,,RD229,,,
,16-07-2026,,,,,Spotting,,,,,,0.18,,,RD229,,,
,16-07-2026,,,,,LU Loading,,,,,,4.17,,,RD229,,,
,16-07-2026,,,,,Waiting,,,,,,0.15,,,RD239,,,
,16-07-2026,,,,,LU Loading,,,,,,2.9,,,RD239,,,
,16-07-2026,,,,,Waiting,,,,,,0.68,,,RD244,,,
,16-07-2026,,,,,LU Loading,,,,,,3.45,,,RD244,,,
,16-07-2026,,,,,Waiting,,,,,,5.23,,,RD126,,,
,16-07-2026,,,,,LU Loading,,,,,,4.53,,,RD126,,,
,16-07-2026,,,,,Waiting,,,,,,1.15,,,RD245,,,
,16-07-2026,,,,,LU Loading,,,,,,3.2,,,RD245,,,
,16-07-2026,,,,,Waiting,,,,,,1.13,,,RD229,,,
,16-07-2026,,,,,LU Loading,,,,,,4.45,,,RD229,,,
,16-07-2026,,,,,Waiting,,,,,,7.35,,,RD230,,,
,16-07-2026,,,,,LU Loading,,,,,,3.58,,,RD230,,,
,16-07-2026,,,,,Waiting,,,,,,12.78,,,RD126,,,
,16-07-2026,,,,,LU Loading,,,,,,3.92,,,RD126,,,
,16-07-2026,,,,,Waiting,,,,,,1.53,,,RD245,,,
,16-07-2026,,,,,LU Loading,,,,,,3.7,,,RD245,,,
,16-07-2026,,,,,Waiting,,,,,,22.92,,,RD246,,,
,16-07-2026,,,,,Delay At Hopper,,,,,,34.95,,,RD246,,,
,16-07-2026,,,,,LU Loading,,,,,,5.78,,,RD246,,,
,16-07-2026,,,,,Waiting,,,,,,0.68,,,RD230,,,
,16-07-2026,,,,,LU Loading,,,,,,3.73,,,RD230,,,
,16-07-2026,,,,,Waiting,,,,,,1.63,,,RD229,,,
,16-07-2026,,,,,LU Loading,,,,,,4.43,,,RD229,,,
,16-07-2026,,,,,Waiting,,,,,,0.15,,,RD239,,,
,16-07-2026,,,,,Spotting,,,,,,1.7,,,RD239,,,
,16-07-2026,,,,,LU Loading,,,,,,3.05,,,RD239,,,
,16-07-2026,,,,,Waiting,,,,,,0.97,,,RD245,,,
,16-07-2026,,,,,LU Loading,,,,,,3.35,,,RD245,,,
,16-07-2026,,,,,Waiting,,,,,,19.22,,,RD229,,,
,16-07-2026,,,,,LU Loading,,,,,,4.4,,,RD229,,,
,16-07-2026,,,,,Waiting,,,,,,0.53,,,RD230,,,
,16-07-2026,,,,,LU Loading,,,,,,3.32,,,RD230,,,
,16-07-2026,,,,,Waiting,,,,,,0.18,,,RD239,,,
,16-07-2026,,,,,Spotting,,,,,,0.38,,,RD239,,,
,16-07-2026,,,,,LU Loading,,,,,,3.02,,,RD239,,,
,16-07-2026,,,,,Waiting,,,,,,0.65,,,RD245,,,
,16-07-2026,,,,,LU Loading,,,,,,4.12,,,RD245,,,
,16-07-2026,,,,,Waiting,,,,,,11.17,,,RD246,,,
,16-07-2026,,,,,LU Loading,,,,,,3.75,,,RD246,,,
,16-07-2026,,,,,Waiting,,,,,,1.2,,,RD229,,,
,16-07-2026,,,,,LU Loading,,,,,,3.3,,,RD229,,,
,16-07-2026,,,,,Waiting,,,,,,2.23,,,RD230,,,
,16-07-2026,,,,,LU Loading,,,,,,2.15,,,RD230,,,
,16-07-2026,,,,,Waiting,,,,,,0.55,,,RD239,,,
,16-07-2026,,,,,LU Loading,,,,,,3.78,,,RD239,,,
,16-07-2026,,,,,Waiting,,,,,,0.9,,,RD245,,,
,16-07-2026,,,,,Spotting,,,,,,0.32,,,RD245,,,
,16-07-2026,,,,,LU Loading,,,,,,4.28,,,RD245,,,
,16-07-2026,,,,,Waiting,,,,,,1.05,,,RD246,,,
,16-07-2026,,,,,LU Loading,,,,,,3.58,,,RD246,,,
,16-07-2026,,,,,Waiting,,,,,,1.05,,,RD229,,,
,16-07-2026,,,,,LU Loading,,,,,,2.55,,,RD229,,,
,16-07-2026,,,,,Waiting,,,,,,0.27,,,RD230,,,
,16-07-2026,,,,,Spotting,,,,,,0.58,,,RD230,,,
,16-07-2026,,,,,LU Loading,,,,,,2.4,,,RD230,,,
,16-07-2026,,,,,Waiting,,,,,,0.23,,,RD239,,,
,16-07-2026,,,,,LU Loading,,,,,,2.3,,,RD239,,,
,16-07-2026,,,,,Waiting,,,,,,9.47,,,RD238,,,
,16-07-2026,,,,,Shift Change,,,,,,26.82,,,RD238,,,
,16-07-2026,,,,,,,,,,,,,,,,,
,Timestamp,,,,,Status Code,,Sub-Status Code,,,,"Duration
(min)",,,Hauling Unit,,,
,16-07-2026,,,,,Shift Change,,,,,,47.32,,,RD238,,,
,16-07-2026,,,,,LU Loading,,,,,,3.35,,,RD238,,,
,16-07-2026,,,,,Waiting,,,,,,2.7,,,RD141,,,
,16-07-2026,,,,,Fuel Filling,,,,,,3.83,,,RD141,,,
,16-07-2026,,,,,LU Loading,,,,,,2.35,,,RD141,,,
,16-07-2026,,,,,Waiting,,,,,,0.33,,,RD126,,,
,16-07-2026,,,,,Spotting,,,,,,0.17,,,RD126,,,
,16-07-2026,,,,,LU Loading,,,,,,3.97,,,RD126,,,
,16-07-2026,,,,,Waiting,,,,,,1.33,,,RD242,,,
,16-07-2026,,,,,LU Loading,,,,,,4.6,,,RD242,,,
,16-07-2026,,,,,Waiting,,,,,,1.75,,,RD234,,,
,16-07-2026,,,,,LU Loading,,,,,,3.08,,,RD234,,,
,16-07-2026,,,,,Waiting,,,,,,0.28,,,RD226,,,
,16-07-2026,,,,,LU Loading,,,,,,3.57,,,RD226,,,
,16-07-2026,,,,,Waiting,,,,,,6.45,,,RD238,,,
,16-07-2026,,,,,Spotting,,,,,,0.27,,,RD238,,,
,16-07-2026,,,,,LU Loading,,,,,,3.57,,,RD238,,,
,16-07-2026,,,,,Waiting,,,,,,0.22,,,RD141,,,
,16-07-2026,,,,,LU Loading,,,,,,2.55,,,RD141,,,
,16-07-2026,,,,,Waiting,,,,,,0.37,,,RD126,,,
,16-07-2026,,,,,LU Loading,,,,,,4.77,,,RD126,,,
,16-07-2026,,,,,Waiting,,,,,,0.25,,,RD242,,,
,16-07-2026,,,,,Spotting,,,,,,0.47,,,RD242,,,
,16-07-2026,,,,,LU Loading,,,,,,4.58,,,RD242,,,
,16-07-2026,,,,,Spotting,,,,,,0.45,,,RD234,,,
,16-07-2026,,,,,LU Loading,,,,,,2.65,,,RD234,,,
,16-07-2026,,,,,Waiting,,,,,,1.1,,,RD226,,,
,16-07-2026,,,,,LU Loading,,,,,,3.5,,,RD226,,,
,16-07-2026,,,,,Waiting,,,,,,3.62,,,RD238,,,
,16-07-2026,,,,,Spotting,,,,,,0.73,,,RD238,,,
,16-07-2026,,,,,LU Loading,,,,,,4.35,,,RD238,,,
,16-07-2026,,,,,Waiting,,,,,,0.07,,,RD141,,,
,16-07-2026,,,,,LU Loading,,,,,,2.28,,,RD141,,,
,16-07-2026,,,,,Waiting,,,,,,4.18,,,RD242,,,
,16-07-2026,,,,,LU Loading,,,,,,3.58,,,RD242,,,
,16-07-2026,,,,,Waiting,,,,,,0.63,,,RD126,,,
,16-07-2026,,,,,Spotting,,,,,,0.72,,,RD126,,,
,16-07-2026,,,,,LU Loading,,,,,,3.85,,,RD126,,,
,16-07-2026,,,,,Waiting,,,,,,0.62,,,RD234,,,
,16-07-2026,,,,,Spotting,,,,,,0.25,,,RD234,,,
,16-07-2026,,,,,LU Loading,,,,,,2.37,,,RD234,,,
,16-07-2026,,,,,Waiting,,,,,,2.77,,,RD238,,,
,16-07-2026,,,,,Marching,,,,,,31.22,,,RD238,,,
,16-07-2026,,,,,LU Loading,,,,,,0.5,,,RD238,,,
,16-07-2026,,,,,LU Loading,,,,,,3.57,,,RD242,,,
,16-07-2026,,,,,LU Loading,,,,,,3.25,,,RD226,,,
,16-07-2026,,,,,LU Loading,,,,,,3.73,,,RD242,,,
,16-07-2026,,,,,Waiting,,,,,,0.87,,,RD238,,,
,16-07-2026,,,,,LU Loading,,,,,,16.07,,,RD238,,,
,16-07-2026,,,,,Waiting,,,,,,13.72,,,RD226,,,
,16-07-2026,,,,,Spotting,,,,,,1.1,,,RD226,,,
,16-07-2026,,,,,LU Loading,,,,,,3.33,,,RD226,,,
,16-07-2026,,,,,Waiting,,,,,,13.6,,,RD126,,,
,16-07-2026,,,,,LU Loading,,,,,,1.02,,,RD126,,,
,16-07-2026,,,,,LU Loading,,,,,,2.07,,,RD126,,,
,16-07-2026,,,,,Waiting,,,,,,0.02,,,RD242,,,
,16-07-2026,,,,,LU Loading,,,,,,0.02,,,RD242,,,
,16-07-2026,,,,,Waiting,,,,,,0.02,,,RD242,,,
,16-07-2026,,,,,LU Loading,,,,,,0.02,,,RD242,,,
,16-07-2026,,,,,Waiting,,,,,,1.18,,,RD141,,,
,16-07-2026,,,,,LU Loading,,,,,,3.05,,,RD141,,,
,16-07-2026,,,,,Waiting,,,,,,1.53,,,RD238,,,
,16-07-2026,,,,,LU Loading,,,,,,3.28,,,RD238,,,
,16-07-2026,,,,,Waiting,,,,,,11.05,,,RD226,,,
,16-07-2026,,,,,Spotting,,,,,,17.63,,,RD226,,,
,16-07-2026,,,,,LU Loading,,,,,,6.77,,,RD226,,,
,16-07-2026,,,,,Waiting,,,,,,3.55,,,RD226,,,
,16-07-2026,,,,,LU Loading,,,,,,1.68,,,RD226,,,
,16-07-2026,,,,,Waiting,,,,,,0.63,,,RD234,,,
,16-07-2026,,,,,LU Loading,,,,,,2.03,,,RD234,,,
,16-07-2026,,,,,Waiting,,,,,,0.25,,,RD242,,,
,16-07-2026,,,,,LU Loading,,,,,,2.47,,,RD242,,,
,16-07-2026,,,,,Waiting,,,,,,0.02,,,RD126,,,
,16-07-2026,,,,,LU Loading,,,,,,0.02,,,RD126,,,
,16-07-2026,,,,,Waiting,,,,,,0.57,,,RD126,,,
,16-07-2026,,,,,LU Loading,,,,,,1.4,,,RD126,,,
,16-07-2026,,,,,Waiting,,,,,,0.37,,,RD141,,,
,16-07-2026,,,,,Spotting,,,,,,0.25,,,RD141,,,
,16-07-2026,,,,,LU Loading,,,,,,2.07,,,RD141,,,
,16-07-2026,,,,,Waiting,,,,,,1.07,,,RD238,,,
,16-07-2026,,,,,LU Loading,,,,,,3.55,,,RD238,,,
,16-07-2026,,,,,Waiting,,,,,,13.1,,,RD226,,,
,16-07-2026,,,,,LU Loading,,,,,,1.98,,,RD226,,,
,16-07-2026,,,,,Waiting,,,,,,1.37,,,RD242,,,
,16-07-2026,,,,,LU Loading,,,,,,2.65,,,RD242,,,
,16-07-2026,,,,,Waiting,,,,,,1.25,,,RD126,,,
,16-07-2026,,,,,LU Loading,,,,,,2.48,,,RD126,,,
,16-07-2026,,,,,Waiting,,,,,,1.67,,,RD141,,,
,16-07-2026,,,,,LU Loading,,,,,,2.42,,,RD141,,,
,16-07-2026,,,,,Waiting,,,,,,4.75,,,RD238,,,
,16-07-2026,,,,,LU Loading,,,,,,2.73,,,RD238,,,
,16-07-2026,,,,,Waiting,,,,,,0.27,,,RD234,,,
,16-07-2026,,,,,LU Loading,,,,,,2.38,,,RD234,,,
,16-07-2026,,,,,Waiting,,,,,,4.03,,,RD226,,,
,16-07-2026,,,,,LU Loading,,,,,,2.67,,,RD226,,,
,16-07-2026,,,,,Waiting,,,,,,0.45,,,RD242,,,
,16-07-2026,,,,,LU Loading,,,,,,1.92,,,RD242,,,
,16-07-2026,,,,,Waiting,,,,,,15.22,,,RD126,,,
,16-07-2026,,,,,LU Loading,,,,,,3.03,,,RD126,,,
,16-07-2026,,,,,Waiting,,,,,,0.95,,,RD141,,,
,16-07-2026,,,,,LU Loading,,,,,,2.58,,,RD141,,,
,16-07-2026,,,,,Waiting,,,,,,0.48,,,RD234,,,
,16-07-2026,,,,,LU Loading,,,,,,2.95,,,RD234,,,
,16-07-2026,,,,,Waiting,,,,,,0.85,,,RD238,,,
,16-07-2026,,,,,LU Loading,,,,,,2.92,,,RD238,,,
,16-07-2026,,,,,Waiting,,,,,,1.93,,,RD242,,,
,16-07-2026,,,,,LU Loading,,,,,,2.38,,,RD242,,,
,16-07-2026,,,,,Waiting,,,,,,0.78,,,RD226,,,
,16-07-2026,,,,,LU Loading,,,,,,2.53,,,RD226,,,
,16-07-2026,,,,,Waiting,,,,,,8.83,,,RD126,,,
,16-07-2026,,,,,Spotting,,,,,,0.2,,,RD126,,,
,16-07-2026,,,,,LU Loading,,,,,,5.55,,,RD126,,,
,16-07-2026,,,,,Waiting,,,,,,1.47,,,RD234,,,
,16-07-2026,,,,,LU Loading,,,,,,3.93,,,RD234,,,
,16-07-2026,,,,,Waiting,,,,,,5.03,,,RD141,,,
,16-07-2026,,,,,LU Loading,,,,,,2.93,,,RD141,,,
,16-07-2026,,,,,Waiting,,,,,,3.3,,,RD238,,,
,16-07-2026,,,,,LU Loading,,,,,,3.55,,,RD238,,,
,16-07-2026,,,,,Spotting,,,,,,0.47,,,RD242,,,
,16-07-2026,,,,,LU Loading,,,,,,2.87,,,RD242,,,
,16-07-2026,,,,,Waiting,,,,,,1.7,,,RD226,,,
,16-07-2026,,,,,LU Loading,,,,,,2.67,,,RD226,,,
,16-07-2026,,,,,Waiting,,,,,,1.22,,,RD126,,,
,16-07-2026,,,,,LU Loading,,,,,,3.1,,,RD126,,,
,16-07-2026,,,,,Waiting,,,,,,27.48,,,RD143,,,
,16-07-2026,,,,,Shift Change,,,,,,24.62,,,RD143,,,
,16-07-2026,,,,,Shift Change,,,,,,7.8,,,RD143,,,
,16-07-2026,,,,,Blasting,,,,,,71.13,,,RD143,,,
,16-07-2026,,,,,Schedule No Work,,,,,,18.82,,,RD143,,,
,16-07-2026,,,,,Waiting,,,,,,4.42,,,RD143,,,
,16-07-2026,,,,,LU Loading,,,,,,3.62,,,RD143,,,
,16-07-2026,,,,,Waiting,,,,,,0.23,,,RD240,,,
,16-07-2026,,,,,Spotting,,,,,,0.38,,,RD240,,,
,16-07-2026,,,,,LU Loading,,,,,,4.35,,,RD240,,,
,16-07-2026,,,,,Waiting,,,,,,2.3,,,RD126,,,
,16-07-2026,,,,,LU Loading,,,,,,2.85,,,RD126,,,
,16-07-2026,,,,,Waiting,,,,,,2.02,,,RD141,,,
,16-07-2026,,,,,LU Loading,,,,,,3.35,,,RD141,,,
,16-07-2026,,,,,Waiting,,,,,,0.5,,,RD226,,,
,16-07-2026,,,,,Spotting,,,,,,0.92,,,RD226,,,
,16-07-2026,,,,,LU Loading,,,,,,4.63,,,RD226,,,
,16-07-2026,,,,,Waiting,,,,,,1.55,,,RD245,,,
,16-07-2026,,,,,LU Loading,,,,,,3.35,,,RD245,,,
,16-07-2026,,,,,Waiting,,,,,,0.95,,,RD229,,,
,16-07-2026,,,,,LU Loading,,,,,,2.28,,,RD229,,,
,16-07-2026,,,,,Waiting,,,,,,7.93,,,RD240,,,
,16-07-2026,,,,,LU Loading,,,,,,3.22,,,RD240,,,
,16-07-2026,,,,,Waiting,,,,,,1.72,,,RD126,,,
,16-07-2026,,,,,LU Loading,,,,,,3.9,,,RD126,,,
,16-07-2026,,,,,Waiting,,,,,,1.35,,,RD141,,,
,16-07-2026,,,,,LU Loading,,,,,,2.57,,,RD141,,,
,16-07-2026,,,,,Waiting,,,,,,2.05,,,RD226,,,
,16-07-2026,,,,,LU Loading,,,,,,5.27,,,RD226,,,
,16-07-2026,,,,,Waiting,,,,,,1.43,,,RD245,,,
,16-07-2026,,,,,Spotting,,,,,,0.7,,,RD245,,,
,16-07-2026,,,,,LU Loading,,,,,,3.67,,,RD245,,,
,16-07-2026,,,,,Waiting,,,,,,1.2,,,RD229,,,
,16-07-2026,,,,,LU Loading,,,,,,5.38,,,RD229,,,
,16-07-2026,,,,,Waiting,,,,,,1.1,,,RD143,,,
,16-07-2026,,,,,LU Loading,,,,,,4.3,,,RD143,,,
,16-07-2026,,,,,Waiting,,,,,,0.95,,,RD240,,,
,16-07-2026,,,,,Spotting,,,,,,0.73,,,RD240,,,
,16-07-2026,,,,,LU Loading,,,,,,4.08,,,RD240,,,
,16-07-2026,,,,,Waiting,,,,,,23.7,,,RD143,,,
,16-07-2026,,,,, Down,,,,,,118.4,,,RD143,,,
,16-07-2026,,,,,Marching,,,,,,28.23,,,RD143,,,
,16-07-2026,,,,,LU Loading,,,,,,2.92,,,RD143,,,
,16-07-2026,,,,,Waiting,,,,,,1.15,,,RD240,,,
,16-07-2026,,,,,LU Loading,,,,,,3.68,,,RD240,,,
,16-07-2026,,,,, Down,,,,,,82.77,,,RD236,,,
,16-07-2026,,,,, Down,,,,,,32.15,,,RD236,,,
,16-07-2026,,,,, Down,,,,,,123.43,,,RD236,,,
,17-07-2026,,,,,Schedule No Work,,,,,,29.35,,,RD236,,,
,17-07-2026,,,,,Waiting,,,,,,0.78,,,RD236,,,
,17-07-2026,,,,,Spotting,,,,,,0.35,,,RD236,,,
,17-07-2026,,,,,LU Loading,,,,,,4.43,,,RD236,,,
,17-07-2026,,,,,Waiting,,,,,,0.92,,,RD228,,,
,17-07-2026,,,,,LU Loading,,,,,,4.68,,,RD228,,,
,17-07-2026,,,,,Waiting,,,,,,0.97,,,RD245,,,
,17-07-2026,,,,,LU Loading,,,,,,3.47,,,RD245,,,
,17-07-2026,,,,,Waiting,,,,,,0.37,,,RD236,,,
,17-07-2026,,,,,LU Loading,,,,,,4.77,,,RD236,,,
,17-07-2026,,,,,Waiting,,,,,,0.73,,,RD228,,,
,17-07-2026,,,,,LU Loading,,,,,,3.82,,,RD228,,,
,17-07-2026,,,,,Waiting,,,,,,0.52,,,RD245,,,
,17-07-2026,,,,,Spotting,,,,,,0.47,,,RD245,,,
,17-07-2026,,,,,LU Loading,,,,,,4.32,,,RD245,,,
,17-07-2026,,,,,Waiting,,,,,,0.72,,,RD236,,,
,17-07-2026,,,,,Spotting,,,,,,0.15,,,RD236,,,
,17-07-2026,,,,,LU Loading,,,,,,4.78,,,RD236,,,
,17-07-2026,,,,,Waiting,,,,,,0.48,,,RD228,,,
,17-07-2026,,,,,Spotting,,,,,,0.23,,,RD228,,,
,17-07-2026,,,,,LU Loading,,,,,,3.82,,,RD228,,,
,17-07-2026,,,,,Waiting,,,,,,0.32,,,RD245,,,
,17-07-2026,,,,,Spotting,,,,,,0.5,,,RD245,,,
,17-07-2026,,,,,LU Loading,,,,,,3.73,,,RD245,,,
,17-07-2026,,,,,Waiting,,,,,,4.9,,,RD236,,,
,17-07-2026,,,,,Spotting,,,,,,0.25,,,RD236,,,
,17-07-2026,,,,,LU Loading,,,,,,5.17,,,RD236,,,
,17-07-2026,,,,,Waiting,,,,,,13.45,,,RD245,,,
,17-07-2026,,,,,Spotting,,,,,,0.52,,,RD245,,,
,17-07-2026,,,,,LU Loading,,,,,,4.62,,,RD245,,,
,17-07-2026,,,,,Waiting,,,,,,5,,,RD236,,,
,17-07-2026,,,,,Spotting,,,,,,0.35,,,RD236,,,
,17-07-2026,,,,,LU Loading,,,,,,5.6,,,RD236,,,
,17-07-2026,,,,,Waiting,,,,,,1,,,RD229,,,
,17-07-2026,,,,,Spotting,,,,,,0.45,,,RD229,,,
,17-07-2026,,,,,LU Loading,,,,,,5.08,,,RD229,,,
,17-07-2026,,,,,Waiting,,,,,,11,,,RD245,,,
,17-07-2026,,,,,LU Loading,,,,,,3.83,,,RD245,,,
,17-07-2026,,,,,Waiting,,,,,,1.13,,,RD229,,,
,17-07-2026,,,,,Spotting,,,,,,0.48,,,RD229,,,
,17-07-2026,,,,,LU Loading,,,,,,4.65,,,RD229,,,
,17-07-2026,,,,,Waiting,,,,,,8.15,,,RD229,,,
,17-07-2026,,,,,Spotting,,,,,,0.57,,,RD229,,,
,17-07-2026,,,,,LU Loading,,,,,,5.93,,,RD229,,,
,17-07-2026,,,,,Waiting,,,,,,1,,,RD237,,,
,17-07-2026,,,,,LU Loading,,,,,,9.23,,,RD237,,,
,17-07-2026,,,,,Waiting,,,,,,2.88,,,RD229,,,
,17-07-2026,,,,,Spotting,,,,,,0.55,,,RD229,,,
,17-07-2026,,,,,LU Loading,,,,,,5.4,,,RD229,,,
,17-07-2026,,,,,Waiting,,,,,,4.92,,,RD237,,,
,17-07-2026,,,,,LU Loading,,,,,,4.07,,,RD237,,,
,17-07-2026,,,,,Waiting,,,,,,0.32,,,RD229,,,
,17-07-2026,,,,,Spotting,,,,,,0.52,,,RD229,,,
,17-07-2026,,,,,LU Loading,,,,,,4.1,,,RD229,,,
,17-07-2026,,,,,Waiting,,,,,,2.82,,,RD237,,,
,17-07-2026,,,,,LU Loading,,,,,,3.18,,,RD237,,,
,17-07-2026,,,,,Waiting,,,,,,1.57,,,RD229,,,
,17-07-2026,,,,,Spotting,,,,,,0.77,,,RD229,,,
,17-07-2026,,,,,LU Loading,,,,,,4.1,,,RD229,,,
,17-07-2026,,,,,Waiting,,,,,,0.73,,,RD237,,,
,17-07-2026,,,,,LU Loading,,,,,,3.32,,,RD237,,,
,17-07-2026,,,,,Waiting,,,,,,2.7,,,RD229,,,
,17-07-2026,,,,,Spotting,,,,,,0.7,,,RD229,,,
,17-07-2026,,,,,LU Loading,,,,,,4.1,,,RD229,,,
,17-07-2026,,,,,Spotting,,,,,,0.92,,,RD237,,,
,17-07-2026,,,,,LU Loading,,,,,,3.2,,,RD237,,,
,17-07-2026,,,,,Waiting,,,,,,3.38,,,RD229,,,
,17-07-2026,,,,,LU Loading,,,,,,4.45,,,RD229,,,
,17-07-2026,,,,,Waiting,,,,,,2.03,,,RD237,,,
,17-07-2026,,,,,LU Loading,,,,,,3.42,,,RD237,,,
,17-07-2026,,,,,Waiting,,,,,,0.43,,,RD229,,,
,17-07-2026,,,,,Spotting,,,,,,0.65,,,RD229,,,
,17-07-2026,,,,,LU Loading,,,,,,4.53,,,RD229,,,
,17-07-2026,,,,,Waiting,,,,,,1.85,,,RD237,,,
,17-07-2026,,,,,LU Loading,,,,,,4.33,,,RD237,,,
,17-07-2026,,,,,Waiting,,,,,,0.67,,,RD229,,,
,17-07-2026,,,,,Spotting,,,,,,0.42,,,RD229,,,
,17-07-2026,,,,,LU Loading,,,,,,3.28,,,RD229,,,
,17-07-2026,,,,,Waiting,,,,,,10.43,,,RD237,,,
,17-07-2026,,,,,LU Loading,,,,,,6.15,,,RD237,,,
,17-07-2026,,,,,Waiting,,,,,,1.08,,,RD229,,,
,17-07-2026,,,,,LU Loading,,,,,,3.33,,,RD229,,,
,17-07-2026,,,,,Waiting,,,,,,2.62,,,RD237,,,
,17-07-2026,,,,,LU Loading,,,,,,3.32,,,RD237,,,
,17-07-2026,,,,,Waiting,,,,,,1.8,,,RD229,,,
,17-07-2026,,,,,LU Loading,,,,,,4.07,,,RD229,,,
,17-07-2026,,,,,Waiting,,,,,,1.75,,,RD237,,,
,17-07-2026,,,,,LU Loading,,,,,,3.35,,,RD237,,,
,17-07-2026,,,,,Waiting,,,,,,1.97,,,RD229,,,
,17-07-2026,,,,,LU Loading,,,,,,4.32,,,RD229,,,
,17-07-2026,,,,,Waiting,,,,,,0.88,,,RD237,,,
,17-07-2026,,,,,LU Loading,,,,,,4.27,,,RD237,,,
,17-07-2026,,,,,Waiting,,,,,,1.73,,,RD229,,,
,17-07-2026,,,,,LU Loading,,,,,,4.33,,,RD229,,,
,17-07-2026,,,,,Waiting,,,,,,0.97,,,RD237,,,
,17-07-2026,,,,,LU Loading,,,,,,3.57,,,RD237,,,
,17-07-2026,,,,,Waiting,,,,,,1.35,,,RD229,,,
,17-07-2026,,,,,LU Loading,,,,,,4.25,,,RD229,,,
,17-07-2026,,,,,Waiting,,,,,,0.8,,,RD237,,,
,17-07-2026,,,,,LU Loading,,,,,,3.48,,,RD237,,,
,17-07-2026,,,,,Waiting,,,,,,1.77,,,RD229,,,
,17-07-2026,,,,,LU Loading,,,,,,4.33,,,RD229,,,
,17-07-2026,,,,,Waiting,,,,,,11.42,,,RD245,,,
,17-07-2026,,,,,Shift Change,,,,,,21.9,,,RD245,,,
,17-07-2026,,,,,,,,,,,,,,,,,
,Timestamp,,,,,Status Code,,Sub-Status Code,,,,"Duration
(min)",,,Hauling Unit,,,
,17-07-2026,,,,,Shift Change,,,,,,51.43,,,RD245,,,
,17-07-2026,,,,,LU Loading,,,,,,3,,,RD245,,,
,17-07-2026,,,,,LU Loading,,,,,,4.82,,,RD234,,,
,17-07-2026,,,,,Waiting,,,,,,0.5,,,RD232,,,
,17-07-2026,,,,,LU Loading,,,,,,4.18,,,RD232,,,
,17-07-2026,,,,,Waiting,,,,,,1.95,,,RD245,,,
,17-07-2026,,,,,LU Loading,,,,,,4.07,,,RD245,,,
,17-07-2026,,,,,Waiting,,,,,,27.47,,,RD232,,,
,17-07-2026,,,,, Down,,,,,,13.78,,,RD232,,,
,17-07-2026,,,,,Waiting,,,,,,7.13,,,RD232,,,
,17-07-2026,,,,, Down,,,,,,107.85,,,RD232,,,
,17-07-2026,,,,,Waiting,,,,,,0.43,,,RD232,,,
,17-07-2026,,,,,Spotting,,,,,,0.02,,,RD232,,,
,17-07-2026,,,,,LU Loading,,,,,,2.48,,,RD232,,,
,17-07-2026,,,,,Waiting,,,,,,8.4,,,RD245,,,
,17-07-2026,,,,,Spotting,,,,,,0.23,,,RD245,,,
,17-07-2026,,,,,LU Loading,,,,,,3.58,,,RD245,,,
,17-07-2026,,,,,Waiting,,,,,,0.42,,,RD232,,,
,17-07-2026,,,,,Spotting,,,,,,0.1,,,RD232,,,
,17-07-2026,,,,,LU Loading,,,,,,3.95,,,RD232,,,
,17-07-2026,,,,,Waiting,,,,,,6.17,,,RD245,,,
,17-07-2026,,,,, Down,,,,,,16.77,,,RD245,,,
,17-07-2026,,,,,Waiting,,,,,,5.33,,,RD245,,,
,17-07-2026,,,,,LU Loading,,,,,,4.18,,,RD245,,,
,17-07-2026,,,,,Waiting,,,,,,7.05,,,RD232,,,
,17-07-2026,,,,,LU Loading,,,,,,3.02,,,RD232,,,
,17-07-2026,,,,,Waiting,,,,,,3.13,,,RD245,,,
,17-07-2026,,,,,LU Loading,,,,,,4.15,,,RD245,,,
,17-07-2026,,,,,Waiting,,,,,,3.33,,,RD232,,,
,17-07-2026,,,,,LU Loading,,,,,,2.42,,,RD232,,,
,17-07-2026,,,,,Waiting,,,,,,5.03,,,RD245,,,
,17-07-2026,,,,,LU Loading,,,,,,3.22,,,RD245,,,
,17-07-2026,,,,,Waiting,,,,,,2.62,,,RD232,,,
,17-07-2026,,,,,LU Loading,,,,,,3.1,,,RD232,,,
,17-07-2026,,,,,Waiting,,,,,,1.45,,,RD234,,,
,17-07-2026,,,,,LU Loading,,,,,,3.82,,,RD234,,,
,17-07-2026,,,,,Waiting,,,,,,1.82,,,RD245,,,
,17-07-2026,,,,,LU Loading,,,,,,3.47,,,RD245,,,
,17-07-2026,,,,,Waiting,,,,,,2.08,,,RD232,,,
,17-07-2026,,,,,Spotting,,,,,,1.05,,,RD232,,,
,17-07-2026,,,,,LU Loading,,,,,,2.67,,,RD232,,,
,17-07-2026,,,,,Waiting,,,,,,1.15,,,RD241,,,
,17-07-2026,,,,,LU Loading,,,,,,2.3,,,RD241,,,
,17-07-2026,,,,,Waiting,,,,,,0.45,,,RD234,,,
,17-07-2026,,,,,Spotting,,,,,,0.37,,,RD234,,,
,17-07-2026,,,,,LU Loading,,,,,,3.25,,,RD234,,,
,17-07-2026,,,,,LU Loading,,,,,,3,,,RD245,,,
,17-07-2026,,,,,Waiting,,,,,,5.03,,,RD241,,,
,17-07-2026,,,,,LU Loading,,,,,,3.7,,,RD241,,,
,17-07-2026,,,,,LU Loading,,,,,,3.45,,,RD232,,,
,17-07-2026,,,,,Waiting,,,,,,0.83,,,RD234,,,
,17-07-2026,,,,,LU Loading,,,,,,2.95,,,RD234,,,
,17-07-2026,,,,,Waiting,,,,,,0.83,,,RD245,,,
,17-07-2026,,,,,LU Loading,,,,,,2.83,,,RD245,,,
,17-07-2026,,,,,Waiting,,,,,,1.18,,,RD234,,,
,17-07-2026,,,,,LU Loading,,,,,,5.37,,,RD234,,,
,17-07-2026,,,,,Waiting,,,,,,7.17,,,RD234,,,
,17-07-2026,,,,,Spotting,,,,,,0.32,,,RD234,,,
,17-07-2026,,,,,LU Loading,,,,,,0.97,,,RD234,,,
,17-07-2026,,,,,Waiting,,,,,,2.08,,,RD245,,,
,17-07-2026,,,,,Fuel Filling,,,,,,5.15,,,RD245,,,
,17-07-2026,,,,,LU Loading,,,,,,3.28,,,RD245,,,
,17-07-2026,,,,,LU Loading,,,,,,3.58,,,RD241,,,
,17-07-2026,,,,,Waiting,,,,,,0.78,,,RD232,,,
,17-07-2026,,,,,LU Loading,,,,,,3.77,,,RD232,,,
,17-07-2026,,,,,Waiting,,,,,,4.3,,,RD245,,,
,17-07-2026,,,,,LU Loading,,,,,,3.78,,,RD245,,,
,17-07-2026,,,,,Waiting,,,,,,0.83,,,RD237,,,
,17-07-2026,,,,,LU Loading,,,,,,3.35,,,RD237,,,
,17-07-2026,,,,,Waiting,,,,,,0.57,,,RD241,,,
,17-07-2026,,,,,Spotting,,,,,,0.43,,,RD241,,,
,17-07-2026,,,,,LU Loading,,,,,,3.9,,,RD241,,,
,17-07-2026,,,,,Waiting,,,,,,0.9,,,RD232,,,
,17-07-2026,,,,,LU Loading,,,,,,4.28,,,RD232,,,
,17-07-2026,,,,,Waiting,,,,,,0.45,,,RD241,,,
,17-07-2026,,,,,Spotting,,,,,,0.2,,,RD241,,,
,17-07-2026,,,,,LU Loading,,,,,,2.82,,,RD241,,,
,17-07-2026,,,,,LU Loading,,,,,,3.77,,,RD245,,,
,17-07-2026,,,,,Waiting,,,,,,0.67,,,RD234,,,
,17-07-2026,,,,,LU Loading,,,,,,2.55,,,RD234,,,
,17-07-2026,,,,,Waiting,,,,,,0.6,,,RD237,,,
,17-07-2026,,,,,LU Loading,,,,,,1.98,,,RD237,,,
,17-07-2026,,,,,Waiting,,,,,,1.2,,,RD241,,,
,17-07-2026,,,,,LU Loading,,,,,,3.18,,,RD241,,,
,17-07-2026,,,,,Waiting,,,,,,3.4,,,RD241,,,
,17-07-2026,,,,,LU Loading,,,,,,2.83,,,RD241,,,
,17-07-2026,,,,,Waiting,,,,,,20.8,,,RD244,,,
,17-07-2026,,,,,Shift Change,,,,,,17.73,,,RD244,,,
,17-07-2026,,,,,Shift Change,,,,,,86.92,,,RD244,,,
,17-07-2026,,,,,Marching,,,,,,2.18,,,RD244,,,
,17-07-2026,,,,,Waiting,,,,,,0.45,,,RD244,,,
,17-07-2026,,,,,LU Loading,,,,,,1.08,,,RD244,,,
,17-07-2026,,,,,Waiting,,,,,,1.55,,,RD244,,,
,17-07-2026,,,,,LU Loading,,,,,,5.47,,,RD244,,,
,17-07-2026,,,,,Waiting,,,,,,0.33,,,RD240,,,
,17-07-2026,,,,,Spotting,,,,,,0.67,,,RD240,,,
,17-07-2026,,,,,LU Loading,,,,,,6.88,,,RD240,,,
,17-07-2026,,,,,Waiting,,,,,,0.37,,,RD232,,,
,17-07-2026,,,,,Marching,,,,,,3.37,,,RD232,,,
,17-07-2026,,,,,Spotting,,,,,,0.28,,,RD232,,,
,17-07-2026,,,,,LU Loading,,,,,,4.58,,,RD232,,,
,17-07-2026,,,,,Waiting,,,,,,2.48,,,RD232,,,
,17-07-2026,,,,,Marching,,,,,,15.98,,,RD232,,,
,17-07-2026,,,,,LU Loading,,,,,,3.42,,,RD232,,,
,17-07-2026,,,,,LU Loading,,,,,,2.08,,,RD121,,,
,17-07-2026,,,,,Waiting,,,,,,2.27,,,RD232,,,
,17-07-2026,,,,,LU Loading,,,,,,4.67,,,RD232,,,
,17-07-2026,,,,,Waiting,,,,,,0.53,,,RD240,,,
,17-07-2026,,,,,LU Loading,,,,,,9.1,,,RD240,,,
,17-07-2026,,,,,Waiting,,,,,,0.6,,,RD244,,,
,17-07-2026,,,,,Spotting,,,,,,0.77,,,RD244,,,
,17-07-2026,,,,,LU Loading,,,,,,4.08,,,RD244,,,
,17-07-2026,,,,,Waiting,,,,,,0.73,,,RD121,,,
,17-07-2026,,,,,LU Loading,,,,,,0.25,,,RD121,,,
,17-07-2026,,,,,LU Loading,,,,,,3.55,,,RD121,,,
,17-07-2026,,,,,Waiting,,,,,,3.93,,,RD232,,,
,17-07-2026,,,,,Spotting,,,,,,0.28,,,RD232,,,
,17-07-2026,,,,,LU Loading,,,,,,3.62,,,RD232,,,
,17-07-2026,,,,,Waiting,,,,,,3.12,,,RD240,,,
,17-07-2026,,,,,LU Loading,,,,,,4.58,,,RD240,,,
,17-07-2026,,,,,Waiting,,,,,,2.28,,,RD121,,,
,17-07-2026,,,,,LU Loading,,,,,,2.88,,,RD121,,,
,17-07-2026,,,,,Waiting,,,,,,5.15,,,RD244,,,
,17-07-2026,,,,,LU Loading,,,,,,4.15,,,RD244,,,
,17-07-2026,,,,,Waiting,,,,,,1.32,,,RD232,,,
,17-07-2026,,,,,Spotting,,,,,,0.42,,,RD232,,,
,17-07-2026,,,,,LU Loading,,,,,,5.27,,,RD232,,,
,17-07-2026,,,,,Waiting,,,,,,1.27,,,RD240,,,
,17-07-2026,,,,,LU Loading,,,,,,4.15,,,RD240,,,
,17-07-2026,,,,,Waiting,,,,,,5.98,,,RD121,,,
,17-07-2026,,,,,LU Loading,,,,,,3.6,,,RD121,,,
,17-07-2026,,,,,Waiting,,,,,,3.33,,,RD244,,,
,17-07-2026,,,,,LU Loading,,,,,,3.4,,,RD244,,,
,17-07-2026,,,,,Waiting,,,,,,0.95,,,RD232,,,
,17-07-2026,,,,,Spotting,,,,,,0.3,,,RD232,,,
,17-07-2026,,,,,LU Loading,,,,,,4.47,,,RD232,,,
,17-07-2026,,,,,Waiting,,,,,,40.67,,,RD232,,,
,17-07-2026,,,,,Tea/ Breakfast / Snacks,,,,,,30.13,,,RD232,,,
,17-07-2026,,,,,Waiting,,,,,,6.35,,,RD232,,,
,17-07-2026,,,,,Spotting,,,,,,1.08,,,RD232,,,
,17-07-2026,,,,,LU Loading,,,,,,4.45,,,RD232,,,
,17-07-2026,,,,,Waiting,,,,,,2.27,,,RD240,,,
,17-07-2026,,,,,LU Loading,,,,,,4.28,,,RD240,,,
,17-07-2026,,,,,Waiting,,,,,,3.35,,,RD244,,,
,17-07-2026,,,,,LU Loading,,,,,,3.68,,,RD244,,,
,17-07-2026,,,,,Waiting,,,,,,0.95,,,RD232,,,
,17-07-2026,,,,,Spotting,,,,,,0.38,,,RD232,,,
,17-07-2026,,,,,LU Loading,,,,,,6.3,,,RD232,,,
,17-07-2026,,,,,Waiting,,,,,,1.17,,,RD121,,,
,17-07-2026,,,,,LU Loading,,,,,,0.23,,,RD121,,,
,17-07-2026,,,,,LU Loading,,,,,,7.58,,,RD121,,,
,17-07-2026,,,,,Waiting,,,,,,4.33,,,RD240,,,
,17-07-2026,,,,,LU Loading,,,,,,4.18,,,RD240,,,
,17-07-2026,,,,,Waiting,,,,,,2.27,,,RD244,,,
,17-07-2026,,,,,LU Loading,,,,,,4.93,,,RD244,,,
,17-07-2026,,,,,Waiting,,,,,,0.5,,,RD232,,,
,17-07-2026,,,,,Spotting,,,,,,0.63,,,RD232,,,
,17-07-2026,,,,,LU Loading,,,,,,4.38,,,RD232,,,
,17-07-2026,,,,,Waiting,,,,,,3.08,,,RD121,,,
,17-07-2026,,,,,LU Loading,,,,,,3.68,,,RD121,,,
,17-07-2026,,,,,Waiting,,,,,,0.82,,,RD240,,,
,17-07-2026,,,,,LU Loading,,,,,,1.43,,,RD240,,,
,17-07-2026,,,,,LU Loading,,,,,,4.53,,,RD240,,,
,17-07-2026,,,,,Waiting,,,,,,0.83,,,RD232,,,
,17-07-2026,,,,,Spotting,,,,,,0.55,,,RD232,,,
,17-07-2026,,,,,LU Loading,,,,,,4.32,,,RD232,,,
,17-07-2026,,,,,Waiting,,,,,,1.23,,,RD121,,,
,17-07-2026,,,,,LU Loading,,,,,,0.07,,,RD121,,,
,17-07-2026,,,,,LU Loading,,,,,,3.95,,,RD121,,,
,17-07-2026,,,,,Waiting,,,,,,1.88,,,RD240,,,
,17-07-2026,,,,,LU Loading,,,,,,5.75,,,RD240,,,
,17-07-2026,,,,,Waiting,,,,,,3.3,,,RD232,,,
,17-07-2026,,,,,LU Loading,,,,,,5.1,,,RD232,,,
,17-07-2026,,,,,Waiting,,,,,,0.32,,,RD121,,,
,17-07-2026,,,,,LU Loading,,,,,,1.48,,,RD121,,,
,17-07-2026,,,,,LU Loading,,,,,,4.17,,,RD121,,,
,17-07-2026,,,,,Waiting,,,,,,2.9,,,RD240,,,
,17-07-2026,,,,,LU Loading,,,,,,5.42,,,RD240,,,
,17-07-2026,,,,,Waiting,,,,,,1.8,,,RD232,,,
,17-07-2026,,,,,LU Loading,,,,,,4.97,,,RD232,,,
,17-07-2026,,,,,Waiting,,,,,,1.5,,,RD244,,,
,17-07-2026,,,,,LU Loading,,,,,,4.9,,,RD244,,,
,17-07-2026,,,,,Spotting,,,,,,0.77,,,RD240,,,
,17-07-2026,,,,,LU Loading,,,,,,3.93,,,RD240,,,
,17-07-2026,,,,,Waiting,,,,,,0.82,,,RD232,,,
,17-07-2026,,,,,Spotting,,,,,,0.47,,,RD232,,,
,17-07-2026,,,,,LU Loading,,,,,,5.27,,,RD232,,,
,17-07-2026,,,,,Waiting,,,,,,1.72,,,RD244,,,
,17-07-2026,,,,,LU Loading,,,,,,0.65,,,RD244,,,
,17-07-2026,,,,,Waiting,,,,,,0.12,,,RD244,,,
,17-07-2026,,,,,LU Loading,,,,,,4.6,,,RD244,,,
,17-07-2026,,,,,Waiting,,,,,,7.45,,,RD239,,,
,17-07-2026,,,,,Shift Change,,,,,,23.02,,,RD239,,,
,17-07-2026,,,,,Shift Change,,,,,,40.8,,,RD239,,,
,17-07-2026,,,,,Schedule No Work,,,,,,439.2,,,RD239,,,
,18-07-2026,,,,,,,,,,,,,,,,,
,Timestamp,,,,,Status Code,,Sub-Status Code,,,,"Duration
(min)",,,Hauling Unit,,,
,18-07-2026,,,,,Schedule No Work,,,,,,42.77,,,RD239,,,
,18-07-2026,,,,,Waiting,,,,,,1.63,,,RD239,,,
,18-07-2026,,,,,LU Loading,,,,,,2.95,,,RD239,,,
,18-07-2026,,,,,Waiting,,,,,,1.73,,,RD240,,,
,18-07-2026,,,,,Spotting,,,,,,0.23,,,RD240,,,
,18-07-2026,,,,,LU Loading,,,,,,2.88,,,RD240,,,
,18-07-2026,,,,,Waiting,,,,,,1.65,,,RD141,,,
,18-07-2026,,,,,LU Loading,,,,,,2.25,,,RD141,,,
,18-07-2026,,,,,Waiting,,,,,,1.42,,,RD239,,,
,18-07-2026,,,,,LU Loading,,,,,,3.32,,,RD239,,,
,18-07-2026,,,,,Waiting,,,,,,0.95,,,RD240,,,
,18-07-2026,,,,,Face Prep,,,,,,4.9,,,RD240,,,
,18-07-2026,,,,,LU Loading,,,,,,2.3,,,RD240,,,
,18-07-2026,,,,,Waiting,,,,,,1.77,,,RD141,,,
,18-07-2026,,,,,LU Loading,,,,,,1.42,,,RD141,,,
,18-07-2026,,,,,Waiting,,,,,,2.37,,,RD239,,,
,18-07-2026,,,,,LU Loading,,,,,,2.93,,,RD239,,,
,18-07-2026,,,,,Waiting,,,,,,0.72,,,RD240,,,
,18-07-2026,,,,,LU Loading,,,,,,3.4,,,RD240,,,
,18-07-2026,,,,,Waiting,,,,,,0.87,,,RD141,,,
,18-07-2026,,,,,LU Loading,,,,,,2.63,,,RD141,,,
,18-07-2026,,,,,Waiting,,,,,,0.98,,,RD239,,,
,18-07-2026,,,,,Spotting,,,,,,0.43,,,RD239,,,
,18-07-2026,,,,,LU Loading,,,,,,3.12,,,RD239,,,
,18-07-2026,,,,,Waiting,,,,,,0.17,,,RD240,,,
,18-07-2026,,,,,Spotting,,,,,,1.18,,,RD240,,,
,18-07-2026,,,,,LU Loading,,,,,,2.95,,,RD240,,,
,18-07-2026,,,,,Waiting,,,,,,1.85,,,RD141,,,
,18-07-2026,,,,,LU Loading,,,,,,2.5,,,RD141,,,
,18-07-2026,,,,,Waiting,,,,,,1.17,,,RD239,,,
,18-07-2026,,,,,LU Loading,,,,,,2.92,,,RD239,,,
,18-07-2026,,,,,Waiting,,,,,,1.07,,,RD240,,,
,18-07-2026,,,,,Spotting,,,,,,0.33,,,RD240,,,
,18-07-2026,,,,,LU Loading,,,,,,3.15,,,RD240,,,
,18-07-2026,,,,,Waiting,,,,,,1.43,,,RD141,,,
,18-07-2026,,,,,LU Loading,,,,,,2.53,,,RD141,,,
,18-07-2026,,,,,Waiting,,,,,,1.22,,,RD239,,,
,18-07-2026,,,,,LU Loading,,,,,,2.97,,,RD239,,,
,18-07-2026,,,,,Waiting,,,,,,1.95,,,RD141,,,
,18-07-2026,,,,,LU Loading,,,,,,2.63,,,RD141,,,
,18-07-2026,,,,,Waiting,,,,,,1.48,,,RD240,,,
,18-07-2026,,,,,LU Loading,,,,,,3.93,,,RD240,,,
,18-07-2026,,,,,Waiting,,,,,,1.62,,,RD239,,,
,18-07-2026,,,,,LU Loading,,,,,,2.83,,,RD239,,,
,18-07-2026,,,,,Waiting,,,,,,4.18,,,RD141,,,
,18-07-2026,,,,,LU Loading,,,,,,3.35,,,RD141,,,
,18-07-2026,,,,,Waiting,,,,,,1.62,,,RD240,,,
,18-07-2026,,,,,LU Loading,,,,,,3.38,,,RD240,,,
,18-07-2026,,,,,Waiting,,,,,,1.58,,,RD239,,,
,18-07-2026,,,,,LU Loading,,,,,,4.1,,,RD239,,,
,18-07-2026,,,,,Waiting,,,,,,1.32,,,RD141,,,
,18-07-2026,,,,,LU Loading,,,,,,3.93,,,RD141,,,
,18-07-2026,,,,,Waiting,,,,,,1.27,,,RD240,,,
,18-07-2026,,,,,LU Loading,,,,,,2.87,,,RD240,,,
,18-07-2026,,,,,Waiting,,,,,,5.3,,,RD239,,,
,18-07-2026,,,,,LU Loading,,,,,,4.33,,,RD239,,,
,18-07-2026,,,,,Waiting,,,,,,0.73,,,RD141,,,
,18-07-2026,,,,,LU Loading,,,,,,4.32,,,RD141,,,
,18-07-2026,,,,,Waiting,,,,,,1.72,,,RD239,,,
,18-07-2026,,,,,LU Loading,,,,,,4.02,,,RD239,,,
,18-07-2026,,,,,Waiting,,,,,,0.72,,,RD141,,,
,18-07-2026,,,,,LU Loading,,,,,,3.12,,,RD141,,,
,18-07-2026,,,,,Waiting,,,,,,8.22,,,RD239,,,
,18-07-2026,,,,,LU Loading,,,,,,3.82,,,RD239,,,
,18-07-2026,,,,,Waiting,,,,,,1.02,,,RD240,,,
,18-07-2026,,,,,LU Loading,,,,,,3.77,,,RD240,,,
,18-07-2026,,,,,Waiting,,,,,,1.67,,,RD239,,,
,18-07-2026,,,,,LU Loading,,,,,,4.15,,,RD239,,,
,18-07-2026,,,,,Waiting,,,,,,1.78,,,RD240,,,
,18-07-2026,,,,,LU Loading,,,,,,3.42,,,RD240,,,
,18-07-2026,,,,,Waiting,,,,,,1.33,,,RD239,,,
,18-07-2026,,,,,LU Loading,,,,,,3.53,,,RD239,,,
,18-07-2026,,,,,Waiting,,,,,,1.37,,,RD240,,,
,18-07-2026,,,,,LU Loading,,,,,,4.13,,,RD240,,,
,18-07-2026,,,,,Waiting,,,,,,5.37,,,RD240,,,
,18-07-2026,,,,,LU Loading,,,,,,3.63,,,RD240,,,
,18-07-2026,,,,,Waiting,,,,,,6.28,,,RD240,,,
,18-07-2026,,,,,LU Loading,,,,,,4,,,RD240,,,
,18-07-2026,,,,,Waiting,,,,,,19.45,,,RD239,,,
,18-07-2026,,,,,Marching,,,,,,12.32,,,RD239,,,
,18-07-2026,,,,,LU Loading,,,,,,14.7,,,RD239,,,
,18-07-2026,,,,, Down,,,,,,11.12,,,RD239,,,
,18-07-2026,,,,,Waiting,,,,,,3.37,,,RD239,,,
,18-07-2026,,,,,LU Loading,,,,,,2.53,,,RD239,,,
,18-07-2026,,,,,Waiting,,,,,,1.18,,,RD141,,,
,18-07-2026,,,,,LU Loading,,,,,,1.77,,,RD141,,,
,18-07-2026,,,,,Waiting,,,,,,3.43,,,RD239,,,
,18-07-2026,,,,,LU Loading,,,,,,2.95,,,RD239,,,
,18-07-2026,,,,,Waiting,,,,,,0.85,,,RD141,,,
,18-07-2026,,,,,LU Loading,,,,,,1.47,,,RD141,,,
,18-07-2026,,,,,Waiting,,,,,,16.72,,,RD239,,,
,18-07-2026,,,,,LU Loading,,,,,,3.83,,,RD239,,,
,18-07-2026,,,,,LU Loading,,,,,,2.15,,,RD141,,,
,18-07-2026,,,,,Waiting,,,,,,5.02,,,RD239,,,
,18-07-2026,,,,,LU Loading,,,,,,3.25,,,RD239,,,
,18-07-2026,,,,,Waiting,,,,,,6.5,,,RD141,,,
,18-07-2026,,,,,LU Loading,,,,,,1.77,,,RD141,,,
,18-07-2026,,,,,LU Loading,,,,,,3.82,,,RD239,,,
,18-07-2026,,,,,Waiting,,,,,,3.93,,,RD141,,,
,18-07-2026,,,,,LU Loading,,,,,,2.35,,,RD141,,,
,18-07-2026,,,,,Waiting,,,,,,2.53,,,RD239,,,
,18-07-2026,,,,,LU Loading,,,,,,3.23,,,RD239,,,
,18-07-2026,,,,,Waiting,,,,,,3.25,,,RD141,,,
,18-07-2026,,,,,LU Loading,,,,,,3.97,,,RD141,,,
,18-07-2026,,,,,Waiting,,,,,,1.32,,,RD239,,,
,18-07-2026,,,,,LU Loading,,,,,,4.65,,,RD239,,,
,18-07-2026,,,,,Waiting,,,,,,46.53,,,RD141,,,
,18-07-2026,,,,,LU Loading,,,,,,1.65,,,RD141,,,
,18-07-2026,,,,,Waiting,,,,,,5.22,,,RD239,,,
,18-07-2026,,,,,LU Loading,,,,,,2.4,,,RD239,,,
,18-07-2026,,,,,Waiting,,,,,,21.38,,,RD229,,,
,18-07-2026,,,,,Shift Change,,,,,,20.57,,,RD229,,,
,18-07-2026,,,,,Shift Change,,,,,,36.27,,,RD229,,,
,18-07-2026,,,,,Waiting,,,,,,4.25,,,RD229,,,
,18-07-2026,,,,,LU Loading,,,,,,4.05,,,RD229,,,
,18-07-2026,,,,,Waiting,,,,,,1.17,,,RD244,,,
,18-07-2026,,,,,LU Loading,,,,,,3.38,,,RD244,,,
,18-07-2026,,,,,Waiting,,,,,,0.12,,,RD252,,,
,18-07-2026,,,,,LU Loading,,,,,,4.2,,,RD252,,,
,18-07-2026,,,,,Spotting,,,,,,0.35,,,RD228,,,
,18-07-2026,,,,,LU Loading,,,,,,4.1,,,RD228,,,
,18-07-2026,,,,,Waiting,,,,,,0.18,,,RD229,,,
,18-07-2026,,,,,Spotting,,,,,,0.13,,,RD229,,,
,18-07-2026,,,,,LU Loading,,,,,,3.53,,,RD229,,,
,18-07-2026,,,,,Waiting,,,,,,3.82,,,RD126,,,
,18-07-2026,,,,,Marching,,,,,,14.07,,,RD126,,,
,18-07-2026,,,,,LU Loading,,,,,,0.65,,,RD126,,,
,18-07-2026,,,,,Marching,,,,,,1.37,,,RD229,,,
,18-07-2026,,,,,LU Loading,,,,,,3.22,,,RD229,,,
,18-07-2026,,,,,LU Loading,,,,,,5.1,,,RD251,,,
,18-07-2026,,,,,Spotting,,,,,,0.27,,,RD126,,,
,18-07-2026,,,,,LU Loading,,,,,,4,,,RD126,,,
,18-07-2026,,,,,Waiting,,,,,,1.15,,,RD227,,,
,18-07-2026,,,,,LU Loading,,,,,,4.87,,,RD227,,,
,18-07-2026,,,,,Waiting,,,,,,2.63,,,RD252,,,
,18-07-2026,,,,,LU Loading,,,,,,2.97,,,RD252,,,
,18-07-2026,,,,,Waiting,,,,,,0.38,,,RD243,,,
,18-07-2026,,,,,Spotting,,,,,,0.15,,,RD243,,,
,18-07-2026,,,,,LU Loading,,,,,,4.38,,,RD243,,,
,18-07-2026,,,,,Waiting,,,,,,0.6,,,RD244,,,
,18-07-2026,,,,,Spotting,,,,,,0.18,,,RD244,,,
,18-07-2026,,,,,LU Loading,,,,,,3.77,,,RD244,,,
,18-07-2026,,,,,Waiting,,,,,,12.48,,,RD132,,,
,18-07-2026,,,,, Down,,,,,,70.17,,,RD132,,,
,18-07-2026,,,,,Released from Maintanence,,,,,,50.28,,,RD132,,,
,18-07-2026,,,,,Waiting,,,,,,6.52,,,RD132,,,
,18-07-2026,,,,,Marching,,,,,,6.52,,,RD132,,,
,18-07-2026,,,,,LU Loading,,,,,,6.2,,,RD132,,,
,18-07-2026,,,,,Side Casting,,,,,,0.1,,,RD132,,,
,18-07-2026,,,,,Waiting,,,,,,0.97,,,RD132,,,
,18-07-2026,,,,,Side Casting,,,,,,20.18,,,RD132,,,
,18-07-2026,,,,,LU Loading,,,,,,3.75,,,RD132,,,
,18-07-2026,,,,,Waiting,,,,,,2.32,,,RD240,,,
,18-07-2026,,,,,LU Loading,,,,,,3.28,,,RD240,,,
,18-07-2026,,,,,Waiting,,,,,,2.77,,,RD228,,,
,18-07-2026,,,,,Spotting,,,,,,0.52,,,RD228,,,
,18-07-2026,,,,,LU Loading,,,,,,4.8,,,RD228,,,
,18-07-2026,,,,,Waiting,,,,,,1,,,RD126,,,
,18-07-2026,,,,,Spotting,,,,,,0.27,,,RD126,,,
,18-07-2026,,,,,LU Loading,,,,,,3.92,,,RD126,,,
,18-07-2026,,,,,Waiting,,,,,,1.67,,,RD230,,,
,18-07-2026,,,,,LU Loading,,,,,,3.93,,,RD230,,,
,18-07-2026,,,,,Waiting,,,,,,1.75,,,RD244,,,
,18-07-2026,,,,,LU Loading,,,,,,4.98,,,RD244,,,
,18-07-2026,,,,,Waiting,,,,,,0.13,,,RD231,,,
,18-07-2026,,,,,Spotting,,,,,,0.18,,,RD231,,,
,18-07-2026,,,,,LU Loading,,,,,,4.35,,,RD231,,,
,18-07-2026,,,,,Waiting,,,,,,1.15,,,RD233,,,
,18-07-2026,,,,,Spotting,,,,,,1.22,,,RD233,,,
,18-07-2026,,,,,LU Loading,,,,,,3.2,,,RD233,,,
,18-07-2026,,,,,Waiting,,,,,,0.87,,,RD248,,,
,18-07-2026,,,,,Spotting,,,,,,0.52,,,RD248,,,
,18-07-2026,,,,,LU Loading,,,,,,4.47,,,RD248,,,
,18-07-2026,,,,,LU Loading,,,,,,5.75,,,RD132,,,
,18-07-2026,,,,,Waiting,,,,,,1.42,,,RD240,,,
,18-07-2026,,,,,Spotting,,,,,,0.17,,,RD240,,,
,18-07-2026,,,,,LU Loading,,,,,,3.82,,,RD240,,,
,18-07-2026,,,,,Waiting,,,,,,3.3,,,RD228,,,
,18-07-2026,,,,,LU Loading,,,,,,5.75,,,RD228,,,
,18-07-2026,,,,,Waiting,,,,,,1.27,,,RD230,,,
,18-07-2026,,,,,Spotting,,,,,,0.58,,,RD230,,,
,18-07-2026,,,,,LU Loading,,,,,,5.6,,,RD230,,,
,18-07-2026,,,,,Waiting,,,,,,5.33,,,RD231,,,
,18-07-2026,,,,,Spotting,,,,,,0.35,,,RD231,,,
,18-07-2026,,,,,LU Loading,,,,,,5.2,,,RD231,,,
,18-07-2026,,,,,Waiting,,,,,,0.85,,,RD233,,,
,18-07-2026,,,,,LU Loading,,,,,,4.2,,,RD233,,,
,18-07-2026,,,,,Waiting,,,,,,0.8,,,RD248,,,
,18-07-2026,,,,,Spotting,,,,,,0.35,,,RD248,,,
,18-07-2026,,,,,LU Loading,,,,,,4.6,,,RD248,,,
,18-07-2026,,,,,Waiting,,,,,,11.28,,,RD132,,,
,18-07-2026,,,,,LU Loading,,,,,,3.17,,,RD132,,,
,18-07-2026,,,,,Waiting,,,,,,1.6,,,RD240,,,
,18-07-2026,,,,,Spotting,,,,,,0.23,,,RD240,,,
,18-07-2026,,,,,LU Loading,,,,,,3.52,,,RD240,,,
,18-07-2026,,,,,Waiting,,,,,,1.02,,,RD126,,,
,18-07-2026,,,,,LU Loading,,,,,,3.42,,,RD126,,,
,18-07-2026,,,,,Waiting,,,,,,0.88,,,RD228,,,
,18-07-2026,,,,,Spotting,,,,,,0.23,,,RD228,,,
,18-07-2026,,,,,LU Loading,,,,,,3.83,,,RD228,,,
,18-07-2026,,,,,Waiting,,,,,,0.52,,,RD230,,,
,18-07-2026,,,,,Spotting,,,,,,0.33,,,RD230,,,
,18-07-2026,,,,,LU Loading,,,,,,2.8,,,RD230,,,
,18-07-2026,,,,,Waiting,,,,,,1.75,,,RD231,,,
,18-07-2026,,,,,LU Loading,,,,,,3.97,,,RD231,,,
,18-07-2026,,,,,Waiting,,,,,,0.37,,,RD233,,,
,18-07-2026,,,,,LU Loading,,,,,,3.28,,,RD233,,,
,18-07-2026,,,,,Waiting,,,,,,0.1,,,RD238,,,
,18-07-2026,,,,,Marching,,,,,,18.67,,,RD238,,,
,18-07-2026,,,,,Waiting,,,,,,7.53,,,RD238,,,
,18-07-2026,,,,,LU Loading,,,,,,0.02,,,RD238,,,
,18-07-2026,,,,,Waiting,,,,,,0.32,,,RD238,,,
,18-07-2026,,,,,LU Loading,,,,,,1.33,,,RD238,,,
,18-07-2026,,,,,Waiting,,,,,,0.28,,,RD232,,,
,18-07-2026,,,,,LU Loading,,,,,,0.42,,,RD232,,,
,18-07-2026,,,,,LU Loading,,,,,,2.7,,,RD232,,,
,18-07-2026,,,,,Waiting,,,,,,5.03,,,RD238,,,
,18-07-2026,,,,,Spotting,,,,,,0.48,,,RD238,,,
,18-07-2026,,,,,LU Loading,,,,,,2.55,,,RD238,,,
,18-07-2026,,,,,Waiting,,,,,,3.12,,,RD232,,,
,18-07-2026,,,,,LU Loading,,,,,,2.38,,,RD232,,,
,18-07-2026,,,,,Waiting,,,,,,3.78,,,RD238,,,
,18-07-2026,,,,,Waiting,,,,,,1.9,,,RD238,,,
,18-07-2026,,,,,Spotting,,,,,,0.98,,,RD238,,,
,18-07-2026,,,,,LU Loading,,,,,,2.35,,,RD238,,,
,18-07-2026,,,,,Waiting,,,,,,13.85,,,RD232,,,
,18-07-2026,,,,,LU Loading,,,,,,2.13,,,RD232,,,
,18-07-2026,,,,,Waiting,,,,,,4.92,,,RD238,,,
,18-07-2026,,,,,LU Loading,,,,,,1.68,,,RD238,,,
,18-07-2026,,,,,Spotting,,,,,,0.2,,,RD232,,,
,18-07-2026,,,,,LU Loading,,,,,,1.93,,,RD232,,,
,18-07-2026,,,,,Waiting,,,,,,2.25,,,RD227,,,
,18-07-2026,,,,,Spotting,,,,,,3.08,,,RD227,,,
,18-07-2026,,,,,LU Loading,,,,,,4.08,,,RD227,,,
,18-07-2026,,,,,Waiting,,,,,,0.48,,,RD251,,,
,18-07-2026,,,,,LU Loading,,,,,,2.78,,,RD251,,,
,18-07-2026,,,,,Waiting,,,,,,2.7,,,RD227,,,
,18-07-2026,,,,,Spotting,,,,,,0.43,,,RD227,,,
,18-07-2026,,,,,LU Loading,,,,,,3.33,,,RD227,,,
,18-07-2026,,,,,Waiting,,,,,,0.18,,,RD251,,,
,18-07-2026,,,,,LU Loading,,,,,,2.92,,,RD251,,,
,18-07-2026,,,,,Waiting,,,,,,7.12,,,RD240,,,
,18-07-2026,,,,,Marching,,,,,,23.98,,,RD240,,,
,18-07-2026,,,,,LU Loading,,,,,,0.95,,,RD240,,,
,18-07-2026,,,,,Waiting,,,,,,0.17,,,RD239,,,
,18-07-2026,,,,,Marching,,,,,,0.02,,,RD239,,,
,18-07-2026,,,,,Shift Change,,,,,,0.02,,,RD239,,,
,18-07-2026,,,,,Marching,,,,,,3.98,,,RD239,,,
,18-07-2026,,,,,LU Loading,,,,,,4.03,,,RD239,,,
,18-07-2026,,,,,LU Loading,,,,,,0.77,,,RD240,,,
,18-07-2026,,,,,Waiting,,,,,,1.63,,,RD240,,,
,18-07-2026,,,,,LU Loading,,,,,,2.75,,,RD240,,,
,18-07-2026,,,,,Waiting,,,,,,1.83,,,RD232,,,
,18-07-2026,,,,,LU Loading,,,,,,2.9,,,RD232,,,
,18-07-2026,,,,,Waiting,,,,,,1.52,,,RD245,,,
,18-07-2026,,,,,LU Loading,,,,,,3.05,,,RD245,,,
,18-07-2026,,,,,Waiting,,,,,,0.52,,,RD238,,,
,18-07-2026,,,,,LU Loading,,,,,,3.03,,,RD238,,,
,18-07-2026,,,,,Waiting,,,,,,17,,,RD239,,,
,19-07-2026,,,,,LU Loading,,,,,,3.12,,,RD239,,,
,19-07-2026,,,,,Waiting,,,,,,0.85,,,RD240,,,
,19-07-2026,,,,,LU Loading,,,,,,2.22,,,RD240,,,
,19-07-2026,,,,,Waiting,,,,,,0.83,,,RD232,,,
,19-07-2026,,,,,LU Loading,,,,,,2.75,,,RD232,,,
,19-07-2026,,,,,Waiting,,,,,,0.62,,,RD245,,,
,19-07-2026,,,,,LU Loading,,,,,,3.17,,,RD245,,,
,19-07-2026,,,,,Waiting,,,,,,0.72,,,RD141,,,
,19-07-2026,,,,,LU Loading,,,,,,3.5,,,RD141,,,
,19-07-2026,,,,,Waiting,,,,,,5.93,,,RD249,,,
,19-07-2026,,,,,LU Loading,,,,,,2.87,,,RD249,,,
,19-07-2026,,,,,Waiting,,,,,,10.4,,,RD240,,,
,19-07-2026,,,,,Spotting,,,,,,0.22,,,RD240,,,
,19-07-2026,,,,,LU Loading,,,,,,2.98,,,RD240,,,
,19-07-2026,,,,,Waiting,,,,,,0.85,,,RD232,,,
,19-07-2026,,,,,LU Loading,,,,,,3.03,,,RD232,,,
,19-07-2026,,,,,Waiting,,,,,,16.33,,,RD141,,,
,19-07-2026,,,,,LU Loading,,,,,,2.78,,,RD141,,,
,19-07-2026,,,,,Waiting,,,,,,7.37,,,RD240,,,
,19-07-2026,,,,,LU Loading,,,,,,4.25,,,RD240,,,
,19-07-2026,,,,,Waiting,,,,,,0.52,,,RD249,,,
,19-07-2026,,,,,Spotting,,,,,,0.15,,,RD249,,,
,19-07-2026,,,,,LU Loading,,,,,,3.38,,,RD249,,,
,19-07-2026,,,,,Waiting,,,,,,0.72,,,RD232,,,
,19-07-2026,,,,,LU Loading,,,,,,3.53,,,RD232,,,
,19-07-2026,,,,,Waiting,,,,,,4.8,,,RD242,,,
,19-07-2026,,,,,LU Loading,,,,,,4.37,,,RD242,,,
,19-07-2026,,,,,Waiting,,,,,,21.95,,,RD232,,,
,19-07-2026,,,,,LU Loading,,,,,,5.18,,,RD232,,,
,19-07-2026,,,,,Waiting,,,,,,0.82,,,RD240,,,
,19-07-2026,,,,,LU Loading,,,,,,4.22,,,RD240,,,
,19-07-2026,,,,,Waiting,,,,,,0.98,,,RD141,,,
,19-07-2026,,,,,LU Loading,,,,,,4.05,,,RD141,,,
,19-07-2026,,,,,Waiting,,,,,,1.48,,,RD249,,,
,19-07-2026,,,,,LU Loading,,,,,,4.12,,,RD249,,,
,19-07-2026,,,,,Waiting,,,,,,0.47,,,RD242,,,
,19-07-2026,,,,,LU Loading,,,,,,9.08,,,RD242,,,
,19-07-2026,,,,,Waiting,,,,,,17.02,,,RD232,,,
,19-07-2026,,,,,LU Loading,,,,,,2.93,,,RD232,,,
,19-07-2026,,,,,Waiting,,,,,,2.75,,,RD240,,,
,19-07-2026,,,,,LU Loading,,,,,,3.28,,,RD240,,,
,19-07-2026,,,,,Waiting,,,,,,3.52,,,RD249,,,
,19-07-2026,,,,,LU Loading,,,,,,2.9,,,RD249,,,
,19-07-2026,,,,,Waiting,,,,,,0.58,,,RD242,,,
,19-07-2026,,,,,LU Loading,,,,,,3.02,,,RD242,,,
,19-07-2026,,,,,Waiting,,,,,,2.73,,,RD237,,,
,19-07-2026,,,,,LU Loading,,,,,,3.27,,,RD237,,,
,19-07-2026,,,,,Waiting,,,,,,7.65,,,RD228,,,
,19-07-2026,,,,,Spotting,,,,,,0.23,,,RD228,,,
,19-07-2026,,,,,LU Loading,,,,,,4.15,,,RD228,,,
,19-07-2026,,,,,Waiting,,,,,,2.4,,,RD240,,,
,19-07-2026,,,,,LU Loading,,,,,,3.33,,,RD240,,,
,19-07-2026,,,,,Waiting,,,,,,3.98,,,RD232,,,
,19-07-2026,,,,,LU Loading,,,,,,3.98,,,RD232,,,
,19-07-2026,,,,,Waiting,,,,,,1.18,,,RD249,,,
,19-07-2026,,,,,LU Loading,,,,,,4.33,,,RD249,,,
,19-07-2026,,,,,Waiting,,,,,,0.75,,,RD242,,,
,19-07-2026,,,,,LU Loading,,,,,,4.13,,,RD242,,,
,19-07-2026,,,,,Waiting,,,,,,2.6,,,RD237,,,
,19-07-2026,,,,,Spotting,,,,,,0.13,,,RD237,,,
,19-07-2026,,,,,LU Loading,,,,,,5.47,,,RD237,,,
,19-07-2026,,,,,Waiting,,,,,,6.88,,,RD228,,,
,19-07-2026,,,,,LU Loading,,,,,,3.85,,,RD228,,,
,19-07-2026,,,,,Waiting,,,,,,1.83,,,RD232,,,
,19-07-2026,,,,,LU Loading,,,,,,6.2,,,RD232,,,
,19-07-2026,,,,,LU Loading,,,,,,7.42,,,RD240,,,
,19-07-2026,,,,,Waiting,,,,,,1.02,,,RD249,,,
,19-07-2026,,,,,LU Loading,,,,,,3.9,,,RD249,,,
,19-07-2026,,,,,Waiting,,,,,,0.8,,,RD141,,,
,19-07-2026,,,,,LU Loading,,,,,,3.15,,,RD141,,,
,19-07-2026,,,,,Waiting,,,,,,7.35,,,RD228,,,
,19-07-2026,,,,,LU Loading,,,,,,0.17,,,RD228,,,
,19-07-2026,,,,,Waiting,,,,,,0.3,,,RD237,,,
,19-07-2026,,,,,LU Loading,,,,,,0.18,,,RD237,,,
,19-07-2026,,,,,Waiting,,,,,,9.65,,,RD232,,,
,19-07-2026,,,,,Spotting,,,,,,0.22,,,RD232,,,
,19-07-2026,,,,,LU Loading,,,,,,4.75,,,RD232,,,
,19-07-2026,,,,,Waiting,,,,,,0.32,,,RD240,,,
,19-07-2026,,,,,Spotting,,,,,,0.33,,,RD240,,,
,19-07-2026,,,,,LU Loading,,,,,,5.03,,,RD240,,,
,19-07-2026,,,,,Waiting,,,,,,0.48,,,RD249,,,
,19-07-2026,,,,,LU Loading,,,,,,5.42,,,RD249,,,
,19-07-2026,,,,,Waiting,,,,,,12.98,,,RD240,,,
,19-07-2026,,,,,Marching,,,,,,12.75,,,RD240,,,
,19-07-2026,,,,,Waiting,,,,,,0.15,,,RD240,,,
,19-07-2026,,,,,LU Loading,,,,,,2.2,,,RD240,,,
,19-07-2026,,,,,Spotting,,,,,,1.03,,,RD245,,,
,19-07-2026,,,,,LU Loading,,,,,,2.88,,,RD245,,,
,19-07-2026,,,,,Waiting,,,,,,2.52,,,RD240,,,
,19-07-2026,,,,,LU Loading,,,,,,2.48,,,RD240,,,
,19-07-2026,,,,,Waiting,,,,,,1.4,,,RD245,,,
,19-07-2026,,,,,LU Loading,,,,,,2.98,,,RD245,,,
,19-07-2026,,,,,Waiting,,,,,,4.2,,,RD240,,,
,19-07-2026,,,,,LU Loading,,,,,,2.15,,,RD240,,,
,19-07-2026,,,,,Waiting,,,,,,1.33,,,RD245,,,
,19-07-2026,,,,,LU Loading,,,,,,2.15,,,RD245,,,
,19-07-2026,,,,,Waiting,,,,,,1.13,,,RD240,,,
,19-07-2026,,,,,,,,,,,,,,,,,
,Timestamp,,,,,Status Code,,Sub-Status Code,,,,"Duration
(min)",,,Hauling Unit,,,
,19-07-2026,,,,,Waiting,,,,,,1.85,,,RD240,,,
,19-07-2026,,,,,LU Loading,,,,,,2.35,,,RD240,,,
,19-07-2026,,,,,Waiting,,,,,,1.37,,,RD245,,,
,19-07-2026,,,,,LU Loading,,,,,,2.27,,,RD245,,,
,19-07-2026,,,,,Waiting,,,,,,2.27,,,RD240,,,
,19-07-2026,,,,,LU Loading,,,,,,2.72,,,RD240,,,
,19-07-2026,,,,,Waiting,,,,,,1.07,,,RD245,,,
,19-07-2026,,,,,LU Loading,,,,,,2.25,,,RD245,,,
,19-07-2026,,,,,Waiting,,,,,,16.48,,,RD233,,,
,19-07-2026,,,,,LU Loading,,,,,,3.1,,,RD233,,,
,19-07-2026,,,,,Waiting,,,,,,0.42,,,RD236,,,
,19-07-2026,,,,,LU Loading,,,,,,3.8,,,RD236,,,
,19-07-2026,,,,,Waiting,,,,,,1.27,,,RD233,,,
,19-07-2026,,,,,LU Loading,,,,,,2.58,,,RD233,,,
,19-07-2026,,,,,Waiting,,,,,,1.95,,,RD236,,,
,19-07-2026,,,,,LU Loading,,,,,,3.05,,,RD236,,,
,19-07-2026,,,,,Waiting,,,,,,1.4,,,RD233,,,
,19-07-2026,,,,,LU Loading,,,,,,2.13,,,RD233,,,
,19-07-2026,,,,,Waiting,,,,,,5.85,,,RD122,,,
,19-07-2026,,,,,Marching,,,,,,32.43,,,RD122,,,
,19-07-2026,,,,,LU Loading,,,,,,0.7,,,RD122,,,
,19-07-2026,,,,,Waiting,,,,,,1.83,,,RD122,,,
,19-07-2026,,,,,LU Loading,,,,,,0.43,,,RD122,,,
,19-07-2026,,,,,Waiting,,,,,,9.83,,,RD122,,,
,19-07-2026,,,,,Marching,,,,,,6.35,,,RD122,,,
,19-07-2026,,,,,LU Loading,,,,,,8.62,,,RD122,,,
,19-07-2026,,,,,Waiting,,,,,,22.7,,,RD236,,,
,19-07-2026,,,,,LU Loading,,,,,,3.2,,,RD236,,,
,19-07-2026,,,,,Waiting,,,,,,6.97,,,RD122,,,
,19-07-2026,,,,,LU Loading,,,,,,0.62,,,RD122,,,
,19-07-2026,,,,,LU Loading,,,,,,2.78,,,RD236,,,
,19-07-2026,,,,,Waiting,,,,,,9.85,,,RD236,,,
,19-07-2026,,,,,Fuel Filling,,,,,,3.47,,,RD236,,,
,19-07-2026,,,,,LU Loading,,,,,,3.82,,,RD236,,,
,19-07-2026,,,,,Waiting,,,,,,13.5,,,RD229,,,
,19-07-2026,,,,,Tea/ Breakfast / Snacks,,,,,,64.82,,,RD229,,,
,19-07-2026,,,,,Schedule No Work,,,,,,7.78,,,RD229,,,
,19-07-2026,,,,,Tea/ Breakfast / Snacks,,,,,,9.37,,,RD229,,,
,19-07-2026,,,,,LU Loading,,,,,,2.95,,,RD229,,,
,19-07-2026,,,,,Waiting,,,,,,6.07,,,RD229,,,
,19-07-2026,,,,,Spotting,,,,,,2.13,,,RD229,,,
,19-07-2026,,,,,LU Loading,,,,,,4.68,,,RD229,,,
,19-07-2026,,,,,Waiting,,,,,,13.37,,,RD229,,,
,19-07-2026,,,,,Spotting,,,,,,2.33,,,RD229,,,
,19-07-2026,,,,,LU Loading,,,,,,3.65,,,RD229,,,
,19-07-2026,,,,,Waiting,,,,,,11.1,,,RD229,,,
,19-07-2026,,,,,Spotting,,,,,,0.22,,,RD229,,,
,19-07-2026,,,,,LU Loading,,,,,,3.67,,,RD229,,,
,19-07-2026,,,,,Waiting,,,,,,13.42,,,RD229,,,
,19-07-2026,,,,,Spotting,,,,,,1.73,,,RD229,,,
,19-07-2026,,,,,LU Loading,,,,,,5.72,,,RD229,,,
,19-07-2026,,,,,Waiting,,,,,,12.97,,,RD229,,,
,19-07-2026,,,,,LU Loading,,,,,,5.13,,,RD229,,,
,19-07-2026,,,,,Waiting,,,,,,7.45,,,RD122,,,
,19-07-2026,,,,,LU Loading,,,,,,4.42,,,RD122,,,
,19-07-2026,,,,,Waiting,,,,,,6.32,,,RD229,,,
,19-07-2026,,,,,LU Loading,,,,,,2.67,,,RD229,,,
,19-07-2026,,,,,Waiting,,,,,,6.45,,,RD122,,,
,19-07-2026,,,,,LU Loading,,,,,,1.33,,,RD122,,,
,19-07-2026,,,,,Waiting,,,,,,3.58,,,RD229,,,
,19-07-2026,,,,,LU Loading,,,,,,0.02,,,RD229,,,
,19-07-2026,,,,,Waiting,,,,,,0.3,,,RD229,,,
,19-07-2026,,,,,LU Loading,,,,,,3.27,,,RD229,,,
,19-07-2026,,,,,Waiting,,,,,,6.97,,,RD122,,,
,19-07-2026,,,,,LU Loading,,,,,,3.43,,,RD122,,,
,19-07-2026,,,,,Waiting,,,,,,0.82,,,RD229,,,
,19-07-2026,,,,,LU Loading,,,,,,3.98,,,RD229,,,
,19-07-2026,,,,,Waiting,,,,,,6.72,,,RD122,,,
,19-07-2026,,,,,LU Loading,,,,,,2.95,,,RD122,,,
,19-07-2026,,,,,Waiting,,,,,,0.93,,,RD229,,,
,19-07-2026,,,,,LU Loading,,,,,,3.15,,,RD229,,,
,19-07-2026,,,,,Waiting,,,,,,2.9,,,RD226,,,
,19-07-2026,,,,,Marching,,,,,,10,,,RD226,,,
,19-07-2026,,,,,LU Loading,,,,,,0.02,,,RD226,,,
,19-07-2026,,,,,Waiting,,,,,,2.6,,,RD229,,,
,19-07-2026,,,,,LU Loading,,,,,,2.03,,,RD229,,,
,19-07-2026,,,,,Waiting,,,,,,6.62,,,RD229,,,
,19-07-2026,,,,,LU Loading,,,,,,1.9,,,RD229,,,
,19-07-2026,,,,,Waiting,,,,,,4.82,,,RD237,,,
,19-07-2026,,,,,LU Loading,,,,,,0.42,,,RD237,,,
,19-07-2026,,,,,Waiting,,,,,,0.57,,,RD229,,,
,19-07-2026,,,,,LU Loading,,,,,,2.48,,,RD229,,,
,19-07-2026,,,,,Waiting,,,,,,3.75,,,RD237,,,
,19-07-2026,,,,,LU Loading,,,,,,0.02,,,RD237,,,
,19-07-2026,,,,,Waiting,,,,,,0.77,,,RD237,,,
,19-07-2026,,,,,LU Loading,,,,,,0.32,,,RD237,,,
,19-07-2026,,,,,LU Loading,,,,,,2.4,,,RD229,,,
,19-07-2026,,,,,LU Loading,,,,,,2.42,,,RD237,,,
,19-07-2026,,,,,Waiting,,,,,,3.02,,,RD229,,,
,19-07-2026,,,,,Spotting,,,,,,1.93,,,RD229,,,
,19-07-2026,,,,,LU Loading,,,,,,2.22,,,RD229,,,
,19-07-2026,,,,,Waiting,,,,,,4.8,,,RD229,,,
,19-07-2026,,,,,Spotting,,,,,,2,,,RD229,,,
,19-07-2026,,,,,LU Loading,,,,,,0.9,,,RD229,,,
,19-07-2026,,,,,LU Loading,,,,,,0.98,,,RD229,,,
,19-07-2026,,,,,Waiting,,,,,,3.95,,,RD237,,,
,19-07-2026,,,,,LU Loading,,,,,,4.1,,,RD237,,,
,19-07-2026,,,,,Spotting,,,,,,0.73,,,RD229,,,
,19-07-2026,,,,,LU Loading,,,,,,2.22,,,RD229,,,
,19-07-2026,,,,,Waiting,,,,,,5.85,,,RD229,,,
,19-07-2026,,,,,LU Loading,,,,,,3.27,,,RD229,,,
,19-07-2026,,,,,Waiting,,,,,,13.25,,,RD237,,,
,19-07-2026,,,,,Change Operators,,,,,,13.72,,,RD237,,,
,19-07-2026,,,,,Waiting,,,,,,6.73,,,RD237,,,
,19-07-2026,,,,,LU Loading,,,,,,0.08,,,RD237,,,
,19-07-2026,,,,,Waiting,,,,,,2.75,,,RD241,,,
,19-07-2026,,,,,LU Loading,,,,,,3.07,,,RD241,,,
,19-07-2026,,,,,Waiting,,,,,,0.88,,,RD237,,,
,19-07-2026,,,,,LU Loading,,,,,,3.02,,,RD237,,,
,19-07-2026,,,,,Waiting,,,,,,2.3,,,RD241,,,
,19-07-2026,,,,,LU Loading,,,,,,3.57,,,RD241,,,
,19-07-2026,,,,,Waiting,,,,,,1.63,,,RD237,,,
,19-07-2026,,,,,LU Loading,,,,,,1.18,,,RD237,,,
,19-07-2026,,,,,Waiting,,,,,,2.78,,,RD241,,,
,19-07-2026,,,,,LU Loading,,,,,,3.58,,,RD241,,,
,19-07-2026,,,,,Waiting,,,,,,5.53,,,RD228,,,
,19-07-2026,,,,,Schedule No Work,,,,,,118.87,,,RD228,,,
,19-07-2026,,,,,Marching,,,,,,14.35,,,RD228,,,
,19-07-2026,,,,,Waiting,,,,,,11.37,,,RD228,,,
,19-07-2026,,,,,Spotting,,,,,,0.88,,,RD228,,,
,19-07-2026,,,,,LU Loading,,,,,,3.85,,,RD228,,,
,19-07-2026,,,,,Waiting,,,,,,1.03,,,RD236,,,
,19-07-2026,,,,,LU Loading,,,,,,4.17,,,RD236,,,
,19-07-2026,,,,,Waiting,,,,,,0.9,,,RD239,,,
,19-07-2026,,,,,LU Loading,,,,,,4.18,,,RD239,,,
,19-07-2026,,,,,Waiting,,,,,,1.12,,,RD228,,,
,19-07-2026,,,,,LU Loading,,,,,,3.52,,,RD228,,,
,19-07-2026,,,,,Waiting,,,,,,0.63,,,RD236,,,
,19-07-2026,,,,,Spotting,,,,,,0.8,,,RD236,,,
,19-07-2026,,,,,LU Loading,,,,,,5.13,,,RD236,,,
,19-07-2026,,,,,Waiting,,,,,,1.1,,,RD239,,,
,19-07-2026,,,,,LU Loading,,,,,,3.82,,,RD239,,,
,19-07-2026,,,,,Waiting,,,,,,0.98,,,RD228,,,
,19-07-2026,,,,,LU Loading,,,,,,4.6,,,RD228,,,
,19-07-2026,,,,,Waiting,,,,,,1.18,,,RD236,,,
,19-07-2026,,,,,LU Loading,,,,,,4.42,,,RD236,,,
,19-07-2026,,,,,Waiting,,,,,,0.5,,,RD239,,,
,19-07-2026,,,,,Spotting,,,,,,0.5,,,RD239,,,
,19-07-2026,,,,,LU Loading,,,,,,3.77,,,RD239,,,
,19-07-2026,,,,,Waiting,,,,,,1.13,,,RD228,,,
,19-07-2026,,,,,LU Loading,,,,,,3.18,,,RD228,,,
,19-07-2026,,,,,Waiting,,,,,,1.98,,,RD236,,,
,19-07-2026,,,,,LU Loading,,,,,,3.17,,,RD236,,,
,19-07-2026,,,,,Waiting,,,,,,0.55,,,RD239,,,
,19-07-2026,,,,,Spotting,,,,,,0.83,,,RD239,,,
,19-07-2026,,,,,LU Loading,,,,,,4.22,,,RD239,,,
,19-07-2026,,,,,Waiting,,,,,,1.07,,,RD228,,,
,19-07-2026,,,,,LU Loading,,,,,,3.82,,,RD228,,,
,19-07-2026,,,,,Waiting,,,,,,1.83,,,RD236,,,
,19-07-2026,,,,,LU Loading,,,,,,2.95,,,RD236,,,
,19-07-2026,,,,,Waiting,,,,,,1.37,,,RD239,,,
,19-07-2026,,,,,Spotting,,,,,,0.52,,,RD239,,,
,19-07-2026,,,,,LU Loading,,,,,,3.87,,,RD239,,,
,19-07-2026,,,,,Waiting,,,,,,1.07,,,RD228,,,
,19-07-2026,,,,,LU Loading,,,,,,3.63,,,RD228,,,
,19-07-2026,,,,,Waiting,,,,,,0.95,,,RD236,,,
,19-07-2026,,,,,LU Loading,,,,,,3.97,,,RD236,,,
,19-07-2026,,,,,Waiting,,,,,,0.9,,,RD239,,,
,19-07-2026,,,,,LU Loading,,,,,,4.6,,,RD239,,,
,19-07-2026,,,,,Waiting,,,,,,0.05,,,RD228,,,
,19-07-2026,,,,,Spotting,,,,,,1.07,,,RD228,,,
,19-07-2026,,,,,LU Loading,,,,,,5.1,,,RD228,,,
,19-07-2026,,,,,Waiting,,,,,,0.15,,,RD236,,,
,19-07-2026,,,,,Spotting,,,,,,1.67,,,RD236,,,
,19-07-2026,,,,,LU Loading,,,,,,7.42,,,RD236,,,
,19-07-2026,,,,,Spotting,,,,,,1.15,,,RD239,,,
,19-07-2026,,,,,LU Loading,,,,,,3.15,,,RD239,,,
,19-07-2026,,,,,Waiting,,,,,,1.63,,,RD228,,,
,19-07-2026,,,,,LU Loading,,,,,,4.28,,,RD228,,,
,19-07-2026,,,,,Waiting,,,,,,0.32,,,RD236,,,
,19-07-2026,,,,,Spotting,,,,,,1.03,,,RD236,,,
,19-07-2026,,,,,LU Loading,,,,,,3.38,,,RD236,,,
,19-07-2026,,,,,Waiting,,,,,,0.32,,,RD239,,,
,19-07-2026,,,,,Spotting,,,,,,0.9,,,RD239,,,
,19-07-2026,,,,,LU Loading,,,,,,3.28,,,RD239,,,
,19-07-2026,,,,,Waiting,,,,,,1.22,,,RD228,,,
,19-07-2026,,,,,LU Loading,,,,,,3.23,,,RD228,,,
,19-07-2026,,,,,Waiting,,,,,,0.58,,,RD236,,,
,19-07-2026,,,,,Spotting,,,,,,0.68,,,RD236,,,
,19-07-2026,,,,,LU Loading,,,,,,4.33,,,RD236,,,
,19-07-2026,,,,,Waiting,,,,,,1.23,,,RD239,,,
,19-07-2026,,,,,LU Loading,,,,,,3.28,,,RD239,,,
,19-07-2026,,,,,Waiting,,,,,,0.97,,,RD228,,,
,19-07-2026,,,,,LU Loading,,,,,,3,,,RD228,,,
,19-07-2026,,,,,Waiting,,,,,,2.23,,,RD236,,,
,19-07-2026,,,,,LU Loading,,,,,,2.9,,,RD236,,,
,19-07-2026,,,,,Waiting,,,,,,1.18,,,RD239,,,
,19-07-2026,,,,,LU Loading,,,,,,3.6,,,RD239,,,
,19-07-2026,,,,,Waiting,,,,,,1.13,,,RD228,,,
,19-07-2026,,,,,LU Loading,,,,,,3.72,,,RD228,,,
,19-07-2026,,,,,Waiting,,,,,,0.98,,,RD236,,,
,19-07-2026,,,,,Spotting,,,,,,0.87,,,RD236,,,
,19-07-2026,,,,,LU Loading,,,,,,4.02,,,RD236,,,
,19-07-2026,,,,,Waiting,,,,,,1.07,,,RD239,,,
,19-07-2026,,,,,LU Loading,,,,,,3.63,,,RD239,,,
,19-07-2026,,,,,Waiting,,,,,,0.27,,,RD228,,,
,19-07-2026,,,,,Spotting,,,,,,0.8,,,RD228,,,
,19-07-2026,,,,,LU Loading,,,,,,3.17,,,RD228,,,
,19-07-2026,,,,,Waiting,,,,,,1.12,,,RD236,,,
,19-07-2026,,,,,LU Loading,,,,,,3.92,,,RD236,,,
,19-07-2026,,,,,Waiting,,,,,,0.25,,,RD239,,,
,19-07-2026,,,,,Spotting,,,,,,0.77,,,RD239,,,
,19-07-2026,,,,,LU Loading,,,,,,2.77,,,RD239,,,
,19-07-2026,,,,,Waiting,,,,,,0.92,,,RD228,,,
,19-07-2026,,,,,LU Loading,,,,,,4.23,,,RD228,,,
,19-07-2026,,,,,Waiting,,,,,,1.07,,,RD236,,,
,19-07-2026,,,,,LU Loading,,,,,,3.12,,,RD236,,,
,19-07-2026,,,,,Waiting,,,,,,0.92,,,RD239,,,
,19-07-2026,,,,,LU Loading,,,,,,4.02,,,RD239,,,
,19-07-2026,,,,,Waiting,,,,,,0.4,,,RD228,,,
,19-07-2026,,,,,Spotting,,,,,,0.6,,,RD228,,,
,19-07-2026,,,,,LU Loading,,,,,,3.63,,,RD228,,,
,19-07-2026,,,,,Waiting,,,,,,0.45,,,RD236,,,
,19-07-2026,,,,,Spotting,,,,,,0.55,,,RD236,,,
,19-07-2026,,,,,LU Loading,,,,,,3.03,,,RD236,,,
,19-07-2026,,,,,Waiting,,,,,,0.8,,,RD239,,,
,19-07-2026,,,,,LU Loading,,,,,,3.8,,,RD239,,,
,19-07-2026,,,,,Waiting,,,,,,0.68,,,RD228,,,
,19-07-2026,,,,,LU Loading,,,,,,3.72,,,RD228,,,
,19-07-2026,,,,,Waiting,,,,,,0.87,,,RD236,,,
,19-07-2026,,,,,LU Loading,,,,,,3.6,,,RD236,,,
,19-07-2026,,,,,Waiting,,,,,,8.88,,,RD240,,,
,19-07-2026,,,,,Shift Change,,,,,,20.45,,,RD240,,,
,19-07-2026,,,,,Shift Change,,,,,,32.43,,,RD240,,,
,19-07-2026,,,,,Marching,,,,,,0.82,,,RD240,,,
,19-07-2026,,,,,Waiting,,,,,,0.3,,,RD240,,,
,19-07-2026,,,,,LU Loading,,,,,,4.78,,,RD240,,,
,19-07-2026,,,,,Waiting,,,,,,5.08,,,RD240,,,
,19-07-2026,,,,,LU Loading,,,,,,3.33,,,RD240,,,
,19-07-2026,,,,,Waiting,,,,,,4.9,,,RD253,,,
,19-07-2026,,,,,LU Loading,,,,,,0.7,,,RD253,,,
,19-07-2026,,,,,Waiting,,,,,,1.13,,,RD229,,,
,19-07-2026,,,,,LU Loading,,,,,,3.92,,,RD229,,,
,19-07-2026,,,,,Waiting,,,,,,0.1,,,RD240,,,
,19-07-2026,,,,,Spotting,,,,,,0.58,,,RD240,,,
,19-07-2026,,,,,LU Loading,,,,,,2.67,,,RD240,,,
,19-07-2026,,,,,Waiting,,,,,,0.87,,,RD253,,,
,19-07-2026,,,,,LU Loading,,,,,,3.98,,,RD253,,,
,19-07-2026,,,,,Waiting,,,,,,1.8,,,RD229,,,
,19-07-2026,,,,,LU Loading,,,,,,3.93,,,RD229,,,
,19-07-2026,,,,,Waiting,,,,,,0.27,,,RD240,,,
,19-07-2026,,,,,Spotting,,,,,,0.58,,,RD240,,,
,19-07-2026,,,,,LU Loading,,,,,,3.75,,,RD240,,,
,19-07-2026,,,,,Waiting,,,,,,5.03,,,RD229,,,
,19-07-2026,,,,,LU Loading,,,,,,3.78,,,RD229,,,
,19-07-2026,,,,,Waiting,,,,,,0.67,,,RD240,,,
,19-07-2026,,,,,LU Loading,,,,,,5,,,RD240,,,
,19-07-2026,,,,,Waiting,,,,,,0.4,,,RD253,,,
,19-07-2026,,,,,Spotting,,,,,,0.35,,,RD253,,,
,19-07-2026,,,,,LU Loading,,,,,,3.6,,,RD253,,,
,19-07-2026,,,,,Waiting,,,,,,0.22,,,RD229,,,
,19-07-2026,,,,,Spotting,,,,,,0.5,,,RD229,,,
,19-07-2026,,,,,LU Loading,,,,,,4.98,,,RD229,,,
,19-07-2026,,,,,Waiting,,,,,,1.38,,,RD240,,,
,19-07-2026,,,,,LU Loading,,,,,,4.07,,,RD240,,,
,19-07-2026,,,,,Waiting,,,,,,0.15,,,RD253,,,
,19-07-2026,,,,,Spotting,,,,,,0.67,,,RD253,,,
,19-07-2026,,,,,LU Loading,,,,,,6.15,,,RD253,,,
,19-07-2026,,,,,Waiting,,,,,,0.57,,,RD229,,,
,19-07-2026,,,,,Spotting,,,,,,0.52,,,RD229,,,
,19-07-2026,,,,,LU Loading,,,,,,3.32,,,RD229,,,
,19-07-2026,,,,,Waiting,,,,,,0.88,,,RD240,,,
,19-07-2026,,,,,LU Loading,,,,,,3.68,,,RD240,,,
,20-07-2026,,,,,Waiting,,,,,,0.73,,,RD253,,,
,20-07-2026,,,,,LU Loading,,,,,,3.63,,,RD253,,,
,20-07-2026,,,,,Waiting,,,,,,0.47,,,RD229,,,
,20-07-2026,,,,,Spotting,,,,,,0.33,,,RD229,,,
,20-07-2026,,,,,LU Loading,,,,,,3.73,,,RD229,,,
,20-07-2026,,,,,Waiting,,,,,,0.17,,,RD240,,,
,20-07-2026,,,,,Spotting,,,,,,0.68,,,RD240,,,
,20-07-2026,,,,,LU Loading,,,,,,3.78,,,RD240,,,
,20-07-2026,,,,,Waiting,,,,,,0.07,,,RD253,,,
,20-07-2026,,,,,Spotting,,,,,,1,,,RD253,,,
,20-07-2026,,,,,LU Loading,,,,,,4.88,,,RD253,,,
,20-07-2026,,,,,Waiting,,,,,,7.77,,,RD240,,,
,20-07-2026,,,,,LU Loading,,,,,,0.02,,,RD240,,,
,20-07-2026,,,,,Waiting,,,,,,2.65,,,RD240,,,
,20-07-2026,,,,,LU Loading,,,,,,0.7,,,RD240,,,
,20-07-2026,,,,,Spotting,,,,,,0.78,,,RD253,,,
,20-07-2026,,,,,LU Loading,,,,,,4.78,,,RD253,,,
,20-07-2026,,,,,Waiting,,,,,,0.03,,,RD229,,,
,20-07-2026,,,,,Spotting,,,,,,0.78,,,RD229,,,
,20-07-2026,,,,,LU Loading,,,,,,2.5,,,RD229,,,
,20-07-2026,,,,,Waiting,,,,,,0.52,,,RD240,,,
,20-07-2026,,,,,LU Loading,,,,,,5.08,,,RD240,,,
,20-07-2026,,,,,Waiting,,,,,,0.92,,,RD253,,,
,20-07-2026,,,,,LU Loading,,,,,,2.7,,,RD253,,,
,20-07-2026,,,,,Waiting,,,,,,0.77,,,RD229,,,
,20-07-2026,,,,,LU Loading,,,,,,3.3,,,RD229,,,
,20-07-2026,,,,,Waiting,,,,,,0.92,,,RD240,,,
,20-07-2026,,,,,LU Loading,,,,,,3.77,,,RD240,,,
,20-07-2026,,,,,Waiting,,,,,,0.83,,,RD253,,,
,20-07-2026,,,,,LU Loading,,,,,,4.35,,,RD253,,,
,20-07-2026,,,,,Waiting,,,,,,0.6,,,RD229,,,
,20-07-2026,,,,,LU Loading,,,,,,3.7,,,RD229,,,
,20-07-2026,,,,,Waiting,,,,,,0.78,,,RD240,,,
,20-07-2026,,,,,Spotting,,,,,,2.13,,,RD240,,,
,20-07-2026,,,,,LU Loading,,,,,,0.58,,,RD240,,,
,20-07-2026,,,,,Waiting,,,,,,1.53,,,RD240,,,
,20-07-2026,,,,,LU Loading,,,,,,5.05,,,RD240,,,
,20-07-2026,,,,,Waiting,,,,,,0.77,,,RD253,,,
,20-07-2026,,,,,Spotting,,,,,,1.27,,,RD253,,,
,20-07-2026,,,,,LU Loading,,,,,,3.85,,,RD253,,,
,20-07-2026,,,,,Waiting,,,,,,0.38,,,RD229,,,
,20-07-2026,,,,,Spotting,,,,,,1.9,,,RD229,,,
,20-07-2026,,,,,LU Loading,,,,,,2.93,,,RD229,,,
,20-07-2026,,,,,Waiting,,,,,,0.87,,,RD240,,,
,20-07-2026,,,,,LU Loading,,,,,,2.87,,,RD240,,,
,20-07-2026,,,,,Waiting,,,,,,0.15,,,RD253,,,
,20-07-2026,,,,,Spotting,,,,,,0.65,,,RD253,,,
,20-07-2026,,,,,LU Loading,,,,,,3.67,,,RD253,,,
,20-07-2026,,,,,Waiting,,,,,,0.55,,,RD229,,,
,20-07-2026,,,,,Spotting,,,,,,0.45,,,RD229,,,
,20-07-2026,,,,,LU Loading,,,,,,3.68,,,RD229,,,
,20-07-2026,,,,,Waiting,,,,,,0.25,,,RD240,,,
,20-07-2026,,,,,Spotting,,,,,,0.45,,,RD240,,,
,20-07-2026,,,,,LU Loading,,,,,,2.95,,,RD240,,,
,20-07-2026,,,,,Waiting,,,,,,0.95,,,RD253,,,
,20-07-2026,,,,,LU Loading,,,,,,3,,,RD253,,,
,20-07-2026,,,,,Waiting,,,,,,4.45,,,RD229,,,
,20-07-2026,,,,,LU Loading,,,,,,3.07,,,RD229,,,
,20-07-2026,,,,,Waiting,,,,,,0.12,,,RD253,,,
,20-07-2026,,,,,Spotting,,,,,,1.85,,,RD253,,,
,20-07-2026,,,,,LU Loading,,,,,,2.97,,,RD253,,,
,20-07-2026,,,,,Waiting,,,,,,0.52,,,RD229,,,
,20-07-2026,,,,,Spotting,,,,,,0.67,,,RD229,,,
,20-07-2026,,,,,LU Loading,,,,,,2.95,,,RD229,,,
,20-07-2026,,,,,Waiting,,,,,,1.28,,,RD253,,,
,20-07-2026,,,,,LU Loading,,,,,,3.08,,,RD253,,,
,20-07-2026,,,,,Waiting,,,,,,1.53,,,RD240,,,
,20-07-2026,,,,,LU Loading,,,,,,2.48,,,RD240,,,
,20-07-2026,,,,,Waiting,,,,,,0.77,,,RD229,,,
,20-07-2026,,,,,LU Loading,,,,,,3.2,,,RD229,,,
,20-07-2026,,,,,Waiting,,,,,,0.07,,,RD253,,,
,20-07-2026,,,,,Spotting,,,,,,0.77,,,RD253,,,
,20-07-2026,,,,,LU Loading,,,,,,3.67,,,RD253,,,
,20-07-2026,,,,,Waiting,,,,,,0.8,,,RD240,,,
,20-07-2026,,,,,LU Loading,,,,,,2.58,,,RD240,,,
,20-07-2026,,,,,Waiting,,,,,,8.98,,,RD229,,,
,20-07-2026,,,,,Marching,,,,,,2.23,,,RD229,,,
,20-07-2026,,,,,Waiting,,,,,,2.15,,,RD229,,,
,20-07-2026,,,,,LU Loading,,,,,,2.98,,,RD229,,,
,20-07-2026,,,,,Waiting,,,,,,2.4,,,RD253,,,
,20-07-2026,,,,,LU Loading,,,,,,3.55,,,RD253,,,
,20-07-2026,,,,,Waiting,,,,,,7.67,,,RD240,,,
,20-07-2026,,,,,LU Loading,,,,,,3.62,,,RD240,,,
,20-07-2026,,,,,Waiting,,,,,,1.28,,,RD229,,,
,20-07-2026,,,,,LU Loading,,,,,,2.67,,,RD229,,,
,20-07-2026,,,,,Waiting,,,,,,7.75,,,RD229,,,
,20-07-2026,,,,,LU Loading,,,,,,5.08,,,RD229,,,
,20-07-2026,,,,,LU Loading,,,,,,3.32,,,RD253,,,
,20-07-2026,,,,,Waiting,,,,,,0.57,,,RD240,,,
,20-07-2026,,,,,LU Loading,,,,,,4.1,,,RD240,,,
,20-07-2026,,,,,Waiting,,,,,,0.68,,,RD229,,,
,20-07-2026,,,,,LU Loading,,,,,,3.1,,,RD229,,,
,20-07-2026,,,,,Waiting,,,,,,0.52,,,RD253,,,
,20-07-2026,,,,,LU Loading,,,,,,4.15,,,RD253,,,
,20-07-2026,,,,,Waiting,,,,,,0.48,,,RD240,,,
,20-07-2026,,,,,LU Loading,,,,,,0.02,,,RD240,,,
,20-07-2026,,,,,Waiting,,,,,,3.2,,,RD229,,,
,20-07-2026,,,,,Spotting,,,,,,1.17,,,RD229,,,
,20-07-2026,,,,,LU Loading,,,,,,3.22,,,RD229,,,
,20-07-2026,,,,,Waiting,,,,,,0.52,,,RD253,,,
,20-07-2026,,,,,LU Loading,,,,,,0.15,,,RD253,,,
,20-07-2026,,,,,LU Loading,,,,,,3.98,,,RD253,,,
,20-07-2026,,,,,LU Loading,,,,,,3.13,,,RD240,,,
,20-07-2026,,,,,LU Loading,,,,,,4.78,,,RD229,,,
,20-07-2026,,,,,Waiting,,,,,,0.13,,,RD253,,,
,20-07-2026,,,,,LU Loading,,,,,,3.75,,,RD253,,,
,20-07-2026,,,,,Waiting,,,,,,1.63,,,RD240,,,
,20-07-2026,,,,,LU Loading,,,,,,0.02,,,RD240,,,
,20-07-2026,,,,,Waiting,,,,,,0.02,,,RD240,,,
,20-07-2026,,,,,LU Loading,,,,,,1.98,,,RD240,,,
,20-07-2026,,,,,Waiting,,,,,,2.08,,,RD229,,,
,20-07-2026,,,,,Spotting,,,,,,1.3,,,RD229,,,
,20-07-2026,,,,,LU Loading,,,,,,3.15,,,RD229,,,
,20-07-2026,,,,,Waiting,,,,,,4.25,,,RD253,,,
,20-07-2026,,,,,LU Loading,,,,,,0.02,,,RD253,,,
,20-07-2026,,,,,Waiting,,,,,,0.97,,,RD240,,,
,20-07-2026,,,,,Spotting,,,,,,0.33,,,RD240,,,
,20-07-2026,,,,,LU Loading,,,,,,3.37,,,RD240,,,
,20-07-2026,,,,,Waiting,,,,,,5.15,,,RD253,,,
,20-07-2026,,,,,LU Loading,,,,,,3.55,,,RD253,,,
,20-07-2026,,,,,LU Loading,,,,,,3.22,,,RD240,,,
,20-07-2026,,,,,Waiting,,,,,,1.5,,,RD229,,,
,20-07-2026,,,,,LU Loading,,,,,,3.65,,,RD229,,,
,20-07-2026,,,,,LU Loading,,,,,,4.8,,,RD253,,,
,20-07-2026,,,,,Waiting,,,,,,3.67,,,RD240,,,
,20-07-2026,,,,,LU Loading,,,,,,0.02,,,RD240,,,
,20-07-2026,,,,,Waiting,,,,,,0.02,,,RD240,,,
,20-07-2026,,,,,LU Loading,,,,,,0.02,,,RD240,,,
,20-07-2026,,,,,Waiting,,,,,,0.02,,,RD240,,,
,20-07-2026,,,,,LU Loading,,,,,,0.2,,,RD240,,,
,20-07-2026,,,,,Waiting,,,,,,1.3,,,RD229,,,
,20-07-2026,,,,,LU Loading,,,,,,0.02,,,RD229,,,
,20-07-2026,,,,,Waiting,,,,,,1.08,,,RD229,,,
,20-07-2026,,,,,LU Loading,,,,,,2.27,,,RD229,,,
,20-07-2026,,,,,LU Loading,,,,,,3.93,,,RD253,,,
,20-07-2026,,,,,Waiting,,,,,,0.5,,,RD240,,,
,20-07-2026,,,,,LU Loading,,,,,,3.4,,,RD240,,,
,20-07-2026,,,,,Waiting,,,,,,3.2,,,RD229,,,
,20-07-2026,,,,,LU Loading,,,,,,4.68,,,RD229,,,
,20-07-2026,,,,,Waiting,,,,,,0.22,,,RD253,,,
,20-07-2026,,,,,Spotting,,,,,,0.9,,,RD253,,,
,20-07-2026,,,,,LU Loading,,,,,,4.9,,,RD253,,,
,20-07-2026,,,,,LU Loading,,,,,,7.52,,,RD240,,,
,20-07-2026,,,,,LU Loading,,,,,,3.37,,,RD229,,,
,20-07-2026,,,,,Waiting,,,,,,0.43,,,RD253,,,
,20-07-2026,,,,,LU Loading,,,,,,3.38,,,RD253,,,
,20-07-2026,,,,,Waiting,,,,,,0.97,,,RD240,,,
,20-07-2026,,,,,LU Loading,,,,,,2.62,,,RD240,,,
,20-07-2026,,,,,Waiting,,,,,,0.02,,,RD240,,,
,20-07-2026,,,,,LU Loading,,,,,,0.38,,,RD240,,,
,20-07-2026,,,,,Waiting,,,,,,0.7,,,RD229,,,
,20-07-2026,,,,,LU Loading,,,,,,3.2,,,RD229,,,
,20-07-2026,,,,,Waiting,,,,,,4.28,,,RD238,,,
,20-07-2026,,,,,Marching,,,,,,11.93,,,RD238,,,
,20-07-2026,,,,,LU Loading,,,,,,2.22,,,RD238,,,
,20-07-2026,,,,,Waiting,,,,,,2.95,,,RD230,,,
,20-07-2026,,,,,LU Loading,,,,,,1.77,,,RD230,,,
,20-07-2026,,,,,Waiting,,,,,,2.27,,,RD238,,,
,20-07-2026,,,,,LU Loading,,,,,,2.07,,,RD238,,,
,20-07-2026,,,,,,,,,,,,,,,,,
,Timestamp,,,,,Status Code,,Sub-Status Code,,,,"Duration
(min)",,,Hauling Unit,,,
,20-07-2026,,,,,LU Loading,,,,,,0.43,,,RD238,,,
,20-07-2026,,,,,Waiting,,,,,,0.75,,,RD230,,,
,20-07-2026,,,,,LU Loading,,,,,,2.55,,,RD230,,,
,20-07-2026,,,,,Waiting,,,,,,2.45,,,RD238,,,
,20-07-2026,,,,,LU Loading,,,,,,1.75,,,RD238,,,
,20-07-2026,,,,,Waiting,,,,,,3.42,,,RD230,,,
,20-07-2026,,,,,Spotting,,,,,,0.08,,,RD230,,,
,20-07-2026,,,,,LU Loading,,,,,,2.47,,,RD230,,,
,20-07-2026,,,,,Spotting,,,,,,0.23,,,RD238,,,
,20-07-2026,,,,,LU Loading,,,,,,4.55,,,RD238,,,
,20-07-2026,,,,,Waiting,,,,,,6.27,,,RD238,,,
,20-07-2026,,,,,LU Loading,,,,,,1.78,,,RD238,,,
,20-07-2026,,,,,Waiting,,,,,,25.78,,,RD121,,,
,20-07-2026,,,,,LU Loading,,,,,,0.55,,,RD121,,,
,20-07-2026,,,,,Waiting,,,,,,10.52,,,RD233,,,
,20-07-2026,,,,,Marching,,,,,,28.33,,,RD233,,,
,20-07-2026,,,,,Schedule No Work,,,,,,88.65,,,RD233,,,
,20-07-2026,,,,,Waiting,,,,,,0.68,,,RD233,,,
,20-07-2026,,,,,Spotting,,,,,,0.62,,,RD233,,,
,20-07-2026,,,,,LU Loading,,,,,,3.57,,,RD233,,,
,20-07-2026,,,,,Waiting,,,,,,1.4,,,RD245,,,
,20-07-2026,,,,,LU Loading,,,,,,2.85,,,RD245,,,
,20-07-2026,,,,,Waiting,,,,,,2.13,,,RD229,,,
,20-07-2026,,,,,Spotting,,,,,,0.17,,,RD229,,,
,20-07-2026,,,,,LU Loading,,,,,,2.97,,,RD229,,,
,20-07-2026,,,,,Spotting,,,,,,0.78,,,RD228,,,
,20-07-2026,,,,,LU Loading,,,,,,2.73,,,RD228,,,
,20-07-2026,,,,,Waiting,,,,,,0.63,,,RD121,,,
,20-07-2026,,,,,LU Loading,,,,,,2.7,,,RD121,,,
,20-07-2026,,,,,Waiting,,,,,,4.15,,,RD227,,,
,20-07-2026,,,,,Spotting,,,,,,0.15,,,RD227,,,
,20-07-2026,,,,,LU Loading,,,,,,3.97,,,RD227,,,
,20-07-2026,,,,,Waiting,,,,,,6.63,,,RD226,,,
,20-07-2026,,,,,Spotting,,,,,,0.23,,,RD226,,,
,20-07-2026,,,,,LU Loading,,,,,,2.88,,,RD226,,,
,20-07-2026,,,,,Waiting,,,,,,1.07,,,RD121,,,
,20-07-2026,,,,,Spotting,,,,,,0.52,,,RD121,,,
,20-07-2026,,,,,LU Loading,,,,,,0.57,,,RD121,,,
,20-07-2026,,,,,LU Loading,,,,,,0.05,,,RD231,,,
,20-07-2026,,,,,LU Loading,,,,,,2.38,,,RD121,,,
,20-07-2026,,,,,Waiting,,,,,,8.67,,,RD233,,,
,20-07-2026,,,,,LU Loading,,,,,,3.43,,,RD233,,,
,20-07-2026,,,,,Waiting,,,,,,15.75,,,RD227,,,
,20-07-2026,,,,,Spotting,,,,,,0.62,,,RD227,,,
,20-07-2026,,,,,LU Loading,,,,,,2.57,,,RD227,,,
,20-07-2026,,,,,Waiting,,,,,,0.77,,,RD228,,,
,20-07-2026,,,,,LU Loading,,,,,,5.23,,,RD228,,,
,20-07-2026,,,,,Waiting,,,,,,10.52,,,RD245,,,
,20-07-2026,,,,,LU Loading,,,,,,4.2,,,RD245,,,
,20-07-2026,,,,,Waiting,,,,,,6.03,,,RD231,,,
,20-07-2026,,,,,Spotting,,,,,,0.77,,,RD231,,,
,20-07-2026,,,,,LU Loading,,,,,,2.4,,,RD231,,,
,20-07-2026,,,,,Waiting,,,,,,0.83,,,RD240,,,
,20-07-2026,,,,,LU Loading,,,,,,0.02,,,RD240,,,
,20-07-2026,,,,,Waiting,,,,,,1.33,,,RD240,,,
,20-07-2026,,,,,Spotting,,,,,,1.07,,,RD240,,,
,20-07-2026,,,,,LU Loading,,,,,,0.62,,,RD240,,,
,20-07-2026,,,,,Waiting,,,,,,0.88,,,RD229,,,
,20-07-2026,,,,,LU Loading,,,,,,3.43,,,RD229,,,
,20-07-2026,,,,,Waiting,,,,,,1.17,,,RD226,,,
,20-07-2026,,,,,LU Loading,,,,,,2.78,,,RD226,,,
,20-07-2026,,,,,Waiting,,,,,,4.78,,,RD227,,,
,20-07-2026,,,,,Spotting,,,,,,0.15,,,RD227,,,
,20-07-2026,,,,,LU Loading,,,,,,3.4,,,RD227,,,
,20-07-2026,,,,,Waiting,,,,,,0.92,,,RD228,,,
,20-07-2026,,,,,Spotting,,,,,,0.27,,,RD228,,,
,20-07-2026,,,,,LU Loading,,,,,,4.73,,,RD228,,,
,20-07-2026,,,,,Waiting,,,,,,1.48,,,RD233,,,
,20-07-2026,,,,,LU Loading,,,,,,3.63,,,RD233,,,
,20-07-2026,,,,,Waiting,,,,,,1,,,RD141,,,
,20-07-2026,,,,,LU Loading,,,,,,3.12,,,RD141,,,
,20-07-2026,,,,,Waiting,,,,,,1.38,,,RD245,,,
,20-07-2026,,,,,LU Loading,,,,,,4.22,,,RD245,,,
,20-07-2026,,,,,Waiting,,,,,,9.93,,,RD226,,,
,20-07-2026,,,,,Marching,,,,,,15.38,,,RD226,,,
,20-07-2026,,,,,LU Loading,,,,,,2.98,,,RD226,,,
,20-07-2026,,,,,Waiting,,,,,,2.75,,,RD228,,,
,20-07-2026,,,,,Spotting,,,,,,0.87,,,RD228,,,
,20-07-2026,,,,,LU Loading,,,,,,2.77,,,RD228,,,
,20-07-2026,,,,,Waiting,,,,,,6.92,,,RD141,,,
,20-07-2026,,,,,Spotting,,,,,,0.52,,,RD141,,,
,20-07-2026,,,,,LU Loading,,,,,,1.77,,,RD141,,,
,20-07-2026,,,,,Waiting,,,,,,1.77,,,RD229,,,
,20-07-2026,,,,,LU Loading,,,,,,2.17,,,RD229,,,
,20-07-2026,,,,,Waiting,,,,,,2.13,,,RD245,,,
,20-07-2026,,,,,LU Loading,,,,,,3.32,,,RD245,,,
,20-07-2026,,,,,Waiting,,,,,,3.95,,,RD228,,,
,20-07-2026,,,,, Down,,,,,,13.12,,,RD228,,,
,20-07-2026,,,,,Waiting,,,,,,7.3,,,RD228,,,
,20-07-2026,,,,,LU Loading,,,,,,2.47,,,RD228,,,
,20-07-2026,,,,,Waiting,,,,,,0.43,,,RD229,,,
,20-07-2026,,,,,LU Loading,,,,,,2.12,,,RD229,,,
,20-07-2026,,,,,Waiting,,,,,,0.95,,,RD245,,,
,20-07-2026,,,,,LU Loading,,,,,,2.35,,,RD245,,,
,20-07-2026,,,,,Waiting,,,,,,0.72,,,RD226,,,
,20-07-2026,,,,,LU Loading,,,,,,2.78,,,RD226,,,
,20-07-2026,,,,,Waiting,,,,,,11.22,,,RD228,,,
,20-07-2026,,,,,Spotting,,,,,,0.15,,,RD228,,,
,20-07-2026,,,,,LU Loading,,,,,,2.42,,,RD228,,,
,20-07-2026,,,,,Waiting,,,,,,1.73,,,RD229,,,
,20-07-2026,,,,,LU Loading,,,,,,2.27,,,RD229,,,
,20-07-2026,,,,,Waiting,,,,,,1.08,,,RD245,,,
,20-07-2026,,,,,LU Loading,,,,,,2.1,,,RD245,,,
,20-07-2026,,,,,Waiting,,,,,,1.02,,,RD226,,,
,20-07-2026,,,,,LU Loading,,,,,,2.25,,,RD226,,,
,20-07-2026,,,,,Waiting,,,,,,10.88,,,RD248,,,
,20-07-2026,,,,,Shift Change,,,,,,28.87,,,RD248,,,
,20-07-2026,,,,,Shift Change,,,,,,22.6,,,RD248,,,
,20-07-2026,,,,,Marching,,,,,,13.38,,,RD248,,,
,20-07-2026,,,,,LU Loading,,,,,,3.72,,,RD248,,,
,20-07-2026,,,,,Waiting,,,,,,0.48,,,RD236,,,
,20-07-2026,,,,,LU Loading,,,,,,3.38,,,RD236,,,
,20-07-2026,,,,,Waiting,,,,,,2.75,,,RD248,,,
,20-07-2026,,,,,LU Loading,,,,,,0.15,,,RD248,,,
,20-07-2026,,,,,LU Loading,,,,,,1.85,,,RD248,,,
,20-07-2026,,,,,Waiting,,,,,,2.05,,,RD236,,,
,20-07-2026,,,,,LU Loading,,,,,,2.32,,,RD236,,,
,20-07-2026,,,,,Waiting,,,,,,9.1,,,RD236,,,
,20-07-2026,,,,,LU Loading,,,,,,2.98,,,RD236,,,
,20-07-2026,,,,,Waiting,,,,,,0.02,,,RD248,,,
,20-07-2026,,,,,LU Loading,,,,,,0.02,,,RD248,,,
,20-07-2026,,,,,Waiting,,,,,,0.02,,,RD248,,,
,20-07-2026,,,,,LU Loading,,,,,,0.02,,,RD248,,,
,20-07-2026,,,,,Waiting,,,,,,8.93,,,RD236,,,
,20-07-2026,,,,,Spotting,,,,,,0.18,,,RD236,,,
,20-07-2026,,,,,LU Loading,,,,,,3.03,,,RD236,,,
,20-07-2026,,,,,Waiting,,,,,,7.33,,,RD236,,,
,20-07-2026,,,,,LU Loading,,,,,,2.38,,,RD236,,,
,20-07-2026,,,,,Waiting,,,,,,2.43,,,RD248,,,
,20-07-2026,,,,,LU Loading,,,,,,2.73,,,RD248,,,
,20-07-2026,,,,,Waiting,,,,,,5.38,,,RD236,,,
,20-07-2026,,,,,LU Loading,,,,,,2.82,,,RD236,,,
,20-07-2026,,,,,Waiting,,,,,,0.53,,,RD235,,,
,20-07-2026,,,,,Marching,,,,,,26.45,,,RD235,,,
,20-07-2026,,,,,Waiting,,,,,,12.2,,,RD235,,,
,20-07-2026,,,,,LU Loading,,,,,,2.05,,,RD235,,,
,20-07-2026,,,,,Waiting,,,,,,7.57,,,RD236,,,
,20-07-2026,,,,,Spotting,,,,,,0.3,,,RD236,,,
,20-07-2026,,,,,LU Loading,,,,,,6.17,,,RD236,,,
,20-07-2026,,,,,Waiting,,,,,,0.48,,,RD235,,,
,20-07-2026,,,,,LU Loading,,,,,,4.87,,,RD235,,,
,20-07-2026,,,,,Waiting,,,,,,4.63,,,RD236,,,
,20-07-2026,,,,,Spotting,,,,,,2.18,,,RD236,,,
,20-07-2026,,,,,LU Loading,,,,,,5.25,,,RD236,,,
,20-07-2026,,,,,Waiting,,,,,,11.98,,,RD236,,,
,20-07-2026,,,,,Spotting,,,,,,0.32,,,RD236,,,
,20-07-2026,,,,,LU Loading,,,,,,7.85,,,RD236,,,
,20-07-2026,,,,,LU Loading,,,,,,10.4,,,RD235,,,
,20-07-2026,,,,,Waiting,,,,,,7.97,,,RD246,,,
,20-07-2026,,,,,LU Loading,,,,,,0.02,,,RD246,,,
,20-07-2026,,,,,Waiting,,,,,,0.02,,,RD246,,,
,20-07-2026,,,,,LU Loading,,,,,,0.77,,,RD246,,,
,20-07-2026,,,,,Waiting,,,,,,1.08,,,RD248,,,
,20-07-2026,,,,,Spotting,,,,,,0.27,,,RD248,,,
,20-07-2026,,,,,LU Loading,,,,,,3.6,,,RD248,,,
,20-07-2026,,,,,Waiting,,,,,,5.88,,,RD235,,,
,20-07-2026,,,,,LU Loading,,,,,,5.23,,,RD235,,,
,20-07-2026,,,,,Waiting,,,,,,1.07,,,RD246,,,
,20-07-2026,,,,,LU Loading,,,,,,4.28,,,RD246,,,
,20-07-2026,,,,,Waiting,,,,,,0.55,,,RD248,,,
,20-07-2026,,,,,LU Loading,,,,,,3.95,,,RD248,,,
,20-07-2026,,,,,Waiting,,,,,,2.65,,,RD235,,,
,20-07-2026,,,,,LU Loading,,,,,,0.02,,,RD235,,,
,20-07-2026,,,,,Waiting,,,,,,0.02,,,RD235,,,
,20-07-2026,,,,,LU Loading,,,,,,3.88,,,RD235,,,
,20-07-2026,,,,,Waiting,,,,,,7.62,,,RD248,,,
,20-07-2026,,,,,LU Loading,,,,,,3.73,,,RD248,,,
,20-07-2026,,,,,Waiting,,,,,,4.62,,,RD235,,,
,20-07-2026,,,,,LU Loading,,,,,,4.85,,,RD235,,,
,20-07-2026,,,,,Waiting,,,,,,0.72,,,RD236,,,
,20-07-2026,,,,,Spotting,,,,,,0.27,,,RD236,,,
,20-07-2026,,,,,LU Loading,,,,,,5.4,,,RD236,,,
,20-07-2026,,,,,Waiting,,,,,,2.73,,,RD246,,,
,20-07-2026,,,,,LU Loading,,,,,,4.62,,,RD246,,,
,20-07-2026,,,,,Waiting,,,,,,0.72,,,RD248,,,
,20-07-2026,,,,,LU Loading,,,,,,3.73,,,RD248,,,
,20-07-2026,,,,,LU Loading,,,,,,0.13,,,RD246,,,
,20-07-2026,,,,,Waiting,,,,,,10.52,,,RD246,,,
,20-07-2026,,,,,LU Loading,,,,,,5.43,,,RD246,,,
,20-07-2026,,,,,Waiting,,,,,,8.57,,,RD248,,,
,20-07-2026,,,,,LU Loading,,,,,,1.17,,,RD248,,,
,20-07-2026,,,,,Waiting,,,,,,0.43,,,RD236,,,
,20-07-2026,,,,,LU Loading,,,,,,7.35,,,RD236,,,
,20-07-2026,,,,,Waiting,,,,,,13.07,,,RD248,,,
,20-07-2026,,,,,LU Loading,,,,,,0.25,,,RD248,,,
,20-07-2026,,,,,Waiting,,,,,,0.33,,,RD246,,,
,20-07-2026,,,,,LU Loading,,,,,,6.62,,,RD246,,,
,20-07-2026,,,,,Waiting,,,,,,3.17,,,RD235,,,
,20-07-2026,,,,,LU Loading,,,,,,6.8,,,RD235,,,
,20-07-2026,,,,,Waiting,,,,,,1.77,,,RD236,,,
,20-07-2026,,,,,LU Loading,,,,,,12.55,,,RD236,,,
,20-07-2026,,,,,Waiting,,,,,,14.1,,,RD246,,,
,20-07-2026,,,,,LU Loading,,,,,,3.7,,,RD246,,,
,20-07-2026,,,,,Waiting,,,,,,6.83,,,RD236,,,
,20-07-2026,,,,,LU Loading,,,,,,6.62,,,RD236,,,
,20-07-2026,,,,,Waiting,,,,,,1.02,,,RD248,,,
,20-07-2026,,,,,LU Loading,,,,,,5.57,,,RD248,,,
,20-07-2026,,,,,Waiting,,,,,,0.9,,,RD246,,,
,20-07-2026,,,,,LU Loading,,,,,,7.55,,,RD246,,,
,20-07-2026,,,,,Waiting,,,,,,1.92,,,RD235,,,
,20-07-2026,,,,,LU Loading,,,,,,5.42,,,RD235,,,
,20-07-2026,,,,,Waiting,,,,,,1.13,,,RD236,,,
,20-07-2026,,,,,LU Loading,,,,,,9.05,,,RD236,,,
,20-07-2026,,,,,Waiting,,,,,,3.87,,,RD246,,,
,20-07-2026,,,,,LU Loading,,,,,,4.52,,,RD246,,,
,20-07-2026,,,,,Waiting,,,,,,0.98,,,RD235,,,
,20-07-2026,,,,,LU Loading,,,,,,3.9,,,RD235,,,
,20-07-2026,,,,,Waiting,,,,,,13.58,,,RD242,,,
,20-07-2026,,,,,Shift Change,,,,,,27.65,,,RD242,,,
,20-07-2026,,,,,Shift Change,,,,,,38.58,,,RD242,,,
,20-07-2026,,,,,Waiting,,,,,,0.08,,,RD242,,,
,20-07-2026,,,,,Shift Change,,,,,,0.33,,,RD242,,,
,20-07-2026,,,,,Waiting,,,,,,0.02,,,RD242,,,
,20-07-2026,,,,,Shift Change,,,,,,0.05,,,RD242,,,
,20-07-2026,,,,,Waiting,,,,,,1.23,,,RD242,,,
,20-07-2026,,,,,LU Loading,,,,,,9.92,,,RD242,,,
,20-07-2026,,,,,Waiting,,,,,,0.08,,,RD235,,,
,20-07-2026,,,,,LU Loading,,,,,,0.7,,,RD235,,,
,20-07-2026,,,,,LU Loading,,,,,,0.02,,,RD242,,,
,20-07-2026,,,,,Waiting,,,,,,4.42,,,RD121,,,
,20-07-2026,,,,,LU Loading,,,,,,0.93,,,RD121,,,
,20-07-2026,,,,,Waiting,,,,,,0.12,,,RD235,,,
,20-07-2026,,,,,LU Loading,,,,,,0.58,,,RD235,,,
,20-07-2026,,,,,Waiting,,,,,,5,,,RD235,,,
,20-07-2026,,,,,LU Loading,,,,,,0.02,,,RD235,,,
,20-07-2026,,,,,LU Loading,,,,,,4.52,,,RD235,,,
,20-07-2026,,,,,Waiting,,,,,,2.93,,,RD121,,,
,20-07-2026,,,,,LU Loading,,,,,,0.12,,,RD121,,,
,20-07-2026,,,,,Waiting,,,,,,0.2,,,RD242,,,
,20-07-2026,,,,,LU Loading,,,,,,0.02,,,RD242,,,
,20-07-2026,,,,,Waiting,,,,,,8.35,,,RD235,,,
,20-07-2026,,,,,LU Loading,,,,,,26.85,,,RD235,,,
,20-07-2026,,,,,LU Loading,,,,,,8.35,,,RD121,,,
,20-07-2026,,,,,Waiting,,,,,,7.4,,,RD242,,,
,21-07-2026,,,,,Spotting,,,,,,1.03,,,RD242,,,
,21-07-2026,,,,,LU Loading,,,,,,0.3,,,RD242,,,
,21-07-2026,,,,,Waiting,,,,,,13.38,,,RD121,,,
,21-07-2026,,,,,LU Loading,,,,,,14.75,,,RD121,,,
,21-07-2026,,,,,LU Loading,,,,,,7.87,,,RD235,,,
,21-07-2026,,,,,Waiting,,,,,,1.78,,,RD242,,,
,21-07-2026,,,,,LU Loading,,,,,,11.48,,,RD242,,,
,21-07-2026,,,,,LU Loading,,,,,,1.08,,,RD235,,,
,21-07-2026,,,,,LU Loading,,,,,,0.23,,,RD121,,,
,21-07-2026,,,,,Waiting,,,,,,0.62,,,RD121,,,
,21-07-2026,,,,,LU Loading,,,,,,2.67,,,RD121,,,
,21-07-2026,,,,,Waiting,,,,,,7.55,,,RD235,,,
,21-07-2026,,,,,LU Loading,,,,,,6.25,,,RD235,,,
,21-07-2026,,,,,Waiting,,,,,,6.45,,,RD242,,,
,21-07-2026,,,,,LU Loading,,,,,,0.05,,,RD242,,,
,21-07-2026,,,,,Waiting,,,,,,0.2,,,RD242,,,
,21-07-2026,,,,,LU Loading,,,,,,0.07,,,RD242,,,
,21-07-2026,,,,,Waiting,,,,,,9.78,,,RD121,,,
,21-07-2026,,,,,LU Loading,,,,,,8.53,,,RD121,,,
,21-07-2026,,,,,Waiting,,,,,,14.47,,,RD121,,,
,21-07-2026,,,,,LU Loading,,,,,,7.13,,,RD121,,,
,21-07-2026,,,,,LU Loading,,,,,,9.02,,,RD235,,,
,21-07-2026,,,,,Waiting,,,,,,11.58,,,RD121,,,
,21-07-2026,,,,,LU Loading,,,,,,0.02,,,RD121,,,
,21-07-2026,,,,,Waiting,,,,,,11.12,,,RD121,,,
,21-07-2026,,,,,LU Loading,,,,,,0.08,,,RD121,,,
,21-07-2026,,,,,Waiting,,,,,,0.02,,,RD242,,,
,21-07-2026,,,,,LU Loading,,,,,,0.83,,,RD242,,,
,21-07-2026,,,,,LU Loading,,,,,,11.17,,,RD242,,,
,21-07-2026,,,,,Waiting,,,,,,0.02,,,RD121,,,
,21-07-2026,,,,,LU Loading,,,,,,9.68,,,RD121,,,
,21-07-2026,,,,,LU Loading,,,,,,0.02,,,RD242,,,
,21-07-2026,,,,,LU Loading,,,,,,13.63,,,RD242,,,
,21-07-2026,,,,,Waiting,,,,,,8.27,,,RD242,,,
,21-07-2026,,,,,LU Loading,,,,,,8.2,,,RD242,,,
,21-07-2026,,,,,Waiting,,,,,,2.88,,,RD235,,,
,21-07-2026,,,,,LU Loading,,,,,,6.27,,,RD235,,,
,21-07-2026,,,,,Waiting,,,,,,2.5,,,RD242,,,
,21-07-2026,,,,,LU Loading,,,,,,10.82,,,RD242,,,
,21-07-2026,,,,,Waiting,,,,,,3.13,,,RD235,,,
,21-07-2026,,,,,LU Loading,,,,,,7.15,,,RD235,,,
,21-07-2026,,,,,Waiting,,,,,,1.67,,,RD242,,,
,21-07-2026,,,,,LU Loading,,,,,,6.42,,,RD242,,,
,21-07-2026,,,,,Waiting,,,,,,5.32,,,RD121,,,
,21-07-2026,,,,,LU Loading,,,,,,6.67,,,RD121,,,
,21-07-2026,,,,,Waiting,,,,,,5.23,,,RD235,,,
,21-07-2026,,,,,LU Loading,,,,,,10.48,,,RD235,,,
,21-07-2026,,,,,Waiting,,,,,,12.03,,,RD121,,,
,21-07-2026,,,,,Spotting,,,,,,1.25,,,RD121,,,
,21-07-2026,,,,,LU Loading,,,,,,6.32,,,RD121,,,
,21-07-2026,,,,,Waiting,,,,,,0.92,,,RD235,,,
,21-07-2026,,,,,LU Loading,,,,,,8.3,,,RD235,,,
,21-07-2026,,,,,Waiting,,,,,,0.57,,,RD121,,,
,21-07-2026,,,,,Spotting,,,,,,0.17,,,RD121,,,
,21-07-2026,,,,,LU Loading,,,,,,7.43,,,RD121,,,
,21-07-2026,,,,,Waiting,,,,,,1.8,,,RD235,,,
,21-07-2026,,,,,Spotting,,,,,,0.85,,,RD235,,,
,21-07-2026,,,,,LU Loading,,,,,,6.37,,,RD235,,,
,21-07-2026,,,,,Waiting,,,,,,3.93,,,RD121,,,
,21-07-2026,,,,,LU Loading,,,,,,0.02,,,RD121,,,
,21-07-2026,,,,,Waiting,,,,,,21.77,,,RD238,,,
,21-07-2026,,,,,Shift Change,,,,,,19.6,,,RD238,,,
,21-07-2026,,,,,,,,,,,,,,,,,
,Timestamp,,,,,Status Code,,Sub-Status Code,,,,"Duration
(min)",,,Hauling Unit,,,
,21-07-2026,,,,,Shift Change,,,,,,48.2,,,RD238,,,
,21-07-2026,,,,,Marching,,,,,,3.4,,,RD238,,,
,21-07-2026,,,,,LU Loading,,,,,,0.47,,,RD238,,,
,21-07-2026,,,,,Waiting,,,,,,2.17,,,RD238,,,
,21-07-2026,,,,,LU Loading,,,,,,2.8,,,RD238,,,
,21-07-2026,,,,,Waiting,,,,,,2.35,,,RD240,,,
,21-07-2026,,,,,LU Loading,,,,,,2.72,,,RD240,,,
,21-07-2026,,,,,LU Loading,,,,,,3.52,,,RD233,,,
,21-07-2026,,,,,Waiting,,,,,,7.92,,,RD240,,,
,21-07-2026,,,,,LU Loading,,,,,,3.78,,,RD240,,,
,21-07-2026,,,,,Waiting,,,,,,1.05,,,RD233,,,
,21-07-2026,,,,,LU Loading,,,,,,2.68,,,RD233,,,
,21-07-2026,,,,,Waiting,,,,,,5.48,,,RD240,,,
,21-07-2026,,,,,LU Loading,,,,,,2.9,,,RD240,,,
,21-07-2026,,,,,Waiting,,,,,,9.32,,,RD240,,,
,21-07-2026,,,,,LU Loading,,,,,,3.62,,,RD240,,,
,21-07-2026,,,,,Waiting,,,,,,0.82,,,RD233,,,
,21-07-2026,,,,,LU Loading,,,,,,2.33,,,RD233,,,
,21-07-2026,,,,,Waiting,,,,,,5.25,,,RD240,,,
,21-07-2026,,,,,LU Loading,,,,,,2.82,,,RD240,,,
,21-07-2026,,,,,Waiting,,,,,,0.33,,,RD233,,,
,21-07-2026,,,,,LU Loading,,,,,,0.08,,,RD233,,,
,21-07-2026,,,,,LU Loading,,,,,,2.12,,,RD233,,,
,21-07-2026,,,,,LU Loading,,,,,,2.6,,,RD235,,,
,21-07-2026,,,,,Waiting,,,,,,2.87,,,RD240,,,
,21-07-2026,,,,,LU Loading,,,,,,3.3,,,RD240,,,
,21-07-2026,,,,,Waiting,,,,,,0.52,,,RD233,,,
,21-07-2026,,,,,LU Loading,,,,,,0.07,,,RD233,,,
,21-07-2026,,,,,LU Loading,,,,,,3.02,,,RD233,,,
,21-07-2026,,,,,LU Loading,,,,,,3.05,,,RD235,,,
,21-07-2026,,,,,Waiting,,,,,,3.6,,,RD240,,,
,21-07-2026,,,,,LU Loading,,,,,,3.4,,,RD240,,,
,21-07-2026,,,,,Waiting,,,,,,1.35,,,RD233,,,
,21-07-2026,,,,,LU Loading,,,,,,2.52,,,RD233,,,
,21-07-2026,,,,,Spotting,,,,,,0.42,,,RD235,,,
,21-07-2026,,,,,LU Loading,,,,,,2.38,,,RD235,,,
,21-07-2026,,,,,Waiting,,,,,,1.2,,,RD240,,,
,21-07-2026,,,,,LU Loading,,,,,,2.37,,,RD240,,,
,21-07-2026,,,,,Waiting,,,,,,3.63,,,RD235,,,
,21-07-2026,,,,,Spotting,,,,,,0.97,,,RD235,,,
,21-07-2026,,,,,LU Loading,,,,,,0.48,,,RD235,,,
,21-07-2026,,,,,Waiting,,,,,,0.02,,,RD233,,,
,21-07-2026,,,,,LU Loading,,,,,,0.12,,,RD233,,,
,21-07-2026,,,,,Waiting,,,,,,8.83,,,RD240,,,
,21-07-2026,,,,,Tea/ Breakfast / Snacks,,,,,,74.88,,,RD240,,,
,21-07-2026,,,,,LU Loading,,,,,,2.47,,,RD240,,,
,21-07-2026,,,,,Waiting,,,,,,1.48,,,RD235,,,
,21-07-2026,,,,,LU Loading,,,,,,2.48,,,RD235,,,
,21-07-2026,,,,,Waiting,,,,,,3.4,,,RD233,,,
,21-07-2026,,,,,LU Loading,,,,,,2.4,,,RD233,,,
,21-07-2026,,,,,Waiting,,,,,,0.35,,,RD240,,,
,21-07-2026,,,,,LU Loading,,,,,,0.22,,,RD240,,,
,21-07-2026,,,,,LU Loading,,,,,,2.48,,,RD240,,,
,21-07-2026,,,,,Waiting,,,,,,0.22,,,RD235,,,
,21-07-2026,,,,,Spotting,,,,,,0.45,,,RD235,,,
,21-07-2026,,,,,LU Loading,,,,,,2.52,,,RD235,,,
,21-07-2026,,,,,Waiting,,,,,,5.2,,,RD233,,,
,21-07-2026,,,,,LU Loading,,,,,,2.2,,,RD233,,,
,21-07-2026,,,,,Waiting,,,,,,0.55,,,RD240,,,
,21-07-2026,,,,,LU Loading,,,,,,2.3,,,RD240,,,
,21-07-2026,,,,,Spotting,,,,,,0.63,,,RD235,,,
,21-07-2026,,,,,LU Loading,,,,,,2.73,,,RD235,,,
,21-07-2026,,,,,Waiting,,,,,,4.53,,,RD233,,,
,21-07-2026,,,,,LU Loading,,,,,,2.23,,,RD233,,,
,21-07-2026,,,,,Waiting,,,,,,0.67,,,RD240,,,
,21-07-2026,,,,,LU Loading,,,,,,2.98,,,RD240,,,
,21-07-2026,,,,,Waiting,,,,,,1.07,,,RD235,,,
,21-07-2026,,,,,LU Loading,,,,,,2.65,,,RD235,,,
,21-07-2026,,,,, Down,,,,,,38.35,,,RD233,,,
,21-07-2026,,,,, Down,,,,,,2.52,,,RD233,,,
,21-07-2026,,,,,Waiting,,,,,,0.2,,,RD233,,,
,21-07-2026,,,,,LU Loading,,,,,,3.55,,,RD233,,,
,21-07-2026,,,,,Waiting,,,,,,2.38,,,RD240,,,
,21-07-2026,,,,,LU Loading,,,,,,3.3,,,RD240,,,
,21-07-2026,,,,,Waiting,,,,,,0.22,,,RD235,,,
,21-07-2026,,,,,Spotting,,,,,,2.72,,,RD235,,,
,21-07-2026,,,,,LU Loading,,,,,,3.13,,,RD235,,,
,21-07-2026,,,,,Waiting,,,,,,0.75,,,RD233,,,
,21-07-2026,,,,,Spotting,,,,,,0.17,,,RD233,,,
,21-07-2026,,,,,LU Loading,,,,,,3.57,,,RD233,,,
,21-07-2026,,,,,Spotting,,,,,,1.08,,,RD240,,,
,21-07-2026,,,,,LU Loading,,,,,,2.5,,,RD240,,,
,21-07-2026,,,,,Waiting,,,,,,1.62,,,RD235,,,
,21-07-2026,,,,,LU Loading,,,,,,2.28,,,RD235,,,
,21-07-2026,,,,,Waiting,,,,,,0.47,,,RD233,,,
,21-07-2026,,,,,Spotting,,,,,,0.2,,,RD233,,,
,21-07-2026,,,,,LU Loading,,,,,,2.73,,,RD233,,,
,21-07-2026,,,,,Waiting,,,,,,0.73,,,RD240,,,
,21-07-2026,,,,,LU Loading,,,,,,2.6,,,RD240,,,
,21-07-2026,,,,,Waiting,,,,,,1.37,,,RD235,,,
,21-07-2026,,,,,LU Loading,,,,,,2.37,,,RD235,,,
,21-07-2026,,,,,Waiting,,,,,,0.62,,,RD233,,,
,21-07-2026,,,,,Spotting,,,,,,0.13,,,RD233,,,
,21-07-2026,,,,,LU Loading,,,,,,3.4,,,RD233,,,
,21-07-2026,,,,,Waiting,,,,,,1.87,,,RD240,,,
,21-07-2026,,,,,LU Loading,,,,,,3.25,,,RD240,,,
,21-07-2026,,,,,Waiting,,,,,,0.33,,,RD235,,,
,21-07-2026,,,,,LU Loading,,,,,,3.12,,,RD235,,,
,21-07-2026,,,,,Waiting,,,,,,1,,,RD233,,,
,21-07-2026,,,,,LU Loading,,,,,,3.98,,,RD233,,,
,21-07-2026,,,,,Waiting,,,,,,0.57,,,RD240,,,
,21-07-2026,,,,,Spotting,,,,,,0.28,,,RD240,,,
,21-07-2026,,,,,LU Loading,,,,,,3.32,,,RD240,,,
,21-07-2026,,,,,Waiting,,,,,,1.08,,,RD235,,,
,21-07-2026,,,,,LU Loading,,,,,,4.32,,,RD235,,,
,21-07-2026,,,,,Waiting,,,,,,1.33,,,RD233,,,
,21-07-2026,,,,,LU Loading,,,,,,3.13,,,RD233,,,
,21-07-2026,,,,,Waiting,,,,,,0.9,,,RD240,,,
,21-07-2026,,,,,LU Loading,,,,,,4.28,,,RD240,,,
,21-07-2026,,,,,Waiting,,,,,,0.58,,,RD235,,,
,21-07-2026,,,,,LU Loading,,,,,,3.18,,,RD235,,,
,21-07-2026,,,,,Waiting,,,,,,5.93,,,RD240,,,
,21-07-2026,,,,,LU Loading,,,,,,2.7,,,RD240,,,
,21-07-2026,,,,,Waiting,,,,,,0.25,,,RD235,,,
,21-07-2026,,,,,LU Loading,,,,,,3.68,,,RD235,,,
,21-07-2026,,,,,Waiting,,,,,,1.6,,,RD233,,,
,21-07-2026,,,,,LU Loading,,,,,,2.43,,,RD233,,,
,21-07-2026,,,,,Waiting,,,,,,0.48,,,RD240,,,
,21-07-2026,,,,,LU Loading,,,,,,4.23,,,RD240,,,
,21-07-2026,,,,,LU Loading,,,,,,1.92,,,RD235,,,
,21-07-2026,,,,,Waiting,,,,,,0.57,,,RD233,,,
,21-07-2026,,,,,LU Loading,,,,,,2.15,,,RD233,,,
,21-07-2026,,,,,Waiting,,,,,,5.38,,,RD227,,,
,21-07-2026,,,,,Marching,,,,,,15.07,,,RD227,,,
,21-07-2026,,,,,Waiting,,,,,,0.17,,,RD227,,,
,21-07-2026,,,,,LU Loading,,,,,,2.48,,,RD227,,,
,21-07-2026,,,,,LU Loading,,,,,,3.18,,,RD241,,,
,21-07-2026,,,,,Waiting,,,,,,7.23,,,RD227,,,
,21-07-2026,,,,,LU Loading,,,,,,1.98,,,RD227,,,
,21-07-2026,,,,,Waiting,,,,,,0.73,,,RD241,,,
,21-07-2026,,,,,LU Loading,,,,,,3.25,,,RD241,,,
,21-07-2026,,,,,Waiting,,,,,,2.58,,,RD227,,,
,21-07-2026,,,,,Spotting,,,,,,0.55,,,RD227,,,
,21-07-2026,,,,,LU Loading,,,,,,3.33,,,RD227,,,
,21-07-2026,,,,,Waiting,,,,,,4.7,,,RD241,,,
,21-07-2026,,,,,Waiting,,,,,,1.03,,,RD241,,,
,21-07-2026,,,,,LU Loading,,,,,,1.85,,,RD241,,,
,21-07-2026,,,,,Waiting,,,,,,0.68,,,RD227,,,
,21-07-2026,,,,,LU Loading,,,,,,3.78,,,RD227,,,
,21-07-2026,,,,,Waiting,,,,,,3.47,,,RD241,,,
,21-07-2026,,,,,LU Loading,,,,,,2.32,,,RD241,,,
,21-07-2026,,,,,Waiting,,,,,,1.3,,,RD227,,,
,21-07-2026,,,,,LU Loading,,,,,,3.1,,,RD227,,,
,21-07-2026,,,,,Waiting,,,,,,2.02,,,RD241,,,
,21-07-2026,,,,,Spotting,,,,,,0.78,,,RD241,,,
,21-07-2026,,,,,LU Loading,,,,,,3.72,,,RD241,,,
,21-07-2026,,,,,Waiting,,,,,,0.02,,,RD227,,,
,21-07-2026,,,,,LU Loading,,,,,,0.13,,,RD227,,,
,21-07-2026,,,,,Waiting,,,,,,0.52,,,RD227,,,
,21-07-2026,,,,,LU Loading,,,,,,3.43,,,RD227,,,
,21-07-2026,,,,,Waiting,,,,,,5.57,,,RD234,,,
,21-07-2026,,,,,LU Loading,,,,,,3.52,,,RD234,,,
,21-07-2026,,,,,Waiting,,,,,,5.42,,,RD234,,,
,21-07-2026,,,,,Spotting,,,,,,0.23,,,RD234,,,
,21-07-2026,,,,,LU Loading,,,,,,2.43,,,RD234,,,
,21-07-2026,,,,,LU Loading,,,,,,0.18,,,RD233,,,
,21-07-2026,,,,,Waiting,,,,,,6.58,,,RD234,,,
,21-07-2026,,,,,LU Loading,,,,,,0.18,,,RD234,,,
,21-07-2026,,,,,Waiting,,,,,,0.27,,,RD234,,,
,21-07-2026,,,,,LU Loading,,,,,,1.93,,,RD234,,,
,21-07-2026,,,,,Waiting,,,,,,0.02,,,RD132,,,
,21-07-2026,,,,,LU Loading,,,,,,0.02,,,RD132,,,
,21-07-2026,,,,,Waiting,,,,,,1.12,,,RD132,,,
,21-07-2026,,,,,LU Loading,,,,,,0.03,,,RD132,,,
,21-07-2026,,,,,Waiting,,,,,,6.23,,,RD234,,,
,21-07-2026,,,,,LU Loading,,,,,,3.23,,,RD234,,,
,21-07-2026,,,,,Waiting,,,,,,12.98,,,RD236,,,
,21-07-2026,,,,,Marching,,,,,,31.87,,,RD236,,,
,21-07-2026,,,,,LU Loading,,,,,,4.97,,,RD236,,,
,21-07-2026,,,,,Waiting,,,,,,1.48,,,RD232,,,
,21-07-2026,,,,,LU Loading,,,,,,3.8,,,RD232,,,
,21-07-2026,,,,,Waiting,,,,,,1.5,,,RD227,,,
,21-07-2026,,,,,LU Loading,,,,,,4.25,,,RD227,,,
,21-07-2026,,,,,Waiting,,,,,,0.25,,,RD236,,,
,21-07-2026,,,,,LU Loading,,,,,,5.27,,,RD236,,,
,21-07-2026,,,,,Waiting,,,,,,0.03,,,RD232,,,
,21-07-2026,,,,,Spotting,,,,,,1.48,,,RD232,,,
,21-07-2026,,,,,LU Loading,,,,,,3.03,,,RD232,,,
,21-07-2026,,,,,Waiting,,,,,,1.75,,,RD227,,,
,21-07-2026,,,,,LU Loading,,,,,,4.27,,,RD227,,,
,21-07-2026,,,,,Waiting,,,,,,2.37,,,RD236,,,
,21-07-2026,,,,,LU Loading,,,,,,4.33,,,RD236,,,
,21-07-2026,,,,,Waiting,,,,,,1.18,,,RD232,,,
,21-07-2026,,,,,LU Loading,,,,,,6.55,,,RD232,,,
,21-07-2026,,,,,Waiting,,,,,,1.85,,,RD227,,,
,21-07-2026,,,,,LU Loading,,,,,,6.22,,,RD227,,,
,21-07-2026,,,,,Waiting,,,,,,0.92,,,RD236,,,
,21-07-2026,,,,,Spotting,,,,,,1.13,,,RD236,,,
,21-07-2026,,,,,LU Loading,,,,,,2.63,,,RD236,,,
,21-07-2026,,,,,Waiting,,,,,,0.35,,,RD232,,,
,21-07-2026,,,,,Spotting,,,,,,0.32,,,RD232,,,
,21-07-2026,,,,,LU Loading,,,,,,3.57,,,RD232,,,
,21-07-2026,,,,,Waiting,,,,,,0.97,,,RD227,,,
,21-07-2026,,,,,LU Loading,,,,,,3.57,,,RD227,,,
,21-07-2026,,,,,Waiting,,,,,,0.83,,,RD236,,,
,21-07-2026,,,,,Spotting,,,,,,0.33,,,RD236,,,
,21-07-2026,,,,,LU Loading,,,,,,3.13,,,RD236,,,
,21-07-2026,,,,,Waiting,,,,,,9.38,,,RD232,,,
,21-07-2026,,,,,LU Loading,,,,,,2.72,,,RD232,,,
,21-07-2026,,,,,Waiting,,,,,,1.02,,,RD227,,,
,21-07-2026,,,,,LU Loading,,,,,,3.15,,,RD227,,,
,21-07-2026,,,,,Waiting,,,,,,0.42,,,RD236,,,
,21-07-2026,,,,,LU Loading,,,,,,2.77,,,RD236,,,
,21-07-2026,,,,,Waiting,,,,,,0.97,,,RD232,,,
,21-07-2026,,,,,LU Loading,,,,,,4.37,,,RD232,,,
,21-07-2026,,,,,Waiting,,,,,,0.32,,,RD227,,,
,21-07-2026,,,,,Spotting,,,,,,0.22,,,RD227,,,
,21-07-2026,,,,,LU Loading,,,,,,4.35,,,RD227,,,
,21-07-2026,,,,,Spotting,,,,,,0.33,,,RD236,,,
,21-07-2026,,,,,LU Loading,,,,,,3.15,,,RD236,,,
,21-07-2026,,,,,Waiting,,,,,,7.95,,,RD227,,,
,21-07-2026,,,,,LU Loading,,,,,,3.15,,,RD227,,,
,21-07-2026,,,,,Spotting,,,,,,0.45,,,RD236,,,
,21-07-2026,,,,,LU Loading,,,,,,2.35,,,RD236,,,
,21-07-2026,,,,,Waiting,,,,,,5.13,,,RD227,,,
,21-07-2026,,,,,Spotting,,,,,,0.55,,,RD227,,,
,21-07-2026,,,,,LU Loading,,,,,,2.22,,,RD227,,,
,21-07-2026,,,,,Spotting,,,,,,0.13,,,RD236,,,
,21-07-2026,,,,,LU Loading,,,,,,3.58,,,RD236,,,
,21-07-2026,,,,,Waiting,,,,,,4.15,,,RD227,,,
,21-07-2026,,,,,Spotting,,,,,,0.45,,,RD227,,,
,21-07-2026,,,,,LU Loading,,,,,,4.98,,,RD227,,,
,21-07-2026,,,,,Waiting,,,,,,0.02,,,RD236,,,
,21-07-2026,,,,,LU Loading,,,,,,0.02,,,RD236,,,
,21-07-2026,,,,,Waiting,,,,,,4.55,,,RD232,,,
,21-07-2026,,,,,LU Loading,,,,,,3.9,,,RD232,,,
,21-07-2026,,,,,Waiting,,,,,,4.72,,,RD236,,,
,21-07-2026,,,,,Spotting,,,,,,0.83,,,RD236,,,
,21-07-2026,,,,,LU Loading,,,,,,3.42,,,RD236,,,
,21-07-2026,,,,,Waiting,,,,,,0.05,,,RD232,,,
,21-07-2026,,,,,Spotting,,,,,,0.77,,,RD232,,,
,21-07-2026,,,,,LU Loading,,,,,,4.08,,,RD232,,,
,21-07-2026,,,,,Waiting,,,,,,3.7,,,RD236,,,
,21-07-2026,,,,,LU Loading,,,,,,3.32,,,RD236,,,
,21-07-2026,,,,,Waiting,,,,,,3.83,,,RD232,,,
,21-07-2026,,,,,Spotting,,,,,,0.43,,,RD232,,,
,21-07-2026,,,,,LU Loading,,,,,,3.78,,,RD232,,,
,21-07-2026,,,,,Waiting,,,,,,0.27,,,RD227,,,
,21-07-2026,,,,,Spotting,,,,,,0.82,,,RD227,,,
,21-07-2026,,,,,LU Loading,,,,,,4.83,,,RD227,,,
,21-07-2026,,,,,Waiting,,,,,,3.03,,,RD232,,,
,21-07-2026,,,,,Spotting,,,,,,0.65,,,RD232,,,
,21-07-2026,,,,,LU Loading,,,,,,3.77,,,RD232,,,
,21-07-2026,,,,,Spotting,,,,,,1.05,,,RD227,,,
,21-07-2026,,,,,LU Loading,,,,,,5.25,,,RD227,,,
,21-07-2026,,,,,Waiting,,,,,,2.8,,,RD232,,,
,21-07-2026,,,,,Spotting,,,,,,0.9,,,RD232,,,
,21-07-2026,,,,,LU Loading,,,,,,3.88,,,RD232,,,
,21-07-2026,,,,,Waiting,,,,,,2.45,,,RD227,,,
,21-07-2026,,,,,LU Loading,,,,,,8.8,,,RD227,,,
,21-07-2026,,,,,Waiting,,,,,,0.78,,,RD232,,,
,21-07-2026,,,,,Spotting,,,,,,0.63,,,RD232,,,
,21-07-2026,,,,,LU Loading,,,,,,4.05,,,RD232,,,
,21-07-2026,,,,,Waiting,,,,,,5.3,,,RD236,,,
,21-07-2026,,,,,LU Loading,,,,,,4.27,,,RD236,,,
,21-07-2026,,,,,Waiting,,,,,,1.57,,,RD227,,,
,21-07-2026,,,,,LU Loading,,,,,,4.15,,,RD227,,,
,21-07-2026,,,,,Spotting,,,,,,0.33,,,RD232,,,
,21-07-2026,,,,,LU Loading,,,,,,4.57,,,RD232,,,
,21-07-2026,,,,,Waiting,,,,,,0.07,,,RD236,,,
,21-07-2026,,,,,Spotting,,,,,,0.27,,,RD236,,,
,21-07-2026,,,,,LU Loading,,,,,,6.2,,,RD236,,,
,21-07-2026,,,,,Waiting,,,,,,1.62,,,RD227,,,
,21-07-2026,,,,,LU Loading,,,,,,4.83,,,RD227,,,
,21-07-2026,,,,,Waiting,,,,,,0.32,,,RD232,,,
,21-07-2026,,,,,Spotting,,,,,,0.38,,,RD232,,,
,21-07-2026,,,,,LU Loading,,,,,,4.08,,,RD232,,,
,21-07-2026,,,,,Waiting,,,,,,0.77,,,RD236,,,
,21-07-2026,,,,,LU Loading,,,,,,4.02,,,RD236,,,
,21-07-2026,,,,,Waiting,,,,,,1.08,,,RD227,,,
,21-07-2026,,,,,LU Loading,,,,,,6.27,,,RD227,,,
,21-07-2026,,,,,Waiting,,,,,,0.13,,,RD232,,,
,21-07-2026,,,,,Spotting,,,,,,0.38,,,RD232,,,
,21-07-2026,,,,,LU Loading,,,,,,3.27,,,RD232,,,
,21-07-2026,,,,,Spotting,,,,,,0.63,,,RD236,,,
,21-07-2026,,,,,LU Loading,,,,,,4.8,,,RD236,,,
,21-07-2026,,,,,Waiting,,,,,,1.38,,,RD227,,,
,21-07-2026,,,,,LU Loading,,,,,,4.73,,,RD227,,,
,21-07-2026,,,,,Waiting,,,,,,0.42,,,RD232,,,
,21-07-2026,,,,,Spotting,,,,,,0.47,,,RD232,,,
,21-07-2026,,,,,LU Loading,,,,,,3.97,,,RD232,,,
,21-07-2026,,,,,Waiting,,,,,,0.45,,,RD236,,,
,21-07-2026,,,,,Spotting,,,,,,0.3,,,RD236,,,
,21-07-2026,,,,,LU Loading,,,,,,3.53,,,RD236,,,
,21-07-2026,,,,,Waiting,,,,,,2.05,,,RD227,,,
,21-07-2026,,,,,LU Loading,,,,,,3.27,,,RD227,,,
,21-07-2026,,,,,Waiting,,,,,,2.57,,,RD232,,,
,21-07-2026,,,,,LU Loading,,,,,,0.02,,,RD232,,,
,21-07-2026,,,,,Waiting,,,,,,2.97,,,RD236,,,
,21-07-2026,,,,,Spotting,,,,,,0.48,,,RD236,,,
,21-07-2026,,,,,LU Loading,,,,,,3.3,,,RD236,,,
,21-07-2026,,,,,Waiting,,,,,,0.72,,,RD227,,,
,21-07-2026,,,,,LU Loading,,,,,,4.03,,,RD227,,,
,21-07-2026,,,,,Waiting,,,,,,1.88,,,RD232,,,
,21-07-2026,,,,,Spotting,,,,,,0.57,,,RD232,,,
,21-07-2026,,,,,LU Loading,,,,,,2.82,,,RD232,,,
,21-07-2026,,,,,Waiting,,,,,,0.87,,,RD236,,,
,21-07-2026,,,,,LU Loading,,,,,,3.87,,,RD236,,,
,21-07-2026,,,,,Waiting,,,,,,0.45,,,RD227,,,
,21-07-2026,,,,,Spotting,,,,,,0.45,,,RD227,,,
,21-07-2026,,,,,LU Loading,,,,,,3.78,,,RD227,,,
,21-07-2026,,,,,Waiting,,,,,,11.08,,,RD239,,,
,21-07-2026,,,,,Marching,,,,,,6.65,,,RD239,,,
,21-07-2026,,,,,Shift Change,,,,,,21.7,,,RD239,,,
,21-07-2026,,,,,Shift Change,,,,,,38.67,,,RD239,,,
,21-07-2026,,,,,Waiting,,,,,,0.02,,,RD239,,,
,21-07-2026,,,,,LU Loading,,,,,,3.55,,,RD239,,,
,21-07-2026,,,,,Waiting,,,,,,4.52,,,RD240,,,
,21-07-2026,,,,,LU Loading,,,,,,4.07,,,RD240,,,
,21-07-2026,,,,,Waiting,,,,,,0.13,,,RD239,,,
,21-07-2026,,,,,Spotting,,,,,,0.45,,,RD239,,,
,21-07-2026,,,,,LU Loading,,,,,,4.63,,,RD239,,,
,21-07-2026,,,,,Waiting,,,,,,1.93,,,RD240,,,
,21-07-2026,,,,,LU Loading,,,,,,3.9,,,RD240,,,
,21-07-2026,,,,,Waiting,,,,,,3.95,,,RD239,,,
,21-07-2026,,,,,LU Loading,,,,,,3.53,,,RD239,,,
,21-07-2026,,,,,Waiting,,,,,,0.65,,,RD240,,,
,21-07-2026,,,,,LU Loading,,,,,,4.7,,,RD240,,,
,21-07-2026,,,,,Waiting,,,,,,3.18,,,RD239,,,
,21-07-2026,,,,,LU Loading,,,,,,3.75,,,RD239,,,
,21-07-2026,,,,,Waiting,,,,,,2.23,,,RD240,,,
,21-07-2026,,,,,Spotting,,,,,,0.52,,,RD240,,,
,21-07-2026,,,,,LU Loading,,,,,,3.37,,,RD240,,,
,21-07-2026,,,,,Waiting,,,,,,3.33,,,RD239,,,
,21-07-2026,,,,,LU Loading,,,,,,3.68,,,RD239,,,
,21-07-2026,,,,,Waiting,,,,,,1.57,,,RD240,,,
,21-07-2026,,,,,Spotting,,,,,,0.45,,,RD240,,,
,21-07-2026,,,,,LU Loading,,,,,,3.5,,,RD240,,,
,21-07-2026,,,,,Waiting,,,,,,3.48,,,RD239,,,
,21-07-2026,,,,,LU Loading,,,,,,2.82,,,RD239,,,
,21-07-2026,,,,,Waiting,,,,,,3.62,,,RD240,,,
,21-07-2026,,,,,LU Loading,,,,,,3.73,,,RD240,,,
,21-07-2026,,,,,Waiting,,,,,,2.15,,,RD239,,,
,21-07-2026,,,,,LU Loading,,,,,,3.58,,,RD239,,,
,21-07-2026,,,,,Waiting,,,,,,2.43,,,RD240,,,
,22-07-2026,,,,,LU Loading,,,,,,5.32,,,RD240,,,
,22-07-2026,,,,,Waiting,,,,,,2.82,,,RD239,,,
,22-07-2026,,,,,LU Loading,,,,,,3.43,,,RD239,,,
,22-07-2026,,,,,Waiting,,,,,,5.02,,,RD240,,,
,22-07-2026,,,,,LU Loading,,,,,,3.35,,,RD240,,,
,22-07-2026,,,,,Waiting,,,,,,1.87,,,RD239,,,
,22-07-2026,,,,,LU Loading,,,,,,3.22,,,RD239,,,
,22-07-2026,,,,,Waiting,,,,,,2.4,,,RD240,,,
,22-07-2026,,,,,Spotting,,,,,,0.7,,,RD240,,,
,22-07-2026,,,,,LU Loading,,,,,,3.1,,,RD240,,,
,22-07-2026,,,,,Waiting,,,,,,4.7,,,RD239,,,
,22-07-2026,,,,,LU Loading,,,,,,3.57,,,RD239,,,
,22-07-2026,,,,,Waiting,,,,,,0.9,,,RD240,,,
,22-07-2026,,,,,LU Loading,,,,,,3.62,,,RD240,,,
,22-07-2026,,,,,Waiting,,,,,,8.53,,,RD240,,,
,22-07-2026,,,,,LU Loading,,,,,,3.4,,,RD240,,,
,22-07-2026,,,,,Waiting,,,,,,1.05,,,RD239,,,
,22-07-2026,,,,,LU Loading,,,,,,2.92,,,RD239,,,
,22-07-2026,,,,,Waiting,,,,,,8.38,,,RD240,,,
,22-07-2026,,,,,LU Loading,,,,,,3.2,,,RD240,,,
,22-07-2026,,,,,Waiting,,,,,,0.72,,,RD239,,,
,22-07-2026,,,,,LU Loading,,,,,,3.5,,,RD239,,,
,22-07-2026,,,,,Waiting,,,,,,4.12,,,RD240,,,
,22-07-2026,,,,,Spotting,,,,,,0.35,,,RD240,,,
,22-07-2026,,,,,LU Loading,,,,,,3.15,,,RD240,,,
,22-07-2026,,,,,Waiting,,,,,,2.07,,,RD239,,,
,22-07-2026,,,,,LU Loading,,,,,,5.47,,,RD239,,,
,22-07-2026,,,,,Waiting,,,,,,3.15,,,RD240,,,
,22-07-2026,,,,,LU Loading,,,,,,4.75,,,RD240,,,
,22-07-2026,,,,,Waiting,,,,,,77.28,,,RD239,,,
,22-07-2026,,,,,LU Loading,,,,,,1.8,,,RD239,,,
,22-07-2026,,,,,Waiting,,,,,,3.07,,,RD239,,,
,22-07-2026,,,,,LU Loading,,,,,,1.6,,,RD239,,,
,22-07-2026,,,,,Waiting,,,,,,0.73,,,RD240,,,
,22-07-2026,,,,,LU Loading,,,,,,3.4,,,RD240,,,
,22-07-2026,,,,,Waiting,,,,,,6.43,,,RD239,,,
,22-07-2026,,,,,LU Loading,,,,,,3.13,,,RD239,,,
,22-07-2026,,,,,Waiting,,,,,,0.87,,,RD240,,,
,22-07-2026,,,,,LU Loading,,,,,,3.23,,,RD240,,,
,22-07-2026,,,,,Waiting,,,,,,5.58,,,RD239,,,
,22-07-2026,,,,,LU Loading,,,,,,5.63,,,RD239,,,
,22-07-2026,,,,,Waiting,,,,,,0.65,,,RD240,,,
,22-07-2026,,,,,LU Loading,,,,,,3.43,,,RD240,,,
,22-07-2026,,,,,Waiting,,,,,,5.55,,,RD239,,,
,22-07-2026,,,,,Spotting,,,,,,0.38,,,RD239,,,
,22-07-2026,,,,,LU Loading,,,,,,3.7,,,RD239,,,
,22-07-2026,,,,,Waiting,,,,,,0.08,,,RD240,,,
,22-07-2026,,,,,Spotting,,,,,,0.75,,,RD240,,,
,22-07-2026,,,,,LU Loading,,,,,,3.3,,,RD240,,,
,22-07-2026,,,,,Waiting,,,,,,5.73,,,RD239,,,
,22-07-2026,,,,,Spotting,,,,,,0.42,,,RD239,,,
,22-07-2026,,,,,LU Loading,,,,,,3.22,,,RD239,,,
,22-07-2026,,,,,Waiting,,,,,,3.05,,,RD240,,,
,22-07-2026,,,,,LU Loading,,,,,,3.73,,,RD240,,,
,22-07-2026,,,,,Waiting,,,,,,4.13,,,RD239,,,
,22-07-2026,,,,,LU Loading,,,,,,3.82,,,RD239,,,
,22-07-2026,,,,,Waiting,,,,,,0.3,,,RD240,,,
,22-07-2026,,,,,Spotting,,,,,,0.72,,,RD240,,,
,22-07-2026,,,,,LU Loading,,,,,,3.05,,,RD240,,,
,22-07-2026,,,,,Waiting,,,,,,6.18,,,RD239,,,
,22-07-2026,,,,,Spotting,,,,,,0.62,,,RD239,,,
,22-07-2026,,,,,LU Loading,,,,,,3.9,,,RD239,,,
,22-07-2026,,,,,Waiting,,,,,,0.77,,,RD240,,,
,22-07-2026,,,,,LU Loading,,,,,,3.55,,,RD240,,,
,22-07-2026,,,,,Waiting,,,,,,5.37,,,RD239,,,
,22-07-2026,,,,,LU Loading,,,,,,3.48,,,RD239,,,
,22-07-2026,,,,,Waiting,,,,,,1.55,,,RD240,,,
,22-07-2026,,,,,LU Loading,,,,,,3.95,,,RD240,,,
,22-07-2026,,,,,Waiting,,,,,,6.53,,,RD239,,,
,22-07-2026,,,,,Spotting,,,,,,0.4,,,RD239,,,
,22-07-2026,,,,,LU Loading,,,,,,3.5,,,RD239,,,
,22-07-2026,,,,,Waiting,,,,,,0.85,,,RD240,,,
,22-07-2026,,,,,LU Loading,,,,,,2.95,,,RD240,,,
,22-07-2026,,,,,Waiting,,,,,,7.33,,,RD239,,,
,22-07-2026,,,,,LU Loading,,,,,,3.65,,,RD239,,,
,22-07-2026,,,,,Waiting,,,,,,0.82,,,RD240,,,
,22-07-2026,,,,,LU Loading,,,,,,3.77,,,RD240,,,
,22-07-2026,,,,,Waiting,,,,,,24.35,,,RD238,,,
,22-07-2026,,,,,Shift Change,,,,,,16.85,,,RD238,,,
,22-07-2026,,,,,,,,,,,,,,,,,
,Timestamp,,,,,Status Code,,Sub-Status Code,,,,"Duration
(min)",,,Hauling Unit,,,
,22-07-2026,,,,,Shift Change,,,,,,39.83,,,RD238,,,
,22-07-2026,,,,,Waiting,,,,,,7,,,RD238,,,
,22-07-2026,,,,,LU Loading,,,,,,4.63,,,RD238,,,
,22-07-2026,,,,,Waiting,,,,,,9.72,,,RD238,,,
,22-07-2026,,,,,LU Loading,,,,,,3.95,,,RD238,,,
,22-07-2026,,,,,Waiting,,,,,,0.27,,,RD141,,,
,22-07-2026,,,,,Spotting,,,,,,1.12,,,RD141,,,
,22-07-2026,,,,,LU Loading,,,,,,4.17,,,RD141,,,
,22-07-2026,,,,,Waiting,,,,,,6.82,,,RD253,,,
,22-07-2026,,,,, Down,,,,,,1.32,,,RD253,,,
,22-07-2026,,,,,Waiting,,,,,,0.92,,,RD253,,,
,22-07-2026,,,,,Spotting,,,,,,0.42,,,RD253,,,
,22-07-2026,,,,,LU Loading,,,,,,5.05,,,RD253,,,
,22-07-2026,,,,,Waiting,,,,,,0.22,,,RD238,,,
,22-07-2026,,,,,Spotting,,,,,,0.75,,,RD238,,,
,22-07-2026,,,,,LU Loading,,,,,,4.42,,,RD238,,,
,22-07-2026,,,,,Waiting,,,,,,0.32,,,RD141,,,
,22-07-2026,,,,,LU Loading,,,,,,4.65,,,RD141,,,
,22-07-2026,,,,,Waiting,,,,,,6.73,,,RD253,,,
,22-07-2026,,,,,LU Loading,,,,,,4,,,RD253,,,
,22-07-2026,,,,,Waiting,,,,,,2.12,,,RD238,,,
,22-07-2026,,,,,LU Loading,,,,,,4.83,,,RD238,,,
,22-07-2026,,,,,Waiting,,,,,,1.83,,,RD141,,,
,22-07-2026,,,,,Spotting,,,,,,0.35,,,RD141,,,
,22-07-2026,,,,,LU Loading,,,,,,4.5,,,RD141,,,
,22-07-2026,,,,,Waiting,,,,,,3.5,,,RD253,,,
,22-07-2026,,,,,LU Loading,,,,,,6.52,,,RD253,,,
,22-07-2026,,,,,Waiting,,,,,,3,,,RD238,,,
,22-07-2026,,,,,LU Loading,,,,,,13.7,,,RD238,,,
,22-07-2026,,,,,Waiting,,,,,,0.32,,,RD141,,,
,22-07-2026,,,,,Spotting,,,,,,0.7,,,RD141,,,
,22-07-2026,,,,,LU Loading,,,,,,5,,,RD141,,,
,22-07-2026,,,,,Waiting,,,,,,1.2,,,RD253,,,
,22-07-2026,,,,,LU Loading,,,,,,5.33,,,RD253,,,
,22-07-2026,,,,,Spotting,,,,,,0.1,,,RD238,,,
,22-07-2026,,,,,LU Loading,,,,,,6.77,,,RD238,,,
,22-07-2026,,,,,Waiting,,,,,,4.9,,,,,,
,22-07-2026,,,,,LU Loading,,,,,,0.02,,,,,,
,22-07-2026,,,,,Waiting,,,,,,0.33,,,RD141,,,
,22-07-2026,,,,,Spotting,,,,,,0.27,,,RD141,,,
,22-07-2026,,,,,LU Loading,,,,,,5.48,,,RD141,,,
,22-07-2026,,,,,Waiting,,,,,,1.13,,,RD253,,,
,22-07-2026,,,,,Spotting,,,,,,7.12,,,RD253,,,
,22-07-2026,,,,,LU Loading,,,,,,6.75,,,RD253,,,
,22-07-2026,,,,,Waiting,,,,,,0.25,,,RD141,,,
,22-07-2026,,,,,Face Height Reduction,,,,,,9.5,,,RD141,,,
,22-07-2026,,,,,Waiting,,,,,,1.42,,,RD141,,,
,22-07-2026,,,,,LU Loading,,,,,,2.95,,,RD141,,,
,22-07-2026,,,,,Waiting,,,,,,1.17,,,RD238,,,
,22-07-2026,,,,,LU Loading,,,,,,3.5,,,RD238,,,
,22-07-2026,,,,,Waiting,,,,,,6.07,,,RD141,,,
,22-07-2026,,,,,LU Loading,,,,,,0.32,,,RD141,,,
,22-07-2026,,,,,LU Loading,,,,,,2.83,,,RD141,,,
,22-07-2026,,,,,Waiting,,,,,,1.78,,,RD238,,,
,22-07-2026,,,,,LU Loading,,,,,,3.55,,,RD238,,,
,22-07-2026,,,,,Waiting,,,,,,9.63,,,RD238,,,
,22-07-2026,,,,,Spotting,,,,,,0.27,,,RD238,,,
,22-07-2026,,,,,LU Loading,,,,,,3.47,,,RD238,,,
,22-07-2026,,,,,Waiting,,,,,,11.7,,,RD238,,,
,22-07-2026,,,,,Spotting,,,,,,0.8,,,RD238,,,
,22-07-2026,,,,,LU Loading,,,,,,4.4,,,RD238,,,
,22-07-2026,,,,,Waiting,,,,,,5.98,,,RD253,,,
,22-07-2026,,,,,LU Loading,,,,,,4.93,,,RD253,,,
,22-07-2026,,,,,Waiting,,,,,,0.77,,,RD238,,,
,22-07-2026,,,,,LU Loading,,,,,,3.82,,,RD238,,,
,22-07-2026,,,,,Waiting,,,,,,1.67,,,RD141,,,
,22-07-2026,,,,,Fuel Filling,,,,,,4.33,,,RD141,,,
,22-07-2026,,,,,Waiting,,,,,,0.8,,,RD141,,,
,22-07-2026,,,,,LU Loading,,,,,,3.8,,,RD141,,,
,22-07-2026,,,,,Waiting,,,,,,1.28,,,RD253,,,
,22-07-2026,,,,,LU Loading,,,,,,4.75,,,RD253,,,
,22-07-2026,,,,,Waiting,,,,,,0.83,,,RD238,,,
,22-07-2026,,,,,Spotting,,,,,,0.57,,,RD238,,,
,22-07-2026,,,,,LU Loading,,,,,,4.07,,,RD238,,,
,22-07-2026,,,,,Waiting,,,,,,3.17,,,RD141,,,
,22-07-2026,,,,,LU Loading,,,,,,3.93,,,RD141,,,
,22-07-2026,,,,,Waiting,,,,,,1.63,,,RD253,,,
,22-07-2026,,,,,LU Loading,,,,,,3.83,,,RD253,,,
,22-07-2026,,,,,Waiting,,,,,,2.17,,,RD238,,,
,22-07-2026,,,,,Spotting,,,,,,0.37,,,RD238,,,
,22-07-2026,,,,,LU Loading,,,,,,3.93,,,RD238,,,
,22-07-2026,,,,,Waiting,,,,,,7.47,,,RD253,,,
,22-07-2026,,,,,LU Loading,,,,,,3.72,,,RD253,,,
,22-07-2026,,,,,Waiting,,,,,,1.08,,,RD141,,,
,22-07-2026,,,,,LU Loading,,,,,,3.8,,,RD141,,,
,22-07-2026,,,,,Waiting,,,,,,1.4,,,RD238,,,
,22-07-2026,,,,,Spotting,,,,,,0.42,,,RD238,,,
,22-07-2026,,,,,LU Loading,,,,,,2.97,,,RD238,,,
,22-07-2026,,,,,Waiting,,,,,,2.48,,,RD253,,,
,22-07-2026,,,,,LU Loading,,,,,,3.22,,,RD253,,,
,22-07-2026,,,,,Waiting,,,,,,6.38,,,RD141,,,
,22-07-2026,,,,,LU Loading,,,,,,2.63,,,RD141,,,
,22-07-2026,,,,,Waiting,,,,,,1.18,,,RD238,,,
,22-07-2026,,,,,Spotting,,,,,,0.23,,,RD238,,,
,22-07-2026,,,,,LU Loading,,,,,,3.27,,,RD238,,,
,22-07-2026,,,,,Waiting,,,,,,0.93,,,RD253,,,
,22-07-2026,,,,,LU Loading,,,,,,3.45,,,RD253,,,
,22-07-2026,,,,,Waiting,,,,,,6.5,,,RD238,,,
,22-07-2026,,,,,Spotting,,,,,,1.37,,,RD238,,,
,22-07-2026,,,,,LU Loading,,,,,,3.43,,,RD238,,,
,22-07-2026,,,,,Waiting,,,,,,0.32,,,RD141,,,
,22-07-2026,,,,,Spotting,,,,,,0.48,,,RD141,,,
,22-07-2026,,,,,LU Loading,,,,,,3.4,,,RD141,,,
,22-07-2026,,,,,Waiting,,,,,,2.65,,,RD253,,,
,22-07-2026,,,,,LU Loading,,,,,,3.82,,,RD253,,,
,22-07-2026,,,,,Waiting,,,,,,0.97,,,RD238,,,
,22-07-2026,,,,,LU Loading,,,,,,3.68,,,RD238,,,
,22-07-2026,,,,,Waiting,,,,,,7.6,,,RD253,,,
,22-07-2026,,,,,LU Loading,,,,,,3.2,,,RD253,,,
,22-07-2026,,,,,Waiting,,,,,,1.22,,,RD141,,,
,22-07-2026,,,,,LU Loading,,,,,,2.57,,,RD141,,,
,22-07-2026,,,,,Waiting,,,,,,1.15,,,RD238,,,
,22-07-2026,,,,,LU Loading,,,,,,4.25,,,RD238,,,
,22-07-2026,,,,,Waiting,,,,,,1.72,,,RD253,,,
,22-07-2026,,,,,LU Loading,,,,,,0.17,,,RD253,,,
,22-07-2026,,,,,LU Loading,,,,,,4.08,,,RD253,,,
,22-07-2026,,,,,Waiting,,,,,,2.52,,,RD141,,,
,22-07-2026,,,,,LU Loading,,,,,,3.93,,,RD141,,,
,22-07-2026,,,,,Waiting,,,,,,0.75,,,RD238,,,
,22-07-2026,,,,,LU Loading,,,,,,4.17,,,RD238,,,
,22-07-2026,,,,,Waiting,,,,,,0.28,,,RD253,,,
,22-07-2026,,,,,Spotting,,,,,,0.75,,,RD253,,,
,22-07-2026,,,,,LU Loading,,,,,,3.52,,,RD253,,,
,22-07-2026,,,,,Waiting,,,,,,6.47,,,RD238,,,
,22-07-2026,,,,,LU Loading,,,,,,3.68,,,RD238,,,
,22-07-2026,,,,,Waiting,,,,,,0.63,,,RD253,,,
,22-07-2026,,,,,LU Loading,,,,,,3.47,,,RD253,,,
,22-07-2026,,,,,Waiting,,,,,,0.23,,,RD141,,,
,22-07-2026,,,,,LU Loading,,,,,,3.55,,,RD141,,,
,22-07-2026,,,,,Waiting,,,,,,9.67,,,RD243,,,
,22-07-2026,,,,,Shift Change,,,,,,26.9,,,RD243,,,
,22-07-2026,,,,,Shift Change,,,,,,122.87,,,RD243,,,
,22-07-2026,,,,,Marching,,,,,,23.47,,,RD243,,,
,22-07-2026,,,,,LU Loading,,,,,,1.27,,,RD243,,,
,22-07-2026,,,,,Waiting,,,,,,2.52,,,RD253,,,
,22-07-2026,,,,,Fuel Filling,,,,,,1.63,,,RD253,,,
,22-07-2026,,,,,LU Loading,,,,,,2.9,,,RD253,,,
,22-07-2026,,,,,Waiting,,,,,,0.8,,,RD243,,,
,22-07-2026,,,,,LU Loading,,,,,,2.67,,,RD243,,,
,22-07-2026,,,,,Waiting,,,,,,2.9,,,RD253,,,
,22-07-2026,,,,,LU Loading,,,,,,3.65,,,RD253,,,
,22-07-2026,,,,,Waiting,,,,,,5.1,,,RD253,,,
,22-07-2026,,,,,Spotting,,,,,,1.53,,,RD253,,,
,22-07-2026,,,,,LU Loading,,,,,,2.4,,,RD253,,,
,22-07-2026,,,,,Waiting,,,,,,2.08,,,RD243,,,
,22-07-2026,,,,,LU Loading,,,,,,3.27,,,RD243,,,
,22-07-2026,,,,,Waiting,,,,,,0.6,,,RD253,,,
,22-07-2026,,,,,Spotting,,,,,,0.92,,,RD253,,,
,22-07-2026,,,,,LU Loading,,,,,,2.77,,,RD253,,,
,22-07-2026,,,,,Waiting,,,,,,6.03,,,RD141,,,
,22-07-2026,,,,,LU Loading,,,,,,2.3,,,RD141,,,
,22-07-2026,,,,,Waiting,,,,,,2.73,,,RD243,,,
,22-07-2026,,,,,Spotting,,,,,,0.43,,,RD243,,,
,22-07-2026,,,,,LU Loading,,,,,,3.98,,,RD243,,,
,22-07-2026,,,,,Waiting,,,,,,1.35,,,RD141,,,
,22-07-2026,,,,,LU Loading,,,,,,2.08,,,RD141,,,
,22-07-2026,,,,,Waiting,,,,,,7.3,,,RD141,,,
,22-07-2026,,,,,Spotting,,,,,,0.47,,,RD141,,,
,22-07-2026,,,,,LU Loading,,,,,,2,,,RD141,,,
,22-07-2026,,,,,Waiting,,,,,,4.53,,,RD243,,,
,22-07-2026,,,,,LU Loading,,,,,,3.55,,,RD243,,,
,22-07-2026,,,,,Waiting,,,,,,2.88,,,RD141,,,
,22-07-2026,,,,,LU Loading,,,,,,3.3,,,RD141,,,
,22-07-2026,,,,,Waiting,,,,,,1.37,,,RD126,,,
,22-07-2026,,,,,LU Loading,,,,,,3.17,,,RD126,,,
,22-07-2026,,,,,Waiting,,,,,,2.58,,,RD141,,,
,22-07-2026,,,,,Spotting,,,,,,0.18,,,RD141,,,
,22-07-2026,,,,,LU Loading,,,,,,2.4,,,RD141,,,
,22-07-2026,,,,,Waiting,,,,,,6.05,,,RD126,,,
,22-07-2026,,,,,Spotting,,,,,,0.15,,,RD126,,,
,22-07-2026,,,,,LU Loading,,,,,,4.68,,,RD126,,,
,22-07-2026,,,,,Waiting,,,,,,2.1,,,RD141,,,
,22-07-2026,,,,,LU Loading,,,,,,2.28,,,RD141,,,
,22-07-2026,,,,,Waiting,,,,,,17.7,,,RD141,,,
,22-07-2026,,,,,Tea/ Breakfast / Snacks,,,,,,60.28,,,RD141,,,
,22-07-2026,,,,,Waiting,,,,,,7.35,,,RD141,,,
,22-07-2026,,,,,LU Loading,,,,,,3.67,,,RD141,,,
,22-07-2026,,,,,Waiting,,,,,,1.47,,,RD126,,,
,22-07-2026,,,,,Spotting,,,,,,1.28,,,RD126,,,
,22-07-2026,,,,,LU Loading,,,,,,3.38,,,RD126,,,
,22-07-2026,,,,,Waiting,,,,,,0.47,,,RD141,,,
,22-07-2026,,,,,Spotting,,,,,,2.07,,,RD141,,,
,22-07-2026,,,,,LU Loading,,,,,,3.05,,,RD141,,,
,22-07-2026,,,,,Waiting,,,,,,3.07,,,RD126,,,
,22-07-2026,,,,,Spotting,,,,,,0.18,,,RD126,,,
,22-07-2026,,,,,LU Loading,,,,,,5.47,,,RD126,,,
,22-07-2026,,,,,Waiting,,,,,,0.97,,,RD141,,,
,22-07-2026,,,,,LU Loading,,,,,,3.17,,,RD141,,,
,22-07-2026,,,,,Waiting,,,,,,4.4,,,RD126,,,
,22-07-2026,,,,,Spotting,,,,,,10.03,,,RD126,,,
,22-07-2026,,,,,LU Loading,,,,,,3.65,,,RD126,,,
,22-07-2026,,,,,Waiting,,,,,,2.62,,,RD141,,,
,22-07-2026,,,,,LU Loading,,,,,,5.62,,,RD141,,,
,22-07-2026,,,,,Waiting,,,,,,19.37,,,RD126,,,
,22-07-2026,,,,,Spotting,,,,,,0.25,,,RD126,,,
,22-07-2026,,,,,LU Loading,,,,,,4.9,,,RD126,,,
,22-07-2026,,,,,Waiting,,,,,,1.27,,,RD141,,,
,22-07-2026,,,,,Spotting,,,,,,0.58,,,RD141,,,
,22-07-2026,,,,,LU Loading,,,,,,2.42,,,RD141,,,
,22-07-2026,,,,,Waiting,,,,,,12.1,,,RD241,,,
,22-07-2026,,,,,LU Loading,,,,,,0.63,,,RD241,,,
,22-07-2026,,,,,Waiting,,,,,,2.7,,,RD126,,,
,22-07-2026,,,,,Spotting,,,,,,0.33,,,RD126,,,
,22-07-2026,,,,,LU Loading,,,,,,6.22,,,RD126,,,
,22-07-2026,,,,,Waiting,,,,,,0.63,,,RD141,,,
,22-07-2026,,,,,LU Loading,,,,,,3.37,,,RD141,,,
,22-07-2026,,,,,Waiting,,,,,,10.45,,,RD242,,,
,22-07-2026,,,,,Shift Change,,,,,,23.65,,,RD242,,,
,22-07-2026,,,,,Shift Change,,,,,,18.28,,,RD242,,,
,22-07-2026,,,,,Waiting,,,,,,2.18,,,RD242,,,
,22-07-2026,,,,,LU Loading,,,,,,1.97,,,RD242,,,
,22-07-2026,,,,,Waiting,,,,,,0.2,,,RD227,,,
,22-07-2026,,,,,LU Loading,,,,,,3.22,,,RD227,,,
,22-07-2026,,,,,Waiting,,,,,,1.77,,,RD242,,,
,22-07-2026,,,,,LU Loading,,,,,,2.23,,,RD242,,,
,22-07-2026,,,,,Waiting,,,,,,2.02,,,RD227,,,
,22-07-2026,,,,,LU Loading,,,,,,3.03,,,RD227,,,
,22-07-2026,,,,,LU Loading,,,,,,2.37,,,RD242,,,
,22-07-2026,,,,,Spotting,,,,,,1.1,,,RD226,,,
,22-07-2026,,,,,LU Loading,,,,,,2.37,,,RD226,,,
,22-07-2026,,,,,Waiting,,,,,,0.22,,,RD227,,,
,22-07-2026,,,,,Spotting,,,,,,0.27,,,RD227,,,
,22-07-2026,,,,,LU Loading,,,,,,3.93,,,RD227,,,
,22-07-2026,,,,,Waiting,,,,,,0.28,,,RD253,,,
,22-07-2026,,,,,LU Loading,,,,,,3.08,,,RD253,,,
,22-07-2026,,,,,Waiting,,,,,,0.17,,,RD242,,,
,22-07-2026,,,,,LU Loading,,,,,,2.78,,,RD242,,,
,22-07-2026,,,,,Waiting,,,,,,0.02,,,RD226,,,
,22-07-2026,,,,,LU Loading,,,,,,3.17,,,RD226,,,
,22-07-2026,,,,,Waiting,,,,,,0.62,,,RD126,,,
,22-07-2026,,,,,Marching,,,,,,48.88,,,RD126,,,
,22-07-2026,,,,,Waiting,,,,,,22.1,,,RD126,,,
,23-07-2026,,,,,LU Loading,,,,,,2.27,,,RD126,,,
,23-07-2026,,,,,Waiting,,,,,,1.48,,,RD238,,,
,23-07-2026,,,,,LU Loading,,,,,,2.58,,,RD238,,,
,23-07-2026,,,,,Waiting,,,,,,0.55,,,RD227,,,
,23-07-2026,,,,,LU Loading,,,,,,0.92,,,RD227,,,
,23-07-2026,,,,,Waiting,,,,,,0.72,,,RD227,,,
,23-07-2026,,,,,LU Loading,,,,,,2.53,,,RD227,,,
,23-07-2026,,,,,Waiting,,,,,,0.02,,,RD241,,,
,23-07-2026,,,,,LU Loading,,,,,,0.57,,,RD241,,,
,23-07-2026,,,,,Waiting,,,,,,0.17,,,RD241,,,
,23-07-2026,,,,,LU Loading,,,,,,6.5,,,RD241,,,
,23-07-2026,,,,,Waiting,,,,,,0.02,,,RD226,,,
,23-07-2026,,,,,LU Loading,,,,,,0.02,,,RD226,,,
,23-07-2026,,,,,Waiting,,,,,,0.02,,,RD242,,,
,23-07-2026,,,,,LU Loading,,,,,,0.02,,,RD242,,,
,23-07-2026,,,,,Waiting,,,,,,0.45,,,RD242,,,
,23-07-2026,,,,,LU Loading,,,,,,4.85,,,RD242,,,
,23-07-2026,,,,,Waiting,,,,,,9.17,,,RD126,,,
,23-07-2026,,,,,LU Loading,,,,,,3.33,,,RD126,,,
,23-07-2026,,,,,Waiting,,,,,,6.37,,,RD227,,,
,23-07-2026,,,,,LU Loading,,,,,,0.02,,,RD227,,,
,23-07-2026,,,,,LU Loading,,,,,,2.65,,,RD227,,,
,23-07-2026,,,,,Waiting,,,,,,0.78,,,RD241,,,
,23-07-2026,,,,,LU Loading,,,,,,7.13,,,RD241,,,
,23-07-2026,,,,,Waiting,,,,,,0.02,,,RD242,,,
,23-07-2026,,,,,LU Loading,,,,,,0.02,,,RD242,,,
,23-07-2026,,,,,Waiting,,,,,,0.93,,,RD226,,,
,23-07-2026,,,,,LU Loading,,,,,,1.48,,,RD226,,,
,23-07-2026,,,,,Waiting,,,,,,11.05,,,RD126,,,
,23-07-2026,,,,,LU Loading,,,,,,2.33,,,RD126,,,
,23-07-2026,,,,,Waiting,,,,,,13.3,,,RD241,,,
,23-07-2026,,,,,LU Loading,,,,,,0.83,,,RD241,,,
,23-07-2026,,,,,LU Loading,,,,,,6.88,,,RD241,,,
,23-07-2026,,,,,Waiting,,,,,,0.02,,,RD242,,,
,23-07-2026,,,,,LU Loading,,,,,,0.02,,,RD242,,,
,23-07-2026,,,,,Waiting,,,,,,0.02,,,RD242,,,
,23-07-2026,,,,,LU Loading,,,,,,3.48,,,RD242,,,
,23-07-2026,,,,,Waiting,,,,,,0.02,,,RD226,,,
,23-07-2026,,,,,LU Loading,,,,,,0.02,,,RD226,,,
,23-07-2026,,,,,Waiting,,,,,,24.15,,,RD241,,,
,23-07-2026,,,,,LU Loading,,,,,,0.5,,,RD241,,,
,23-07-2026,,,,,Waiting,,,,,,0.52,,,RD241,,,
,23-07-2026,,,,,LU Loading,,,,,,3.55,,,RD241,,,
,23-07-2026,,,,,Waiting,,,,,,2.77,,,RD226,,,
,23-07-2026,,,,,LU Loading,,,,,,4.68,,,RD226,,,
,23-07-2026,,,,,Waiting,,,,,,18.55,,,RD238,,,
,23-07-2026,,,,,LU Loading,,,,,,8.45,,,RD238,,,
,23-07-2026,,,,,Waiting,,,,,,0.02,,,RD227,,,
,23-07-2026,,,,,LU Loading,,,,,,4.58,,,RD227,,,
,23-07-2026,,,,,Waiting,,,,,,0.02,,,RD242,,,
,23-07-2026,,,,,LU Loading,,,,,,2.97,,,RD242,,,
,23-07-2026,,,,,Waiting,,,,,,0.02,,,RD126,,,
,23-07-2026,,,,,LU Loading,,,,,,0.7,,,RD126,,,
,23-07-2026,,,,,Waiting,,,,,,0.47,,,RD226,,,
,23-07-2026,,,,,LU Loading,,,,,,4.03,,,RD226,,,
,23-07-2026,,,,,Waiting,,,,,,7.72,,,RD241,,,
,23-07-2026,,,,,LU Loading,,,,,,1.42,,,RD241,,,
,23-07-2026,,,,,LU Loading,,,,,,2.73,,,RD241,,,
,23-07-2026,,,,,Waiting,,,,,,1.07,,,RD238,,,
,23-07-2026,,,,,LU Loading,,,,,,0.38,,,RD238,,,
,23-07-2026,,,,,LU Loading,,,,,,2.53,,,RD238,,,
,23-07-2026,,,,,Waiting,,,,,,4.07,,,RD227,,,
,23-07-2026,,,,,LU Loading,,,,,,4.42,,,RD227,,,
,23-07-2026,,,,,Waiting,,,,,,5.6,,,RD126,,,
,23-07-2026,,,,,LU Loading,,,,,,0.05,,,RD126,,,
,23-07-2026,,,,,Waiting,,,,,,0.65,,,RD126,,,
,23-07-2026,,,,,LU Loading,,,,,,0.18,,,RD126,,,
,23-07-2026,,,,,LU Loading,,,,,,3.9,,,RD126,,,
,23-07-2026,,,,,Waiting,,,,,,95.58,,,RD227,,,
,23-07-2026,,,,,LU Loading,,,,,,33.13,,,RD227,,,
,23-07-2026,,,,,Shift Change,,,,,,20.82,,,RD245,,,
,23-07-2026,,,,,,,,,,,,,,,,,
,Timestamp,,,,,Status Code,,Sub-Status Code,,,,"Duration
(min)",,,Hauling Unit,,,
,23-07-2026,,,,,Shift Change,,,,,,43.03,,,RD245,,,
,23-07-2026,,,,,Waiting,,,,,,8.97,,,RD245,,,
,23-07-2026,,,,,LU Loading,,,,,,64.73,,,RD245,,,
,23-07-2026,,,,,Waiting,,,,,,1.1,,,RD143,,,
,23-07-2026,,,,,LU Loading,,,,,,0.08,,,RD143,,,
,23-07-2026,,,,,Waiting,,,,,,0.13,,,RD121,,,
,23-07-2026,,,,,LU Loading,,,,,,0.07,,,RD121,,,
,23-07-2026,,,,,Waiting,,,,,,1.87,,,RD141,,,
,23-07-2026,,,,,LU Loading,,,,,,0.15,,,RD141,,,
,23-07-2026,,,,,Waiting,,,,,,19.25,,,RD245,,,
,23-07-2026,,,,,LU Loading,,,,,,0.03,,,RD245,,,
,23-07-2026,,,,,Waiting,,,,,,0.63,,,RD136,,,
,23-07-2026,,,,,LU Loading,,,,,,0.05,,,RD136,,,
,23-07-2026,,,,,Waiting,,,,,,18.12,,,RD143,,,
,23-07-2026,,,,,LU Loading,,,,,,0.05,,,RD143,,,
,23-07-2026,,,,,Waiting,,,,,,9.98,,,RD141,,,
,23-07-2026,,,,,LU Loading,,,,,,0.05,,,RD141,,,
,23-07-2026,,,,,Waiting,,,,,,17.27,,,RD226,,,
,23-07-2026,,,,,LU Loading,,,,,,0.32,,,RD226,,,
,23-07-2026,,,,,Waiting,,,,,,0.1,,,RD245,,,
,23-07-2026,,,,,LU Loading,,,,,,0.15,,,RD245,,,
,23-07-2026,,,,,Waiting,,,,,,61.87,,,RD245,,,
,23-07-2026,,,,,LU Loading,,,,,,0.05,,,RD245,,,
,23-07-2026,,,,,Waiting,,,,,,0.07,,,RD141,,,
,23-07-2026,,,,,LU Loading,,,,,,0.02,,,RD141,,,
,23-07-2026,,,,,Waiting,,,,,,0.22,,,RD121,,,
,23-07-2026,,,,,LU Loading,,,,,,0.05,,,RD121,,,
,23-07-2026,,,,,Waiting,,,,,,5.9,,,RD121,,,
,23-07-2026,,,,,LU Loading,,,,,,0.27,,,RD121,,,
,23-07-2026,,,,,Waiting,,,,,,15.28,,,RD143,,,
,23-07-2026,,,,,LU Loading,,,,,,0.02,,,RD143,,,
,23-07-2026,,,,,Waiting,,,,,,21.25,,,RD141,,,
,23-07-2026,,,,,LU Loading,,,,,,53.7,,,RD141,,,
,23-07-2026,,,,,LU Loading,,,,,,3.1,,,RD226,,,
,23-07-2026,,,,,Waiting,,,,,,14.13,,,RD121,,,
,23-07-2026,,,,,LU Loading,,,,,,8.07,,,RD121,,,
,23-07-2026,,,,,LU Loading,,,,,,0.43,,,RD141,,,
,23-07-2026,,,,,LU Loading,,,,,,2.38,,,RD141,,,
,23-07-2026,,,,,Waiting,,,,,,3.33,,,RD245,,,
,23-07-2026,,,,,LU Loading,,,,,,3.32,,,RD245,,,
,23-07-2026,,,,,Waiting,,,,,,1.47,,,RD226,,,
,23-07-2026,,,,,LU Loading,,,,,,3.35,,,RD226,,,
,23-07-2026,,,,,Waiting,,,,,,14.22,,,RD141,,,
,23-07-2026,,,,,LU Loading,,,,,,3.32,,,RD141,,,
,23-07-2026,,,,,Waiting,,,,,,0.93,,,RD245,,,
,23-07-2026,,,,,Spotting,,,,,,0.77,,,RD245,,,
,23-07-2026,,,,,LU Loading,,,,,,3.82,,,RD245,,,
,23-07-2026,,,,,Waiting,,,,,,2.65,,,RD226,,,
,23-07-2026,,,,,LU Loading,,,,,,4.3,,,RD226,,,
,23-07-2026,,,,,Waiting,,,,,,12.45,,,RD121,,,
,23-07-2026,,,,,Spotting,,,,,,0.07,,,RD121,,,
,23-07-2026,,,,,LU Loading,,,,,,3.43,,,RD121,,,
,23-07-2026,,,,,Waiting,,,,,,0.43,,,RD141,,,
,23-07-2026,,,,,LU Loading,,,,,,1.88,,,RD141,,,
,23-07-2026,,,,,LU Loading,,,,,,3.13,,,RD245,,,
,23-07-2026,,,,,Waiting,,,,,,17.68,,,RD239,,,
,23-07-2026,,,,,Shift Change,,,,,,26.52,,,RD239,,,
,23-07-2026,,,,,Shift Change,,,,,,51.55,,,RD239,,,
,23-07-2026,,,,,LU Loading,,,,,,5.72,,,RD239,,,
,23-07-2026,,,,,LU Loading,,,,,,3.28,,,RD233,,,
,23-07-2026,,,,,LU Loading,,,,,,1.22,,,RD233,,,
,23-07-2026,,,,,Waiting,,,,,,0.57,,,RD226,,,
,23-07-2026,,,,,LU Loading,,,,,,4.25,,,RD226,,,
,23-07-2026,,,,,LU Loading,,,,,,4.88,,,RD234,,,
,23-07-2026,,,,,Waiting,,,,,,0.65,,,RD132,,,
,23-07-2026,,,,,LU Loading,,,,,,5.77,,,RD132,,,
,23-07-2026,,,,,LU Loading,,,,,,2.47,,,RD126,,,
,23-07-2026,,,,,Waiting,,,,,,1.08,,,RD230,,,
,23-07-2026,,,,,LU Loading,,,,,,2.93,,,RD230,,,
,23-07-2026,,,,,Waiting,,,,,,0.33,,,RD246,,,
,23-07-2026,,,,,LU Loading,,,,,,3.27,,,RD246,,,
,23-07-2026,,,,,Spotting,,,,,,0.82,,,RD239,,,
,23-07-2026,,,,,LU Loading,,,,,,4.32,,,RD239,,,
,23-07-2026,,,,,Waiting,,,,,,0.23,,,RD233,,,
,23-07-2026,,,,,Spotting,,,,,,0.42,,,RD233,,,
,23-07-2026,,,,,LU Loading,,,,,,3.87,,,RD233,,,
,23-07-2026,,,,,Waiting,,,,,,1.05,,,RD226,,,
,23-07-2026,,,,,LU Loading,,,,,,2.8,,,RD226,,,
,23-07-2026,,,,,LU Loading,,,,,,5.1,,,RD234,,,
,23-07-2026,,,,,Waiting,,,,,,0.03,,,RD132,,,
,23-07-2026,,,,,LU Loading,,,,,,5.73,,,RD132,,,
,23-07-2026,,,,,Waiting,,,,,,1.18,,,RD126,,,
,23-07-2026,,,,,LU Loading,,,,,,2.87,,,RD126,,,
,23-07-2026,,,,,Waiting,,,,,,0.15,,,RD246,,,
,23-07-2026,,,,,Spotting,,,,,,0.13,,,RD246,,,
,23-07-2026,,,,,LU Loading,,,,,,5.12,,,RD246,,,
,23-07-2026,,,,,Waiting,,,,,,2.68,,,RD230,,,
,23-07-2026,,,,,Spotting,,,,,,0.68,,,RD230,,,
,23-07-2026,,,,,LU Loading,,,,,,8.03,,,RD230,,,
,23-07-2026,,,,,Waiting,,,,,,3.23,,,RD126,,,
,23-07-2026,,,,,Marching,,,,,,13.18,,,RD126,,,
,23-07-2026,,,,,LU Loading,,,,,,1.55,,,RD126,,,
,23-07-2026,,,,,Waiting,,,,,,19.17,,,RD143,,,
,23-07-2026,,,,,Schedule No Work,,,,,,46.37,,,RD143,,,
,23-07-2026,,,,,Marching,,,,,,7.55,,,RD143,,,
,23-07-2026,,,,,LU Loading,,,,,,2.78,,,RD143,,,
,23-07-2026,,,,,Waiting,,,,,,0.92,,,RD121,,,
,23-07-2026,,,,,LU Loading,,,,,,3.2,,,RD121,,,
,23-07-2026,,,,,Waiting,,,,,,21.33,,,RD143,,,
,23-07-2026,,,,,LU Loading,,,,,,3.08,,,RD143,,,
,23-07-2026,,,,,Waiting,,,,,,0.15,,,RD121,,,
,23-07-2026,,,,,LU Loading,,,,,,3.47,,,RD121,,,
,23-07-2026,,,,,Waiting,,,,,,22.4,,,RD143,,,
,23-07-2026,,,,,LU Loading,,,,,,3.67,,,RD143,,,
,23-07-2026,,,,,Waiting,,,,,,0.58,,,RD121,,,
,23-07-2026,,,,,LU Loading,,,,,,3.12,,,RD121,,,
,23-07-2026,,,,,Waiting,,,,,,7.38,,,RD231,,,
,23-07-2026,,,,,LU Loading,,,,,,4.08,,,RD231,,,
,23-07-2026,,,,,Waiting,,,,,,11.15,,,RD143,,,
,23-07-2026,,,,,LU Loading,,,,,,3.5,,,RD143,,,
,23-07-2026,,,,,Waiting,,,,,,0.47,,,RD121,,,
,23-07-2026,,,,,LU Loading,,,,,,4.17,,,RD121,,,
,23-07-2026,,,,,Waiting,,,,,,22.92,,,RD121,,,
,23-07-2026,,,,,LU Loading,,,,,,4.6,,,RD121,,,
,23-07-2026,,,,,Waiting,,,,,,15.83,,,RD121,,,
,23-07-2026,,,,,LU Loading,,,,,,4.95,,,RD121,,,
,23-07-2026,,,,,Waiting,,,,,,12.02,,,RD121,,,
,23-07-2026,,,,,LU Loading,,,,,,5.32,,,RD121,,,
,23-07-2026,,,,,Waiting,,,,,,11.65,,,RD121,,,
,23-07-2026,,,,,LU Loading,,,,,,6.7,,,RD121,,,
,23-07-2026,,,,,Waiting,,,,,,9.73,,,RD121,,,
,23-07-2026,,,,,LU Loading,,,,,,5.72,,,RD121,,,
,23-07-2026,,,,,Waiting,,,,,,14.45,,,RD121,,,
,23-07-2026,,,,,LU Loading,,,,,,0.78,,,RD121,,,
,23-07-2026,,,,,Waiting,,,,,,4.32,,,RD252,,,
,23-07-2026,,,,,Shift Change,,,,,,41.33,,,RD252,,,
,23-07-2026,,,,,Shift Change,,,,,,28.48,,,RD252,,,
,23-07-2026,,,,,Toilet Break,,,,,,0.3,,,RD252,,,
,23-07-2026,,,,,Side Casting,,,,,,0.18,,,RD252,,,
,23-07-2026,,,,,Marching,,,,,,0.02,,,RD252,,,
,23-07-2026,,,,,Side Casting,,,,,,0.57,,,RD252,,,
,23-07-2026,,,,,Marching,,,,,,10.88,,,RD252,,,
,23-07-2026,,,,,Waiting,,,,,,3.48,,,RD252,,,
,23-07-2026,,,,,LU Loading,,,,,,0.4,,,RD252,,,
,23-07-2026,,,,,Waiting,,,,,,0.4,,,RD252,,,
,23-07-2026,,,,,LU Loading,,,,,,1.17,,,RD252,,,
,23-07-2026,,,,,Waiting,,,,,,0.02,,,RD250,,,
,23-07-2026,,,,,LU Loading,,,,,,2.62,,,RD250,,,
,23-07-2026,,,,,Waiting,,,,,,0.15,,,RD141,,,
,23-07-2026,,,,,LU Loading,,,,,,0.37,,,RD141,,,
,23-07-2026,,,,,LU Loading,,,,,,1.2,,,RD141,,,
,23-07-2026,,,,,Waiting,,,,,,0.67,,,RD244,,,
,23-07-2026,,,,,LU Loading,,,,,,2.98,,,RD244,,,
,23-07-2026,,,,,Waiting,,,,,,0.8,,,RD227,,,
,23-07-2026,,,,,LU Loading,,,,,,2.88,,,RD227,,,
,23-07-2026,,,,,Waiting,,,,,,0.28,,,RD141,,,
,23-07-2026,,,,,LU Loading,,,,,,0.28,,,RD141,,,
,23-07-2026,,,,,LU Loading,,,,,,2.1,,,RD141,,,
,23-07-2026,,,,,Waiting,,,,,,1.78,,,RD228,,,
,23-07-2026,,,,,Marching,,,,,,10.87,,,RD228,,,
,23-07-2026,,,,,LU Loading,,,,,,3.6,,,RD228,,,
,23-07-2026,,,,,Waiting,,,,,,0.6,,,RD242,,,
,23-07-2026,,,,,LU Loading,,,,,,2.03,,,RD242,,,
,23-07-2026,,,,,Waiting,,,,,,0.72,,,RD236,,,
,23-07-2026,,,,,LU Loading,,,,,,2.93,,,RD236,,,
,23-07-2026,,,,,Waiting,,,,,,0.48,,,RD231,,,
,23-07-2026,,,,,LU Loading,,,,,,3.05,,,RD231,,,
,23-07-2026,,,,,Waiting,,,,,,0.22,,,RD242,,,
,23-07-2026,,,,,LU Loading,,,,,,2.08,,,RD242,,,
,23-07-2026,,,,,Spotting,,,,,,0.28,,,RD228,,,
,23-07-2026,,,,,LU Loading,,,,,,3.15,,,RD228,,,
,23-07-2026,,,,,Waiting,,,,,,0.22,,,RD236,,,
,23-07-2026,,,,,LU Loading,,,,,,2.95,,,RD236,,,
,23-07-2026,,,,,Waiting,,,,,,0.95,,,RD231,,,
,23-07-2026,,,,,LU Loading,,,,,,2.75,,,RD231,,,
,23-07-2026,,,,,Waiting,,,,,,0.58,,,RD242,,,
,23-07-2026,,,,,LU Loading,,,,,,2.37,,,RD242,,,
,23-07-2026,,,,,Waiting,,,,,,0.23,,,RD228,,,
,23-07-2026,,,,,LU Loading,,,,,,3,,,RD228,,,
,23-07-2026,,,,,Waiting,,,,,,0.32,,,RD236,,,
,23-07-2026,,,,,LU Loading,,,,,,2.87,,,RD236,,,
,23-07-2026,,,,,Waiting,,,,,,0.15,,,RD231,,,
,23-07-2026,,,,,LU Loading,,,,,,2.97,,,RD231,,,
,23-07-2026,,,,,Waiting,,,,,,0.32,,,RD242,,,
,23-07-2026,,,,,LU Loading,,,,,,4.45,,,RD242,,,
,23-07-2026,,,,,Waiting,,,,,,0.23,,,RD236,,,
,23-07-2026,,,,,LU Loading,,,,,,1.7,,,RD236,,,
,23-07-2026,,,,,Waiting,,,,,,2.2,,,RD231,,,
,24-07-2026,,,,,LU Loading,,,,,,2.65,,,RD231,,,
,24-07-2026,,,,,Waiting,,,,,,0.67,,,RD242,,,
,24-07-2026,,,,,LU Loading,,,,,,2.53,,,RD242,,,
,24-07-2026,,,,,Waiting,,,,,,0.38,,,RD236,,,
,24-07-2026,,,,,LU Loading,,,,,,2.35,,,RD236,,,
,24-07-2026,,,,,Waiting,,,,,,3.12,,,RD231,,,
,24-07-2026,,,,,LU Loading,,,,,,2.6,,,RD231,,,
,24-07-2026,,,,,Spotting,,,,,,0.35,,,RD242,,,
,24-07-2026,,,,,LU Loading,,,,,,2.3,,,RD242,,,
,24-07-2026,,,,,Waiting,,,,,,0.55,,,RD236,,,
,24-07-2026,,,,,LU Loading,,,,,,2.65,,,RD236,,,
,24-07-2026,,,,,Waiting,,,,,,1.87,,,RD231,,,
,24-07-2026,,,,,Spotting,,,,,,0.6,,,RD231,,,
,24-07-2026,,,,,LU Loading,,,,,,2.6,,,RD231,,,
,24-07-2026,,,,,Waiting,,,,,,0.45,,,RD242,,,
,24-07-2026,,,,,LU Loading,,,,,,2.5,,,RD242,,,
,24-07-2026,,,,,Waiting,,,,,,0.37,,,RD236,,,
,24-07-2026,,,,,LU Loading,,,,,,2.98,,,RD236,,,
,24-07-2026,,,,,Waiting,,,,,,1.03,,,RD228,,,
,24-07-2026,,,,,LU Loading,,,,,,2.73,,,RD228,,,
,24-07-2026,,,,,LU Loading,,,,,,3.23,,,RD231,,,
,24-07-2026,,,,,Waiting,,,,,,0.32,,,RD242,,,
,24-07-2026,,,,,LU Loading,,,,,,2.48,,,RD242,,,
,24-07-2026,,,,,LU Loading,,,,,,2.75,,,RD236,,,
,24-07-2026,,,,,Waiting,,,,,,0.25,,,RD228,,,
,24-07-2026,,,,,LU Loading,,,,,,2.42,,,RD228,,,
,24-07-2026,,,,,Spotting,,,,,,0.17,,,RD231,,,
,24-07-2026,,,,,LU Loading,,,,,,2.58,,,RD231,,,
,24-07-2026,,,,,Waiting,,,,,,0.28,,,RD242,,,
,24-07-2026,,,,,LU Loading,,,,,,2.42,,,RD242,,,
,24-07-2026,,,,,Waiting,,,,,,0.28,,,RD236,,,
,24-07-2026,,,,,LU Loading,,,,,,2.25,,,RD236,,,
,24-07-2026,,,,,Waiting,,,,,,0.57,,,RD228,,,
,24-07-2026,,,,,LU Loading,,,,,,3.25,,,RD228,,,
,24-07-2026,,,,,Waiting,,,,,,0.3,,,RD231,,,
,24-07-2026,,,,,LU Loading,,,,,,3.32,,,RD231,,,
,24-07-2026,,,,,Waiting,,,,,,0.05,,,RD242,,,
,24-07-2026,,,,,LU Loading,,,,,,2.37,,,RD242,,,
,24-07-2026,,,,,Waiting,,,,,,0.33,,,RD236,,,
,24-07-2026,,,,,LU Loading,,,,,,2.38,,,RD236,,,
,24-07-2026,,,,,Waiting,,,,,,0.52,,,RD228,,,
,24-07-2026,,,,,LU Loading,,,,,,2.78,,,RD228,,,
,24-07-2026,,,,,LU Loading,,,,,,2.58,,,RD231,,,
,24-07-2026,,,,,LU Loading,,,,,,1.98,,,RD242,,,
,24-07-2026,,,,,Waiting,,,,,,0.55,,,RD236,,,
,24-07-2026,,,,,LU Loading,,,,,,2.42,,,RD236,,,
,24-07-2026,,,,,Spotting,,,,,,0.03,,,RD228,,,
,24-07-2026,,,,,LU Loading,,,,,,2.52,,,RD228,,,
,24-07-2026,,,,,Spotting,,,,,,0.23,,,RD231,,,
,24-07-2026,,,,,LU Loading,,,,,,2.3,,,RD231,,,
,24-07-2026,,,,,Spotting,,,,,,0.05,,,RD242,,,
,24-07-2026,,,,,LU Loading,,,,,,2.93,,,RD242,,,
,24-07-2026,,,,,LU Loading,,,,,,3.88,,,RD236,,,
,24-07-2026,,,,,Waiting,,,,,,2.53,,,RD228,,,
,24-07-2026,,,,,Spotting,,,,,,2.75,,,RD228,,,
,24-07-2026,,,,,LU Loading,,,,,,4.65,,,RD228,,,
,24-07-2026,,,,,Waiting,,,,,,0.03,,,RD242,,,
,24-07-2026,,,,,LU Loading,,,,,,3.97,,,RD242,,,
,24-07-2026,,,,,Waiting,,,,,,0.37,,,RD236,,,
,24-07-2026,,,,,Spotting,,,,,,0.42,,,RD236,,,
,24-07-2026,,,,,LU Loading,,,,,,2.93,,,RD236,,,
,24-07-2026,,,,,Spotting,,,,,,0.63,,,RD228,,,
,24-07-2026,,,,,LU Loading,,,,,,3.03,,,RD228,,,
,24-07-2026,,,,,Waiting,,,,,,0.13,,,RD242,,,
,24-07-2026,,,,,Spotting,,,,,,0.28,,,RD242,,,
,24-07-2026,,,,,LU Loading,,,,,,2.85,,,RD242,,,
,24-07-2026,,,,,Waiting,,,,,,0.07,,,RD236,,,
,24-07-2026,,,,,Spotting,,,,,,0.67,,,RD236,,,
,24-07-2026,,,,,LU Loading,,,,,,2.92,,,RD236,,,
,24-07-2026,,,,,Waiting,,,,,,0.37,,,RD228,,,
,24-07-2026,,,,,LU Loading,,,,,,3.15,,,RD228,,,
,24-07-2026,,,,,Waiting,,,,,,0.03,,,RD242,,,
,24-07-2026,,,,,Spotting,,,,,,0.45,,,RD242,,,
,24-07-2026,,,,,LU Loading,,,,,,2.72,,,RD242,,,
,24-07-2026,,,,,Waiting,,,,,,5.9,,,RD228,,,
,24-07-2026,,,,,LU Loading,,,,,,2.18,,,RD228,,,
,24-07-2026,,,,,Waiting,,,,,,0.57,,,RD242,,,
,24-07-2026,,,,,LU Loading,,,,,,2.58,,,RD242,,,
,24-07-2026,,,,,Waiting,,,,,,3.68,,,RD228,,,
,24-07-2026,,,,,LU Loading,,,,,,2.95,,,RD228,,,
,24-07-2026,,,,,Waiting,,,,,,0.15,,,RD242,,,
,24-07-2026,,,,,Spotting,,,,,,0.3,,,RD242,,,
,24-07-2026,,,,,LU Loading,,,,,,2.65,,,RD242,,,
,24-07-2026,,,,,Waiting,,,,,,3.65,,,RD228,,,
,24-07-2026,,,,,LU Loading,,,,,,2.95,,,RD228,,,
,24-07-2026,,,,,Spotting,,,,,,0.68,,,RD236,,,
,24-07-2026,,,,,LU Loading,,,,,,2.68,,,RD236,,,
,24-07-2026,,,,,Waiting,,,,,,0.32,,,RD242,,,
,24-07-2026,,,,,LU Loading,,,,,,2.15,,,RD242,,,
,24-07-2026,,,,,Waiting,,,,,,0.5,,,RD231,,,
,24-07-2026,,,,,LU Loading,,,,,,2.87,,,RD231,,,
,24-07-2026,,,,,Waiting,,,,,,1.05,,,RD236,,,
,24-07-2026,,,,,LU Loading,,,,,,2.78,,,RD236,,,
,24-07-2026,,,,,Waiting,,,,,,0.73,,,RD242,,,
,24-07-2026,,,,,Spotting,,,,,,0.83,,,RD242,,,
,24-07-2026,,,,,LU Loading,,,,,,0.8,,,RD242,,,
,24-07-2026,,,,,Waiting,,,,,,1.3,,,RD242,,,
,24-07-2026,,,,,LU Loading,,,,,,2.23,,,RD242,,,
,24-07-2026,,,,,Waiting,,,,,,0.28,,,RD231,,,
,24-07-2026,,,,,LU Loading,,,,,,2.22,,,RD231,,,
,24-07-2026,,,,,Waiting,,,,,,0.35,,,RD236,,,
,24-07-2026,,,,,LU Loading,,,,,,2.15,,,RD236,,,
,24-07-2026,,,,,Waiting,,,,,,0.85,,,RD242,,,
,24-07-2026,,,,,LU Loading,,,,,,2.27,,,RD242,,,
,24-07-2026,,,,,Waiting,,,,,,0.62,,,RD231,,,
,24-07-2026,,,,,LU Loading,,,,,,2.13,,,RD231,,,
,24-07-2026,,,,,Waiting,,,,,,0.52,,,RD236,,,
,24-07-2026,,,,,LU Loading,,,,,,2.17,,,RD236,,,
,24-07-2026,,,,,Waiting,,,,,,0.88,,,RD228,,,
,24-07-2026,,,,,LU Loading,,,,,,2.78,,,RD228,,,
,24-07-2026,,,,,Waiting,,,,,,0.85,,,RD231,,,
,24-07-2026,,,,,LU Loading,,,,,,2.45,,,RD231,,,
,24-07-2026,,,,,Waiting,,,,,,0.33,,,RD236,,,
,24-07-2026,,,,,LU Loading,,,,,,2.1,,,RD236,,,
,24-07-2026,,,,,Waiting,,,,,,1.62,,,RD228,,,
,24-07-2026,,,,,LU Loading,,,,,,2.28,,,RD228,,,
,24-07-2026,,,,,Waiting,,,,,,0.53,,,RD231,,,
,24-07-2026,,,,,LU Loading,,,,,,2.28,,,RD231,,,
,24-07-2026,,,,,Waiting,,,,,,0.33,,,RD242,,,
,24-07-2026,,,,,LU Loading,,,,,,2.08,,,RD242,,,
,24-07-2026,,,,,Spotting,,,,,,0.45,,,RD236,,,
,24-07-2026,,,,,LU Loading,,,,,,2.2,,,RD236,,,
,24-07-2026,,,,,Waiting,,,,,,0.4,,,RD228,,,
,24-07-2026,,,,,LU Loading,,,,,,2.68,,,RD228,,,
,24-07-2026,,,,,Spotting,,,,,,0.22,,,RD231,,,
,24-07-2026,,,,,LU Loading,,,,,,2.42,,,RD231,,,
,24-07-2026,,,,,Waiting,,,,,,0.38,,,RD242,,,
,24-07-2026,,,,,LU Loading,,,,,,2.22,,,RD242,,,
,24-07-2026,,,,,Spotting,,,,,,0.58,,,RD236,,,
,24-07-2026,,,,,LU Loading,,,,,,2.15,,,RD236,,,
,24-07-2026,,,,,Spotting,,,,,,0.25,,,RD228,,,
,24-07-2026,,,,,LU Loading,,,,,,2.37,,,RD228,,,
,24-07-2026,,,,,Waiting,,,,,,0.32,,,RD231,,,
,24-07-2026,,,,,LU Loading,,,,,,2.78,,,RD231,,,
,24-07-2026,,,,,Waiting,,,,,,0.18,,,RD242,,,
,24-07-2026,,,,,LU Loading,,,,,,2.33,,,RD242,,,
,24-07-2026,,,,,LU Loading,,,,,,4.67,,,RD236,,,
,24-07-2026,,,,,LU Loading,,,,,,0.42,,,RD228,,,
,24-07-2026,,,,,LU Loading,,,,,,1.78,,,RD228,,,
,24-07-2026,,,,,Waiting,,,,,,0.67,,,RD231,,,
,24-07-2026,,,,,LU Loading,,,,,,2.55,,,RD231,,,
,24-07-2026,,,,,Waiting,,,,,,0.28,,,RD242,,,
,24-07-2026,,,,,LU Loading,,,,,,1.82,,,RD242,,,
,24-07-2026,,,,,Waiting,,,,,,0.4,,,RD236,,,
,24-07-2026,,,,,LU Loading,,,,,,2.43,,,RD236,,,
,24-07-2026,,,,,Spotting,,,,,,0.55,,,RD228,,,
,24-07-2026,,,,,LU Loading,,,,,,2.82,,,RD228,,,
,24-07-2026,,,,,Waiting,,,,,,0.53,,,RD231,,,
,24-07-2026,,,,,LU Loading,,,,,,2.6,,,RD231,,,
,24-07-2026,,,,,LU Loading,,,,,,2.62,,,RD242,,,
,24-07-2026,,,,,Waiting,,,,,,0.45,,,RD236,,,
,24-07-2026,,,,,LU Loading,,,,,,2.37,,,RD236,,,
,24-07-2026,,,,,Spotting,,,,,,0.33,,,RD228,,,
,24-07-2026,,,,,LU Loading,,,,,,2.45,,,RD228,,,
,24-07-2026,,,,,Waiting,,,,,,0.38,,,RD231,,,
,24-07-2026,,,,,LU Loading,,,,,,2.6,,,RD231,,,
,24-07-2026,,,,,Spotting,,,,,,0.38,,,RD242,,,
,24-07-2026,,,,,LU Loading,,,,,,2.47,,,RD242,,,
,24-07-2026,,,,,Waiting,,,,,,0.3,,,RD236,,,
,24-07-2026,,,,,LU Loading,,,,,,2.45,,,RD236,,,
,24-07-2026,,,,,Waiting,,,,,,0.43,,,RD228,,,
,24-07-2026,,,,,LU Loading,,,,,,3.18,,,RD228,,,
,24-07-2026,,,,,Spotting,,,,,,0.33,,,RD231,,,
,24-07-2026,,,,,LU Loading,,,,,,2.3,,,RD231,,,
,24-07-2026,,,,,Spotting,,,,,,0.32,,,RD242,,,
,24-07-2026,,,,,LU Loading,,,,,,2.52,,,RD242,,,
,24-07-2026,,,,,Waiting,,,,,,0.4,,,RD236,,,
,24-07-2026,,,,,LU Loading,,,,,,2.52,,,RD236,,,
,24-07-2026,,,,,Waiting,,,,,,0.48,,,RD228,,,
,24-07-2026,,,,,LU Loading,,,,,,2.37,,,RD228,,,
,24-07-2026,,,,,Spotting,,,,,,0.28,,,RD231,,,
,24-07-2026,,,,,LU Loading,,,,,,2.77,,,RD231,,,
,24-07-2026,,,,,Spotting,,,,,,0.87,,,RD242,,,
,24-07-2026,,,,,LU Loading,,,,,,2.03,,,RD242,,,
,24-07-2026,,,,,Waiting,,,,,,0.43,,,RD236,,,
,24-07-2026,,,,,LU Loading,,,,,,2.38,,,RD236,,,
,24-07-2026,,,,,Waiting,,,,,,0.55,,,RD228,,,
,24-07-2026,,,,,LU Loading,,,,,,2.85,,,RD228,,,
,24-07-2026,,,,,Spotting,,,,,,0.37,,,RD231,,,
,24-07-2026,,,,,LU Loading,,,,,,2.25,,,RD231,,,
,24-07-2026,,,,,Spotting,,,,,,0.42,,,RD242,,,
,24-07-2026,,,,,LU Loading,,,,,,2.33,,,RD242,,,
,24-07-2026,,,,,Waiting,,,,,,2.68,,,RD236,,,
,24-07-2026,,,,,LU Loading,,,,,,2.38,,,RD236,,,
,24-07-2026,,,,,Waiting,,,,,,0.38,,,RD228,,,
,24-07-2026,,,,,LU Loading,,,,,,2.43,,,RD228,,,
,24-07-2026,,,,,Spotting,,,,,,0.33,,,RD231,,,
,24-07-2026,,,,,LU Loading,,,,,,2.45,,,RD231,,,
,24-07-2026,,,,,Waiting,,,,,,0.25,,,RD242,,,
,24-07-2026,,,,,LU Loading,,,,,,2.27,,,RD242,,,
,24-07-2026,,,,,Spotting,,,,,,0.22,,,RD236,,,
,24-07-2026,,,,,LU Loading,,,,,,2.17,,,RD236,,,
,24-07-2026,,,,,Waiting,,,,,,0.53,,,RD228,,,
,24-07-2026,,,,,LU Loading,,,,,,2.28,,,RD228,,,
,24-07-2026,,,,,Waiting,,,,,,0.52,,,RD231,,,
,24-07-2026,,,,,LU Loading,,,,,,2.35,,,RD231,,,
,24-07-2026,,,,,Spotting,,,,,,0.33,,,RD242,,,
,24-07-2026,,,,,LU Loading,,,,,,2.02,,,RD242,,,
,24-07-2026,,,,,Waiting,,,,,,0.4,,,RD236,,,
,24-07-2026,,,,,LU Loading,,,,,,2.25,,,RD236,,,
,24-07-2026,,,,,LU Loading,,,,,,2.38,,,RD228,,,
,24-07-2026,,,,,Waiting,,,,,,1.1,,,RD231,,,
,24-07-2026,,,,,LU Loading,,,,,,2.38,,,RD231,,,
,24-07-2026,,,,,Waiting,,,,,,5.42,,,RD248,,,
,24-07-2026,,,,,Shift Change,,,,,,25.95,,,RD248,,,
,24-07-2026,,,,,,,,,,,,,,,,,
,Timestamp,,,,,Status Code,,Sub-Status Code,,,,"Duration
(min)",,,Hauling Unit,,,
,24-07-2026,,,,,Shift Change,,,,,,41.13,,,RD248,,,
,24-07-2026,,,,,Spotting,,,,,,4.98,,,RD248,,,
,24-07-2026,,,,,LU Loading,,,,,,4.77,,,RD248,,,
,24-07-2026,,,,,Waiting,,,,,,5.82,,,RD237,,,
,24-07-2026,,,,,LU Loading,,,,,,3.78,,,RD237,,,
,24-07-2026,,,,,Waiting,,,,,,0.65,,,RD248,,,
,24-07-2026,,,,,LU Loading,,,,,,4,,,RD248,,,
,24-07-2026,,,,,Waiting,,,,,,6.33,,,RD237,,,
,24-07-2026,,,,,LU Loading,,,,,,4.9,,,RD237,,,
,24-07-2026,,,,,LU Loading,,,,,,3.72,,,RD246,,,
,24-07-2026,,,,,Waiting,,,,,,10.13,,,RD246,,,
,24-07-2026,,,,,LU Loading,,,,,,3.38,,,RD246,,,
,24-07-2026,,,,,Waiting,,,,,,1.7,,,RD237,,,
,24-07-2026,,,,,LU Loading,,,,,,3.72,,,RD237,,,
,24-07-2026,,,,,Waiting,,,,,,0.58,,,RD238,,,
,24-07-2026,,,,,LU Loading,,,,,,3.23,,,RD238,,,
,24-07-2026,,,,,LU Loading,,,,,,5.12,,,RD246,,,
,24-07-2026,,,,,Waiting,,,,,,1.93,,,RD237,,,
,24-07-2026,,,,,LU Loading,,,,,,4.33,,,RD237,,,
,24-07-2026,,,,,Waiting,,,,,,2.43,,,RD246,,,
,24-07-2026,,,,,LU Loading,,,,,,4.43,,,RD246,,,
,24-07-2026,,,,,Waiting,,,,,,3.55,,,RD237,,,
,24-07-2026,,,,,LU Loading,,,,,,4.15,,,RD237,,,
,24-07-2026,,,,,Waiting,,,,,,0.32,,,RD246,,,
,24-07-2026,,,,,LU Loading,,,,,,9.92,,,RD246,,,
,24-07-2026,,,,,Waiting,,,,,,0.12,,,RD237,,,
,24-07-2026,,,,,Spotting,,,,,,2.12,,,RD237,,,
,24-07-2026,,,,,LU Loading,,,,,,2.93,,,RD237,,,
,24-07-2026,,,,,Waiting,,,,,,2.75,,,RD246,,,
,24-07-2026,,,,,LU Loading,,,,,,3.33,,,RD246,,,
,24-07-2026,,,,,Waiting,,,,,,3.48,,,RD237,,,
,24-07-2026,,,,,LU Loading,,,,,,3.58,,,RD237,,,
,24-07-2026,,,,,Waiting,,,,,,2.03,,,RD246,,,
,24-07-2026,,,,,LU Loading,,,,,,3.77,,,RD246,,,
,24-07-2026,,,,,Waiting,,,,,,5.43,,,RD237,,,
,24-07-2026,,,,,LU Loading,,,,,,3.67,,,RD237,,,
,24-07-2026,,,,,Waiting,,,,,,0.25,,,RD246,,,
,24-07-2026,,,,,Spotting,,,,,,0.53,,,RD246,,,
,24-07-2026,,,,,LU Loading,,,,,,4.07,,,RD246,,,
,24-07-2026,,,,,Waiting,,,,,,11.57,,,RD237,,,
,24-07-2026,,,,,LU Loading,,,,,,4.03,,,RD237,,,
,24-07-2026,,,,,Waiting,,,,,,7.97,,,RD237,,,
,24-07-2026,,,,,LU Loading,,,,,,3.37,,,RD237,,,
,24-07-2026,,,,,Waiting,,,,,,7.45,,,RD237,,,
,24-07-2026,,,,,LU Loading,,,,,,8.38,,,RD237,,,
,24-07-2026,,,,,Waiting,,,,,,0.55,,,RD246,,,
,24-07-2026,,,,,LU Loading,,,,,,5.4,,,RD246,,,
,24-07-2026,,,,,Waiting,,,,,,1.7,,,RD237,,,
,24-07-2026,,,,,LU Loading,,,,,,3.45,,,RD237,,,
,24-07-2026,,,,,Waiting,,,,,,2.68,,,RD246,,,
,24-07-2026,,,,,LU Loading,,,,,,3.62,,,RD246,,,
,24-07-2026,,,,,Waiting,,,,,,7.08,,,RD246,,,
,24-07-2026,,,,,LU Loading,,,,,,6.9,,,RD246,,,
,24-07-2026,,,,,Waiting,,,,,,3.75,,,RD246,,,
,24-07-2026,,,,,LU Loading,,,,,,11.7,,,RD246,,,
,24-07-2026,,,,, Down,,,,,,25.07,,,RD237,,,
,24-07-2026,,,,,Waiting,,,,,,0.83,,,RD237,,,
,24-07-2026,,,,,LU Loading,,,,,,2.52,,,RD237,,,
,24-07-2026,,,,,Waiting,,,,,,11.12,,,RD237,,,
,24-07-2026,,,,,LU Loading,,,,,,4.65,,,RD237,,,
,24-07-2026,,,,,Waiting,,,,,,10.83,,,RD245,,,
,24-07-2026,,,,,Schedule No Work,,,,,,99.07,,,RD245,,,
,24-07-2026,,,,,Meeting,,,,,,0.1,,,RD245,,,
,24-07-2026,,,,,Marching,,,,,,14.97,,,RD245,,,
,24-07-2026,,,,,Waiting,,,,,,4.63,,,RD245,,,
,24-07-2026,,,,,LU Loading,,,,,,3.6,,,RD245,,,
,24-07-2026,,,,,Waiting,,,,,,1.17,,,RD240,,,
,24-07-2026,,,,,LU Loading,,,,,,5.2,,,RD240,,,
,24-07-2026,,,,,Waiting,,,,,,0.02,,,RD240,,,
,24-07-2026,,,,,LU Loading,,,,,,0.02,,,RD240,,,
,24-07-2026,,,,,Waiting,,,,,,2.35,,,RD245,,,
,24-07-2026,,,,,LU Loading,,,,,,4.1,,,RD245,,,
,24-07-2026,,,,,Waiting,,,,,,1.37,,,RD240,,,
,24-07-2026,,,,,LU Loading,,,,,,0.02,,,RD240,,,
,24-07-2026,,,,,Waiting,,,,,,1.82,,,RD240,,,
,24-07-2026,,,,,LU Loading,,,,,,2.1,,,RD240,,,
,24-07-2026,,,,,Waiting,,,,,,2.08,,,RD245,,,
,24-07-2026,,,,,LU Loading,,,,,,2.4,,,RD245,,,
,24-07-2026,,,,,Waiting,,,,,,3.6,,,RD240,,,
,24-07-2026,,,,,LU Loading,,,,,,0.02,,,RD240,,,
,24-07-2026,,,,,Waiting,,,,,,0.75,,,RD240,,,
,24-07-2026,,,,,LU Loading,,,,,,3.47,,,RD240,,,
,24-07-2026,,,,,Waiting,,,,,,0.95,,,RD245,,,
,24-07-2026,,,,,LU Loading,,,,,,3.3,,,RD245,,,
,24-07-2026,,,,,Waiting,,,,,,1.22,,,RD240,,,
,24-07-2026,,,,,Waiting,,,,,,1.55,,,RD240,,,
,24-07-2026,,,,,LU Loading,,,,,,2.85,,,RD240,,,
,24-07-2026,,,,,Waiting,,,,,,1.63,,,RD245,,,
,24-07-2026,,,,,LU Loading,,,,,,3.48,,,RD245,,,
,24-07-2026,,,,,Waiting,,,,,,3.23,,,RD240,,,
,24-07-2026,,,,,LU Loading,,,,,,0.03,,,RD240,,,
,24-07-2026,,,,,Waiting,,,,,,0.37,,,RD240,,,
,24-07-2026,,,,,LU Loading,,,,,,3.6,,,RD240,,,
,24-07-2026,,,,,Waiting,,,,,,1.12,,,RD245,,,
,24-07-2026,,,,,Spotting,,,,,,0.47,,,RD245,,,
,24-07-2026,,,,,LU Loading,,,,,,4.15,,,RD245,,,
,24-07-2026,,,,,Waiting,,,,,,1.55,,,RD141,,,
,24-07-2026,,,,,Marching,,,,,,22.62,,,RD141,,,
,24-07-2026,,,,,LU Loading,,,,,,3.22,,,RD141,,,
,24-07-2026,,,,,Waiting,,,,,,0.02,,,RD132,,,
,24-07-2026,,,,,LU Loading,,,,,,0.02,,,RD132,,,
,24-07-2026,,,,,Waiting,,,,,,10.52,,,RD141,,,
,24-07-2026,,,,,LU Loading,,,,,,2.63,,,RD141,,,
,24-07-2026,,,,,Waiting,,,,,,2.53,,,RD132,,,
,24-07-2026,,,,,LU Loading,,,,,,2.85,,,RD132,,,
,24-07-2026,,,,,Waiting,,,,,,2,,,RD141,,,
,24-07-2026,,,,,LU Loading,,,,,,2.73,,,RD141,,,
,24-07-2026,,,,,Waiting,,,,,,12.7,,,RD244,,,
,24-07-2026,,,,,Marching,,,,,,21.8,,,RD244,,,
,24-07-2026,,,,,LU Loading,,,,,,3.5,,,RD244,,,
,24-07-2026,,,,,Waiting,,,,,,2.05,,,RD143,,,
,24-07-2026,,,,,LU Loading,,,,,,1.77,,,RD143,,,
,24-07-2026,,,,,Waiting,,,,,,0.55,,,RD226,,,
,24-07-2026,,,,,LU Loading,,,,,,4.35,,,RD226,,,
,24-07-2026,,,,,Waiting,,,,,,1.65,,,RD141,,,
,24-07-2026,,,,,LU Loading,,,,,,2.53,,,RD141,,,
,24-07-2026,,,,,Waiting,,,,,,1.2,,,RD121,,,
,24-07-2026,,,,,Spotting,,,,,,0.3,,,RD121,,,
,24-07-2026,,,,,LU Loading,,,,,,1.85,,,RD121,,,
,24-07-2026,,,,,Waiting,,,,,,1,,,RD132,,,
,24-07-2026,,,,,LU Loading,,,,,,1.63,,,RD132,,,
,24-07-2026,,,,,Waiting,,,,,,1.13,,,RD136,,,
,24-07-2026,,,,,LU Loading,,,,,,3.05,,,RD136,,,
,24-07-2026,,,,,Waiting,,,,,,0.73,,,RD240,,,
,24-07-2026,,,,,LU Loading,,,,,,2.25,,,RD240,,,
,24-07-2026,,,,,Waiting,,,,,,0.65,,,RD122,,,
,24-07-2026,,,,,LU Loading,,,,,,2.23,,,RD122,,,
,24-07-2026,,,,,Waiting,,,,,,0.7,,,RD244,,,
,24-07-2026,,,,,LU Loading,,,,,,2.72,,,RD244,,,
,24-07-2026,,,,,Waiting,,,,,,0.38,,,RD143,,,
,24-07-2026,,,,,LU Loading,,,,,,1.95,,,RD143,,,
,24-07-2026,,,,,Waiting,,,,,,0.25,,,RD226,,,
,24-07-2026,,,,,LU Loading,,,,,,3.97,,,RD226,,,
,24-07-2026,,,,,Waiting,,,,,,4.78,,,RD121,,,
,24-07-2026,,,,,LU Loading,,,,,,1.88,,,RD121,,,
,24-07-2026,,,,,Waiting,,,,,,1.35,,,RD141,,,
,24-07-2026,,,,,Spotting,,,,,,0.4,,,RD141,,,
,24-07-2026,,,,,LU Loading,,,,,,2.47,,,RD141,,,
,24-07-2026,,,,,Waiting,,,,,,0.85,,,RD132,,,
,24-07-2026,,,,,Spotting,,,,,,0.22,,,RD132,,,
,24-07-2026,,,,,LU Loading,,,,,,1.8,,,RD132,,,
,24-07-2026,,,,,Waiting,,,,,,1.72,,,RD240,,,
,24-07-2026,,,,,LU Loading,,,,,,1.73,,,RD240,,,
,24-07-2026,,,,,Waiting,,,,,,3.87,,,RD244,,,
,24-07-2026,,,,,LU Loading,,,,,,2.25,,,RD244,,,
,24-07-2026,,,,,Waiting,,,,,,1.5,,,RD143,,,
,24-07-2026,,,,,LU Loading,,,,,,0.02,,,RD143,,,
,24-07-2026,,,,,Waiting,,,,,,0.45,,,RD143,,,
,24-07-2026,,,,,LU Loading,,,,,,0.57,,,RD143,,,
,24-07-2026,,,,,Waiting,,,,,,0.33,,,RD226,,,
,24-07-2026,,,,,Spotting,,,,,,0.53,,,RD226,,,
,24-07-2026,,,,,LU Loading,,,,,,3.18,,,RD226,,,
,24-07-2026,,,,,Waiting,,,,,,11.45,,,RD141,,,
,24-07-2026,,,,,LU Loading,,,,,,2.42,,,RD141,,,
,24-07-2026,,,,,Waiting,,,,,,0.98,,,RD121,,,
,24-07-2026,,,,,LU Loading,,,,,,1.83,,,RD121,,,
,24-07-2026,,,,,Spotting,,,,,,1.13,,,RD240,,,
,24-07-2026,,,,,LU Loading,,,,,,3.08,,,RD240,,,
,24-07-2026,,,,,Waiting,,,,,,3.5,,,RD132,,,
,24-07-2026,,,,,Spotting,,,,,,0.25,,,RD132,,,
,24-07-2026,,,,,LU Loading,,,,,,4.27,,,RD132,,,
,24-07-2026,,,,,LU Loading,,,,,,3.15,,,RD244,,,
,24-07-2026,,,,,Waiting,,,,,,0.17,,,RD143,,,
,24-07-2026,,,,,Spotting,,,,,,0.18,,,RD143,,,
,24-07-2026,,,,,LU Loading,,,,,,2.37,,,RD143,,,
,24-07-2026,,,,,Waiting,,,,,,0.13,,,RD226,,,
,24-07-2026,,,,,Spotting,,,,,,0.27,,,RD226,,,
,24-07-2026,,,,,LU Loading,,,,,,3.52,,,RD226,,,
,24-07-2026,,,,,Waiting,,,,,,21.72,,,RD244,,,
,24-07-2026,,,,,LU Loading,,,,,,3.13,,,RD244,,,
,24-07-2026,,,,,Waiting,,,,,,0.8,,,RD121,,,
,24-07-2026,,,,,LU Loading,,,,,,2.48,,,RD121,,,
,24-07-2026,,,,,Waiting,,,,,,1.07,,,RD240,,,
,24-07-2026,,,,,LU Loading,,,,,,2.98,,,RD240,,,
,24-07-2026,,,,,Waiting,,,,,,9.15,,,RD226,,,
,24-07-2026,,,,,LU Loading,,,,,,3.03,,,RD226,,,
,24-07-2026,,,,,Waiting,,,,,,12.4,,,RD121,,,
,24-07-2026,,,,,LU Loading,,,,,,1.92,,,RD121,,,
,24-07-2026,,,,,Waiting,,,,,,13.42,,,RD226,,,
,24-07-2026,,,,,LU Loading,,,,,,3.57,,,RD226,,,
,24-07-2026,,,,,Waiting,,,,,,5.15,,,RD240,,,
,24-07-2026,,,,,LU Loading,,,,,,2.27,,,RD240,,,
,24-07-2026,,,,,Waiting,,,,,,2.22,,,RD132,,,
,24-07-2026,,,,,LU Loading,,,,,,1.48,,,RD132,,,
,24-07-2026,,,,,Waiting,,,,,,0.85,,,RD143,,,
,24-07-2026,,,,,LU Loading,,,,,,2.73,,,RD143,,,
,24-07-2026,,,,,Waiting,,,,,,1.88,,,RD122,,,
,24-07-2026,,,,,LU Loading,,,,,,2.82,,,RD122,,,
,24-07-2026,,,,,Waiting,,,,,,0.77,,,RD121,,,
,24-07-2026,,,,,LU Loading,,,,,,3.05,,,RD121,,,
,24-07-2026,,,,,Waiting,,,,,,7.62,,,RD240,,,
,24-07-2026,,,,,LU Loading,,,,,,2.77,,,RD240,,,
,24-07-2026,,,,,Waiting,,,,,,0.7,,,RD244,,,
,24-07-2026,,,,,LU Loading,,,,,,2.83,,,RD244,,,
,24-07-2026,,,,,Waiting,,,,,,0.88,,,RD126,,,
,24-07-2026,,,,,LU Loading,,,,,,4.35,,,RD126,,,
,24-07-2026,,,,,Waiting,,,,,,4.43,,,RD143,,,
,24-07-2026,,,,,LU Loading,,,,,,2.78,,,RD143,,,
,24-07-2026,,,,,LU Loading,,,,,,2.9,,,RD132,,,
,24-07-2026,,,,,Waiting,,,,,,3.27,,,RD226,,,
,24-07-2026,,,,,LU Loading,,,,,,3.07,,,RD226,,,
,24-07-2026,,,,,Waiting,,,,,,1.27,,,RD240,,,
,24-07-2026,,,,,LU Loading,,,,,,1.9,,,RD240,,,
,24-07-2026,,,,,Waiting,,,,,,1.17,,,RD121,,,
,24-07-2026,,,,,LU Loading,,,,,,2.1,,,RD121,,,
,24-07-2026,,,,,Waiting,,,,,,1.48,,,RD141,,,
,24-07-2026,,,,,LU Loading,,,,,,2.07,,,RD141,,,
,24-07-2026,,,,,Waiting,,,,,,0.95,,,RD244,,,
,24-07-2026,,,,,LU Loading,,,,,,3.02,,,RD244,,,
,24-07-2026,,,,,Waiting,,,,,,1,,,RD122,,,
,24-07-2026,,,,,LU Loading,,,,,,0.22,,,RD122,,,
,24-07-2026,,,,,Waiting,,,,,,0.12,,,RD122,,,
,24-07-2026,,,,,LU Loading,,,,,,3.23,,,RD122,,,
,24-07-2026,,,,,Waiting,,,,,,1.33,,,RD126,,,
,24-07-2026,,,,,LU Loading,,,,,,4.27,,,RD126,,,
,24-07-2026,,,,,Waiting,,,,,,2.2,,,RD132,,,
,24-07-2026,,,,,LU Loading,,,,,,0.67,,,RD132,,,
,24-07-2026,,,,,Waiting,,,,,,0.23,,,RD132,,,
,24-07-2026,,,,,LU Loading,,,,,,0.23,,,RD132,,,
,24-07-2026,,,,,Waiting,,,,,,3.82,,,RD226,,,
,24-07-2026,,,,,LU Loading,,,,,,0.57,,,RD226,,,
,24-07-2026,,,,,Waiting,,,,,,0.17,,,RD240,,,
,24-07-2026,,,,,LU Loading,,,,,,3.02,,,RD240,,,
,24-07-2026,,,,,Waiting,,,,,,3.52,,,RD121,,,
,24-07-2026,,,,,LU Loading,,,,,,2.38,,,RD121,,,
,24-07-2026,,,,,Waiting,,,,,,1.15,,,RD244,,,
,24-07-2026,,,,,LU Loading,,,,,,3.15,,,RD244,,,
,24-07-2026,,,,,Waiting,,,,,,6.47,,,RD141,,,
,24-07-2026,,,,,LU Loading,,,,,,2.75,,,RD141,,,
,24-07-2026,,,,,Waiting,,,,,,1.92,,,RD122,,,
,24-07-2026,,,,,Spotting,,,,,,0.17,,,RD122,,,
,24-07-2026,,,,,LU Loading,,,,,,2.83,,,RD122,,,
,24-07-2026,,,,,Spotting,,,,,,0.08,,,RD132,,,
,24-07-2026,,,,,LU Loading,,,,,,2.73,,,RD132,,,
,24-07-2026,,,,,Waiting,,,,,,0.95,,,RD226,,,
,24-07-2026,,,,,LU Loading,,,,,,3.35,,,RD226,,,
,24-07-2026,,,,,Spotting,,,,,,0.72,,,RD126,,,
,24-07-2026,,,,,LU Loading,,,,,,3.52,,,RD126,,,
,24-07-2026,,,,,Waiting,,,,,,0.33,,,RD240,,,
,24-07-2026,,,,,Spotting,,,,,,0.38,,,RD240,,,
,24-07-2026,,,,,LU Loading,,,,,,2.83,,,RD240,,,
,24-07-2026,,,,,Spotting,,,,,,0.3,,,RD244,,,
,24-07-2026,,,,,LU Loading,,,,,,2.7,,,RD244,,,
,24-07-2026,,,,,Waiting,,,,,,0.5,,,RD121,,,
,24-07-2026,,,,,LU Loading,,,,,,3.08,,,RD121,,,
,24-07-2026,,,,,Waiting,,,,,,10.22,,,RD141,,,
,24-07-2026,,,,,LU Loading,,,,,,2.47,,,RD141,,,
,24-07-2026,,,,,Waiting,,,,,,12.4,,,RD232,,,
,24-07-2026,,,,,LU Loading,,,,,,2.8,,,RD232,,,
,24-07-2026,,,,,Waiting,,,,,,0.53,,,RD249,,,
,24-07-2026,,,,,LU Loading,,,,,,2.77,,,RD249,,,
,24-07-2026,,,,,Waiting,,,,,,2.62,,,RD132,,,
,24-07-2026,,,,,LU Loading,,,,,,1.75,,,RD132,,,
,24-07-2026,,,,,Waiting,,,,,,0.8,,,RD252,,,
,24-07-2026,,,,,LU Loading,,,,,,3.03,,,RD252,,,
,24-07-2026,,,,,Spotting,,,,,,0.63,,,RD234,,,
,24-07-2026,,,,,LU Loading,,,,,,3,,,RD234,,,
,24-07-2026,,,,,Waiting,,,,,,3,,,RD141,,,
,24-07-2026,,,,,Waiting,,,,,,5.48,,,RD141,,,
,24-07-2026,,,,,LU Loading,,,,,,2.48,,,RD141,,,
,24-07-2026,,,,,Waiting,,,,,,0.87,,,RD232,,,
,24-07-2026,,,,,LU Loading,,,,,,3.37,,,RD232,,,
,24-07-2026,,,,,Waiting,,,,,,0.8,,,RD249,,,
,24-07-2026,,,,,LU Loading,,,,,,3.07,,,RD249,,,
,24-07-2026,,,,,Waiting,,,,,,0.85,,,RD252,,,
,24-07-2026,,,,,LU Loading,,,,,,3.38,,,RD252,,,
,24-07-2026,,,,,Waiting,,,,,,0.58,,,RD234,,,
,24-07-2026,,,,,LU Loading,,,,,,2.17,,,RD234,,,
,24-07-2026,,,,,Waiting,,,,,,15.52,,,RD237,,,
,24-07-2026,,,,,LU Loading,,,,,,3.2,,,RD237,,,
,24-07-2026,,,,,Waiting,,,,,,4.08,,,RD226,,,
,24-07-2026,,,,,Spotting,,,,,,1.02,,,RD226,,,
,24-07-2026,,,,,LU Loading,,,,,,3.12,,,RD226,,,
,24-07-2026,,,,,Waiting,,,,,,1.05,,,RD239,,,
,24-07-2026,,,,,Spotting,,,,,,0.2,,,RD239,,,
,24-07-2026,,,,,LU Loading,,,,,,3.27,,,RD239,,,
,24-07-2026,,,,,Spotting,,,,,,0.35,,,RD126,,,
,24-07-2026,,,,,LU Loading,,,,,,5.47,,,RD126,,,
,24-07-2026,,,,,Waiting,,,,,,1.45,,,RD249,,,
,24-07-2026,,,,,LU Loading,,,,,,3.83,,,RD249,,,
,24-07-2026,,,,,LU Loading,,,,,,1.18,,,RD234,,,
,24-07-2026,,,,,Waiting,,,,,,1.17,,,RD141,,,
,24-07-2026,,,,,LU Loading,,,,,,3.82,,,RD141,,,
,24-07-2026,,,,,Waiting,,,,,,1.13,,,RD252,,,
,24-07-2026,,,,,LU Loading,,,,,,3.9,,,RD252,,,
,24-07-2026,,,,,Spotting,,,,,,0.48,,,RD121,,,
,24-07-2026,,,,,LU Loading,,,,,,2.72,,,RD121,,,
,24-07-2026,,,,,Waiting,,,,,,0.63,,,RD237,,,
,24-07-2026,,,,,Spotting,,,,,,0.37,,,RD237,,,
,24-07-2026,,,,,LU Loading,,,,,,3.57,,,RD237,,,
,24-07-2026,,,,,Waiting,,,,,,0.22,,,RD226,,,
,24-07-2026,,,,,Spotting,,,,,,0.73,,,RD226,,,
,24-07-2026,,,,,LU Loading,,,,,,3.38,,,RD226,,,
,24-07-2026,,,,,Waiting,,,,,,0.53,,,RD239,,,
,24-07-2026,,,,,Spotting,,,,,,0.85,,,RD239,,,
,24-07-2026,,,,,LU Loading,,,,,,4.23,,,RD239,,,
,24-07-2026,,,,,Waiting,,,,,,0.17,,,RD234,,,
,24-07-2026,,,,,Spotting,,,,,,0.87,,,RD234,,,
,24-07-2026,,,,,LU Loading,,,,,,4.42,,,RD234,,,
,24-07-2026,,,,,Waiting,,,,,,5.73,,,RD141,,,
,24-07-2026,,,,,Spotting,,,,,,0.23,,,RD141,,,
,24-07-2026,,,,,LU Loading,,,,,,3.27,,,RD141,,,
,24-07-2026,,,,,Waiting,,,,,,7.55,,,RD240,,,
,24-07-2026,,,,,Spotting,,,,,,0.8,,,RD240,,,
,24-07-2026,,,,,LU Loading,,,,,,2.73,,,RD240,,,
,25-07-2026,,,,,Waiting,,,,,,0.82,,,RD252,,,
,25-07-2026,,,,,LU Loading,,,,,,3.68,,,RD252,,,
,25-07-2026,,,,,Waiting,,,,,,0.92,,,RD237,,,
,25-07-2026,,,,,LU Loading,,,,,,3.03,,,RD237,,,
,25-07-2026,,,,,Waiting,,,,,,0.4,,,RD234,,,
,25-07-2026,,,,,Spotting,,,,,,0.68,,,RD234,,,
,25-07-2026,,,,,LU Loading,,,,,,4.02,,,RD234,,,
,25-07-2026,,,,,Waiting,,,,,,0.73,,,RD121,,,
,25-07-2026,,,,,LU Loading,,,,,,2.72,,,RD121,,,
,25-07-2026,,,,,Waiting,,,,,,0.88,,,RD226,,,
,25-07-2026,,,,,Spotting,,,,,,0.35,,,RD226,,,
,25-07-2026,,,,,LU Loading,,,,,,2.72,,,RD226,,,
,25-07-2026,,,,,Waiting,,,,,,0.55,,,RD239,,,
,25-07-2026,,,,,LU Loading,,,,,,2.78,,,RD239,,,
,25-07-2026,,,,,Waiting,,,,,,0.5,,,RD141,,,
,25-07-2026,,,,,Spotting,,,,,,0.67,,,RD141,,,
,25-07-2026,,,,,LU Loading,,,,,,4.65,,,RD141,,,
,25-07-2026,,,,,Waiting,,,,,,3.47,,,RD252,,,
,25-07-2026,,,,,Spotting,,,,,,0.42,,,RD252,,,
,25-07-2026,,,,,LU Loading,,,,,,2.98,,,RD252,,,
,25-07-2026,,,,,Waiting,,,,,,0.28,,,RD240,,,
,25-07-2026,,,,,Spotting,,,,,,0.23,,,RD240,,,
,25-07-2026,,,,,LU Loading,,,,,,2.85,,,RD240,,,
,25-07-2026,,,,,Waiting,,,,,,0.12,,,RD237,,,
,25-07-2026,,,,,Spotting,,,,,,0.75,,,RD237,,,
,25-07-2026,,,,,LU Loading,,,,,,3.38,,,RD237,,,
,25-07-2026,,,,,Waiting,,,,,,0.6,,,RD234,,,
,25-07-2026,,,,,LU Loading,,,,,,4.43,,,RD234,,,
,25-07-2026,,,,,Waiting,,,,,,1.78,,,RD226,,,
,25-07-2026,,,,,LU Loading,,,,,,4.05,,,RD226,,,
,25-07-2026,,,,,Waiting,,,,,,1.13,,,RD239,,,
,25-07-2026,,,,,LU Loading,,,,,,4.37,,,RD239,,,
,25-07-2026,,,,,Waiting,,,,,,0.75,,,RD121,,,
,25-07-2026,,,,,LU Loading,,,,,,2.92,,,RD121,,,
,25-07-2026,,,,,Waiting,,,,,,0.83,,,RD141,,,
,25-07-2026,,,,,LU Loading,,,,,,3.95,,,RD141,,,
,25-07-2026,,,,,Waiting,,,,,,0.73,,,RD240,,,
,25-07-2026,,,,,Spotting,,,,,,1.08,,,RD240,,,
,25-07-2026,,,,,LU Loading,,,,,,2.87,,,RD240,,,
,25-07-2026,,,,,Waiting,,,,,,0.23,,,RD237,,,
,25-07-2026,,,,,LU Loading,,,,,,4.82,,,RD237,,,
,25-07-2026,,,,,Waiting,,,,,,0.72,,,RD234,,,
,25-07-2026,,,,,LU Loading,,,,,,4.5,,,RD234,,,
,25-07-2026,,,,,Spotting,,,,,,0.37,,,RD252,,,
,25-07-2026,,,,,LU Loading,,,,,,0.43,,,RD252,,,
,25-07-2026,,,,,Waiting,,,,,,10.63,,,RD121,,,
,25-07-2026,,,,,LU Loading,,,,,,2.65,,,RD121,,,
,25-07-2026,,,,,LU Loading,,,,,,4.37,,,RD239,,,
,25-07-2026,,,,,Waiting,,,,,,1.97,,,RD240,,,
,25-07-2026,,,,,Spotting,,,,,,0.18,,,RD240,,,
,25-07-2026,,,,,LU Loading,,,,,,2.82,,,RD240,,,
,25-07-2026,,,,,Waiting,,,,,,0.98,,,RD141,,,
,25-07-2026,,,,,Spotting,,,,,,0.17,,,RD141,,,
,25-07-2026,,,,,LU Loading,,,,,,2.37,,,RD141,,,
,25-07-2026,,,,,Waiting,,,,,,1.05,,,RD237,,,
,25-07-2026,,,,,LU Loading,,,,,,3.75,,,RD237,,,
,25-07-2026,,,,,Waiting,,,,,,5.68,,,RD234,,,
,25-07-2026,,,,,LU Loading,,,,,,2.72,,,RD234,,,
,25-07-2026,,,,,Waiting,,,,,,9.38,,,RD121,,,
,25-07-2026,,,,,LU Loading,,,,,,2.22,,,RD121,,,
,25-07-2026,,,,,Waiting,,,,,,0.73,,,RD226,,,
,25-07-2026,,,,,Spotting,,,,,,0.43,,,RD226,,,
,25-07-2026,,,,,LU Loading,,,,,,3,,,RD226,,,
,25-07-2026,,,,,Waiting,,,,,,0.53,,,RD252,,,
,25-07-2026,,,,,LU Loading,,,,,,3.35,,,RD252,,,
,25-07-2026,,,,,Waiting,,,,,,0.98,,,RD239,,,
,25-07-2026,,,,,LU Loading,,,,,,2.83,,,RD239,,,
,25-07-2026,,,,,Waiting,,,,,,0.82,,,RD234,,,
,25-07-2026,,,,,LU Loading,,,,,,1.65,,,RD234,,,
,25-07-2026,,,,,Waiting,,,,,,0.43,,,RD237,,,
,25-07-2026,,,,,LU Loading,,,,,,2.75,,,RD237,,,
,25-07-2026,,,,,Waiting,,,,,,0.93,,,RD141,,,
,25-07-2026,,,,,LU Loading,,,,,,2.82,,,RD141,,,
,25-07-2026,,,,,Waiting,,,,,,0.62,,,RD252,,,
,25-07-2026,,,,,LU Loading,,,,,,0.05,,,RD252,,,
,25-07-2026,,,,,Waiting,,,,,,0.12,,,RD248,,,
,25-07-2026,,,,,LU Loading,,,,,,8.52,,,RD248,,,
,25-07-2026,,,,,Waiting,,,,,,0.73,,,RD245,,,
,25-07-2026,,,,,LU Loading,,,,,,3.7,,,RD245,,,
,25-07-2026,,,,,Waiting,,,,,,1.78,,,RD252,,,
,25-07-2026,,,,,LU Loading,,,,,,4.13,,,RD252,,,
,25-07-2026,,,,,Waiting,,,,,,0.73,,,RD226,,,
,25-07-2026,,,,,Spotting,,,,,,0.42,,,RD226,,,
,25-07-2026,,,,,LU Loading,,,,,,4.18,,,RD226,,,
,25-07-2026,,,,,Waiting,,,,,,0.32,,,RD237,,,
,25-07-2026,,,,,Spotting,,,,,,0.37,,,RD237,,,
,25-07-2026,,,,,LU Loading,,,,,,4.07,,,RD237,,,
,25-07-2026,,,,,Waiting,,,,,,0.6,,,RD239,,,
,25-07-2026,,,,,LU Loading,,,,,,4.38,,,RD239,,,
,25-07-2026,,,,,Waiting,,,,,,0.18,,,RD240,,,
,25-07-2026,,,,,Spotting,,,,,,0.97,,,RD240,,,
,25-07-2026,,,,,LU Loading,,,,,,4.2,,,RD240,,,
,25-07-2026,,,,,Waiting,,,,,,0.75,,,RD234,,,
,25-07-2026,,,,,LU Loading,,,,,,4.2,,,RD234,,,
,25-07-2026,,,,,Waiting,,,,,,0.93,,,RD121,,,
,25-07-2026,,,,,LU Loading,,,,,,3.72,,,RD121,,,
,25-07-2026,,,,,Waiting,,,,,,1.48,,,RD141,,,
,25-07-2026,,,,,LU Loading,,,,,,3.3,,,RD141,,,
,25-07-2026,,,,,Waiting,,,,,,1.02,,,RD237,,,
,25-07-2026,,,,,LU Loading,,,,,,4,,,RD237,,,
,25-07-2026,,,,,Waiting,,,,,,0.2,,,RD248,,,
,25-07-2026,,,,,Spotting,,,,,,0.37,,,RD248,,,
,25-07-2026,,,,,LU Loading,,,,,,3.37,,,RD248,,,
,25-07-2026,,,,,Waiting,,,,,,1.22,,,RD252,,,
,25-07-2026,,,,,LU Loading,,,,,,4.67,,,RD252,,,
,25-07-2026,,,,,Waiting,,,,,,1.12,,,RD226,,,
,25-07-2026,,,,,LU Loading,,,,,,4.37,,,RD226,,,
,25-07-2026,,,,,Waiting,,,,,,1.15,,,RD239,,,
,25-07-2026,,,,,LU Loading,,,,,,4.58,,,RD239,,,
,25-07-2026,,,,,Waiting,,,,,,1.73,,,RD240,,,
,25-07-2026,,,,,LU Loading,,,,,,4.63,,,RD240,,,
,25-07-2026,,,,,Waiting,,,,,,0.98,,,RD234,,,
,25-07-2026,,,,,LU Loading,,,,,,5.47,,,RD234,,,
,25-07-2026,,,,,Waiting,,,,,,3.72,,,RD121,,,
,25-07-2026,,,,,LU Loading,,,,,,4.33,,,RD121,,,
,25-07-2026,,,,,Waiting,,,,,,1.75,,,RD141,,,
,25-07-2026,,,,,LU Loading,,,,,,4.13,,,RD141,,,
,25-07-2026,,,,,Waiting,,,,,,3.52,,,RD237,,,
,25-07-2026,,,,,LU Loading,,,,,,3.38,,,RD237,,,
,25-07-2026,,,,,Waiting,,,,,,1.37,,,RD252,,,
,25-07-2026,,,,,Spotting,,,,,,0.28,,,RD252,,,
,25-07-2026,,,,,LU Loading,,,,,,4.57,,,RD252,,,
,25-07-2026,,,,,Waiting,,,,,,0.72,,,RD226,,,
,25-07-2026,,,,,LU Loading,,,,,,4.15,,,RD226,,,
,25-07-2026,,,,,Waiting,,,,,,0.4,,,RD239,,,
,25-07-2026,,,,,LU Loading,,,,,,3.58,,,RD239,,,
,25-07-2026,,,,,Waiting,,,,,,1.1,,,RD234,,,
,25-07-2026,,,,,LU Loading,,,,,,4.02,,,RD234,,,
,25-07-2026,,,,,Waiting,,,,,,0.18,,,RD240,,,
,25-07-2026,,,,,LU Loading,,,,,,3.57,,,RD240,,,
,25-07-2026,,,,,Waiting,,,,,,0.78,,,RD121,,,
,25-07-2026,,,,,Spotting,,,,,,0.3,,,RD121,,,
,25-07-2026,,,,,LU Loading,,,,,,4.03,,,RD121,,,
,25-07-2026,,,,,Waiting,,,,,,1.73,,,RD141,,,
,25-07-2026,,,,,LU Loading,,,,,,3.88,,,RD141,,,
,25-07-2026,,,,,Waiting,,,,,,3.03,,,RD237,,,
,25-07-2026,,,,,LU Loading,,,,,,4.08,,,RD237,,,
,25-07-2026,,,,,Waiting,,,,,,20.25,,,RD245,,,
,25-07-2026,,,,,Spotting,,,,,,0.4,,,RD245,,,
,25-07-2026,,,,,LU Loading,,,,,,3.82,,,RD245,,,
,25-07-2026,,,,,Waiting,,,,,,0.23,,,RD232,,,
,25-07-2026,,,,,LU Loading,,,,,,3.88,,,RD232,,,
,25-07-2026,,,,,Waiting,,,,,,0.53,,,RD242,,,
,25-07-2026,,,,,LU Loading,,,,,,2.8,,,RD242,,,
,25-07-2026,,,,,Waiting,,,,,,0.22,,,RD233,,,
,25-07-2026,,,,,LU Loading,,,,,,2.78,,,RD233,,,
,25-07-2026,,,,,Waiting,,,,,,0.62,,,RD248,,,
,25-07-2026,,,,,LU Loading,,,,,,4.03,,,RD248,,,
,25-07-2026,,,,,Waiting,,,,,,2.27,,,RD141,,,
,25-07-2026,,,,,LU Loading,,,,,,4.07,,,RD141,,,
,25-07-2026,,,,,Waiting,,,,,,0.52,,,RD141,,,
,25-07-2026,,,,,LU Loading,,,,,,0.02,,,RD141,,,
,25-07-2026,,,,,,,,,,,,,,,,,
,Timestamp,,,,,Status Code,,Sub-Status Code,,,,"Duration
(min)",,,Hauling Unit,,,
,25-07-2026,,,,,LU Loading,,,,,,0.88,,,RD141,,,
,25-07-2026,,,,,Waiting,,,,,,1.42,,,RD245,,,
,25-07-2026,,,,,LU Loading,,,,,,4.38,,,RD245,,,
,25-07-2026,,,,,Waiting,,,,,,1.38,,,RD232,,,
,25-07-2026,,,,,LU Loading,,,,,,4.83,,,RD232,,,
,25-07-2026,,,,,Waiting,,,,,,0.17,,,RD233,,,
,25-07-2026,,,,,Spotting,,,,,,0.73,,,RD233,,,
,25-07-2026,,,,,LU Loading,,,,,,4.02,,,RD233,,,
,25-07-2026,,,,,Waiting,,,,,,0.32,,,RD242,,,
,25-07-2026,,,,,LU Loading,,,,,,4.15,,,RD242,,,
,25-07-2026,,,,,Waiting,,,,,,0.7,,,RD248,,,
,25-07-2026,,,,,LU Loading,,,,,,4.15,,,RD248,,,
,25-07-2026,,,,,Waiting,,,,,,18.3,,,RD121,,,
,25-07-2026,,,,,LU Loading,,,,,,2.52,,,RD121,,,
,25-07-2026,,,,,LU Loading,,,,,,5.23,,,RD226,,,
,25-07-2026,,,,,Waiting,,,,,,0.45,,,RD240,,,
,25-07-2026,,,,,LU Loading,,,,,,6.7,,,RD240,,,
,25-07-2026,,,,,Fuel Filling,,,,,,0.02,,,RD232,,,
,25-07-2026,,,,,LU Loading,,,,,,4.3,,,RD232,,,
,25-07-2026,,,,,Waiting,,,,,,1.03,,,RD228,,,
,25-07-2026,,,,,Fuel Filling,,,,,,0.98,,,RD228,,,
,25-07-2026,,,,,LU Loading,,,,,,1.3,,,RD228,,,
,25-07-2026,,,,,Fuel Filling,,,,,,3.08,,,RD240,,,
,25-07-2026,,,,,Spotting,,,,,,2.57,,,RD240,,,
,25-07-2026,,,,,LU Loading,,,,,,3.6,,,RD240,,,
,25-07-2026,,,,,LU Loading,,,,,,5.63,,,RD122,,,
,25-07-2026,,,,,Waiting,,,,,,0.65,,,RD141,,,
,25-07-2026,,,,,LU Loading,,,,,,4.58,,,RD141,,,
,25-07-2026,,,,,Waiting,,,,,,1.48,,,RD238,,,
,25-07-2026,,,,,LU Loading,,,,,,4.28,,,RD238,,,
,25-07-2026,,,,,Waiting,,,,,,1,,,RD126,,,
,25-07-2026,,,,,Spotting,,,,,,0.4,,,RD126,,,
,25-07-2026,,,,,LU Loading,,,,,,6.88,,,RD126,,,
,25-07-2026,,,,,Waiting,,,,,,2.37,,,RD121,,,
,25-07-2026,,,,,LU Loading,,,,,,3.67,,,RD121,,,
,25-07-2026,,,,,Waiting,,,,,,1.15,,,RD226,,,
,25-07-2026,,,,,Spotting,,,,,,1.18,,,RD226,,,
,25-07-2026,,,,,LU Loading,,,,,,4.42,,,RD226,,,
,25-07-2026,,,,,Waiting,,,,,,0.92,,,RD240,,,
,25-07-2026,,,,,Spotting,,,,,,0.45,,,RD240,,,
,25-07-2026,,,,,LU Loading,,,,,,4.25,,,RD240,,,
,25-07-2026,,,,,Waiting,,,,,,0.7,,,RD122,,,
,25-07-2026,,,,,Spotting,,,,,,0.15,,,RD122,,,
,25-07-2026,,,,,LU Loading,,,,,,2.97,,,RD122,,,
,25-07-2026,,,,, Down,,,,,,15.17,,,RD232,,,
,25-07-2026,,,,,Waiting,,,,,,8.6,,,RD232,,,
,25-07-2026,,,,,LU Loading,,,,,,6.28,,,RD232,,,
,25-07-2026,,,,,Waiting,,,,,,1.75,,,RD251,,,
,25-07-2026,,,,,LU Loading,,,,,,6.52,,,RD251,,,
,25-07-2026,,,,,LU Loading,,,,,,1.03,,,RD235,,,
,25-07-2026,,,,,Waiting,,,,,,0.1,,,RD232,,,
,25-07-2026,,,,,Marching,,,,,,51.53,,,RD232,,,
,25-07-2026,,,,,LU Loading,,,,,,0.05,,,RD232,,,
,25-07-2026,,,,,Waiting,,,,,,1.28,,,RD249,,,
,25-07-2026,,,,,LU Loading,,,,,,1.77,,,RD249,,,
,25-07-2026,,,,,Waiting,,,,,,0.62,,,RD232,,,
,25-07-2026,,,,,LU Loading,,,,,,2.18,,,RD232,,,
,25-07-2026,,,,,Waiting,,,,,,0.48,,,RD249,,,
,25-07-2026,,,,, Down,,,,,,24.3,,,RD249,,,
,25-07-2026,,,,,LU Loading,,,,,,0.02,,,RD249,,,
,25-07-2026,,,,,Waiting,,,,,,13.93,,,RD251,,,
,25-07-2026,,,,,LU Loading,,,,,,3.78,,,RD251,,,
,25-07-2026,,,,,Waiting,,,,,,2.22,,,RD235,,,
,25-07-2026,,,,,LU Loading,,,,,,2.15,,,RD235,,,
,25-07-2026,,,,,Waiting,,,,,,0.18,,,RD249,,,
,25-07-2026,,,,,Spotting,,,,,,0.32,,,RD249,,,
,25-07-2026,,,,,LU Loading,,,,,,4.03,,,RD249,,,
,25-07-2026,,,,,Spotting,,,,,,0.07,,,RD251,,,
,25-07-2026,,,,,LU Loading,,,,,,28.97,,,RD251,,,
,25-07-2026,,,,,Waiting,,,,,,0.02,,,RD251,,,
,25-07-2026,,,,,LU Loading,,,,,,3.27,,,RD251,,,
,25-07-2026,,,,,Waiting,,,,,,0.02,,,RD235,,,
,25-07-2026,,,,,LU Loading,,,,,,0.5,,,RD235,,,
,25-07-2026,,,,,Waiting,,,,,,0.58,,,RD249,,,
,25-07-2026,,,,,LU Loading,,,,,,5.03,,,RD249,,,
,25-07-2026,,,,,Waiting,,,,,,0.9,,,RD251,,,
,25-07-2026,,,,,LU Loading,,,,,,4.02,,,RD251,,,
,25-07-2026,,,,,Waiting,,,,,,2.35,,,RD235,,,
,25-07-2026,,,,,LU Loading,,,,,,1.83,,,RD235,,,
,25-07-2026,,,,,Waiting,,,,,,2.8,,,RD241,,,
,25-07-2026,,,,,LU Loading,,,,,,0.02,,,RD241,,,
,25-07-2026,,,,,Waiting,,,,,,0.02,,,RD241,,,
,25-07-2026,,,,,LU Loading,,,,,,0.87,,,RD241,,,
,25-07-2026,,,,,Waiting,,,,,,2.47,,,RD249,,,
,25-07-2026,,,,,LU Loading,,,,,,6.2,,,RD249,,,
,25-07-2026,,,,,Waiting,,,,,,4.92,,,RD251,,,
,25-07-2026,,,,,LU Loading,,,,,,0.02,,,RD251,,,
,25-07-2026,,,,,Waiting,,,,,,0.02,,,RD251,,,
,25-07-2026,,,,,LU Loading,,,,,,0.02,,,RD251,,,
,25-07-2026,,,,,Waiting,,,,,,2.45,,,RD241,,,
,25-07-2026,,,,,LU Loading,,,,,,4.98,,,RD241,,,
,25-07-2026,,,,,Waiting,,,,,,0.02,,,RD241,,,
,25-07-2026,,,,,LU Loading,,,,,,0.67,,,RD241,,,
,25-07-2026,,,,,Waiting,,,,,,0.02,,,RD242,,,
,25-07-2026,,,,,LU Loading,,,,,,0.02,,,RD242,,,
,25-07-2026,,,,,Waiting,,,,,,0.02,,,RD242,,,
,25-07-2026,,,,,LU Loading,,,,,,0.92,,,RD242,,,
,25-07-2026,,,,,Waiting,,,,,,9.4,,,RD249,,,
,25-07-2026,,,,,LU Loading,,,,,,3.87,,,RD249,,,
,25-07-2026,,,,,Waiting,,,,,,0.55,,,RD251,,,
,25-07-2026,,,,,LU Loading,,,,,,11.92,,,RD251,,,
,25-07-2026,,,,,LU Loading,,,,,,3.45,,,RD241,,,
,25-07-2026,,,,,LU Loading,,,,,,2.9,,,RD235,,,
,25-07-2026,,,,,Waiting,,,,,,0.02,,,RD242,,,
,25-07-2026,,,,,LU Loading,,,,,,1.5,,,RD242,,,
,25-07-2026,,,,,Waiting,,,,,,0.02,,,RD249,,,
,25-07-2026,,,,,LU Loading,,,,,,4.8,,,RD249,,,
,25-07-2026,,,,,Waiting,,,,,,0.5,,,RD251,,,
,25-07-2026,,,,,LU Loading,,,,,,4.02,,,RD251,,,
,25-07-2026,,,,,Waiting,,,,,,0.02,,,RD235,,,
,25-07-2026,,,,,LU Loading,,,,,,3.48,,,RD235,,,
,25-07-2026,,,,,Waiting,,,,,,4.97,,,RD241,,,
,25-07-2026,,,,,LU Loading,,,,,,0.02,,,RD241,,,
,25-07-2026,,,,,Waiting,,,,,,0.02,,,RD241,,,
,25-07-2026,,,,,LU Loading,,,,,,0.02,,,RD241,,,
,25-07-2026,,,,,Waiting,,,,,,0.02,,,RD241,,,
,25-07-2026,,,,,LU Loading,,,,,,0.02,,,RD241,,,
,25-07-2026,,,,,Waiting,,,,,,6.7,,,RD251,,,
,25-07-2026,,,,,LU Loading,,,,,,9.15,,,RD251,,,
,25-07-2026,,,,,Waiting,,,,,,8.78,,,RD241,,,
,25-07-2026,,,,,LU Loading,,,,,,0.02,,,RD241,,,
,25-07-2026,,,,,Waiting,,,,,,2.85,,,RD242,,,
,25-07-2026,,,,,LU Loading,,,,,,0.02,,,RD242,,,
,25-07-2026,,,,,Waiting,,,,,,3.12,,,RD251,,,
,25-07-2026,,,,,LU Loading,,,,,,3.87,,,RD251,,,
,25-07-2026,,,,,Waiting,,,,,,0.47,,,RD249,,,
,25-07-2026,,,,,LU Loading,,,,,,0.02,,,RD249,,,
,25-07-2026,,,,,Waiting,,,,,,0.68,,,RD241,,,
,25-07-2026,,,,,LU Loading,,,,,,4.48,,,RD241,,,
,25-07-2026,,,,,Waiting,,,,,,16.25,,,RD136,,,
,25-07-2026,,,,,Shift Change,,,,,,25.5,,,RD136,,,
,25-07-2026,,,,,Shift Change,,,,,,25.02,,,RD136,,,
,25-07-2026,,,,,Blasting,,,,,,57.42,,,RD136,,,
,25-07-2026,,,,,Marching,,,,,,28.58,,,RD136,,,
,25-07-2026,,,,,LU Loading,,,,,,3.53,,,RD136,,,
,25-07-2026,,,,,Waiting,,,,,,3.12,,,RD136,,,
,25-07-2026,,,,,LU Loading,,,,,,3.5,,,RD136,,,
,25-07-2026,,,,,LU Loading,,,,,,2.9,,,RD126,,,
,25-07-2026,,,,,Waiting,,,,,,2.52,,,RD132,,,
,25-07-2026,,,,,LU Loading,,,,,,2.4,,,RD132,,,
,25-07-2026,,,,,Spotting,,,,,,0.87,,,RD226,,,
,25-07-2026,,,,,LU Loading,,,,,,2.93,,,RD226,,,
,25-07-2026,,,,,LU Loading,,,,,,3.33,,,RD126,,,
,25-07-2026,,,,,Waiting,,,,,,5.93,,,RD141,,,
,25-07-2026,,,,,LU Loading,,,,,,2.43,,,RD141,,,
,25-07-2026,,,,,Waiting,,,,,,6.73,,,RD230,,,
,25-07-2026,,,,,LU Loading,,,,,,3.37,,,RD230,,,
,25-07-2026,,,,,Waiting,,,,,,2.88,,,RD226,,,
,25-07-2026,,,,,LU Loading,,,,,,3.12,,,RD226,,,
,25-07-2026,,,,,Waiting,,,,,,0.48,,,RD237,,,
,25-07-2026,,,,,LU Loading,,,,,,3.27,,,RD237,,,
,25-07-2026,,,,,Waiting,,,,,,1.32,,,RD126,,,
,25-07-2026,,,,,LU Loading,,,,,,2.85,,,RD126,,,
,25-07-2026,,,,,Waiting,,,,,,7.93,,,RD230,,,
,25-07-2026,,,,,LU Loading,,,,,,3.58,,,RD230,,,
,25-07-2026,,,,,Spotting,,,,,,0.3,,,RD132,,,
,25-07-2026,,,,,LU Loading,,,,,,3.03,,,RD132,,,
,25-07-2026,,,,,Waiting,,,,,,1.13,,,RD141,,,
,25-07-2026,,,,,LU Loading,,,,,,2.93,,,RD141,,,
,25-07-2026,,,,,LU Loading,,,,,,4.68,,,RD237,,,
,25-07-2026,,,,,LU Loading,,,,,,4,,,RD226,,,
,25-07-2026,,,,,Waiting,,,,,,2.98,,,RD126,,,
,25-07-2026,,,,,LU Loading,,,,,,3.62,,,RD126,,,
,25-07-2026,,,,,Waiting,,,,,,1.3,,,RD230,,,
,25-07-2026,,,,,Spotting,,,,,,0.7,,,RD230,,,
,25-07-2026,,,,,LU Loading,,,,,,3.27,,,RD230,,,
,25-07-2026,,,,,Waiting,,,,,,1.2,,,RD242,,,
,25-07-2026,,,,,LU Loading,,,,,,3.78,,,RD242,,,
,25-07-2026,,,,,Waiting,,,,,,2.38,,,RD240,,,
,25-07-2026,,,,,LU Loading,,,,,,0.42,,,RD240,,,
,25-07-2026,,,,,Waiting,,,,,,4.22,,,RD237,,,
,25-07-2026,,,,,LU Loading,,,,,,2.9,,,RD237,,,
,25-07-2026,,,,,Waiting,,,,,,0.15,,,RD141,,,
,25-07-2026,,,,,LU Loading,,,,,,3.15,,,RD141,,,
,25-07-2026,,,,,Waiting,,,,,,8.48,,,RD132,,,
,25-07-2026,,,,,LU Loading,,,,,,2.87,,,RD132,,,
,25-07-2026,,,,,Spotting,,,,,,0.77,,,RD226,,,
,25-07-2026,,,,,LU Loading,,,,,,3.33,,,RD226,,,
,25-07-2026,,,,,Spotting,,,,,,0.1,,,RD242,,,
,25-07-2026,,,,,LU Loading,,,,,,3.12,,,RD242,,,
,25-07-2026,,,,,Waiting,,,,,,3.38,,,RD230,,,
,25-07-2026,,,,,LU Loading,,,,,,4.22,,,RD230,,,
,25-07-2026,,,,,Waiting,,,,,,0.28,,,RD126,,,
,25-07-2026,,,,,LU Loading,,,,,,3.97,,,RD126,,,
,25-07-2026,,,,,Waiting,,,,,,9.55,,,RD237,,,
,25-07-2026,,,,,LU Loading,,,,,,3.55,,,RD237,,,
,25-07-2026,,,,,Waiting,,,,,,2.15,,,RD226,,,
,25-07-2026,,,,,LU Loading,,,,,,1.17,,,RD226,,,
,25-07-2026,,,,,Waiting,,,,,,16.45,,,RD126,,,
,25-07-2026,,,,,LU Loading,,,,,,3.27,,,RD126,,,
,25-07-2026,,,,,Spotting,,,,,,0.42,,,RD237,,,
,25-07-2026,,,,,LU Loading,,,,,,6.2,,,RD237,,,
,25-07-2026,,,,,Waiting,,,,,,0.02,,,RD230,,,
,25-07-2026,,,,,LU Loading,,,,,,0.02,,,RD230,,,
,25-07-2026,,,,,Waiting,,,,,,0.02,,,RD230,,,
,25-07-2026,,,,,LU Loading,,,,,,4.1,,,RD230,,,
,25-07-2026,,,,,Waiting,,,,,,0.43,,,RD141,,,
,25-07-2026,,,,,LU Loading,,,,,,2.27,,,RD141,,,
,25-07-2026,,,,,Waiting,,,,,,0.92,,,RD226,,,
,25-07-2026,,,,,LU Loading,,,,,,2.48,,,RD226,,,
,25-07-2026,,,,,Waiting,,,,,,0.87,,,RD249,,,
,25-07-2026,,,,,LU Loading,,,,,,3.27,,,RD249,,,
,25-07-2026,,,,,Waiting,,,,,,9.87,,,RD126,,,
,25-07-2026,,,,,LU Loading,,,,,,2.8,,,RD126,,,
,25-07-2026,,,,,Waiting,,,,,,2.08,,,RD237,,,
,25-07-2026,,,,,LU Loading,,,,,,2.58,,,RD237,,,
,25-07-2026,,,,,Spotting,,,,,,0.12,,,RD230,,,
,25-07-2026,,,,,LU Loading,,,,,,2.63,,,RD230,,,
,25-07-2026,,,,,Spotting,,,,,,0.4,,,RD242,,,
,25-07-2026,,,,,LU Loading,,,,,,2.18,,,RD242,,,
,25-07-2026,,,,,LU Loading,,,,,,3.43,,,RD226,,,
,25-07-2026,,,,,Waiting,,,,,,0.3,,,RD249,,,
,25-07-2026,,,,,LU Loading,,,,,,9.95,,,RD249,,,
,25-07-2026,,,,,Waiting,,,,,,0.52,,,RD141,,,
,25-07-2026,,,,,LU Loading,,,,,,3.45,,,RD141,,,
,25-07-2026,,,,,Waiting,,,,,,0.8,,,RD126,,,
,25-07-2026,,,,,LU Loading,,,,,,3.57,,,RD126,,,
,25-07-2026,,,,,Waiting,,,,,,1.22,,,RD248,,,
,25-07-2026,,,,,LU Loading,,,,,,3.6,,,RD248,,,
,25-07-2026,,,,,Waiting,,,,,,0.75,,,RD230,,,
,25-07-2026,,,,,LU Loading,,,,,,2.68,,,RD230,,,
,25-07-2026,,,,,Waiting,,,,,,1.25,,,RD237,,,
,25-07-2026,,,,,LU Loading,,,,,,3.73,,,RD237,,,
,25-07-2026,,,,,Waiting,,,,,,0.38,,,RD242,,,
,25-07-2026,,,,,LU Loading,,,,,,2.77,,,RD242,,,
,25-07-2026,,,,,Spotting,,,,,,0.47,,,RD226,,,
,25-07-2026,,,,,LU Loading,,,,,,3.52,,,RD226,,,
,25-07-2026,,,,,Waiting,,,,,,0.75,,,RD249,,,
,25-07-2026,,,,,LU Loading,,,,,,3.62,,,RD249,,,
,25-07-2026,,,,,Waiting,,,,,,4.35,,,RD126,,,
,25-07-2026,,,,,LU Loading,,,,,,3.55,,,RD126,,,
,25-07-2026,,,,,Waiting,,,,,,1.23,,,RD248,,,
,25-07-2026,,,,,LU Loading,,,,,,4.38,,,RD248,,,
,25-07-2026,,,,,Waiting,,,,,,1.5,,,RD230,,,
,25-07-2026,,,,,LU Loading,,,,,,3.45,,,RD230,,,
,25-07-2026,,,,,Waiting,,,,,,1.6,,,RD237,,,
,25-07-2026,,,,,LU Loading,,,,,,3.3,,,RD237,,,
,25-07-2026,,,,,Waiting,,,,,,0.33,,,RD226,,,
,25-07-2026,,,,,LU Loading,,,,,,3.15,,,RD226,,,
,25-07-2026,,,,,Spotting,,,,,,1.4,,,RD242,,,
,25-07-2026,,,,,LU Loading,,,,,,3.18,,,RD242,,,
,25-07-2026,,,,,Waiting,,,,,,0.8,,,RD249,,,
,25-07-2026,,,,,LU Loading,,,,,,3.23,,,RD249,,,
,25-07-2026,,,,,Waiting,,,,,,0.65,,,RD233,,,
,25-07-2026,,,,,LU Loading,,,,,,3.32,,,RD233,,,
,25-07-2026,,,,,Waiting,,,,,,0.8,,,RD251,,,
,25-07-2026,,,,,LU Loading,,,,,,3.47,,,RD251,,,
,25-07-2026,,,,,Spotting,,,,,,0.08,,,RD126,,,
,25-07-2026,,,,,LU Loading,,,,,,3.7,,,RD126,,,
,25-07-2026,,,,,Waiting,,,,,,0.75,,,RD248,,,
,25-07-2026,,,,,LU Loading,,,,,,5.53,,,RD248,,,
,25-07-2026,,,,,Spotting,,,,,,0.42,,,RD230,,,
,25-07-2026,,,,,LU Loading,,,,,,2.78,,,RD230,,,
,25-07-2026,,,,,Waiting,,,,,,0.18,,,RD226,,,
,25-07-2026,,,,,Spotting,,,,,,0.4,,,RD226,,,
,25-07-2026,,,,,LU Loading,,,,,,5.28,,,RD226,,,
,25-07-2026,,,,,Waiting,,,,,,4.45,,,RD231,,,
,25-07-2026,,,,,Shift Change,,,,,,29.48,,,RD231,,,
,25-07-2026,,,,,Shift Change,,,,,,49.93,,,RD231,,,
,25-07-2026,,,,,Waiting,,,,,,0.58,,,RD231,,,
,25-07-2026,,,,,LU Loading,,,,,,4.15,,,RD231,,,
,25-07-2026,,,,,Spotting,,,,,,0.68,,,RD245,,,
,25-07-2026,,,,,LU Loading,,,,,,4.95,,,RD245,,,
,25-07-2026,,,,,Waiting,,,,,,1.2,,,RD237,,,
,25-07-2026,,,,,LU Loading,,,,,,5.37,,,RD237,,,
,25-07-2026,,,,,Waiting,,,,,,0.67,,,RD252,,,
,25-07-2026,,,,,LU Loading,,,,,,3.38,,,RD252,,,
,25-07-2026,,,,,Waiting,,,,,,1.67,,,RD250,,,
,25-07-2026,,,,,LU Loading,,,,,,4.28,,,RD250,,,
,25-07-2026,,,,,Waiting,,,,,,0.65,,,RD226,,,
,25-07-2026,,,,,LU Loading,,,,,,4.48,,,RD226,,,
,25-07-2026,,,,,Waiting,,,,,,0.65,,,RD253,,,
,25-07-2026,,,,,Spotting,,,,,,0.43,,,RD253,,,
,25-07-2026,,,,,LU Loading,,,,,,4.65,,,RD253,,,
,25-07-2026,,,,,Waiting,,,,,,0.47,,,RD227,,,
,25-07-2026,,,,,LU Loading,,,,,,4.02,,,RD227,,,
,25-07-2026,,,,,Waiting,,,,,,3,,,RD249,,,
,25-07-2026,,,,,LU Loading,,,,,,1.88,,,RD249,,,
,25-07-2026,,,,,Waiting,,,,,,1.07,,,RD237,,,
,25-07-2026,,,,,Spotting,,,,,,0.65,,,RD237,,,
,25-07-2026,,,,,LU Loading,,,,,,0.35,,,RD237,,,
,25-07-2026,,,,,LU Loading,,,,,,0.5,,,RD245,,,
,25-07-2026,,,,,Waiting,,,,,,17.32,,,RD247,,,
,25-07-2026,,,,,Schedule No Work,,,,,,363.02,,,RD247,,,
,26-07-2026,,,,,,,,,,,,,,,,,
,Timestamp,,,,,Status Code,,Sub-Status Code,,,,"Duration
(min)",,,Hauling Unit,,,
,26-07-2026,,,,,Schedule No Work,,,,,,37.37,,,RD247,,,
,26-07-2026,,,,,Breakdown Maintenance,,,,,,442.63,,,RD247,,,
,26-07-2026,,,,,Breakdown Maintenance,,,,,,47.4,,,RD247,,,
,26-07-2026,,,,,Schedule No Work,,,,,,41.85,,,RD247,,,
,26-07-2026,,,,,Marching,,,,,,19.25,,,RD247,,,
,26-07-2026,,,,,Schedule No Work,,,,,,371.5,,,RD247,,,
,26-07-2026,,,,,Schedule No Work,,,,,,480,,,RD247,,,
,27-07-2026,,,,,,,,,,,,,,,,,
,Timestamp,,,,,Status Code,,Sub-Status Code,,,,"Duration
(min)",,,Hauling Unit,,,
,27-07-2026,,,,,Schedule No Work,,,,,,40.22,,,RD247,,,
,27-07-2026,,,,,Marching,,,,,,18.07,,,RD247,,,
,27-07-2026,,,,,Waiting,,,,,,0.02,,,RD247,,,
,27-07-2026,,,,,LU Loading,,,,,,4.85,,,RD247,,,
,27-07-2026,,,,,LU Loading,,,,,,4.62,,,RD242,,,
,27-07-2026,,,,,Waiting,,,,,,2.58,,,RD247,,,
,27-07-2026,,,,,LU Loading,,,,,,3.4,,,RD247,,,
,27-07-2026,,,,,LU Loading,,,,,,3.88,,,RD242,,,
,27-07-2026,,,,,Waiting,,,,,,1.52,,,RD247,,,
,27-07-2026,,,,,LU Loading,,,,,,3.15,,,RD247,,,
,27-07-2026,,,,,Waiting,,,,,,0.87,,,RD242,,,
,27-07-2026,,,,,LU Loading,,,,,,3.25,,,RD242,,,
,27-07-2026,,,,,Waiting,,,,,,1.37,,,RD247,,,
,27-07-2026,,,,,LU Loading,,,,,,3.1,,,RD247,,,
,27-07-2026,,,,,Waiting,,,,,,1.1,,,RD242,,,
,27-07-2026,,,,,LU Loading,,,,,,3.47,,,RD242,,,
,27-07-2026,,,,,Waiting,,,,,,2.07,,,RD247,,,
,27-07-2026,,,,,LU Loading,,,,,,0.02,,,RD247,,,
,27-07-2026,,,,,Waiting,,,,,,1.4,,,RD247,,,
,27-07-2026,,,,,LU Loading,,,,,,0.53,,,RD247,,,
,27-07-2026,,,,,Waiting,,,,,,2.67,,,RD242,,,
,27-07-2026,,,,,LU Loading,,,,,,2.72,,,RD242,,,
,27-07-2026,,,,,Waiting,,,,,,0.47,,,RD247,,,
,27-07-2026,,,,,LU Loading,,,,,,2.9,,,RD247,,,
,27-07-2026,,,,,Waiting,,,,,,2.02,,,RD242,,,
,27-07-2026,,,,,LU Loading,,,,,,3.12,,,RD242,,,
,27-07-2026,,,,,Waiting,,,,,,1.37,,,RD247,,,
,27-07-2026,,,,,LU Loading,,,,,,2.95,,,RD247,,,
,27-07-2026,,,,,Spotting,,,,,,0.73,,,RD242,,,
,27-07-2026,,,,,LU Loading,,,,,,3.15,,,RD242,,,
,27-07-2026,,,,,Waiting,,,,,,1.42,,,RD247,,,
,27-07-2026,,,,,LU Loading,,,,,,3.37,,,RD247,,,
,27-07-2026,,,,,Waiting,,,,,,2.23,,,RD242,,,
,27-07-2026,,,,,LU Loading,,,,,,3.2,,,RD242,,,
,27-07-2026,,,,,Waiting,,,,,,4.37,,,RD247,,,
,27-07-2026,,,,,Spotting,,,,,,2.78,,,RD247,,,
,27-07-2026,,,,,LU Loading,,,,,,3.77,,,RD247,,,
,27-07-2026,,,,,Spotting,,,,,,0.87,,,RD242,,,
,27-07-2026,,,,,LU Loading,,,,,,5.87,,,RD242,,,
,27-07-2026,,,,,Waiting,,,,,,1.13,,,RD247,,,
,27-07-2026,,,,,LU Loading,,,,,,2.8,,,RD247,,,
,27-07-2026,,,,,Waiting,,,,,,1.08,,,RD242,,,
,27-07-2026,,,,,LU Loading,,,,,,2.45,,,RD242,,,
,27-07-2026,,,,,Waiting,,,,,,2.83,,,RD247,,,
,27-07-2026,,,,,LU Loading,,,,,,3.42,,,RD247,,,
,27-07-2026,,,,,Waiting,,,,,,0.02,,,RD242,,,
,27-07-2026,,,,,LU Loading,,,,,,3.08,,,RD242,,,
,27-07-2026,,,,,Waiting,,,,,,2.67,,,RD247,,,
,27-07-2026,,,,,LU Loading,,,,,,2.85,,,RD247,,,
,27-07-2026,,,,,Waiting,,,,,,0.3,,,RD242,,,
,27-07-2026,,,,,Spotting,,,,,,0.7,,,RD242,,,
,27-07-2026,,,,,LU Loading,,,,,,2.33,,,RD242,,,
,27-07-2026,,,,,Waiting,,,,,,1.8,,,RD247,,,
,27-07-2026,,,,,Spotting,,,,,,0.37,,,RD247,,,
,27-07-2026,,,,,LU Loading,,,,,,2.25,,,RD247,,,
,27-07-2026,,,,,Waiting,,,,,,2.2,,,RD242,,,
,27-07-2026,,,,,LU Loading,,,,,,2.33,,,RD242,,,
,27-07-2026,,,,,Waiting,,,,,,1.33,,,RD247,,,
,27-07-2026,,,,,LU Loading,,,,,,2.05,,,RD247,,,
,27-07-2026,,,,,Waiting,,,,,,2.52,,,RD242,,,
,27-07-2026,,,,,LU Loading,,,,,,2.43,,,RD242,,,
,27-07-2026,,,,,Waiting,,,,,,4.42,,,RD247,,,
,27-07-2026,,,,,LU Loading,,,,,,3.15,,,RD247,,,
,27-07-2026,,,,,Waiting,,,,,,0.43,,,RD242,,,
,27-07-2026,,,,,LU Loading,,,,,,3.12,,,RD242,,,
,27-07-2026,,,,,Waiting,,,,,,3.62,,,RD247,,,
,27-07-2026,,,,,Spotting,,,,,,0.33,,,RD247,,,
,27-07-2026,,,,,LU Loading,,,,,,3.18,,,RD247,,,
,27-07-2026,,,,,Waiting,,,,,,0.77,,,RD242,,,
,27-07-2026,,,,,LU Loading,,,,,,3.62,,,RD242,,,
,27-07-2026,,,,,Waiting,,,,,,3.53,,,RD247,,,
,27-07-2026,,,,,Spotting,,,,,,0.4,,,RD247,,,
,27-07-2026,,,,,LU Loading,,,,,,2.98,,,RD247,,,
,27-07-2026,,,,,Waiting,,,,,,0.93,,,RD242,,,
,27-07-2026,,,,,LU Loading,,,,,,10.9,,,RD242,,,
,27-07-2026,,,,,Waiting,,,,,,1.77,,,RD247,,,
,27-07-2026,,,,,LU Loading,,,,,,3,,,RD247,,,
,27-07-2026,,,,,Waiting,,,,,,2.25,,,RD242,,,
,27-07-2026,,,,,LU Loading,,,,,,3.73,,,RD242,,,
,27-07-2026,,,,,Waiting,,,,,,10.82,,,RD247,,,
,27-07-2026,,,,,LU Loading,,,,,,10.08,,,RD247,,,
,27-07-2026,,,,,LU Loading,,,,,,3.6,,,RD247,,,
,27-07-2026,,,,,Waiting,,,,,,8.08,,,RD247,,,
,27-07-2026,,,,,LU Loading,,,,,,1.43,,,RD247,,,
,27-07-2026,,,,,Waiting,,,,,,6.2,,,RD247,,,
,27-07-2026,,,,,LU Loading,,,,,,4.08,,,RD247,,,
,27-07-2026,,,,,Waiting,,,,,,0.02,,,RD242,,,
,27-07-2026,,,,,LU Loading,,,,,,0.02,,,RD242,,,
,27-07-2026,,,,,Waiting,,,,,,0.02,,,RD242,,,
,27-07-2026,,,,,LU Loading,,,,,,0.02,,,RD242,,,
,27-07-2026,,,,,Waiting,,,,,,2.55,,,RD242,,,
,27-07-2026,,,,,LU Loading,,,,,,6.8,,,RD242,,,
,27-07-2026,,,,,Waiting,,,,,,9.95,,,RD247,,,
,27-07-2026,,,,,LU Loading,,,,,,4.35,,,RD247,,,
,27-07-2026,,,,,Waiting,,,,,,9.37,,,RD247,,,
,27-07-2026,,,,,LU Loading,,,,,,0.02,,,RD247,,,
,27-07-2026,,,,,Waiting,,,,,,1.52,,,RD247,,,
,27-07-2026,,,,,LU Loading,,,,,,1.72,,,RD247,,,
,27-07-2026,,,,,Waiting,,,,,,3.82,,,RD247,,,
,27-07-2026,,,,,LU Loading,,,,,,3.52,,,RD247,,,
,27-07-2026,,,,,Waiting,,,,,,4.4,,,RD247,,,
,27-07-2026,,,,,LU Loading,,,,,,4.52,,,RD247,,,
,27-07-2026,,,,,Spotting,,,,,,0.02,,,RD242,,,
,27-07-2026,,,,,LU Loading,,,,,,2.25,,,RD242,,,
,27-07-2026,,,,,Waiting,,,,,,3.85,,,RD242,,,
,27-07-2026,,,,,Spotting,,,,,,3.95,,,RD242,,,
,27-07-2026,,,,,LU Loading,,,,,,0.7,,,RD242,,,
,27-07-2026,,,,,Waiting,,,,,,5.7,,,RD242,,,
,27-07-2026,,,,,Spotting,,,,,,1.07,,,RD242,,,
,27-07-2026,,,,,LU Loading,,,,,,3.85,,,RD242,,,
,27-07-2026,,,,,Waiting,,,,,,3.6,,,RD242,,,
,27-07-2026,,,,,LU Loading,,,,,,4.63,,,RD242,,,
,27-07-2026,,,,,Waiting,,,,,,2.58,,,RD242,,,
,27-07-2026,,,,,LU Loading,,,,,,3.67,,,RD242,,,
,27-07-2026,,,,,Waiting,,,,,,3.58,,,RD242,,,
,27-07-2026,,,,,LU Loading,,,,,,5.47,,,RD242,,,
,27-07-2026,,,,,Waiting,,,,,,2.68,,,RD242,,,
,27-07-2026,,,,,LU Loading,,,,,,3.67,,,RD242,,,
,27-07-2026,,,,,Waiting,,,,,,0.17,,,RD247,,,
,27-07-2026,,,,,LU Loading,,,,,,3.55,,,RD247,,,
,27-07-2026,,,,,Waiting,,,,,,0.52,,,RD242,,,
,27-07-2026,,,,,LU Loading,,,,,,3.43,,,RD242,,,
,27-07-2026,,,,,Waiting,,,,,,0.68,,,RD247,,,
,27-07-2026,,,,,LU Loading,,,,,,3.52,,,RD247,,,
,27-07-2026,,,,,Waiting,,,,,,5,,,RD247,,,
,27-07-2026,,,,,Spotting,,,,,,1.2,,,RD247,,,
,27-07-2026,,,,,LU Loading,,,,,,3.8,,,RD247,,,
,27-07-2026,,,,,Spotting,,,,,,0.5,,,RD242,,,
,27-07-2026,,,,,LU Loading,,,,,,5.07,,,RD242,,,
,27-07-2026,,,,,Waiting,,,,,,0.35,,,RD247,,,
,27-07-2026,,,,,Spotting,,,,,,0.18,,,RD247,,,
,27-07-2026,,,,,LU Loading,,,,,,4.35,,,RD247,,,
,27-07-2026,,,,,Waiting,,,,,,7.45,,,RD242,,,
,27-07-2026,,,,,Spotting,,,,,,1.12,,,RD242,,,
,27-07-2026,,,,,LU Loading,,,,,,5.32,,,RD242,,,
,27-07-2026,,,,,Waiting,,,,,,5.22,,,RD242,,,
,27-07-2026,,,,,LU Loading,,,,,,1.62,,,RD242,,,
,27-07-2026,,,,,Waiting,,,,,,0.02,,,RD247,,,
,27-07-2026,,,,,LU Loading,,,,,,0.02,,,RD247,,,
,27-07-2026,,,,,Waiting,,,,,,4.05,,,RD247,,,
,27-07-2026,,,,,LU Loading,,,,,,4.03,,,RD247,,,
,27-07-2026,,,,,Waiting,,,,,,4.63,,,RD250,,,
,27-07-2026,,,,,Shift Change,,,,,,21.57,,,RD250,,,
,27-07-2026,,,,,Shift Change,,,,,,117.13,,,RD250,,,
,27-07-2026,,,,,Blasting,,,,,,70.32,,,RD250,,,
,27-07-2026,,,,,Tea/ Breakfast / Snacks,,,,,,15.87,,,RD250,,,
,27-07-2026,,,,,Marching,,,,,,8.08,,,RD250,,,
,27-07-2026,,,,,LU Loading,,,,,,3.53,,,RD250,,,
,27-07-2026,,,,,Waiting,,,,,,1.28,,,RD121,,,
,27-07-2026,,,,,LU Loading,,,,,,0.18,,,RD121,,,
,27-07-2026,,,,,LU Loading,,,,,,2.42,,,RD121,,,
,27-07-2026,,,,,Waiting,,,,,,1.38,,,RD143,,,
,27-07-2026,,,,,LU Loading,,,,,,2.73,,,RD143,,,
,27-07-2026,,,,,Waiting,,,,,,7.32,,,RD233,,,
,27-07-2026,,,,,Spotting,,,,,,0.53,,,RD233,,,
,27-07-2026,,,,,LU Loading,,,,,,4.55,,,RD233,,,
,27-07-2026,,,,,Waiting,,,,,,1.93,,,RD250,,,
,27-07-2026,,,,,Spotting,,,,,,1.07,,,RD250,,,
,27-07-2026,,,,,LU Loading,,,,,,0.02,,,RD250,,,
,27-07-2026,,,,,LU Loading,,,,,,3.35,,,RD250,,,
,27-07-2026,,,,,Waiting,,,,,,0.1,,,RD121,,,
,27-07-2026,,,,,LU Loading,,,,,,2.7,,,RD121,,,
,27-07-2026,,,,,Waiting,,,,,,1,,,RD143,,,
,27-07-2026,,,,,LU Loading,,,,,,3.1,,,RD143,,,
,27-07-2026,,,,,Waiting,,,,,,10.88,,,RD243,,,
,27-07-2026,,,,,LU Loading,,,,,,4.05,,,RD243,,,
,27-07-2026,,,,,Waiting,,,,,,0.63,,,RD233,,,
,27-07-2026,,,,,LU Loading,,,,,,4.4,,,RD233,,,
,27-07-2026,,,,,LU Loading,,,,,,3.88,,,RD250,,,
,27-07-2026,,,,,Waiting,,,,,,0.33,,,RD121,,,
,27-07-2026,,,,,LU Loading,,,,,,3.07,,,RD121,,,
,27-07-2026,,,,,Waiting,,,,,,0.4,,,RD143,,,
,27-07-2026,,,,,Spotting,,,,,,0.72,,,RD143,,,
,27-07-2026,,,,,LU Loading,,,,,,3.87,,,RD143,,,
,27-07-2026,,,,,Waiting,,,,,,0.1,,,RD243,,,
,27-07-2026,,,,,Spotting,,,,,,1.35,,,RD243,,,
,27-07-2026,,,,,LU Loading,,,,,,4.07,,,RD243,,,
,27-07-2026,,,,,Waiting,,,,,,2.13,,,RD233,,,
,27-07-2026,,,,,Spotting,,,,,,0.7,,,RD233,,,
,27-07-2026,,,,,LU Loading,,,,,,4.83,,,RD233,,,
,27-07-2026,,,,,LU Loading,,,,,,3.28,,,RD250,,,
,27-07-2026,,,,,Waiting,,,,,,0.85,,,RD121,,,
,27-07-2026,,,,,Spotting,,,,,,0.9,,,RD121,,,
,27-07-2026,,,,,LU Loading,,,,,,3.13,,,RD121,,,
,27-07-2026,,,,,Waiting,,,,,,1.67,,,RD143,,,
,27-07-2026,,,,,Spotting,,,,,,0.37,,,RD143,,,
,27-07-2026,,,,,LU Loading,,,,,,5.18,,,RD143,,,
,27-07-2026,,,,,LU Loading,,,,,,5.22,,,RD243,,,
,27-07-2026,,,,,Waiting,,,,,,1.12,,,RD233,,,
,27-07-2026,,,,,Spotting,,,,,,0.23,,,RD233,,,
,27-07-2026,,,,,LU Loading,,,,,,4.15,,,RD233,,,
,27-07-2026,,,,,Waiting,,,,,,1.07,,,RD121,,,
,27-07-2026,,,,,Spotting,,,,,,0.33,,,RD121,,,
,27-07-2026,,,,,LU Loading,,,,,,2.97,,,RD121,,,
,27-07-2026,,,,,Waiting,,,,,,4.8,,,RD143,,,
,27-07-2026,,,,,LU Loading,,,,,,5.03,,,RD143,,,
,27-07-2026,,,,,Waiting,,,,,,0.63,,,RD243,,,
,27-07-2026,,,,,LU Loading,,,,,,4.65,,,RD243,,,
,27-07-2026,,,,,Waiting,,,,,,0.55,,,RD250,,,
,27-07-2026,,,,,LU Loading,,,,,,3.83,,,RD250,,,
,27-07-2026,,,,,Waiting,,,,,,0.72,,,RD121,,,
,27-07-2026,,,,,Spotting,,,,,,0.23,,,RD121,,,
,27-07-2026,,,,,LU Loading,,,,,,2.82,,,RD121,,,
,27-07-2026,,,,,Waiting,,,,,,2.53,,,RD143,,,
,27-07-2026,,,,,LU Loading,,,,,,5.12,,,RD143,,,
,27-07-2026,,,,,LU Loading,,,,,,3.45,,,RD233,,,
,27-07-2026,,,,,LU Loading,,,,,,5.22,,,RD243,,,
,27-07-2026,,,,,LU Loading,,,,,,3.65,,,RD250,,,
,27-07-2026,,,,,Waiting,,,,,,0.68,,,RD121,,,
,27-07-2026,,,,,LU Loading,,,,,,3.52,,,RD121,,,
,27-07-2026,,,,,Waiting,,,,,,17.97,,,RD237,,,
,27-07-2026,,,,,LU Loading,,,,,,0.37,,,RD237,,,
,27-07-2026,,,,,LU Loading,,,,,,3.55,,,RD233,,,
,27-07-2026,,,,,LU Loading,,,,,,4.88,,,RD243,,,
,27-07-2026,,,,,LU Loading,,,,,,4.07,,,RD250,,,
,27-07-2026,,,,,Waiting,,,,,,1.27,,,RD121,,,
,27-07-2026,,,,,LU Loading,,,,,,0.02,,,RD121,,,
,27-07-2026,,,,,Waiting,,,,,,0.17,,,RD121,,,
,27-07-2026,,,,,LU Loading,,,,,,2.38,,,RD121,,,
,27-07-2026,,,,,Waiting,,,,,,1.32,,,RD228,,,
,27-07-2026,,,,,LU Loading,,,,,,3.73,,,RD228,,,
,27-07-2026,,,,,Spotting,,,,,,0.3,,,RD233,,,
,27-07-2026,,,,,LU Loading,,,,,,2.92,,,RD233,,,
,27-07-2026,,,,,LU Loading,,,,,,3.18,,,RD250,,,
,27-07-2026,,,,,Waiting,,,,,,0.35,,,RD143,,,
,27-07-2026,,,,,LU Loading,,,,,,3.43,,,RD143,,,
,27-07-2026,,,,,Waiting,,,,,,0.35,,,RD243,,,
,27-07-2026,,,,,Spotting,,,,,,0.4,,,RD243,,,
,27-07-2026,,,,,LU Loading,,,,,,3.38,,,RD243,,,
,27-07-2026,,,,,Waiting,,,,,,0.08,,,RD121,,,
,27-07-2026,,,,,Spotting,,,,,,0.28,,,RD121,,,
,27-07-2026,,,,,LU Loading,,,,,,2.45,,,RD121,,,
,27-07-2026,,,,,Waiting,,,,,,3.25,,,RD250,,,
,27-07-2026,,,,,LU Loading,,,,,,2.62,,,RD250,,,
,27-07-2026,,,,,Waiting,,,,,,0.45,,,RD233,,,
,27-07-2026,,,,,LU Loading,,,,,,2.85,,,RD233,,,
,27-07-2026,,,,,Waiting,,,,,,3.02,,,RD243,,,
,27-07-2026,,,,,Spotting,,,,,,0.32,,,RD243,,,
,27-07-2026,,,,,LU Loading,,,,,,2.33,,,RD243,,,
,27-07-2026,,,,,Waiting,,,,,,11.95,,,RD238,,,
,27-07-2026,,,,,Shift Change,,,,,,24.45,,,RD238,,,
,27-07-2026,,,,,Shift Change,,,,,,46.13,,,RD238,,,
,27-07-2026,,,,,LU Loading,,,,,,3.47,,,RD238,,,
,27-07-2026,,,,,Waiting,,,,,,0.55,,,RD249,,,
,27-07-2026,,,,,LU Loading,,,,,,5.63,,,RD249,,,
,27-07-2026,,,,,Waiting,,,,,,0.58,,,RD235,,,
,27-07-2026,,,,,LU Loading,,,,,,4.52,,,RD235,,,
,27-07-2026,,,,,Waiting,,,,,,8.42,,,RD238,,,
,27-07-2026,,,,,Spotting,,,,,,0.43,,,RD238,,,
,27-07-2026,,,,,LU Loading,,,,,,3.53,,,RD238,,,
,27-07-2026,,,,,Waiting,,,,,,3.33,,,RD235,,,
,27-07-2026,,,,,LU Loading,,,,,,4.75,,,RD235,,,
,27-07-2026,,,,,LU Loading,,,,,,4.13,,,RD249,,,
,27-07-2026,,,,,Waiting,,,,,,0.48,,,RD246,,,
,27-07-2026,,,,,LU Loading,,,,,,3.63,,,RD246,,,
,27-07-2026,,,,,LU Loading,,,,,,3.12,,,RD238,,,
,27-07-2026,,,,,Waiting,,,,,,10.7,,,RD235,,,
,27-07-2026,,,,,LU Loading,,,,,,5.05,,,RD235,,,
,27-07-2026,,,,,Waiting,,,,,,0.27,,,RD249,,,
,27-07-2026,,,,,LU Loading,,,,,,6.47,,,RD249,,,
,27-07-2026,,,,,LU Loading,,,,,,5.57,,,RD246,,,
,28-07-2026,,,,,LU Loading,,,,,,4.23,,,RD238,,,
,28-07-2026,,,,,Waiting,,,,,,2.65,,,RD235,,,
,28-07-2026,,,,,Spotting,,,,,,2.48,,,RD235,,,
,28-07-2026,,,,,LU Loading,,,,,,6.2,,,RD235,,,
,28-07-2026,,,,,LU Loading,,,,,,5.4,,,RD249,,,
,28-07-2026,,,,,Waiting,,,,,,14.58,,,RD246,,,
,28-07-2026,,,,,LU Loading,,,,,,5.35,,,RD246,,,
,28-07-2026,,,,,LU Loading,,,,,,4.08,,,RD238,,,
,28-07-2026,,,,,Waiting,,,,,,0.35,,,RD235,,,
,28-07-2026,,,,,LU Loading,,,,,,4.8,,,RD235,,,
,28-07-2026,,,,,LU Loading,,,,,,5.63,,,RD249,,,
,28-07-2026,,,,,Waiting,,,,,,14.92,,,RD246,,,
,28-07-2026,,,,,Tea/ Breakfast / Snacks,,,,,,55.25,,,RD246,,,
,28-07-2026,,,,,LU Loading,,,,,,10.55,,,RD246,,,
,28-07-2026,,,,,LU Loading,,,,,,3.62,,,RD249,,,
,28-07-2026,,,,,Waiting,,,,,,0.03,,,RD235,,,
,28-07-2026,,,,,LU Loading,,,,,,3.63,,,RD235,,,
,28-07-2026,,,,,LU Loading,,,,,,3.68,,,RD238,,,
,28-07-2026,,,,,Waiting,,,,,,7.98,,,RD246,,,
,28-07-2026,,,,,LU Loading,,,,,,4.6,,,RD246,,,
,28-07-2026,,,,,LU Loading,,,,,,0.22,,,RD249,,,
,28-07-2026,,,,,LU Loading,,,,,,3.38,,,RD249,,,
,28-07-2026,,,,,Waiting,,,,,,0.07,,,RD235,,,
,28-07-2026,,,,,LU Loading,,,,,,3.8,,,RD235,,,
,28-07-2026,,,,,Waiting,,,,,,0.17,,,RD238,,,
,28-07-2026,,,,,LU Loading,,,,,,3.7,,,RD238,,,
,28-07-2026,,,,,Waiting,,,,,,6.23,,,RD246,,,
,28-07-2026,,,,,LU Loading,,,,,,5.72,,,RD246,,,
,28-07-2026,,,,,LU Loading,,,,,,6.42,,,RD249,,,
,28-07-2026,,,,,LU Loading,,,,,,0.67,,,RD235,,,
,28-07-2026,,,,,Spotting,,,,,,0.02,,,RD227,,,
,28-07-2026,,,,,LU Loading,,,,,,3.92,,,RD227,,,
,28-07-2026,,,,,Waiting,,,,,,0.03,,,RD238,,,
,28-07-2026,,,,,LU Loading,,,,,,5.35,,,RD238,,,
,28-07-2026,,,,,Waiting,,,,,,6.53,,,RD246,,,
,28-07-2026,,,,,LU Loading,,,,,,6,,,RD246,,,
,28-07-2026,,,,,LU Loading,,,,,,3.97,,,RD235,,,
,28-07-2026,,,,,LU Loading,,,,,,4.23,,,RD227,,,
,28-07-2026,,,,,Waiting,,,,,,1,,,RD238,,,
,28-07-2026,,,,,Spotting,,,,,,0.45,,,RD238,,,
,28-07-2026,,,,,LU Loading,,,,,,4.22,,,RD238,,,
,28-07-2026,,,,,Waiting,,,,,,0.43,,,RD249,,,
,28-07-2026,,,,,LU Loading,,,,,,3.88,,,RD249,,,
,28-07-2026,,,,,LU Loading,,,,,,4.83,,,RD246,,,
,28-07-2026,,,,,LU Loading,,,,,,3.53,,,RD227,,,
,28-07-2026,,,,,Waiting,,,,,,1.03,,,RD238,,,
,28-07-2026,,,,,LU Loading,,,,,,4.82,,,RD238,,,
,28-07-2026,,,,,Waiting,,,,,,2.55,,,RD249,,,
,28-07-2026,,,,,LU Loading,,,,,,4.33,,,RD249,,,
,28-07-2026,,,,,LU Loading,,,,,,3.98,,,RD227,,,
,28-07-2026,,,,,LU Loading,,,,,,4.97,,,RD246,,,
,28-07-2026,,,,,LU Loading,,,,,,1.92,,,RD238,,,
,28-07-2026,,,,,LU Loading,,,,,,0.05,,,RD227,,,
,28-07-2026,,,,,Waiting,,,,,,1.18,,,RD235,,,
,28-07-2026,,,,,LU Loading,,,,,,4.92,,,RD235,,,
,28-07-2026,,,,,Waiting,,,,,,2.02,,,RD249,,,
,28-07-2026,,,,,LU Loading,,,,,,3.95,,,RD249,,,
,28-07-2026,,,,,LU Loading,,,,,,4.25,,,RD227,,,
,28-07-2026,,,,,LU Loading,,,,,,4.05,,,RD238,,,
,28-07-2026,,,,,LU Loading,,,,,,5.95,,,RD246,,,
,28-07-2026,,,,,Waiting,,,,,,0.58,,,RD235,,,
,28-07-2026,,,,,LU Loading,,,,,,4.4,,,RD235,,,
,28-07-2026,,,,,Spotting,,,,,,0.1,,,RD249,,,
,28-07-2026,,,,,LU Loading,,,,,,4.57,,,RD249,,,
,28-07-2026,,,,,Waiting,,,,,,0.08,,,RD227,,,
,28-07-2026,,,,,LU Loading,,,,,,5.23,,,RD227,,,
,28-07-2026,,,,,LU Loading,,,,,,5.35,,,RD238,,,
,28-07-2026,,,,,LU Loading,,,,,,3.43,,,RD243,,,
,28-07-2026,,,,,LU Loading,,,,,,3.67,,,RD246,,,
,28-07-2026,,,,,Waiting,,,,,,0.02,,,RD235,,,
,28-07-2026,,,,,LU Loading,,,,,,4,,,RD235,,,
,28-07-2026,,,,,LU Loading,,,,,,3.78,,,RD247,,,
,28-07-2026,,,,,Waiting,,,,,,8.03,,,RD237,,,
,28-07-2026,,,,,Shift Change,,,,,,27.22,,,RD237,,,
,28-07-2026,,,,,,,,,,,,,,,,,
,Timestamp,,,,,Status Code,,Sub-Status Code,,,,"Duration
(min)",,,Hauling Unit,,,
,28-07-2026,,,,,Shift Change,,,,,,23.43,,,RD237,,,
,28-07-2026,,,,,LU Loading,,,,,,4.48,,,RD237,,,
,28-07-2026,,,,,Waiting,,,,,,20.32,,,RD250,,,
,28-07-2026,,,,,LU Loading,,,,,,2.92,,,RD250,,,
,28-07-2026,,,,,Waiting,,,,,,0.67,,,RD250,,,
,28-07-2026,,,,,LU Loading,,,,,,1.32,,,RD250,,,
,28-07-2026,,,,,Marching,,,,,,24.52,,,RD141,,,
,28-07-2026,,,,,Waiting,,,,,,22.53,,,RD141,,,
,28-07-2026,,,,,LU Loading,,,,,,0.2,,,RD141,,,
,28-07-2026,,,,,Waiting,,,,,,0.78,,,RD121,,,
,28-07-2026,,,,,LU Loading,,,,,,0.1,,,RD121,,,
,28-07-2026,,,,,Waiting,,,,,,0.27,,,RD226,,,
,28-07-2026,,,,,LU Loading,,,,,,0.05,,,RD226,,,
,28-07-2026,,,,,Waiting,,,,,,26.43,,,RD233,,,
,28-07-2026,,,,,LU Loading,,,,,,0.07,,,RD233,,,
,28-07-2026,,,,,Waiting,,,,,,23.2,,,RD121,,,
,28-07-2026,,,,,LU Loading,,,,,,0.07,,,RD121,,,
,28-07-2026,,,,,Waiting,,,,,,4.93,,,RD233,,,
,28-07-2026,,,,,LU Loading,,,,,,0.07,,,RD233,,,
,28-07-2026,,,,,Waiting,,,,,,0.1,,,RD143,,,
,28-07-2026,,,,,LU Loading,,,,,,0.08,,,RD143,,,
,28-07-2026,,,,,Waiting,,,,,,15.27,,,RD121,,,
,28-07-2026,,,,,LU Loading,,,,,,0.05,,,RD121,,,
,28-07-2026,,,,,Waiting,,,,,,12.87,,,RD132,,,
,28-07-2026,,,,,LU Loading,,,,,,20.32,,,RD132,,,
,28-07-2026,,,,,LU Loading,,,,,,0.03,,,RD226,,,
,28-07-2026,,,,,Waiting,,,,,,47.52,,,RD121,,,
,28-07-2026,,,,,LU Loading,,,,,,0.07,,,RD121,,,
,28-07-2026,,,,,Waiting,,,,,,0.13,,,RD121,,,
,28-07-2026,,,,,LU Loading,,,,,,0.07,,,RD121,,,
,28-07-2026,,,,,Waiting,,,,,,5.08,,,RD226,,,
,28-07-2026,,,,,LU Loading,,,,,,0.07,,,RD226,,,
,28-07-2026,,,,,Waiting,,,,,,0.22,,,RD143,,,
,28-07-2026,,,,,LU Loading,,,,,,0.05,,,RD143,,,
,28-07-2026,,,,,Waiting,,,,,,6.25,,,RD132,,,
,28-07-2026,,,,,LU Loading,,,,,,0.05,,,RD132,,,
,28-07-2026,,,,,Waiting,,,,,,7.48,,,RD233,,,
,28-07-2026,,,,,LU Loading,,,,,,0.05,,,RD233,,,
,28-07-2026,,,,,Waiting,,,,,,4.73,,,RD121,,,
,28-07-2026,,,,,LU Loading,,,,,,0.03,,,RD121,,,
,28-07-2026,,,,,Waiting,,,,,,4.2,,,RD226,,,
,28-07-2026,,,,,LU Loading,,,,,,0.05,,,RD226,,,
,28-07-2026,,,,,Waiting,,,,,,9.87,,,RD233,,,
,28-07-2026,,,,,LU Loading,,,,,,3.25,,,RD233,,,
,28-07-2026,,,,,Waiting,,,,,,0.02,,,RD132,,,
,28-07-2026,,,,,LU Loading,,,,,,0.02,,,RD132,,,
,28-07-2026,,,,,Waiting,,,,,,3.15,,,RD143,,,
,28-07-2026,,,,,LU Loading,,,,,,3.63,,,RD143,,,
,28-07-2026,,,,,Waiting,,,,,,1.07,,,RD121,,,
,28-07-2026,,,,,LU Loading,,,,,,2.88,,,RD121,,,
,28-07-2026,,,,,Waiting,,,,,,0.6,,,RD226,,,
,28-07-2026,,,,,Spotting,,,,,,0.92,,,RD226,,,
,28-07-2026,,,,,LU Loading,,,,,,3.15,,,RD226,,,
,28-07-2026,,,,,Waiting,,,,,,9.47,,,RD132,,,
,28-07-2026,,,,,LU Loading,,,,,,1.82,,,RD132,,,
,28-07-2026,,,,,Waiting,,,,,,10.45,,,RD143,,,
,28-07-2026,,,,,Spotting,,,,,,1.28,,,RD143,,,
,28-07-2026,,,,,LU Loading,,,,,,3.35,,,RD143,,,
,28-07-2026,,,,,Waiting,,,,,,3.03,,,RD121,,,
,28-07-2026,,,,,LU Loading,,,,,,27.22,,,RD121,,,
,28-07-2026,,,,,LU Loading,,,,,,0.05,,,RD141,,,
,28-07-2026,,,,,Waiting,,,,,,0.18,,,RD226,,,
,28-07-2026,,,,,LU Loading,,,,,,0.07,,,RD226,,,
,28-07-2026,,,,,Waiting,,,,,,1.48,,,RD132,,,
,28-07-2026,,,,,Spotting,,,,,,0.2,,,RD132,,,
,28-07-2026,,,,,LU Loading,,,,,,4.45,,,RD132,,,
,28-07-2026,,,,,Waiting,,,,,,1.6,,,RD126,,,
,28-07-2026,,,,,LU Loading,,,,,,2.95,,,RD126,,,
,28-07-2026,,,,,LU Loading,,,,,,5.18,,,RD143,,,
,28-07-2026,,,,,Waiting,,,,,,4.37,,,RD121,,,
,28-07-2026,,,,,LU Loading,,,,,,4.03,,,RD121,,,
,28-07-2026,,,,,Waiting,,,,,,7,,,RD226,,,
,28-07-2026,,,,,Spotting,,,,,,0.15,,,RD226,,,
,28-07-2026,,,,,LU Loading,,,,,,2.98,,,RD226,,,
,28-07-2026,,,,,Waiting,,,,,,2.98,,,RD141,,,
,28-07-2026,,,,,LU Loading,,,,,,0.42,,,RD141,,,
,28-07-2026,,,,,Waiting,,,,,,0.43,,,RD141,,,
,28-07-2026,,,,,LU Loading,,,,,,3.5,,,RD141,,,
,28-07-2026,,,,,Waiting,,,,,,8.58,,,RD126,,,
,28-07-2026,,,,,Spotting,,,,,,0.27,,,RD126,,,
,28-07-2026,,,,,LU Loading,,,,,,3.67,,,RD126,,,
,28-07-2026,,,,,Waiting,,,,,,0.25,,,RD143,,,
,28-07-2026,,,,,LU Loading,,,,,,5.4,,,RD143,,,
,28-07-2026,,,,,LU Loading,,,,,,6.43,,,RD243,,,
,28-07-2026,,,,,LU Loading,,,,,,3.55,,,RD226,,,
,28-07-2026,,,,,Waiting,,,,,,4.72,,,RD121,,,
,28-07-2026,,,,,LU Loading,,,,,,0.02,,,RD121,,,
,28-07-2026,,,,,Waiting,,,,,,26.97,,,RD227,,,
,28-07-2026,,,,,Shift Change,,,,,,11.83,,,RD227,,,
,28-07-2026,,,,,Shift Change,,,,,,44.4,,,RD227,,,
,28-07-2026,,,,,Blasting,,,,,,122.02,,,RD227,,,
,28-07-2026,,,,,LU Loading,,,,,,0.12,,,RD227,,,
,28-07-2026,,,,,Waiting,,,,,,1.53,,,RD227,,,
,28-07-2026,,,,,LU Loading,,,,,,0.43,,,RD227,,,
,28-07-2026,,,,,Waiting,,,,,,0.42,,,RD126,,,
,28-07-2026,,,,,LU Loading,,,,,,3.55,,,RD126,,,
,28-07-2026,,,,,Waiting,,,,,,1.05,,,RD226,,,
,28-07-2026,,,,,LU Loading,,,,,,4.1,,,RD226,,,
,28-07-2026,,,,,Waiting,,,,,,0.02,,,RD253,,,
,28-07-2026,,,,,LU Loading,,,,,,7.1,,,RD253,,,
,28-07-2026,,,,,LU Loading,,,,,,3.25,,,RD121,,,
,28-07-2026,,,,,Waiting,,,,,,1.53,,,RD141,,,
,28-07-2026,,,,,LU Loading,,,,,,10.8,,,RD141,,,
,28-07-2026,,,,,Waiting,,,,,,3.42,,,RD227,,,
,28-07-2026,,,,,Spotting,,,,,,1.75,,,RD227,,,
,28-07-2026,,,,,LU Loading,,,,,,2.67,,,RD227,,,
,28-07-2026,,,,,Waiting,,,,,,4.42,,,RD126,,,
,28-07-2026,,,,,LU Loading,,,,,,2.93,,,RD126,,,
,28-07-2026,,,,,Waiting,,,,,,0.88,,,RD226,,,
,28-07-2026,,,,,Spotting,,,,,,0.38,,,RD226,,,
,28-07-2026,,,,,LU Loading,,,,,,2.72,,,RD226,,,
,28-07-2026,,,,,Waiting,,,,,,3.22,,,RD121,,,
,28-07-2026,,,,,LU Loading,,,,,,2.4,,,RD121,,,
,28-07-2026,,,,,Waiting,,,,,,3.27,,,RD141,,,
,28-07-2026,,,,,LU Loading,,,,,,2.47,,,RD141,,,
,28-07-2026,,,,,Waiting,,,,,,3.9,,,RD253,,,
,28-07-2026,,,,,Spotting,,,,,,0.72,,,RD253,,,
,28-07-2026,,,,,LU Loading,,,,,,2.45,,,RD253,,,
,28-07-2026,,,,,Waiting,,,,,,8.17,,,RD238,,,
,28-07-2026,,,,,LU Loading,,,,,,3.23,,,RD238,,,
,28-07-2026,,,,,Waiting,,,,,,1.73,,,RD126,,,
,28-07-2026,,,,,Spotting,,,,,,0.58,,,RD126,,,
,28-07-2026,,,,,LU Loading,,,,,,3.3,,,RD126,,,
,28-07-2026,,,,,Waiting,,,,,,4.85,,,RD141,,,
,28-07-2026,,,,,Spotting,,,,,,0.57,,,RD141,,,
,28-07-2026,,,,,LU Loading,,,,,,2.5,,,RD141,,,
,28-07-2026,,,,,Waiting,,,,,,1.3,,,RD227,,,
,28-07-2026,,,,,LU Loading,,,,,,3.17,,,RD227,,,
,28-07-2026,,,,,Waiting,,,,,,2.7,,,RD230,,,
,28-07-2026,,,,,LU Loading,,,,,,4.8,,,RD230,,,
,28-07-2026,,,,,LU Loading,,,,,,3.05,,,RD226,,,
,28-07-2026,,,,,Waiting,,,,,,6.15,,,RD238,,,
,28-07-2026,,,,,Spotting,,,,,,1.33,,,RD238,,,
,28-07-2026,,,,,LU Loading,,,,,,6.37,,,RD238,,,
,28-07-2026,,,,,LU Loading,,,,,,6.53,,,RD253,,,
,28-07-2026,,,,,LU Loading,,,,,,3.08,,,RD126,,,
,28-07-2026,,,,,Waiting,,,,,,0.52,,,RD227,,,
,28-07-2026,,,,,LU Loading,,,,,,2.88,,,RD227,,,
,28-07-2026,,,,,Waiting,,,,,,0.52,,,RD226,,,
,28-07-2026,,,,,Spotting,,,,,,0.7,,,RD226,,,
,28-07-2026,,,,,LU Loading,,,,,,3.53,,,RD226,,,
,28-07-2026,,,,,Waiting,,,,,,0.65,,,RD230,,,
,28-07-2026,,,,,LU Loading,,,,,,4.32,,,RD230,,,
,28-07-2026,,,,,Waiting,,,,,,8.48,,,RD121,,,
,28-07-2026,,,,,LU Loading,,,,,,3.43,,,RD121,,,
,28-07-2026,,,,,Waiting,,,,,,0.02,,,RD253,,,
,28-07-2026,,,,,Spotting,,,,,,0.85,,,RD253,,,
,28-07-2026,,,,,LU Loading,,,,,,4.2,,,RD253,,,
,28-07-2026,,,,,Waiting,,,,,,1.18,,,RD141,,,
,28-07-2026,,,,,LU Loading,,,,,,3.13,,,RD141,,,
,28-07-2026,,,,,Waiting,,,,,,0.6,,,RD227,,,
,28-07-2026,,,,,LU Loading,,,,,,8.3,,,RD227,,,
,28-07-2026,,,,,Waiting,,,,,,0.42,,,RD226,,,
,28-07-2026,,,,,LU Loading,,,,,,8.25,,,RD226,,,
,28-07-2026,,,,,Waiting,,,,,,2.18,,,RD230,,,
,28-07-2026,,,,,LU Loading,,,,,,8.37,,,RD230,,,
,28-07-2026,,,,,LU Loading,,,,,,3.15,,,RD253,,,
,28-07-2026,,,,,Waiting,,,,,,3.63,,,RD141,,,
,28-07-2026,,,,,Spotting,,,,,,0.65,,,RD141,,,
,28-07-2026,,,,,LU Loading,,,,,,3.5,,,RD141,,,
,28-07-2026,,,,,Waiting,,,,,,10.02,,,RD121,,,
,28-07-2026,,,,,LU Loading,,,,,,4.02,,,RD121,,,
,28-07-2026,,,,,LU Loading,,,,,,2.55,,,RD227,,,
,28-07-2026,,,,,LU Loading,,,,,,4.88,,,RD226,,,
,28-07-2026,,,,,Waiting,,,,,,14.55,,,RD248,,,
,28-07-2026,,,,,Marching,,,,,,27.1,,,RD248,,,
,28-07-2026,,,,,Schedule No Work,,,,,,42.1,,,RD248,,,
,28-07-2026,,,,,Schedule No Work,,,,,,64.88,,,RD248,,,
,28-07-2026,,,,,Waiting,,,,,,0.8,,,RD248,,,
,28-07-2026,,,,,Schedule No Work,,,,,,414.32,,,RD248,,,
,29-07-2026,,,,,,,,,,,,,,,,,
,Timestamp,,,,,Status Code,,Sub-Status Code,,,,"Duration
(min)",,,Hauling Unit,,,
,29-07-2026,,,,,Schedule No Work,,,,,,480,,,RD248,,,
,29-07-2026,,,,,Schedule No Work,,,,,,480,,,RD248,,,
,29-07-2026,,,,,Schedule No Work,,,,,,480,,,RD248,,,
,30-07-2026,,,,,,,,,,,,,,,,,
,Timestamp,,,,,Status Code,,Sub-Status Code,,,,"Duration
(min)",,,Hauling Unit,,,
,30-07-2026,,,,,Schedule No Work,,,,,,480,,,RD248,,,
,30-07-2026,,,,,Schedule No Work,,,,,,60.23,,,RD248,,,
,30-07-2026,,,,,Marching,,,,,,59.22,,,RD248,,,
,30-07-2026,,,,,Waiting,,,,,,2.58,,,RD248,,,
,30-07-2026,,,,,LU Loading,,,,,,0.08,,,RD248,,,
,30-07-2026,,,,,Waiting,,,,,,0.35,,,RD229,,,
,30-07-2026,,,,,LU Loading,,,,,,0.08,,,RD229,,,
,30-07-2026,,,,,Waiting,,,,,,7.87,,,RD141,,,
,30-07-2026,,,,,LU Loading,,,,,,2.07,,,RD141,,,
,30-07-2026,,,,,LU Loading,,,,,,4.38,,,RD126,,,
,30-07-2026,,,,,Waiting,,,,,,1.4,,,RD253,,,
,30-07-2026,,,,,LU Loading,,,,,,19.22,,,RD253,,,
,30-07-2026,,,,,Waiting,,,,,,2.07,,,RD226,,,
,30-07-2026,,,,,LU Loading,,,,,,5.52,,,RD226,,,
,30-07-2026,,,,,Waiting,,,,,,0.28,,,RD248,,,
,30-07-2026,,,,,Spotting,,,,,,0.43,,,RD248,,,
,30-07-2026,,,,,LU Loading,,,,,,5.55,,,RD248,,,
,30-07-2026,,,,,Waiting,,,,,,1.55,,,RD231,,,
,30-07-2026,,,,,LU Loading,,,,,,5.92,,,RD231,,,
,30-07-2026,,,,,Waiting,,,,,,2.58,,,RD227,,,
,30-07-2026,,,,,LU Loading,,,,,,4.28,,,RD227,,,
,30-07-2026,,,,,LU Loading,,,,,,3.73,,,RD229,,,
,30-07-2026,,,,,LU Loading,,,,,,6.82,,,RD141,,,
,30-07-2026,,,,,Waiting,,,,,,13.07,,,RD126,,,
,30-07-2026,,,,,Spotting,,,,,,0.43,,,RD126,,,
,30-07-2026,,,,,LU Loading,,,,,,0.38,,,RD126,,,
,30-07-2026,,,,, Down,,,,,,85.38,,,RD229,,,
,30-07-2026,,,,,Waiting,,,,,,0.13,,,RD229,,,
,30-07-2026,,,,,LU Loading,,,,,,2.52,,,RD229,,,
,30-07-2026,,,,,LU Loading,,,,,,2.87,,,RD226,,,
,30-07-2026,,,,,LU Loading,,,,,,2.92,,,RD248,,,
,30-07-2026,,,,,Waiting,,,,,,14.82,,,RD121,,,
,30-07-2026,,,,,LU Loading,,,,,,2.22,,,RD121,,,
,30-07-2026,,,,,Waiting,,,,,,0.33,,,RD238,,,
,30-07-2026,,,,,Spotting,,,,,,0.47,,,RD238,,,
,30-07-2026,,,,,LU Loading,,,,,,2.7,,,RD238,,,
,30-07-2026,,,,,Waiting,,,,,,0.38,,,RD231,,,
,30-07-2026,,,,,LU Loading,,,,,,2.62,,,RD231,,,
,30-07-2026,,,,,Waiting,,,,,,0.12,,,RD232,,,
,30-07-2026,,,,,LU Loading,,,,,,2.78,,,RD232,,,
,30-07-2026,,,,,Spotting,,,,,,0.17,,,RD229,,,
,30-07-2026,,,,,LU Loading,,,,,,3.02,,,RD229,,,
,30-07-2026,,,,,Spotting,,,,,,0.4,,,RD226,,,
,30-07-2026,,,,,LU Loading,,,,,,2.63,,,RD226,,,
,30-07-2026,,,,,Waiting,,,,,,0.03,,,RD141,,,
,30-07-2026,,,,,LU Loading,,,,,,2.58,,,RD141,,,
,30-07-2026,,,,,LU Loading,,,,,,3.48,,,RD253,,,
,30-07-2026,,,,,Waiting,,,,,,3.9,,,RD238,,,
,30-07-2026,,,,,Spotting,,,,,,0.77,,,RD238,,,
,30-07-2026,,,,,LU Loading,,,,,,2.52,,,RD238,,,
,30-07-2026,,,,,Waiting,,,,,,2.12,,,RD248,,,
,30-07-2026,,,,,LU Loading,,,,,,3.5,,,RD248,,,
,30-07-2026,,,,,Waiting,,,,,,4.05,,,RD227,,,
,30-07-2026,,,,,LU Loading,,,,,,3.38,,,RD227,,,
,30-07-2026,,,,,Waiting,,,,,,0.63,,,RD231,,,
,30-07-2026,,,,,LU Loading,,,,,,3.57,,,RD231,,,
,30-07-2026,,,,,Waiting,,,,,,4.98,,,RD226,,,
,30-07-2026,,,,,LU Loading,,,,,,4.73,,,RD226,,,
,30-07-2026,,,,,LU Loading,,,,,,3.15,,,RD229,,,
,30-07-2026,,,,,Waiting,,,,,,0.37,,,RD253,,,
,30-07-2026,,,,,LU Loading,,,,,,4.78,,,RD253,,,
,30-07-2026,,,,,Waiting,,,,,,4.73,,,RD126,,,
,30-07-2026,,,,,LU Loading,,,,,,1.17,,,RD126,,,
,30-07-2026,,,,,LU Loading,,,,,,0.07,,,RD253,,,
,30-07-2026,,,,,Waiting,,,,,,0.65,,,RD126,,,
,30-07-2026,,,,,LU Loading,,,,,,2.38,,,RD126,,,
,30-07-2026,,,,,Waiting,,,,,,0.97,,,RD248,,,
,30-07-2026,,,,,LU Loading,,,,,,8.08,,,RD248,,,
,30-07-2026,,,,,LU Loading,,,,,,5.4,,,RD227,,,
,30-07-2026,,,,,Waiting,,,,,,3.47,,,RD231,,,
,30-07-2026,,,,,LU Loading,,,,,,5.62,,,RD231,,,
,30-07-2026,,,,,LU Loading,,,,,,0.67,,,RD251,,,
,30-07-2026,,,,,LU Loading,,,,,,4.62,,,RD141,,,
,30-07-2026,,,,,Waiting,,,,,,0.4,,,RD229,,,
,30-07-2026,,,,,Spotting,,,,,,0.43,,,RD229,,,
,30-07-2026,,,,,LU Loading,,,,,,2.35,,,RD229,,,
,30-07-2026,,,,,Waiting,,,,,,0.1,,,RD226,,,
,30-07-2026,,,,,Spotting,,,,,,0.28,,,RD226,,,
,30-07-2026,,,,,LU Loading,,,,,,2.82,,,RD226,,,
,30-07-2026,,,,,Spotting,,,,,,0.28,,,RD253,,,
,30-07-2026,,,,,LU Loading,,,,,,3.82,,,RD253,,,
,30-07-2026,,,,,Waiting,,,,,,0.25,,,RD248,,,
,30-07-2026,,,,,Spotting,,,,,,0.42,,,RD248,,,
,30-07-2026,,,,,LU Loading,,,,,,6.42,,,RD248,,,
,30-07-2026,,,,,Waiting,,,,,,0.05,,,RD227,,,
,30-07-2026,,,,,LU Loading,,,,,,3.75,,,RD227,,,
,30-07-2026,,,,,Waiting,,,,,,1.77,,,RD235,,,
,30-07-2026,,,,,LU Loading,,,,,,2.13,,,RD235,,,
,30-07-2026,,,,,Waiting,,,,,,1.73,,,RD247,,,
,30-07-2026,,,,,LU Loading,,,,,,2.13,,,RD247,,,
,30-07-2026,,,,,Waiting,,,,,,0.57,,,RD251,,,
,30-07-2026,,,,,LU Loading,,,,,,2.08,,,RD251,,,
,30-07-2026,,,,,Waiting,,,,,,2.18,,,RD229,,,
,30-07-2026,,,,,LU Loading,,,,,,2.72,,,RD229,,,
,30-07-2026,,,,,Waiting,,,,,,1.93,,,RD244,,,
,30-07-2026,,,,,LU Loading,,,,,,2.85,,,RD244,,,
,30-07-2026,,,,,Waiting,,,,,,5.42,,,RD226,,,
,30-07-2026,,,,,LU Loading,,,,,,3.32,,,RD226,,,
,30-07-2026,,,,,Waiting,,,,,,5.33,,,RD235,,,
,30-07-2026,,,,,LU Loading,,,,,,1.53,,,RD235,,,
,30-07-2026,,,,,LU Loading,,,,,,1.05,,,RD235,,,
,30-07-2026,,,,,Waiting,,,,,,0.08,,,RD247,,,
,30-07-2026,,,,,Spotting,,,,,,0.4,,,RD247,,,
,30-07-2026,,,,,LU Loading,,,,,,2.47,,,RD247,,,
,30-07-2026,,,,,Waiting,,,,,,6.57,,,RD229,,,
,30-07-2026,,,,,LU Loading,,,,,,2.78,,,RD229,,,
,30-07-2026,,,,,Waiting,,,,,,2.37,,,RD244,,,
,30-07-2026,,,,,LU Loading,,,,,,3.7,,,RD244,,,
,30-07-2026,,,,,Waiting,,,,,,2.17,,,RD141,,,
,30-07-2026,,,,,Change Operators,,,,,,18.2,,,RD141,,,
,30-07-2026,,,,,LU Loading,,,,,,3.28,,,RD141,,,
,30-07-2026,,,,,Change Operators,,,,,,7.02,,,RD141,,,
,30-07-2026,,,,,Waiting,,,,,,0.03,,,RD141,,,
,30-07-2026,,,,,LU Loading,,,,,,3.75,,,RD141,,,
,30-07-2026,,,,,Waiting,,,,,,0.65,,,RD126,,,
,30-07-2026,,,,,Spotting,,,,,,1.03,,,RD126,,,
,30-07-2026,,,,,LU Loading,,,,,,4.88,,,RD126,,,
,30-07-2026,,,,,Waiting,,,,,,3.1,,,RD226,,,
,30-07-2026,,,,,LU Loading,,,,,,4.27,,,RD226,,,
,30-07-2026,,,,,Waiting,,,,,,1.12,,,RD122,,,
,30-07-2026,,,,,LU Loading,,,,,,4.62,,,RD122,,,
,30-07-2026,,,,,LU Loading,,,,,,5.77,,,RD229,,,
,30-07-2026,,,,,Waiting,,,,,,0.22,,,RD227,,,
,30-07-2026,,,,,Marching,,,,,,3.08,,,RD227,,,
,30-07-2026,,,,,LU Loading,,,,,,1.97,,,RD227,,,
,30-07-2026,,,,,Marching,,,,,,5.78,,,RD244,,,
,30-07-2026,,,,,Schedule No Work,,,,,,389.65,,,RD244,,,
,31-07-2026,,,,,,,,,,,,,,,,,
,Timestamp,,,,,Status Code,,Sub-Status Code,,,,"Duration
(min)",,,Hauling Unit,,,
,31-07-2026,,,,,Schedule No Work,,,,,,480,,,RD244,,,
,31-07-2026,,,,,Schedule No Work,,,,,,127,,,RD244,,,
,31-07-2026,,,,,Marching,,,,,,28.32,,,RD244,,,
,31-07-2026,,,,,LU Loading,,,,,,2.72,,,RD244,,,
,31-07-2026,,,,,Waiting,,,,,,3.67,,,RD244,,,
,31-07-2026,,,,,Fuel Filling,,,,,,3.43,,,RD244,,,
,31-07-2026,,,,,LU Loading,,,,,,3.92,,,RD244,,,
,31-07-2026,,,,,Waiting,,,,,,1.65,,,RD247,,,
,31-07-2026,,,,,LU Loading,,,,,,3.25,,,RD247,,,
,31-07-2026,,,,,Waiting,,,,,,1.45,,,RD244,,,
,31-07-2026,,,,,Spotting,,,,,,3.45,,,RD244,,,
,31-07-2026,,,,,LU Loading,,,,,,3.47,,,RD244,,,
,31-07-2026,,,,,Waiting,,,,,,1.33,,,RD247,,,
,31-07-2026,,,,,LU Loading,,,,,,2.85,,,RD247,,,
,31-07-2026,,,,,Waiting,,,,,,8.97,,,RD244,,,
,31-07-2026,,,,,LU Loading,,,,,,2.07,,,RD244,,,
,31-07-2026,,,,,Waiting,,,,,,0.95,,,RD247,,,
,31-07-2026,,,,,LU Loading,,,,,,4.48,,,RD247,,,
,31-07-2026,,,,,Waiting,,,,,,1.6,,,RD244,,,
,31-07-2026,,,,,LU Loading,,,,,,2.72,,,RD244,,,
,31-07-2026,,,,,Waiting,,,,,,0.42,,,RD253,,,
,31-07-2026,,,,,LU Loading,,,,,,3.92,,,RD253,,,
,31-07-2026,,,,,Waiting,,,,,,0.02,,,RD244,,,
,31-07-2026,,,,,LU Loading,,,,,,3.57,,,RD244,,,
,31-07-2026,,,,,Waiting,,,,,,1.9,,,RD247,,,
,31-07-2026,,,,,LU Loading,,,,,,3.17,,,RD247,,,
,31-07-2026,,,,,Waiting,,,,,,3.55,,,RD253,,,
,31-07-2026,,,,,LU Loading,,,,,,5.3,,,RD253,,,
,31-07-2026,,,,,LU Loading,,,,,,5.05,,,,,,
,31-07-2026,,,,,Waiting,,,,,,5.35,,,RD253,,,
,31-07-2026,,,,,LU Loading,,,,,,3.53,,,RD253,,,
,31-07-2026,,,,,Waiting,,,,,,8.42,,,RD253,,,
,31-07-2026,,,,,LU Loading,,,,,,4.43,,,RD253,,,
,31-07-2026,,,,,Waiting,,,,,,1.38,,,RD244,,,
,31-07-2026,,,,,LU Loading,,,,,,3.57,,,RD244,,,
,31-07-2026,,,,,Waiting,,,,,,5.18,,,RD253,,,
,31-07-2026,,,,,LU Loading,,,,,,2.88,,,RD253,,,
,31-07-2026,,,,,Waiting,,,,,,1.22,,,RD244,,,
,31-07-2026,,,,,LU Loading,,,,,,3.77,,,RD244,,,
,31-07-2026,,,,,Waiting,,,,,,10.65,,,RD247,,,
,31-07-2026,,,,,LU Loading,,,,,,2.57,,,RD247,,,
,31-07-2026,,,,,Waiting,,,,,,9.18,,,RD253,,,
,31-07-2026,,,,,LU Loading,,,,,,0.47,,,RD253,,,
,31-07-2026,,,,,Waiting,,,,,,0.05,,,RD253,,,
,31-07-2026,,,,,LU Loading,,,,,,3.4,,,RD253,,,
,31-07-2026,,,,,Waiting,,,,,,8.63,,,RD253,,,
,31-07-2026,,,,,LU Loading,,,,,,4.97,,,RD253,,,
,31-07-2026,,,,,Waiting,,,,,,8.92,,,RD253,,,
,31-07-2026,,,,,LU Loading,,,,,,5.93,,,RD253,,,
,31-07-2026,,,,,Waiting,,,,,,2.17,,,RD247,,,
,31-07-2026,,,,,LU Loading,,,,,,2.88,,,RD247,,,
,31-07-2026,,,,,Waiting,,,,,,3.72,,,RD253,,,
,31-07-2026,,,,,LU Loading,,,,,,4.53,,,RD253,,,
,31-07-2026,,,,,Waiting,,,,,,0.38,,,RD244,,,
,31-07-2026,,,,,LU Loading,,,,,,3.3,,,RD244,,,
,31-07-2026,,,,,Waiting,,,,,,4.6,,,RD253,,,
,31-07-2026,,,,,LU Loading,,,,,,3.53,,,RD253,,,
,31-07-2026,,,,,Waiting,,,,,,0.33,,,RD244,,,
,31-07-2026,,,,,LU Loading,,,,,,2.88,,,RD244,,,
,31-07-2026,,,,,Waiting,,,,,,5.18,,,RD253,,,
,31-07-2026,,,,,LU Loading,,,,,,3.97,,,RD253,,,
,31-07-2026,,,,,LU Loading,,,,,,3.12,,,RD244,,,
,31-07-2026,,,,,Waiting,,,,,,5.58,,,RD253,,,
,31-07-2026,,,,,LU Loading,,,,,,4.35,,,RD253,,,
,31-07-2026,,,,,Waiting,,,,,,0.63,,,RD244,,,
,31-07-2026,,,,,LU Loading,,,,,,3.2,,,RD244,,,
,31-07-2026,,,,,Waiting,,,,,,4.72,,,RD253,,,
,31-07-2026,,,,,LU Loading,,,,,,3.93,,,RD253,,,
,31-07-2026,,,,,Waiting,,,,,,0.02,,,RD244,,,
,31-07-2026,,,,,LU Loading,,,,,,4.8,,,RD244,,,
,31-07-2026,,,,,Waiting,,,,,,4.28,,,RD253,,,
,31-07-2026,,,,,LU Loading,,,,,,4.27,,,RD253,,,
,31-07-2026,,,,,Waiting,,,,,,0.37,,,RD244,,,
,31-07-2026,,,,,LU Loading,,,,,,4.3,,,RD244,,,
,31-07-2026,,,,,Waiting,,,,,,6.18,,,RD253,,,
,31-07-2026,,,,,LU Loading,,,,,,3.13,,,RD253,,,
,31-07-2026,,,,,Waiting,,,,,,0.92,,,RD244,,,
,31-07-2026,,,,,LU Loading,,,,,,3.63,,,RD244,,,
,31-07-2026,,,,,Waiting,,,,,,4.37,,,RD253,,,
,31-07-2026,,,,,LU Loading,,,,,,4.02,,,RD253,,,
,31-07-2026,,,,,Waiting,,,,,,24.1,,,RD236,,,
,31-07-2026,,,,,Shift Change,,,,,,23.93,,,RD236,,,
,31-07-2026,,,,,Shift Change,,,,,,48.15,,,RD236,,,
,31-07-2026,,,,,Schedule No Work,,,,,,411.68,,,RD236,,,
,01-08-2026,,,,,Shift Change,,,,,,20.17,,,RD236,,,
