,,,,,,,,,,,,,,,,,,
,,,,,Loading Unit Time Profile,,,,,,,,,,,,,
,,,,,,,,,,,,,,,,,,
,,,,,,,,,,,,,Report Created On:,,,,,10-08-2026
,Parameters:,,,,,,,,,Description:,,,,,,,,
,,,,,,,,,,,,,,,,,,
,,,,,,,,,,This report contains a spreadsheet of all the status that a specified loading unit has incurred for the specified time period.,,,,,,,,
,,Start Shift Date:,,,01-07-2026,,,,,,,,,,,,,
,,End Shift Date:,,,31-07-2026,,,,,,,,,,,,,
,,Loader:,,,EX008,,,,,,,,,,,,,
,,,,,,,,,,,,,,,,,,
,,IsDst:,,,False,,,,,,,,,,,,,
,,,,,,,,,,,,,,,,,,
,,,,,,,,,,,,,,,,,,
,01-07-2026,,,,,,,,,,,,,,,,,
,Timestamp,,,,,Status Code,,Sub-Status Code,,,,"Duration
(min)",,,Hauling Unit,,,
,01-07-2026,,,,,Shift Change,,,,,,38.23,,,RD243,,,
,01-07-2026,,,,,Scheduled Service,,,,,,394.08,,,RD243,,,
,01-07-2026,,,,,Schedule No Work,,,,,,11.15,,,RD243,,,
,01-07-2026,,,,,Marching,,,,,,14.28,,,RD243,,,
,01-07-2026,,,,,Shift Change,,,,,,22.25,,,RD243,,,
,01-07-2026,,,,,Shift Change,,,,,,65.05,,,RD243,,,
,01-07-2026,,,,,Marching,,,,,,4.2,,,RD243,,,
,01-07-2026,,,,,LU Loading,,,,,,1.87,,,RD243,,,
,01-07-2026,,,,,Marching,,,,,,3.72,,,RD243,,,
,01-07-2026,,,,,LU Loading,,,,,,6.58,,,RD243,,,
,01-07-2026,,,,,Waiting,,,,,,8.8,,,RD253,,,
,01-07-2026,,,,,LU Loading,,,,,,0.9,,,RD253,,,
,01-07-2026,,,,,LU Loading,,,,,,3.17,,,RD227,,,
,01-07-2026,,,,,Waiting,,,,,,8.13,,,RD228,,,
,01-07-2026,,,,,Spotting,,,,,,0.12,,,RD228,,,
,01-07-2026,,,,,LU Loading,,,,,,3.03,,,RD228,,,
,01-07-2026,,,,,Waiting,,,,,,0.63,,,RD243,,,
,01-07-2026,,,,,LU Loading,,,,,,2.97,,,RD243,,,
,01-07-2026,,,,,Waiting,,,,,,8.35,,,RD227,,,
,01-07-2026,,,,,LU Loading,,,,,,3.03,,,RD227,,,
,01-07-2026,,,,,Waiting,,,,,,1.65,,,RD253,,,
,01-07-2026,,,,,LU Loading,,,,,,2.62,,,RD253,,,
,01-07-2026,,,,,Waiting,,,,,,1.47,,,RD228,,,
,01-07-2026,,,,,LU Loading,,,,,,3.82,,,RD228,,,
,01-07-2026,,,,,Waiting,,,,,,0.73,,,RD243,,,
,01-07-2026,,,,,Spotting,,,,,,0.3,,,RD243,,,
,01-07-2026,,,,,LU Loading,,,,,,2.07,,,RD243,,,
,01-07-2026,,,,,Waiting,,,,,,0.78,,,RD227,,,
,01-07-2026,,,,,LU Loading,,,,,,3.38,,,RD227,,,
,01-07-2026,,,,,Waiting,,,,,,3.3,,,RD253,,,
,01-07-2026,,,,,Spotting,,,,,,0.58,,,RD253,,,
,01-07-2026,,,,,LU Loading,,,,,,3.75,,,RD253,,,
,01-07-2026,,,,,Waiting,,,,,,2.05,,,RD228,,,
,01-07-2026,,,,,LU Loading,,,,,,3.22,,,RD228,,,
,01-07-2026,,,,,Waiting,,,,,,1.97,,,RD243,,,
,01-07-2026,,,,,LU Loading,,,,,,2.68,,,RD243,,,
,01-07-2026,,,,,Waiting,,,,,,1.4,,,RD227,,,
,01-07-2026,,,,,Spotting,,,,,,0.7,,,RD227,,,
,01-07-2026,,,,,LU Loading,,,,,,2.85,,,RD227,,,
,01-07-2026,,,,,Waiting,,,,,,0.72,,,RD253,,,
,01-07-2026,,,,,LU Loading,,,,,,5.25,,,RD253,,,
,01-07-2026,,,,,Waiting,,,,,,0.68,,,RD228,,,
,01-07-2026,,,,,LU Loading,,,,,,8.52,,,RD228,,,
,01-07-2026,,,,,Waiting,,,,,,8.77,,,RD228,,,
,01-07-2026,,,,,LU Loading,,,,,,0.8,,,RD228,,,
,01-07-2026,,,,,Spotting,,,,,,1.5,,,RD243,,,
,01-07-2026,,,,,LU Loading,,,,,,3.63,,,RD243,,,
,01-07-2026,,,,,Waiting,,,,,,12.48,,,RD227,,,
,01-07-2026,,,,,LU Loading,,,,,,6.58,,,RD227,,,
,01-07-2026,,,,,Waiting,,,,,,0.38,,,RD253,,,
,01-07-2026,,,,,LU Loading,,,,,,1.97,,,RD253,,,
,01-07-2026,,,,,Waiting,,,,,,0.72,,,RD228,,,
,01-07-2026,,,,,Spotting,,,,,,0.13,,,RD228,,,
,01-07-2026,,,,,LU Loading,,,,,,3.32,,,RD228,,,
,01-07-2026,,,,,Waiting,,,,,,0.68,,,RD243,,,
,01-07-2026,,,,,LU Loading,,,,,,2.45,,,RD243,,,
,01-07-2026,,,,,Waiting,,,,,,2.33,,,RD227,,,
,01-07-2026,,,,,Spotting,,,,,,0.3,,,RD227,,,
,01-07-2026,,,,,LU Loading,,,,,,3.37,,,RD227,,,
,01-07-2026,,,,,Waiting,,,,,,0.5,,,RD253,,,
,01-07-2026,,,,,LU Loading,,,,,,2.13,,,RD253,,,
,01-07-2026,,,,,Waiting,,,,,,5.15,,,RD228,,,
,01-07-2026,,,,,Spotting,,,,,,0.25,,,RD228,,,
,01-07-2026,,,,,LU Loading,,,,,,2.88,,,RD228,,,
,01-07-2026,,,,,Waiting,,,,,,2.65,,,RD227,,,
,01-07-2026,,,,,LU Loading,,,,,,2.55,,,RD227,,,
,01-07-2026,,,,,Waiting,,,,,,0.47,,,RD253,,,
,01-07-2026,,,,,LU Loading,,,,,,1.98,,,RD253,,,
,01-07-2026,,,,,Waiting,,,,,,0.95,,,RD242,,,
,01-07-2026,,,,,LU Loading,,,,,,2.1,,,RD242,,,
,01-07-2026,,,,,Waiting,,,,,,0.43,,,RD228,,,
,01-07-2026,,,,,LU Loading,,,,,,2.12,,,RD228,,,
,01-07-2026,,,,,Waiting,,,,,,3.15,,,RD227,,,
,01-07-2026,,,,,Spotting,,,,,,0.2,,,RD227,,,
,01-07-2026,,,,,LU Loading,,,,,,2.5,,,RD227,,,
,01-07-2026,,,,,Waiting,,,,,,3.58,,,RD242,,,
,01-07-2026,,,,,LU Loading,,,,,,2.55,,,RD242,,,
,01-07-2026,,,,,Waiting,,,,,,0.47,,,RD243,,,
,01-07-2026,,,,,LU Loading,,,,,,2.58,,,RD243,,,
,01-07-2026,,,,,Waiting,,,,,,0.53,,,RD253,,,
,01-07-2026,,,,,LU Loading,,,,,,2.12,,,RD253,,,
,01-07-2026,,,,,Waiting,,,,,,7.3,,,RD243,,,
,01-07-2026,,,,,Spotting,,,,,,0.28,,,RD243,,,
,01-07-2026,,,,,LU Loading,,,,,,2.27,,,RD243,,,
,01-07-2026,,,,,Waiting,,,,,,0.6,,,RD242,,,
,01-07-2026,,,,,LU Loading,,,,,,2.67,,,RD242,,,
,01-07-2026,,,,,Waiting,,,,,,0.7,,,RD253,,,
,01-07-2026,,,,,LU Loading,,,,,,2.25,,,RD253,,,
,01-07-2026,,,,,Waiting,,,,,,2.13,,,RD236,,,
,01-07-2026,,,,,LU Loading,,,,,,2.92,,,RD236,,,
,01-07-2026,,,,,Waiting,,,,,,0.58,,,RD243,,,
,01-07-2026,,,,,LU Loading,,,,,,3.25,,,RD243,,,
,01-07-2026,,,,,Waiting,,,,,,0.68,,,RD227,,,
,01-07-2026,,,,,LU Loading,,,,,,2.5,,,RD227,,,
,01-07-2026,,,,,Waiting,,,,,,0.28,,,RD242,,,
,01-07-2026,,,,,LU Loading,,,,,,4.23,,,RD242,,,
,01-07-2026,,,,,Waiting,,,,,,1.2,,,RD228,,,
,01-07-2026,,,,,LU Loading,,,,,,2.62,,,RD228,,,
,01-07-2026,,,,,Waiting,,,,,,0.3,,,RD243,,,
,01-07-2026,,,,,LU Loading,,,,,,2.33,,,RD243,,,
,01-07-2026,,,,,Waiting,,,,,,0.68,,,RD236,,,
,01-07-2026,,,,,LU Loading,,,,,,2.43,,,RD236,,,
,01-07-2026,,,,,Waiting,,,,,,0.55,,,RD227,,,
,01-07-2026,,,,,LU Loading,,,,,,2.2,,,RD227,,,
,01-07-2026,,,,,Waiting,,,,,,0.53,,,RD242,,,
,01-07-2026,,,,,LU Loading,,,,,,2.65,,,RD242,,,
,01-07-2026,,,,,Waiting,,,,,,0.35,,,RD243,,,
,01-07-2026,,,,,LU Loading,,,,,,2.63,,,RD243,,,
,01-07-2026,,,,,Waiting,,,,,,1.12,,,RD228,,,
,01-07-2026,,,,,Spotting,,,,,,0.28,,,RD228,,,
,01-07-2026,,,,,LU Loading,,,,,,3.72,,,RD228,,,
,01-07-2026,,,,,Waiting,,,,,,0.55,,,RD227,,,
,01-07-2026,,,,,LU Loading,,,,,,2.07,,,RD227,,,
,01-07-2026,,,,,Waiting,,,,,,8.23,,,RD236,,,
,01-07-2026,,,,,LU Loading,,,,,,2.67,,,RD236,,,
,01-07-2026,,,,,Waiting,,,,,,0.63,,,RD243,,,
,01-07-2026,,,,,LU Loading,,,,,,2.3,,,RD243,,,
,01-07-2026,,,,,Waiting,,,,,,0.57,,,RD228,,,
,01-07-2026,,,,,LU Loading,,,,,,3.6,,,RD228,,,
,01-07-2026,,,,,Waiting,,,,,,0.4,,,RD227,,,
,01-07-2026,,,,,LU Loading,,,,,,4.05,,,RD227,,,
,01-07-2026,,,,,Waiting,,,,,,0.3,,,RD243,,,
,01-07-2026,,,,,LU Loading,,,,,,3.12,,,RD243,,,
,01-07-2026,,,,,Waiting,,,,,,0.68,,,RD236,,,
,01-07-2026,,,,,LU Loading,,,,,,2.9,,,RD236,,,
,01-07-2026,,,,,Waiting,,,,,,1.5,,,RD228,,,
,01-07-2026,,,,,LU Loading,,,,,,3.1,,,RD228,,,
,01-07-2026,,,,,Waiting,,,,,,0.58,,,RD227,,,
,01-07-2026,,,,,LU Loading,,,,,,1.92,,,RD227,,,
,01-07-2026,,,,,Waiting,,,,,,0.35,,,RD243,,,
,01-07-2026,,,,,LU Loading,,,,,,2.28,,,RD243,,,
,01-07-2026,,,,,Waiting,,,,,,4.37,,,RD236,,,
,01-07-2026,,,,,Spotting,,,,,,0.13,,,RD236,,,
,01-07-2026,,,,,LU Loading,,,,,,2.6,,,RD236,,,
,01-07-2026,,,,,Waiting,,,,,,1.17,,,RD227,,,
,01-07-2026,,,,,LU Loading,,,,,,2.03,,,RD227,,,
,01-07-2026,,,,,Waiting,,,,,,0.45,,,RD228,,,
,01-07-2026,,,,,LU Loading,,,,,,2.87,,,RD228,,,
,01-07-2026,,,,,Waiting,,,,,,0.37,,,RD243,,,
,01-07-2026,,,,,LU Loading,,,,,,2.32,,,RD243,,,
,01-07-2026,,,,,Waiting,,,,,,2.87,,,RD236,,,
,01-07-2026,,,,,Spotting,,,,,,0.3,,,RD236,,,
,01-07-2026,,,,,LU Loading,,,,,,2.28,,,RD236,,,
,01-07-2026,,,,,Waiting,,,,,,0.42,,,RD227,,,
,01-07-2026,,,,,LU Loading,,,,,,2.13,,,RD227,,,
,01-07-2026,,,,,Waiting,,,,,,0.3,,,RD243,,,
,01-07-2026,,,,,LU Loading,,,,,,2.52,,,RD243,,,
,01-07-2026,,,,,Waiting,,,,,,0.65,,,RD228,,,
,01-07-2026,,,,,LU Loading,,,,,,4.48,,,RD228,,,
,01-07-2026,,,,,Waiting,,,,,,2.22,,,RD236,,,
,01-07-2026,,,,,Spotting,,,,,,0.02,,,RD236,,,
,01-07-2026,,,,,LU Loading,,,,,,1.98,,,RD236,,,
,01-07-2026,,,,,Waiting,,,,,,0.47,,,RD227,,,
,01-07-2026,,,,,LU Loading,,,,,,2.42,,,RD227,,,
,01-07-2026,,,,,Waiting,,,,,,0.37,,,RD243,,,
,01-07-2026,,,,,LU Loading,,,,,,2.87,,,RD243,,,
,01-07-2026,,,,,Waiting,,,,,,2.77,,,RD228,,,
,01-07-2026,,,,,LU Loading,,,,,,2.7,,,RD228,,,
,01-07-2026,,,,,Waiting,,,,,,1.18,,,RD227,,,
,01-07-2026,,,,,LU Loading,,,,,,2.03,,,RD227,,,
,01-07-2026,,,,,Waiting,,,,,,0.72,,,RD236,,,
,01-07-2026,,,,,LU Loading,,,,,,2.35,,,RD236,,,
,01-07-2026,,,,,Waiting,,,,,,0.3,,,RD243,,,
,01-07-2026,,,,,LU Loading,,,,,,2.9,,,RD243,,,
,01-07-2026,,,,,Waiting,,,,,,3.47,,,RD227,,,
,01-07-2026,,,,,LU Loading,,,,,,2.2,,,RD227,,,
,01-07-2026,,,,,Waiting,,,,,,1.18,,,RD228,,,
,01-07-2026,,,,,LU Loading,,,,,,2.83,,,RD228,,,
,01-07-2026,,,,,Waiting,,,,,,0.38,,,RD236,,,
,01-07-2026,,,,,LU Loading,,,,,,2.87,,,RD236,,,
,01-07-2026,,,,,Waiting,,,,,,0.4,,,RD243,,,
,01-07-2026,,,,,LU Loading,,,,,,2.28,,,RD243,,,
,01-07-2026,,,,,Waiting,,,,,,0.43,,,RD227,,,
,01-07-2026,,,,,LU Loading,,,,,,3,,,RD227,,,
,01-07-2026,,,,,Waiting,,,,,,4.38,,,RD243,,,
,01-07-2026,,,,,LU Loading,,,,,,2.45,,,RD243,,,
,01-07-2026,,,,,Waiting,,,,,,4.38,,,RD243,,,
,01-07-2026,,,,,Shift Change,,,,,,27.85,,,RD243,,,
,01-07-2026,,,,,Shift Change,,,,,,38.87,,,RD243,,,
,01-07-2026,,,,,Waiting,,,,,,10.98,,,RD243,,,
,01-07-2026,,,,,LU Loading,,,,,,3.73,,,RD243,,,
,01-07-2026,,,,,Waiting,,,,,,6.92,,,RD235,,,
,01-07-2026,,,,,LU Loading,,,,,,3.88,,,RD235,,,
,01-07-2026,,,,,Waiting,,,,,,1.35,,,RD243,,,
,01-07-2026,,,,,Spotting,,,,,,0.22,,,RD243,,,
,01-07-2026,,,,,LU Loading,,,,,,2.32,,,RD243,,,
,01-07-2026,,,,,Waiting,,,,,,7.53,,,RD235,,,
,01-07-2026,,,,,LU Loading,,,,,,3.2,,,RD235,,,
,01-07-2026,,,,,Waiting,,,,,,0.57,,,RD244,,,
,01-07-2026,,,,,LU Loading,,,,,,2.52,,,RD244,,,
,01-07-2026,,,,,Waiting,,,,,,0.72,,,RD243,,,
,01-07-2026,,,,,LU Loading,,,,,,2.8,,,RD243,,,
,01-07-2026,,,,,Waiting,,,,,,0.43,,,RD245,,,
,01-07-2026,,,,,LU Loading,,,,,,2.55,,,RD245,,,
,01-07-2026,,,,,Waiting,,,,,,1.98,,,RD235,,,
,01-07-2026,,,,,Spotting,,,,,,0.22,,,RD235,,,
,01-07-2026,,,,,LU Loading,,,,,,2.2,,,RD235,,,
,01-07-2026,,,,,Waiting,,,,,,0.68,,,RD244,,,
,01-07-2026,,,,,LU Loading,,,,,,2.77,,,RD244,,,
,01-07-2026,,,,,Waiting,,,,,,2.13,,,RD243,,,
,01-07-2026,,,,,Spotting,,,,,,0.38,,,RD243,,,
,01-07-2026,,,,,LU Loading,,,,,,2.78,,,RD243,,,
,01-07-2026,,,,,Waiting,,,,,,2.03,,,RD245,,,
,01-07-2026,,,,,Spotting,,,,,,0.23,,,RD245,,,
,01-07-2026,,,,,LU Loading,,,,,,2.53,,,RD245,,,
,01-07-2026,,,,,Waiting,,,,,,1.93,,,RD235,,,
,01-07-2026,,,,,Spotting,,,,,,0.28,,,RD235,,,
,01-07-2026,,,,,LU Loading,,,,,,1.5,,,RD235,,,
,01-07-2026,,,,,Waiting,,,,,,4.13,,,RD243,,,
,01-07-2026,,,,,Spotting,,,,,,0.72,,,RD243,,,
,01-07-2026,,,,,LU Loading,,,,,,3.08,,,RD243,,,
,01-07-2026,,,,,Waiting,,,,,,1.9,,,RD245,,,
,02-07-2026,,,,,Spotting,,,,,,0.28,,,RD245,,,
,02-07-2026,,,,,LU Loading,,,,,,2.97,,,RD245,,,
,02-07-2026,,,,,Waiting,,,,,,7.48,,,RD235,,,
,02-07-2026,,,,,Face Prep,,,,,,1.33,,,RD235,,,
,02-07-2026,,,,,LU Loading,,,,,,1.23,,,RD235,,,
,02-07-2026,,,,,Face Prep,,,,,,14.05,,,RD235,,,
,02-07-2026,,,,,LU Loading,,,,,,0.43,,,RD235,,,
,02-07-2026,,,,,Waiting,,,,,,0.43,,,RD244,,,
,02-07-2026,,,,,LU Loading,,,,,,2.63,,,RD244,,,
,02-07-2026,,,,,Waiting,,,,,,0.32,,,RD243,,,
,02-07-2026,,,,,Spotting,,,,,,0.27,,,RD243,,,
,02-07-2026,,,,,LU Loading,,,,,,3.47,,,RD243,,,
,02-07-2026,,,,,Waiting,,,,,,0.17,,,RD245,,,
,02-07-2026,,,,,Spotting,,,,,,1.12,,,RD245,,,
,02-07-2026,,,,,LU Loading,,,,,,3.18,,,RD245,,,
,02-07-2026,,,,,Waiting,,,,,,0.32,,,RD235,,,
,02-07-2026,,,,,LU Loading,,,,,,2.5,,,RD235,,,
,02-07-2026,,,,,Waiting,,,,,,0.33,,,RD244,,,
,02-07-2026,,,,,Spotting,,,,,,0.27,,,RD244,,,
,02-07-2026,,,,,LU Loading,,,,,,3.08,,,RD244,,,
,02-07-2026,,,,,Waiting,,,,,,0.2,,,RD243,,,
,02-07-2026,,,,,Spotting,,,,,,0.5,,,RD243,,,
,02-07-2026,,,,,LU Loading,,,,,,3.25,,,RD243,,,
,02-07-2026,,,,,Waiting,,,,,,2.78,,,RD245,,,
,02-07-2026,,,,,LU Loading,,,,,,3.3,,,RD245,,,
,02-07-2026,,,,,Waiting,,,,,,2.03,,,RD235,,,
,02-07-2026,,,,,LU Loading,,,,,,2.6,,,RD235,,,
,02-07-2026,,,,,Waiting,,,,,,0.4,,,RD244,,,
,02-07-2026,,,,,LU Loading,,,,,,2.8,,,RD244,,,
,02-07-2026,,,,,Waiting,,,,,,0.53,,,RD243,,,
,02-07-2026,,,,,LU Loading,,,,,,3.58,,,RD243,,,
,02-07-2026,,,,,Waiting,,,,,,1.95,,,RD245,,,
,02-07-2026,,,,,LU Loading,,,,,,3.12,,,RD245,,,
,02-07-2026,,,,,Waiting,,,,,,1.28,,,RD235,,,
,02-07-2026,,,,,LU Loading,,,,,,2.72,,,RD235,,,
,02-07-2026,,,,,Waiting,,,,,,0.48,,,RD244,,,
,02-07-2026,,,,,LU Loading,,,,,,2.7,,,RD244,,,
,02-07-2026,,,,,Waiting,,,,,,0.97,,,RD243,,,
,02-07-2026,,,,,LU Loading,,,,,,4.65,,,RD243,,,
,02-07-2026,,,,,Waiting,,,,,,1.55,,,RD245,,,
,02-07-2026,,,,,LU Loading,,,,,,3.43,,,RD245,,,
,02-07-2026,,,,,Waiting,,,,,,0.9,,,RD244,,,
,02-07-2026,,,,,LU Loading,,,,,,2.82,,,RD244,,,
,02-07-2026,,,,,Waiting,,,,,,8.28,,,RD235,,,
,02-07-2026,,,,,LU Loading,,,,,,2.88,,,RD235,,,
,02-07-2026,,,,,Waiting,,,,,,1.12,,,RD243,,,
,02-07-2026,,,,,LU Loading,,,,,,2.5,,,RD243,,,
,02-07-2026,,,,,Waiting,,,,,,0.3,,,RD244,,,
,02-07-2026,,,,,Spotting,,,,,,0.43,,,RD244,,,
,02-07-2026,,,,,LU Loading,,,,,,2.5,,,RD244,,,
,02-07-2026,,,,,Waiting,,,,,,5.77,,,RD235,,,
,02-07-2026,,,,,LU Loading,,,,,,3.38,,,RD235,,,
,02-07-2026,,,,,Waiting,,,,,,4.77,,,RD244,,,
,02-07-2026,,,,,LU Loading,,,,,,2.68,,,RD244,,,
,02-07-2026,,,,,Waiting,,,,,,11.98,,,RD244,,,
,02-07-2026,,,,,Spotting,,,,,,0.53,,,RD244,,,
,02-07-2026,,,,,LU Loading,,,,,,2.93,,,RD244,,,
,02-07-2026,,,,,Waiting,,,,,,31.12,,,RD243,,,
,02-07-2026,,,,,LU Loading,,,,,,3.62,,,RD243,,,
,02-07-2026,,,,,Waiting,,,,,,2.7,,,RD245,,,
,02-07-2026,,,,,LU Loading,,,,,,2.87,,,RD245,,,
,02-07-2026,,,,,Waiting,,,,,,5.48,,,RD243,,,
,02-07-2026,,,,,LU Loading,,,,,,3.43,,,RD243,,,
,02-07-2026,,,,,Waiting,,,,,,0.6,,,RD244,,,
,02-07-2026,,,,,LU Loading,,,,,,2.62,,,RD244,,,
,02-07-2026,,,,,Waiting,,,,,,1.13,,,RD245,,,
,02-07-2026,,,,,Spotting,,,,,,0.12,,,RD245,,,
,02-07-2026,,,,,LU Loading,,,,,,2.75,,,RD245,,,
,02-07-2026,,,,,Waiting,,,,,,3.45,,,RD243,,,
,02-07-2026,,,,,LU Loading,,,,,,3.08,,,RD243,,,
,02-07-2026,,,,,Waiting,,,,,,0.75,,,RD244,,,
,02-07-2026,,,,,LU Loading,,,,,,2.53,,,RD244,,,
,02-07-2026,,,,,Waiting,,,,,,6.05,,,RD245,,,
,02-07-2026,,,,,Spotting,,,,,,2.27,,,RD245,,,
,02-07-2026,,,,,LU Loading,,,,,,2.55,,,RD245,,,
,02-07-2026,,,,,Waiting,,,,,,0.4,,,RD243,,,
,02-07-2026,,,,,LU Loading,,,,,,2.77,,,RD243,,,
,02-07-2026,,,,,Waiting,,,,,,1.27,,,RD244,,,
,02-07-2026,,,,,LU Loading,,,,,,2.17,,,RD244,,,
,02-07-2026,,,,,Waiting,,,,,,6.13,,,RD235,,,
,02-07-2026,,,,,Spotting,,,,,,0.22,,,RD235,,,
,02-07-2026,,,,,LU Loading,,,,,,2.58,,,RD235,,,
,02-07-2026,,,,,Waiting,,,,,,0.4,,,RD243,,,
,02-07-2026,,,,,LU Loading,,,,,,3,,,RD243,,,
,02-07-2026,,,,,Waiting,,,,,,0.85,,,RD245,,,
,02-07-2026,,,,,LU Loading,,,,,,2.48,,,RD245,,,
,02-07-2026,,,,,Waiting,,,,,,0.55,,,RD244,,,
,02-07-2026,,,,,LU Loading,,,,,,2.65,,,RD244,,,
,02-07-2026,,,,,Waiting,,,,,,1.5,,,RD235,,,
,02-07-2026,,,,,LU Loading,,,,,,3.15,,,RD235,,,
,02-07-2026,,,,,Waiting,,,,,,9.58,,,RD243,,,
,02-07-2026,,,,,LU Loading,,,,,,0.18,,,RD243,,,
,02-07-2026,,,,,Waiting,,,,,,3.68,,,RD245,,,
,02-07-2026,,,,,LU Loading,,,,,,2.65,,,RD245,,,
,02-07-2026,,,,,Waiting,,,,,,0.32,,,RD244,,,
,02-07-2026,,,,,Spotting,,,,,,0.45,,,RD244,,,
,02-07-2026,,,,,LU Loading,,,,,,2.57,,,RD244,,,
,02-07-2026,,,,,Waiting,,,,,,0.62,,,RD235,,,
,02-07-2026,,,,,Spotting,,,,,,0.73,,,RD235,,,
,02-07-2026,,,,,LU Loading,,,,,,3.57,,,RD235,,,
,02-07-2026,,,,,Waiting,,,,,,0.08,,,RD243,,,
,02-07-2026,,,,,Spotting,,,,,,0.32,,,RD243,,,
,02-07-2026,,,,,LU Loading,,,,,,3.55,,,RD243,,,
,02-07-2026,,,,,Waiting,,,,,,2.63,,,RD244,,,
,02-07-2026,,,,,Spotting,,,,,,0.42,,,RD244,,,
,02-07-2026,,,,,LU Loading,,,,,,2.35,,,RD244,,,
,02-07-2026,,,,,Waiting,,,,,,0.75,,,RD245,,,
,02-07-2026,,,,,LU Loading,,,,,,2.58,,,RD245,,,
,02-07-2026,,,,,Waiting,,,,,,0.48,,,RD235,,,
,02-07-2026,,,,,Spotting,,,,,,0.45,,,RD235,,,
,02-07-2026,,,,,LU Loading,,,,,,2.37,,,RD235,,,
,02-07-2026,,,,,Waiting,,,,,,0.52,,,RD243,,,
,02-07-2026,,,,,LU Loading,,,,,,3.02,,,RD243,,,
,02-07-2026,,,,,Waiting,,,,,,0.88,,,RD244,,,
,02-07-2026,,,,,LU Loading,,,,,,2.7,,,RD244,,,
,02-07-2026,,,,,Waiting,,,,,,0.52,,,RD245,,,
,02-07-2026,,,,,LU Loading,,,,,,2.5,,,RD245,,,
,02-07-2026,,,,,Waiting,,,,,,1.7,,,RD235,,,
,02-07-2026,,,,,LU Loading,,,,,,2.93,,,RD235,,,
,02-07-2026,,,,,Waiting,,,,,,3.12,,,RD243,,,
,02-07-2026,,,,,Spotting,,,,,,0.23,,,RD243,,,
,02-07-2026,,,,,LU Loading,,,,,,2.5,,,RD243,,,
,02-07-2026,,,,,Waiting,,,,,,0.8,,,RD244,,,
,02-07-2026,,,,,LU Loading,,,,,,2.15,,,RD244,,,
,02-07-2026,,,,,Waiting,,,,,,0.4,,,RD245,,,
,02-07-2026,,,,,Spotting,,,,,,0.18,,,RD245,,,
,02-07-2026,,,,,LU Loading,,,,,,2.43,,,RD245,,,
,02-07-2026,,,,,Waiting,,,,,,0.57,,,RD235,,,
,02-07-2026,,,,,LU Loading,,,,,,2.48,,,RD235,,,
,02-07-2026,,,,,Waiting,,,,,,12.48,,,RD250,,,
,02-07-2026,,,,,Shift Change,,,,,,25.75,,,RD250,,,
,02-07-2026,,,,,,,,,,,,,,,,,
,Timestamp,,,,,Status Code,,Sub-Status Code,,,,"Duration
(min)",,,Hauling Unit,,,
,02-07-2026,,,,,Shift Change,,,,,,43.22,,,RD250,,,
,02-07-2026,,,,,Waiting,,,,,,0.32,,,RD250,,,
,02-07-2026,,,,,LU Loading,,,,,,3.1,,,RD250,,,
,02-07-2026,,,,,LU Loading,,,,,,2.55,,,RD237,,,
,02-07-2026,,,,,Waiting,,,,,,1.57,,,RD228,,,
,02-07-2026,,,,,LU Loading,,,,,,2.07,,,RD228,,,
,02-07-2026,,,,,Waiting,,,,,,0.72,,,RD231,,,
,02-07-2026,,,,,LU Loading,,,,,,2.17,,,RD231,,,
,02-07-2026,,,,,Waiting,,,,,,0.45,,,RD236,,,
,02-07-2026,,,,,Spotting,,,,,,0.18,,,RD236,,,
,02-07-2026,,,,,LU Loading,,,,,,2.15,,,RD236,,,
,02-07-2026,,,,,Waiting,,,,,,1.28,,,RD250,,,
,02-07-2026,,,,,LU Loading,,,,,,3.22,,,RD250,,,
,02-07-2026,,,,,Waiting,,,,,,0.63,,,RD237,,,
,02-07-2026,,,,,LU Loading,,,,,,2.33,,,RD237,,,
,02-07-2026,,,,,Waiting,,,,,,0.55,,,RD228,,,
,02-07-2026,,,,,LU Loading,,,,,,2.22,,,RD228,,,
,02-07-2026,,,,,Waiting,,,,,,0.57,,,RD231,,,
,02-07-2026,,,,,LU Loading,,,,,,2.1,,,RD231,,,
,02-07-2026,,,,,Spotting,,,,,,0.17,,,RD236,,,
,02-07-2026,,,,,LU Loading,,,,,,2.05,,,RD236,,,
,02-07-2026,,,,,Waiting,,,,,,0.3,,,RD250,,,
,02-07-2026,,,,,Spotting,,,,,,0.3,,,RD250,,,
,02-07-2026,,,,,LU Loading,,,,,,3.05,,,RD250,,,
,02-07-2026,,,,,Waiting,,,,,,0.4,,,RD237,,,
,02-07-2026,,,,,LU Loading,,,,,,2.58,,,RD237,,,
,02-07-2026,,,,,Waiting,,,,,,0.58,,,RD228,,,
,02-07-2026,,,,,Spotting,,,,,,0.45,,,RD228,,,
,02-07-2026,,,,,LU Loading,,,,,,2.65,,,RD228,,,
,02-07-2026,,,,,Waiting,,,,,,2.53,,,RD231,,,
,02-07-2026,,,,,LU Loading,,,,,,2.23,,,RD231,,,
,02-07-2026,,,,,LU Loading,,,,,,2.38,,,RD236,,,
,02-07-2026,,,,,Waiting,,,,,,0.57,,,RD250,,,
,02-07-2026,,,,,LU Loading,,,,,,3.07,,,RD250,,,
,02-07-2026,,,,,LU Loading,,,,,,2.92,,,RD237,,,
,02-07-2026,,,,,Waiting,,,,,,0.32,,,RD228,,,
,02-07-2026,,,,,LU Loading,,,,,,8.18,,,RD228,,,
,02-07-2026,,,,,Waiting,,,,,,0.7,,,RD231,,,
,02-07-2026,,,,,Spotting,,,,,,0.25,,,RD231,,,
,02-07-2026,,,,,LU Loading,,,,,,2.27,,,RD231,,,
,02-07-2026,,,,,Waiting,,,,,,0.27,,,RD236,,,
,02-07-2026,,,,,LU Loading,,,,,,1.93,,,RD236,,,
,02-07-2026,,,,,Waiting,,,,,,0.68,,,RD250,,,
,02-07-2026,,,,,LU Loading,,,,,,2.12,,,RD250,,,
,02-07-2026,,,,,Waiting,,,,,,0.48,,,RD237,,,
,02-07-2026,,,,,LU Loading,,,,,,2.43,,,RD237,,,
,02-07-2026,,,,,Waiting,,,,,,0.6,,,RD228,,,
,02-07-2026,,,,,Spotting,,,,,,1.1,,,RD228,,,
,02-07-2026,,,,,LU Loading,,,,,,2.42,,,RD228,,,
,02-07-2026,,,,,Waiting,,,,,,0.5,,,RD231,,,
,02-07-2026,,,,,LU Loading,,,,,,2.47,,,RD231,,,
,02-07-2026,,,,,Spotting,,,,,,0.27,,,RD236,,,
,02-07-2026,,,,,LU Loading,,,,,,2.22,,,RD236,,,
,02-07-2026,,,,,Spotting,,,,,,0.3,,,RD250,,,
,02-07-2026,,,,,LU Loading,,,,,,1.83,,,RD250,,,
,02-07-2026,,,,,Waiting,,,,,,0.5,,,RD237,,,
,02-07-2026,,,,,LU Loading,,,,,,1.97,,,RD237,,,
,02-07-2026,,,,,Waiting,,,,,,7.88,,,RD236,,,
,02-07-2026,,,,,LU Loading,,,,,,3.78,,,RD236,,,
,02-07-2026,,,,,Waiting,,,,,,0.58,,,RD228,,,
,02-07-2026,,,,,LU Loading,,,,,,2.45,,,RD228,,,
,02-07-2026,,,,,Waiting,,,,,,12.93,,,RD231,,,
,02-07-2026,,,,,LU Loading,,,,,,2.95,,,RD231,,,
,02-07-2026,,,,,Waiting,,,,,,3.62,,,RD237,,,
,02-07-2026,,,,,Spotting,,,,,,0.28,,,RD237,,,
,02-07-2026,,,,,LU Loading,,,,,,3.43,,,RD237,,,
,02-07-2026,,,,,Waiting,,,,,,2.07,,,RD231,,,
,02-07-2026,,,,,LU Loading,,,,,,4.6,,,RD231,,,
,02-07-2026,,,,,Waiting,,,,,,1.5,,,RD237,,,
,02-07-2026,,,,,LU Loading,,,,,,3.8,,,RD237,,,
,02-07-2026,,,,,Waiting,,,,,,5.95,,,RD231,,,
,02-07-2026,,,,,LU Loading,,,,,,4.52,,,RD231,,,
,02-07-2026,,,,,Waiting,,,,,,0.73,,,RD237,,,
,02-07-2026,,,,,LU Loading,,,,,,4.78,,,RD237,,,
,02-07-2026,,,,,Waiting,,,,,,4.15,,,RD253,,,
,02-07-2026,,,,,LU Loading,,,,,,0.1,,,RD253,,,
,02-07-2026,,,,,LU Loading,,,,,,3.83,,,RD253,,,
,02-07-2026,,,,,Waiting,,,,,,7.78,,,RD231,,,
,02-07-2026,,,,,Daily Service,,,,,,88.32,,,RD231,,,
,02-07-2026,,,,,Side Casting,,,,,,113.47,,,RD231,,,
,02-07-2026,,,,,Waiting,,,,,,2.48,,,RD231,,,
,02-07-2026,,,,,Spotting,,,,,,0.13,,,RD231,,,
,02-07-2026,,,,,LU Loading,,,,,,5.03,,,RD231,,,
,02-07-2026,,,,,Waiting,,,,,,0.53,,,RD237,,,
,02-07-2026,,,,,LU Loading,,,,,,4.12,,,RD237,,,
,02-07-2026,,,,,Waiting,,,,,,1.15,,,RD250,,,
,02-07-2026,,,,,Spotting,,,,,,0.57,,,RD250,,,
,02-07-2026,,,,,LU Loading,,,,,,3.42,,,RD250,,,
,02-07-2026,,,,,Waiting,,,,,,1,,,RD228,,,
,02-07-2026,,,,,LU Loading,,,,,,4.02,,,RD228,,,
,02-07-2026,,,,,Waiting,,,,,,0.6,,,RD231,,,
,02-07-2026,,,,,Spotting,,,,,,0.23,,,RD231,,,
,02-07-2026,,,,,LU Loading,,,,,,3.15,,,RD231,,,
,02-07-2026,,,,,Waiting,,,,,,0.48,,,RD237,,,
,02-07-2026,,,,,LU Loading,,,,,,2.15,,,RD237,,,
,02-07-2026,,,,,Waiting,,,,,,12.52,,,RD243,,,
,02-07-2026,,,,,Shift Change,,,,,,23.48,,,RD243,,,
,02-07-2026,,,,,Shift Change,,,,,,39.72,,,RD243,,,
,02-07-2026,,,,,Waiting,,,,,,0.05,,,RD243,,,
,02-07-2026,,,,,LU Loading,,,,,,3.3,,,RD243,,,
,02-07-2026,,,,,Waiting,,,,,,4.52,,,RD247,,,
,02-07-2026,,,,,LU Loading,,,,,,4.45,,,RD247,,,
,02-07-2026,,,,,Waiting,,,,,,0.75,,,RD250,,,
,02-07-2026,,,,,Spotting,,,,,,0.55,,,RD250,,,
,02-07-2026,,,,,LU Loading,,,,,,2.7,,,RD250,,,
,02-07-2026,,,,,Waiting,,,,,,0.68,,,RD243,,,
,02-07-2026,,,,,Spotting,,,,,,0.43,,,RD243,,,
,02-07-2026,,,,,LU Loading,,,,,,2.92,,,RD243,,,
,02-07-2026,,,,,Waiting,,,,,,3.02,,,RD247,,,
,02-07-2026,,,,,LU Loading,,,,,,1.98,,,RD247,,,
,02-07-2026,,,,,Waiting,,,,,,1.6,,,RD250,,,
,02-07-2026,,,,,LU Loading,,,,,,2.73,,,RD250,,,
,02-07-2026,,,,,Waiting,,,,,,1,,,RD243,,,
,02-07-2026,,,,,LU Loading,,,,,,2.88,,,RD243,,,
,02-07-2026,,,,,Waiting,,,,,,2.45,,,RD247,,,
,02-07-2026,,,,,LU Loading,,,,,,2.57,,,RD247,,,
,02-07-2026,,,,,Waiting,,,,,,0.58,,,RD250,,,
,02-07-2026,,,,,LU Loading,,,,,,2.33,,,RD250,,,
,02-07-2026,,,,,Waiting,,,,,,1.43,,,RD229,,,
,02-07-2026,,,,,LU Loading,,,,,,0.02,,,RD229,,,
,02-07-2026,,,,,Waiting,,,,,,0.2,,,RD229,,,
,02-07-2026,,,,,LU Loading,,,,,,2.48,,,RD229,,,
,02-07-2026,,,,,Waiting,,,,,,1.97,,,RD243,,,
,02-07-2026,,,,,LU Loading,,,,,,2.78,,,RD243,,,
,02-07-2026,,,,,Waiting,,,,,,1.2,,,RD247,,,
,02-07-2026,,,,,LU Loading,,,,,,2.4,,,RD247,,,
,02-07-2026,,,,,Waiting,,,,,,12.25,,,RD250,,,
,02-07-2026,,,,,LU Loading,,,,,,3.75,,,RD250,,,
,02-07-2026,,,,,Waiting,,,,,,0.45,,,RD229,,,
,02-07-2026,,,,,LU Loading,,,,,,3.3,,,RD229,,,
,02-07-2026,,,,,Waiting,,,,,,0.4,,,RD243,,,
,02-07-2026,,,,,LU Loading,,,,,,3.35,,,RD243,,,
,02-07-2026,,,,,Waiting,,,,,,1.22,,,RD252,,,
,02-07-2026,,,,,LU Loading,,,,,,2.95,,,RD252,,,
,02-07-2026,,,,,Waiting,,,,,,0.3,,,RD250,,,
,02-07-2026,,,,,LU Loading,,,,,,3.33,,,RD250,,,
,02-07-2026,,,,,Waiting,,,,,,0.88,,,RD247,,,
,02-07-2026,,,,,LU Loading,,,,,,2.97,,,RD247,,,
,02-07-2026,,,,,Waiting,,,,,,0.85,,,RD229,,,
,02-07-2026,,,,,LU Loading,,,,,,2.77,,,RD229,,,
,02-07-2026,,,,,Waiting,,,,,,0.83,,,RD243,,,
,02-07-2026,,,,,LU Loading,,,,,,2.32,,,RD243,,,
,02-07-2026,,,,,Waiting,,,,,,0.55,,,RD250,,,
,02-07-2026,,,,,LU Loading,,,,,,3.37,,,RD250,,,
,02-07-2026,,,,,Waiting,,,,,,3,,,RD229,,,
,02-07-2026,,,,,Spotting,,,,,,0.32,,,RD229,,,
,02-07-2026,,,,,LU Loading,,,,,,3.95,,,RD229,,,
,02-07-2026,,,,,Waiting,,,,,,0.88,,,RD243,,,
,02-07-2026,,,,,LU Loading,,,,,,2.9,,,RD243,,,
,02-07-2026,,,,,Waiting,,,,,,0.53,,,RD250,,,
,02-07-2026,,,,,LU Loading,,,,,,3.35,,,RD250,,,
,02-07-2026,,,,,Waiting,,,,,,0.5,,,RD247,,,
,02-07-2026,,,,,LU Loading,,,,,,3.52,,,RD247,,,
,02-07-2026,,,,,Waiting,,,,,,0.9,,,RD229,,,
,02-07-2026,,,,,LU Loading,,,,,,2.88,,,RD229,,,
,02-07-2026,,,,,Waiting,,,,,,0.43,,,RD243,,,
,02-07-2026,,,,,LU Loading,,,,,,2.55,,,RD243,,,
,02-07-2026,,,,,Waiting,,,,,,3.27,,,RD247,,,
,02-07-2026,,,,,LU Loading,,,,,,3.28,,,RD247,,,
,02-07-2026,,,,,Waiting,,,,,,1,,,RD229,,,
,02-07-2026,,,,,LU Loading,,,,,,3,,,RD229,,,
,02-07-2026,,,,,Waiting,,,,,,3.4,,,RD243,,,
,02-07-2026,,,,,LU Loading,,,,,,6.33,,,RD243,,,
,02-07-2026,,,,,Waiting,,,,,,2.28,,,RD247,,,
,02-07-2026,,,,,Face Prep,,,,,,7.78,,,RD247,,,
,02-07-2026,,,,,Waiting,,,,,,0.02,,,RD247,,,
,02-07-2026,,,,,LU Loading,,,,,,3.82,,,RD247,,,
,02-07-2026,,,,,Waiting,,,,,,0.68,,,RD229,,,
,02-07-2026,,,,,Spotting,,,,,,0.23,,,RD229,,,
,02-07-2026,,,,,LU Loading,,,,,,4.93,,,RD229,,,
,02-07-2026,,,,,Waiting,,,,,,0.83,,,RD243,,,
,02-07-2026,,,,,Spotting,,,,,,0.32,,,RD243,,,
,02-07-2026,,,,,LU Loading,,,,,,3.15,,,RD243,,,
,02-07-2026,,,,,Waiting,,,,,,0.5,,,RD247,,,
,02-07-2026,,,,,Spotting,,,,,,0.18,,,RD247,,,
,02-07-2026,,,,,LU Loading,,,,,,3.55,,,RD247,,,
,02-07-2026,,,,,Waiting,,,,,,4.07,,,RD229,,,
,02-07-2026,,,,,LU Loading,,,,,,3.88,,,RD229,,,
,02-07-2026,,,,,Waiting,,,,,,1.02,,,RD243,,,
,02-07-2026,,,,,Spotting,,,,,,0.17,,,RD243,,,
,02-07-2026,,,,,LU Loading,,,,,,3.38,,,RD243,,,
,02-07-2026,,,,,Waiting,,,,,,5.52,,,RD247,,,
,02-07-2026,,,,,LU Loading,,,,,,2.48,,,RD247,,,
,02-07-2026,,,,,Waiting,,,,,,0.43,,,RD250,,,
,02-07-2026,,,,,Spotting,,,,,,0.42,,,RD250,,,
,02-07-2026,,,,,LU Loading,,,,,,5.08,,,RD250,,,
,02-07-2026,,,,,Waiting,,,,,,5.82,,,RD243,,,
,02-07-2026,,,,,LU Loading,,,,,,3.7,,,RD243,,,
,02-07-2026,,,,,Waiting,,,,,,1.58,,,RD250,,,
,02-07-2026,,,,,LU Loading,,,,,,3.03,,,RD250,,,
,02-07-2026,,,,,Waiting,,,,,,5.3,,,RD243,,,
,02-07-2026,,,,,LU Loading,,,,,,6.37,,,RD243,,,
,02-07-2026,,,,,Waiting,,,,,,0.53,,,RD250,,,
,02-07-2026,,,,,LU Loading,,,,,,4.35,,,RD250,,,
,02-07-2026,,,,,Waiting,,,,,,0.42,,,RD229,,,
,02-07-2026,,,,,LU Loading,,,,,,4.6,,,RD229,,,
,02-07-2026,,,,,Waiting,,,,,,0.47,,,RD243,,,
,02-07-2026,,,,,LU Loading,,,,,,2.9,,,RD243,,,
,02-07-2026,,,,,Waiting,,,,,,2.53,,,RD250,,,
,02-07-2026,,,,,LU Loading,,,,,,3.7,,,RD250,,,
,02-07-2026,,,,,Waiting,,,,,,1.68,,,RD229,,,
,02-07-2026,,,,,LU Loading,,,,,,3.08,,,RD229,,,
,02-07-2026,,,,,Spotting,,,,,,0.23,,,RD243,,,
,02-07-2026,,,,,LU Loading,,,,,,2.97,,,RD243,,,
,02-07-2026,,,,,Waiting,,,,,,5.53,,,RD250,,,
,02-07-2026,,,,,LU Loading,,,,,,4.07,,,RD250,,,
,02-07-2026,,,,,Waiting,,,,,,0.6,,,RD229,,,
,02-07-2026,,,,,LU Loading,,,,,,3.25,,,RD229,,,
,02-07-2026,,,,,Waiting,,,,,,0.43,,,RD243,,,
,02-07-2026,,,,,LU Loading,,,,,,3.58,,,RD243,,,
,02-07-2026,,,,,Waiting,,,,,,4.17,,,RD250,,,
,02-07-2026,,,,,LU Loading,,,,,,3.33,,,RD250,,,
,02-07-2026,,,,,Waiting,,,,,,0.62,,,RD229,,,
,02-07-2026,,,,,LU Loading,,,,,,3.57,,,RD229,,,
,02-07-2026,,,,,Waiting,,,,,,0.48,,,RD243,,,
,02-07-2026,,,,,LU Loading,,,,,,4.6,,,RD243,,,
,02-07-2026,,,,,Waiting,,,,,,3.27,,,RD250,,,
,02-07-2026,,,,,LU Loading,,,,,,4.13,,,RD250,,,
,02-07-2026,,,,,Waiting,,,,,,0.38,,,RD229,,,
,02-07-2026,,,,,Spotting,,,,,,1.12,,,RD229,,,
,02-07-2026,,,,,LU Loading,,,,,,3.33,,,RD229,,,
,02-07-2026,,,,,Waiting,,,,,,0.42,,,RD243,,,
,02-07-2026,,,,,LU Loading,,,,,,2.78,,,RD243,,,
,02-07-2026,,,,,Waiting,,,,,,5.17,,,RD250,,,
,02-07-2026,,,,,LU Loading,,,,,,4.2,,,RD250,,,
,02-07-2026,,,,,Waiting,,,,,,0.7,,,RD247,,,
,02-07-2026,,,,,LU Loading,,,,,,3.35,,,RD247,,,
,02-07-2026,,,,,Waiting,,,,,,0.52,,,RD229,,,
,02-07-2026,,,,,Spotting,,,,,,0.45,,,RD229,,,
,02-07-2026,,,,,LU Loading,,,,,,3.42,,,RD229,,,
,02-07-2026,,,,,Waiting,,,,,,0.55,,,RD243,,,
,02-07-2026,,,,,LU Loading,,,,,,4.27,,,RD243,,,
,02-07-2026,,,,,Waiting,,,,,,0.3,,,RD250,,,
,02-07-2026,,,,,Spotting,,,,,,1.02,,,RD250,,,
,02-07-2026,,,,,LU Loading,,,,,,3.9,,,RD250,,,
,02-07-2026,,,,,Waiting,,,,,,0.63,,,RD247,,,
,02-07-2026,,,,,LU Loading,,,,,,3.28,,,RD247,,,
,02-07-2026,,,,,Waiting,,,,,,0.55,,,RD229,,,
,02-07-2026,,,,,LU Loading,,,,,,4.02,,,RD229,,,
,02-07-2026,,,,,Waiting,,,,,,0.77,,,RD243,,,
,02-07-2026,,,,,LU Loading,,,,,,4.08,,,RD243,,,
,02-07-2026,,,,,Waiting,,,,,,0.73,,,RD250,,,
,02-07-2026,,,,,Spotting,,,,,,0.72,,,RD250,,,
,02-07-2026,,,,,LU Loading,,,,,,3.5,,,RD250,,,
,02-07-2026,,,,,Waiting,,,,,,0.68,,,RD247,,,
,02-07-2026,,,,,LU Loading,,,,,,3.42,,,RD247,,,
,02-07-2026,,,,,Waiting,,,,,,0.52,,,RD229,,,
,02-07-2026,,,,,Spotting,,,,,,0.23,,,RD229,,,
,02-07-2026,,,,,LU Loading,,,,,,3.58,,,RD229,,,
,02-07-2026,,,,,Waiting,,,,,,0.52,,,RD243,,,
,02-07-2026,,,,,LU Loading,,,,,,3.03,,,RD243,,,
,02-07-2026,,,,,Waiting,,,,,,0.78,,,RD250,,,
,02-07-2026,,,,,LU Loading,,,,,,3.38,,,RD250,,,
,02-07-2026,,,,,Waiting,,,,,,0.62,,,RD247,,,
,02-07-2026,,,,,LU Loading,,,,,,3.12,,,RD247,,,
,02-07-2026,,,,,Waiting,,,,,,0.55,,,RD229,,,
,02-07-2026,,,,,LU Loading,,,,,,3.55,,,RD229,,,
,02-07-2026,,,,,Waiting,,,,,,0.85,,,RD243,,,
,02-07-2026,,,,,LU Loading,,,,,,3.8,,,RD243,,,
,02-07-2026,,,,,Waiting,,,,,,0.67,,,RD250,,,
,02-07-2026,,,,,Spotting,,,,,,3.03,,,RD250,,,
,02-07-2026,,,,,LU Loading,,,,,,11.72,,,RD250,,,
,02-07-2026,,,,,Waiting,,,,,,5.13,,,RD242,,,
,02-07-2026,,,,, Down,,,,,,41.5,,,RD242,,,
,02-07-2026,,,,, Down,,,,,,24.23,,,RD242,,,
,02-07-2026,,,,,Schedule No Work,,,,,,24.75,,,RD242,,,
,02-07-2026,,,,,Waiting,,,,,,0.58,,,RD242,,,
,02-07-2026,,,,,LU Loading,,,,,,3.5,,,RD242,,,
,02-07-2026,,,,,Waiting,,,,,,0.67,,,RD230,,,
,02-07-2026,,,,,LU Loading,,,,,,4.5,,,RD230,,,
,02-07-2026,,,,,Waiting,,,,,,3.03,,,RD240,,,
,02-07-2026,,,,,LU Loading,,,,,,3.22,,,RD240,,,
,02-07-2026,,,,,Waiting,,,,,,2.67,,,RD242,,,
,02-07-2026,,,,,Spotting,,,,,,2.47,,,RD242,,,
,02-07-2026,,,,,LU Loading,,,,,,3.4,,,RD242,,,
,02-07-2026,,,,,Spotting,,,,,,1.02,,,RD230,,,
,02-07-2026,,,,,LU Loading,,,,,,3.75,,,RD230,,,
,02-07-2026,,,,,Spotting,,,,,,0.02,,,RD248,,,
,02-07-2026,,,,,LU Loading,,,,,,3.58,,,RD248,,,
,02-07-2026,,,,,Spotting,,,,,,0.77,,,RD240,,,
,02-07-2026,,,,,LU Loading,,,,,,2.6,,,RD240,,,
,02-07-2026,,,,,Waiting,,,,,,2.3,,,RD229,,,
,02-07-2026,,,,,LU Loading,,,,,,1.93,,,RD229,,,
,02-07-2026,,,,,LU Loading,,,,,,2.95,,,RD242,,,
,02-07-2026,,,,,Waiting,,,,,,3.32,,,RD230,,,
,02-07-2026,,,,,Spotting,,,,,,0.2,,,RD230,,,
,02-07-2026,,,,,LU Loading,,,,,,2.12,,,RD230,,,
,02-07-2026,,,,,Spotting,,,,,,0.13,,,RD248,,,
,02-07-2026,,,,,LU Loading,,,,,,3.18,,,RD248,,,
,02-07-2026,,,,,Waiting,,,,,,0.6,,,RD240,,,
,02-07-2026,,,,,LU Loading,,,,,,2.52,,,RD240,,,
,02-07-2026,,,,,LU Loading,,,,,,3.48,,,RD242,,,
,02-07-2026,,,,,Waiting,,,,,,1.43,,,RD230,,,
,02-07-2026,,,,,Spotting,,,,,,0.48,,,RD230,,,
,02-07-2026,,,,,LU Loading,,,,,,3.72,,,RD230,,,
,02-07-2026,,,,,Waiting,,,,,,3.9,,,RD248,,,
,02-07-2026,,,,,Spotting,,,,,,0.33,,,RD248,,,
,02-07-2026,,,,,LU Loading,,,,,,5.35,,,RD248,,,
,03-07-2026,,,,,Waiting,,,,,,1.32,,,RD242,,,
,03-07-2026,,,,,LU Loading,,,,,,4.35,,,RD242,,,
,03-07-2026,,,,,Spotting,,,,,,0.25,,,RD240,,,
,03-07-2026,,,,,LU Loading,,,,,,2.53,,,RD240,,,
,03-07-2026,,,,,Spotting,,,,,,0.57,,,RD248,,,
,03-07-2026,,,,,LU Loading,,,,,,2.33,,,RD248,,,
,03-07-2026,,,,,Spotting,,,,,,0.38,,,RD230,,,
,03-07-2026,,,,,LU Loading,,,,,,2.28,,,RD230,,,
,03-07-2026,,,,,Waiting,,,,,,3.03,,,RD242,,,
,03-07-2026,,,,,LU Loading,,,,,,2.55,,,RD242,,,
,03-07-2026,,,,,Spotting,,,,,,0.38,,,RD240,,,
,03-07-2026,,,,,LU Loading,,,,,,2.08,,,RD240,,,
,03-07-2026,,,,,Waiting,,,,,,0.18,,,RD248,,,
,03-07-2026,,,,,Spotting,,,,,,0.43,,,RD248,,,
,03-07-2026,,,,,LU Loading,,,,,,2.22,,,RD248,,,
,03-07-2026,,,,,LU Loading,,,,,,3.47,,,RD230,,,
,03-07-2026,,,,,Waiting,,,,,,2.75,,,RD242,,,
,03-07-2026,,,,,LU Loading,,,,,,2.32,,,RD242,,,
,03-07-2026,,,,,Waiting,,,,,,0.18,,,RD240,,,
,03-07-2026,,,,,LU Loading,,,,,,2.58,,,RD240,,,
,03-07-2026,,,,,Waiting,,,,,,0.38,,,RD248,,,
,03-07-2026,,,,,LU Loading,,,,,,2.67,,,RD248,,,
,03-07-2026,,,,,Waiting,,,,,,0.35,,,RD230,,,
,03-07-2026,,,,,Spotting,,,,,,0.82,,,RD230,,,
,03-07-2026,,,,,LU Loading,,,,,,2.42,,,RD230,,,
,03-07-2026,,,,,Waiting,,,,,,2.22,,,RD242,,,
,03-07-2026,,,,,LU Loading,,,,,,4.38,,,RD242,,,
,03-07-2026,,,,,LU Loading,,,,,,2.37,,,RD240,,,
,03-07-2026,,,,,Waiting,,,,,,0.23,,,RD248,,,
,03-07-2026,,,,,LU Loading,,,,,,2.78,,,RD248,,,
,03-07-2026,,,,,Spotting,,,,,,0.12,,,RD230,,,
,03-07-2026,,,,,LU Loading,,,,,,3.18,,,RD230,,,
,03-07-2026,,,,,Waiting,,,,,,2.65,,,RD242,,,
,03-07-2026,,,,,LU Loading,,,,,,3.52,,,RD242,,,
,03-07-2026,,,,,Waiting,,,,,,0.23,,,RD240,,,
,03-07-2026,,,,,LU Loading,,,,,,2.65,,,RD240,,,
,03-07-2026,,,,,Waiting,,,,,,0.25,,,RD248,,,
,03-07-2026,,,,,Spotting,,,,,,5.95,,,RD248,,,
,03-07-2026,,,,,LU Loading,,,,,,3.82,,,RD248,,,
,03-07-2026,,,,,LU Loading,,,,,,2.62,,,RD230,,,
,03-07-2026,,,,,Spotting,,,,,,0.3,,,RD242,,,
,03-07-2026,,,,,LU Loading,,,,,,3.35,,,RD242,,,
,03-07-2026,,,,,Spotting,,,,,,0.33,,,RD240,,,
,03-07-2026,,,,,LU Loading,,,,,,3.58,,,RD240,,,
,03-07-2026,,,,,LU Loading,,,,,,4.1,,,RD248,,,
,03-07-2026,,,,,Spotting,,,,,,0.38,,,RD230,,,
,03-07-2026,,,,,LU Loading,,,,,,3.3,,,RD230,,,
,03-07-2026,,,,,Waiting,,,,,,0.2,,,RD242,,,
,03-07-2026,,,,,LU Loading,,,,,,3.53,,,RD242,,,
,03-07-2026,,,,,Waiting,,,,,,0.02,,,RD240,,,
,03-07-2026,,,,,Spotting,,,,,,0.28,,,RD240,,,
,03-07-2026,,,,,LU Loading,,,,,,2.97,,,RD240,,,
,03-07-2026,,,,,LU Loading,,,,,,3.93,,,RD248,,,
,03-07-2026,,,,,LU Loading,,,,,,3.73,,,RD230,,,
,03-07-2026,,,,,Spotting,,,,,,0.13,,,RD242,,,
,03-07-2026,,,,,LU Loading,,,,,,5.67,,,RD242,,,
,03-07-2026,,,,,Waiting,,,,,,2.13,,,RD240,,,
,03-07-2026,,,,,LU Loading,,,,,,3.17,,,RD240,,,
,03-07-2026,,,,,Waiting,,,,,,6.2,,,RD242,,,
,03-07-2026,,,,,LU Loading,,,,,,3.17,,,RD242,,,
,03-07-2026,,,,,Waiting,,,,,,1.12,,,RD240,,,
,03-07-2026,,,,,LU Loading,,,,,,3.75,,,RD240,,,
,03-07-2026,,,,,Waiting,,,,,,4.5,,,RD242,,,
,03-07-2026,,,,,LU Loading,,,,,,3.22,,,RD242,,,
,03-07-2026,,,,,Waiting,,,,,,4.45,,,RD248,,,
,03-07-2026,,,,,LU Loading,,,,,,3.08,,,RD248,,,
,03-07-2026,,,,,LU Loading,,,,,,3.15,,,RD240,,,
,03-07-2026,,,,,Waiting,,,,,,0.5,,,RD230,,,
,03-07-2026,,,,,Spotting,,,,,,5.18,,,RD230,,,
,03-07-2026,,,,,LU Loading,,,,,,3.35,,,RD230,,,
,03-07-2026,,,,,Waiting,,,,,,0.7,,,RD143,,,
,03-07-2026,,,,,LU Loading,,,,,,2.47,,,RD143,,,
,03-07-2026,,,,,LU Loading,,,,,,3.12,,,RD248,,,
,03-07-2026,,,,,Waiting,,,,,,3.68,,,RD227,,,
,03-07-2026,,,,,LU Loading,,,,,,2.9,,,RD227,,,
,03-07-2026,,,,,Spotting,,,,,,0.58,,,RD230,,,
,03-07-2026,,,,,LU Loading,,,,,,3.6,,,RD230,,,
,03-07-2026,,,,,Waiting,,,,,,0.37,,,RD143,,,
,03-07-2026,,,,,LU Loading,,,,,,2.65,,,RD143,,,
,03-07-2026,,,,,Waiting,,,,,,0.05,,,RD248,,,
,03-07-2026,,,,,Spotting,,,,,,0.43,,,RD248,,,
,03-07-2026,,,,,LU Loading,,,,,,2.68,,,RD248,,,
,03-07-2026,,,,,Spotting,,,,,,0.68,,,RD242,,,
,03-07-2026,,,,,LU Loading,,,,,,2.17,,,RD242,,,
,03-07-2026,,,,,Waiting,,,,,,7.55,,,RD248,,,
,03-07-2026,,,,,Spotting,,,,,,0.67,,,RD248,,,
,03-07-2026,,,,,LU Loading,,,,,,2.32,,,RD248,,,
,03-07-2026,,,,,Waiting,,,,,,0.23,,,RD242,,,
,03-07-2026,,,,,Spotting,,,,,,0.4,,,RD242,,,
,03-07-2026,,,,,LU Loading,,,,,,2.12,,,RD242,,,
,03-07-2026,,,,,Waiting,,,,,,0.03,,,RD230,,,
,03-07-2026,,,,,LU Loading,,,,,,2.58,,,RD230,,,
,03-07-2026,,,,,LU Loading,,,,,,2.42,,,RD240,,,
,03-07-2026,,,,,Waiting,,,,,,0.85,,,RD229,,,
,03-07-2026,,,,,LU Loading,,,,,,2.98,,,RD229,,,
,03-07-2026,,,,,Waiting,,,,,,0.82,,,RD143,,,
,03-07-2026,,,,,LU Loading,,,,,,2.47,,,RD143,,,
,03-07-2026,,,,,Spotting,,,,,,0.13,,,RD248,,,
,03-07-2026,,,,,LU Loading,,,,,,2.68,,,RD248,,,
,03-07-2026,,,,,Spotting,,,,,,0.33,,,RD242,,,
,03-07-2026,,,,,LU Loading,,,,,,2.15,,,RD242,,,
,03-07-2026,,,,,Spotting,,,,,,0.42,,,RD230,,,
,03-07-2026,,,,,LU Loading,,,,,,2.8,,,RD230,,,
,03-07-2026,,,,,LU Loading,,,,,,3.35,,,RD240,,,
,03-07-2026,,,,,Waiting,,,,,,1.83,,,RD229,,,
,03-07-2026,,,,,Spotting,,,,,,0.33,,,RD229,,,
,03-07-2026,,,,,LU Loading,,,,,,2.62,,,RD229,,,
,03-07-2026,,,,,Spotting,,,,,,0.7,,,RD248,,,
,03-07-2026,,,,,LU Loading,,,,,,2.78,,,RD248,,,
,03-07-2026,,,,,Waiting,,,,,,0.25,,,RD143,,,
,03-07-2026,,,,,Spotting,,,,,,0.13,,,RD143,,,
,03-07-2026,,,,,LU Loading,,,,,,2.53,,,RD143,,,
,03-07-2026,,,,,Spotting,,,,,,0.57,,,RD242,,,
,03-07-2026,,,,,LU Loading,,,,,,2.4,,,RD242,,,
,03-07-2026,,,,,Waiting,,,,,,0.02,,,RD240,,,
,03-07-2026,,,,,LU Loading,,,,,,2.68,,,RD240,,,
,03-07-2026,,,,,Waiting,,,,,,0.22,,,RD230,,,
,03-07-2026,,,,,Spotting,,,,,,0.6,,,RD230,,,
,03-07-2026,,,,,LU Loading,,,,,,2.43,,,RD230,,,
,03-07-2026,,,,,Spotting,,,,,,0.63,,,RD248,,,
,03-07-2026,,,,,LU Loading,,,,,,2.63,,,RD248,,,
,03-07-2026,,,,,Waiting,,,,,,2,,,RD143,,,
,03-07-2026,,,,,Spotting,,,,,,2.45,,,RD143,,,
,03-07-2026,,,,,LU Loading,,,,,,2.18,,,RD143,,,
,03-07-2026,,,,,Waiting,,,,,,1.67,,,RD230,,,
,03-07-2026,,,,,LU Loading,,,,,,2.62,,,RD230,,,
,03-07-2026,,,,,Waiting,,,,,,0.75,,,RD242,,,
,03-07-2026,,,,,LU Loading,,,,,,2.33,,,RD242,,,
,03-07-2026,,,,,Waiting,,,,,,0.25,,,RD240,,,
,03-07-2026,,,,,LU Loading,,,,,,2.42,,,RD240,,,
,03-07-2026,,,,,Spotting,,,,,,0.55,,,RD248,,,
,03-07-2026,,,,,LU Loading,,,,,,2.7,,,RD248,,,
,03-07-2026,,,,,Waiting,,,,,,4.53,,,RD230,,,
,03-07-2026,,,,,LU Loading,,,,,,2.23,,,RD230,,,
,03-07-2026,,,,,Waiting,,,,,,0.47,,,RD242,,,
,03-07-2026,,,,,LU Loading,,,,,,2.8,,,RD242,,,
,03-07-2026,,,,,Spotting,,,,,,0.43,,,RD240,,,
,03-07-2026,,,,,LU Loading,,,,,,2.55,,,RD240,,,
,03-07-2026,,,,,Waiting,,,,,,0.22,,,RD248,,,
,03-07-2026,,,,,Spotting,,,,,,0.32,,,RD248,,,
,03-07-2026,,,,,LU Loading,,,,,,2.58,,,RD248,,,
,03-07-2026,,,,,Waiting,,,,,,3.1,,,RD230,,,
,03-07-2026,,,,,LU Loading,,,,,,2.22,,,RD230,,,
,03-07-2026,,,,,Waiting,,,,,,2.42,,,RD242,,,
,03-07-2026,,,,,LU Loading,,,,,,3.07,,,RD242,,,
,03-07-2026,,,,,Waiting,,,,,,0.13,,,RD240,,,
,03-07-2026,,,,,LU Loading,,,,,,2.57,,,RD240,,,
,03-07-2026,,,,,Spotting,,,,,,0.83,,,RD248,,,
,03-07-2026,,,,,LU Loading,,,,,,2.37,,,RD248,,,
,03-07-2026,,,,,Waiting,,,,,,0.8,,,RD230,,,
,03-07-2026,,,,,LU Loading,,,,,,2.2,,,RD230,,,
,03-07-2026,,,,,Waiting,,,,,,4.12,,,RD240,,,
,03-07-2026,,,,,Spotting,,,,,,0.73,,,RD240,,,
,03-07-2026,,,,,LU Loading,,,,,,2.82,,,RD240,,,
,03-07-2026,,,,,Waiting,,,,,,0.42,,,RD248,,,
,03-07-2026,,,,,LU Loading,,,,,,2.03,,,RD248,,,
,03-07-2026,,,,,Waiting,,,,,,0.37,,,RD242,,,
,03-07-2026,,,,,LU Loading,,,,,,2.58,,,RD242,,,
,03-07-2026,,,,,Waiting,,,,,,0.05,,,RD230,,,
,03-07-2026,,,,,Spotting,,,,,,0.35,,,RD230,,,
,03-07-2026,,,,,LU Loading,,,,,,2.6,,,RD230,,,
,03-07-2026,,,,,Waiting,,,,,,12.03,,,RD253,,,
,03-07-2026,,,,,Shift Change,,,,,,24.12,,,RD253,,,
,03-07-2026,,,,,,,,,,,,,,,,,
,Timestamp,,,,,Status Code,,Sub-Status Code,,,,"Duration
(min)",,,Hauling Unit,,,
,03-07-2026,,,,,Shift Change,,,,,,31.82,,,RD253,,,
,03-07-2026,,,,,Waiting,,,,,,9.25,,,RD253,,,
,03-07-2026,,,,,LU Loading,,,,,,2.4,,,RD253,,,
,03-07-2026,,,,,Waiting,,,,,,0.95,,,RD244,,,
,03-07-2026,,,,,LU Loading,,,,,,2.78,,,RD244,,,
,03-07-2026,,,,,Waiting,,,,,,3.55,,,RD227,,,
,03-07-2026,,,,,LU Loading,,,,,,2.88,,,RD227,,,
,03-07-2026,,,,,Waiting,,,,,,0.85,,,RD243,,,
,03-07-2026,,,,,LU Loading,,,,,,3.37,,,RD243,,,
,03-07-2026,,,,,Waiting,,,,,,0.38,,,RD232,,,
,03-07-2026,,,,,LU Loading,,,,,,2.6,,,RD232,,,
,03-07-2026,,,,,LU Loading,,,,,,3.27,,,RD244,,,
,03-07-2026,,,,,Waiting,,,,,,0.02,,,RD227,,,
,03-07-2026,,,,,Spotting,,,,,,0.22,,,RD227,,,
,03-07-2026,,,,,LU Loading,,,,,,3.15,,,RD227,,,
,03-07-2026,,,,,LU Loading,,,,,,3.73,,,RD252,,,
,03-07-2026,,,,,Waiting,,,,,,0.4,,,RD243,,,
,03-07-2026,,,,,LU Loading,,,,,,3.65,,,RD243,,,
,03-07-2026,,,,,Waiting,,,,,,1.22,,,RD244,,,
,03-07-2026,,,,,LU Loading,,,,,,4.08,,,RD244,,,
,03-07-2026,,,,,Spotting,,,,,,0.17,,,RD227,,,
,03-07-2026,,,,,LU Loading,,,,,,4.18,,,RD227,,,
,03-07-2026,,,,,LU Loading,,,,,,3.37,,,RD252,,,
,03-07-2026,,,,,Waiting,,,,,,0.85,,,RD243,,,
,03-07-2026,,,,,LU Loading,,,,,,3.38,,,RD243,,,
,03-07-2026,,,,,Waiting,,,,,,0.02,,,RD244,,,
,03-07-2026,,,,,LU Loading,,,,,,3.58,,,RD244,,,
,03-07-2026,,,,,Waiting,,,,,,0.73,,,RD252,,,
,03-07-2026,,,,,LU Loading,,,,,,3,,,RD252,,,
,03-07-2026,,,,,Waiting,,,,,,3.58,,,RD243,,,
,03-07-2026,,,,,LU Loading,,,,,,2.83,,,RD243,,,
,03-07-2026,,,,,Waiting,,,,,,0.9,,,RD244,,,
,03-07-2026,,,,,Spotting,,,,,,0.33,,,RD244,,,
,03-07-2026,,,,,LU Loading,,,,,,3,,,RD244,,,
,03-07-2026,,,,,LU Loading,,,,,,3.5,,,RD252,,,
,03-07-2026,,,,,Waiting,,,,,,2.97,,,RD243,,,
,03-07-2026,,,,,Spotting,,,,,,0.38,,,RD243,,,
,03-07-2026,,,,,LU Loading,,,,,,2.87,,,RD243,,,
,03-07-2026,,,,,Waiting,,,,,,0.28,,,RD244,,,
,03-07-2026,,,,,LU Loading,,,,,,4.93,,,RD244,,,
,03-07-2026,,,,,Spotting,,,,,,0.02,,,RD252,,,
,03-07-2026,,,,,LU Loading,,,,,,2.93,,,RD252,,,
,03-07-2026,,,,,Waiting,,,,,,4.32,,,RD243,,,
,03-07-2026,,,,,LU Loading,,,,,,4.17,,,RD243,,,
,03-07-2026,,,,,LU Loading,,,,,,2.48,,,RD244,,,
,03-07-2026,,,,,Waiting,,,,,,10.2,,,RD244,,,
,03-07-2026,,,,,LU Loading,,,,,,2.8,,,RD244,,,
,03-07-2026,,,,,Waiting,,,,,,2.68,,,RD243,,,
,03-07-2026,,,,,LU Loading,,,,,,3.22,,,RD243,,,
,03-07-2026,,,,,Waiting,,,,,,13.03,,,RD244,,,
,03-07-2026,,,,,Spotting,,,,,,0.43,,,RD244,,,
,03-07-2026,,,,,LU Loading,,,,,,3.17,,,RD244,,,
,03-07-2026,,,,,Waiting,,,,,,11.35,,,RD244,,,
,03-07-2026,,,,,LU Loading,,,,,,3.2,,,RD244,,,
,03-07-2026,,,,,Waiting,,,,,,7.28,,,RD249,,,
,03-07-2026,,,,,LU Loading,,,,,,3.15,,,RD249,,,
,03-07-2026,,,,,Waiting,,,,,,0.63,,,RD252,,,
,03-07-2026,,,,,LU Loading,,,,,,2.55,,,RD252,,,
,03-07-2026,,,,,Waiting,,,,,,0.5,,,RD244,,,
,03-07-2026,,,,,LU Loading,,,,,,3.22,,,RD244,,,
,03-07-2026,,,,,Waiting,,,,,,1.85,,,RD249,,,
,03-07-2026,,,,,LU Loading,,,,,,2.82,,,RD249,,,
,03-07-2026,,,,,Waiting,,,,,,0.02,,,RD252,,,
,03-07-2026,,,,,LU Loading,,,,,,3.38,,,RD252,,,
,03-07-2026,,,,,Waiting,,,,,,4.45,,,RD243,,,
,03-07-2026,,,,,LU Loading,,,,,,2.72,,,RD243,,,
,03-07-2026,,,,,Waiting,,,,,,0.08,,,RD249,,,
,03-07-2026,,,,,LU Loading,,,,,,3.88,,,RD249,,,
,03-07-2026,,,,,LU Loading,,,,,,2.95,,,RD252,,,
,03-07-2026,,,,,Waiting,,,,,,80.55,,,RD248,,,
,03-07-2026,,,,,LU Loading,,,,,,5.52,,,RD248,,,
,03-07-2026,,,,,Waiting,,,,,,1.33,,,RD244,,,
,03-07-2026,,,,,LU Loading,,,,,,4.78,,,RD244,,,
,03-07-2026,,,,,Waiting,,,,,,9.32,,,RD248,,,
,03-07-2026,,,,,LU Loading,,,,,,4.6,,,RD248,,,
,03-07-2026,,,,,Waiting,,,,,,2.6,,,RD248,,,
,03-07-2026,,,,,LU Loading,,,,,,4.68,,,RD248,,,
,03-07-2026,,,,,Waiting,,,,,,2.35,,,RD248,,,
,03-07-2026,,,,,Spotting,,,,,,0.28,,,RD248,,,
,03-07-2026,,,,,LU Loading,,,,,,4.57,,,RD248,,,
,03-07-2026,,,,,Waiting,,,,,,2.48,,,RD248,,,
,03-07-2026,,,,,Spotting,,,,,,0.53,,,RD248,,,
,03-07-2026,,,,,LU Loading,,,,,,8.02,,,RD248,,,
,03-07-2026,,,,,Fuel Filling,,,,,,2.28,,,RD248,,,
,03-07-2026,,,,,LU Loading,,,,,,5.05,,,RD248,,,
,03-07-2026,,,,,Waiting,,,,,,2.15,,,RD248,,,
,03-07-2026,,,,,LU Loading,,,,,,3.95,,,RD248,,,
,03-07-2026,,,,,Waiting,,,,,,2.2,,,RD248,,,
,03-07-2026,,,,,Spotting,,,,,,0.28,,,RD248,,,
,03-07-2026,,,,,LU Loading,,,,,,4.3,,,RD248,,,
,03-07-2026,,,,,Waiting,,,,,,2.07,,,RD248,,,
,03-07-2026,,,,,Spotting,,,,,,0.25,,,RD248,,,
,03-07-2026,,,,,LU Loading,,,,,,3.95,,,RD248,,,
,03-07-2026,,,,,Waiting,,,,,,2.02,,,RD248,,,
,03-07-2026,,,,,LU Loading,,,,,,4.17,,,RD248,,,
,03-07-2026,,,,,Waiting,,,,,,1.92,,,RD248,,,
,03-07-2026,,,,,Spotting,,,,,,0.23,,,RD248,,,
,03-07-2026,,,,,LU Loading,,,,,,4.22,,,RD248,,,
,03-07-2026,,,,,Waiting,,,,,,1.83,,,RD248,,,
,03-07-2026,,,,,Spotting,,,,,,0.33,,,RD248,,,
,03-07-2026,,,,,LU Loading,,,,,,4.98,,,RD248,,,
,03-07-2026,,,,,Waiting,,,,,,1.72,,,RD248,,,
,03-07-2026,,,,,LU Loading,,,,,,4.07,,,RD248,,,
,03-07-2026,,,,,Waiting,,,,,,1.67,,,RD248,,,
,03-07-2026,,,,,Spotting,,,,,,0.67,,,RD248,,,
,03-07-2026,,,,,LU Loading,,,,,,4.32,,,RD248,,,
,03-07-2026,,,,,Waiting,,,,,,1.83,,,RD248,,,
,03-07-2026,,,,,LU Loading,,,,,,4.35,,,RD248,,,
,03-07-2026,,,,,Waiting,,,,,,1.88,,,RD248,,,
,03-07-2026,,,,,LU Loading,,,,,,5.03,,,RD248,,,
,03-07-2026,,,,,Waiting,,,,,,2.72,,,RD245,,,
,03-07-2026,,,,,Marching,,,,,,28.97,,,RD245,,,
,03-07-2026,,,,,Shift Change,,,,,,16.07,,,RD245,,,
,03-07-2026,,,,,Shift Change,,,,,,52.8,,,RD245,,,
,03-07-2026,,,,,Marching,,,,,,19.18,,,RD245,,,
,03-07-2026,,,,,LU Loading,,,,,,3.35,,,RD245,,,
,03-07-2026,,,,,Waiting,,,,,,0.48,,,RD252,,,
,03-07-2026,,,,,LU Loading,,,,,,0.02,,,RD252,,,
,03-07-2026,,,,,Waiting,,,,,,6.02,,,RD235,,,
,03-07-2026,,,,,LU Loading,,,,,,2.67,,,RD235,,,
,03-07-2026,,,,,Spotting,,,,,,0.3,,,RD238,,,
,03-07-2026,,,,,LU Loading,,,,,,3.37,,,RD238,,,
,03-07-2026,,,,,Waiting,,,,,,0.32,,,RD245,,,
,03-07-2026,,,,,LU Loading,,,,,,3,,,RD245,,,
,03-07-2026,,,,,Waiting,,,,,,0.33,,,RD252,,,
,03-07-2026,,,,,LU Loading,,,,,,3.07,,,RD252,,,
,03-07-2026,,,,,Waiting,,,,,,2,,,RD235,,,
,03-07-2026,,,,,Face Prep,,,,,,3.23,,,RD235,,,
,03-07-2026,,,,,LU Loading,,,,,,16.23,,,RD235,,,
,03-07-2026,,,,,Spotting,,,,,,0.07,,,RD238,,,
,03-07-2026,,,,,LU Loading,,,,,,5.03,,,RD238,,,
,03-07-2026,,,,,Waiting,,,,,,9.03,,,RD235,,,
,03-07-2026,,,,,Spotting,,,,,,0.72,,,RD235,,,
,03-07-2026,,,,,LU Loading,,,,,,3.93,,,RD235,,,
,03-07-2026,,,,,Waiting,,,,,,0.4,,,RD245,,,
,03-07-2026,,,,,LU Loading,,,,,,5.98,,,RD245,,,
,03-07-2026,,,,,LU Loading,,,,,,4.73,,,RD238,,,
,03-07-2026,,,,,Waiting,,,,,,4.15,,,RD235,,,
,03-07-2026,,,,,Spotting,,,,,,0.17,,,RD235,,,
,03-07-2026,,,,,LU Loading,,,,,,5.37,,,RD235,,,
,03-07-2026,,,,,Waiting,,,,,,0.18,,,RD252,,,
,03-07-2026,,,,,LU Loading,,,,,,3.2,,,RD252,,,
,03-07-2026,,,,,Waiting,,,,,,0.33,,,RD238,,,
,03-07-2026,,,,,LU Loading,,,,,,3.27,,,RD238,,,
,03-07-2026,,,,,Waiting,,,,,,5.47,,,RD245,,,
,03-07-2026,,,,,LU Loading,,,,,,2.33,,,RD245,,,
,03-07-2026,,,,,Waiting,,,,,,0.7,,,RD235,,,
,03-07-2026,,,,,Spotting,,,,,,0.1,,,RD235,,,
,03-07-2026,,,,,LU Loading,,,,,,4.25,,,RD235,,,
,03-07-2026,,,,,Waiting,,,,,,0.17,,,RD238,,,
,03-07-2026,,,,,LU Loading,,,,,,3.23,,,RD238,,,
,03-07-2026,,,,,Waiting,,,,,,2.4,,,RD252,,,
,03-07-2026,,,,,LU Loading,,,,,,2.83,,,RD252,,,
,03-07-2026,,,,,Waiting,,,,,,4.85,,,RD235,,,
,03-07-2026,,,,,Spotting,,,,,,0.17,,,RD235,,,
,03-07-2026,,,,,LU Loading,,,,,,4.05,,,RD235,,,
,03-07-2026,,,,,Waiting,,,,,,0.02,,,RD238,,,
,03-07-2026,,,,,Spotting,,,,,,0.42,,,RD238,,,
,03-07-2026,,,,,LU Loading,,,,,,2.92,,,RD238,,,
,03-07-2026,,,,,Waiting,,,,,,0.48,,,RD252,,,
,03-07-2026,,,,,LU Loading,,,,,,2.75,,,RD252,,,
,03-07-2026,,,,,Waiting,,,,,,5.48,,,RD245,,,
,03-07-2026,,,,,LU Loading,,,,,,3.77,,,RD245,,,
,03-07-2026,,,,,Waiting,,,,,,0.2,,,RD235,,,
,03-07-2026,,,,,Spotting,,,,,,0.18,,,RD235,,,
,03-07-2026,,,,,LU Loading,,,,,,5.45,,,RD235,,,
,03-07-2026,,,,,Waiting,,,,,,0.25,,,RD252,,,
,03-07-2026,,,,,LU Loading,,,,,,3.8,,,RD252,,,
,03-07-2026,,,,,Waiting,,,,,,4.52,,,RD245,,,
,03-07-2026,,,,,LU Loading,,,,,,5.08,,,RD245,,,
,03-07-2026,,,,,Waiting,,,,,,10.35,,,RD245,,,
,03-07-2026,,,,,LU Loading,,,,,,4.87,,,RD245,,,
,03-07-2026,,,,,Waiting,,,,,,0.78,,,RD252,,,
,03-07-2026,,,,,LU Loading,,,,,,5.7,,,RD252,,,
,03-07-2026,,,,,Waiting,,,,,,17.48,,,RD252,,,
,03-07-2026,,,,,LU Loading,,,,,,4.48,,,RD252,,,
,03-07-2026,,,,,Waiting,,,,,,6.68,,,RD238,,,
,03-07-2026,,,,,Spotting,,,,,,0.68,,,RD238,,,
,03-07-2026,,,,,LU Loading,,,,,,3.65,,,RD238,,,
,03-07-2026,,,,,Waiting,,,,,,0.1,,,RD239,,,
,03-07-2026,,,,,LU Loading,,,,,,2.93,,,RD239,,,
,03-07-2026,,,,,Waiting,,,,,,0.25,,,RD252,,,
,03-07-2026,,,,,LU Loading,,,,,,2.87,,,RD252,,,
,03-07-2026,,,,,Waiting,,,,,,3.97,,,RD236,,,
,03-07-2026,,,,,LU Loading,,,,,,3.12,,,RD236,,,
,03-07-2026,,,,,Waiting,,,,,,0.35,,,RD238,,,
,03-07-2026,,,,,LU Loading,,,,,,3.25,,,RD238,,,
,03-07-2026,,,,,Waiting,,,,,,13.5,,,RD236,,,
,03-07-2026,,,,,LU Loading,,,,,,4.5,,,RD236,,,
,03-07-2026,,,,,LU Loading,,,,,,2.47,,,RD238,,,
,03-07-2026,,,,,Spotting,,,,,,0.4,,,RD245,,,
,03-07-2026,,,,,LU Loading,,,,,,2.58,,,RD245,,,
,03-07-2026,,,,,Waiting,,,,,,2.53,,,RD238,,,
,03-07-2026,,,,,LU Loading,,,,,,3.13,,,RD238,,,
,03-07-2026,,,,,Waiting,,,,,,4.98,,,RD245,,,
,03-07-2026,,,,,LU Loading,,,,,,3.17,,,RD245,,,
,03-07-2026,,,,,Waiting,,,,,,0.5,,,RD252,,,
,03-07-2026,,,,,LU Loading,,,,,,3.35,,,RD252,,,
,03-07-2026,,,,,Waiting,,,,,,0.03,,,RD247,,,
,03-07-2026,,,,,LU Loading,,,,,,3.13,,,RD247,,,
,03-07-2026,,,,,Waiting,,,,,,2.95,,,RD238,,,
,03-07-2026,,,,,LU Loading,,,,,,3.38,,,RD238,,,
,03-07-2026,,,,,Waiting,,,,,,0.62,,,RD245,,,
,03-07-2026,,,,,LU Loading,,,,,,2.65,,,RD245,,,
,03-07-2026,,,,,Waiting,,,,,,0.25,,,RD252,,,
,03-07-2026,,,,,LU Loading,,,,,,3.48,,,RD252,,,
,03-07-2026,,,,,Waiting,,,,,,0.42,,,RD238,,,
,03-07-2026,,,,,LU Loading,,,,,,3.07,,,RD238,,,
,03-07-2026,,,,,Waiting,,,,,,0.13,,,RD247,,,
,03-07-2026,,,,,LU Loading,,,,,,2.92,,,RD247,,,
,03-07-2026,,,,,Waiting,,,,,,0.38,,,RD245,,,
,03-07-2026,,,,,LU Loading,,,,,,3.25,,,RD245,,,
,03-07-2026,,,,,Waiting,,,,,,1.97,,,RD252,,,
,03-07-2026,,,,,Spotting,,,,,,0.23,,,RD252,,,
,03-07-2026,,,,,LU Loading,,,,,,2.77,,,RD252,,,
,03-07-2026,,,,,Waiting,,,,,,0.65,,,RD252,,,
,03-07-2026,,,,,LU Loading,,,,,,0.08,,,RD252,,,
,03-07-2026,,,,,Waiting,,,,,,2.08,,,RD238,,,
,03-07-2026,,,,,LU Loading,,,,,,2.8,,,RD238,,,
,03-07-2026,,,,,Spotting,,,,,,0.1,,,RD247,,,
,03-07-2026,,,,,LU Loading,,,,,,3.35,,,RD247,,,
,03-07-2026,,,,,Waiting,,,,,,0.45,,,RD245,,,
,03-07-2026,,,,,Spotting,,,,,,0.27,,,RD245,,,
,03-07-2026,,,,,LU Loading,,,,,,2.9,,,RD245,,,
,03-07-2026,,,,,Waiting,,,,,,0.37,,,RD252,,,
,03-07-2026,,,,,Spotting,,,,,,0.03,,,RD252,,,
,03-07-2026,,,,,LU Loading,,,,,,4.28,,,RD252,,,
,03-07-2026,,,,,Waiting,,,,,,1.17,,,RD239,,,
,03-07-2026,,,,,LU Loading,,,,,,3.47,,,RD239,,,
,03-07-2026,,,,,Spotting,,,,,,0.42,,,RD238,,,
,03-07-2026,,,,,LU Loading,,,,,,3.35,,,RD238,,,
,03-07-2026,,,,,Spotting,,,,,,0.1,,,RD247,,,
,03-07-2026,,,,,LU Loading,,,,,,1.97,,,RD247,,,
,03-07-2026,,,,,Spotting,,,,,,0.45,,,RD245,,,
,03-07-2026,,,,,LU Loading,,,,,,1.98,,,RD245,,,
,03-07-2026,,,,,Waiting,,,,,,0.45,,,RD252,,,
,03-07-2026,,,,,Spotting,,,,,,0.23,,,RD252,,,
,03-07-2026,,,,,LU Loading,,,,,,2.83,,,RD252,,,
,03-07-2026,,,,,Waiting,,,,,,0.85,,,RD231,,,
,03-07-2026,,,,,LU Loading,,,,,,2.75,,,RD231,,,
,03-07-2026,,,,,Waiting,,,,,,0.25,,,RD238,,,
,03-07-2026,,,,,Spotting,,,,,,0.27,,,RD238,,,
,03-07-2026,,,,,LU Loading,,,,,,2.47,,,RD238,,,
,03-07-2026,,,,,LU Loading,,,,,,3.08,,,RD247,,,
,03-07-2026,,,,,Spotting,,,,,,0.58,,,RD245,,,
,03-07-2026,,,,,LU Loading,,,,,,2.6,,,RD245,,,
,03-07-2026,,,,,Waiting,,,,,,0.6,,,RD252,,,
,03-07-2026,,,,,LU Loading,,,,,,2.55,,,RD252,,,
,03-07-2026,,,,,Waiting,,,,,,1.78,,,RD238,,,
,03-07-2026,,,,,Spotting,,,,,,0.1,,,RD238,,,
,03-07-2026,,,,,LU Loading,,,,,,2.88,,,RD238,,,
,03-07-2026,,,,,Spotting,,,,,,0.32,,,RD247,,,
,03-07-2026,,,,,LU Loading,,,,,,2.4,,,RD247,,,
,03-07-2026,,,,,Spotting,,,,,,0.45,,,RD245,,,
,03-07-2026,,,,,LU Loading,,,,,,1.87,,,RD245,,,
,03-07-2026,,,,,Waiting,,,,,,0.43,,,RD252,,,
,03-07-2026,,,,,Spotting,,,,,,0.27,,,RD252,,,
,03-07-2026,,,,,LU Loading,,,,,,2.33,,,RD252,,,
,03-07-2026,,,,,Waiting,,,,,,0.68,,,RD231,,,
,03-07-2026,,,,,LU Loading,,,,,,2.57,,,RD231,,,
,03-07-2026,,,,,Waiting,,,,,,0.18,,,RD238,,,
,03-07-2026,,,,,Spotting,,,,,,0.13,,,RD238,,,
,03-07-2026,,,,,LU Loading,,,,,,2.72,,,RD238,,,
,03-07-2026,,,,,LU Loading,,,,,,2.43,,,RD247,,,
,03-07-2026,,,,,Spotting,,,,,,0.33,,,RD245,,,
,03-07-2026,,,,,LU Loading,,,,,,2.42,,,RD245,,,
,03-07-2026,,,,,Waiting,,,,,,19.95,,,RD240,,,
,03-07-2026,,,,,Shift Change,,,,,,12.9,,,RD240,,,
,03-07-2026,,,,,Shift Change,,,,,,25.62,,,RD240,,,
,03-07-2026,,,,,Daily Service,,,,,,55.45,,,RD240,,,
,03-07-2026,,,,,Waiting,,,,,,8.88,,,RD240,,,
,03-07-2026,,,,,Face Prep,,,,,,2.25,,,RD240,,,
,03-07-2026,,,,,LU Loading,,,,,,11.75,,,RD240,,,
,03-07-2026,,,,,Waiting,,,,,,3.1,,,RD250,,,
,03-07-2026,,,,,LU Loading,,,,,,4.28,,,RD250,,,
,03-07-2026,,,,,Waiting,,,,,,3.4,,,RD234,,,
,03-07-2026,,,,,LU Loading,,,,,,5.48,,,RD234,,,
,04-07-2026,,,,,Waiting,,,,,,4.57,,,RD251,,,
,04-07-2026,,,,,LU Loading,,,,,,3.28,,,RD251,,,
,04-07-2026,,,,,Waiting,,,,,,2.22,,,RD240,,,
,04-07-2026,,,,,Spotting,,,,,,1.22,,,RD240,,,
,04-07-2026,,,,,LU Loading,,,,,,3.15,,,RD240,,,
,04-07-2026,,,,,Waiting,,,,,,2.42,,,RD250,,,
,04-07-2026,,,,,LU Loading,,,,,,3.08,,,RD250,,,
,04-07-2026,,,,,Waiting,,,,,,1.83,,,RD234,,,
,04-07-2026,,,,,Spotting,,,,,,0.2,,,RD234,,,
,04-07-2026,,,,,LU Loading,,,,,,3.92,,,RD234,,,
,04-07-2026,,,,,Waiting,,,,,,3.58,,,RD251,,,
,04-07-2026,,,,,Spotting,,,,,,0.27,,,RD251,,,
,04-07-2026,,,,,LU Loading,,,,,,4.3,,,RD251,,,
,04-07-2026,,,,,Waiting,,,,,,0.73,,,RD240,,,
,04-07-2026,,,,,Spotting,,,,,,0.57,,,RD240,,,
,04-07-2026,,,,,LU Loading,,,,,,3.78,,,RD240,,,
,04-07-2026,,,,,Waiting,,,,,,1.95,,,RD250,,,
,04-07-2026,,,,,LU Loading,,,,,,3.27,,,RD250,,,
,04-07-2026,,,,,Waiting,,,,,,2.13,,,RD234,,,
,04-07-2026,,,,,Spotting,,,,,,0.65,,,RD234,,,
,04-07-2026,,,,,LU Loading,,,,,,3.23,,,RD234,,,
,04-07-2026,,,,,LU Loading,,,,,,6.13,,,RD251,,,
,04-07-2026,,,,,Waiting,,,,,,12.32,,,RD240,,,
,04-07-2026,,,,,Spotting,,,,,,1.6,,,RD240,,,
,04-07-2026,,,,,LU Loading,,,,,,4.62,,,RD240,,,
,04-07-2026,,,,,Waiting,,,,,,2,,,RD250,,,
,04-07-2026,,,,,LU Loading,,,,,,2.57,,,RD250,,,
,04-07-2026,,,,,Waiting,,,,,,4.32,,,RD234,,,
,04-07-2026,,,,,Spotting,,,,,,0.17,,,RD234,,,
,04-07-2026,,,,,LU Loading,,,,,,4.1,,,RD234,,,
,04-07-2026,,,,,Waiting,,,,,,1.2,,,RD251,,,
,04-07-2026,,,,,Spotting,,,,,,0.27,,,RD251,,,
,04-07-2026,,,,,LU Loading,,,,,,3.95,,,RD251,,,
,04-07-2026,,,,,Waiting,,,,,,2.17,,,RD240,,,
,04-07-2026,,,,,LU Loading,,,,,,3.72,,,RD240,,,
,04-07-2026,,,,,Waiting,,,,,,17.15,,,RD240,,,
,04-07-2026,,,,,Tea/ Breakfast / Snacks,,,,,,77,,,RD240,,,
,04-07-2026,,,,,LU Loading,,,,,,5.33,,,RD240,,,
,04-07-2026,,,,, Down,,,,,,3.58,,,RD240,,,
,04-07-2026,,,,,Waiting,,,,,,3.67,,,RD240,,,
,04-07-2026,,,,,LU Loading,,,,,,3.07,,,RD240,,,
,04-07-2026,,,,,LU Loading,,,,,,6.1,,,RD251,,,
,04-07-2026,,,,,Spotting,,,,,,0.43,,,RD234,,,
,04-07-2026,,,,,LU Loading,,,,,,3.48,,,RD234,,,
,04-07-2026,,,,,Spotting,,,,,,1.77,,,RD250,,,
,04-07-2026,,,,,LU Loading,,,,,,4.1,,,RD250,,,
,04-07-2026,,,,,Waiting,,,,,,2.57,,,RD251,,,
,04-07-2026,,,,,Spotting,,,,,,0.22,,,RD251,,,
,04-07-2026,,,,,LU Loading,,,,,,5.4,,,RD251,,,
,04-07-2026,,,,,Spotting,,,,,,0.78,,,RD234,,,
,04-07-2026,,,,,LU Loading,,,,,,4.28,,,RD234,,,
,04-07-2026,,,,,Waiting,,,,,,0.6,,,RD250,,,
,04-07-2026,,,,,LU Loading,,,,,,3.87,,,RD250,,,
,04-07-2026,,,,,Waiting,,,,,,2.28,,,RD251,,,
,04-07-2026,,,,,Spotting,,,,,,0.47,,,RD251,,,
,04-07-2026,,,,,LU Loading,,,,,,5.17,,,RD251,,,
,04-07-2026,,,,,Waiting,,,,,,7.32,,,RD251,,,
,04-07-2026,,,,,Marching,,,,,,4.33,,,RD251,,,
,04-07-2026,,,,,LU Loading,,,,,,4.1,,,RD251,,,
,04-07-2026,,,,,Waiting,,,,,,0.22,,,RD234,,,
,04-07-2026,,,,,Marching,,,,,,9.12,,,RD234,,,
,04-07-2026,,,,,LU Loading,,,,,,5.1,,,RD234,,,
,04-07-2026,,,,,LU Loading,,,,,,4.28,,,RD251,,,
,04-07-2026,,,,,LU Loading,,,,,,1.08,,,RD250,,,
,04-07-2026,,,,,Waiting,,,,,,2.07,,,RD251,,,
,04-07-2026,,,,,LU Loading,,,,,,3.93,,,RD251,,,
,04-07-2026,,,,,Waiting,,,,,,4.22,,,RD234,,,
,04-07-2026,,,,,Spotting,,,,,,0.17,,,RD234,,,
,04-07-2026,,,,,LU Loading,,,,,,3.27,,,RD234,,,
,04-07-2026,,,,,Waiting,,,,,,1.37,,,RD250,,,
,04-07-2026,,,,,Spotting,,,,,,0.1,,,RD250,,,
,04-07-2026,,,,,LU Loading,,,,,,3.07,,,RD250,,,
,04-07-2026,,,,,Waiting,,,,,,4.9,,,RD251,,,
,04-07-2026,,,,,Spotting,,,,,,0.32,,,RD251,,,
,04-07-2026,,,,,LU Loading,,,,,,3.98,,,RD251,,,
,04-07-2026,,,,,Waiting,,,,,,1,,,RD234,,,
,04-07-2026,,,,,Spotting,,,,,,0.2,,,RD234,,,
,04-07-2026,,,,,LU Loading,,,,,,2.87,,,RD234,,,
,04-07-2026,,,,,Waiting,,,,,,1.03,,,RD250,,,
,04-07-2026,,,,,Spotting,,,,,,0.12,,,RD250,,,
,04-07-2026,,,,,LU Loading,,,,,,2.87,,,RD250,,,
,04-07-2026,,,,,Waiting,,,,,,11.13,,,RD228,,,
,04-07-2026,,,,,Shift Change,,,,,,26.85,,,RD228,,,
,04-07-2026,,,,,,,,,,,,,,,,,
,Timestamp,,,,,Status Code,,Sub-Status Code,,,,"Duration
(min)",,,Hauling Unit,,,
,04-07-2026,,,,,Shift Change,,,,,,30.5,,,RD228,,,
,04-07-2026,,,,,Waiting,,,,,,1.38,,,RD228,,,
,04-07-2026,,,,,Marching,,,,,,3.92,,,RD228,,,
,04-07-2026,,,,,Waiting,,,,,,0.65,,,RD228,,,
,04-07-2026,,,,,LU Loading,,,,,,2.57,,,RD228,,,
,04-07-2026,,,,,Waiting,,,,,,1.02,,,RD232,,,
,04-07-2026,,,,,LU Loading,,,,,,3.92,,,RD232,,,
,04-07-2026,,,,,Waiting,,,,,,1.1,,,RD244,,,
,04-07-2026,,,,,LU Loading,,,,,,3.58,,,RD244,,,
,04-07-2026,,,,,Waiting,,,,,,0.9,,,RD245,,,
,04-07-2026,,,,,LU Loading,,,,,,4.88,,,RD245,,,
,04-07-2026,,,,,Waiting,,,,,,2.27,,,RD228,,,
,04-07-2026,,,,,LU Loading,,,,,,2.55,,,RD228,,,
,04-07-2026,,,,,Waiting,,,,,,1,,,RD232,,,
,04-07-2026,,,,,Spotting,,,,,,0.52,,,RD232,,,
,04-07-2026,,,,,LU Loading,,,,,,3.37,,,RD232,,,
,04-07-2026,,,,,Waiting,,,,,,0.83,,,RD244,,,
,04-07-2026,,,,,LU Loading,,,,,,2.4,,,RD244,,,
,04-07-2026,,,,,Waiting,,,,,,0.88,,,RD245,,,
,04-07-2026,,,,,LU Loading,,,,,,3.42,,,RD245,,,
,04-07-2026,,,,,Waiting,,,,,,1.37,,,RD228,,,
,04-07-2026,,,,,LU Loading,,,,,,2.58,,,RD228,,,
,04-07-2026,,,,,Waiting,,,,,,2.03,,,RD232,,,
,04-07-2026,,,,,Spotting,,,,,,0.25,,,RD232,,,
,04-07-2026,,,,,LU Loading,,,,,,2.92,,,RD232,,,
,04-07-2026,,,,,Waiting,,,,,,1.12,,,RD244,,,
,04-07-2026,,,,,LU Loading,,,,,,2.97,,,RD244,,,
,04-07-2026,,,,,Waiting,,,,,,0.77,,,RD245,,,
,04-07-2026,,,,,Spotting,,,,,,0.57,,,RD245,,,
,04-07-2026,,,,,LU Loading,,,,,,2.48,,,RD245,,,
,04-07-2026,,,,,Waiting,,,,,,1.5,,,RD228,,,
,04-07-2026,,,,,Marching,,,,,,1.33,,,RD228,,,
,04-07-2026,,,,,LU Loading,,,,,,2.08,,,RD228,,,
,04-07-2026,,,,,Waiting,,,,,,4.17,,,RD232,,,
,04-07-2026,,,,,Spotting,,,,,,0.35,,,RD232,,,
,04-07-2026,,,,,LU Loading,,,,,,10.35,,,RD232,,,
,04-07-2026,,,,,Waiting,,,,,,1.6,,,RD244,,,
,04-07-2026,,,,,Spotting,,,,,,1.92,,,RD244,,,
,04-07-2026,,,,,LU Loading,,,,,,2.38,,,RD244,,,
,04-07-2026,,,,,Waiting,,,,,,0.28,,,RD245,,,
,04-07-2026,,,,,Spotting,,,,,,0.2,,,RD245,,,
,04-07-2026,,,,,LU Loading,,,,,,3.25,,,RD245,,,
,04-07-2026,,,,,Waiting,,,,,,16.42,,,RD228,,,
,04-07-2026,,,,,LU Loading,,,,,,4.12,,,RD228,,,
,04-07-2026,,,,,Spotting,,,,,,0.48,,,RD232,,,
,04-07-2026,,,,,LU Loading,,,,,,3.48,,,RD232,,,
,04-07-2026,,,,,Waiting,,,,,,0.67,,,RD244,,,
,04-07-2026,,,,,LU Loading,,,,,,3.67,,,RD244,,,
,04-07-2026,,,,,Waiting,,,,,,0.13,,,RD245,,,
,04-07-2026,,,,,LU Loading,,,,,,4.88,,,RD245,,,
,04-07-2026,,,,,Waiting,,,,,,1.6,,,RD232,,,
,04-07-2026,,,,,Spotting,,,,,,0.67,,,RD232,,,
,04-07-2026,,,,,LU Loading,,,,,,4.22,,,RD232,,,
,04-07-2026,,,,,Spotting,,,,,,2.75,,,RD228,,,
,04-07-2026,,,,,LU Loading,,,,,,3.33,,,RD228,,,
,04-07-2026,,,,,Waiting,,,,,,3.45,,,RD245,,,
,04-07-2026,,,,,Spotting,,,,,,0.4,,,RD245,,,
,04-07-2026,,,,,LU Loading,,,,,,3.45,,,RD245,,,
,04-07-2026,,,,,Waiting,,,,,,0.7,,,RD232,,,
,04-07-2026,,,,,LU Loading,,,,,,4.25,,,RD232,,,
,04-07-2026,,,,,Waiting,,,,,,2.88,,,RD228,,,
,04-07-2026,,,,,LU Loading,,,,,,2.38,,,RD228,,,
,04-07-2026,,,,,Waiting,,,,,,2.33,,,RD245,,,
,04-07-2026,,,,,LU Loading,,,,,,3.02,,,RD245,,,
,04-07-2026,,,,,Waiting,,,,,,13.4,,,RD232,,,
,04-07-2026,,,,,Spotting,,,,,,0.83,,,RD232,,,
,04-07-2026,,,,,LU Loading,,,,,,5.38,,,RD232,,,
,04-07-2026,,,,,Waiting,,,,,,1.42,,,RD247,,,
,04-07-2026,,,,,Spotting,,,,,,0.83,,,RD247,,,
,04-07-2026,,,,,LU Loading,,,,,,3.52,,,RD247,,,
,04-07-2026,,,,,Waiting,,,,,,0.3,,,RD235,,,
,04-07-2026,,,,,LU Loading,,,,,,3.27,,,RD235,,,
,04-07-2026,,,,,Waiting,,,,,,3,,,RD244,,,
,04-07-2026,,,,,Spotting,,,,,,0.13,,,RD244,,,
,04-07-2026,,,,,LU Loading,,,,,,4.07,,,RD244,,,
,04-07-2026,,,,,Spotting,,,,,,0.65,,,RD232,,,
,04-07-2026,,,,,LU Loading,,,,,,3.95,,,RD232,,,
,04-07-2026,,,,,Spotting,,,,,,0.05,,,RD235,,,
,04-07-2026,,,,,LU Loading,,,,,,1.15,,,RD235,,,
,04-07-2026,,,,,Waiting,,,,,,1.1,,,RD235,,,
,04-07-2026,,,,,Marching,,,,,,7.47,,,RD235,,,
,04-07-2026,,,,,LU Loading,,,,,,3.05,,,RD235,,,
,04-07-2026,,,,,Waiting,,,,,,0.82,,,RD228,,,
,04-07-2026,,,,,LU Loading,,,,,,3.18,,,RD228,,,
,04-07-2026,,,,,Waiting,,,,,,2.23,,,RD244,,,
,04-07-2026,,,,,LU Loading,,,,,,3.67,,,RD244,,,
,04-07-2026,,,,,Waiting,,,,,,2.08,,,RD232,,,
,04-07-2026,,,,,LU Loading,,,,,,3.35,,,RD232,,,
,04-07-2026,,,,,Waiting,,,,,,0.52,,,RD245,,,
,04-07-2026,,,,,LU Loading,,,,,,4.18,,,RD245,,,
,04-07-2026,,,,,Waiting,,,,,,1.1,,,RD235,,,
,04-07-2026,,,,,LU Loading,,,,,,5.13,,,RD235,,,
,04-07-2026,,,,,Waiting,,,,,,1.15,,,RD232,,,
,04-07-2026,,,,,LU Loading,,,,,,3.77,,,RD232,,,
,04-07-2026,,,,,Waiting,,,,,,0.55,,,RD228,,,
,04-07-2026,,,,,Spotting,,,,,,0.15,,,RD228,,,
,04-07-2026,,,,,LU Loading,,,,,,4.67,,,RD228,,,
,04-07-2026,,,,,LU Loading,,,,,,4.67,,,RD244,,,
,04-07-2026,,,,,Waiting,,,,,,0.52,,,RD245,,,
,04-07-2026,,,,,LU Loading,,,,,,4.35,,,RD245,,,
,04-07-2026,,,,,Waiting,,,,,,1.27,,,RD228,,,
,04-07-2026,,,,,LU Loading,,,,,,4.97,,,RD228,,,
,04-07-2026,,,,,Waiting,,,,,,3.77,,,RD245,,,
,04-07-2026,,,,,Spotting,,,,,,0.92,,,RD245,,,
,04-07-2026,,,,,LU Loading,,,,,,2.75,,,RD245,,,
,04-07-2026,,,,,Waiting,,,,,,1.3,,,RD244,,,
,04-07-2026,,,,,LU Loading,,,,,,2.88,,,RD244,,,
,04-07-2026,,,,,Waiting,,,,,,3.6,,,RD228,,,
,04-07-2026,,,,,Spotting,,,,,,0.18,,,RD228,,,
,04-07-2026,,,,,LU Loading,,,,,,10.35,,,RD228,,,
,04-07-2026,,,,,Waiting,,,,,,0.22,,,RD232,,,
,04-07-2026,,,,,Face Prep,,,,,,0.32,,,RD232,,,
,04-07-2026,,,,,LU Loading,,,,,,2.02,,,RD232,,,
,04-07-2026,,,,,Waiting,,,,,,0.58,,,RD232,,,
,04-07-2026,,,,,Face Prep,,,,,,2.47,,,RD232,,,
,04-07-2026,,,,,Waiting,,,,,,1.33,,,RD232,,,
,04-07-2026,,,,,LU Loading,,,,,,2.92,,,RD232,,,
,04-07-2026,,,,,Waiting,,,,,,1.6,,,RD244,,,
,04-07-2026,,,,,LU Loading,,,,,,2.1,,,RD244,,,
,04-07-2026,,,,,LU Loading,,,,,,2.72,,,RD228,,,
,04-07-2026,,,,,Waiting,,,,,,0.28,,,RD245,,,
,04-07-2026,,,,,Spotting,,,,,,0.25,,,RD245,,,
,04-07-2026,,,,,LU Loading,,,,,,2.77,,,RD245,,,
,04-07-2026,,,,,Waiting,,,,,,2.08,,,RD232,,,
,04-07-2026,,,,,Spotting,,,,,,0.48,,,RD232,,,
,04-07-2026,,,,,LU Loading,,,,,,2.7,,,RD232,,,
,04-07-2026,,,,,Waiting,,,,,,0.63,,,RD244,,,
,04-07-2026,,,,,Spotting,,,,,,0.32,,,RD244,,,
,04-07-2026,,,,,LU Loading,,,,,,3.67,,,RD244,,,
,04-07-2026,,,,,Waiting,,,,,,1.5,,,RD228,,,
,04-07-2026,,,,,Fuel Filling,,,,,,0.65,,,RD228,,,
,04-07-2026,,,,,LU Loading,,,,,,0.63,,,RD228,,,
,04-07-2026,,,,,Waiting,,,,,,0.22,,,RD232,,,
,04-07-2026,,,,,Fuel Filling,,,,,,11.2,,,RD232,,,
,04-07-2026,,,,,Marching,,,,,,3.9,,,RD232,,,
,04-07-2026,,,,,Waiting,,,,,,0.07,,,RD232,,,
,04-07-2026,,,,,LU Loading,,,,,,2.08,,,RD232,,,
,04-07-2026,,,,,Waiting,,,,,,0.7,,,RD244,,,
,04-07-2026,,,,,LU Loading,,,,,,2.32,,,RD244,,,
,04-07-2026,,,,,Waiting,,,,,,4.15,,,RD228,,,
,04-07-2026,,,,,LU Loading,,,,,,2.28,,,RD228,,,
,04-07-2026,,,,,LU Loading,,,,,,3.8,,,RD232,,,
,04-07-2026,,,,,Waiting,,,,,,2.82,,,RD228,,,
,04-07-2026,,,,,LU Loading,,,,,,4.93,,,RD228,,,
,04-07-2026,,,,,LU Loading,,,,,,2.72,,,RD232,,,
,04-07-2026,,,,,Waiting,,,,,,4.33,,,RD228,,,
,04-07-2026,,,,,LU Loading,,,,,,2.97,,,RD228,,,
,04-07-2026,,,,,LU Loading,,,,,,4.28,,,RD232,,,
,04-07-2026,,,,,Waiting,,,,,,2.57,,,RD228,,,
,04-07-2026,,,,,LU Loading,,,,,,4.25,,,RD228,,,
,04-07-2026,,,,,Waiting,,,,,,1.57,,,RD232,,,
,04-07-2026,,,,,LU Loading,,,,,,2.48,,,RD232,,,
,04-07-2026,,,,,Waiting,,,,,,3.27,,,RD228,,,
,04-07-2026,,,,,LU Loading,,,,,,2.45,,,RD228,,,
,04-07-2026,,,,,Waiting,,,,,,1.53,,,RD232,,,
,04-07-2026,,,,,LU Loading,,,,,,2.62,,,RD232,,,
,04-07-2026,,,,,Waiting,,,,,,7.43,,,RD232,,,
,04-07-2026,,,,,LU Loading,,,,,,2.85,,,RD232,,,
,04-07-2026,,,,,Waiting,,,,,,1.72,,,RD228,,,
,04-07-2026,,,,,LU Loading,,,,,,2.95,,,RD228,,,
,04-07-2026,,,,,Waiting,,,,,,3.33,,,RD233,,,
,04-07-2026,,,,,Marching,,,,,,11.55,,,RD233,,,
,04-07-2026,,,,,Shift Change,,,,,,25.4,,,RD233,,,
,04-07-2026,,,,,Shift Change,,,,,,79.9,,,RD233,,,
,04-07-2026,,,,,Marching,,,,,,38.6,,,RD233,,,
,04-07-2026,,,,,Daily Service,,,,,,190.95,,,RD233,,,
,04-07-2026,,,,,Marching,,,,,,26.42,,,RD233,,,
,04-07-2026,,,,,Side Casting,,,,,,24.15,,,RD233,,,
,04-07-2026,,,,,LU Loading,,,,,,3.38,,,RD233,,,
,04-07-2026,,,,,Waiting,,,,,,1.4,,,RD242,,,
,04-07-2026,,,,,LU Loading,,,,,,5.78,,,RD242,,,
,04-07-2026,,,,,Waiting,,,,,,2.48,,,RD233,,,
,04-07-2026,,,,,LU Loading,,,,,,3.17,,,RD233,,,
,04-07-2026,,,,,Waiting,,,,,,3.25,,,RD240,,,
,04-07-2026,,,,,LU Loading,,,,,,3.25,,,RD240,,,
,04-07-2026,,,,,Waiting,,,,,,1.52,,,RD251,,,
,04-07-2026,,,,,LU Loading,,,,,,2.32,,,RD251,,,
,04-07-2026,,,,,Waiting,,,,,,1.32,,,RD242,,,
,04-07-2026,,,,,Spotting,,,,,,0.12,,,RD242,,,
,04-07-2026,,,,,LU Loading,,,,,,3.68,,,RD242,,,
,04-07-2026,,,,,Waiting,,,,,,0.55,,,RD252,,,
,04-07-2026,,,,,Spotting,,,,,,0.83,,,RD252,,,
,04-07-2026,,,,,LU Loading,,,,,,3.68,,,RD252,,,
,04-07-2026,,,,,Waiting,,,,,,0.98,,,RD240,,,
,04-07-2026,,,,,LU Loading,,,,,,2.25,,,RD240,,,
,04-07-2026,,,,,Waiting,,,,,,3.93,,,RD242,,,
,04-07-2026,,,,,LU Loading,,,,,,3.58,,,RD242,,,
,04-07-2026,,,,,Waiting,,,,,,5.37,,,RD252,,,
,04-07-2026,,,,,Spotting,,,,,,1.08,,,RD252,,,
,04-07-2026,,,,,LU Loading,,,,,,3.15,,,RD252,,,
,04-07-2026,,,,,Spotting,,,,,,0.17,,,RD240,,,
,04-07-2026,,,,,LU Loading,,,,,,3.53,,,RD240,,,
,04-07-2026,,,,,LU Loading,,,,,,4.68,,,RD242,,,
,04-07-2026,,,,,Waiting,,,,,,3.03,,,RD252,,,
,04-07-2026,,,,,Spotting,,,,,,0.1,,,RD252,,,
,04-07-2026,,,,,LU Loading,,,,,,3.55,,,RD252,,,
,04-07-2026,,,,,Waiting,,,,,,1.12,,,RD251,,,
,04-07-2026,,,,,LU Loading,,,,,,2.18,,,RD251,,,
,04-07-2026,,,,,LU Loading,,,,,,3.22,,,RD240,,,
,04-07-2026,,,,,Waiting,,,,,,0.85,,,RD242,,,
,04-07-2026,,,,,Spotting,,,,,,0.17,,,RD242,,,
,04-07-2026,,,,,LU Loading,,,,,,3.55,,,RD242,,,
,04-07-2026,,,,,Waiting,,,,,,0.62,,,RD251,,,
,04-07-2026,,,,,LU Loading,,,,,,3.72,,,RD251,,,
,04-07-2026,,,,,Waiting,,,,,,6.73,,,RD249,,,
,04-07-2026,,,,,Shift Change,,,,,,25.68,,,RD249,,,
,04-07-2026,,,,,Shift Change,,,,,,43.17,,,RD249,,,
,04-07-2026,,,,,LU Loading,,,,,,0.17,,,RD249,,,
,04-07-2026,,,,,Shift Change,,,,,,6.93,,,RD249,,,
,04-07-2026,,,,,LU Loading,,,,,,2.07,,,RD249,,,
,04-07-2026,,,,,Waiting,,,,,,4.62,,,RD236,,,
,04-07-2026,,,,,LU Loading,,,,,,2.18,,,RD236,,,
,04-07-2026,,,,,Waiting,,,,,,3.03,,,RD252,,,
,04-07-2026,,,,,LU Loading,,,,,,3.13,,,RD252,,,
,04-07-2026,,,,,Waiting,,,,,,0.88,,,RD249,,,
,04-07-2026,,,,,LU Loading,,,,,,2.9,,,RD249,,,
,04-07-2026,,,,,Waiting,,,,,,0.68,,,RD247,,,
,04-07-2026,,,,,LU Loading,,,,,,3.1,,,RD247,,,
,04-07-2026,,,,,Waiting,,,,,,4.13,,,RD252,,,
,04-07-2026,,,,,LU Loading,,,,,,2.65,,,RD252,,,
,04-07-2026,,,,,Waiting,,,,,,1.83,,,RD249,,,
,04-07-2026,,,,,LU Loading,,,,,,2.43,,,RD249,,,
,04-07-2026,,,,,Waiting,,,,,,0.73,,,RD247,,,
,04-07-2026,,,,,LU Loading,,,,,,3.13,,,RD247,,,
,04-07-2026,,,,,Waiting,,,,,,3.33,,,RD252,,,
,04-07-2026,,,,,LU Loading,,,,,,2.97,,,RD252,,,
,04-07-2026,,,,,Waiting,,,,,,1.38,,,RD249,,,
,04-07-2026,,,,,LU Loading,,,,,,3,,,RD249,,,
,04-07-2026,,,,,Waiting,,,,,,0.72,,,RD247,,,
,04-07-2026,,,,,LU Loading,,,,,,3.1,,,RD247,,,
,04-07-2026,,,,,Waiting,,,,,,2.58,,,RD252,,,
,04-07-2026,,,,,LU Loading,,,,,,3.2,,,RD252,,,
,04-07-2026,,,,,Waiting,,,,,,1.3,,,RD250,,,
,04-07-2026,,,,,LU Loading,,,,,,2.37,,,RD250,,,
,04-07-2026,,,,,Waiting,,,,,,1.05,,,RD249,,,
,04-07-2026,,,,,LU Loading,,,,,,3.63,,,RD249,,,
,04-07-2026,,,,,Waiting,,,,,,0.97,,,RD247,,,
,04-07-2026,,,,,LU Loading,,,,,,2.6,,,RD247,,,
,04-07-2026,,,,,Waiting,,,,,,0.92,,,RD252,,,
,05-07-2026,,,,,LU Loading,,,,,,2.95,,,RD252,,,
,05-07-2026,,,,,Waiting,,,,,,1.13,,,RD250,,,
,05-07-2026,,,,,LU Loading,,,,,,3.35,,,RD250,,,
,05-07-2026,,,,,Waiting,,,,,,0.53,,,RD249,,,
,05-07-2026,,,,,LU Loading,,,,,,5.25,,,RD249,,,
,05-07-2026,,,,,Waiting,,,,,,0.82,,,RD247,,,
,05-07-2026,,,,,LU Loading,,,,,,5,,,RD247,,,
,05-07-2026,,,,,Waiting,,,,,,0.88,,,RD252,,,
,05-07-2026,,,,,LU Loading,,,,,,4.15,,,RD252,,,
,05-07-2026,,,,,Waiting,,,,,,0.65,,,RD250,,,
,05-07-2026,,,,,Spotting,,,,,,0.3,,,RD250,,,
,05-07-2026,,,,,LU Loading,,,,,,3.72,,,RD250,,,
,05-07-2026,,,,,Waiting,,,,,,0.9,,,RD249,,,
,05-07-2026,,,,,LU Loading,,,,,,3.37,,,RD249,,,
,05-07-2026,,,,,Waiting,,,,,,0.97,,,RD247,,,
,05-07-2026,,,,,LU Loading,,,,,,2.92,,,RD247,,,
,05-07-2026,,,,,Waiting,,,,,,0.62,,,RD252,,,
,05-07-2026,,,,,LU Loading,,,,,,2.83,,,RD252,,,
,05-07-2026,,,,,Waiting,,,,,,0.92,,,RD250,,,
,05-07-2026,,,,,LU Loading,,,,,,2.08,,,RD250,,,
,05-07-2026,,,,,Waiting,,,,,,2.07,,,RD249,,,
,05-07-2026,,,,,LU Loading,,,,,,3.43,,,RD249,,,
,05-07-2026,,,,,Waiting,,,,,,0.68,,,RD247,,,
,05-07-2026,,,,,LU Loading,,,,,,2.82,,,RD247,,,
,05-07-2026,,,,,Waiting,,,,,,0.78,,,RD252,,,
,05-07-2026,,,,,LU Loading,,,,,,2.75,,,RD252,,,
,05-07-2026,,,,,Waiting,,,,,,0.65,,,RD250,,,
,05-07-2026,,,,,LU Loading,,,,,,3.33,,,RD250,,,
,05-07-2026,,,,,Waiting,,,,,,0.87,,,RD249,,,
,05-07-2026,,,,,LU Loading,,,,,,3.05,,,RD249,,,
,05-07-2026,,,,,Waiting,,,,,,24.58,,,RD247,,,
,05-07-2026,,,,,Face Prep,,,,,,3.13,,,RD247,,,
,05-07-2026,,,,,Spotting,,,,,,0.08,,,RD247,,,
,05-07-2026,,,,,LU Loading,,,,,,4.27,,,RD247,,,
,05-07-2026,,,,,Waiting,,,,,,0.75,,,RD252,,,
,05-07-2026,,,,,LU Loading,,,,,,3.82,,,RD252,,,
,05-07-2026,,,,,LU Loading,,,,,,2.85,,,RD250,,,
,05-07-2026,,,,,Waiting,,,,,,2.97,,,RD247,,,
,05-07-2026,,,,,LU Loading,,,,,,3.22,,,RD247,,,
,05-07-2026,,,,,Waiting,,,,,,0.82,,,RD252,,,
,05-07-2026,,,,,LU Loading,,,,,,6.55,,,RD252,,,
,05-07-2026,,,,,LU Loading,,,,,,3.52,,,RD250,,,
,05-07-2026,,,,,Waiting,,,,,,0.98,,,RD247,,,
,05-07-2026,,,,,LU Loading,,,,,,3.35,,,RD247,,,
,05-07-2026,,,,,Waiting,,,,,,1.23,,,RD252,,,
,05-07-2026,,,,,LU Loading,,,,,,2.85,,,RD252,,,
,05-07-2026,,,,,Waiting,,,,,,7,,,RD249,,,
,05-07-2026,,,,,LU Loading,,,,,,3.42,,,RD249,,,
,05-07-2026,,,,,Waiting,,,,,,0.75,,,RD250,,,
,05-07-2026,,,,,LU Loading,,,,,,3.03,,,RD250,,,
,05-07-2026,,,,,Waiting,,,,,,7.42,,,RD249,,,
,05-07-2026,,,,,LU Loading,,,,,,3.12,,,RD249,,,
,05-07-2026,,,,,Waiting,,,,,,0.72,,,RD250,,,
,05-07-2026,,,,,LU Loading,,,,,,3.87,,,RD250,,,
,05-07-2026,,,,,Waiting,,,,,,6.57,,,RD247,,,
,05-07-2026,,,,,LU Loading,,,,,,3.8,,,RD247,,,
,05-07-2026,,,,,Waiting,,,,,,0.97,,,RD249,,,
,05-07-2026,,,,,LU Loading,,,,,,2.95,,,RD249,,,
,05-07-2026,,,,,Waiting,,,,,,6.87,,,RD247,,,
,05-07-2026,,,,,LU Loading,,,,,,4.48,,,RD247,,,
,05-07-2026,,,,,Waiting,,,,,,1.67,,,RD249,,,
,05-07-2026,,,,,LU Loading,,,,,,3.48,,,RD249,,,
,05-07-2026,,,,,Waiting,,,,,,4.47,,,RD247,,,
,05-07-2026,,,,,LU Loading,,,,,,2.75,,,RD247,,,
,05-07-2026,,,,,Waiting,,,,,,1.28,,,RD241,,,
,05-07-2026,,,,,LU Loading,,,,,,2.52,,,RD241,,,
,05-07-2026,,,,,Waiting,,,,,,0.25,,,RD250,,,
,05-07-2026,,,,,LU Loading,,,,,,2.1,,,RD250,,,
,05-07-2026,,,,,LU Loading,,,,,,2.8,,,RD249,,,
,05-07-2026,,,,,Waiting,,,,,,2.38,,,RD247,,,
,05-07-2026,,,,,LU Loading,,,,,,2.82,,,RD247,,,
,05-07-2026,,,,,Waiting,,,,,,0.13,,,RD252,,,
,05-07-2026,,,,,LU Loading,,,,,,2.52,,,RD252,,,
,05-07-2026,,,,,Spotting,,,,,,0.18,,,RD250,,,
,05-07-2026,,,,,LU Loading,,,,,,2.57,,,RD250,,,
,05-07-2026,,,,,Spotting,,,,,,0.25,,,RD249,,,
,05-07-2026,,,,,LU Loading,,,,,,2.95,,,RD249,,,
,05-07-2026,,,,,Waiting,,,,,,2.28,,,RD247,,,
,05-07-2026,,,,,LU Loading,,,,,,2.95,,,RD247,,,
,05-07-2026,,,,,LU Loading,,,,,,2.38,,,RD252,,,
,05-07-2026,,,,,LU Loading,,,,,,2.52,,,RD250,,,
,05-07-2026,,,,,Waiting,,,,,,1.32,,,RD249,,,
,05-07-2026,,,,,LU Loading,,,,,,2.57,,,RD249,,,
,05-07-2026,,,,,Spotting,,,,,,0.2,,,RD247,,,
,05-07-2026,,,,,LU Loading,,,,,,2.18,,,RD247,,,
,05-07-2026,,,,,Waiting,,,,,,0.9,,,RD252,,,
,05-07-2026,,,,,LU Loading,,,,,,2.72,,,RD252,,,
,05-07-2026,,,,,Spotting,,,,,,0.1,,,RD250,,,
,05-07-2026,,,,,LU Loading,,,,,,2.3,,,RD250,,,
,05-07-2026,,,,,Waiting,,,,,,1.9,,,RD249,,,
,05-07-2026,,,,,LU Loading,,,,,,2.38,,,RD249,,,
,05-07-2026,,,,,Spotting,,,,,,0.65,,,RD247,,,
,05-07-2026,,,,,LU Loading,,,,,,2.2,,,RD247,,,
,05-07-2026,,,,,Spotting,,,,,,0.17,,,RD252,,,
,05-07-2026,,,,,LU Loading,,,,,,2.28,,,RD252,,,
,05-07-2026,,,,,Spotting,,,,,,0.07,,,RD250,,,
,05-07-2026,,,,,LU Loading,,,,,,2.33,,,RD250,,,
,05-07-2026,,,,,Waiting,,,,,,2.28,,,RD249,,,
,05-07-2026,,,,,LU Loading,,,,,,2.33,,,RD249,,,
,05-07-2026,,,,,Waiting,,,,,,1.1,,,RD247,,,
,05-07-2026,,,,,LU Loading,,,,,,2.85,,,RD247,,,
,05-07-2026,,,,,Spotting,,,,,,0.18,,,RD252,,,
,05-07-2026,,,,,LU Loading,,,,,,2.48,,,RD252,,,
,05-07-2026,,,,,Spotting,,,,,,0.1,,,RD250,,,
,05-07-2026,,,,,LU Loading,,,,,,3.17,,,RD250,,,
,05-07-2026,,,,,LU Loading,,,,,,3.23,,,RD249,,,
,05-07-2026,,,,,Waiting,,,,,,0.83,,,RD247,,,
,05-07-2026,,,,,LU Loading,,,,,,2.48,,,RD247,,,
,05-07-2026,,,,,Waiting,,,,,,0.62,,,RD252,,,
,05-07-2026,,,,,Spotting,,,,,,0.32,,,RD252,,,
,05-07-2026,,,,,LU Loading,,,,,,2.2,,,RD252,,,
,05-07-2026,,,,,Waiting,,,,,,1.47,,,RD250,,,
,05-07-2026,,,,,LU Loading,,,,,,2.7,,,RD250,,,
,05-07-2026,,,,,Waiting,,,,,,0.75,,,RD249,,,
,05-07-2026,,,,,Spotting,,,,,,0.42,,,RD249,,,
,05-07-2026,,,,,LU Loading,,,,,,3.7,,,RD249,,,
,05-07-2026,,,,,Spotting,,,,,,0.62,,,RD247,,,
,05-07-2026,,,,,LU Loading,,,,,,3.3,,,RD247,,,
,05-07-2026,,,,,Spotting,,,,,,0.08,,,RD252,,,
,05-07-2026,,,,,LU Loading,,,,,,3.02,,,RD252,,,
,05-07-2026,,,,,LU Loading,,,,,,3.05,,,RD250,,,
,05-07-2026,,,,,Waiting,,,,,,2.57,,,RD249,,,
,05-07-2026,,,,,LU Loading,,,,,,2.48,,,RD249,,,
,05-07-2026,,,,,Waiting,,,,,,0.8,,,RD247,,,
,05-07-2026,,,,,LU Loading,,,,,,2.6,,,RD247,,,
,05-07-2026,,,,,Spotting,,,,,,0.17,,,RD252,,,
,05-07-2026,,,,,LU Loading,,,,,,2.37,,,RD252,,,
,05-07-2026,,,,,LU Loading,,,,,,2.65,,,RD250,,,
,05-07-2026,,,,,Waiting,,,,,,4.13,,,RD247,,,
,05-07-2026,,,,,LU Loading,,,,,,2.25,,,RD247,,,
,05-07-2026,,,,,LU Loading,,,,,,2.98,,,RD249,,,
,05-07-2026,,,,,Spotting,,,,,,0.12,,,RD252,,,
,05-07-2026,,,,,LU Loading,,,,,,2.4,,,RD252,,,
,05-07-2026,,,,,Waiting,,,,,,13.32,,,RD247,,,
,05-07-2026,,,,,Shift Change,,,,,,23.78,,,RD247,,,
,05-07-2026,,,,,,,,,,,,,,,,,
,Timestamp,,,,,Status Code,,Sub-Status Code,,,,"Duration
(min)",,,Hauling Unit,,,
,05-07-2026,,,,,Shift Change,,,,,,32.02,,,RD247,,,
,05-07-2026,,,,,Waiting,,,,,,1.48,,,RD247,,,
,05-07-2026,,,,,LU Loading,,,,,,5.98,,,RD247,,,
,05-07-2026,,,,,Waiting,,,,,,1.92,,,RD252,,,
,05-07-2026,,,,,Face Prep,,,,,,1.73,,,RD252,,,
,05-07-2026,,,,,LU Loading,,,,,,4.08,,,RD252,,,
,05-07-2026,,,,,Waiting,,,,,,0.83,,,RD238,,,
,05-07-2026,,,,,Spotting,,,,,,0.18,,,RD238,,,
,05-07-2026,,,,,LU Loading,,,,,,3.1,,,RD238,,,
,05-07-2026,,,,,Spotting,,,,,,0.23,,,RD252,,,
,05-07-2026,,,,,LU Loading,,,,,,3.7,,,RD252,,,
,05-07-2026,,,,,Waiting,,,,,,0.37,,,RD240,,,
,05-07-2026,,,,,LU Loading,,,,,,2.87,,,RD240,,,
,05-07-2026,,,,,Spotting,,,,,,0.13,,,RD244,,,
,05-07-2026,,,,,LU Loading,,,,,,4.82,,,RD244,,,
,05-07-2026,,,,,LU Loading,,,,,,0.47,,,RD245,,,
,05-07-2026,,,,,Waiting,,,,,,1.43,,,RD245,,,
,05-07-2026,,,,,LU Loading,,,,,,1.38,,,RD245,,,
,05-07-2026,,,,,Spotting,,,,,,0.3,,,RD238,,,
,05-07-2026,,,,,LU Loading,,,,,,3.22,,,RD238,,,
,05-07-2026,,,,,Spotting,,,,,,0.27,,,RD252,,,
,05-07-2026,,,,,LU Loading,,,,,,4.18,,,RD252,,,
,05-07-2026,,,,,Spotting,,,,,,0.3,,,RD244,,,
,05-07-2026,,,,,LU Loading,,,,,,4.05,,,RD244,,,
,05-07-2026,,,,,Spotting,,,,,,0.27,,,RD240,,,
,05-07-2026,,,,,LU Loading,,,,,,3.03,,,RD240,,,
,05-07-2026,,,,,Waiting,,,,,,0.92,,,RD245,,,
,05-07-2026,,,,,Spotting,,,,,,0.35,,,RD245,,,
,05-07-2026,,,,,LU Loading,,,,,,3.78,,,RD245,,,
,05-07-2026,,,,,Spotting,,,,,,0.35,,,RD238,,,
,05-07-2026,,,,,LU Loading,,,,,,3.75,,,RD238,,,
,05-07-2026,,,,,Spotting,,,,,,0.47,,,RD252,,,
,05-07-2026,,,,,LU Loading,,,,,,2.82,,,RD252,,,
,05-07-2026,,,,,Waiting,,,,,,0.35,,,RD244,,,
,05-07-2026,,,,,Spotting,,,,,,0.12,,,RD244,,,
,05-07-2026,,,,,LU Loading,,,,,,2.92,,,RD244,,,
,05-07-2026,,,,,Spotting,,,,,,0.15,,,RD240,,,
,05-07-2026,,,,,LU Loading,,,,,,4.3,,,RD240,,,
,05-07-2026,,,,,Waiting,,,,,,1.38,,,RD245,,,
,05-07-2026,,,,,LU Loading,,,,,,2.97,,,RD245,,,
,05-07-2026,,,,,LU Loading,,,,,,3.08,,,RD244,,,
,05-07-2026,,,,,LU Loading,,,,,,4.05,,,RD252,,,
,05-07-2026,,,,,Spotting,,,,,,0.23,,,RD240,,,
,05-07-2026,,,,,LU Loading,,,,,,2.78,,,RD240,,,
,05-07-2026,,,,,Waiting,,,,,,1.25,,,RD245,,,
,05-07-2026,,,,,LU Loading,,,,,,2.9,,,RD245,,,
,05-07-2026,,,,,Spotting,,,,,,0.33,,,RD244,,,
,05-07-2026,,,,,LU Loading,,,,,,2.62,,,RD244,,,
,05-07-2026,,,,,Waiting,,,,,,10.23,,,RD252,,,
,05-07-2026,,,,,LU Loading,,,,,,7.1,,,RD252,,,
,05-07-2026,,,,,Waiting,,,,,,3.67,,,RD245,,,
,05-07-2026,,,,,LU Loading,,,,,,0.23,,,RD245,,,
,05-07-2026,,,,,Waiting,,,,,,2.33,,,RD245,,,
,05-07-2026,,,,,LU Loading,,,,,,3.57,,,RD245,,,
,05-07-2026,,,,,Spotting,,,,,,0.5,,,RD244,,,
,05-07-2026,,,,,LU Loading,,,,,,3.13,,,RD244,,,
,05-07-2026,,,,,LU Loading,,,,,,2.87,,,RD252,,,
,05-07-2026,,,,,Spotting,,,,,,0.75,,,RD238,,,
,05-07-2026,,,,,LU Loading,,,,,,4,,,RD238,,,
,05-07-2026,,,,,Waiting,,,,,,0.88,,,RD245,,,
,05-07-2026,,,,,Spotting,,,,,,0.4,,,RD245,,,
,05-07-2026,,,,,LU Loading,,,,,,3.13,,,RD245,,,
,05-07-2026,,,,,Waiting,,,,,,0.32,,,RD244,,,
,05-07-2026,,,,,LU Loading,,,,,,3.32,,,RD244,,,
,05-07-2026,,,,,Spotting,,,,,,0.18,,,RD252,,,
,05-07-2026,,,,,LU Loading,,,,,,2.63,,,RD252,,,
,05-07-2026,,,,,Waiting,,,,,,0.2,,,RD238,,,
,05-07-2026,,,,,LU Loading,,,,,,3.33,,,RD238,,,
,05-07-2026,,,,,Waiting,,,,,,6.25,,,RD252,,,
,05-07-2026,,,,,LU Loading,,,,,,2.62,,,RD252,,,
,05-07-2026,,,,,Waiting,,,,,,1.18,,,RD244,,,
,05-07-2026,,,,,Spotting,,,,,,0.2,,,RD244,,,
,05-07-2026,,,,,LU Loading,,,,,,2.88,,,RD244,,,
,05-07-2026,,,,,Waiting,,,,,,0.37,,,RD238,,,
,05-07-2026,,,,,LU Loading,,,,,,2.82,,,RD238,,,
,05-07-2026,,,,,Spotting,,,,,,0.15,,,RD240,,,
,05-07-2026,,,,,LU Loading,,,,,,4.97,,,RD240,,,
,05-07-2026,,,,,Waiting,,,,,,1.25,,,RD252,,,
,05-07-2026,,,,,Spotting,,,,,,0.22,,,RD252,,,
,05-07-2026,,,,,LU Loading,,,,,,2.77,,,RD252,,,
,05-07-2026,,,,,Waiting,,,,,,4.58,,,RD245,,,
,05-07-2026,,,,,Spotting,,,,,,0.67,,,RD245,,,
,05-07-2026,,,,,LU Loading,,,,,,2.58,,,RD245,,,
,05-07-2026,,,,,Waiting,,,,,,0.25,,,RD240,,,
,05-07-2026,,,,,LU Loading,,,,,,2.97,,,RD240,,,
,05-07-2026,,,,,Waiting,,,,,,4.67,,,RD252,,,
,05-07-2026,,,,,Spotting,,,,,,0.22,,,RD252,,,
,05-07-2026,,,,,LU Loading,,,,,,3.55,,,RD252,,,
,05-07-2026,,,,,Waiting,,,,,,0.53,,,RD238,,,
,05-07-2026,,,,,LU Loading,,,,,,2.85,,,RD238,,,
,05-07-2026,,,,,LU Loading,,,,,,2.88,,,RD245,,,
,05-07-2026,,,,,Waiting,,,,,,0.57,,,RD240,,,
,05-07-2026,,,,,LU Loading,,,,,,0.03,,,RD240,,,
,05-07-2026,,,,,LU Loading,,,,,,2.62,,,RD240,,,
,05-07-2026,,,,,Waiting,,,,,,0.57,,,RD250,,,
,05-07-2026,,,,,LU Loading,,,,,,2.55,,,RD250,,,
,05-07-2026,,,,,Spotting,,,,,,0.03,,,RD252,,,
,05-07-2026,,,,,LU Loading,,,,,,2.68,,,RD252,,,
,05-07-2026,,,,,Waiting,,,,,,0.45,,,RD238,,,
,05-07-2026,,,,,LU Loading,,,,,,2.87,,,RD238,,,
,05-07-2026,,,,,Waiting,,,,,,0.77,,,RD245,,,
,05-07-2026,,,,,Spotting,,,,,,0.37,,,RD245,,,
,05-07-2026,,,,,LU Loading,,,,,,2.23,,,RD245,,,
,05-07-2026,,,,,Waiting,,,,,,4.98,,,RD252,,,
,05-07-2026,,,,,LU Loading,,,,,,2.23,,,RD252,,,
,05-07-2026,,,,,Waiting,,,,,,0.4,,,RD238,,,
,05-07-2026,,,,,LU Loading,,,,,,2.67,,,RD238,,,
,05-07-2026,,,,,LU Loading,,,,,,2.5,,,RD252,,,
,05-07-2026,,,,,Waiting,,,,,,0.32,,,RD240,,,
,05-07-2026,,,,,LU Loading,,,,,,3.9,,,RD240,,,
,05-07-2026,,,,,Waiting,,,,,,2.48,,,RD240,,,
,05-07-2026,,,,,LU Loading,,,,,,2.53,,,RD240,,,
,05-07-2026,,,,,Waiting,,,,,,0.37,,,RD238,,,
,05-07-2026,,,,,LU Loading,,,,,,2.15,,,RD238,,,
,05-07-2026,,,,,Waiting,,,,,,0.17,,,RD236,,,
,05-07-2026,,,,,LU Loading,,,,,,2.45,,,RD236,,,
,05-07-2026,,,,,Spotting,,,,,,0.1,,,RD252,,,
,05-07-2026,,,,,LU Loading,,,,,,2.75,,,RD252,,,
,05-07-2026,,,,,Waiting,,,,,,1.58,,,RD240,,,
,05-07-2026,,,,,LU Loading,,,,,,2.5,,,RD240,,,
,05-07-2026,,,,,Waiting,,,,,,0.15,,,RD238,,,
,05-07-2026,,,,,Spotting,,,,,,0.28,,,RD238,,,
,05-07-2026,,,,,LU Loading,,,,,,2.3,,,RD238,,,
,05-07-2026,,,,,Waiting,,,,,,0.58,,,RD236,,,
,05-07-2026,,,,,LU Loading,,,,,,2.77,,,RD236,,,
,05-07-2026,,,,,Waiting,,,,,,1.63,,,RD252,,,
,05-07-2026,,,,,Spotting,,,,,,0.25,,,RD252,,,
,05-07-2026,,,,,LU Loading,,,,,,2.73,,,RD252,,,
,05-07-2026,,,,,Waiting,,,,,,0.23,,,RD240,,,
,05-07-2026,,,,,LU Loading,,,,,,2.48,,,RD240,,,
,05-07-2026,,,,,Waiting,,,,,,4.78,,,RD238,,,
,05-07-2026,,,,,LU Loading,,,,,,3.85,,,RD238,,,
,05-07-2026,,,,,LU Loading,,,,,,2.85,,,RD236,,,
,05-07-2026,,,,,Waiting,,,,,,1.48,,,RD252,,,
,05-07-2026,,,,,LU Loading,,,,,,2.22,,,RD252,,,
,05-07-2026,,,,,Waiting,,,,,,0.2,,,RD240,,,
,05-07-2026,,,,,LU Loading,,,,,,2.3,,,RD240,,,
,05-07-2026,,,,,Waiting,,,,,,1.97,,,RD238,,,
,05-07-2026,,,,,Spotting,,,,,,0.37,,,RD238,,,
,05-07-2026,,,,,LU Loading,,,,,,2.25,,,RD238,,,
,05-07-2026,,,,,Spotting,,,,,,0.38,,,RD236,,,
,05-07-2026,,,,,LU Loading,,,,,,2.48,,,RD236,,,
,05-07-2026,,,,,Waiting,,,,,,1.4,,,RD252,,,
,05-07-2026,,,,,LU Loading,,,,,,2.32,,,RD252,,,
,05-07-2026,,,,,Waiting,,,,,,0.18,,,RD240,,,
,05-07-2026,,,,,LU Loading,,,,,,2.7,,,RD240,,,
,05-07-2026,,,,,Spotting,,,,,,0.22,,,RD238,,,
,05-07-2026,,,,,LU Loading,,,,,,2.73,,,RD238,,,
,05-07-2026,,,,,Spotting,,,,,,0.27,,,RD236,,,
,05-07-2026,,,,,LU Loading,,,,,,2.57,,,RD236,,,
,05-07-2026,,,,,Waiting,,,,,,2.58,,,RD252,,,
,05-07-2026,,,,,LU Loading,,,,,,2.75,,,RD252,,,
,05-07-2026,,,,,Waiting,,,,,,0.23,,,RD240,,,
,05-07-2026,,,,,LU Loading,,,,,,2.33,,,RD240,,,
,05-07-2026,,,,,Spotting,,,,,,0.42,,,RD238,,,
,05-07-2026,,,,,LU Loading,,,,,,1.38,,,RD238,,,
,05-07-2026,,,,,LU Loading,,,,,,3.48,,,RD236,,,
,05-07-2026,,,,,Waiting,,,,,,3.28,,,RD252,,,
,05-07-2026,,,,,LU Loading,,,,,,2.98,,,RD252,,,
,05-07-2026,,,,,Spotting,,,,,,0.17,,,RD240,,,
,05-07-2026,,,,,LU Loading,,,,,,2.62,,,RD240,,,
,05-07-2026,,,,,Spotting,,,,,,0.05,,,RD238,,,
,05-07-2026,,,,,LU Loading,,,,,,2.47,,,RD238,,,
,05-07-2026,,,,,Spotting,,,,,,0.08,,,RD236,,,
,05-07-2026,,,,,LU Loading,,,,,,2.87,,,RD236,,,
,05-07-2026,,,,,Waiting,,,,,,2.55,,,RD252,,,
,05-07-2026,,,,,Spotting,,,,,,0.22,,,RD252,,,
,05-07-2026,,,,,LU Loading,,,,,,2.72,,,RD252,,,
,05-07-2026,,,,,Spotting,,,,,,0.12,,,RD240,,,
,05-07-2026,,,,,LU Loading,,,,,,2.5,,,RD240,,,
,05-07-2026,,,,,Spotting,,,,,,0.15,,,RD238,,,
,05-07-2026,,,,,LU Loading,,,,,,2.68,,,RD238,,,
,05-07-2026,,,,,Spotting,,,,,,0.6,,,RD236,,,
,05-07-2026,,,,,LU Loading,,,,,,2.15,,,RD236,,,
,05-07-2026,,,,,Waiting,,,,,,6.6,,,RD238,,,
,05-07-2026,,,,,LU Loading,,,,,,2.65,,,RD238,,,
,05-07-2026,,,,,Spotting,,,,,,5.27,,,RD240,,,
,05-07-2026,,,,,LU Loading,,,,,,2.38,,,RD240,,,
,05-07-2026,,,,,LU Loading,,,,,,2.33,,,RD252,,,
,05-07-2026,,,,,LU Loading,,,,,,2.77,,,RD236,,,
,05-07-2026,,,,,LU Loading,,,,,,2.7,,,RD238,,,
,05-07-2026,,,,,Waiting,,,,,,1.97,,,RD236,,,
,05-07-2026,,,,,Spotting,,,,,,0.42,,,RD236,,,
,05-07-2026,,,,,LU Loading,,,,,,3.08,,,RD236,,,
,05-07-2026,,,,,LU Loading,,,,,,2.67,,,RD240,,,
,05-07-2026,,,,,LU Loading,,,,,,2.87,,,RD252,,,
,05-07-2026,,,,,LU Loading,,,,,,2.53,,,RD238,,,
,05-07-2026,,,,,LU Loading,,,,,,3.08,,,RD236,,,
,05-07-2026,,,,,Spotting,,,,,,0.57,,,RD252,,,
,05-07-2026,,,,,LU Loading,,,,,,2.1,,,RD252,,,
,05-07-2026,,,,,Waiting,,,,,,0.18,,,RD238,,,
,05-07-2026,,,,,LU Loading,,,,,,2.27,,,RD238,,,
,05-07-2026,,,,,LU Loading,,,,,,3.02,,,RD240,,,
,05-07-2026,,,,,Spotting,,,,,,0.27,,,RD236,,,
,05-07-2026,,,,,LU Loading,,,,,,2.58,,,RD236,,,
,05-07-2026,,,,,LU Loading,,,,,,3.48,,,RD252,,,
,05-07-2026,,,,,LU Loading,,,,,,2.52,,,RD238,,,
,05-07-2026,,,,,LU Loading,,,,,,2.92,,,RD240,,,
,05-07-2026,,,,,LU Loading,,,,,,2.83,,,RD236,,,
,05-07-2026,,,,,LU Loading,,,,,,3.2,,,RD252,,,
,05-07-2026,,,,,LU Loading,,,,,,0.27,,,RD238,,,
,05-07-2026,,,,,Waiting,,,,,,0.6,,,RD240,,,
,05-07-2026,,,,,Spotting,,,,,,1.4,,,RD240,,,
,05-07-2026,,,,,LU Loading,,,,,,3.13,,,RD240,,,
,05-07-2026,,,,,Waiting,,,,,,0.72,,,RD236,,,
,05-07-2026,,,,,LU Loading,,,,,,2.72,,,RD236,,,
,05-07-2026,,,,,Waiting,,,,,,6.38,,,RD253,,,
,05-07-2026,,,,,Marching,,,,,,10.77,,,RD253,,,
,05-07-2026,,,,,Shift Change,,,,,,16.22,,,RD253,,,
,05-07-2026,,,,,Shift Change,,,,,,152.6,,,RD253,,,
,05-07-2026,,,,,Marching,,,,,,10.53,,,RD253,,,
,05-07-2026,,,,,LU Loading,,,,,,0.15,,,RD253,,,
,05-07-2026,,,,,Marching,,,,,,2.25,,,RD237,,,
,05-07-2026,,,,,LU Loading,,,,,,1.53,,,RD237,,,
,05-07-2026,,,,,Marching,,,,,,4.77,,,RD245,,,
,05-07-2026,,,,,LU Loading,,,,,,3.62,,,RD245,,,
,05-07-2026,,,,,Waiting,,,,,,0.97,,,RD253,,,
,05-07-2026,,,,,LU Loading,,,,,,3.42,,,RD253,,,
,05-07-2026,,,,,Waiting,,,,,,0.68,,,RD237,,,
,05-07-2026,,,,,LU Loading,,,,,,3.4,,,RD237,,,
,05-07-2026,,,,,Waiting,,,,,,1.92,,,RD235,,,
,05-07-2026,,,,,LU Loading,,,,,,2.72,,,RD235,,,
,05-07-2026,,,,,Spotting,,,,,,0.18,,,RD245,,,
,05-07-2026,,,,,LU Loading,,,,,,6.67,,,RD245,,,
,05-07-2026,,,,,Waiting,,,,,,4.47,,,RD253,,,
,05-07-2026,,,,,LU Loading,,,,,,3.08,,,RD253,,,
,05-07-2026,,,,,Waiting,,,,,,1.2,,,RD237,,,
,05-07-2026,,,,,LU Loading,,,,,,2.8,,,RD237,,,
,05-07-2026,,,,,LU Loading,,,,,,3.07,,,RD235,,,
,05-07-2026,,,,,LU Loading,,,,,,3.22,,,RD245,,,
,05-07-2026,,,,,Waiting,,,,,,2.07,,,RD253,,,
,05-07-2026,,,,,Spotting,,,,,,1.52,,,RD253,,,
,05-07-2026,,,,,LU Loading,,,,,,3,,,RD253,,,
,05-07-2026,,,,,LU Loading,,,,,,3.22,,,RD237,,,
,05-07-2026,,,,,LU Loading,,,,,,3.25,,,RD235,,,
,05-07-2026,,,,,Waiting,,,,,,11.83,,,RD235,,,
,05-07-2026,,,,,Spotting,,,,,,0.32,,,RD235,,,
,05-07-2026,,,,,LU Loading,,,,,,3.52,,,RD235,,,
,05-07-2026,,,,,LU Loading,,,,,,3.18,,,RD237,,,
,05-07-2026,,,,,Waiting,,,,,,8.43,,,RD235,,,
,05-07-2026,,,,,LU Loading,,,,,,2.55,,,RD235,,,
,05-07-2026,,,,,Waiting,,,,,,4.52,,,RD237,,,
,05-07-2026,,,,,Spotting,,,,,,0.42,,,RD237,,,
,05-07-2026,,,,,LU Loading,,,,,,3.82,,,RD237,,,
,05-07-2026,,,,,Waiting,,,,,,2.82,,,RD235,,,
,05-07-2026,,,,,Spotting,,,,,,0.45,,,RD235,,,
,05-07-2026,,,,,LU Loading,,,,,,2.85,,,RD235,,,
,05-07-2026,,,,,Waiting,,,,,,10.27,,,RD253,,,
,05-07-2026,,,,,Spotting,,,,,,0.22,,,RD253,,,
,05-07-2026,,,,,LU Loading,,,,,,3.43,,,RD253,,,
,05-07-2026,,,,,Waiting,,,,,,1.52,,,RD235,,,
,05-07-2026,,,,,LU Loading,,,,,,3.95,,,RD235,,,
,05-07-2026,,,,,Waiting,,,,,,5.87,,,RD253,,,
,05-07-2026,,,,,LU Loading,,,,,,3.32,,,RD253,,,
,05-07-2026,,,,,Waiting,,,,,,3.93,,,RD231,,,
,05-07-2026,,,,,LU Loading,,,,,,2.55,,,RD231,,,
,05-07-2026,,,,,LU Loading,,,,,,6,,,RD235,,,
,05-07-2026,,,,,LU Loading,,,,,,4.75,,,RD253,,,
,05-07-2026,,,,,LU Loading,,,,,,3.5,,,RD237,,,
,05-07-2026,,,,,Waiting,,,,,,0.7,,,RD251,,,
,05-07-2026,,,,,LU Loading,,,,,,0.15,,,RD251,,,
,05-07-2026,,,,,Waiting,,,,,,0.05,,,RD251,,,
,05-07-2026,,,,,LU Loading,,,,,,3.77,,,RD251,,,
,05-07-2026,,,,,LU Loading,,,,,,1.2,,,RD231,,,
,05-07-2026,,,,,Waiting,,,,,,1.7,,,RD253,,,
,05-07-2026,,,,,LU Loading,,,,,,3.35,,,RD253,,,
,05-07-2026,,,,,Waiting,,,,,,1.3,,,RD237,,,
,05-07-2026,,,,,LU Loading,,,,,,2.85,,,RD237,,,
,05-07-2026,,,,,Waiting,,,,,,0.2,,,RD243,,,
,05-07-2026,,,,,LU Loading,,,,,,2.83,,,RD243,,,
,05-07-2026,,,,,Spotting,,,,,,0.05,,,RD251,,,
,05-07-2026,,,,,LU Loading,,,,,,3.28,,,RD251,,,
,05-07-2026,,,,,Waiting,,,,,,1.68,,,RD253,,,
,05-07-2026,,,,,LU Loading,,,,,,2.97,,,RD253,,,
,05-07-2026,,,,,Waiting,,,,,,2.78,,,RD237,,,
,05-07-2026,,,,,LU Loading,,,,,,3.92,,,RD237,,,
,05-07-2026,,,,,Waiting,,,,,,0.28,,,RD236,,,
,05-07-2026,,,,,LU Loading,,,,,,2.4,,,RD236,,,
,05-07-2026,,,,,Waiting,,,,,,0.07,,,RD243,,,
,05-07-2026,,,,,LU Loading,,,,,,2.87,,,RD243,,,
,05-07-2026,,,,,LU Loading,,,,,,3.27,,,RD251,,,
,05-07-2026,,,,,Waiting,,,,,,0.12,,,RD253,,,
,05-07-2026,,,,,LU Loading,,,,,,3.2,,,RD253,,,
,05-07-2026,,,,,Waiting,,,,,,1.62,,,RD232,,,
,05-07-2026,,,,,LU Loading,,,,,,2.65,,,RD232,,,
,05-07-2026,,,,,LU Loading,,,,,,3.65,,,RD237,,,
,05-07-2026,,,,,LU Loading,,,,,,3.35,,,RD235,,,
,05-07-2026,,,,,LU Loading,,,,,,5.72,,,RD243,,,
,05-07-2026,,,,,Waiting,,,,,,0.25,,,RD253,,,
,05-07-2026,,,,,LU Loading,,,,,,3.28,,,RD253,,,
,05-07-2026,,,,,Waiting,,,,,,1.07,,,RD237,,,
,05-07-2026,,,,,Spotting,,,,,,0.33,,,RD237,,,
,05-07-2026,,,,,LU Loading,,,,,,2.88,,,RD237,,,
,05-07-2026,,,,,Waiting,,,,,,0.12,,,RD235,,,
,05-07-2026,,,,,Spotting,,,,,,0.72,,,RD235,,,
,05-07-2026,,,,,LU Loading,,,,,,2.53,,,RD235,,,
,05-07-2026,,,,,Waiting,,,,,,2.62,,,RD243,,,
,05-07-2026,,,,,Spotting,,,,,,0.4,,,RD243,,,
,05-07-2026,,,,,LU Loading,,,,,,2.78,,,RD243,,,
,05-07-2026,,,,,Spotting,,,,,,0.07,,,RD253,,,
,05-07-2026,,,,,LU Loading,,,,,,3.52,,,RD253,,,
,05-07-2026,,,,,Waiting,,,,,,0.2,,,RD237,,,
,05-07-2026,,,,,LU Loading,,,,,,3.55,,,RD237,,,
,05-07-2026,,,,,Waiting,,,,,,0.07,,,RD235,,,
,05-07-2026,,,,,Spotting,,,,,,0.38,,,RD235,,,
,05-07-2026,,,,,LU Loading,,,,,,2.88,,,RD235,,,
,05-07-2026,,,,,Waiting,,,,,,4.68,,,RD253,,,
,05-07-2026,,,,,Spotting,,,,,,0.38,,,RD253,,,
,05-07-2026,,,,,LU Loading,,,,,,2.62,,,RD253,,,
,05-07-2026,,,,,Waiting,,,,,,0.47,,,RD231,,,
,05-07-2026,,,,,LU Loading,,,,,,2.15,,,RD231,,,
,05-07-2026,,,,,Waiting,,,,,,3.27,,,RD235,,,
,05-07-2026,,,,,LU Loading,,,,,,3.17,,,RD235,,,
,05-07-2026,,,,,Waiting,,,,,,0.37,,,RD237,,,
,05-07-2026,,,,,LU Loading,,,,,,2.85,,,RD237,,,
,05-07-2026,,,,,Spotting,,,,,,0.05,,,RD253,,,
,05-07-2026,,,,,LU Loading,,,,,,3.15,,,RD253,,,
,05-07-2026,,,,,Waiting,,,,,,18.57,,,RD249,,,
,05-07-2026,,,,,Shift Change,,,,,,28.38,,,RD249,,,
,05-07-2026,,,,,Shift Change,,,,,,35.88,,,RD249,,,
,05-07-2026,,,,,LU Loading,,,,,,8.37,,,RD249,,,
,05-07-2026,,,,,LU Loading,,,,,,0.85,,,RD252,,,
,05-07-2026,,,,,Waiting,,,,,,1.9,,,RD249,,,
,05-07-2026,,,,,LU Loading,,,,,,3.22,,,RD249,,,
,05-07-2026,,,,,LU Loading,,,,,,3.15,,,RD252,,,
,05-07-2026,,,,,Waiting,,,,,,0.48,,,RD239,,,
,05-07-2026,,,,,LU Loading,,,,,,2.42,,,RD239,,,
,05-07-2026,,,,,Waiting,,,,,,0.2,,,RD235,,,
,05-07-2026,,,,,Spotting,,,,,,0.22,,,RD235,,,
,05-07-2026,,,,,LU Loading,,,,,,2.53,,,RD235,,,
,05-07-2026,,,,,Waiting,,,,,,2.75,,,RD249,,,
,05-07-2026,,,,,LU Loading,,,,,,2.55,,,RD249,,,
,05-07-2026,,,,,Waiting,,,,,,1.5,,,RD252,,,
,05-07-2026,,,,,Spotting,,,,,,1.12,,,RD252,,,
,05-07-2026,,,,,LU Loading,,,,,,8.28,,,RD252,,,
,05-07-2026,,,,,Waiting,,,,,,0.43,,,RD239,,,
,05-07-2026,,,,,LU Loading,,,,,,2.87,,,RD239,,,
,05-07-2026,,,,,Spotting,,,,,,0.27,,,RD235,,,
,05-07-2026,,,,,LU Loading,,,,,,3.18,,,RD235,,,
,05-07-2026,,,,,LU Loading,,,,,,3.07,,,RD249,,,
,05-07-2026,,,,,Waiting,,,,,,2.13,,,RD252,,,
,05-07-2026,,,,,LU Loading,,,,,,3.02,,,RD252,,,
,05-07-2026,,,,,Waiting,,,,,,0.55,,,RD239,,,
,05-07-2026,,,,,LU Loading,,,,,,2.65,,,RD239,,,
,05-07-2026,,,,,Waiting,,,,,,0.63,,,RD235,,,
,05-07-2026,,,,,LU Loading,,,,,,2.75,,,RD235,,,
,05-07-2026,,,,,LU Loading,,,,,,3.2,,,RD249,,,
,05-07-2026,,,,,Waiting,,,,,,1.25,,,RD252,,,
,05-07-2026,,,,,LU Loading,,,,,,2.7,,,RD252,,,
,05-07-2026,,,,,Waiting,,,,,,1.78,,,RD239,,,
,05-07-2026,,,,,Spotting,,,,,,0.28,,,RD239,,,
,05-07-2026,,,,,LU Loading,,,,,,5.03,,,RD239,,,
,05-07-2026,,,,,LU Loading,,,,,,3.58,,,RD235,,,
,05-07-2026,,,,,Waiting,,,,,,0.18,,,RD249,,,
,05-07-2026,,,,,Spotting,,,,,,0.12,,,RD249,,,
,05-07-2026,,,,,LU Loading,,,,,,0.13,,,RD249,,,
,05-07-2026,,,,,LU Loading,,,,,,2.92,,,RD234,,,
,05-07-2026,,,,,LU Loading,,,,,,3.35,,,RD249,,,
,06-07-2026,,,,,LU Loading,,,,,,3.33,,,RD252,,,
,06-07-2026,,,,,Waiting,,,,,,0.37,,,RD253,,,
,06-07-2026,,,,,LU Loading,,,,,,2.82,,,RD253,,,
,06-07-2026,,,,,Spotting,,,,,,0.45,,,RD239,,,
,06-07-2026,,,,,LU Loading,,,,,,2.55,,,RD239,,,
,06-07-2026,,,,,LU Loading,,,,,,3.38,,,RD235,,,
,06-07-2026,,,,,Spotting,,,,,,1.88,,,RD249,,,
,06-07-2026,,,,,LU Loading,,,,,,2.5,,,RD249,,,
,06-07-2026,,,,,LU Loading,,,,,,3.32,,,RD252,,,
,06-07-2026,,,,,Waiting,,,,,,0.02,,,RD253,,,
,06-07-2026,,,,,Spotting,,,,,,0.73,,,RD253,,,
,06-07-2026,,,,,LU Loading,,,,,,3.33,,,RD253,,,
,06-07-2026,,,,,Waiting,,,,,,0.17,,,RD239,,,
,06-07-2026,,,,,Spotting,,,,,,0.53,,,RD239,,,
,06-07-2026,,,,,LU Loading,,,,,,2.68,,,RD239,,,
,06-07-2026,,,,,Waiting,,,,,,0.37,,,RD235,,,
,06-07-2026,,,,,Spotting,,,,,,0.5,,,RD235,,,
,06-07-2026,,,,,LU Loading,,,,,,3.02,,,RD235,,,
,06-07-2026,,,,,Waiting,,,,,,0.1,,,RD249,,,
,06-07-2026,,,,,LU Loading,,,,,,4.05,,,RD249,,,
,06-07-2026,,,,,LU Loading,,,,,,4.88,,,RD252,,,
,06-07-2026,,,,,Waiting,,,,,,1.93,,,RD253,,,
,06-07-2026,,,,,Spotting,,,,,,0.8,,,RD253,,,
,06-07-2026,,,,,LU Loading,,,,,,2.95,,,RD253,,,
,06-07-2026,,,,,Waiting,,,,,,0.55,,,RD239,,,
,06-07-2026,,,,,LU Loading,,,,,,2.93,,,RD239,,,
,06-07-2026,,,,,Spotting,,,,,,0.58,,,RD235,,,
,06-07-2026,,,,,LU Loading,,,,,,3.17,,,RD235,,,
,06-07-2026,,,,,Waiting,,,,,,0.13,,,RD249,,,
,06-07-2026,,,,,LU Loading,,,,,,2.9,,,RD249,,,
,06-07-2026,,,,,Waiting,,,,,,3.82,,,RD253,,,
,06-07-2026,,,,,LU Loading,,,,,,2.57,,,RD253,,,
,06-07-2026,,,,,Waiting,,,,,,2.33,,,RD235,,,
,06-07-2026,,,,,Spotting,,,,,,0.63,,,RD235,,,
,06-07-2026,,,,,LU Loading,,,,,,2.42,,,RD235,,,
,06-07-2026,,,,,Waiting,,,,,,74.88,,,RD253,,,
,06-07-2026,,,,,Spotting,,,,,,0.82,,,RD253,,,
,06-07-2026,,,,,LU Loading,,,,,,3.52,,,RD253,,,
,06-07-2026,,,,,LU Loading,,,,,,3.18,,,RD249,,,
,06-07-2026,,,,,Waiting,,,,,,0.28,,,RD235,,,
,06-07-2026,,,,,LU Loading,,,,,,2.8,,,RD235,,,
,06-07-2026,,,,,Waiting,,,,,,2.08,,,RD252,,,
,06-07-2026,,,,,LU Loading,,,,,,2.63,,,RD252,,,
,06-07-2026,,,,,Waiting,,,,,,0.68,,,RD239,,,
,06-07-2026,,,,,LU Loading,,,,,,2.68,,,RD239,,,
,06-07-2026,,,,,Waiting,,,,,,0.25,,,RD253,,,
,06-07-2026,,,,,LU Loading,,,,,,2.62,,,RD253,,,
,06-07-2026,,,,,Waiting,,,,,,0.15,,,RD249,,,
,06-07-2026,,,,,LU Loading,,,,,,3.3,,,RD249,,,
,06-07-2026,,,,,Waiting,,,,,,0.23,,,RD235,,,
,06-07-2026,,,,,LU Loading,,,,,,2.65,,,RD235,,,
,06-07-2026,,,,,Waiting,,,,,,0.73,,,RD252,,,
,06-07-2026,,,,,LU Loading,,,,,,2.8,,,RD252,,,
,06-07-2026,,,,,Waiting,,,,,,1.57,,,RD253,,,
,06-07-2026,,,,,LU Loading,,,,,,2.55,,,RD253,,,
,06-07-2026,,,,,Waiting,,,,,,0.65,,,RD239,,,
,06-07-2026,,,,,LU Loading,,,,,,2.48,,,RD239,,,
,06-07-2026,,,,,Spotting,,,,,,0.33,,,RD249,,,
,06-07-2026,,,,,LU Loading,,,,,,2.73,,,RD249,,,
,06-07-2026,,,,,Waiting,,,,,,0.72,,,RD235,,,
,06-07-2026,,,,,LU Loading,,,,,,2.42,,,RD235,,,
,06-07-2026,,,,,Waiting,,,,,,0.23,,,RD252,,,
,06-07-2026,,,,,LU Loading,,,,,,2.68,,,RD252,,,
,06-07-2026,,,,,Waiting,,,,,,0.23,,,RD253,,,
,06-07-2026,,,,,Spotting,,,,,,0.53,,,RD253,,,
,06-07-2026,,,,,LU Loading,,,,,,2.48,,,RD253,,,
,06-07-2026,,,,,Waiting,,,,,,2.02,,,RD239,,,
,06-07-2026,,,,,Spotting,,,,,,0.38,,,RD239,,,
,06-07-2026,,,,,LU Loading,,,,,,4.03,,,RD239,,,
,06-07-2026,,,,,Waiting,,,,,,0.02,,,RD249,,,
,06-07-2026,,,,,LU Loading,,,,,,7.65,,,RD249,,,
,06-07-2026,,,,,Waiting,,,,,,0.05,,,RD235,,,
,06-07-2026,,,,,Spotting,,,,,,0.25,,,RD235,,,
,06-07-2026,,,,,LU Loading,,,,,,2.78,,,RD235,,,
,06-07-2026,,,,,Waiting,,,,,,0.3,,,RD252,,,
,06-07-2026,,,,,LU Loading,,,,,,1.98,,,RD252,,,
,06-07-2026,,,,,Waiting,,,,,,0.25,,,RD253,,,
,06-07-2026,,,,,LU Loading,,,,,,2.28,,,RD253,,,
,06-07-2026,,,,,Waiting,,,,,,0.42,,,RD239,,,
,06-07-2026,,,,,LU Loading,,,,,,2.55,,,RD239,,,
,06-07-2026,,,,,Waiting,,,,,,2.9,,,RD249,,,
,06-07-2026,,,,,Spotting,,,,,,0.93,,,RD249,,,
,06-07-2026,,,,,LU Loading,,,,,,3.18,,,RD249,,,
,06-07-2026,,,,,Waiting,,,,,,0.25,,,RD235,,,
,06-07-2026,,,,,Spotting,,,,,,0.43,,,RD235,,,
,06-07-2026,,,,,LU Loading,,,,,,2.63,,,RD235,,,
,06-07-2026,,,,,Waiting,,,,,,0.33,,,RD252,,,
,06-07-2026,,,,,LU Loading,,,,,,2.87,,,RD252,,,
,06-07-2026,,,,,LU Loading,,,,,,2.17,,,RD253,,,
,06-07-2026,,,,,Waiting,,,,,,0.62,,,RD239,,,
,06-07-2026,,,,,Spotting,,,,,,0.35,,,RD239,,,
,06-07-2026,,,,,LU Loading,,,,,,2.33,,,RD239,,,
,06-07-2026,,,,,Spotting,,,,,,0.38,,,RD249,,,
,06-07-2026,,,,,LU Loading,,,,,,2.52,,,RD249,,,
,06-07-2026,,,,,Waiting,,,,,,2.8,,,RD252,,,
,06-07-2026,,,,,LU Loading,,,,,,2.38,,,RD252,,,
,06-07-2026,,,,,Waiting,,,,,,0.2,,,RD235,,,
,06-07-2026,,,,,Spotting,,,,,,0.52,,,RD235,,,
,06-07-2026,,,,,LU Loading,,,,,,2.37,,,RD235,,,
,06-07-2026,,,,,Waiting,,,,,,0.35,,,RD253,,,
,06-07-2026,,,,,LU Loading,,,,,,2.37,,,RD253,,,
,06-07-2026,,,,,Waiting,,,,,,0.45,,,RD239,,,
,06-07-2026,,,,,Spotting,,,,,,0.35,,,RD239,,,
,06-07-2026,,,,,LU Loading,,,,,,2.4,,,RD239,,,
,06-07-2026,,,,,LU Loading,,,,,,3.28,,,RD249,,,
,06-07-2026,,,,,Spotting,,,,,,0.08,,,RD252,,,
,06-07-2026,,,,,LU Loading,,,,,,2.97,,,RD252,,,
,06-07-2026,,,,,Waiting,,,,,,0.87,,,RD235,,,
,06-07-2026,,,,,LU Loading,,,,,,2.42,,,RD235,,,
,06-07-2026,,,,,Waiting,,,,,,0.27,,,RD253,,,
,06-07-2026,,,,,LU Loading,,,,,,2.48,,,RD253,,,
,06-07-2026,,,,,Waiting,,,,,,1.73,,,RD239,,,
,06-07-2026,,,,,LU Loading,,,,,,2.5,,,RD239,,,
,06-07-2026,,,,,LU Loading,,,,,,3.05,,,RD249,,,
,06-07-2026,,,,,Waiting,,,,,,0.7,,,RD252,,,
,06-07-2026,,,,,LU Loading,,,,,,2.35,,,RD252,,,
,06-07-2026,,,,,Waiting,,,,,,0.43,,,RD235,,,
,06-07-2026,,,,,Spotting,,,,,,0.32,,,RD235,,,
,06-07-2026,,,,,LU Loading,,,,,,2.08,,,RD235,,,
,06-07-2026,,,,,Waiting,,,,,,0.18,,,RD253,,,
,06-07-2026,,,,,LU Loading,,,,,,2.53,,,RD253,,,
,06-07-2026,,,,,Waiting,,,,,,1.42,,,RD239,,,
,06-07-2026,,,,,LU Loading,,,,,,2.37,,,RD239,,,
,06-07-2026,,,,,Waiting,,,,,,0.1,,,RD249,,,
,06-07-2026,,,,,Spotting,,,,,,0.42,,,RD249,,,
,06-07-2026,,,,,LU Loading,,,,,,2.98,,,RD249,,,
,06-07-2026,,,,,Waiting,,,,,,1.93,,,RD235,,,
,06-07-2026,,,,,LU Loading,,,,,,2.7,,,RD235,,,
,06-07-2026,,,,,Waiting,,,,,,0.43,,,RD252,,,
,06-07-2026,,,,,LU Loading,,,,,,2.88,,,RD252,,,
,06-07-2026,,,,,Waiting,,,,,,0.37,,,RD253,,,
,06-07-2026,,,,,LU Loading,,,,,,3.68,,,RD253,,,
,06-07-2026,,,,,Waiting,,,,,,0.25,,,RD239,,,
,06-07-2026,,,,,Spotting,,,,,,0.38,,,RD239,,,
,06-07-2026,,,,,LU Loading,,,,,,2.35,,,RD239,,,
,06-07-2026,,,,,Waiting,,,,,,0.22,,,RD249,,,
,06-07-2026,,,,,Spotting,,,,,,0.47,,,RD249,,,
,06-07-2026,,,,,LU Loading,,,,,,2.3,,,RD249,,,
,06-07-2026,,,,,Waiting,,,,,,0.53,,,RD235,,,
,06-07-2026,,,,,LU Loading,,,,,,2.77,,,RD235,,,
,06-07-2026,,,,,Waiting,,,,,,0.65,,,RD252,,,
,06-07-2026,,,,,LU Loading,,,,,,1.93,,,RD252,,,
,06-07-2026,,,,,Waiting,,,,,,0.28,,,RD253,,,
,06-07-2026,,,,,LU Loading,,,,,,2.33,,,RD253,,,
,06-07-2026,,,,,Waiting,,,,,,0.38,,,RD239,,,
,06-07-2026,,,,,LU Loading,,,,,,2.48,,,RD239,,,
,06-07-2026,,,,,LU Loading,,,,,,3.08,,,RD249,,,
,06-07-2026,,,,,Waiting,,,,,,1.23,,,RD235,,,
,06-07-2026,,,,,LU Loading,,,,,,2.53,,,RD235,,,
,06-07-2026,,,,,Waiting,,,,,,5.95,,,RD247,,,
,06-07-2026,,,,,Shift Change,,,,,,25.17,,,RD247,,,
,06-07-2026,,,,,,,,,,,,,,,,,
,Timestamp,,,,,Status Code,,Sub-Status Code,,,,"Duration
(min)",,,Hauling Unit,,,
,06-07-2026,,,,,Shift Change,,,,,,36.05,,,RD247,,,
,06-07-2026,,,,,Side Casting,,,,,,12.75,,,RD247,,,
,06-07-2026,,,,,LU Loading,,,,,,2.22,,,RD247,,,
,06-07-2026,,,,,Spotting,,,,,,0.22,,,RD229,,,
,06-07-2026,,,,,LU Loading,,,,,,2.68,,,RD229,,,
,06-07-2026,,,,,Waiting,,,,,,1.28,,,RD243,,,
,06-07-2026,,,,,LU Loading,,,,,,2.88,,,RD243,,,
,06-07-2026,,,,,Spotting,,,,,,0.18,,,RD238,,,
,06-07-2026,,,,,LU Loading,,,,,,2.43,,,RD238,,,
,06-07-2026,,,,,Waiting,,,,,,0.18,,,RD247,,,
,06-07-2026,,,,,LU Loading,,,,,,3.6,,,RD247,,,
,06-07-2026,,,,,LU Loading,,,,,,2.72,,,RD232,,,
,06-07-2026,,,,,Waiting,,,,,,0.35,,,RD229,,,
,06-07-2026,,,,,LU Loading,,,,,,3.02,,,RD229,,,
,06-07-2026,,,,,Waiting,,,,,,0.22,,,RD235,,,
,06-07-2026,,,,,LU Loading,,,,,,3.33,,,RD235,,,
,06-07-2026,,,,,Waiting,,,,,,0.63,,,RD233,,,
,06-07-2026,,,,,LU Loading,,,,,,3.48,,,RD233,,,
,06-07-2026,,,,,Waiting,,,,,,1.07,,,RD250,,,
,06-07-2026,,,,,LU Loading,,,,,,2.58,,,RD250,,,
,06-07-2026,,,,,Spotting,,,,,,0.28,,,RD232,,,
,06-07-2026,,,,,LU Loading,,,,,,2.63,,,RD232,,,
,06-07-2026,,,,,Waiting,,,,,,0.17,,,RD247,,,
,06-07-2026,,,,,Spotting,,,,,,0.4,,,RD247,,,
,06-07-2026,,,,,LU Loading,,,,,,2.93,,,RD247,,,
,06-07-2026,,,,,Spotting,,,,,,0.57,,,RD235,,,
,06-07-2026,,,,,LU Loading,,,,,,3.3,,,RD235,,,
,06-07-2026,,,,,LU Loading,,,,,,2.32,,,RD243,,,
,06-07-2026,,,,,Waiting,,,,,,0.37,,,RD250,,,
,06-07-2026,,,,,LU Loading,,,,,,3.28,,,RD250,,,
,06-07-2026,,,,,Waiting,,,,,,7.72,,,RD232,,,
,06-07-2026,,,,,LU Loading,,,,,,3.18,,,RD232,,,
,06-07-2026,,,,,Waiting,,,,,,0.93,,,RD235,,,
,06-07-2026,,,,,Fuel Filling,,,,,,3.78,,,RD235,,,
,06-07-2026,,,,,LU Loading,,,,,,14.38,,,RD235,,,
,06-07-2026,,,,,Waiting,,,,,,2.02,,,RD243,,,
,06-07-2026,,,,,LU Loading,,,,,,0.5,,,RD243,,,
,06-07-2026,,,,,LU Loading,,,,,,0.4,,,RD233,,,
,06-07-2026,,,,,Waiting,,,,,,5.73,,,RD232,,,
,06-07-2026,,,,, Down,,,,,,163.65,,,RD232,,,
,06-07-2026,,,,,Waiting,,,,,,0.17,,,RD232,,,
,06-07-2026,,,,,LU Loading,,,,,,0.22,,,RD232,,,
,06-07-2026,,,,,Waiting,,,,,,0.55,,,RD232,,,
,06-07-2026,,,,,LU Loading,,,,,,3.2,,,RD232,,,
,06-07-2026,,,,,Waiting,,,,,,1.83,,,RD243,,,
,06-07-2026,,,,,Spotting,,,,,,0.28,,,RD243,,,
,06-07-2026,,,,,LU Loading,,,,,,3.17,,,RD243,,,
,06-07-2026,,,,,Spotting,,,,,,0.15,,,RD250,,,
,06-07-2026,,,,,LU Loading,,,,,,3.88,,,RD250,,,
,06-07-2026,,,,,Waiting,,,,,,2.45,,,RD232,,,
,06-07-2026,,,,,LU Loading,,,,,,2.17,,,RD232,,,
,06-07-2026,,,,,Waiting,,,,,,0.08,,,RD235,,,
,06-07-2026,,,,, Down,,,,,,161.42,,,RD235,,,
,06-07-2026,,,,, Down,,,,,,23.13,,,RD235,,,
,06-07-2026,,,,,Shift Change,,,,,,22.02,,,RD235,,,
,06-07-2026,,,,,Marching,,,,,,11.22,,,RD235,,,
,06-07-2026,,,,,Waiting,,,,,,0.63,,,RD235,,,
,06-07-2026,,,,,Spotting,,,,,,0.13,,,RD235,,,
,06-07-2026,,,,,LU Loading,,,,,,3.63,,,RD235,,,
,06-07-2026,,,,,Waiting,,,,,,2.42,,,RD237,,,
,06-07-2026,,,,,LU Loading,,,,,,0.2,,,RD237,,,
,06-07-2026,,,,,Waiting,,,,,,0.48,,,RD237,,,
,06-07-2026,,,,,LU Loading,,,,,,0.08,,,RD237,,,
,06-07-2026,,,,,Waiting,,,,,,11.98,,,RD237,,,
,06-07-2026,,,,,LU Loading,,,,,,1.83,,,RD237,,,
,06-07-2026,,,,,LU Loading,,,,,,2.1,,,RD233,,,
,06-07-2026,,,,,Waiting,,,,,,0.88,,,RD244,,,
,06-07-2026,,,,,LU Loading,,,,,,2.2,,,RD244,,,
,06-07-2026,,,,,Waiting,,,,,,8.1,,,RD237,,,
,06-07-2026,,,,,LU Loading,,,,,,2.03,,,RD237,,,
,06-07-2026,,,,,LU Loading,,,,,,2.48,,,RD233,,,
,06-07-2026,,,,,LU Loading,,,,,,2.98,,,RD253,,,
,06-07-2026,,,,,Waiting,,,,,,0.77,,,RD244,,,
,06-07-2026,,,,,LU Loading,,,,,,2.23,,,RD244,,,
,06-07-2026,,,,,Waiting,,,,,,2.43,,,RD235,,,
,06-07-2026,,,,,LU Loading,,,,,,2.03,,,RD235,,,
,06-07-2026,,,,,Waiting,,,,,,0.6,,,RD237,,,
,06-07-2026,,,,,LU Loading,,,,,,2.87,,,RD237,,,
,06-07-2026,,,,,LU Loading,,,,,,2.25,,,RD233,,,
,06-07-2026,,,,,LU Loading,,,,,,3.38,,,RD253,,,
,06-07-2026,,,,,Waiting,,,,,,0.53,,,RD244,,,
,06-07-2026,,,,,LU Loading,,,,,,2.77,,,RD244,,,
,06-07-2026,,,,,Waiting,,,,,,1.22,,,RD235,,,
,06-07-2026,,,,,LU Loading,,,,,,2.05,,,RD235,,,
,06-07-2026,,,,,Waiting,,,,,,0.68,,,RD233,,,
,06-07-2026,,,,,LU Loading,,,,,,2.57,,,RD233,,,
,06-07-2026,,,,,Waiting,,,,,,2.38,,,RD234,,,
,06-07-2026,,,,,LU Loading,,,,,,2.12,,,RD234,,,
,06-07-2026,,,,,Waiting,,,,,,0.63,,,RD253,,,
,06-07-2026,,,,,LU Loading,,,,,,2.73,,,RD253,,,
,06-07-2026,,,,,LU Loading,,,,,,2.85,,,RD244,,,
,06-07-2026,,,,,Waiting,,,,,,0.7,,,RD249,,,
,06-07-2026,,,,,LU Loading,,,,,,2.85,,,RD249,,,
,06-07-2026,,,,,Waiting,,,,,,0.7,,,RD237,,,
,06-07-2026,,,,,LU Loading,,,,,,2.53,,,RD237,,,
,06-07-2026,,,,,Waiting,,,,,,0.6,,,RD251,,,
,06-07-2026,,,,,LU Loading,,,,,,3.87,,,RD251,,,
,06-07-2026,,,,,Waiting,,,,,,0.67,,,RD235,,,
,06-07-2026,,,,,LU Loading,,,,,,2.25,,,RD235,,,
,06-07-2026,,,,,Waiting,,,,,,0.47,,,RD234,,,
,06-07-2026,,,,,Spotting,,,,,,0.32,,,RD234,,,
,06-07-2026,,,,,LU Loading,,,,,,2.87,,,RD234,,,
,06-07-2026,,,,,Spotting,,,,,,0.03,,,RD253,,,
,06-07-2026,,,,,LU Loading,,,,,,3.15,,,RD253,,,
,06-07-2026,,,,,Waiting,,,,,,0.57,,,RD244,,,
,06-07-2026,,,,,LU Loading,,,,,,2.95,,,RD244,,,
,06-07-2026,,,,,Waiting,,,,,,0.92,,,RD249,,,
,06-07-2026,,,,,LU Loading,,,,,,2.87,,,RD249,,,
,06-07-2026,,,,,Waiting,,,,,,0.2,,,RD237,,,
,06-07-2026,,,,,LU Loading,,,,,,2.48,,,RD237,,,
,06-07-2026,,,,,Waiting,,,,,,6.97,,,RD233,,,
,06-07-2026,,,,,LU Loading,,,,,,0.02,,,RD233,,,
,06-07-2026,,,,,Waiting,,,,,,0.73,,,RD235,,,
,06-07-2026,,,,,LU Loading,,,,,,0.35,,,RD235,,,
,06-07-2026,,,,,Spotting,,,,,,0.08,,,RD234,,,
,06-07-2026,,,,,LU Loading,,,,,,2.87,,,RD234,,,
,06-07-2026,,,,,Waiting,,,,,,0.38,,,RD253,,,
,06-07-2026,,,,,LU Loading,,,,,,2.92,,,RD253,,,
,06-07-2026,,,,,Waiting,,,,,,3.7,,,RD251,,,
,06-07-2026,,,,,LU Loading,,,,,,3.2,,,RD251,,,
,06-07-2026,,,,,Waiting,,,,,,0.13,,,RD235,,,
,06-07-2026,,,,,LU Loading,,,,,,5.02,,,RD235,,,
,06-07-2026,,,,,Waiting,,,,,,2.15,,,RD253,,,
,06-07-2026,,,,,Spotting,,,,,,1.08,,,RD253,,,
,06-07-2026,,,,,LU Loading,,,,,,3.03,,,RD253,,,
,06-07-2026,,,,,Waiting,,,,,,7.58,,,RD235,,,
,06-07-2026,,,,,LU Loading,,,,,,3.3,,,RD235,,,
,06-07-2026,,,,,Waiting,,,,,,1.65,,,RD253,,,
,06-07-2026,,,,,LU Loading,,,,,,2.88,,,RD253,,,
,06-07-2026,,,,,Waiting,,,,,,6.23,,,RD235,,,
,06-07-2026,,,,,LU Loading,,,,,,3.62,,,RD235,,,
,06-07-2026,,,,,Waiting,,,,,,9.62,,,RD234,,,
,06-07-2026,,,,,LU Loading,,,,,,3.05,,,RD234,,,
,06-07-2026,,,,,Waiting,,,,,,0.02,,,RD233,,,
,06-07-2026,,,,,LU Loading,,,,,,4.33,,,RD233,,,
,06-07-2026,,,,,Waiting,,,,,,0.43,,,RD235,,,
,06-07-2026,,,,,LU Loading,,,,,,4.9,,,RD235,,,
,06-07-2026,,,,,Waiting,,,,,,2.85,,,RD226,,,
,06-07-2026,,,,,LU Loading,,,,,,1.93,,,RD226,,,
,06-07-2026,,,,,Waiting,,,,,,3.68,,,RD249,,,
,06-07-2026,,,,,LU Loading,,,,,,3.5,,,RD249,,,
,06-07-2026,,,,,Waiting,,,,,,1.13,,,RD234,,,
,06-07-2026,,,,,LU Loading,,,,,,2.98,,,RD234,,,
,06-07-2026,,,,,Waiting,,,,,,0.72,,,RD233,,,
,06-07-2026,,,,,Spotting,,,,,,0.1,,,RD233,,,
,06-07-2026,,,,,LU Loading,,,,,,4.65,,,RD233,,,
,06-07-2026,,,,,Waiting,,,,,,0.37,,,RD229,,,
,06-07-2026,,,,,LU Loading,,,,,,6.38,,,RD229,,,
,06-07-2026,,,,,Waiting,,,,,,3.67,,,RD226,,,
,06-07-2026,,,,,Spotting,,,,,,0.32,,,RD226,,,
,06-07-2026,,,,,LU Loading,,,,,,6.6,,,RD226,,,
,06-07-2026,,,,,Waiting,,,,,,8.42,,,RD253,,,
,06-07-2026,,,,,Spotting,,,,,,1.33,,,RD253,,,
,06-07-2026,,,,,LU Loading,,,,,,11.77,,,RD253,,,
,06-07-2026,,,,,LU Loading,,,,,,7.8,,,RD233,,,
,06-07-2026,,,,,LU Loading,,,,,,6.4,,,RD235,,,
,06-07-2026,,,,,Spotting,,,,,,0.2,,,RD226,,,
,06-07-2026,,,,,LU Loading,,,,,,5.13,,,RD226,,,
,06-07-2026,,,,,LU Loading,,,,,,3.67,,,RD253,,,
,06-07-2026,,,,,Waiting,,,,,,0.13,,,RD233,,,
,06-07-2026,,,,,LU Loading,,,,,,4.52,,,RD233,,,
,06-07-2026,,,,,LU Loading,,,,,,5.8,,,RD235,,,
,06-07-2026,,,,,Waiting,,,,,,3.55,,,RD226,,,
,06-07-2026,,,,,Spotting,,,,,,0.27,,,RD226,,,
,06-07-2026,,,,,LU Loading,,,,,,3.27,,,RD226,,,
,06-07-2026,,,,,LU Loading,,,,,,3.83,,,RD253,,,
,06-07-2026,,,,,Waiting,,,,,,0.08,,,RD233,,,
,06-07-2026,,,,,LU Loading,,,,,,2.82,,,RD233,,,
,06-07-2026,,,,,Waiting,,,,,,0.37,,,RD234,,,
,06-07-2026,,,,,Spotting,,,,,,0.53,,,RD234,,,
,06-07-2026,,,,,LU Loading,,,,,,2.97,,,RD234,,,
,06-07-2026,,,,,LU Loading,,,,,,3.87,,,RD235,,,
,06-07-2026,,,,,Waiting,,,,,,0.12,,,RD226,,,
,06-07-2026,,,,,Spotting,,,,,,0.25,,,RD226,,,
,06-07-2026,,,,,LU Loading,,,,,,3.37,,,RD226,,,
,06-07-2026,,,,,Waiting,,,,,,0.75,,,RD253,,,
,06-07-2026,,,,,LU Loading,,,,,,2.93,,,RD253,,,
,06-07-2026,,,,,Waiting,,,,,,0.13,,,RD233,,,
,06-07-2026,,,,,LU Loading,,,,,,3.03,,,RD233,,,
,06-07-2026,,,,,Waiting,,,,,,0.78,,,RD234,,,
,06-07-2026,,,,,LU Loading,,,,,,3.3,,,RD234,,,
,06-07-2026,,,,,Waiting,,,,,,0.12,,,RD235,,,
,06-07-2026,,,,,Spotting,,,,,,0.32,,,RD235,,,
,06-07-2026,,,,,LU Loading,,,,,,3.33,,,RD235,,,
,06-07-2026,,,,,Spotting,,,,,,0.15,,,RD226,,,
,06-07-2026,,,,,LU Loading,,,,,,3.17,,,RD226,,,
,06-07-2026,,,,,Spotting,,,,,,0.23,,,RD253,,,
,06-07-2026,,,,,LU Loading,,,,,,3.1,,,RD253,,,
,06-07-2026,,,,,Spotting,,,,,,0.02,,,RD233,,,
,06-07-2026,,,,,LU Loading,,,,,,3.6,,,RD233,,,
,06-07-2026,,,,,Waiting,,,,,,2,,,RD234,,,
,06-07-2026,,,,,Spotting,,,,,,0.37,,,RD234,,,
,06-07-2026,,,,,LU Loading,,,,,,2.7,,,RD234,,,
,06-07-2026,,,,,Spotting,,,,,,0.42,,,RD235,,,
,06-07-2026,,,,,LU Loading,,,,,,3.1,,,RD235,,,
,06-07-2026,,,,,Waiting,,,,,,0.23,,,RD226,,,
,06-07-2026,,,,,LU Loading,,,,,,3.78,,,RD226,,,
,06-07-2026,,,,,Spotting,,,,,,0.07,,,RD233,,,
,06-07-2026,,,,,LU Loading,,,,,,3.5,,,RD233,,,
,06-07-2026,,,,,Waiting,,,,,,1.85,,,RD234,,,
,06-07-2026,,,,,LU Loading,,,,,,3.25,,,RD234,,,
,06-07-2026,,,,,Waiting,,,,,,1.25,,,RD235,,,
,06-07-2026,,,,,LU Loading,,,,,,2.78,,,RD235,,,
,06-07-2026,,,,,Waiting,,,,,,2.18,,,RD233,,,
,06-07-2026,,,,,LU Loading,,,,,,2.58,,,RD233,,,
,06-07-2026,,,,,Waiting,,,,,,4.38,,,RD226,,,
,06-07-2026,,,,,LU Loading,,,,,,2.52,,,RD226,,,
,06-07-2026,,,,,Waiting,,,,,,0.83,,,RD234,,,
,06-07-2026,,,,,LU Loading,,,,,,2.87,,,RD234,,,
,06-07-2026,,,,,Waiting,,,,,,0.45,,,RD235,,,
,06-07-2026,,,,,LU Loading,,,,,,3.85,,,RD235,,,
,06-07-2026,,,,,Waiting,,,,,,0.1,,,RD233,,,
,06-07-2026,,,,,Spotting,,,,,,0.45,,,RD233,,,
,06-07-2026,,,,,LU Loading,,,,,,2.72,,,RD233,,,
,06-07-2026,,,,,Waiting,,,,,,8.85,,,RD251,,,
,06-07-2026,,,,,Shift Change,,,,,,31.73,,,RD251,,,
,06-07-2026,,,,,Shift Change,,,,,,43.92,,,RD251,,,
,06-07-2026,,,,,Waiting,,,,,,3.62,,,RD251,,,
,06-07-2026,,,,,LU Loading,,,,,,3.73,,,RD251,,,
,06-07-2026,,,,,Waiting,,,,,,10.65,,,RD251,,,
,06-07-2026,,,,,Spotting,,,,,,0.05,,,RD251,,,
,06-07-2026,,,,,LU Loading,,,,,,3.88,,,RD251,,,
,06-07-2026,,,,,Waiting,,,,,,11.02,,,RD251,,,
,06-07-2026,,,,,LU Loading,,,,,,4.58,,,RD251,,,
,06-07-2026,,,,,Waiting,,,,,,0.43,,,RD250,,,
,06-07-2026,,,,,Spotting,,,,,,0.93,,,RD250,,,
,06-07-2026,,,,,LU Loading,,,,,,3.05,,,RD250,,,
,06-07-2026,,,,,Waiting,,,,,,0.4,,,RD241,,,
,06-07-2026,,,,,LU Loading,,,,,,3.47,,,RD241,,,
,06-07-2026,,,,,Waiting,,,,,,3.58,,,RD251,,,
,06-07-2026,,,,,Spotting,,,,,,0.28,,,RD251,,,
,06-07-2026,,,,,LU Loading,,,,,,3.32,,,RD251,,,
,06-07-2026,,,,,Waiting,,,,,,1.73,,,RD250,,,
,06-07-2026,,,,,Spotting,,,,,,0.15,,,RD250,,,
,06-07-2026,,,,,LU Loading,,,,,,3.22,,,RD250,,,
,06-07-2026,,,,,Waiting,,,,,,0.38,,,RD248,,,
,06-07-2026,,,,,LU Loading,,,,,,3.2,,,RD248,,,
,06-07-2026,,,,,Waiting,,,,,,0.27,,,RD241,,,
,06-07-2026,,,,,LU Loading,,,,,,3.42,,,RD241,,,
,06-07-2026,,,,,Waiting,,,,,,0.63,,,RD231,,,
,06-07-2026,,,,,LU Loading,,,,,,3.6,,,RD231,,,
,06-07-2026,,,,,Waiting,,,,,,0.12,,,RD251,,,
,06-07-2026,,,,,LU Loading,,,,,,4.1,,,RD251,,,
,06-07-2026,,,,,Waiting,,,,,,0.08,,,RD233,,,
,06-07-2026,,,,,LU Loading,,,,,,3.58,,,RD233,,,
,07-07-2026,,,,,Waiting,,,,,,0.15,,,RD250,,,
,07-07-2026,,,,,LU Loading,,,,,,3.9,,,RD250,,,
,07-07-2026,,,,,Waiting,,,,,,0.67,,,RD241,,,
,07-07-2026,,,,,LU Loading,,,,,,4.27,,,RD241,,,
,07-07-2026,,,,,Waiting,,,,,,0.37,,,RD231,,,
,07-07-2026,,,,,Spotting,,,,,,0.62,,,RD231,,,
,07-07-2026,,,,,LU Loading,,,,,,3.27,,,RD231,,,
,07-07-2026,,,,,Waiting,,,,,,0.38,,,RD251,,,
,07-07-2026,,,,,LU Loading,,,,,,2.73,,,RD251,,,
,07-07-2026,,,,,Waiting,,,,,,0.3,,,RD233,,,
,07-07-2026,,,,,LU Loading,,,,,,4.03,,,RD233,,,
,07-07-2026,,,,,Waiting,,,,,,0.33,,,RD250,,,
,07-07-2026,,,,,LU Loading,,,,,,4.22,,,RD250,,,
,07-07-2026,,,,,Waiting,,,,,,0.43,,,RD241,,,
,07-07-2026,,,,,LU Loading,,,,,,3.63,,,RD241,,,
,07-07-2026,,,,,Waiting,,,,,,0.08,,,RD231,,,
,07-07-2026,,,,,LU Loading,,,,,,3.4,,,RD231,,,
,07-07-2026,,,,,Waiting,,,,,,0.2,,,RD251,,,
,07-07-2026,,,,,LU Loading,,,,,,4.62,,,RD251,,,
,07-07-2026,,,,,Waiting,,,,,,0.22,,,RD233,,,
,07-07-2026,,,,,LU Loading,,,,,,3.3,,,RD233,,,
,07-07-2026,,,,,Waiting,,,,,,0.3,,,RD250,,,
,07-07-2026,,,,,Spotting,,,,,,0.18,,,RD250,,,
,07-07-2026,,,,,LU Loading,,,,,,3.67,,,RD250,,,
,07-07-2026,,,,,Waiting,,,,,,2.78,,,RD241,,,
,07-07-2026,,,,,Spotting,,,,,,0.23,,,RD241,,,
,07-07-2026,,,,,LU Loading,,,,,,0.97,,,RD241,,,
,07-07-2026,,,,,Face Prep,,,,,,10.8,,,RD241,,,
,07-07-2026,,,,,LU Loading,,,,,,3.13,,,RD241,,,
,07-07-2026,,,,,Waiting,,,,,,0.4,,,RD231,,,
,07-07-2026,,,,,Spotting,,,,,,0.33,,,RD231,,,
,07-07-2026,,,,,LU Loading,,,,,,3.25,,,RD231,,,
,07-07-2026,,,,,Waiting,,,,,,0.55,,,RD251,,,
,07-07-2026,,,,,LU Loading,,,,,,4.18,,,RD251,,,
,07-07-2026,,,,,Waiting,,,,,,0.57,,,RD233,,,
,07-07-2026,,,,,LU Loading,,,,,,3.73,,,RD233,,,
,07-07-2026,,,,,Waiting,,,,,,1.78,,,RD241,,,
,07-07-2026,,,,,LU Loading,,,,,,2.88,,,RD241,,,
,07-07-2026,,,,,Waiting,,,,,,0.22,,,RD250,,,
,07-07-2026,,,,,LU Loading,,,,,,3.15,,,RD250,,,
,07-07-2026,,,,,Waiting,,,,,,0.45,,,RD231,,,
,07-07-2026,,,,,Spotting,,,,,,0.25,,,RD231,,,
,07-07-2026,,,,,LU Loading,,,,,,2.88,,,RD231,,,
,07-07-2026,,,,,Waiting,,,,,,2.38,,,RD233,,,
,07-07-2026,,,,,LU Loading,,,,,,3.22,,,RD233,,,
,07-07-2026,,,,,Waiting,,,,,,3.47,,,RD250,,,
,07-07-2026,,,,,Spotting,,,,,,0.63,,,RD250,,,
,07-07-2026,,,,,LU Loading,,,,,,2.67,,,RD250,,,
,07-07-2026,,,,,Waiting,,,,,,0.23,,,RD241,,,
,07-07-2026,,,,,Spotting,,,,,,0.32,,,RD241,,,
,07-07-2026,,,,,LU Loading,,,,,,2.98,,,RD241,,,
,07-07-2026,,,,,Waiting,,,,,,4.18,,,RD233,,,
,07-07-2026,,,,,LU Loading,,,,,,2.92,,,RD233,,,
,07-07-2026,,,,,Waiting,,,,,,3.13,,,RD241,,,
,07-07-2026,,,,,LU Loading,,,,,,2.87,,,RD241,,,
,07-07-2026,,,,,Waiting,,,,,,4.7,,,RD235,,,
,07-07-2026,,,,,LU Loading,,,,,,2.37,,,RD235,,,
,07-07-2026,,,,,Waiting,,,,,,6.13,,,RD233,,,
,07-07-2026,,,,,Spotting,,,,,,0.25,,,RD233,,,
,07-07-2026,,,,,LU Loading,,,,,,2.95,,,RD233,,,
,07-07-2026,,,,,Waiting,,,,,,0.55,,,RD235,,,
,07-07-2026,,,,,LU Loading,,,,,,2.57,,,RD235,,,
,07-07-2026,,,,,Waiting,,,,,,7.6,,,RD233,,,
,07-07-2026,,,,,LU Loading,,,,,,3.73,,,RD233,,,
,07-07-2026,,,,,Waiting,,,,,,5.43,,,RD231,,,
,07-07-2026,,,,,LU Loading,,,,,,3.22,,,RD231,,,
,07-07-2026,,,,,Waiting,,,,,,2.53,,,RD250,,,
,07-07-2026,,,,,Spotting,,,,,,0.37,,,RD250,,,
,07-07-2026,,,,,LU Loading,,,,,,2.73,,,RD250,,,
,07-07-2026,,,,,Spotting,,,,,,0.5,,,RD233,,,
,07-07-2026,,,,,LU Loading,,,,,,2.3,,,RD233,,,
,07-07-2026,,,,,Waiting,,,,,,3.82,,,RD231,,,
,07-07-2026,,,,,Spotting,,,,,,0.4,,,RD231,,,
,07-07-2026,,,,,LU Loading,,,,,,3.22,,,RD231,,,
,07-07-2026,,,,,Waiting,,,,,,2.57,,,RD250,,,
,07-07-2026,,,,,LU Loading,,,,,,3.93,,,RD250,,,
,07-07-2026,,,,,Waiting,,,,,,0.23,,,RD233,,,
,07-07-2026,,,,,LU Loading,,,,,,2.82,,,RD233,,,
,07-07-2026,,,,,Waiting,,,,,,0.6,,,RD235,,,
,07-07-2026,,,,,LU Loading,,,,,,2.88,,,RD235,,,
,07-07-2026,,,,,Waiting,,,,,,0.3,,,RD241,,,
,07-07-2026,,,,,LU Loading,,,,,,3.17,,,RD241,,,
,07-07-2026,,,,,Waiting,,,,,,0.5,,,RD231,,,
,07-07-2026,,,,,LU Loading,,,,,,4.3,,,RD231,,,
,07-07-2026,,,,,Waiting,,,,,,0.55,,,RD250,,,
,07-07-2026,,,,,LU Loading,,,,,,3.85,,,RD250,,,
,07-07-2026,,,,,Waiting,,,,,,2.6,,,RD235,,,
,07-07-2026,,,,,LU Loading,,,,,,3.52,,,RD235,,,
,07-07-2026,,,,,Waiting,,,,,,0.05,,,RD241,,,
,07-07-2026,,,,,LU Loading,,,,,,3.5,,,RD241,,,
,07-07-2026,,,,,Waiting,,,,,,2.32,,,RD250,,,
,07-07-2026,,,,,LU Loading,,,,,,3.7,,,RD250,,,
,07-07-2026,,,,,Waiting,,,,,,4.03,,,RD233,,,
,07-07-2026,,,,,LU Loading,,,,,,3.42,,,RD233,,,
,07-07-2026,,,,,Waiting,,,,,,1.02,,,RD235,,,
,07-07-2026,,,,,Spotting,,,,,,0.32,,,RD235,,,
,07-07-2026,,,,,LU Loading,,,,,,2.58,,,RD235,,,
,07-07-2026,,,,,Waiting,,,,,,0.92,,,RD241,,,
,07-07-2026,,,,,LU Loading,,,,,,3.25,,,RD241,,,
,07-07-2026,,,,,Waiting,,,,,,0.28,,,RD231,,,
,07-07-2026,,,,,Spotting,,,,,,0.3,,,RD231,,,
,07-07-2026,,,,,LU Loading,,,,,,3.1,,,RD231,,,
,07-07-2026,,,,,LU Loading,,,,,,3.97,,,RD250,,,
,07-07-2026,,,,,Waiting,,,,,,1.05,,,RD233,,,
,07-07-2026,,,,,LU Loading,,,,,,3.15,,,RD233,,,
,07-07-2026,,,,,Waiting,,,,,,0.32,,,RD235,,,
,07-07-2026,,,,,LU Loading,,,,,,4.43,,,RD235,,,
,07-07-2026,,,,,Waiting,,,,,,0.28,,,RD241,,,
,07-07-2026,,,,,LU Loading,,,,,,3.82,,,RD241,,,
,07-07-2026,,,,,Waiting,,,,,,1.07,,,RD231,,,
,07-07-2026,,,,,LU Loading,,,,,,3.28,,,RD231,,,
,07-07-2026,,,,,Waiting,,,,,,0.57,,,RD250,,,
,07-07-2026,,,,,LU Loading,,,,,,3.37,,,RD250,,,
,07-07-2026,,,,,Waiting,,,,,,0.38,,,RD233,,,
,07-07-2026,,,,,LU Loading,,,,,,3.37,,,RD233,,,
,07-07-2026,,,,,LU Loading,,,,,,4.68,,,RD235,,,
,07-07-2026,,,,,Waiting,,,,,,0.78,,,RD241,,,
,07-07-2026,,,,,Spotting,,,,,,1.05,,,RD241,,,
,07-07-2026,,,,,LU Loading,,,,,,2.32,,,RD241,,,
,07-07-2026,,,,,Waiting,,,,,,0.5,,,RD250,,,
,07-07-2026,,,,,Spotting,,,,,,0.2,,,RD250,,,
,07-07-2026,,,,,LU Loading,,,,,,3.25,,,RD250,,,
,07-07-2026,,,,,Waiting,,,,,,11.28,,,RD250,,,
,07-07-2026,,,,,Spotting,,,,,,0.65,,,RD250,,,
,07-07-2026,,,,,LU Loading,,,,,,3.67,,,RD250,,,
,07-07-2026,,,,,Waiting,,,,,,11.12,,,RD233,,,
,07-07-2026,,,,,LU Loading,,,,,,3.58,,,RD233,,,
,07-07-2026,,,,,Waiting,,,,,,0.4,,,RD250,,,
,07-07-2026,,,,,LU Loading,,,,,,3.43,,,RD250,,,
,07-07-2026,,,,,Waiting,,,,,,2.43,,,RD231,,,
,07-07-2026,,,,,LU Loading,,,,,,4.43,,,RD231,,,
,07-07-2026,,,,,Waiting,,,,,,2.55,,,RD250,,,
,07-07-2026,,,,,LU Loading,,,,,,2.68,,,RD250,,,
,07-07-2026,,,,,Waiting,,,,,,0.67,,,RD233,,,
,07-07-2026,,,,,LU Loading,,,,,,5.28,,,RD233,,,
,07-07-2026,,,,,Waiting,,,,,,3.28,,,RD249,,,
,07-07-2026,,,,,Shift Change,,,,,,28.52,,,RD249,,,
,07-07-2026,,,,,,,,,,,,,,,,,
,Timestamp,,,,,Status Code,,Sub-Status Code,,,,"Duration
(min)",,,Hauling Unit,,,
,07-07-2026,,,,,Shift Change,,,,,,46.45,,,RD249,,,
,07-07-2026,,,,,LU Loading,,,,,,10.75,,,RD249,,,
,07-07-2026,,,,,Waiting,,,,,,0.58,,,RD249,,,
,07-07-2026,,,,,Face Prep,,,,,,3.73,,,RD249,,,
,07-07-2026,,,,,LU Loading,,,,,,1.03,,,RD249,,,
,07-07-2026,,,,,LU Loading,,,,,,1.93,,,RD247,,,
,07-07-2026,,,,,Waiting,,,,,,1.77,,,RD238,,,
,07-07-2026,,,,,LU Loading,,,,,,0.02,,,RD238,,,
,07-07-2026,,,,,Waiting,,,,,,0.37,,,RD238,,,
,07-07-2026,,,,,LU Loading,,,,,,0.43,,,RD238,,,
,07-07-2026,,,,,Waiting,,,,,,0.63,,,RD245,,,
,07-07-2026,,,,,LU Loading,,,,,,1.92,,,RD245,,,
,07-07-2026,,,,,Waiting,,,,,,0.37,,,RD243,,,
,07-07-2026,,,,,Spotting,,,,,,0.4,,,RD243,,,
,07-07-2026,,,,,LU Loading,,,,,,2.42,,,RD243,,,
,07-07-2026,,,,,Spotting,,,,,,0.12,,,RD249,,,
,07-07-2026,,,,,LU Loading,,,,,,2.67,,,RD249,,,
,07-07-2026,,,,,Waiting,,,,,,1.9,,,RD238,,,
,07-07-2026,,,,,Spotting,,,,,,1,,,RD238,,,
,07-07-2026,,,,,LU Loading,,,,,,2.03,,,RD238,,,
,07-07-2026,,,,,Waiting,,,,,,0.52,,,RD245,,,
,07-07-2026,,,,,Spotting,,,,,,0.67,,,RD245,,,
,07-07-2026,,,,,LU Loading,,,,,,2.35,,,RD245,,,
,07-07-2026,,,,,Waiting,,,,,,0.2,,,RD243,,,
,07-07-2026,,,,,Spotting,,,,,,0.4,,,RD243,,,
,07-07-2026,,,,,LU Loading,,,,,,1.92,,,RD243,,,
,07-07-2026,,,,,Spotting,,,,,,0.17,,,RD249,,,
,07-07-2026,,,,,LU Loading,,,,,,3.55,,,RD249,,,
,07-07-2026,,,,,Waiting,,,,,,1.33,,,RD238,,,
,07-07-2026,,,,,LU Loading,,,,,,2.45,,,RD238,,,
,07-07-2026,,,,,Waiting,,,,,,1.88,,,RD245,,,
,07-07-2026,,,,,Spotting,,,,,,0.22,,,RD245,,,
,07-07-2026,,,,,LU Loading,,,,,,2.18,,,RD245,,,
,07-07-2026,,,,,Spotting,,,,,,0.63,,,RD243,,,
,07-07-2026,,,,,LU Loading,,,,,,2.2,,,RD243,,,
,07-07-2026,,,,,Spotting,,,,,,0.18,,,RD249,,,
,07-07-2026,,,,,LU Loading,,,,,,2.82,,,RD249,,,
,07-07-2026,,,,,Waiting,,,,,,0.33,,,RD238,,,
,07-07-2026,,,,,Spotting,,,,,,0.32,,,RD238,,,
,07-07-2026,,,,,LU Loading,,,,,,2.02,,,RD238,,,
,07-07-2026,,,,,Waiting,,,,,,3.92,,,RD245,,,
,07-07-2026,,,,,LU Loading,,,,,,2.93,,,RD245,,,
,07-07-2026,,,,,Waiting,,,,,,0.25,,,RD243,,,
,07-07-2026,,,,,Spotting,,,,,,0.37,,,RD243,,,
,07-07-2026,,,,,LU Loading,,,,,,2.8,,,RD243,,,
,07-07-2026,,,,,Waiting,,,,,,0.43,,,RD249,,,
,07-07-2026,,,,,LU Loading,,,,,,1.9,,,RD249,,,
,07-07-2026,,,,,Waiting,,,,,,0.58,,,RD238,,,
,07-07-2026,,,,,LU Loading,,,,,,2,,,RD238,,,
,07-07-2026,,,,,Waiting,,,,,,3.72,,,RD245,,,
,07-07-2026,,,,,LU Loading,,,,,,1.77,,,RD245,,,
,07-07-2026,,,,,Waiting,,,,,,1,,,RD243,,,
,07-07-2026,,,,,Spotting,,,,,,0.4,,,RD243,,,
,07-07-2026,,,,,LU Loading,,,,,,2.77,,,RD243,,,
,07-07-2026,,,,,LU Loading,,,,,,3.43,,,RD249,,,
,07-07-2026,,,,,LU Loading,,,,,,3.27,,,RD243,,,
,07-07-2026,,,,,LU Loading,,,,,,0.02,,,RD238,,,
,07-07-2026,,,,,Waiting,,,,,,0.02,,,RD238,,,
,07-07-2026,,,,,LU Loading,,,,,,1.9,,,RD238,,,
,07-07-2026,,,,,LU Loading,,,,,,2.07,,,RD249,,,
,07-07-2026,,,,,Spotting,,,,,,0.48,,,RD245,,,
,07-07-2026,,,,,LU Loading,,,,,,1.95,,,RD245,,,
,07-07-2026,,,,,Spotting,,,,,,0.27,,,RD243,,,
,07-07-2026,,,,,LU Loading,,,,,,2.43,,,RD243,,,
,07-07-2026,,,,,Spotting,,,,,,0.22,,,RD249,,,
,07-07-2026,,,,,LU Loading,,,,,,2.17,,,RD249,,,
,07-07-2026,,,,,Waiting,,,,,,0.25,,,RD245,,,
,07-07-2026,,,,,LU Loading,,,,,,2.83,,,RD245,,,
,07-07-2026,,,,,Spotting,,,,,,0.05,,,RD243,,,
,07-07-2026,,,,,LU Loading,,,,,,2.83,,,RD243,,,
,07-07-2026,,,,,Spotting,,,,,,0.3,,,RD238,,,
,07-07-2026,,,,,LU Loading,,,,,,2.52,,,RD238,,,
,07-07-2026,,,,,LU Loading,,,,,,2.13,,,RD249,,,
,07-07-2026,,,,,Spotting,,,,,,0.23,,,RD245,,,
,07-07-2026,,,,,LU Loading,,,,,,2.1,,,RD245,,,
,07-07-2026,,,,,Spotting,,,,,,0.53,,,RD243,,,
,07-07-2026,,,,,LU Loading,,,,,,2.5,,,RD243,,,
,07-07-2026,,,,,Waiting,,,,,,0.2,,,RD238,,,
,07-07-2026,,,,,Spotting,,,,,,0.25,,,RD238,,,
,07-07-2026,,,,,LU Loading,,,,,,1.9,,,RD238,,,
,07-07-2026,,,,,LU Loading,,,,,,2.18,,,RD249,,,
,07-07-2026,,,,,Spotting,,,,,,0.3,,,RD245,,,
,07-07-2026,,,,,LU Loading,,,,,,2.13,,,RD245,,,
,07-07-2026,,,,,Spotting,,,,,,0.28,,,RD243,,,
,07-07-2026,,,,,LU Loading,,,,,,2.52,,,RD243,,,
,07-07-2026,,,,,LU Loading,,,,,,1.87,,,RD238,,,
,07-07-2026,,,,,LU Loading,,,,,,3.68,,,RD249,,,
,07-07-2026,,,,,Waiting,,,,,,4.58,,,RD228,,,
,07-07-2026,,,,,Tea/ Breakfast / Snacks,,,,,,1.35,,,RD228,,,
,07-07-2026,,,,,Daily Service,,,,,,264.03,,,RD228,,,
,07-07-2026,,,,,Marching,,,,,,15.63,,,RD228,,,
,07-07-2026,,,,,Shift Change,,,,,,12.9,,,RD228,,,
,07-07-2026,,,,,Shift Change,,,,,,13.15,,,RD228,,,
,07-07-2026,,,,, Down,,,,,,338.45,,,RD228,,,
,07-07-2026,,,,,Marching,,,,,,7.23,,,RD228,,,
,07-07-2026,,,,,Waiting,,,,,,0.72,,,RD228,,,
,07-07-2026,,,,,LU Loading,,,,,,2.93,,,RD228,,,
,07-07-2026,,,,,Waiting,,,,,,1,,,RD241,,,
,07-07-2026,,,,,LU Loading,,,,,,3.33,,,RD241,,,
,07-07-2026,,,,,Waiting,,,,,,9.32,,,RD228,,,
,07-07-2026,,,,,LU Loading,,,,,,5.15,,,RD228,,,
,07-07-2026,,,,,Waiting,,,,,,0.03,,,RD241,,,
,07-07-2026,,,,,LU Loading,,,,,,3.27,,,RD241,,,
,07-07-2026,,,,,Waiting,,,,,,0.27,,,RD243,,,
,07-07-2026,,,,,LU Loading,,,,,,2.77,,,RD243,,,
,07-07-2026,,,,,Waiting,,,,,,6.73,,,RD228,,,
,07-07-2026,,,,,Spotting,,,,,,0.13,,,RD228,,,
,07-07-2026,,,,,LU Loading,,,,,,3.22,,,RD228,,,
,07-07-2026,,,,,Waiting,,,,,,0.02,,,RD241,,,
,07-07-2026,,,,,LU Loading,,,,,,5.13,,,RD241,,,
,07-07-2026,,,,,Waiting,,,,,,0.1,,,RD243,,,
,07-07-2026,,,,,LU Loading,,,,,,3.15,,,RD243,,,
,07-07-2026,,,,,Waiting,,,,,,0.43,,,RD231,,,
,07-07-2026,,,,,Marching,,,,,,17.85,,,RD231,,,
,07-07-2026,,,,,LU Loading,,,,,,0.68,,,RD231,,,
,07-07-2026,,,,,Waiting,,,,,,0.58,,,RD231,,,
,07-07-2026,,,,,Marching,,,,,,0.57,,,RD231,,,
,07-07-2026,,,,,LU Loading,,,,,,0.02,,,RD231,,,
,07-07-2026,,,,,Waiting,,,,,,0.3,,,RD231,,,
,07-07-2026,,,,,LU Loading,,,,,,0.08,,,RD231,,,
,07-07-2026,,,,,Waiting,,,,,,0.15,,,RD232,,,
,07-07-2026,,,,,Marching,,,,,,12.3,,,RD232,,,
,07-07-2026,,,,,LU Loading,,,,,,0.47,,,RD232,,,
,07-07-2026,,,,,Marching,,,,,,13.83,,,RD232,,,
,07-07-2026,,,,,Shift Change,,,,,,26.63,,,RD232,,,
,07-07-2026,,,,,Shift Change,,,,,,41.3,,,RD232,,,
,07-07-2026,,,,,Waiting,,,,,,2.95,,,RD232,,,
,07-07-2026,,,,,LU Loading,,,,,,2.9,,,RD232,,,
,07-07-2026,,,,,Waiting,,,,,,2.58,,,RD228,,,
,07-07-2026,,,,,LU Loading,,,,,,2.97,,,RD228,,,
,07-07-2026,,,,,Waiting,,,,,,11.68,,,RD232,,,
,07-07-2026,,,,,LU Loading,,,,,,2.68,,,RD232,,,
,07-07-2026,,,,,Waiting,,,,,,2.83,,,RD228,,,
,07-07-2026,,,,,LU Loading,,,,,,2.62,,,RD228,,,
,07-07-2026,,,,,Waiting,,,,,,0.7,,,RD235,,,
,07-07-2026,,,,,LU Loading,,,,,,2.58,,,RD235,,,
,07-07-2026,,,,,Waiting,,,,,,0.63,,,RD243,,,
,07-07-2026,,,,,LU Loading,,,,,,3,,,RD243,,,
,07-07-2026,,,,,Waiting,,,,,,4.4,,,RD232,,,
,07-07-2026,,,,,LU Loading,,,,,,2.73,,,RD232,,,
,07-07-2026,,,,,Waiting,,,,,,5.32,,,RD235,,,
,07-07-2026,,,,,LU Loading,,,,,,2.73,,,RD235,,,
,07-07-2026,,,,,Waiting,,,,,,0.8,,,RD228,,,
,07-07-2026,,,,,LU Loading,,,,,,2.82,,,RD228,,,
,07-07-2026,,,,,Waiting,,,,,,0.95,,,RD243,,,
,07-07-2026,,,,,Spotting,,,,,,0.22,,,RD243,,,
,07-07-2026,,,,,LU Loading,,,,,,2.83,,,RD243,,,
,07-07-2026,,,,,Waiting,,,,,,7.9,,,RD235,,,
,07-07-2026,,,,,LU Loading,,,,,,2.82,,,RD235,,,
,07-07-2026,,,,,Waiting,,,,,,4.57,,,RD228,,,
,07-07-2026,,,,,LU Loading,,,,,,2.82,,,RD228,,,
,08-07-2026,,,,,Waiting,,,,,,2.67,,,RD243,,,
,08-07-2026,,,,,LU Loading,,,,,,2.8,,,RD243,,,
,08-07-2026,,,,,Waiting,,,,,,2.67,,,RD235,,,
,08-07-2026,,,,,LU Loading,,,,,,2.77,,,RD235,,,
,08-07-2026,,,,,Waiting,,,,,,8.4,,,RD228,,,
,08-07-2026,,,,,LU Loading,,,,,,2.97,,,RD228,,,
,08-07-2026,,,,,Waiting,,,,,,1.42,,,RD232,,,
,08-07-2026,,,,,LU Loading,,,,,,4.43,,,RD232,,,
,08-07-2026,,,,,Waiting,,,,,,0.88,,,RD243,,,
,08-07-2026,,,,,Spotting,,,,,,0.15,,,RD243,,,
,08-07-2026,,,,,LU Loading,,,,,,3.42,,,RD243,,,
,08-07-2026,,,,,Waiting,,,,,,0.7,,,RD235,,,
,08-07-2026,,,,,LU Loading,,,,,,3,,,RD235,,,
,08-07-2026,,,,,Waiting,,,,,,4.98,,,RD228,,,
,08-07-2026,,,,,Spotting,,,,,,0.5,,,RD228,,,
,08-07-2026,,,,,LU Loading,,,,,,2.68,,,RD228,,,
,08-07-2026,,,,,Waiting,,,,,,0.85,,,RD249,,,
,08-07-2026,,,,,LU Loading,,,,,,3.03,,,RD249,,,
,08-07-2026,,,,,Waiting,,,,,,0.45,,,RD232,,,
,08-07-2026,,,,,Spotting,,,,,,0.13,,,RD232,,,
,08-07-2026,,,,,LU Loading,,,,,,3.43,,,RD232,,,
,08-07-2026,,,,,Waiting,,,,,,0.63,,,RD243,,,
,08-07-2026,,,,,LU Loading,,,,,,4.45,,,RD243,,,
,08-07-2026,,,,,Waiting,,,,,,6.17,,,RD228,,,
,08-07-2026,,,,,LU Loading,,,,,,3.45,,,RD228,,,
,08-07-2026,,,,,Waiting,,,,,,1.08,,,RD249,,,
,08-07-2026,,,,,LU Loading,,,,,,3.9,,,RD249,,,
,08-07-2026,,,,,Waiting,,,,,,0.87,,,RD235,,,
,08-07-2026,,,,,LU Loading,,,,,,2.63,,,RD235,,,
,08-07-2026,,,,,Waiting,,,,,,0.93,,,RD232,,,
,08-07-2026,,,,,LU Loading,,,,,,3.15,,,RD232,,,
,08-07-2026,,,,,Waiting,,,,,,1.5,,,RD243,,,
,08-07-2026,,,,,LU Loading,,,,,,2.82,,,RD243,,,
,08-07-2026,,,,,Waiting,,,,,,12.87,,,RD236,,,
,08-07-2026,,,,,LU Loading,,,,,,3.17,,,RD236,,,
,08-07-2026,,,,,Waiting,,,,,,0.33,,,RD249,,,
,08-07-2026,,,,,LU Loading,,,,,,3.8,,,RD249,,,
,08-07-2026,,,,,Waiting,,,,,,1.42,,,RD228,,,
,08-07-2026,,,,,LU Loading,,,,,,3.32,,,RD228,,,
,08-07-2026,,,,,Waiting,,,,,,0.3,,,RD235,,,
,08-07-2026,,,,,LU Loading,,,,,,4.72,,,RD235,,,
,08-07-2026,,,,,Waiting,,,,,,0.52,,,RD232,,,
,08-07-2026,,,,,LU Loading,,,,,,3.8,,,RD232,,,
,08-07-2026,,,,,Waiting,,,,,,0.97,,,RD243,,,
,08-07-2026,,,,,LU Loading,,,,,,3.62,,,RD243,,,
,08-07-2026,,,,,Waiting,,,,,,4.93,,,RD228,,,
,08-07-2026,,,,,LU Loading,,,,,,2.97,,,RD228,,,
,08-07-2026,,,,,Waiting,,,,,,5.88,,,RD232,,,
,08-07-2026,,,,,LU Loading,,,,,,3.28,,,RD232,,,
,08-07-2026,,,,,Waiting,,,,,,5.6,,,RD243,,,
,08-07-2026,,,,,LU Loading,,,,,,3.48,,,RD243,,,
,08-07-2026,,,,,Waiting,,,,,,0.38,,,RD228,,,
,08-07-2026,,,,,LU Loading,,,,,,2.85,,,RD228,,,
,08-07-2026,,,,,Waiting,,,,,,2.13,,,RD232,,,
,08-07-2026,,,,,LU Loading,,,,,,3.07,,,RD232,,,
,08-07-2026,,,,,Waiting,,,,,,0.55,,,RD249,,,
,08-07-2026,,,,,LU Loading,,,,,,3.25,,,RD249,,,
,08-07-2026,,,,,Waiting,,,,,,13.22,,,RD243,,,
,08-07-2026,,,,,LU Loading,,,,,,3.15,,,RD243,,,
,08-07-2026,,,,,Waiting,,,,,,0.65,,,RD235,,,
,08-07-2026,,,,,LU Loading,,,,,,2.3,,,RD235,,,
,08-07-2026,,,,,Waiting,,,,,,1,,,RD249,,,
,08-07-2026,,,,,LU Loading,,,,,,3.13,,,RD249,,,
,08-07-2026,,,,,Waiting,,,,,,10.9,,,RD235,,,
,08-07-2026,,,,,LU Loading,,,,,,2.45,,,RD235,,,
,08-07-2026,,,,,Waiting,,,,,,5.87,,,RD249,,,
,08-07-2026,,,,,LU Loading,,,,,,2.78,,,RD249,,,
,08-07-2026,,,,,Waiting,,,,,,7.17,,,RD232,,,
,08-07-2026,,,,,LU Loading,,,,,,2.78,,,RD232,,,
,08-07-2026,,,,,Waiting,,,,,,0.48,,,RD235,,,
,08-07-2026,,,,,LU Loading,,,,,,2.48,,,RD235,,,
,08-07-2026,,,,,Waiting,,,,,,4.9,,,RD249,,,
,08-07-2026,,,,,LU Loading,,,,,,3.43,,,RD249,,,
,08-07-2026,,,,,Waiting,,,,,,0.63,,,RD228,,,
,08-07-2026,,,,,LU Loading,,,,,,2.48,,,RD228,,,
,08-07-2026,,,,,Waiting,,,,,,3.55,,,RD235,,,
,08-07-2026,,,,,LU Loading,,,,,,3.18,,,RD235,,,
,08-07-2026,,,,,Waiting,,,,,,0.65,,,RD232,,,
,08-07-2026,,,,,LU Loading,,,,,,3.1,,,RD232,,,
,08-07-2026,,,,,Waiting,,,,,,5.3,,,RD249,,,
,08-07-2026,,,,,LU Loading,,,,,,4.77,,,RD249,,,
,08-07-2026,,,,,Waiting,,,,,,0.35,,,RD228,,,
,08-07-2026,,,,,LU Loading,,,,,,2.97,,,RD228,,,
,08-07-2026,,,,,Waiting,,,,,,0.45,,,RD235,,,
,08-07-2026,,,,,LU Loading,,,,,,3.18,,,RD235,,,
,08-07-2026,,,,,Waiting,,,,,,1.67,,,RD232,,,
,08-07-2026,,,,,LU Loading,,,,,,2.87,,,RD232,,,
,08-07-2026,,,,,Waiting,,,,,,7.58,,,RD249,,,
,08-07-2026,,,,,LU Loading,,,,,,3.5,,,RD249,,,
,08-07-2026,,,,,Waiting,,,,,,0.57,,,RD228,,,
,08-07-2026,,,,,LU Loading,,,,,,2.95,,,RD228,,,
,08-07-2026,,,,,Waiting,,,,,,0.6,,,RD235,,,
,08-07-2026,,,,,LU Loading,,,,,,3.62,,,RD235,,,
,08-07-2026,,,,,Waiting,,,,,,0.5,,,RD232,,,
,08-07-2026,,,,,LU Loading,,,,,,3.9,,,RD232,,,
,08-07-2026,,,,,Waiting,,,,,,7.33,,,RD243,,,
,08-07-2026,,,,,LU Loading,,,,,,3.7,,,RD243,,,
,08-07-2026,,,,,Waiting,,,,,,0.52,,,RD249,,,
,08-07-2026,,,,,LU Loading,,,,,,3.57,,,RD249,,,
,08-07-2026,,,,,Waiting,,,,,,0.32,,,RD228,,,
,08-07-2026,,,,,LU Loading,,,,,,3.55,,,RD228,,,
,08-07-2026,,,,,Waiting,,,,,,0.42,,,RD232,,,
,08-07-2026,,,,,LU Loading,,,,,,3.4,,,RD232,,,
,08-07-2026,,,,,Waiting,,,,,,7.17,,,RD243,,,
,08-07-2026,,,,,LU Loading,,,,,,4.05,,,RD243,,,
,08-07-2026,,,,,Waiting,,,,,,1.13,,,RD235,,,
,08-07-2026,,,,,LU Loading,,,,,,2.68,,,RD235,,,
,08-07-2026,,,,,LU Loading,,,,,,3.45,,,RD249,,,
,08-07-2026,,,,,Waiting,,,,,,9.22,,,RD232,,,
,08-07-2026,,,,,Shift Change,,,,,,22.98,,,RD232,,,
,08-07-2026,,,,,,,,,,,,,,,,,
,Timestamp,,,,,Status Code,,Sub-Status Code,,,,"Duration
(min)",,,Hauling Unit,,,
,08-07-2026,,,,,Shift Change,,,,,,47.32,,,RD232,,,
,08-07-2026,,,,,Waiting,,,,,,1.3,,,RD232,,,
,08-07-2026,,,,,LU Loading,,,,,,3.78,,,RD232,,,
,08-07-2026,,,,,Waiting,,,,,,0.25,,,RD247,,,
,08-07-2026,,,,,LU Loading,,,,,,3.57,,,RD247,,,
,08-07-2026,,,,,Waiting,,,,,,5.3,,,RD250,,,
,08-07-2026,,,,,LU Loading,,,,,,3.02,,,RD250,,,
,08-07-2026,,,,,Waiting,,,,,,3.02,,,RD234,,,
,08-07-2026,,,,,LU Loading,,,,,,4.05,,,RD234,,,
,08-07-2026,,,,,Waiting,,,,,,0.42,,,RD232,,,
,08-07-2026,,,,,LU Loading,,,,,,3.23,,,RD232,,,
,08-07-2026,,,,,Waiting,,,,,,0.2,,,RD247,,,
,08-07-2026,,,,,LU Loading,,,,,,3.42,,,RD247,,,
,08-07-2026,,,,,Waiting,,,,,,0.73,,,RD250,,,
,08-07-2026,,,,,LU Loading,,,,,,2.87,,,RD250,,,
,08-07-2026,,,,,Waiting,,,,,,8.68,,,RD232,,,
,08-07-2026,,,,,LU Loading,,,,,,3.22,,,RD232,,,
,08-07-2026,,,,,Waiting,,,,,,0.28,,,RD247,,,
,08-07-2026,,,,,LU Loading,,,,,,3.17,,,RD247,,,
,08-07-2026,,,,,Waiting,,,,,,2,,,RD250,,,
,08-07-2026,,,,,LU Loading,,,,,,2.93,,,RD250,,,
,08-07-2026,,,,,Waiting,,,,,,0.2,,,RD253,,,
,08-07-2026,,,,,LU Loading,,,,,,2.95,,,RD253,,,
,08-07-2026,,,,,Waiting,,,,,,0.68,,,RD234,,,
,08-07-2026,,,,,LU Loading,,,,,,2.92,,,RD234,,,
,08-07-2026,,,,,Waiting,,,,,,0.7,,,RD239,,,
,08-07-2026,,,,,LU Loading,,,,,,2.63,,,RD239,,,
,08-07-2026,,,,,Waiting,,,,,,0.7,,,RD238,,,
,08-07-2026,,,,,LU Loading,,,,,,3.02,,,RD238,,,
,08-07-2026,,,,,Waiting,,,,,,0.85,,,RD232,,,
,08-07-2026,,,,,LU Loading,,,,,,2.73,,,RD232,,,
,08-07-2026,,,,,LU Loading,,,,,,2.85,,,RD247,,,
,08-07-2026,,,,,Waiting,,,,,,1.42,,,RD250,,,
,08-07-2026,,,,,LU Loading,,,,,,3.03,,,RD250,,,
,08-07-2026,,,,,Waiting,,,,,,0.6,,,RD253,,,
,08-07-2026,,,,,LU Loading,,,,,,3,,,RD253,,,
,08-07-2026,,,,,Waiting,,,,,,4.23,,,RD232,,,
,08-07-2026,,,,,LU Loading,,,,,,3.28,,,RD232,,,
,08-07-2026,,,,,Waiting,,,,,,0.68,,,RD239,,,
,08-07-2026,,,,,LU Loading,,,,,,2.78,,,RD239,,,
,08-07-2026,,,,,LU Loading,,,,,,2.72,,,RD247,,,
,08-07-2026,,,,,Waiting,,,,,,2.73,,,RD253,,,
,08-07-2026,,,,,LU Loading,,,,,,2.73,,,RD253,,,
,08-07-2026,,,,,Waiting,,,,,,0.47,,,RD250,,,
,08-07-2026,,,,,LU Loading,,,,,,3.72,,,RD250,,,
,08-07-2026,,,,,Waiting,,,,,,3.1,,,RD232,,,
,08-07-2026,,,,,LU Loading,,,,,,3.02,,,RD232,,,
,08-07-2026,,,,,Waiting,,,,,,0.85,,,RD243,,,
,08-07-2026,,,,,LU Loading,,,,,,2.47,,,RD243,,,
,08-07-2026,,,,,Waiting,,,,,,0.52,,,RD247,,,
,08-07-2026,,,,,LU Loading,,,,,,3.12,,,RD247,,,
,08-07-2026,,,,,Waiting,,,,,,0.25,,,RD253,,,
,08-07-2026,,,,,LU Loading,,,,,,3.1,,,RD253,,,
,08-07-2026,,,,,Waiting,,,,,,4.42,,,RD250,,,
,08-07-2026,,,,,LU Loading,,,,,,3.97,,,RD250,,,
,08-07-2026,,,,,Waiting,,,,,,0.22,,,RD232,,,
,08-07-2026,,,,,LU Loading,,,,,,3.47,,,RD232,,,
,08-07-2026,,,,,Waiting,,,,,,0.57,,,RD247,,,
,08-07-2026,,,,,LU Loading,,,,,,2.45,,,RD247,,,
,08-07-2026,,,,,Waiting,,,,,,0.52,,,RD253,,,
,08-07-2026,,,,,LU Loading,,,,,,3.83,,,RD253,,,
,08-07-2026,,,,,Waiting,,,,,,5.27,,,RD250,,,
,08-07-2026,,,,,LU Loading,,,,,,3.33,,,RD250,,,
,08-07-2026,,,,,Waiting,,,,,,8.23,,,RD247,,,
,08-07-2026,,,,,LU Loading,,,,,,3.73,,,RD247,,,
,08-07-2026,,,,,Waiting,,,,,,0.73,,,RD232,,,
,08-07-2026,,,,,LU Loading,,,,,,2.58,,,RD232,,,
,08-07-2026,,,,,Waiting,,,,,,4.62,,,RD250,,,
,08-07-2026,,,,,LU Loading,,,,,,2.77,,,RD250,,,
,08-07-2026,,,,,Waiting,,,,,,6.82,,,RD230,,,
,08-07-2026,,,,,LU Loading,,,,,,2.25,,,RD230,,,
,08-07-2026,,,,,Waiting,,,,,,0.42,,,RD247,,,
,08-07-2026,,,,,LU Loading,,,,,,2.38,,,RD247,,,
,08-07-2026,,,,,Waiting,,,,,,0.68,,,RD232,,,
,08-07-2026,,,,,LU Loading,,,,,,2.45,,,RD232,,,
,08-07-2026,,,,,Waiting,,,,,,1.27,,,RD253,,,
,08-07-2026,,,,,LU Loading,,,,,,4.22,,,RD253,,,
,08-07-2026,,,,,Waiting,,,,,,0.55,,,RD250,,,
,08-07-2026,,,,,LU Loading,,,,,,5.3,,,RD250,,,
,08-07-2026,,,,,Waiting,,,,,,3.65,,,RD231,,,
,08-07-2026,,,,,LU Loading,,,,,,0.02,,,RD231,,,
,08-07-2026,,,,,Waiting,,,,,,1.17,,,RD231,,,
,08-07-2026,,,,,LU Loading,,,,,,2.67,,,RD231,,,
,08-07-2026,,,,,Waiting,,,,,,0.42,,,RD232,,,
,08-07-2026,,,,,LU Loading,,,,,,4.37,,,RD232,,,
,08-07-2026,,,,,Waiting,,,,,,4.7,,,RD250,,,
,08-07-2026,,,,,LU Loading,,,,,,3.62,,,RD250,,,
,08-07-2026,,,,,Waiting,,,,,,7.88,,,RD232,,,
,08-07-2026,,,,,LU Loading,,,,,,3.63,,,RD232,,,
,08-07-2026,,,,,Waiting,,,,,,2.65,,,RD250,,,
,08-07-2026,,,,,LU Loading,,,,,,4.35,,,RD250,,,
,08-07-2026,,,,,Waiting,,,,,,0.58,,,RD247,,,
,08-07-2026,,,,,LU Loading,,,,,,4.08,,,RD247,,,
,08-07-2026,,,,,Waiting,,,,,,5.77,,,RD232,,,
,08-07-2026,,,,,LU Loading,,,,,,3.17,,,RD232,,,
,08-07-2026,,,,,Waiting,,,,,,0.42,,,RD253,,,
,08-07-2026,,,,,LU Loading,,,,,,4.07,,,RD253,,,
,08-07-2026,,,,,Waiting,,,,,,0.7,,,RD250,,,
,08-07-2026,,,,,LU Loading,,,,,,3.82,,,RD250,,,
,08-07-2026,,,,,LU Loading,,,,,,4,,,RD247,,,
,08-07-2026,,,,,Waiting,,,,,,2.47,,,RD232,,,
,08-07-2026,,,,,Spotting,,,,,,0.45,,,RD232,,,
,08-07-2026,,,,,LU Loading,,,,,,3.75,,,RD232,,,
,08-07-2026,,,,,Waiting,,,,,,1.18,,,RD253,,,
,08-07-2026,,,,,LU Loading,,,,,,4.8,,,RD253,,,
,08-07-2026,,,,,Waiting,,,,,,3.47,,,RD250,,,
,08-07-2026,,,,,Spotting,,,,,,2.2,,,RD250,,,
,08-07-2026,,,,,LU Loading,,,,,,3.22,,,RD250,,,
,08-07-2026,,,,,Waiting,,,,,,0.82,,,RD247,,,
,08-07-2026,,,,,LU Loading,,,,,,2.75,,,RD247,,,
,08-07-2026,,,,,Waiting,,,,,,0.53,,,RD232,,,
,08-07-2026,,,,,LU Loading,,,,,,3.17,,,RD232,,,
,08-07-2026,,,,,Waiting,,,,,,0.28,,,RD253,,,
,08-07-2026,,,,,LU Loading,,,,,,5.35,,,RD253,,,
,08-07-2026,,,,,Waiting,,,,,,3.08,,,RD250,,,
,08-07-2026,,,,,LU Loading,,,,,,2.48,,,RD250,,,
,08-07-2026,,,,,Waiting,,,,,,0.73,,,RD247,,,
,08-07-2026,,,,,LU Loading,,,,,,2.98,,,RD247,,,
,08-07-2026,,,,,Waiting,,,,,,3.55,,,RD232,,,
,08-07-2026,,,,,LU Loading,,,,,,3.02,,,RD232,,,
,08-07-2026,,,,,Waiting,,,,,,1.8,,,RD253,,,
,08-07-2026,,,,,LU Loading,,,,,,3.2,,,RD253,,,
,08-07-2026,,,,,Waiting,,,,,,10.4,,,RD250,,,
,08-07-2026,,,,,LU Loading,,,,,,3,,,RD250,,,
,08-07-2026,,,,,LU Loading,,,,,,2.42,,,RD247,,,
,08-07-2026,,,,,Spotting,,,,,,0.2,,,RD232,,,
,08-07-2026,,,,,LU Loading,,,,,,2.33,,,RD232,,,
,08-07-2026,,,,,Waiting,,,,,,9.68,,,RD226,,,
,08-07-2026,,,,,LU Loading,,,,,,3.98,,,RD226,,,
,08-07-2026,,,,,LU Loading,,,,,,2.57,,,RD250,,,
,08-07-2026,,,,,Spotting,,,,,,0.63,,,RD232,,,
,08-07-2026,,,,,LU Loading,,,,,,2.37,,,RD232,,,
,08-07-2026,,,,,Waiting,,,,,,2.83,,,RD243,,,
,08-07-2026,,,,,LU Loading,,,,,,2.03,,,RD243,,,
,08-07-2026,,,,,Waiting,,,,,,4.9,,,RD226,,,
,08-07-2026,,,,,LU Loading,,,,,,3.43,,,RD226,,,
,08-07-2026,,,,,Waiting,,,,,,0.27,,,RD250,,,
,08-07-2026,,,,,Spotting,,,,,,0.17,,,RD250,,,
,08-07-2026,,,,,LU Loading,,,,,,2.38,,,RD250,,,
,08-07-2026,,,,,Waiting,,,,,,0.5,,,RD232,,,
,08-07-2026,,,,,LU Loading,,,,,,2.65,,,RD232,,,
,08-07-2026,,,,,Waiting,,,,,,0.98,,,RD243,,,
,08-07-2026,,,,,LU Loading,,,,,,2.2,,,RD243,,,
,08-07-2026,,,,,Waiting,,,,,,5.65,,,RD250,,,
,08-07-2026,,,,,LU Loading,,,,,,1.88,,,RD250,,,
,08-07-2026,,,,,Waiting,,,,,,2.43,,,RD232,,,
,08-07-2026,,,,,LU Loading,,,,,,2.88,,,RD232,,,
,08-07-2026,,,,,Waiting,,,,,,1.18,,,RD247,,,
,08-07-2026,,,,,LU Loading,,,,,,2.65,,,RD247,,,
,08-07-2026,,,,,Waiting,,,,,,11.72,,,RD239,,,
,08-07-2026,,,,,Shift Change,,,,,,22.83,,,RD239,,,
,08-07-2026,,,,,Shift Change,,,,,,68.23,,,RD239,,,
,08-07-2026,,,,,LU Loading,,,,,,5.67,,,RD239,,,
,08-07-2026,,,,,Waiting,,,,,,5.05,,,RD236,,,
,08-07-2026,,,,,LU Loading,,,,,,2.5,,,RD236,,,
,08-07-2026,,,,,Waiting,,,,,,0.77,,,RD249,,,
,08-07-2026,,,,,LU Loading,,,,,,3.27,,,RD249,,,
,08-07-2026,,,,,LU Loading,,,,,,3.8,,,RD132,,,
,08-07-2026,,,,,LU Loading,,,,,,3.2,,,RD247,,,
,08-07-2026,,,,,Waiting,,,,,,1,,,RD239,,,
,08-07-2026,,,,,LU Loading,,,,,,3.42,,,RD239,,,
,08-07-2026,,,,,Waiting,,,,,,0.07,,,RD251,,,
,08-07-2026,,,,,LU Loading,,,,,,3.87,,,RD251,,,
,08-07-2026,,,,,Waiting,,,,,,1.53,,,RD249,,,
,08-07-2026,,,,,LU Loading,,,,,,2.53,,,RD249,,,
,08-07-2026,,,,,Waiting,,,,,,0.02,,,RD132,,,
,08-07-2026,,,,,LU Loading,,,,,,2.18,,,RD132,,,
,08-07-2026,,,,,Waiting,,,,,,4.68,,,RD239,,,
,08-07-2026,,,,,LU Loading,,,,,,2.25,,,RD239,,,
,08-07-2026,,,,,Waiting,,,,,,0.55,,,RD251,,,
,08-07-2026,,,,,LU Loading,,,,,,2.48,,,RD251,,,
,08-07-2026,,,,,Waiting,,,,,,0.57,,,RD249,,,
,08-07-2026,,,,,LU Loading,,,,,,2.53,,,RD249,,,
,08-07-2026,,,,,Waiting,,,,,,5.93,,,RD252,,,
,08-07-2026,,,,,LU Loading,,,,,,2.02,,,RD252,,,
,08-07-2026,,,,,LU Loading,,,,,,3.45,,,RD132,,,
,08-07-2026,,,,,LU Loading,,,,,,2.9,,,RD239,,,
,08-07-2026,,,,,Waiting,,,,,,0.8,,,RD251,,,
,08-07-2026,,,,,LU Loading,,,,,,2.65,,,RD251,,,
,08-07-2026,,,,,LU Loading,,,,,,2.68,,,RD232,,,
,08-07-2026,,,,,LU Loading,,,,,,3.05,,,RD249,,,
,08-07-2026,,,,,Waiting,,,,,,5.57,,,RD132,,,
,08-07-2026,,,,,LU Loading,,,,,,2.18,,,RD132,,,
,08-07-2026,,,,,LU Loading,,,,,,2.87,,,RD239,,,
,08-07-2026,,,,,Waiting,,,,,,0.02,,,RD251,,,
,08-07-2026,,,,,LU Loading,,,,,,0.28,,,RD251,,,
,08-07-2026,,,,,LU Loading,,,,,,2.87,,,RD251,,,
,08-07-2026,,,,,Waiting,,,,,,1.07,,,RD232,,,
,08-07-2026,,,,,LU Loading,,,,,,2.33,,,RD232,,,
,08-07-2026,,,,,Spotting,,,,,,0.08,,,RD132,,,
,08-07-2026,,,,,LU Loading,,,,,,1.55,,,RD132,,,
,08-07-2026,,,,,Waiting,,,,,,1.57,,,RD249,,,
,08-07-2026,,,,,LU Loading,,,,,,2.88,,,RD249,,,
,08-07-2026,,,,,Waiting,,,,,,6.07,,,RD251,,,
,08-07-2026,,,,,LU Loading,,,,,,2.4,,,RD251,,,
,08-07-2026,,,,,Waiting,,,,,,6.07,,,RD132,,,
,08-07-2026,,,,,LU Loading,,,,,,1.67,,,RD132,,,
,08-07-2026,,,,,Waiting,,,,,,1.25,,,RD232,,,
,08-07-2026,,,,,LU Loading,,,,,,2.55,,,RD232,,,
,08-07-2026,,,,,LU Loading,,,,,,3.17,,,RD249,,,
,08-07-2026,,,,,Waiting,,,,,,2.42,,,RD251,,,
,08-07-2026,,,,,LU Loading,,,,,,3.17,,,RD251,,,
,08-07-2026,,,,,Waiting,,,,,,10.47,,,RD232,,,
,08-07-2026,,,,,LU Loading,,,,,,3.17,,,RD232,,,
,08-07-2026,,,,,LU Loading,,,,,,1.75,,,RD132,,,
,08-07-2026,,,,,Waiting,,,,,,0.77,,,RD232,,,
,08-07-2026,,,,,LU Loading,,,,,,2.68,,,RD232,,,
,08-07-2026,,,,,Waiting,,,,,,0.27,,,RD247,,,
,08-07-2026,,,,,LU Loading,,,,,,2.78,,,RD247,,,
,08-07-2026,,,,,Spotting,,,,,,0.35,,,RD249,,,
,08-07-2026,,,,,LU Loading,,,,,,2.87,,,RD249,,,
,08-07-2026,,,,,LU Loading,,,,,,4.15,,,RD251,,,
,08-07-2026,,,,,Waiting,,,,,,4.02,,,RD132,,,
,08-07-2026,,,,,Spotting,,,,,,0.33,,,RD132,,,
,08-07-2026,,,,,LU Loading,,,,,,3.32,,,RD132,,,
,08-07-2026,,,,,LU Loading,,,,,,4.32,,,RD239,,,
,08-07-2026,,,,,LU Loading,,,,,,3.07,,,RD232,,,
,08-07-2026,,,,,LU Loading,,,,,,3.5,,,RD247,,,
,08-07-2026,,,,,LU Loading,,,,,,4.3,,,RD249,,,
,08-07-2026,,,,,LU Loading,,,,,,4.35,,,RD251,,,
,08-07-2026,,,,,LU Loading,,,,,,2.48,,,RD132,,,
,08-07-2026,,,,,Waiting,,,,,,5.83,,,RD247,,,
,08-07-2026,,,,,LU Loading,,,,,,0.37,,,RD247,,,
,08-07-2026,,,,,Waiting,,,,,,1.42,,,RD247,,,
,08-07-2026,,,,,LU Loading,,,,,,1.5,,,RD247,,,
,08-07-2026,,,,,Waiting,,,,,,0.58,,,RD249,,,
,08-07-2026,,,,,LU Loading,,,,,,3.43,,,RD249,,,
,08-07-2026,,,,,Waiting,,,,,,4.93,,,RD251,,,
,08-07-2026,,,,,LU Loading,,,,,,1.65,,,RD251,,,
,08-07-2026,,,,,Waiting,,,,,,8.97,,,RD249,,,
,08-07-2026,,,,,LU Loading,,,,,,3.48,,,RD249,,,
,08-07-2026,,,,,LU Loading,,,,,,3.58,,,RD232,,,
,08-07-2026,,,,,Waiting,,,,,,0.68,,,RD251,,,
,08-07-2026,,,,,LU Loading,,,,,,2.75,,,RD251,,,
,08-07-2026,,,,,Waiting,,,,,,6.8,,,RD249,,,
,08-07-2026,,,,,LU Loading,,,,,,2.73,,,RD249,,,
,08-07-2026,,,,,Waiting,,,,,,5.88,,,RD232,,,
,08-07-2026,,,,,LU Loading,,,,,,2.55,,,RD232,,,
,08-07-2026,,,,,Waiting,,,,,,5.27,,,RD132,,,
,08-07-2026,,,,,LU Loading,,,,,,2.23,,,RD132,,,
,08-07-2026,,,,,Waiting,,,,,,1.22,,,RD247,,,
,08-07-2026,,,,,Spotting,,,,,,0.18,,,RD247,,,
,08-07-2026,,,,,LU Loading,,,,,,2.92,,,RD247,,,
,08-07-2026,,,,,Waiting,,,,,,12.82,,,RD232,,,
,08-07-2026,,,,,LU Loading,,,,,,3.1,,,RD232,,,
,08-07-2026,,,,,Spotting,,,,,,0.12,,,RD132,,,
,08-07-2026,,,,,LU Loading,,,,,,1.93,,,RD132,,,
,08-07-2026,,,,,Waiting,,,,,,1.47,,,RD247,,,
,08-07-2026,,,,,LU Loading,,,,,,4.18,,,RD247,,,
,08-07-2026,,,,,Waiting,,,,,,10.92,,,RD232,,,
,08-07-2026,,,,,LU Loading,,,,,,3.72,,,RD232,,,
,08-07-2026,,,,,Waiting,,,,,,0.02,,,RD132,,,
,08-07-2026,,,,,LU Loading,,,,,,2.58,,,RD132,,,
,08-07-2026,,,,,Waiting,,,,,,4.6,,,RD247,,,
,08-07-2026,,,,,Spotting,,,,,,0.15,,,RD247,,,
,08-07-2026,,,,,LU Loading,,,,,,3.27,,,RD247,,,
,08-07-2026,,,,,Waiting,,,,,,0.58,,,RD251,,,
,08-07-2026,,,,,LU Loading,,,,,,0.55,,,RD251,,,
,08-07-2026,,,,,LU Loading,,,,,,2.98,,,RD228,,,
,08-07-2026,,,,,Waiting,,,,,,3.37,,,RD251,,,
,08-07-2026,,,,,LU Loading,,,,,,0.02,,,RD251,,,
,08-07-2026,,,,,Waiting,,,,,,0.55,,,RD232,,,
,08-07-2026,,,,,LU Loading,,,,,,3.08,,,RD232,,,
,08-07-2026,,,,,Waiting,,,,,,0.85,,,RD132,,,
,08-07-2026,,,,,LU Loading,,,,,,2.03,,,RD132,,,
,08-07-2026,,,,,Waiting,,,,,,6.68,,,RD247,,,
,08-07-2026,,,,,LU Loading,,,,,,2.42,,,RD247,,,
,08-07-2026,,,,,Waiting,,,,,,1.98,,,RD228,,,
,08-07-2026,,,,,LU Loading,,,,,,2.78,,,RD228,,,
,08-07-2026,,,,,Waiting,,,,,,2.47,,,RD251,,,
,08-07-2026,,,,,LU Loading,,,,,,2.97,,,RD251,,,
,08-07-2026,,,,,LU Loading,,,,,,2.13,,,RD232,,,
,08-07-2026,,,,,LU Loading,,,,,,1.68,,,RD132,,,
,08-07-2026,,,,,Waiting,,,,,,0.78,,,RD249,,,
,08-07-2026,,,,,LU Loading,,,,,,2.73,,,RD249,,,
,08-07-2026,,,,,LU Loading,,,,,,2.38,,,RD247,,,
,08-07-2026,,,,,Waiting,,,,,,12.43,,,RD251,,,
,08-07-2026,,,,,LU Loading,,,,,,2.87,,,RD251,,,
,08-07-2026,,,,,LU Loading,,,,,,2.2,,,RD232,,,
,08-07-2026,,,,,LU Loading,,,,,,2.85,,,RD228,,,
,08-07-2026,,,,,LU Loading,,,,,,1.97,,,RD132,,,
,08-07-2026,,,,,Waiting,,,,,,16.37,,,RD243,,,
,08-07-2026,,,,,Shift Change,,,,,,25.85,,,RD243,,,
,08-07-2026,,,,,Shift Change,,,,,,54.68,,,RD243,,,
,08-07-2026,,,,,LU Loading,,,,,,7.93,,,RD243,,,
,08-07-2026,,,,,Waiting,,,,,,0.98,,,RD243,,,
,08-07-2026,,,,,LU Loading,,,,,,17.05,,,RD243,,,
,08-07-2026,,,,,Waiting,,,,,,1.17,,,RD243,,,
,08-07-2026,,,,,LU Loading,,,,,,3.38,,,RD243,,,
,08-07-2026,,,,,Waiting,,,,,,0.8,,,RD245,,,
,08-07-2026,,,,,LU Loading,,,,,,3.65,,,RD245,,,
,08-07-2026,,,,,Spotting,,,,,,0.1,,,RD238,,,
,08-07-2026,,,,,LU Loading,,,,,,3.25,,,RD238,,,
,08-07-2026,,,,,Waiting,,,,,,0.02,,,RD237,,,
,08-07-2026,,,,,LU Loading,,,,,,3.73,,,RD237,,,
,08-07-2026,,,,,Waiting,,,,,,10.68,,,RD243,,,
,08-07-2026,,,,,LU Loading,,,,,,4.27,,,RD243,,,
,08-07-2026,,,,,Waiting,,,,,,1,,,RD245,,,
,08-07-2026,,,,,LU Loading,,,,,,0.48,,,RD245,,,
,08-07-2026,,,,,LU Loading,,,,,,0.07,,,RD238,,,
,08-07-2026,,,,,LU Loading,,,,,,2.87,,,RD245,,,
,08-07-2026,,,,,LU Loading,,,,,,2.98,,,RD238,,,
,08-07-2026,,,,,LU Loading,,,,,,3.98,,,RD243,,,
,09-07-2026,,,,,Waiting,,,,,,1.17,,,RD237,,,
,09-07-2026,,,,,LU Loading,,,,,,3.37,,,RD237,,,
,09-07-2026,,,,,Waiting,,,,,,12.07,,,RD238,,,
,09-07-2026,,,,,LU Loading,,,,,,3.53,,,RD238,,,
,09-07-2026,,,,,LU Loading,,,,,,3.98,,,RD245,,,
,09-07-2026,,,,,Spotting,,,,,,0.22,,,RD243,,,
,09-07-2026,,,,,LU Loading,,,,,,3.83,,,RD243,,,
,09-07-2026,,,,,Waiting,,,,,,0.07,,,RD237,,,
,09-07-2026,,,,,LU Loading,,,,,,3.97,,,RD237,,,
,09-07-2026,,,,,Waiting,,,,,,7.72,,,RD238,,,
,09-07-2026,,,,,LU Loading,,,,,,3.65,,,RD238,,,
,09-07-2026,,,,,Waiting,,,,,,5.15,,,RD245,,,
,09-07-2026,,,,,LU Loading,,,,,,3.63,,,RD245,,,
,09-07-2026,,,,,Spotting,,,,,,0.2,,,RD243,,,
,09-07-2026,,,,,LU Loading,,,,,,4.62,,,RD243,,,
,09-07-2026,,,,,Spotting,,,,,,0.03,,,RD237,,,
,09-07-2026,,,,,LU Loading,,,,,,7.45,,,RD237,,,
,09-07-2026,,,,,Waiting,,,,,,0.2,,,RD238,,,
,09-07-2026,,,,,Spotting,,,,,,2.68,,,RD238,,,
,09-07-2026,,,,,LU Loading,,,,,,3.77,,,RD238,,,
,09-07-2026,,,,,Waiting,,,,,,5.28,,,RD245,,,
,09-07-2026,,,,,LU Loading,,,,,,4.03,,,RD245,,,
,09-07-2026,,,,,Waiting,,,,,,7.18,,,RD237,,,
,09-07-2026,,,,,LU Loading,,,,,,5.97,,,RD237,,,
,09-07-2026,,,,,Spotting,,,,,,0.22,,,RD238,,,
,09-07-2026,,,,,LU Loading,,,,,,7.18,,,RD238,,,
,09-07-2026,,,,,Waiting,,,,,,4.22,,,RD245,,,
,09-07-2026,,,,,Spotting,,,,,,0.42,,,RD245,,,
,09-07-2026,,,,,LU Loading,,,,,,4.12,,,RD245,,,
,09-07-2026,,,,,LU Loading,,,,,,3.8,,,RD237,,,
,09-07-2026,,,,,Waiting,,,,,,17.82,,,RD245,,,
,09-07-2026,,,,,LU Loading,,,,,,4.78,,,RD245,,,
,09-07-2026,,,,,LU Loading,,,,,,3.33,,,RD237,,,
,09-07-2026,,,,,Waiting,,,,,,18.42,,,RD243,,,
,09-07-2026,,,,,LU Loading,,,,,,3.75,,,RD243,,,
,09-07-2026,,,,,Waiting,,,,,,0.02,,,RD245,,,
,09-07-2026,,,,,LU Loading,,,,,,4,,,RD245,,,
,09-07-2026,,,,,Waiting,,,,,,1.17,,,RD238,,,
,09-07-2026,,,,,LU Loading,,,,,,6.42,,,RD238,,,
,09-07-2026,,,,,Waiting,,,,,,10.12,,,RD243,,,
,09-07-2026,,,,,LU Loading,,,,,,3.58,,,RD243,,,
,09-07-2026,,,,,Waiting,,,,,,3.63,,,RD238,,,
,09-07-2026,,,,,LU Loading,,,,,,3.15,,,RD238,,,
,09-07-2026,,,,,Waiting,,,,,,3.38,,,RD237,,,
,09-07-2026,,,,,Spotting,,,,,,0.23,,,RD237,,,
,09-07-2026,,,,,LU Loading,,,,,,3.02,,,RD237,,,
,09-07-2026,,,,,Waiting,,,,,,7.43,,,RD243,,,
,09-07-2026,,,,,LU Loading,,,,,,3.18,,,RD243,,,
,09-07-2026,,,,,Waiting,,,,,,2.47,,,RD238,,,
,09-07-2026,,,,,LU Loading,,,,,,3.05,,,RD238,,,
,09-07-2026,,,,,Waiting,,,,,,4.17,,,RD237,,,
,09-07-2026,,,,,LU Loading,,,,,,3.95,,,RD237,,,
,09-07-2026,,,,,Waiting,,,,,,0.35,,,RD245,,,
,09-07-2026,,,,,Spotting,,,,,,0.5,,,RD245,,,
,09-07-2026,,,,,LU Loading,,,,,,3.62,,,RD245,,,
,09-07-2026,,,,,Waiting,,,,,,2.25,,,RD243,,,
,09-07-2026,,,,,LU Loading,,,,,,3.62,,,RD243,,,
,09-07-2026,,,,,Spotting,,,,,,0.63,,,RD238,,,
,09-07-2026,,,,,LU Loading,,,,,,8.53,,,RD238,,,
,09-07-2026,,,,,Waiting,,,,,,0.58,,,RD237,,,
,09-07-2026,,,,,Spotting,,,,,,0.43,,,RD237,,,
,09-07-2026,,,,,LU Loading,,,,,,3.93,,,RD237,,,
,09-07-2026,,,,,Waiting,,,,,,5.97,,,RD243,,,
,09-07-2026,,,,,Spotting,,,,,,0.2,,,RD243,,,
,09-07-2026,,,,,LU Loading,,,,,,3.62,,,RD243,,,
,09-07-2026,,,,,Waiting,,,,,,2.43,,,RD245,,,
,09-07-2026,,,,,LU Loading,,,,,,3.48,,,RD245,,,
,09-07-2026,,,,,Waiting,,,,,,3.47,,,RD237,,,
,09-07-2026,,,,,Spotting,,,,,,0.22,,,RD237,,,
,09-07-2026,,,,,LU Loading,,,,,,3.6,,,RD237,,,
,09-07-2026,,,,,Spotting,,,,,,0.02,,,RD238,,,
,09-07-2026,,,,,LU Loading,,,,,,4.68,,,RD238,,,
,09-07-2026,,,,,Waiting,,,,,,4.22,,,RD243,,,
,09-07-2026,,,,,LU Loading,,,,,,3.57,,,RD243,,,
,09-07-2026,,,,,Waiting,,,,,,6.3,,,RD237,,,
,09-07-2026,,,,,LU Loading,,,,,,3.32,,,RD237,,,
,09-07-2026,,,,,Waiting,,,,,,10.12,,,RD232,,,
,09-07-2026,,,,,Side Casting,,,,,,3.57,,,RD232,,,
,09-07-2026,,,,,LU Loading,,,,,,1.18,,,RD232,,,
,09-07-2026,,,,,Side Casting,,,,,,3.95,,,RD243,,,
,09-07-2026,,,,,LU Loading,,,,,,0.78,,,RD243,,,
,09-07-2026,,,,,Waiting,,,,,,13.78,,,RD237,,,
,09-07-2026,,,,,Shift Change,,,,,,29.22,,,RD237,,,
,09-07-2026,,,,,,,,,,,,,,,,,
,Timestamp,,,,,Status Code,,Sub-Status Code,,,,"Duration
(min)",,,Hauling Unit,,,
,09-07-2026,,,,,Shift Change,,,,,,39.32,,,RD237,,,
,09-07-2026,,,,,Waiting,,,,,,7.83,,,RD237,,,
,09-07-2026,,,,,Spotting,,,,,,0.12,,,RD237,,,
,09-07-2026,,,,,LU Loading,,,,,,5,,,RD237,,,
,09-07-2026,,,,,Waiting,,,,,,11.55,,,RD229,,,
,09-07-2026,,,,,LU Loading,,,,,,4.35,,,RD229,,,
,09-07-2026,,,,,Waiting,,,,,,3.67,,,RD237,,,
,09-07-2026,,,,,LU Loading,,,,,,5.75,,,RD237,,,
,09-07-2026,,,,,Waiting,,,,,,11.67,,,RD249,,,
,09-07-2026,,,,,LU Loading,,,,,,5.17,,,RD249,,,
,09-07-2026,,,,,Waiting,,,,,,0.22,,,RD229,,,
,09-07-2026,,,,,LU Loading,,,,,,3.68,,,RD229,,,
,09-07-2026,,,,,LU Loading,,,,,,4.63,,,RD237,,,
,09-07-2026,,,,,Waiting,,,,,,4.53,,,RD242,,,
,09-07-2026,,,,,LU Loading,,,,,,3.53,,,RD242,,,
,09-07-2026,,,,,Waiting,,,,,,1.5,,,RD230,,,
,09-07-2026,,,,,Spotting,,,,,,0.35,,,RD230,,,
,09-07-2026,,,,,LU Loading,,,,,,3.93,,,RD230,,,
,09-07-2026,,,,,Waiting,,,,,,0.23,,,RD249,,,
,09-07-2026,,,,,LU Loading,,,,,,4.58,,,RD249,,,
,09-07-2026,,,,,Spotting,,,,,,0.43,,,RD229,,,
,09-07-2026,,,,,LU Loading,,,,,,3.7,,,RD229,,,
,09-07-2026,,,,,LU Loading,,,,,,7.05,,,RD237,,,
,09-07-2026,,,,,Waiting,,,,,,4.9,,,RD230,,,
,09-07-2026,,,,,Spotting,,,,,,0.13,,,RD230,,,
,09-07-2026,,,,,LU Loading,,,,,,3.4,,,RD230,,,
,09-07-2026,,,,,LU Loading,,,,,,3.1,,,RD229,,,
,09-07-2026,,,,,Waiting,,,,,,0.48,,,RD249,,,
,09-07-2026,,,,,LU Loading,,,,,,4.2,,,RD249,,,
,09-07-2026,,,,,Waiting,,,,,,1.9,,,RD237,,,
,09-07-2026,,,,,Spotting,,,,,,0.3,,,RD237,,,
,09-07-2026,,,,,LU Loading,,,,,,3.33,,,RD237,,,
,09-07-2026,,,,,Waiting,,,,,,5.78,,,RD230,,,
,09-07-2026,,,,,LU Loading,,,,,,3.12,,,RD230,,,
,09-07-2026,,,,,Waiting,,,,,,0.05,,,RD229,,,
,09-07-2026,,,,,Spotting,,,,,,0.2,,,RD229,,,
,09-07-2026,,,,,LU Loading,,,,,,4.3,,,RD229,,,
,09-07-2026,,,,,Waiting,,,,,,5.27,,,RD249,,,
,09-07-2026,,,,,LU Loading,,,,,,3.55,,,RD249,,,
,09-07-2026,,,,,LU Loading,,,,,,3.93,,,RD237,,,
,09-07-2026,,,,,Waiting,,,,,,2.9,,,RD242,,,
,09-07-2026,,,,,LU Loading,,,,,,3.18,,,RD242,,,
,09-07-2026,,,,,Waiting,,,,,,6.92,,,RD251,,,
,09-07-2026,,,,,LU Loading,,,,,,4.6,,,RD251,,,
,09-07-2026,,,,,Waiting,,,,,,0.35,,,RD249,,,
,09-07-2026,,,,,LU Loading,,,,,,3.7,,,RD249,,,
,09-07-2026,,,,,LU Loading,,,,,,3.82,,,RD237,,,
,09-07-2026,,,,,LU Loading,,,,,,4.13,,,RD242,,,
,09-07-2026,,,,,Waiting,,,,,,4.07,,,RD239,,,
,09-07-2026,,,,,LU Loading,,,,,,2.75,,,RD239,,,
,09-07-2026,,,,,Waiting,,,,,,6.1,,,RD237,,,
,09-07-2026,,,,,LU Loading,,,,,,4.52,,,RD237,,,
,09-07-2026,,,,,LU Loading,,,,,,3.63,,,RD251,,,
,09-07-2026,,,,,Waiting,,,,,,52.18,,,RD249,,,
,09-07-2026,,,,,Tea/ Breakfast / Snacks,,,,,,17.42,,,RD249,,,
,09-07-2026,,,,,LU Loading,,,,,,7.52,,,RD249,,,
,09-07-2026,,,,,Waiting,,,,,,11.45,,,RD229,,,
,09-07-2026,,,,,LU Loading,,,,,,4.38,,,RD229,,,
,09-07-2026,,,,,Waiting,,,,,,9.83,,,RD240,,,
,09-07-2026,,,,,LU Loading,,,,,,2.65,,,RD240,,,
,09-07-2026,,,,,Waiting,,,,,,1.38,,,RD230,,,
,09-07-2026,,,,,LU Loading,,,,,,0.02,,,RD230,,,
,09-07-2026,,,,,Waiting,,,,,,0.02,,,RD230,,,
,09-07-2026,,,,,LU Loading,,,,,,2.12,,,RD230,,,
,09-07-2026,,,,,Waiting,,,,,,0.63,,,RD249,,,
,09-07-2026,,,,,LU Loading,,,,,,4.08,,,RD249,,,
,09-07-2026,,,,,Spotting,,,,,,0.27,,,RD229,,,
,09-07-2026,,,,,LU Loading,,,,,,4.75,,,RD229,,,
,09-07-2026,,,,,Waiting,,,,,,4.25,,,RD230,,,
,09-07-2026,,,,,LU Loading,,,,,,5,,,RD230,,,
,09-07-2026,,,,,Waiting,,,,,,3.2,,,RD237,,,
,09-07-2026,,,,,LU Loading,,,,,,1.72,,,RD237,,,
,09-07-2026,,,,,LU Loading,,,,,,5.37,,,RD249,,,
,09-07-2026,,,,,LU Loading,,,,,,4.72,,,RD229,,,
,09-07-2026,,,,,Waiting,,,,,,7.67,,,RD230,,,
,09-07-2026,,,,,LU Loading,,,,,,4.88,,,RD230,,,
,09-07-2026,,,,,Waiting,,,,,,0.65,,,RD249,,,
,09-07-2026,,,,,Spotting,,,,,,0.37,,,RD249,,,
,09-07-2026,,,,,LU Loading,,,,,,3.22,,,RD249,,,
,09-07-2026,,,,,LU Loading,,,,,,4.28,,,RD229,,,
,09-07-2026,,,,,Waiting,,,,,,0.87,,,RD240,,,
,09-07-2026,,,,,LU Loading,,,,,,3.28,,,RD240,,,
,09-07-2026,,,,,Waiting,,,,,,2.35,,,RD230,,,
,09-07-2026,,,,,LU Loading,,,,,,7.95,,,RD230,,,
,09-07-2026,,,,,Waiting,,,,,,1.13,,,RD249,,,
,09-07-2026,,,,,Spotting,,,,,,0.25,,,RD249,,,
,09-07-2026,,,,,LU Loading,,,,,,3.5,,,RD249,,,
,09-07-2026,,,,,LU Loading,,,,,,6.83,,,RD229,,,
,09-07-2026,,,,,Waiting,,,,,,2.58,,,RD239,,,
,09-07-2026,,,,,LU Loading,,,,,,3.07,,,RD239,,,
,09-07-2026,,,,,LU Loading,,,,,,5.43,,,RD237,,,
,09-07-2026,,,,,Waiting,,,,,,8.82,,,RD242,,,
,09-07-2026,,,,,Marching,,,,,,15.62,,,RD242,,,
,09-07-2026,,,,,Shift Change,,,,,,22.88,,,RD242,,,
,09-07-2026,,,,,Shift Change,,,,,,12.55,,,RD242,,,
,09-07-2026,,,,,Blasting,,,,,,103.08,,,RD242,,,
,09-07-2026,,,,,Marching,,,,,,6.67,,,RD242,,,
,09-07-2026,,,,,LU Loading,,,,,,1.15,,,RD242,,,
,09-07-2026,,,,,Marching,,,,,,3.2,,,RD242,,,
,09-07-2026,,,,,Waiting,,,,,,0.33,,,RD242,,,
,09-07-2026,,,,,Marching,,,,,,7.68,,,RD242,,,
,09-07-2026,,,,,Waiting,,,,,,1.43,,,RD242,,,
,09-07-2026,,,,,LU Loading,,,,,,3,,,RD242,,,
,09-07-2026,,,,,LU Loading,,,,,,3.85,,,RD249,,,
,09-07-2026,,,,,Waiting,,,,,,2.13,,,RD237,,,
,09-07-2026,,,,,LU Loading,,,,,,4.23,,,RD237,,,
,09-07-2026,,,,,LU Loading,,,,,,3.75,,,RD239,,,
,09-07-2026,,,,,Waiting,,,,,,3.27,,,RD244,,,
,09-07-2026,,,,,LU Loading,,,,,,3.65,,,RD244,,,
,09-07-2026,,,,,Waiting,,,,,,1.1,,,RD242,,,
,09-07-2026,,,,,LU Loading,,,,,,3.75,,,RD242,,,
,09-07-2026,,,,,LU Loading,,,,,,4.47,,,RD249,,,
,09-07-2026,,,,,Waiting,,,,,,1.12,,,RD237,,,
,09-07-2026,,,,,LU Loading,,,,,,2.98,,,RD237,,,
,09-07-2026,,,,,Waiting,,,,,,6.83,,,RD244,,,
,09-07-2026,,,,,LU Loading,,,,,,5.75,,,RD244,,,
,09-07-2026,,,,,Waiting,,,,,,0.6,,,RD251,,,
,09-07-2026,,,,,LU Loading,,,,,,5.15,,,RD251,,,
,09-07-2026,,,,,Waiting,,,,,,2.1,,,RD242,,,
,09-07-2026,,,,,LU Loading,,,,,,3.63,,,RD242,,,
,09-07-2026,,,,,Waiting,,,,,,0.83,,,RD249,,,
,09-07-2026,,,,,LU Loading,,,,,,3.48,,,RD249,,,
,09-07-2026,,,,,Waiting,,,,,,0.68,,,RD237,,,
,09-07-2026,,,,,LU Loading,,,,,,3.63,,,RD237,,,
,09-07-2026,,,,,Waiting,,,,,,6.98,,,RD251,,,
,09-07-2026,,,,,LU Loading,,,,,,3.27,,,RD251,,,
,09-07-2026,,,,,Waiting,,,,,,3.35,,,RD242,,,
,09-07-2026,,,,,LU Loading,,,,,,7.8,,,RD242,,,
,09-07-2026,,,,,LU Loading,,,,,,3.73,,,RD249,,,
,09-07-2026,,,,,Waiting,,,,,,2.2,,,RD237,,,
,09-07-2026,,,,,LU Loading,,,,,,3.57,,,RD237,,,
,09-07-2026,,,,,Waiting,,,,,,1.47,,,RD250,,,
,09-07-2026,,,,,LU Loading,,,,,,3.78,,,RD250,,,
,09-07-2026,,,,,Waiting,,,,,,1.33,,,RD242,,,
,09-07-2026,,,,,LU Loading,,,,,,3.42,,,RD242,,,
,09-07-2026,,,,,LU Loading,,,,,,3.23,,,RD249,,,
,09-07-2026,,,,,Waiting,,,,,,2.82,,,RD237,,,
,09-07-2026,,,,,LU Loading,,,,,,3.03,,,RD237,,,
,09-07-2026,,,,,LU Loading,,,,,,3.67,,,RD251,,,
,09-07-2026,,,,,Waiting,,,,,,1.68,,,RD250,,,
,09-07-2026,,,,,LU Loading,,,,,,4.48,,,RD250,,,
,09-07-2026,,,,,Waiting,,,,,,7.95,,,RD237,,,
,09-07-2026,,,,,LU Loading,,,,,,3.45,,,RD237,,,
,09-07-2026,,,,,Waiting,,,,,,16.13,,,RD237,,,
,09-07-2026,,,,,LU Loading,,,,,,3.57,,,RD237,,,
,09-07-2026,,,,,Waiting,,,,,,0.6,,,RD251,,,
,09-07-2026,,,,,LU Loading,,,,,,5.28,,,RD251,,,
,09-07-2026,,,,,Waiting,,,,,,0.32,,,RD249,,,
,09-07-2026,,,,,LU Loading,,,,,,4.12,,,RD249,,,
,09-07-2026,,,,,Waiting,,,,,,0.4,,,RD239,,,
,09-07-2026,,,,,LU Loading,,,,,,5.22,,,RD239,,,
,09-07-2026,,,,,Waiting,,,,,,5.33,,,RD242,,,
,09-07-2026,,,,,LU Loading,,,,,,6.53,,,RD242,,,
,09-07-2026,,,,,Waiting,,,,,,0.4,,,RD237,,,
,09-07-2026,,,,,Spotting,,,,,,0.32,,,RD237,,,
,09-07-2026,,,,,LU Loading,,,,,,2.73,,,RD237,,,
,09-07-2026,,,,,Waiting,,,,,,0.43,,,RD249,,,
,09-07-2026,,,,,LU Loading,,,,,,3.3,,,RD249,,,
,09-07-2026,,,,,Waiting,,,,,,0.7,,,RD239,,,
,09-07-2026,,,,,LU Loading,,,,,,3.67,,,RD239,,,
,09-07-2026,,,,,Waiting,,,,,,6.73,,,RD251,,,
,09-07-2026,,,,,LU Loading,,,,,,3.78,,,RD251,,,
,09-07-2026,,,,,Waiting,,,,,,0.32,,,RD242,,,
,09-07-2026,,,,,LU Loading,,,,,,1.63,,,RD242,,,
,09-07-2026,,,,,LU Loading,,,,,,5.2,,,RD249,,,
,09-07-2026,,,,,Waiting,,,,,,0.63,,,RD239,,,
,09-07-2026,,,,,Spotting,,,,,,0.2,,,RD239,,,
,09-07-2026,,,,,LU Loading,,,,,,3.07,,,RD239,,,
,09-07-2026,,,,,Waiting,,,,,,10.9,,,RD251,,,
,09-07-2026,,,,,LU Loading,,,,,,4.4,,,RD251,,,
,09-07-2026,,,,,LU Loading,,,,,,3.28,,,RD242,,,
,09-07-2026,,,,,LU Loading,,,,,,3.43,,,RD249,,,
,09-07-2026,,,,,Spotting,,,,,,0.25,,,RD237,,,
,09-07-2026,,,,,LU Loading,,,,,,5.12,,,RD237,,,
,09-07-2026,,,,,Waiting,,,,,,0.05,,,RD239,,,
,09-07-2026,,,,,LU Loading,,,,,,4.17,,,RD239,,,
,09-07-2026,,,,,Waiting,,,,,,3.73,,,RD249,,,
,09-07-2026,,,,,LU Loading,,,,,,3.07,,,RD249,,,
,09-07-2026,,,,,Waiting,,,,,,0.52,,,RD251,,,
,09-07-2026,,,,,LU Loading,,,,,,3.92,,,RD251,,,
,09-07-2026,,,,,LU Loading,,,,,,4.15,,,RD242,,,
,09-07-2026,,,,,Spotting,,,,,,0.4,,,RD237,,,
,09-07-2026,,,,,LU Loading,,,,,,4.03,,,RD237,,,
,09-07-2026,,,,,Waiting,,,,,,1.03,,,RD239,,,
,09-07-2026,,,,,LU Loading,,,,,,3.78,,,RD239,,,
,09-07-2026,,,,,Waiting,,,,,,6.27,,,RD251,,,
,09-07-2026,,,,,LU Loading,,,,,,3.47,,,RD251,,,
,09-07-2026,,,,,Spotting,,,,,,0.32,,,RD242,,,
,09-07-2026,,,,,LU Loading,,,,,,4.15,,,RD242,,,
,09-07-2026,,,,,Waiting,,,,,,2.35,,,RD237,,,
,09-07-2026,,,,,LU Loading,,,,,,4.37,,,RD237,,,
,09-07-2026,,,,,Waiting,,,,,,0.68,,,RD239,,,
,09-07-2026,,,,,LU Loading,,,,,,3.63,,,RD239,,,
,09-07-2026,,,,,Waiting,,,,,,27.43,,,RD238,,,
,09-07-2026,,,,,Shift Change,,,,,,13.17,,,RD238,,,
,09-07-2026,,,,,Shift Change,,,,,,39.03,,,RD238,,,
,09-07-2026,,,,,LU Loading,,,,,,3.3,,,RD238,,,
,09-07-2026,,,,,LU Loading,,,,,,4.57,,,RD251,,,
,09-07-2026,,,,,Waiting,,,,,,4.08,,,RD234,,,
,09-07-2026,,,,,LU Loading,,,,,,4.25,,,RD234,,,
,09-07-2026,,,,,Waiting,,,,,,4.87,,,RD236,,,
,09-07-2026,,,,,LU Loading,,,,,,3.07,,,RD236,,,
,09-07-2026,,,,,LU Loading,,,,,,3.53,,,RD238,,,
,09-07-2026,,,,,LU Loading,,,,,,3.87,,,RD251,,,
,09-07-2026,,,,,Waiting,,,,,,2.63,,,RD239,,,
,09-07-2026,,,,,Spotting,,,,,,0.23,,,RD239,,,
,09-07-2026,,,,,LU Loading,,,,,,3.18,,,RD239,,,
,09-07-2026,,,,,Waiting,,,,,,2.5,,,RD234,,,
,09-07-2026,,,,,Face Prep,,,,,,7.58,,,RD234,,,
,09-07-2026,,,,,LU Loading,,,,,,3.68,,,RD234,,,
,09-07-2026,,,,,Waiting,,,,,,0.33,,,RD236,,,
,09-07-2026,,,,,LU Loading,,,,,,3.48,,,RD236,,,
,09-07-2026,,,,,Spotting,,,,,,0.05,,,RD238,,,
,09-07-2026,,,,,LU Loading,,,,,,4.58,,,RD238,,,
,09-07-2026,,,,,LU Loading,,,,,,3.52,,,RD251,,,
,09-07-2026,,,,,LU Loading,,,,,,5.72,,,RD239,,,
,09-07-2026,,,,,LU Loading,,,,,,5.93,,,RD234,,,
,09-07-2026,,,,,Spotting,,,,,,0.15,,,RD236,,,
,09-07-2026,,,,,LU Loading,,,,,,3.42,,,RD236,,,
,09-07-2026,,,,,LU Loading,,,,,,4.3,,,RD238,,,
,10-07-2026,,,,,LU Loading,,,,,,3.93,,,RD251,,,
,10-07-2026,,,,,Waiting,,,,,,2,,,RD239,,,
,10-07-2026,,,,,Spotting,,,,,,0.13,,,RD239,,,
,10-07-2026,,,,,LU Loading,,,,,,4.02,,,RD239,,,
,10-07-2026,,,,,Waiting,,,,,,2.02,,,RD234,,,
,10-07-2026,,,,,LU Loading,,,,,,3.13,,,RD234,,,
,10-07-2026,,,,,Spotting,,,,,,0.08,,,RD236,,,
,10-07-2026,,,,,LU Loading,,,,,,3.08,,,RD236,,,
,10-07-2026,,,,,LU Loading,,,,,,3.87,,,RD238,,,
,10-07-2026,,,,,Waiting,,,,,,1.07,,,RD251,,,
,10-07-2026,,,,,LU Loading,,,,,,4.77,,,RD251,,,
,10-07-2026,,,,,Waiting,,,,,,0.37,,,RD239,,,
,10-07-2026,,,,,LU Loading,,,,,,3.67,,,RD239,,,
,10-07-2026,,,,,Waiting,,,,,,1.92,,,RD234,,,
,10-07-2026,,,,,Spotting,,,,,,0.55,,,RD234,,,
,10-07-2026,,,,,LU Loading,,,,,,3.4,,,RD234,,,
,10-07-2026,,,,,LU Loading,,,,,,3.33,,,RD236,,,
,10-07-2026,,,,,Waiting,,,,,,4.95,,,RD251,,,
,10-07-2026,,,,,Spotting,,,,,,0.48,,,RD251,,,
,10-07-2026,,,,,LU Loading,,,,,,1.87,,,RD251,,,
,10-07-2026,,,,,Waiting,,,,,,5.23,,,RD251,,,
,10-07-2026,,,,,LU Loading,,,,,,3.13,,,RD251,,,
,10-07-2026,,,,,Waiting,,,,,,1.18,,,RD239,,,
,10-07-2026,,,,,Spotting,,,,,,0.28,,,RD239,,,
,10-07-2026,,,,,LU Loading,,,,,,2.93,,,RD239,,,
,10-07-2026,,,,,LU Loading,,,,,,3.82,,,RD234,,,
,10-07-2026,,,,,Spotting,,,,,,0.1,,,RD236,,,
,10-07-2026,,,,,LU Loading,,,,,,3.95,,,RD236,,,
,10-07-2026,,,,,Waiting,,,,,,4.02,,,RD238,,,
,10-07-2026,,,,,LU Loading,,,,,,3.43,,,RD238,,,
,10-07-2026,,,,,Waiting,,,,,,5.37,,,RD251,,,
,10-07-2026,,,,,LU Loading,,,,,,3.82,,,RD251,,,
,10-07-2026,,,,,Waiting,,,,,,1.25,,,RD239,,,
,10-07-2026,,,,,LU Loading,,,,,,3.57,,,RD239,,,
,10-07-2026,,,,,Waiting,,,,,,0.2,,,RD236,,,
,10-07-2026,,,,,LU Loading,,,,,,4.67,,,RD236,,,
,10-07-2026,,,,,Waiting,,,,,,0.08,,,RD234,,,
,10-07-2026,,,,,LU Loading,,,,,,3.9,,,RD234,,,
,10-07-2026,,,,,Daily Service,,,,,,19.9,,,RD234,,,
,10-07-2026,,,,,Daily Service,,,,,,29.27,,,RD234,,,
,10-07-2026,,,,,Daily Service,,,,,,31.75,,,RD234,,,
,10-07-2026,,,,,Waiting,,,,,,4,,,RD234,,,
,10-07-2026,,,,,LU Loading,,,,,,3.85,,,RD234,,,
,10-07-2026,,,,,Waiting,,,,,,1.13,,,RD238,,,
,10-07-2026,,,,,Spotting,,,,,,0.2,,,RD238,,,
,10-07-2026,,,,,LU Loading,,,,,,3.43,,,RD238,,,
,10-07-2026,,,,,Waiting,,,,,,0.47,,,RD236,,,
,10-07-2026,,,,,LU Loading,,,,,,4.75,,,RD236,,,
,10-07-2026,,,,,Spotting,,,,,,0.5,,,RD239,,,
,10-07-2026,,,,,LU Loading,,,,,,3.33,,,RD239,,,
,10-07-2026,,,,,Waiting,,,,,,4.52,,,RD234,,,
,10-07-2026,,,,,LU Loading,,,,,,5.07,,,RD234,,,
,10-07-2026,,,,,LU Loading,,,,,,3.6,,,RD251,,,
,10-07-2026,,,,,Waiting,,,,,,2.77,,,RD238,,,
,10-07-2026,,,,,Spotting,,,,,,0.12,,,RD238,,,
,10-07-2026,,,,,LU Loading,,,,,,3.62,,,RD238,,,
,10-07-2026,,,,,Waiting,,,,,,0.52,,,RD236,,,
,10-07-2026,,,,,Spotting,,,,,,0.17,,,RD236,,,
,10-07-2026,,,,,LU Loading,,,,,,3.92,,,RD236,,,
,10-07-2026,,,,,Waiting,,,,,,0.17,,,RD239,,,
,10-07-2026,,,,,LU Loading,,,,,,3.83,,,RD239,,,
,10-07-2026,,,,,Spotting,,,,,,0.05,,,RD234,,,
,10-07-2026,,,,,LU Loading,,,,,,4.7,,,RD234,,,
,10-07-2026,,,,,Waiting,,,,,,6.03,,,RD238,,,
,10-07-2026,,,,,LU Loading,,,,,,4.13,,,RD238,,,
,10-07-2026,,,,,Spotting,,,,,,0.28,,,RD251,,,
,10-07-2026,,,,,LU Loading,,,,,,3.68,,,RD251,,,
,10-07-2026,,,,,Waiting,,,,,,0.33,,,RD236,,,
,10-07-2026,,,,,LU Loading,,,,,,3.62,,,RD236,,,
,10-07-2026,,,,,Waiting,,,,,,0.37,,,RD239,,,
,10-07-2026,,,,,LU Loading,,,,,,8.43,,,RD239,,,
,10-07-2026,,,,,Spotting,,,,,,0.35,,,RD234,,,
,10-07-2026,,,,,LU Loading,,,,,,3.47,,,RD234,,,
,10-07-2026,,,,,Waiting,,,,,,3.18,,,RD238,,,
,10-07-2026,,,,,LU Loading,,,,,,4.18,,,RD238,,,
,10-07-2026,,,,,Spotting,,,,,,0.13,,,RD236,,,
,10-07-2026,,,,,LU Loading,,,,,,3.67,,,RD236,,,
,10-07-2026,,,,,Waiting,,,,,,0.83,,,RD251,,,
,10-07-2026,,,,,LU Loading,,,,,,3.18,,,RD251,,,
,10-07-2026,,,,,Waiting,,,,,,4.82,,,RD234,,,
,10-07-2026,,,,,LU Loading,,,,,,3.33,,,RD234,,,
,10-07-2026,,,,,Waiting,,,,,,0.03,,,RD238,,,
,10-07-2026,,,,,LU Loading,,,,,,3.35,,,RD238,,,
,10-07-2026,,,,,LU Loading,,,,,,4.53,,,RD239,,,
,10-07-2026,,,,,Waiting,,,,,,0.78,,,RD236,,,
,10-07-2026,,,,,LU Loading,,,,,,3.58,,,RD236,,,
,10-07-2026,,,,,Waiting,,,,,,0.78,,,RD251,,,
,10-07-2026,,,,,LU Loading,,,,,,3.52,,,RD251,,,
,10-07-2026,,,,,LU Loading,,,,,,3.9,,,RD234,,,
,10-07-2026,,,,,LU Loading,,,,,,4.08,,,RD238,,,
,10-07-2026,,,,,Waiting,,,,,,5.67,,,RD236,,,
,10-07-2026,,,,,LU Loading,,,,,,3.13,,,RD236,,,
,10-07-2026,,,,,Spotting,,,,,,0.45,,,RD251,,,
,10-07-2026,,,,,LU Loading,,,,,,3.85,,,RD251,,,
,10-07-2026,,,,,Waiting,,,,,,4.88,,,RD123,,,
,10-07-2026,,,,,Shift Change,,,,,,26.37,,,RD123,,,
,10-07-2026,,,,,,,,,,,,,,,,,
,Timestamp,,,,,Status Code,,Sub-Status Code,,,,"Duration
(min)",,,Hauling Unit,,,
,10-07-2026,,,,,Shift Change,,,,,,39.07,,,RD123,,,
,10-07-2026,,,,,Waiting,,,,,,9.37,,,RD123,,,
,10-07-2026,,,,,LU Loading,,,,,,0.63,,,RD123,,,
,10-07-2026,,,,,Waiting,,,,,,2.65,,,RD233,,,
,10-07-2026,,,,,LU Loading,,,,,,6.13,,,RD233,,,
,10-07-2026,,,,,Waiting,,,,,,0.58,,,RD228,,,
,10-07-2026,,,,,Spotting,,,,,,0.35,,,RD228,,,
,10-07-2026,,,,,LU Loading,,,,,,3.67,,,RD228,,,
,10-07-2026,,,,,Waiting,,,,,,0.38,,,RD251,,,
,10-07-2026,,,,,LU Loading,,,,,,3.27,,,RD251,,,
,10-07-2026,,,,,Waiting,,,,,,13.42,,,RD233,,,
,10-07-2026,,,,,LU Loading,,,,,,3.32,,,RD233,,,
,10-07-2026,,,,,Waiting,,,,,,0.02,,,RD237,,,
,10-07-2026,,,,,LU Loading,,,,,,3.07,,,RD237,,,
,10-07-2026,,,,,Spotting,,,,,,0.28,,,RD228,,,
,10-07-2026,,,,,LU Loading,,,,,,3.23,,,RD228,,,
,10-07-2026,,,,,Waiting,,,,,,0.02,,,RD251,,,
,10-07-2026,,,,,LU Loading,,,,,,4.67,,,RD251,,,
,10-07-2026,,,,,LU Loading,,,,,,5.72,,,RD253,,,
,10-07-2026,,,,,Waiting,,,,,,0.62,,,RD233,,,
,10-07-2026,,,,,LU Loading,,,,,,4.15,,,RD233,,,
,10-07-2026,,,,,Waiting,,,,,,1.57,,,RD237,,,
,10-07-2026,,,,,LU Loading,,,,,,3.48,,,RD237,,,
,10-07-2026,,,,,Waiting,,,,,,0.32,,,RD228,,,
,10-07-2026,,,,,LU Loading,,,,,,3.38,,,RD228,,,
,10-07-2026,,,,,Waiting,,,,,,0.05,,,RD253,,,
,10-07-2026,,,,,Spotting,,,,,,0.38,,,RD253,,,
,10-07-2026,,,,,LU Loading,,,,,,3.72,,,RD253,,,
,10-07-2026,,,,,Waiting,,,,,,2.02,,,RD237,,,
,10-07-2026,,,,,LU Loading,,,,,,1.77,,,RD237,,,
,10-07-2026,,,,,Waiting,,,,,,0.33,,,RD251,,,
,10-07-2026,,,,,LU Loading,,,,,,6.1,,,RD251,,,
,10-07-2026,,,,,Waiting,,,,,,0.97,,,RD228,,,
,10-07-2026,,,,,LU Loading,,,,,,3.43,,,RD228,,,
,10-07-2026,,,,,Waiting,,,,,,0.1,,,RD253,,,
,10-07-2026,,,,,LU Loading,,,,,,3.62,,,RD253,,,
,10-07-2026,,,,,Waiting,,,,,,0.37,,,RD237,,,
,10-07-2026,,,,,Spotting,,,,,,0.35,,,RD237,,,
,10-07-2026,,,,,LU Loading,,,,,,3.57,,,RD237,,,
,10-07-2026,,,,,Waiting,,,,,,0.28,,,RD233,,,
,10-07-2026,,,,,LU Loading,,,,,,4.43,,,RD233,,,
,10-07-2026,,,,,Waiting,,,,,,0.1,,,RD253,,,
,10-07-2026,,,,,Spotting,,,,,,0.7,,,RD253,,,
,10-07-2026,,,,,LU Loading,,,,,,3.27,,,RD253,,,
,10-07-2026,,,,,Spotting,,,,,,0.12,,,RD237,,,
,10-07-2026,,,,,LU Loading,,,,,,4.92,,,RD237,,,
,10-07-2026,,,,,LU Loading,,,,,,3.55,,,RD251,,,
,10-07-2026,,,,,Spotting,,,,,,2.1,,,RD228,,,
,10-07-2026,,,,,LU Loading,,,,,,4.35,,,RD228,,,
,10-07-2026,,,,,Waiting,,,,,,1.83,,,RD233,,,
,10-07-2026,,,,,LU Loading,,,,,,3.88,,,RD233,,,
,10-07-2026,,,,,Waiting,,,,,,0.1,,,RD253,,,
,10-07-2026,,,,,LU Loading,,,,,,3.58,,,RD253,,,
,10-07-2026,,,,,Waiting,,,,,,0.22,,,RD251,,,
,10-07-2026,,,,,LU Loading,,,,,,4.35,,,RD251,,,
,10-07-2026,,,,,LU Loading,,,,,,3.93,,,RD237,,,
,10-07-2026,,,,,Waiting,,,,,,0.87,,,RD228,,,
,10-07-2026,,,,,LU Loading,,,,,,3.43,,,RD228,,,
,10-07-2026,,,,,Waiting,,,,,,2.77,,,RD233,,,
,10-07-2026,,,,,LU Loading,,,,,,3.27,,,RD233,,,
,10-07-2026,,,,,LU Loading,,,,,,3.22,,,RD253,,,
,10-07-2026,,,,,Waiting,,,,,,3.2,,,RD237,,,
,10-07-2026,,,,,LU Loading,,,,,,3.53,,,RD237,,,
,10-07-2026,,,,,Waiting,,,,,,11.63,,,RD253,,,
,10-07-2026,,,,,LU Loading,,,,,,2.58,,,RD253,,,
,10-07-2026,,,,,Waiting,,,,,,0.33,,,RD251,,,
,10-07-2026,,,,,LU Loading,,,,,,4.3,,,RD251,,,
,10-07-2026,,,,,LU Loading,,,,,,19.97,,,RD233,,,
,10-07-2026,,,,,Spotting,,,,,,0.27,,,RD253,,,
,10-07-2026,,,,,LU Loading,,,,,,3.75,,,RD253,,,
,10-07-2026,,,,,Waiting,,,,,,6.07,,,RD228,,,
,10-07-2026,,,,,Spotting,,,,,,0.35,,,RD228,,,
,10-07-2026,,,,,LU Loading,,,,,,2.98,,,RD228,,,
,10-07-2026,,,,,Spotting,,,,,,0.17,,,RD251,,,
,10-07-2026,,,,,LU Loading,,,,,,3.7,,,RD251,,,
,10-07-2026,,,,,Waiting,,,,,,16.77,,,RD228,,,
,10-07-2026,,,,,LU Loading,,,,,,3.35,,,RD228,,,
,10-07-2026,,,,,Spotting,,,,,,0.53,,,RD251,,,
,10-07-2026,,,,,LU Loading,,,,,,4.03,,,RD251,,,
,10-07-2026,,,,,Waiting,,,,,,5.43,,,RD233,,,
,10-07-2026,,,,,Spotting,,,,,,1.23,,,RD233,,,
,10-07-2026,,,,,LU Loading,,,,,,4.42,,,RD233,,,
,10-07-2026,,,,,Waiting,,,,,,0.93,,,RD253,,,
,10-07-2026,,,,,Spotting,,,,,,0.12,,,RD253,,,
,10-07-2026,,,,,LU Loading,,,,,,2.75,,,RD253,,,
,10-07-2026,,,,,Waiting,,,,,,1.32,,,RD228,,,
,10-07-2026,,,,,Spotting,,,,,,0.55,,,RD228,,,
,10-07-2026,,,,,LU Loading,,,,,,3.55,,,RD228,,,
,10-07-2026,,,,,Waiting,,,,,,0.13,,,RD231,,,
,10-07-2026,,,,,LU Loading,,,,,,3.42,,,RD231,,,
,10-07-2026,,,,,Waiting,,,,,,5.95,,,RD233,,,
,10-07-2026,,,,,LU Loading,,,,,,2.68,,,RD233,,,
,10-07-2026,,,,,Spotting,,,,,,1.05,,,RD253,,,
,10-07-2026,,,,,LU Loading,,,,,,2.77,,,RD253,,,
,10-07-2026,,,,,Waiting,,,,,,7.92,,,RD228,,,
,10-07-2026,,,,,Spotting,,,,,,0.85,,,RD228,,,
,10-07-2026,,,,,LU Loading,,,,,,3.75,,,RD228,,,
,10-07-2026,,,,,Waiting,,,,,,0.33,,,RD251,,,
,10-07-2026,,,,,LU Loading,,,,,,3.65,,,RD251,,,
,10-07-2026,,,,,Waiting,,,,,,1.07,,,RD233,,,
,10-07-2026,,,,,LU Loading,,,,,,3.17,,,RD233,,,
,10-07-2026,,,,,Waiting,,,,,,0.38,,,RD253,,,
,10-07-2026,,,,,Spotting,,,,,,0.82,,,RD253,,,
,10-07-2026,,,,,LU Loading,,,,,,4.18,,,RD253,,,
,10-07-2026,,,,,Waiting,,,,,,5.38,,,RD228,,,
,10-07-2026,,,,,Spotting,,,,,,0.42,,,RD228,,,
,10-07-2026,,,,,LU Loading,,,,,,3.33,,,RD228,,,
,10-07-2026,,,,,Spotting,,,,,,0.38,,,RD251,,,
,10-07-2026,,,,,LU Loading,,,,,,3.12,,,RD251,,,
,10-07-2026,,,,,Waiting,,,,,,0.02,,,RD233,,,
,10-07-2026,,,,,Spotting,,,,,,1.07,,,RD233,,,
,10-07-2026,,,,,LU Loading,,,,,,2.78,,,RD233,,,
,10-07-2026,,,,,Waiting,,,,,,0.62,,,RD253,,,
,10-07-2026,,,,,LU Loading,,,,,,3.02,,,RD253,,,
,10-07-2026,,,,,Waiting,,,,,,1.85,,,RD237,,,
,10-07-2026,,,,,LU Loading,,,,,,5.15,,,RD237,,,
,10-07-2026,,,,,LU Loading,,,,,,4.28,,,RD228,,,
,10-07-2026,,,,,Waiting,,,,,,0.42,,,RD251,,,
,10-07-2026,,,,,LU Loading,,,,,,4.08,,,RD251,,,
,10-07-2026,,,,,Waiting,,,,,,0.22,,,RD233,,,
,10-07-2026,,,,,LU Loading,,,,,,3.08,,,RD233,,,
,10-07-2026,,,,,Waiting,,,,,,1.35,,,RD253,,,
,10-07-2026,,,,,LU Loading,,,,,,4.05,,,RD253,,,
,10-07-2026,,,,,Spotting,,,,,,0.57,,,RD237,,,
,10-07-2026,,,,,LU Loading,,,,,,3.22,,,RD237,,,
,10-07-2026,,,,,Waiting,,,,,,1.35,,,RD228,,,
,10-07-2026,,,,,Spotting,,,,,,0.18,,,RD228,,,
,10-07-2026,,,,,LU Loading,,,,,,2.98,,,RD228,,,
,10-07-2026,,,,,Waiting,,,,,,0.98,,,RD251,,,
,10-07-2026,,,,,LU Loading,,,,,,3.33,,,RD251,,,
,10-07-2026,,,,,Waiting,,,,,,0.32,,,RD233,,,
,10-07-2026,,,,,LU Loading,,,,,,3.78,,,RD233,,,
,10-07-2026,,,,,Waiting,,,,,,0.13,,,RD253,,,
,10-07-2026,,,,,Spotting,,,,,,0.33,,,RD253,,,
,10-07-2026,,,,,LU Loading,,,,,,2.15,,,RD253,,,
,10-07-2026,,,,,Waiting,,,,,,1.83,,,RD237,,,
,10-07-2026,,,,,LU Loading,,,,,,3.25,,,RD237,,,
,10-07-2026,,,,,Waiting,,,,,,5.85,,,RD228,,,
,10-07-2026,,,,,LU Loading,,,,,,3.27,,,RD228,,,
,10-07-2026,,,,,Spotting,,,,,,0.13,,,RD251,,,
,10-07-2026,,,,,LU Loading,,,,,,3.05,,,RD251,,,
,10-07-2026,,,,,Waiting,,,,,,0.05,,,RD233,,,
,10-07-2026,,,,,LU Loading,,,,,,3.15,,,RD233,,,
,10-07-2026,,,,,Waiting,,,,,,0.72,,,RD253,,,
,10-07-2026,,,,,LU Loading,,,,,,3.38,,,RD253,,,
,10-07-2026,,,,,Waiting,,,,,,0.45,,,RD236,,,
,10-07-2026,,,,,Marching,,,,,,4.12,,,RD236,,,
,10-07-2026,,,,,LU Loading,,,,,,0.63,,,RD236,,,
,10-07-2026,,,,,Waiting,,,,,,1.53,,,RD233,,,
,10-07-2026,,,,,Marching,,,,,,26.32,,,RD233,,,
,10-07-2026,,,,,Shift Change,,,,,,13,,,RD233,,,
,10-07-2026,,,,,Shift Change,,,,,,11.48,,,RD233,,,
,10-07-2026,,,,,Blasting,,,,,,85.12,,,RD233,,,
,10-07-2026,,,,,Marching,,,,,,25.52,,,RD233,,,
,10-07-2026,,,,,Side Casting,,,,,,23.12,,,RD233,,,
,10-07-2026,,,,,LU Loading,,,,,,0.5,,,RD233,,,
,10-07-2026,,,,,Waiting,,,,,,0.02,,,RD249,,,
,10-07-2026,,,,,LU Loading,,,,,,5.62,,,RD249,,,
,10-07-2026,,,,,LU Loading,,,,,,3.62,,,RD245,,,
,10-07-2026,,,,,Waiting,,,,,,2.62,,,RD242,,,
,10-07-2026,,,,,LU Loading,,,,,,3.73,,,RD242,,,
,10-07-2026,,,,,Waiting,,,,,,0.6,,,RD232,,,
,10-07-2026,,,,,LU Loading,,,,,,3.93,,,RD232,,,
,10-07-2026,,,,,LU Loading,,,,,,3.8,,,RD244,,,
,10-07-2026,,,,,Waiting,,,,,,2.85,,,RD251,,,
,10-07-2026,,,,,LU Loading,,,,,,3.33,,,RD251,,,
,10-07-2026,,,,,LU Loading,,,,,,3.88,,,RD245,,,
,10-07-2026,,,,,LU Loading,,,,,,3.35,,,RD242,,,
,10-07-2026,,,,,Waiting,,,,,,3.07,,,RD232,,,
,10-07-2026,,,,,LU Loading,,,,,,3.02,,,RD232,,,
,10-07-2026,,,,,Spotting,,,,,,0.4,,,RD244,,,
,10-07-2026,,,,,LU Loading,,,,,,3.15,,,RD244,,,
,10-07-2026,,,,,Waiting,,,,,,0.08,,,RD251,,,
,10-07-2026,,,,,LU Loading,,,,,,5.23,,,RD251,,,
,10-07-2026,,,,,Waiting,,,,,,6.47,,,RD245,,,
,10-07-2026,,,,,Spotting,,,,,,0.37,,,RD245,,,
,10-07-2026,,,,,LU Loading,,,,,,4.68,,,RD245,,,
,10-07-2026,,,,,LU Loading,,,,,,4.32,,,RD242,,,
,10-07-2026,,,,,LU Loading,,,,,,3.85,,,RD232,,,
,10-07-2026,,,,,LU Loading,,,,,,5.3,,,RD244,,,
,10-07-2026,,,,,LU Loading,,,,,,4.13,,,RD251,,,
,10-07-2026,,,,,Waiting,,,,,,2.88,,,RD242,,,
,10-07-2026,,,,,Spotting,,,,,,0.37,,,RD242,,,
,10-07-2026,,,,,LU Loading,,,,,,3.27,,,RD242,,,
,10-07-2026,,,,,Waiting,,,,,,2.68,,,RD234,,,
,10-07-2026,,,,,LU Loading,,,,,,4.07,,,RD234,,,
,10-07-2026,,,,,Waiting,,,,,,0.6,,,RD233,,,
,10-07-2026,,,,,LU Loading,,,,,,7.23,,,RD233,,,
,10-07-2026,,,,,LU Loading,,,,,,5.13,,,RD244,,,
,10-07-2026,,,,,Waiting,,,,,,0.32,,,RD232,,,
,10-07-2026,,,,,LU Loading,,,,,,3.28,,,RD232,,,
,10-07-2026,,,,,Waiting,,,,,,0.47,,,RD242,,,
,10-07-2026,,,,,LU Loading,,,,,,2.75,,,RD242,,,
,10-07-2026,,,,,Waiting,,,,,,6.73,,,RD244,,,
,10-07-2026,,,,,LU Loading,,,,,,2.95,,,RD244,,,
,10-07-2026,,,,,Waiting,,,,,,0.25,,,RD232,,,
,10-07-2026,,,,,LU Loading,,,,,,2.92,,,RD232,,,
,10-07-2026,,,,,Waiting,,,,,,0.98,,,RD242,,,
,10-07-2026,,,,,LU Loading,,,,,,2.35,,,RD242,,,
,10-07-2026,,,,,Waiting,,,,,,1.47,,,RD245,,,
,10-07-2026,,,,,LU Loading,,,,,,2.82,,,RD245,,,
,10-07-2026,,,,,Waiting,,,,,,0.32,,,RD251,,,
,10-07-2026,,,,,Spotting,,,,,,0.42,,,RD251,,,
,10-07-2026,,,,,LU Loading,,,,,,2.57,,,RD251,,,
,10-07-2026,,,,,Waiting,,,,,,0.72,,,RD249,,,
,10-07-2026,,,,,LU Loading,,,,,,2.62,,,RD249,,,
,10-07-2026,,,,,Waiting,,,,,,4.05,,,RD242,,,
,10-07-2026,,,,,Spotting,,,,,,0.42,,,RD242,,,
,10-07-2026,,,,,LU Loading,,,,,,3.78,,,RD242,,,
,10-07-2026,,,,,Waiting,,,,,,6.6,,,RD245,,,
,10-07-2026,,,,,LU Loading,,,,,,3.5,,,RD245,,,
,10-07-2026,,,,,Waiting,,,,,,0.23,,,RD251,,,
,10-07-2026,,,,,LU Loading,,,,,,3.17,,,RD251,,,
,10-07-2026,,,,,Waiting,,,,,,1.02,,,RD242,,,
,10-07-2026,,,,,LU Loading,,,,,,2.32,,,RD242,,,
,10-07-2026,,,,,Waiting,,,,,,0.47,,,RD233,,,
,10-07-2026,,,,,LU Loading,,,,,,3.03,,,RD233,,,
,10-07-2026,,,,,Waiting,,,,,,6.97,,,RD232,,,
,10-07-2026,,,,,LU Loading,,,,,,3,,,RD232,,,
,10-07-2026,,,,,Waiting,,,,,,0.5,,,RD244,,,
,10-07-2026,,,,,LU Loading,,,,,,2.7,,,RD244,,,
,10-07-2026,,,,,Waiting,,,,,,0.75,,,RD245,,,
,10-07-2026,,,,,LU Loading,,,,,,2.58,,,RD245,,,
,10-07-2026,,,,,Waiting,,,,,,0.37,,,RD251,,,
,10-07-2026,,,,,LU Loading,,,,,,2.98,,,RD251,,,
,10-07-2026,,,,,Waiting,,,,,,7.27,,,RD232,,,
,10-07-2026,,,,,LU Loading,,,,,,2.95,,,RD232,,,
,10-07-2026,,,,,Waiting,,,,,,2.78,,,RD233,,,
,10-07-2026,,,,,LU Loading,,,,,,2.48,,,RD233,,,
,10-07-2026,,,,,Waiting,,,,,,0.18,,,RD244,,,
,10-07-2026,,,,,Spotting,,,,,,0.42,,,RD244,,,
,10-07-2026,,,,,LU Loading,,,,,,2.5,,,RD244,,,
,10-07-2026,,,,,Waiting,,,,,,0.68,,,RD245,,,
,10-07-2026,,,,,LU Loading,,,,,,2.65,,,RD245,,,
,10-07-2026,,,,,Waiting,,,,,,0.13,,,RD251,,,
,10-07-2026,,,,,LU Loading,,,,,,2.97,,,RD251,,,
,10-07-2026,,,,,Waiting,,,,,,2.82,,,RD232,,,
,10-07-2026,,,,,LU Loading,,,,,,3.23,,,RD232,,,
,10-07-2026,,,,,Waiting,,,,,,0.17,,,RD233,,,
,10-07-2026,,,,,LU Loading,,,,,,3.05,,,RD233,,,
,10-07-2026,,,,,Waiting,,,,,,7.33,,,RD143,,,
,10-07-2026,,,,,LU Loading,,,,,,2.72,,,RD143,,,
,10-07-2026,,,,,Spotting,,,,,,0.35,,,RD245,,,
,10-07-2026,,,,,LU Loading,,,,,,2.62,,,RD245,,,
,10-07-2026,,,,,Spotting,,,,,,0.52,,,RD244,,,
,10-07-2026,,,,,LU Loading,,,,,,2.47,,,RD244,,,
,10-07-2026,,,,,Waiting,,,,,,0.12,,,RD251,,,
,10-07-2026,,,,,LU Loading,,,,,,3.9,,,RD251,,,
,10-07-2026,,,,,Waiting,,,,,,0.37,,,RD233,,,
,10-07-2026,,,,,LU Loading,,,,,,2.78,,,RD233,,,
,10-07-2026,,,,,LU Loading,,,,,,3.88,,,RD242,,,
,10-07-2026,,,,,Spotting,,,,,,1.18,,,RD232,,,
,10-07-2026,,,,,LU Loading,,,,,,3.52,,,RD232,,,
,10-07-2026,,,,,Waiting,,,,,,0.13,,,RD143,,,
,10-07-2026,,,,,Spotting,,,,,,0.53,,,RD143,,,
,10-07-2026,,,,,LU Loading,,,,,,4.12,,,RD143,,,
,10-07-2026,,,,,Waiting,,,,,,0.05,,,RD244,,,
,10-07-2026,,,,,LU Loading,,,,,,4.03,,,RD244,,,
,10-07-2026,,,,,Waiting,,,,,,0.62,,,RD245,,,
,10-07-2026,,,,,LU Loading,,,,,,2.68,,,RD245,,,
,10-07-2026,,,,,Spotting,,,,,,0.25,,,RD233,,,
,10-07-2026,,,,,LU Loading,,,,,,2.93,,,RD233,,,
,10-07-2026,,,,,Waiting,,,,,,0.67,,,RD251,,,
,10-07-2026,,,,,LU Loading,,,,,,3.4,,,RD251,,,
,10-07-2026,,,,,Waiting,,,,,,0.33,,,RD242,,,
,10-07-2026,,,,,Spotting,,,,,,0.48,,,RD242,,,
,10-07-2026,,,,,LU Loading,,,,,,3.12,,,RD242,,,
,10-07-2026,,,,,LU Loading,,,,,,3.83,,,RD232,,,
,10-07-2026,,,,,Waiting,,,,,,0.98,,,RD143,,,
,10-07-2026,,,,,LU Loading,,,,,,6.05,,,RD143,,,
,10-07-2026,,,,,Waiting,,,,,,0.05,,,RD244,,,
,10-07-2026,,,,,LU Loading,,,,,,2.33,,,RD244,,,
,10-07-2026,,,,,LU Loading,,,,,,3.3,,,RD233,,,
,10-07-2026,,,,,LU Loading,,,,,,4.32,,,RD245,,,
,10-07-2026,,,,,Waiting,,,,,,7.3,,,RD247,,,
,10-07-2026,,,,,Shift Change,,,,,,26.72,,,RD247,,,
,10-07-2026,,,,,Shift Change,,,,,,35.03,,,RD247,,,
,10-07-2026,,,,,Daily Service,,,,,,4.93,,,RD247,,,
,10-07-2026,,,,,Waiting,,,,,,5.55,,,RD247,,,
,10-07-2026,,,,,LU Loading,,,,,,4.07,,,RD247,,,
,10-07-2026,,,,,Waiting,,,,,,0.6,,,RD237,,,
,10-07-2026,,,,,Face Prep,,,,,,4.12,,,RD237,,,
,10-07-2026,,,,,LU Loading,,,,,,5.4,,,RD237,,,
,10-07-2026,,,,,Waiting,,,,,,0.53,,,RD251,,,
,10-07-2026,,,,,LU Loading,,,,,,3.37,,,RD251,,,
,10-07-2026,,,,,Waiting,,,,,,2,,,RD240,,,
,10-07-2026,,,,,LU Loading,,,,,,3.35,,,RD240,,,
,10-07-2026,,,,,LU Loading,,,,,,2.9,,,RD235,,,
,10-07-2026,,,,,Spotting,,,,,,0.18,,,RD247,,,
,10-07-2026,,,,,LU Loading,,,,,,3.15,,,RD247,,,
,10-07-2026,,,,,Waiting,,,,,,2.58,,,RD237,,,
,10-07-2026,,,,,LU Loading,,,,,,3.03,,,RD237,,,
,10-07-2026,,,,,Spotting,,,,,,0.35,,,RD251,,,
,10-07-2026,,,,,LU Loading,,,,,,2.67,,,RD251,,,
,10-07-2026,,,,,Waiting,,,,,,4.18,,,RD240,,,
,10-07-2026,,,,,LU Loading,,,,,,2.95,,,RD240,,,
,10-07-2026,,,,,Waiting,,,,,,0.2,,,RD247,,,
,10-07-2026,,,,,LU Loading,,,,,,2.78,,,RD247,,,
,10-07-2026,,,,,Waiting,,,,,,3.47,,,RD237,,,
,10-07-2026,,,,,Spotting,,,,,,0.32,,,RD237,,,
,10-07-2026,,,,,LU Loading,,,,,,2.37,,,RD237,,,
,10-07-2026,,,,,Spotting,,,,,,0.23,,,RD251,,,
,10-07-2026,,,,,LU Loading,,,,,,2.47,,,RD251,,,
,10-07-2026,,,,,Waiting,,,,,,7.38,,,RD247,,,
,10-07-2026,,,,,LU Loading,,,,,,3.23,,,RD247,,,
,10-07-2026,,,,,Waiting,,,,,,0.55,,,RD240,,,
,10-07-2026,,,,,LU Loading,,,,,,2.37,,,RD240,,,
,10-07-2026,,,,,LU Loading,,,,,,2.95,,,RD237,,,
,10-07-2026,,,,,Waiting,,,,,,0.83,,,RD251,,,
,11-07-2026,,,,,LU Loading,,,,,,2.52,,,RD251,,,
,11-07-2026,,,,,Waiting,,,,,,5.05,,,RD235,,,
,11-07-2026,,,,,LU Loading,,,,,,2.3,,,RD235,,,
,11-07-2026,,,,,LU Loading,,,,,,2.68,,,RD247,,,
,11-07-2026,,,,,Waiting,,,,,,2.47,,,RD240,,,
,11-07-2026,,,,,Spotting,,,,,,0.15,,,RD240,,,
,11-07-2026,,,,,LU Loading,,,,,,2.12,,,RD240,,,
,11-07-2026,,,,,Waiting,,,,,,0.35,,,RD237,,,
,11-07-2026,,,,,LU Loading,,,,,,2.42,,,RD237,,,
,11-07-2026,,,,,LU Loading,,,,,,2.85,,,RD251,,,
,11-07-2026,,,,,Waiting,,,,,,4.15,,,RD247,,,
,11-07-2026,,,,,LU Loading,,,,,,2.97,,,RD247,,,
,11-07-2026,,,,,Waiting,,,,,,7.77,,,RD237,,,
,11-07-2026,,,,,LU Loading,,,,,,2.12,,,RD237,,,
,11-07-2026,,,,,LU Loading,,,,,,2.92,,,RD251,,,
,11-07-2026,,,,,Spotting,,,,,,0.8,,,RD240,,,
,11-07-2026,,,,,LU Loading,,,,,,1.95,,,RD240,,,
,11-07-2026,,,,,Waiting,,,,,,0.25,,,RD247,,,
,11-07-2026,,,,,LU Loading,,,,,,3.25,,,RD247,,,
,11-07-2026,,,,,Waiting,,,,,,5.45,,,RD237,,,
,11-07-2026,,,,,Spotting,,,,,,0.77,,,RD237,,,
,11-07-2026,,,,,LU Loading,,,,,,2.88,,,RD237,,,
,11-07-2026,,,,,Spotting,,,,,,0.68,,,RD251,,,
,11-07-2026,,,,,LU Loading,,,,,,3.9,,,RD251,,,
,11-07-2026,,,,,Waiting,,,,,,0.4,,,RD240,,,
,11-07-2026,,,,,LU Loading,,,,,,2.68,,,RD240,,,
,11-07-2026,,,,,LU Loading,,,,,,3.45,,,RD247,,,
,11-07-2026,,,,,Waiting,,,,,,3.87,,,RD237,,,
,11-07-2026,,,,,Spotting,,,,,,0.47,,,RD237,,,
,11-07-2026,,,,,LU Loading,,,,,,4.2,,,RD237,,,
,11-07-2026,,,,,Waiting,,,,,,1.28,,,RD251,,,
,11-07-2026,,,,,LU Loading,,,,,,3.7,,,RD251,,,
,11-07-2026,,,,,Waiting,,,,,,0.85,,,RD240,,,
,11-07-2026,,,,,Face Prep,,,,,,0.55,,,RD240,,,
,11-07-2026,,,,,LU Loading,,,,,,0.47,,,RD240,,,
,11-07-2026,,,,,Waiting,,,,,,6.35,,,RD240,,,
,11-07-2026,,,,,LU Loading,,,,,,2.77,,,RD240,,,
,11-07-2026,,,,,Spotting,,,,,,0.32,,,RD247,,,
,11-07-2026,,,,,LU Loading,,,,,,3.7,,,RD247,,,
,11-07-2026,,,,,Spotting,,,,,,0.22,,,RD237,,,
,11-07-2026,,,,,LU Loading,,,,,,4.95,,,RD237,,,
,11-07-2026,,,,,LU Loading,,,,,,7.08,,,RD251,,,
,11-07-2026,,,,,Waiting,,,,,,5.93,,,RD240,,,
,11-07-2026,,,,,Spotting,,,,,,0.18,,,RD240,,,
,11-07-2026,,,,,LU Loading,,,,,,3.72,,,RD240,,,
,11-07-2026,,,,,Spotting,,,,,,1.95,,,RD237,,,
,11-07-2026,,,,,LU Loading,,,,,,3.18,,,RD237,,,
,11-07-2026,,,,,Waiting,,,,,,3.28,,,RD251,,,
,11-07-2026,,,,,Spotting,,,,,,0.72,,,RD251,,,
,11-07-2026,,,,,LU Loading,,,,,,3.28,,,RD251,,,
,11-07-2026,,,,,Waiting,,,,,,9.97,,,RD237,,,
,11-07-2026,,,,,LU Loading,,,,,,2.9,,,RD237,,,
,11-07-2026,,,,,Waiting,,,,,,7.57,,,RD247,,,
,11-07-2026,,,,,LU Loading,,,,,,3.73,,,RD247,,,
,11-07-2026,,,,,Waiting,,,,,,4.78,,,RD237,,,
,11-07-2026,,,,,LU Loading,,,,,,3.32,,,RD237,,,
,11-07-2026,,,,,Waiting,,,,,,7.08,,,RD247,,,
,11-07-2026,,,,,LU Loading,,,,,,2.8,,,RD247,,,
,11-07-2026,,,,,Waiting,,,,,,14.55,,,RD247,,,
,11-07-2026,,,,,Spotting,,,,,,0.85,,,RD247,,,
,11-07-2026,,,,,LU Loading,,,,,,3.27,,,RD247,,,
,11-07-2026,,,,,Waiting,,,,,,3.23,,,RD251,,,
,11-07-2026,,,,,LU Loading,,,,,,3.1,,,RD251,,,
,11-07-2026,,,,,Waiting,,,,,,3.05,,,RD240,,,
,11-07-2026,,,,,Spotting,,,,,,0.55,,,RD240,,,
,11-07-2026,,,,,LU Loading,,,,,,3.05,,,RD240,,,
,11-07-2026,,,,,Waiting,,,,,,1.05,,,RD237,,,
,11-07-2026,,,,,LU Loading,,,,,,3.7,,,RD237,,,
,11-07-2026,,,,,Spotting,,,,,,0.7,,,RD247,,,
,11-07-2026,,,,,LU Loading,,,,,,4.48,,,RD247,,,
,11-07-2026,,,,,Waiting,,,,,,1.85,,,RD251,,,
,11-07-2026,,,,,Spotting,,,,,,0.42,,,RD251,,,
,11-07-2026,,,,,LU Loading,,,,,,5.42,,,RD251,,,
,11-07-2026,,,,,Waiting,,,,,,3.55,,,RD240,,,
,11-07-2026,,,,,LU Loading,,,,,,5.4,,,RD240,,,
,11-07-2026,,,,,Waiting,,,,,,0.02,,,RD237,,,
,11-07-2026,,,,,LU Loading,,,,,,4.22,,,RD237,,,
,11-07-2026,,,,,Waiting,,,,,,0.05,,,RD247,,,
,11-07-2026,,,,,LU Loading,,,,,,3.88,,,RD247,,,
,11-07-2026,,,,,Waiting,,,,,,0.4,,,RD235,,,
,11-07-2026,,,,,LU Loading,,,,,,2.85,,,RD235,,,
,11-07-2026,,,,,Waiting,,,,,,0.88,,,RD251,,,
,11-07-2026,,,,,Spotting,,,,,,0.1,,,RD251,,,
,11-07-2026,,,,,LU Loading,,,,,,5.07,,,RD251,,,
,11-07-2026,,,,,Waiting,,,,,,2.57,,,RD240,,,
,11-07-2026,,,,,Spotting,,,,,,0.65,,,RD240,,,
,11-07-2026,,,,,LU Loading,,,,,,3.42,,,RD240,,,
,11-07-2026,,,,,Waiting,,,,,,0.2,,,RD237,,,
,11-07-2026,,,,,LU Loading,,,,,,3.7,,,RD237,,,
,11-07-2026,,,,,Waiting,,,,,,0.22,,,RD247,,,
,11-07-2026,,,,,LU Loading,,,,,,3.93,,,RD247,,,
,11-07-2026,,,,,Waiting,,,,,,1.63,,,RD251,,,
,11-07-2026,,,,,LU Loading,,,,,,4.12,,,RD251,,,
,11-07-2026,,,,,Waiting,,,,,,2.07,,,RD240,,,
,11-07-2026,,,,,Face Prep,,,,,,3.13,,,RD240,,,
,11-07-2026,,,,,LU Loading,,,,,,2.45,,,RD240,,,
,11-07-2026,,,,,Waiting,,,,,,0.25,,,RD237,,,
,11-07-2026,,,,,Spotting,,,,,,0.43,,,RD237,,,
,11-07-2026,,,,,LU Loading,,,,,,3.08,,,RD237,,,
,11-07-2026,,,,,Spotting,,,,,,0.52,,,RD247,,,
,11-07-2026,,,,,LU Loading,,,,,,5.3,,,RD247,,,
,11-07-2026,,,,,Waiting,,,,,,1.28,,,RD251,,,
,11-07-2026,,,,,Spotting,,,,,,0.2,,,RD251,,,
,11-07-2026,,,,,LU Loading,,,,,,3.98,,,RD251,,,
,11-07-2026,,,,,Waiting,,,,,,0.5,,,RD232,,,
,11-07-2026,,,,,LU Loading,,,,,,4.4,,,RD232,,,
,11-07-2026,,,,,Spotting,,,,,,1.1,,,RD240,,,
,11-07-2026,,,,,LU Loading,,,,,,2.97,,,RD240,,,
,11-07-2026,,,,,Waiting,,,,,,0.27,,,RD237,,,
,11-07-2026,,,,,LU Loading,,,,,,4.45,,,RD237,,,
,11-07-2026,,,,,Waiting,,,,,,0.3,,,RD247,,,
,11-07-2026,,,,,Spotting,,,,,,0.7,,,RD247,,,
,11-07-2026,,,,,LU Loading,,,,,,4.43,,,RD247,,,
,11-07-2026,,,,,LU Loading,,,,,,5.47,,,RD251,,,
,11-07-2026,,,,,Waiting,,,,,,3.7,,,RD240,,,
,11-07-2026,,,,,LU Loading,,,,,,2.35,,,RD240,,,
,11-07-2026,,,,,Spotting,,,,,,0.4,,,RD237,,,
,11-07-2026,,,,,LU Loading,,,,,,3.53,,,RD237,,,
,11-07-2026,,,,,Waiting,,,,,,2.9,,,RD242,,,
,11-07-2026,,,,,Shift Change,,,,,,29.17,,,RD242,,,
,11-07-2026,,,,,,,,,,,,,,,,,
,Timestamp,,,,,Status Code,,Sub-Status Code,,,,"Duration
(min)",,,Hauling Unit,,,
,11-07-2026,,,,,Shift Change,,,,,,38.57,,,RD242,,,
,11-07-2026,,,,,LU Loading,,,,,,2.47,,,RD242,,,
,11-07-2026,,,,,LU Loading,,,,,,3.53,,,RD239,,,
,11-07-2026,,,,,Spotting,,,,,,0.8,,,RD252,,,
,11-07-2026,,,,,LU Loading,,,,,,2.45,,,RD252,,,
,11-07-2026,,,,,Waiting,,,,,,0.88,,,RD247,,,
,11-07-2026,,,,,LU Loading,,,,,,4.18,,,RD247,,,
,11-07-2026,,,,,Waiting,,,,,,6,,,RD242,,,
,11-07-2026,,,,,Spotting,,,,,,0.27,,,RD242,,,
,11-07-2026,,,,,LU Loading,,,,,,3.13,,,RD242,,,
,11-07-2026,,,,,LU Loading,,,,,,5.38,,,RD231,,,
,11-07-2026,,,,,Waiting,,,,,,0.12,,,RD241,,,
,11-07-2026,,,,,LU Loading,,,,,,3.83,,,RD241,,,
,11-07-2026,,,,,LU Loading,,,,,,4.07,,,RD239,,,
,11-07-2026,,,,,Waiting,,,,,,4.22,,,RD252,,,
,11-07-2026,,,,,Side Casting,,,,,,10.48,,,RD252,,,
,11-07-2026,,,,,LU Loading,,,,,,3.87,,,RD252,,,
,11-07-2026,,,,,LU Loading,,,,,,0.02,,,RD247,,,
,11-07-2026,,,,,Waiting,,,,,,3.45,,,RD239,,,
,11-07-2026,,,,,LU Loading,,,,,,4.17,,,RD239,,,
,11-07-2026,,,,,Spotting,,,,,,0.65,,,RD231,,,
,11-07-2026,,,,,LU Loading,,,,,,4.02,,,RD231,,,
,11-07-2026,,,,,Waiting,,,,,,1.02,,,RD242,,,
,11-07-2026,,,,,LU Loading,,,,,,4.68,,,RD242,,,
,11-07-2026,,,,,LU Loading,,,,,,10.4,,,RD252,,,
,11-07-2026,,,,,Face Prep,,,,,,7.05,,,RD252,,,
,11-07-2026,,,,,LU Loading,,,,,,11.72,,,RD252,,,
,11-07-2026,,,,,Waiting,,,,,,3.8,,,RD252,,,
,11-07-2026,,,,,LU Loading,,,,,,6.87,,,RD252,,,
,11-07-2026,,,,,Waiting,,,,,,3.57,,,RD252,,,
,11-07-2026,,,,,Spotting,,,,,,0.4,,,RD252,,,
,11-07-2026,,,,,LU Loading,,,,,,2.85,,,RD252,,,
,11-07-2026,,,,,Waiting,,,,,,0.62,,,RD247,,,
,11-07-2026,,,,,LU Loading,,,,,,3.57,,,RD247,,,
,11-07-2026,,,,,Spotting,,,,,,0.42,,,RD252,,,
,11-07-2026,,,,,LU Loading,,,,,,4.97,,,RD252,,,
,11-07-2026,,,,,LU Loading,,,,,,3.5,,,RD247,,,
,11-07-2026,,,,,Spotting,,,,,,0.33,,,RD252,,,
,11-07-2026,,,,,LU Loading,,,,,,4.25,,,RD252,,,
,11-07-2026,,,,,Spotting,,,,,,0.12,,,RD247,,,
,11-07-2026,,,,,LU Loading,,,,,,5.67,,,RD247,,,
,11-07-2026,,,,,Side Casting,,,,,,46,,,RD231,,,
,11-07-2026,,,,,LU Loading,,,,,,0.3,,,RD231,,,
,11-07-2026,,,,,Side Casting,,,,,,9,,,RD229,,,
,11-07-2026,,,,,LU Loading,,,,,,3.73,,,RD229,,,
,11-07-2026,,,,,Waiting,,,,,,2.3,,,RD252,,,
,11-07-2026,,,,,LU Loading,,,,,,2.4,,,RD252,,,
,11-07-2026,,,,,Waiting,,,,,,1.7,,,RD251,,,
,11-07-2026,,,,,LU Loading,,,,,,3.98,,,RD251,,,
,11-07-2026,,,,,Waiting,,,,,,1.4,,,RD231,,,
,11-07-2026,,,,,LU Loading,,,,,,3.9,,,RD231,,,
,11-07-2026,,,,,Waiting,,,,,,5.48,,,RD229,,,
,11-07-2026,,,,,LU Loading,,,,,,2.5,,,RD229,,,
,11-07-2026,,,,,Waiting,,,,,,1.07,,,RD252,,,
,11-07-2026,,,,,LU Loading,,,,,,2.63,,,RD252,,,
,11-07-2026,,,,,Waiting,,,,,,1.58,,,RD231,,,
,11-07-2026,,,,,Spotting,,,,,,0.12,,,RD231,,,
,11-07-2026,,,,,LU Loading,,,,,,2.78,,,RD231,,,
,11-07-2026,,,,,Waiting,,,,,,1.07,,,RD251,,,
,11-07-2026,,,,,LU Loading,,,,,,2.45,,,RD251,,,
,11-07-2026,,,,,Waiting,,,,,,1.15,,,RD241,,,
,11-07-2026,,,,,LU Loading,,,,,,2.87,,,RD241,,,
,11-07-2026,,,,,Waiting,,,,,,1.08,,,RD245,,,
,11-07-2026,,,,,LU Loading,,,,,,2.62,,,RD245,,,
,11-07-2026,,,,,Waiting,,,,,,0.82,,,RD252,,,
,11-07-2026,,,,,Spotting,,,,,,0.28,,,RD252,,,
,11-07-2026,,,,,LU Loading,,,,,,2.13,,,RD252,,,
,11-07-2026,,,,,Waiting,,,,,,0.83,,,RD229,,,
,11-07-2026,,,,,LU Loading,,,,,,2.73,,,RD229,,,
,11-07-2026,,,,,Waiting,,,,,,1.32,,,RD231,,,
,11-07-2026,,,,,LU Loading,,,,,,3.05,,,RD231,,,
,11-07-2026,,,,,Waiting,,,,,,1.68,,,RD251,,,
,11-07-2026,,,,,LU Loading,,,,,,2.97,,,RD251,,,
,11-07-2026,,,,,Waiting,,,,,,0.83,,,RD241,,,
,11-07-2026,,,,,LU Loading,,,,,,2.25,,,RD241,,,
,11-07-2026,,,,,Waiting,,,,,,1.77,,,RD245,,,
,11-07-2026,,,,,Spotting,,,,,,0.15,,,RD245,,,
,11-07-2026,,,,,LU Loading,,,,,,2.85,,,RD245,,,
,11-07-2026,,,,,Waiting,,,,,,1.45,,,RD252,,,
,11-07-2026,,,,,LU Loading,,,,,,2.72,,,RD252,,,
,11-07-2026,,,,,Waiting,,,,,,0.83,,,RD229,,,
,11-07-2026,,,,,LU Loading,,,,,,2.77,,,RD229,,,
,11-07-2026,,,,,Waiting,,,,,,1.08,,,RD231,,,
,11-07-2026,,,,,LU Loading,,,,,,2.95,,,RD231,,,
,11-07-2026,,,,,Waiting,,,,,,1,,,RD252,,,
,11-07-2026,,,,,Spotting,,,,,,0.22,,,RD252,,,
,11-07-2026,,,,,LU Loading,,,,,,2.52,,,RD252,,,
,11-07-2026,,,,,Waiting,,,,,,3.1,,,RD251,,,
,11-07-2026,,,,,Spotting,,,,,,0.37,,,RD251,,,
,11-07-2026,,,,,LU Loading,,,,,,3.2,,,RD251,,,
,11-07-2026,,,,,Waiting,,,,,,0.9,,,RD241,,,
,11-07-2026,,,,,LU Loading,,,,,,2.52,,,RD241,,,
,11-07-2026,,,,,Waiting,,,,,,0.48,,,RD231,,,
,11-07-2026,,,,,LU Loading,,,,,,2.92,,,RD231,,,
,11-07-2026,,,,,Waiting,,,,,,1,,,RD245,,,
,11-07-2026,,,,,LU Loading,,,,,,3.08,,,RD245,,,
,11-07-2026,,,,,Waiting,,,,,,0.82,,,RD229,,,
,11-07-2026,,,,,LU Loading,,,,,,3.33,,,RD229,,,
,11-07-2026,,,,,Waiting,,,,,,1.3,,,RD252,,,
,11-07-2026,,,,,LU Loading,,,,,,2.52,,,RD252,,,
,11-07-2026,,,,,Waiting,,,,,,0.95,,,RD251,,,
,11-07-2026,,,,,LU Loading,,,,,,2.9,,,RD251,,,
,11-07-2026,,,,,Waiting,,,,,,0.73,,,RD241,,,
,11-07-2026,,,,,LU Loading,,,,,,3.37,,,RD241,,,
,11-07-2026,,,,,Waiting,,,,,,0.68,,,RD252,,,
,11-07-2026,,,,,LU Loading,,,,,,3.28,,,RD252,,,
,11-07-2026,,,,,Waiting,,,,,,0.95,,,RD245,,,
,11-07-2026,,,,,LU Loading,,,,,,2.38,,,RD245,,,
,11-07-2026,,,,,Waiting,,,,,,0.48,,,RD229,,,
,11-07-2026,,,,,LU Loading,,,,,,2.77,,,RD229,,,
,11-07-2026,,,,,Waiting,,,,,,4.92,,,RD241,,,
,11-07-2026,,,,,LU Loading,,,,,,1.02,,,RD241,,,
,11-07-2026,,,,,Waiting,,,,,,1.22,,,RD251,,,
,11-07-2026,,,,,LU Loading,,,,,,2.67,,,RD251,,,
,11-07-2026,,,,,Waiting,,,,,,0.85,,,RD241,,,
,11-07-2026,,,,,LU Loading,,,,,,2.6,,,RD241,,,
,11-07-2026,,,,,Waiting,,,,,,0.55,,,RD252,,,
,11-07-2026,,,,,LU Loading,,,,,,2.87,,,RD252,,,
,11-07-2026,,,,,Waiting,,,,,,0.73,,,RD245,,,
,11-07-2026,,,,,LU Loading,,,,,,2.95,,,RD245,,,
,11-07-2026,,,,,Waiting,,,,,,0.9,,,RD229,,,
,11-07-2026,,,,,LU Loading,,,,,,2.97,,,RD229,,,
,11-07-2026,,,,,Waiting,,,,,,4.9,,,RD251,,,
,11-07-2026,,,,,LU Loading,,,,,,3.9,,,RD251,,,
,11-07-2026,,,,,Waiting,,,,,,0.67,,,RD252,,,
,11-07-2026,,,,,LU Loading,,,,,,2.73,,,RD252,,,
,11-07-2026,,,,,Waiting,,,,,,1.32,,,RD245,,,
,11-07-2026,,,,,LU Loading,,,,,,2.68,,,RD245,,,
,11-07-2026,,,,,Waiting,,,,,,0.62,,,RD252,,,
,11-07-2026,,,,,LU Loading,,,,,,2.8,,,RD252,,,
,11-07-2026,,,,,Waiting,,,,,,0.48,,,RD229,,,
,11-07-2026,,,,,LU Loading,,,,,,3.25,,,RD229,,,
,11-07-2026,,,,,Waiting,,,,,,2.75,,,RD231,,,
,11-07-2026,,,,,LU Loading,,,,,,2.33,,,RD231,,,
,11-07-2026,,,,,Waiting,,,,,,5.48,,,RD245,,,
,11-07-2026,,,,,LU Loading,,,,,,2.7,,,RD245,,,
,11-07-2026,,,,,Waiting,,,,,,1.75,,,RD252,,,
,11-07-2026,,,,,LU Loading,,,,,,2.22,,,RD252,,,
,11-07-2026,,,,,Waiting,,,,,,2.6,,,RD231,,,
,11-07-2026,,,,,LU Loading,,,,,,2.12,,,RD231,,,
,11-07-2026,,,,,Waiting,,,,,,0.47,,,RD229,,,
,11-07-2026,,,,,LU Loading,,,,,,2.8,,,RD229,,,
,11-07-2026,,,,,Waiting,,,,,,4.23,,,RD229,,,
,11-07-2026,,,,,Marching,,,,,,8.65,,,RD229,,,
,11-07-2026,,,,,Shift Change,,,,,,26.63,,,RD229,,,
,11-07-2026,,,,,Shift Change,,,,,,89.18,,,RD229,,,
,11-07-2026,,,,,Daily Service,,,,,,57.5,,,RD229,,,
,11-07-2026,,,,,Waiting,,,,,,1.45,,,RD229,,,
,11-07-2026,,,,,Spotting,,,,,,0.27,,,RD229,,,
,11-07-2026,,,,,LU Loading,,,,,,2.83,,,RD229,,,
,11-07-2026,,,,,Waiting,,,,,,0.7,,,RD237,,,
,11-07-2026,,,,,LU Loading,,,,,,3.25,,,RD237,,,
,11-07-2026,,,,,Waiting,,,,,,7.92,,,RD123,,,
,11-07-2026,,,,,Face Prep,,,,,,6.47,,,RD123,,,
,11-07-2026,,,,,LU Loading,,,,,,3.75,,,RD123,,,
,11-07-2026,,,,,Waiting,,,,,,0.97,,,RD233,,,
,11-07-2026,,,,,Spotting,,,,,,0.58,,,RD233,,,
,11-07-2026,,,,,LU Loading,,,,,,3.57,,,RD233,,,
,11-07-2026,,,,,Spotting,,,,,,0.85,,,RD244,,,
,11-07-2026,,,,,LU Loading,,,,,,4,,,RD244,,,
,11-07-2026,,,,,Waiting,,,,,,0.55,,,RD237,,,
,11-07-2026,,,,,LU Loading,,,,,,4.57,,,RD237,,,
,11-07-2026,,,,,Waiting,,,,,,3.97,,,RD238,,,
,11-07-2026,,,,,Spotting,,,,,,0.63,,,RD238,,,
,11-07-2026,,,,,LU Loading,,,,,,6.53,,,RD238,,,
,11-07-2026,,,,,Spotting,,,,,,0.42,,,RD233,,,
,11-07-2026,,,,,LU Loading,,,,,,2.57,,,RD233,,,
,11-07-2026,,,,,Waiting,,,,,,0.4,,,RD244,,,
,11-07-2026,,,,,LU Loading,,,,,,2.72,,,RD244,,,
,11-07-2026,,,,,Waiting,,,,,,0.92,,,RD123,,,
,11-07-2026,,,,,LU Loading,,,,,,3,,,RD123,,,
,11-07-2026,,,,,Waiting,,,,,,0.6,,,RD237,,,
,11-07-2026,,,,,Spotting,,,,,,0.85,,,RD237,,,
,11-07-2026,,,,,LU Loading,,,,,,3.17,,,RD237,,,
,11-07-2026,,,,,Waiting,,,,,,5.07,,,RD238,,,
,11-07-2026,,,,,Spotting,,,,,,0.7,,,RD238,,,
,11-07-2026,,,,,LU Loading,,,,,,4.05,,,RD238,,,
,11-07-2026,,,,,Waiting,,,,,,0.43,,,RD233,,,
,11-07-2026,,,,,LU Loading,,,,,,3.12,,,RD233,,,
,11-07-2026,,,,,Waiting,,,,,,0.9,,,RD244,,,
,11-07-2026,,,,,Spotting,,,,,,0.07,,,RD244,,,
,11-07-2026,,,,,LU Loading,,,,,,3.17,,,RD244,,,
,11-07-2026,,,,,Waiting,,,,,,0.85,,,RD237,,,
,11-07-2026,,,,,Spotting,,,,,,0.3,,,RD237,,,
,11-07-2026,,,,,LU Loading,,,,,,3.55,,,RD237,,,
,11-07-2026,,,,,Waiting,,,,,,1.05,,,RD123,,,
,11-07-2026,,,,,LU Loading,,,,,,3.02,,,RD123,,,
,11-07-2026,,,,,Waiting,,,,,,2.4,,,RD238,,,
,11-07-2026,,,,,LU Loading,,,,,,3.87,,,RD238,,,
,11-07-2026,,,,,Waiting,,,,,,4.92,,,RD237,,,
,11-07-2026,,,,,Spotting,,,,,,0.33,,,RD237,,,
,11-07-2026,,,,,LU Loading,,,,,,3.77,,,RD237,,,
,11-07-2026,,,,,Waiting,,,,,,3.68,,,RD238,,,
,11-07-2026,,,,,LU Loading,,,,,,4.45,,,RD238,,,
,11-07-2026,,,,,Waiting,,,,,,0.43,,,RD123,,,
,11-07-2026,,,,,LU Loading,,,,,,0.22,,,RD123,,,
,11-07-2026,,,,,LU Loading,,,,,,1.95,,,RD123,,,
,11-07-2026,,,,,Waiting,,,,,,12.4,,,RD237,,,
,11-07-2026,,,,,LU Loading,,,,,,3.77,,,RD237,,,
,11-07-2026,,,,,Waiting,,,,,,1.55,,,RD123,,,
,11-07-2026,,,,,Spotting,,,,,,0.12,,,RD123,,,
,11-07-2026,,,,,LU Loading,,,,,,1.8,,,RD123,,,
,11-07-2026,,,,,Waiting,,,,,,5.58,,,RD244,,,
,11-07-2026,,,,,LU Loading,,,,,,4.23,,,RD244,,,
,11-07-2026,,,,,Spotting,,,,,,0.32,,,RD233,,,
,11-07-2026,,,,,LU Loading,,,,,,4.27,,,RD233,,,
,11-07-2026,,,,,Waiting,,,,,,0.6,,,RD237,,,
,11-07-2026,,,,,LU Loading,,,,,,2.95,,,RD237,,,
,11-07-2026,,,,,Waiting,,,,,,4.53,,,RD251,,,
,11-07-2026,,,,,LU Loading,,,,,,4.33,,,RD251,,,
,11-07-2026,,,,,Waiting,,,,,,0.08,,,RD238,,,
,11-07-2026,,,,,LU Loading,,,,,,3.75,,,RD238,,,
,11-07-2026,,,,,Waiting,,,,,,0.62,,,RD244,,,
,11-07-2026,,,,,Spotting,,,,,,0.38,,,RD244,,,
,11-07-2026,,,,,LU Loading,,,,,,3.47,,,RD244,,,
,11-07-2026,,,,,Spotting,,,,,,0.03,,,RD233,,,
,11-07-2026,,,,,LU Loading,,,,,,4.48,,,RD233,,,
,11-07-2026,,,,,Waiting,,,,,,7.4,,,RD241,,,
,11-07-2026,,,,,LU Loading,,,,,,4.37,,,RD241,,,
,11-07-2026,,,,,Spotting,,,,,,0.6,,,RD238,,,
,11-07-2026,,,,,LU Loading,,,,,,4.42,,,RD238,,,
,11-07-2026,,,,,Waiting,,,,,,0.3,,,RD244,,,
,11-07-2026,,,,,LU Loading,,,,,,6.07,,,RD244,,,
,11-07-2026,,,,,LU Loading,,,,,,3.5,,,RD233,,,
,11-07-2026,,,,,Waiting,,,,,,0.08,,,RD237,,,
,11-07-2026,,,,,LU Loading,,,,,,0.47,,,RD237,,,
,11-07-2026,,,,,Waiting,,,,,,1.15,,,RD237,,,
,11-07-2026,,,,,LU Loading,,,,,,3.08,,,RD237,,,
,11-07-2026,,,,,Waiting,,,,,,1.52,,,RD241,,,
,11-07-2026,,,,,Spotting,,,,,,1.6,,,RD241,,,
,11-07-2026,,,,,LU Loading,,,,,,3.63,,,RD241,,,
,11-07-2026,,,,,Waiting,,,,,,0.32,,,RD238,,,
,11-07-2026,,,,,Spotting,,,,,,1.42,,,RD238,,,
,11-07-2026,,,,,LU Loading,,,,,,4.03,,,RD238,,,
,11-07-2026,,,,,Waiting,,,,,,0.35,,,RD244,,,
,11-07-2026,,,,,LU Loading,,,,,,6.75,,,RD244,,,
,11-07-2026,,,,,Waiting,,,,,,5.7,,,RD241,,,
,11-07-2026,,,,,LU Loading,,,,,,2.88,,,RD241,,,
,11-07-2026,,,,,Waiting,,,,,,7.28,,,RD238,,,
,11-07-2026,,,,,LU Loading,,,,,,3.67,,,RD238,,,
,11-07-2026,,,,,Spotting,,,,,,0.65,,,RD237,,,
,11-07-2026,,,,,LU Loading,,,,,,3,,,RD237,,,
,11-07-2026,,,,,Spotting,,,,,,0.53,,,RD244,,,
,11-07-2026,,,,,LU Loading,,,,,,3.2,,,RD244,,,
,11-07-2026,,,,,Waiting,,,,,,1.78,,,RD241,,,
,11-07-2026,,,,,LU Loading,,,,,,2.93,,,RD241,,,
,11-07-2026,,,,,Waiting,,,,,,0.42,,,RD233,,,
,11-07-2026,,,,,Spotting,,,,,,0.2,,,RD233,,,
,11-07-2026,,,,,LU Loading,,,,,,5.18,,,RD233,,,
,11-07-2026,,,,,Waiting,,,,,,6.77,,,RD238,,,
,11-07-2026,,,,,LU Loading,,,,,,3.82,,,RD238,,,
,11-07-2026,,,,,Spotting,,,,,,0.42,,,RD244,,,
,11-07-2026,,,,,LU Loading,,,,,,3.55,,,RD244,,,
,11-07-2026,,,,,Spotting,,,,,,0.42,,,RD237,,,
,11-07-2026,,,,,LU Loading,,,,,,3.28,,,RD237,,,
,11-07-2026,,,,,Spotting,,,,,,0.98,,,RD241,,,
,11-07-2026,,,,,LU Loading,,,,,,2.83,,,RD241,,,
,11-07-2026,,,,,Waiting,,,,,,1.3,,,RD233,,,
,11-07-2026,,,,,Spotting,,,,,,0.25,,,RD233,,,
,11-07-2026,,,,,LU Loading,,,,,,3.28,,,RD233,,,
,11-07-2026,,,,,Waiting,,,,,,1.08,,,RD240,,,
,11-07-2026,,,,,LU Loading,,,,,,2.63,,,RD240,,,
,11-07-2026,,,,,Waiting,,,,,,15.57,,,RD241,,,
,11-07-2026,,,,,Shift Change,,,,,,19.62,,,RD241,,,
,11-07-2026,,,,,Shift Change,,,,,,37.97,,,RD241,,,
,11-07-2026,,,,,Waiting,,,,,,3.03,,,RD241,,,
,11-07-2026,,,,,LU Loading,,,,,,3.18,,,RD241,,,
,11-07-2026,,,,,Waiting,,,,,,1.93,,,RD244,,,
,11-07-2026,,,,,LU Loading,,,,,,4.68,,,RD244,,,
,11-07-2026,,,,,Spotting,,,,,,0.42,,,RD253,,,
,11-07-2026,,,,,LU Loading,,,,,,8.28,,,RD253,,,
,11-07-2026,,,,,Waiting,,,,,,11.78,,,RD248,,,
,11-07-2026,,,,,Spotting,,,,,,0.53,,,RD248,,,
,11-07-2026,,,,,LU Loading,,,,,,6.23,,,RD248,,,
,11-07-2026,,,,,Spotting,,,,,,0.3,,,RD244,,,
,11-07-2026,,,,,LU Loading,,,,,,5.4,,,RD244,,,
,11-07-2026,,,,,Waiting,,,,,,5.8,,,RD242,,,
,11-07-2026,,,,,Face Prep,,,,,,9.67,,,RD242,,,
,11-07-2026,,,,,LU Loading,,,,,,5.32,,,RD242,,,
,11-07-2026,,,,,Waiting,,,,,,0.05,,,RD253,,,
,11-07-2026,,,,,Spotting,,,,,,0.32,,,RD253,,,
,11-07-2026,,,,,LU Loading,,,,,,6.75,,,RD253,,,
,11-07-2026,,,,,Waiting,,,,,,8.28,,,RD241,,,
,11-07-2026,,,,,LU Loading,,,,,,5.83,,,RD241,,,
,12-07-2026,,,,,LU Loading,,,,,,6.45,,,RD244,,,
,12-07-2026,,,,,Waiting,,,,,,7.15,,,RD248,,,
,12-07-2026,,,,,LU Loading,,,,,,6.67,,,RD248,,,
,12-07-2026,,,,,Waiting,,,,,,1.68,,,RD242,,,
,12-07-2026,,,,,Spotting,,,,,,0.65,,,RD242,,,
,12-07-2026,,,,,LU Loading,,,,,,5.48,,,RD242,,,
,12-07-2026,,,,,Spotting,,,,,,2.37,,,RD253,,,
,12-07-2026,,,,,LU Loading,,,,,,3.78,,,RD253,,,
,12-07-2026,,,,,Waiting,,,,,,0.33,,,RD241,,,
,12-07-2026,,,,,Spotting,,,,,,0.35,,,RD241,,,
,12-07-2026,,,,,LU Loading,,,,,,5.52,,,RD241,,,
,12-07-2026,,,,,LU Loading,,,,,,8.63,,,RD244,,,
,12-07-2026,,,,,Waiting,,,,,,10.4,,,RD248,,,
,12-07-2026,,,,,LU Loading,,,,,,4.98,,,RD248,,,
,12-07-2026,,,,,Waiting,,,,,,1.18,,,RD242,,,
,12-07-2026,,,,,LU Loading,,,,,,4.42,,,RD242,,,
,12-07-2026,,,,,Waiting,,,,,,0.65,,,RD253,,,
,12-07-2026,,,,,Spotting,,,,,,1.32,,,RD253,,,
,12-07-2026,,,,,LU Loading,,,,,,6.75,,,RD253,,,
,12-07-2026,,,,,Waiting,,,,,,4.37,,,RD241,,,
,12-07-2026,,,,,LU Loading,,,,,,5.12,,,RD241,,,
,12-07-2026,,,,,Waiting,,,,,,0.12,,,RD244,,,
,12-07-2026,,,,,LU Loading,,,,,,8.33,,,RD244,,,
,12-07-2026,,,,,Spotting,,,,,,0.68,,,RD242,,,
,12-07-2026,,,,,LU Loading,,,,,,3.57,,,RD242,,,
,12-07-2026,,,,,Waiting,,,,,,0.2,,,RD253,,,
,12-07-2026,,,,,Spotting,,,,,,0.57,,,RD253,,,
,12-07-2026,,,,,LU Loading,,,,,,5.95,,,RD253,,,
,12-07-2026,,,,,Waiting,,,,,,7.85,,,RD241,,,
,12-07-2026,,,,,Spotting,,,,,,0.37,,,RD241,,,
,12-07-2026,,,,,LU Loading,,,,,,5.13,,,RD241,,,
,12-07-2026,,,,,LU Loading,,,,,,8.2,,,RD244,,,
,12-07-2026,,,,,Spotting,,,,,,0.2,,,RD253,,,
,12-07-2026,,,,,LU Loading,,,,,,4.22,,,RD253,,,
,12-07-2026,,,,,Waiting,,,,,,15.53,,,RD241,,,
,12-07-2026,,,,,Spotting,,,,,,0.3,,,RD241,,,
,12-07-2026,,,,,LU Loading,,,,,,3.52,,,RD241,,,
,12-07-2026,,,,,Waiting,,,,,,3.13,,,RD242,,,
,12-07-2026,,,,,LU Loading,,,,,,3.75,,,RD242,,,
,12-07-2026,,,,,Waiting,,,,,,11.28,,,RD241,,,
,12-07-2026,,,,,Spotting,,,,,,2.2,,,RD241,,,
,12-07-2026,,,,,LU Loading,,,,,,3.13,,,RD241,,,
,12-07-2026,,,,,Waiting,,,,,,0.38,,,RD242,,,
,12-07-2026,,,,,LU Loading,,,,,,4.88,,,RD242,,,
,12-07-2026,,,,,Waiting,,,,,,1.05,,,RD248,,,
,12-07-2026,,,,,LU Loading,,,,,,4.02,,,RD248,,,
,12-07-2026,,,,,Waiting,,,,,,11.95,,,RD242,,,
,12-07-2026,,,,,LU Loading,,,,,,3.32,,,RD242,,,
,12-07-2026,,,,,Waiting,,,,,,0.38,,,RD244,,,
,12-07-2026,,,,,LU Loading,,,,,,4.73,,,RD244,,,
,12-07-2026,,,,,Waiting,,,,,,6.02,,,RD248,,,
,12-07-2026,,,,,LU Loading,,,,,,5.33,,,RD248,,,
,12-07-2026,,,,,Waiting,,,,,,1.28,,,RD242,,,
,12-07-2026,,,,,LU Loading,,,,,,5.42,,,RD242,,,
,12-07-2026,,,,,LU Loading,,,,,,4.72,,,RD253,,,
,12-07-2026,,,,,LU Loading,,,,,,5.42,,,RD241,,,
,12-07-2026,,,,,Waiting,,,,,,0.42,,,RD244,,,
,12-07-2026,,,,,Spotting,,,,,,0.13,,,RD244,,,
,12-07-2026,,,,,LU Loading,,,,,,7.65,,,RD244,,,
,12-07-2026,,,,,Waiting,,,,,,1.25,,,RD242,,,
,12-07-2026,,,,,LU Loading,,,,,,4.45,,,RD242,,,
,12-07-2026,,,,,Spotting,,,,,,0.63,,,RD253,,,
,12-07-2026,,,,,LU Loading,,,,,,7.8,,,RD253,,,
,12-07-2026,,,,,Waiting,,,,,,1.02,,,RD248,,,
,12-07-2026,,,,,LU Loading,,,,,,5.32,,,RD248,,,
,12-07-2026,,,,,Waiting,,,,,,0.72,,,RD241,,,
,12-07-2026,,,,,Spotting,,,,,,2.08,,,RD241,,,
,12-07-2026,,,,,LU Loading,,,,,,8.03,,,RD241,,,
,12-07-2026,,,,,Waiting,,,,,,1.1,,,RD244,,,
,12-07-2026,,,,,Face Prep,,,,,,9.02,,,RD244,,,
,12-07-2026,,,,,LU Loading,,,,,,5.28,,,RD244,,,
,12-07-2026,,,,,Waiting,,,,,,0.13,,,RD253,,,
,12-07-2026,,,,,Spotting,,,,,,0.9,,,RD253,,,
,12-07-2026,,,,,LU Loading,,,,,,7.2,,,RD253,,,
,12-07-2026,,,,,Waiting,,,,,,0.85,,,RD248,,,
,12-07-2026,,,,,Spotting,,,,,,1.12,,,RD248,,,
,12-07-2026,,,,,LU Loading,,,,,,4.45,,,RD248,,,
,12-07-2026,,,,,Waiting,,,,,,0.78,,,RD241,,,
,12-07-2026,,,,,Spotting,,,,,,0.13,,,RD241,,,
,12-07-2026,,,,,LU Loading,,,,,,5,,,RD241,,,
,12-07-2026,,,,,Spotting,,,,,,1.7,,,RD244,,,
,12-07-2026,,,,,LU Loading,,,,,,3.7,,,RD244,,,
,12-07-2026,,,,,Waiting,,,,,,7.77,,,RD251,,,
,12-07-2026,,,,,Shift Change,,,,,,30.22,,,RD251,,,
,12-07-2026,,,,,,,,,,,,,,,,,
,Timestamp,,,,,Status Code,,Sub-Status Code,,,,"Duration
(min)",,,Hauling Unit,,,
,12-07-2026,,,,,Shift Change,,,,,,47.85,,,RD251,,,
,12-07-2026,,,,,Waiting,,,,,,5.2,,,RD251,,,
,12-07-2026,,,,,LU Loading,,,,,,4.17,,,RD251,,,
,12-07-2026,,,,,LU Loading,,,,,,5.98,,,RD235,,,
,12-07-2026,,,,,Waiting,,,,,,0.32,,,RD121,,,
,12-07-2026,,,,,Spotting,,,,,,0.2,,,RD121,,,
,12-07-2026,,,,,LU Loading,,,,,,2.57,,,RD121,,,
,12-07-2026,,,,,LU Loading,,,,,,3.65,,,RD122,,,
,12-07-2026,,,,,Spotting,,,,,,1.65,,,RD237,,,
,12-07-2026,,,,,LU Loading,,,,,,4.28,,,RD237,,,
,12-07-2026,,,,,Waiting,,,,,,2.57,,,RD251,,,
,12-07-2026,,,,,Spotting,,,,,,0.25,,,RD251,,,
,12-07-2026,,,,,LU Loading,,,,,,4.53,,,RD251,,,
,12-07-2026,,,,,Spotting,,,,,,1.95,,,RD235,,,
,12-07-2026,,,,,LU Loading,,,,,,3.62,,,RD235,,,
,12-07-2026,,,,,Spotting,,,,,,1.38,,,RD132,,,
,12-07-2026,,,,,LU Loading,,,,,,5.25,,,RD132,,,
,12-07-2026,,,,,Waiting,,,,,,2.73,,,RD121,,,
,12-07-2026,,,,,Fuel Filling,,,,,,10.2,,,RD121,,,
,12-07-2026,,,,,Face Prep,,,,,,6.58,,,RD121,,,
,12-07-2026,,,,,LU Loading,,,,,,2.93,,,RD121,,,
,12-07-2026,,,,,Waiting,,,,,,0.9,,,RD122,,,
,12-07-2026,,,,,LU Loading,,,,,,3.42,,,RD122,,,
,12-07-2026,,,,,Waiting,,,,,,0.6,,,RD237,,,
,12-07-2026,,,,,Spotting,,,,,,0.37,,,RD237,,,
,12-07-2026,,,,,LU Loading,,,,,,3.77,,,RD237,,,
,12-07-2026,,,,,Waiting,,,,,,2,,,RD132,,,
,12-07-2026,,,,,Spotting,,,,,,0.38,,,RD132,,,
,12-07-2026,,,,,LU Loading,,,,,,3.42,,,RD132,,,
,12-07-2026,,,,,Waiting,,,,,,9.9,,,RD121,,,
,12-07-2026,,,,,LU Loading,,,,,,0.72,,,RD121,,,
,12-07-2026,,,,,Waiting,,,,,,2.82,,,RD121,,,
,12-07-2026,,,,,LU Loading,,,,,,2.75,,,RD121,,,
,12-07-2026,,,,,Waiting,,,,,,0.52,,,RD235,,,
,12-07-2026,,,,,Spotting,,,,,,0.18,,,RD235,,,
,12-07-2026,,,,,LU Loading,,,,,,3.87,,,RD235,,,
,12-07-2026,,,,,Waiting,,,,,,0.85,,,RD237,,,
,12-07-2026,,,,,Spotting,,,,,,0.38,,,RD237,,,
,12-07-2026,,,,,LU Loading,,,,,,4.35,,,RD237,,,
,12-07-2026,,,,,Spotting,,,,,,0.6,,,RD122,,,
,12-07-2026,,,,,LU Loading,,,,,,4.55,,,RD122,,,
,12-07-2026,,,,,Waiting,,,,,,0.42,,,RD132,,,
,12-07-2026,,,,,Spotting,,,,,,0.42,,,RD132,,,
,12-07-2026,,,,,LU Loading,,,,,,3.62,,,RD132,,,
,12-07-2026,,,,,Waiting,,,,,,1.78,,,RD121,,,
,12-07-2026,,,,,LU Loading,,,,,,3.47,,,RD121,,,
,12-07-2026,,,,,Spotting,,,,,,1.2,,,RD235,,,
,12-07-2026,,,,,LU Loading,,,,,,5.48,,,RD235,,,
,12-07-2026,,,,,Waiting,,,,,,7.18,,,RD237,,,
,12-07-2026,,,,,Spotting,,,,,,1.42,,,RD237,,,
,12-07-2026,,,,,LU Loading,,,,,,5.75,,,RD237,,,
,12-07-2026,,,,,Waiting,,,,,,2.9,,,RD122,,,
,12-07-2026,,,,,LU Loading,,,,,,3.28,,,RD122,,,
,12-07-2026,,,,,Waiting,,,,,,0.78,,,RD235,,,
,12-07-2026,,,,,Spotting,,,,,,0.48,,,RD235,,,
,12-07-2026,,,,,LU Loading,,,,,,6.83,,,RD235,,,
,12-07-2026,,,,,Waiting,,,,,,9.82,,,RD237,,,
,12-07-2026,,,,,Spotting,,,,,,0.32,,,RD237,,,
,12-07-2026,,,,,LU Loading,,,,,,4.58,,,RD237,,,
,12-07-2026,,,,,Waiting,,,,,,2.83,,,RD235,,,
,12-07-2026,,,,,Spotting,,,,,,0.32,,,RD235,,,
,12-07-2026,,,,,LU Loading,,,,,,4.4,,,RD235,,,
,12-07-2026,,,,,Waiting,,,,,,12.75,,,RD237,,,
,12-07-2026,,,,,LU Loading,,,,,,3.17,,,RD237,,,
,12-07-2026,,,,,Waiting,,,,,,0.87,,,RD227,,,
,12-07-2026,,,,,Spotting,,,,,,3.67,,,RD227,,,
,12-07-2026,,,,,LU Loading,,,,,,3.07,,,RD227,,,
,12-07-2026,,,,,Spotting,,,,,,1.38,,,RD132,,,
,12-07-2026,,,,,LU Loading,,,,,,3.3,,,RD132,,,
,12-07-2026,,,,,Waiting,,,,,,3.88,,,RD227,,,
,12-07-2026,,,,,Spotting,,,,,,0.53,,,RD227,,,
,12-07-2026,,,,,LU Loading,,,,,,3.13,,,RD227,,,
,12-07-2026,,,,,Waiting,,,,,,5.83,,,RD132,,,
,12-07-2026,,,,,Spotting,,,,,,0.15,,,RD132,,,
,12-07-2026,,,,,LU Loading,,,,,,3.3,,,RD132,,,
,12-07-2026,,,,,Waiting,,,,,,0.9,,,RD122,,,
,12-07-2026,,,,,LU Loading,,,,,,5.97,,,RD122,,,
,12-07-2026,,,,,Waiting,,,,,,0.78,,,RD227,,,
,12-07-2026,,,,,Spotting,,,,,,0.23,,,RD227,,,
,12-07-2026,,,,,LU Loading,,,,,,4,,,RD227,,,
,12-07-2026,,,,,Waiting,,,,,,2.45,,,RD132,,,
,12-07-2026,,,,,LU Loading,,,,,,0.32,,,RD132,,,
,12-07-2026,,,,,LU Loading,,,,,,4.37,,,RD132,,,
,12-07-2026,,,,,Waiting,,,,,,0.75,,,RD235,,,
,12-07-2026,,,,,LU Loading,,,,,,4.72,,,RD235,,,
,12-07-2026,,,,,Waiting,,,,,,0.9,,,RD122,,,
,12-07-2026,,,,,Spotting,,,,,,1.58,,,RD122,,,
,12-07-2026,,,,,LU Loading,,,,,,3.1,,,RD122,,,
,12-07-2026,,,,,Waiting,,,,,,0.9,,,RD227,,,
,12-07-2026,,,,,LU Loading,,,,,,3.67,,,RD227,,,
,12-07-2026,,,,,LU Loading,,,,,,4.72,,,RD235,,,
,12-07-2026,,,,,Waiting,,,,,,1.13,,,RD246,,,
,12-07-2026,,,,,LU Loading,,,,,,3.75,,,RD246,,,
,12-07-2026,,,,,Waiting,,,,,,0.72,,,RD122,,,
,12-07-2026,,,,,LU Loading,,,,,,4.8,,,RD122,,,
,12-07-2026,,,,,Waiting,,,,,,1.17,,,RD132,,,
,12-07-2026,,,,,Spotting,,,,,,0.98,,,RD132,,,
,12-07-2026,,,,,LU Loading,,,,,,2.48,,,RD132,,,
,12-07-2026,,,,,Waiting,,,,,,1.48,,,RD227,,,
,12-07-2026,,,,,LU Loading,,,,,,3.35,,,RD227,,,
,12-07-2026,,,,,Waiting,,,,,,2.98,,,RD235,,,
,12-07-2026,,,,,LU Loading,,,,,,4.08,,,RD235,,,
,12-07-2026,,,,,Waiting,,,,,,14.1,,,RD122,,,
,12-07-2026,,,,,Face Prep,,,,,,6.03,,,RD122,,,
,12-07-2026,,,,,LU Loading,,,,,,3.7,,,RD122,,,
,12-07-2026,,,,,Waiting,,,,,,1.67,,,RD132,,,
,12-07-2026,,,,,LU Loading,,,,,,3.2,,,RD132,,,
,12-07-2026,,,,,Waiting,,,,,,1.2,,,RD227,,,
,12-07-2026,,,,,LU Loading,,,,,,4.02,,,RD227,,,
,12-07-2026,,,,,Waiting,,,,,,0.7,,,RD235,,,
,12-07-2026,,,,,LU Loading,,,,,,4.35,,,RD235,,,
,12-07-2026,,,,,Waiting,,,,,,9.98,,,RD122,,,
,12-07-2026,,,,,Spotting,,,,,,0.35,,,RD122,,,
,12-07-2026,,,,,LU Loading,,,,,,4.23,,,RD122,,,
,12-07-2026,,,,,Waiting,,,,,,0.23,,,RD227,,,
,12-07-2026,,,,,Spotting,,,,,,0.77,,,RD227,,,
,12-07-2026,,,,,LU Loading,,,,,,5.02,,,RD227,,,
,12-07-2026,,,,,Spotting,,,,,,0.27,,,RD235,,,
,12-07-2026,,,,,LU Loading,,,,,,4.23,,,RD235,,,
,12-07-2026,,,,,Waiting,,,,,,1.47,,,RD235,,,
,12-07-2026,,,,,LU Loading,,,,,,5.25,,,RD235,,,
,12-07-2026,,,,,Waiting,,,,,,7.82,,,RD122,,,
,12-07-2026,,,,,LU Loading,,,,,,4.37,,,RD122,,,
,12-07-2026,,,,,Waiting,,,,,,0.35,,,RD227,,,
,12-07-2026,,,,,LU Loading,,,,,,5.37,,,RD227,,,
,12-07-2026,,,,,LU Loading,,,,,,4.98,,,RD235,,,
,12-07-2026,,,,,Waiting,,,,,,0.33,,,RD242,,,
,12-07-2026,,,,,Marching,,,,,,26.8,,,RD242,,,
,12-07-2026,,,,,Shift Change,,,,,,16.42,,,RD242,,,
,12-07-2026,,,,,Shift Change,,,,,,92.88,,,RD242,,,
,12-07-2026,,,,,Waiting,,,,,,21.05,,,RD242,,,
,12-07-2026,,,,,LU Loading,,,,,,3.4,,,RD242,,,
,12-07-2026,,,,,Waiting,,,,,,17.13,,,RD246,,,
,12-07-2026,,,,,LU Loading,,,,,,3.02,,,RD246,,,
,12-07-2026,,,,,Waiting,,,,,,1.52,,,RD241,,,
,12-07-2026,,,,,LU Loading,,,,,,5.1,,,RD241,,,
,12-07-2026,,,,,Waiting,,,,,,2.13,,,RD251,,,
,12-07-2026,,,,,LU Loading,,,,,,2.47,,,RD251,,,
,12-07-2026,,,,,Waiting,,,,,,1.57,,,RD243,,,
,12-07-2026,,,,,LU Loading,,,,,,3.65,,,RD243,,,
,12-07-2026,,,,,Waiting,,,,,,4.05,,,RD242,,,
,12-07-2026,,,,,LU Loading,,,,,,3.33,,,RD242,,,
,12-07-2026,,,,,Waiting,,,,,,1.23,,,RD246,,,
,12-07-2026,,,,,LU Loading,,,,,,4.77,,,RD246,,,
,12-07-2026,,,,,Waiting,,,,,,6.03,,,RD241,,,
,12-07-2026,,,,,LU Loading,,,,,,0.02,,,RD241,,,
,12-07-2026,,,,,Waiting,,,,,,6.22,,,RD243,,,
,12-07-2026,,,,,LU Loading,,,,,,3.5,,,RD243,,,
,12-07-2026,,,,,Waiting,,,,,,1.13,,,RD242,,,
,12-07-2026,,,,,LU Loading,,,,,,2.72,,,RD242,,,
,12-07-2026,,,,,Waiting,,,,,,2.83,,,RD246,,,
,12-07-2026,,,,,LU Loading,,,,,,2.13,,,RD246,,,
,12-07-2026,,,,,Waiting,,,,,,0.23,,,RD241,,,
,12-07-2026,,,,,LU Loading,,,,,,4.12,,,RD241,,,
,12-07-2026,,,,,Waiting,,,,,,5.23,,,RD243,,,
,12-07-2026,,,,,LU Loading,,,,,,3.37,,,RD243,,,
,12-07-2026,,,,,Waiting,,,,,,3.57,,,RD242,,,
,12-07-2026,,,,,LU Loading,,,,,,3.67,,,RD242,,,
,12-07-2026,,,,,LU Loading,,,,,,4.73,,,RD246,,,
,12-07-2026,,,,,LU Loading,,,,,,3.15,,,RD241,,,
,12-07-2026,,,,,Waiting,,,,,,4.45,,,RD243,,,
,12-07-2026,,,,,LU Loading,,,,,,5.05,,,RD243,,,
,12-07-2026,,,,,LU Loading,,,,,,5.72,,,RD242,,,
,12-07-2026,,,,,LU Loading,,,,,,3.85,,,RD246,,,
,12-07-2026,,,,,Waiting,,,,,,37.82,,,RD241,,,
,12-07-2026,,,,,Tea/ Breakfast / Snacks,,,,,,35.73,,,RD241,,,
,12-07-2026,,,,,Waiting,,,,,,10.82,,,RD241,,,
,12-07-2026,,,,,LU Loading,,,,,,7.85,,,RD241,,,
,12-07-2026,,,,,LU Loading,,,,,,6.15,,,RD243,,,
,12-07-2026,,,,,LU Loading,,,,,,4.43,,,RD246,,,
,12-07-2026,,,,,Waiting,,,,,,0.3,,,RD242,,,
,12-07-2026,,,,,LU Loading,,,,,,4.23,,,RD242,,,
,12-07-2026,,,,,Waiting,,,,,,1.23,,,RD241,,,
,12-07-2026,,,,,LU Loading,,,,,,3.75,,,RD241,,,
,12-07-2026,,,,,Waiting,,,,,,4.97,,,RD243,,,
,12-07-2026,,,,,LU Loading,,,,,,3.37,,,RD243,,,
,12-07-2026,,,,,Waiting,,,,,,0.47,,,RD246,,,
,12-07-2026,,,,,LU Loading,,,,,,2,,,RD246,,,
,12-07-2026,,,,,Waiting,,,,,,9.63,,,RD246,,,
,12-07-2026,,,,, Down,,,,,,4.87,,,RD246,,,
,12-07-2026,,,,,Waiting,,,,,,7.35,,,RD246,,,
,12-07-2026,,,,,LU Loading,,,,,,7.23,,,RD246,,,
,12-07-2026,,,,,Waiting,,,,,,0.95,,,RD242,,,
,12-07-2026,,,,,Spotting,,,,,,0.33,,,RD242,,,
,12-07-2026,,,,,LU Loading,,,,,,2.75,,,RD242,,,
,12-07-2026,,,,,Spotting,,,,,,0.65,,,RD243,,,
,12-07-2026,,,,,LU Loading,,,,,,7.52,,,RD243,,,
,12-07-2026,,,,,Waiting,,,,,,0.6,,,RD243,,,
,12-07-2026,,,,,Face Prep,,,,,,4.9,,,RD243,,,
,12-07-2026,,,,,Waiting,,,,,,0.33,,,RD243,,,
,12-07-2026,,,,,Spotting,,,,,,0.67,,,RD243,,,
,12-07-2026,,,,,LU Loading,,,,,,2.97,,,RD243,,,
,12-07-2026,,,,,Waiting,,,,,,0.72,,,RD241,,,
,12-07-2026,,,,,Spotting,,,,,,0.58,,,RD241,,,
,12-07-2026,,,,,LU Loading,,,,,,4.18,,,RD241,,,
,12-07-2026,,,,,Waiting,,,,,,1.35,,,RD246,,,
,12-07-2026,,,,,LU Loading,,,,,,6.07,,,RD246,,,
,12-07-2026,,,,,Waiting,,,,,,2.63,,,RD242,,,
,12-07-2026,,,,,LU Loading,,,,,,4.27,,,RD242,,,
,12-07-2026,,,,,Spotting,,,,,,0.37,,,RD243,,,
,12-07-2026,,,,,LU Loading,,,,,,5.73,,,RD243,,,
,12-07-2026,,,,,Spotting,,,,,,0.17,,,RD241,,,
,12-07-2026,,,,,LU Loading,,,,,,4.07,,,RD241,,,
,12-07-2026,,,,,Waiting,,,,,,8.35,,,RD248,,,
,12-07-2026,,,,,Shift Change,,,,,,28.63,,,RD248,,,
,12-07-2026,,,,,Shift Change,,,,,,31.42,,,RD248,,,
,12-07-2026,,,,,LU Loading,,,,,,4.17,,,RD248,,,
,12-07-2026,,,,,Waiting,,,,,,11.28,,,RD247,,,
,12-07-2026,,,,,LU Loading,,,,,,2.62,,,RD247,,,
,12-07-2026,,,,,LU Loading,,,,,,4.15,,,RD232,,,
,12-07-2026,,,,,LU Loading,,,,,,3.72,,,RD243,,,
,12-07-2026,,,,,Spotting,,,,,,0.33,,,RD248,,,
,12-07-2026,,,,,LU Loading,,,,,,3.77,,,RD248,,,
,12-07-2026,,,,,Waiting,,,,,,4.1,,,RD247,,,
,12-07-2026,,,,,LU Loading,,,,,,3.03,,,RD247,,,
,12-07-2026,,,,,Waiting,,,,,,0.85,,,RD231,,,
,12-07-2026,,,,,Spotting,,,,,,0.72,,,RD231,,,
,12-07-2026,,,,,LU Loading,,,,,,3.4,,,RD231,,,
,12-07-2026,,,,,Spotting,,,,,,0.38,,,RD232,,,
,12-07-2026,,,,,LU Loading,,,,,,3.47,,,RD232,,,
,12-07-2026,,,,,Spotting,,,,,,0.45,,,RD243,,,
,12-07-2026,,,,,LU Loading,,,,,,3.33,,,RD243,,,
,12-07-2026,,,,,Spotting,,,,,,0.2,,,RD248,,,
,12-07-2026,,,,,LU Loading,,,,,,4,,,RD248,,,
,12-07-2026,,,,,LU Loading,,,,,,5.68,,,RD247,,,
,12-07-2026,,,,,Waiting,,,,,,2.58,,,RD232,,,
,12-07-2026,,,,,LU Loading,,,,,,3.73,,,RD232,,,
,12-07-2026,,,,,Waiting,,,,,,1.02,,,RD243,,,
,12-07-2026,,,,,LU Loading,,,,,,3.55,,,RD243,,,
,12-07-2026,,,,,Waiting,,,,,,1.02,,,RD248,,,
,12-07-2026,,,,,LU Loading,,,,,,4.02,,,RD248,,,
,12-07-2026,,,,,Waiting,,,,,,6.38,,,RD232,,,
,12-07-2026,,,,,LU Loading,,,,,,2.9,,,RD232,,,
,12-07-2026,,,,,Waiting,,,,,,2.72,,,RD243,,,
,12-07-2026,,,,,LU Loading,,,,,,3.3,,,RD243,,,
,13-07-2026,,,,,Waiting,,,,,,4.35,,,RD248,,,
,13-07-2026,,,,,LU Loading,,,,,,3.02,,,RD248,,,
,13-07-2026,,,,,LU Loading,,,,,,3.42,,,RD247,,,
,13-07-2026,,,,,LU Loading,,,,,,3.43,,,RD232,,,
,13-07-2026,,,,,Waiting,,,,,,3.02,,,RD243,,,
,13-07-2026,,,,,LU Loading,,,,,,5.07,,,RD243,,,
,13-07-2026,,,,,Waiting,,,,,,3.42,,,RD248,,,
,13-07-2026,,,,,LU Loading,,,,,,3.8,,,RD248,,,
,13-07-2026,,,,,Waiting,,,,,,0.58,,,RD247,,,
,13-07-2026,,,,,LU Loading,,,,,,3.88,,,RD247,,,
,13-07-2026,,,,,Waiting,,,,,,0.23,,,RD232,,,
,13-07-2026,,,,,LU Loading,,,,,,5.47,,,RD232,,,
,13-07-2026,,,,,Waiting,,,,,,1,,,RD243,,,
,13-07-2026,,,,,Spotting,,,,,,0.28,,,RD243,,,
,13-07-2026,,,,,LU Loading,,,,,,4.93,,,RD243,,,
,13-07-2026,,,,,Waiting,,,,,,0.92,,,RD248,,,
,13-07-2026,,,,,Spotting,,,,,,0.45,,,RD248,,,
,13-07-2026,,,,,LU Loading,,,,,,4.95,,,RD248,,,
,13-07-2026,,,,,Waiting,,,,,,2.58,,,RD232,,,
,13-07-2026,,,,,LU Loading,,,,,,3.15,,,RD232,,,
,13-07-2026,,,,,Waiting,,,,,,3.1,,,RD243,,,
,13-07-2026,,,,,LU Loading,,,,,,3.9,,,RD243,,,
,13-07-2026,,,,,Waiting,,,,,,8.27,,,RD232,,,
,13-07-2026,,,,,Spotting,,,,,,0.32,,,RD232,,,
,13-07-2026,,,,,LU Loading,,,,,,3.03,,,RD232,,,
,13-07-2026,,,,,Spotting,,,,,,0.35,,,RD247,,,
,13-07-2026,,,,,LU Loading,,,,,,3.02,,,RD247,,,
,13-07-2026,,,,,Waiting,,,,,,0.82,,,RD248,,,
,13-07-2026,,,,,LU Loading,,,,,,4.37,,,RD248,,,
,13-07-2026,,,,,Waiting,,,,,,0.63,,,RD243,,,
,13-07-2026,,,,,LU Loading,,,,,,5.52,,,RD243,,,
,13-07-2026,,,,,Waiting,,,,,,0.23,,,RD232,,,
,13-07-2026,,,,,Spotting,,,,,,0.62,,,RD232,,,
,13-07-2026,,,,,LU Loading,,,,,,3.67,,,RD232,,,
,13-07-2026,,,,,Waiting,,,,,,0.6,,,RD247,,,
,13-07-2026,,,,,LU Loading,,,,,,3.92,,,RD247,,,
,13-07-2026,,,,,Waiting,,,,,,2.5,,,RD248,,,
,13-07-2026,,,,,Spotting,,,,,,0.27,,,RD248,,,
,13-07-2026,,,,,LU Loading,,,,,,4.05,,,RD248,,,
,13-07-2026,,,,,Waiting,,,,,,9.33,,,RD232,,,
,13-07-2026,,,,,LU Loading,,,,,,4,,,RD232,,,
,13-07-2026,,,,,Waiting,,,,,,4.47,,,RD247,,,
,13-07-2026,,,,,LU Loading,,,,,,3.67,,,RD247,,,
,13-07-2026,,,,,Waiting,,,,,,10.32,,,RD232,,,
,13-07-2026,,,,,Spotting,,,,,,0.42,,,RD232,,,
,13-07-2026,,,,,LU Loading,,,,,,4.25,,,RD232,,,
,13-07-2026,,,,,Waiting,,,,,,0.55,,,RD247,,,
,13-07-2026,,,,,LU Loading,,,,,,3.38,,,RD247,,,
,13-07-2026,,,,,Waiting,,,,,,0.52,,,RD243,,,
,13-07-2026,,,,,LU Loading,,,,,,3.28,,,RD243,,,
,13-07-2026,,,,,Waiting,,,,,,8.05,,,RD248,,,
,13-07-2026,,,,,LU Loading,,,,,,2.63,,,RD248,,,
,13-07-2026,,,,,Waiting,,,,,,2.38,,,RD248,,,
,13-07-2026,,,,,Spotting,,,,,,0.47,,,RD248,,,
,13-07-2026,,,,,LU Loading,,,,,,2.85,,,RD248,,,
,13-07-2026,,,,,Waiting,,,,,,0.8,,,RD243,,,
,13-07-2026,,,,,LU Loading,,,,,,11.68,,,RD243,,,
,13-07-2026,,,,,Waiting,,,,,,1.98,,,RD232,,,
,13-07-2026,,,,,Spotting,,,,,,0.53,,,RD232,,,
,13-07-2026,,,,,LU Loading,,,,,,9.72,,,RD232,,,
,13-07-2026,,,,,Waiting,,,,,,0.63,,,RD248,,,
,13-07-2026,,,,,Spotting,,,,,,0.27,,,RD248,,,
,13-07-2026,,,,,LU Loading,,,,,,3.42,,,RD248,,,
,13-07-2026,,,,,Waiting,,,,,,0.32,,,RD247,,,
,13-07-2026,,,,,LU Loading,,,,,,3.08,,,RD247,,,
,13-07-2026,,,,,Waiting,,,,,,0.63,,,RD243,,,
,13-07-2026,,,,,LU Loading,,,,,,3.85,,,RD243,,,
,13-07-2026,,,,,Waiting,,,,,,4.03,,,RD232,,,
,13-07-2026,,,,,Spotting,,,,,,0.3,,,RD232,,,
,13-07-2026,,,,,LU Loading,,,,,,3.33,,,RD232,,,
,13-07-2026,,,,,Waiting,,,,,,3.63,,,RD248,,,
,13-07-2026,,,,,LU Loading,,,,,,3.55,,,RD248,,,
,13-07-2026,,,,,Waiting,,,,,,0.68,,,RD247,,,
,13-07-2026,,,,,LU Loading,,,,,,2.98,,,RD247,,,
,13-07-2026,,,,,Waiting,,,,,,0.43,,,RD243,,,
,13-07-2026,,,,,LU Loading,,,,,,3.33,,,RD243,,,
,13-07-2026,,,,,Waiting,,,,,,1.97,,,RD232,,,
,13-07-2026,,,,,LU Loading,,,,,,3.25,,,RD232,,,
,13-07-2026,,,,,Waiting,,,,,,3.37,,,RD248,,,
,13-07-2026,,,,,LU Loading,,,,,,3.28,,,RD248,,,
,13-07-2026,,,,,Waiting,,,,,,0.62,,,RD247,,,
,13-07-2026,,,,,LU Loading,,,,,,3.47,,,RD247,,,
,13-07-2026,,,,,Waiting,,,,,,1.3,,,RD243,,,
,13-07-2026,,,,,LU Loading,,,,,,3.62,,,RD243,,,
,13-07-2026,,,,,Waiting,,,,,,1.42,,,RD232,,,
,13-07-2026,,,,,LU Loading,,,,,,3.9,,,RD232,,,
,13-07-2026,,,,,Waiting,,,,,,4.7,,,RD248,,,
,13-07-2026,,,,,LU Loading,,,,,,3.3,,,RD248,,,
,13-07-2026,,,,,Waiting,,,,,,0.4,,,RD247,,,
,13-07-2026,,,,,LU Loading,,,,,,2.92,,,RD247,,,
,13-07-2026,,,,,Waiting,,,,,,0.58,,,RD243,,,
,13-07-2026,,,,,LU Loading,,,,,,3.25,,,RD243,,,
,13-07-2026,,,,,Waiting,,,,,,1.07,,,RD232,,,
,13-07-2026,,,,,LU Loading,,,,,,4.32,,,RD232,,,
,13-07-2026,,,,,Waiting,,,,,,5.58,,,RD248,,,
,13-07-2026,,,,,LU Loading,,,,,,3.15,,,RD248,,,
,13-07-2026,,,,,Waiting,,,,,,0.53,,,RD247,,,
,13-07-2026,,,,,LU Loading,,,,,,3.47,,,RD247,,,
,13-07-2026,,,,,Waiting,,,,,,3.02,,,RD232,,,
,13-07-2026,,,,,LU Loading,,,,,,3.05,,,RD232,,,
,13-07-2026,,,,,Waiting,,,,,,7.97,,,RD247,,,
,13-07-2026,,,,,LU Loading,,,,,,2.23,,,RD247,,,
,13-07-2026,,,,,Waiting,,,,,,1.88,,,RD247,,,
,13-07-2026,,,,,LU Loading,,,,,,2.12,,,RD247,,,
,13-07-2026,,,,,Waiting,,,,,,0.33,,,RD243,,,
,13-07-2026,,,,,Spotting,,,,,,0.27,,,RD243,,,
,13-07-2026,,,,,LU Loading,,,,,,2.88,,,RD243,,,
,13-07-2026,,,,,Spotting,,,,,,0.25,,,RD248,,,
,13-07-2026,,,,,LU Loading,,,,,,3.13,,,RD248,,,
,13-07-2026,,,,,Waiting,,,,,,0.18,,,RD232,,,
,13-07-2026,,,,,Spotting,,,,,,0.3,,,RD232,,,
,13-07-2026,,,,,LU Loading,,,,,,3.82,,,RD232,,,
,13-07-2026,,,,,Waiting,,,,,,0.13,,,RD248,,,
,13-07-2026,,,,,Spotting,,,,,,0.15,,,RD248,,,
,13-07-2026,,,,,LU Loading,,,,,,3.6,,,RD248,,,
,13-07-2026,,,,,Waiting,,,,,,0.3,,,RD247,,,
,13-07-2026,,,,,LU Loading,,,,,,4.1,,,RD247,,,
,13-07-2026,,,,,Waiting,,,,,,5.5,,,RD242,,,
,13-07-2026,,,,,Shift Change,,,,,,26.17,,,RD242,,,
,13-07-2026,,,,,,,,,,,,,,,,,
,Timestamp,,,,,Status Code,,Sub-Status Code,,,,"Duration
(min)",,,Hauling Unit,,,
,13-07-2026,,,,,Shift Change,,,,,,45.22,,,RD242,,,
,13-07-2026,,,,,Daily Service,,,,,,48.8,,,RD242,,,
,13-07-2026,,,,,Waiting,,,,,,8.75,,,RD242,,,
,13-07-2026,,,,,LU Loading,,,,,,4.23,,,RD242,,,
,13-07-2026,,,,,Waiting,,,,,,0.67,,,RD242,,,
,13-07-2026,,,,,LU Loading,,,,,,14.75,,,RD242,,,
,13-07-2026,,,,,Waiting,,,,,,2.8,,,RD231,,,
,13-07-2026,,,,,LU Loading,,,,,,6.42,,,RD231,,,
,13-07-2026,,,,,Waiting,,,,,,2.73,,,RD230,,,
,13-07-2026,,,,,LU Loading,,,,,,4.58,,,RD230,,,
,13-07-2026,,,,,Waiting,,,,,,0.23,,,RD243,,,
,13-07-2026,,,,,LU Loading,,,,,,0.73,,,RD243,,,
,13-07-2026,,,,,Waiting,,,,,,13.15,,,RD243,,,
,13-07-2026,,,,,LU Loading,,,,,,3.55,,,RD243,,,
,13-07-2026,,,,,Waiting,,,,,,0.88,,,RD242,,,
,13-07-2026,,,,,LU Loading,,,,,,3.12,,,RD242,,,
,13-07-2026,,,,,Waiting,,,,,,1.27,,,RD231,,,
,13-07-2026,,,,,LU Loading,,,,,,3.55,,,RD231,,,
,13-07-2026,,,,,Waiting,,,,,,1.23,,,RD230,,,
,13-07-2026,,,,,Spotting,,,,,,4.52,,,RD230,,,
,13-07-2026,,,,,LU Loading,,,,,,3.43,,,RD230,,,
,13-07-2026,,,,,Waiting,,,,,,2.48,,,RD243,,,
,13-07-2026,,,,,Spotting,,,,,,0.17,,,RD243,,,
,13-07-2026,,,,,LU Loading,,,,,,5.1,,,RD243,,,
,13-07-2026,,,,,Waiting,,,,,,2.1,,,RD242,,,
,13-07-2026,,,,,LU Loading,,,,,,3.5,,,RD242,,,
,13-07-2026,,,,,Waiting,,,,,,4.07,,,RD230,,,
,13-07-2026,,,,,LU Loading,,,,,,3.17,,,RD230,,,
,13-07-2026,,,,,Waiting,,,,,,22.48,,,RD242,,,
,13-07-2026,,,,,LU Loading,,,,,,4.43,,,RD242,,,
,13-07-2026,,,,,Waiting,,,,,,8.83,,,RD242,,,
,13-07-2026,,,,,Fuel Filling,,,,,,17.72,,,RD242,,,
,13-07-2026,,,,,LU Loading,,,,,,3.48,,,RD242,,,
,13-07-2026,,,,,Waiting,,,,,,8.05,,,RD231,,,
,13-07-2026,,,,,Spotting,,,,,,0.1,,,RD231,,,
,13-07-2026,,,,,LU Loading,,,,,,3.9,,,RD231,,,
,13-07-2026,,,,,Waiting,,,,,,8.25,,,RD243,,,
,13-07-2026,,,,,LU Loading,,,,,,3.43,,,RD243,,,
,13-07-2026,,,,,Waiting,,,,,,7.82,,,RD231,,,
,13-07-2026,,,,,Spotting,,,,,,0.75,,,RD231,,,
,13-07-2026,,,,,LU Loading,,,,,,4.2,,,RD231,,,
,13-07-2026,,,,,Waiting,,,,,,8.18,,,RD243,,,
,13-07-2026,,,,,LU Loading,,,,,,4.43,,,RD243,,,
,13-07-2026,,,,,Waiting,,,,,,0.5,,,RD230,,,
,13-07-2026,,,,,Spotting,,,,,,0.22,,,RD230,,,
,13-07-2026,,,,,LU Loading,,,,,,3.12,,,RD230,,,
,13-07-2026,,,,,Waiting,,,,,,16.37,,,RD231,,,
,13-07-2026,,,,,LU Loading,,,,,,3.82,,,RD231,,,
,13-07-2026,,,,,Waiting,,,,,,1.05,,,RD122,,,
,13-07-2026,,,,,LU Loading,,,,,,3.18,,,RD122,,,
,13-07-2026,,,,,Waiting,,,,,,1.15,,,RD243,,,
,13-07-2026,,,,,LU Loading,,,,,,5.45,,,RD243,,,
,13-07-2026,,,,,Waiting,,,,,,0.75,,,RD230,,,
,13-07-2026,,,,,Spotting,,,,,,0.28,,,RD230,,,
,13-07-2026,,,,,LU Loading,,,,,,3.42,,,RD230,,,
,13-07-2026,,,,,Waiting,,,,,,4.5,,,RD231,,,
,13-07-2026,,,,,LU Loading,,,,,,4.37,,,RD231,,,
,13-07-2026,,,,,Waiting,,,,,,2.73,,,RD122,,,
,13-07-2026,,,,,LU Loading,,,,,,4.15,,,RD122,,,
,13-07-2026,,,,,Waiting,,,,,,3.02,,,RD243,,,
,13-07-2026,,,,,LU Loading,,,,,,5.58,,,RD243,,,
,13-07-2026,,,,,Waiting,,,,,,2.82,,,RD230,,,
,13-07-2026,,,,,LU Loading,,,,,,4.05,,,RD230,,,
,13-07-2026,,,,,Waiting,,,,,,14.9,,,RD231,,,
,13-07-2026,,,,,LU Loading,,,,,,4.9,,,RD231,,,
,13-07-2026,,,,,Waiting,,,,,,0.55,,,RD122,,,
,13-07-2026,,,,,LU Loading,,,,,,6.93,,,RD122,,,
,13-07-2026,,,,,Waiting,,,,,,0.8,,,RD243,,,
,13-07-2026,,,,,LU Loading,,,,,,3.4,,,RD243,,,
,13-07-2026,,,,,Waiting,,,,,,0.52,,,RD230,,,
,13-07-2026,,,,,Spotting,,,,,,0.78,,,RD230,,,
,13-07-2026,,,,,LU Loading,,,,,,4.95,,,RD230,,,
,13-07-2026,,,,,Waiting,,,,,,5.67,,,RD231,,,
,13-07-2026,,,,,LU Loading,,,,,,4.93,,,RD231,,,
,13-07-2026,,,,,Waiting,,,,,,3.4,,,RD122,,,
,13-07-2026,,,,,LU Loading,,,,,,4.15,,,RD122,,,
,13-07-2026,,,,,Waiting,,,,,,0.57,,,RD243,,,
,13-07-2026,,,,,LU Loading,,,,,,4.48,,,RD243,,,
,13-07-2026,,,,,Waiting,,,,,,17.38,,,RD252,,,
,13-07-2026,,,,,Shift Change,,,,,,29.9,,,RD252,,,
,13-07-2026,,,,,Shift Change,,,,,,90.48,,,RD252,,,
,13-07-2026,,,,,Daily Service,,,,,,61.9,,,RD252,,,
,13-07-2026,,,,,Released from Maintanence,,,,,,64.47,,,RD252,,,
,13-07-2026,,,,,Waiting,,,,,,26.18,,,RD252,,,
,13-07-2026,,,,,LU Loading,,,,,,2.58,,,RD252,,,
,13-07-2026,,,,,Waiting,,,,,,0.52,,,RD141,,,
,13-07-2026,,,,,LU Loading,,,,,,0.12,,,RD141,,,
,13-07-2026,,,,,Waiting,,,,,,4.95,,,RD141,,,
,13-07-2026,,,,,LU Loading,,,,,,3.12,,,RD141,,,
,13-07-2026,,,,,Waiting,,,,,,0.62,,,RD231,,,
,13-07-2026,,,,,LU Loading,,,,,,4.18,,,RD231,,,
,13-07-2026,,,,,Waiting,,,,,,2.03,,,RD132,,,
,13-07-2026,,,,,LU Loading,,,,,,2.55,,,RD132,,,
,13-07-2026,,,,,Waiting,,,,,,4.08,,,RD252,,,
,13-07-2026,,,,,LU Loading,,,,,,3.47,,,RD252,,,
,13-07-2026,,,,,LU Loading,,,,,,3.18,,,RD228,,,
,13-07-2026,,,,,Waiting,,,,,,3.85,,,RD141,,,
,13-07-2026,,,,,LU Loading,,,,,,3.75,,,RD141,,,
,13-07-2026,,,,,Waiting,,,,,,0.93,,,RD122,,,
,13-07-2026,,,,,LU Loading,,,,,,4.65,,,RD122,,,
,13-07-2026,,,,,Waiting,,,,,,2.43,,,RD132,,,
,13-07-2026,,,,,LU Loading,,,,,,2.73,,,RD132,,,
,13-07-2026,,,,,Waiting,,,,,,2.72,,,RD242,,,
,13-07-2026,,,,,LU Loading,,,,,,2.98,,,RD242,,,
,13-07-2026,,,,,Waiting,,,,,,0.02,,,RD228,,,
,13-07-2026,,,,,LU Loading,,,,,,4.35,,,RD228,,,
,13-07-2026,,,,,Waiting,,,,,,4.7,,,RD122,,,
,13-07-2026,,,,,LU Loading,,,,,,0.18,,,RD122,,,
,13-07-2026,,,,,Waiting,,,,,,2.73,,,RD141,,,
,13-07-2026,,,,,LU Loading,,,,,,3.63,,,RD141,,,
,13-07-2026,,,,,Waiting,,,,,,0.88,,,RD231,,,
,13-07-2026,,,,,LU Loading,,,,,,4.47,,,RD231,,,
,13-07-2026,,,,,LU Loading,,,,,,6.47,,,RD228,,,
,13-07-2026,,,,,Waiting,,,,,,0.03,,,RD242,,,
,13-07-2026,,,,,LU Loading,,,,,,9.7,,,RD242,,,
,13-07-2026,,,,,Waiting,,,,,,1.93,,,RD122,,,
,13-07-2026,,,,,LU Loading,,,,,,5.65,,,RD122,,,
,13-07-2026,,,,,Waiting,,,,,,2.68,,,RD231,,,
,13-07-2026,,,,,LU Loading,,,,,,3.3,,,RD231,,,
,13-07-2026,,,,,Waiting,,,,,,0.85,,,RD228,,,
,13-07-2026,,,,,LU Loading,,,,,,3.6,,,RD228,,,
,13-07-2026,,,,,Waiting,,,,,,7.57,,,RD242,,,
,13-07-2026,,,,,LU Loading,,,,,,3.82,,,RD242,,,
,13-07-2026,,,,,Waiting,,,,,,7.17,,,RD239,,,
,13-07-2026,,,,,Schedule No Work,,,,,,107.78,,,RD239,,,
,13-07-2026,,,,,Schedule No Work,,,,,,43.8,,,RD239,,,
,13-07-2026,,,,,Waiting,,,,,,0.95,,,RD239,,,
,13-07-2026,,,,,LU Loading,,,,,,3.72,,,RD239,,,
,13-07-2026,,,,,Waiting,,,,,,0.52,,,RD245,,,
,13-07-2026,,,,,LU Loading,,,,,,5,,,RD245,,,
,13-07-2026,,,,,LU Loading,,,,,,29.68,,,RD249,,,
,13-07-2026,,,,,Waiting,,,,,,6.13,,,RD239,,,
,13-07-2026,,,,,LU Loading,,,,,,3.48,,,RD239,,,
,13-07-2026,,,,,Waiting,,,,,,1.27,,,RD229,,,
,13-07-2026,,,,,LU Loading,,,,,,4.4,,,RD229,,,
,13-07-2026,,,,,Waiting,,,,,,1.08,,,RD249,,,
,13-07-2026,,,,,LU Loading,,,,,,8.95,,,RD249,,,
,13-07-2026,,,,,Waiting,,,,,,1.4,,,RD239,,,
,13-07-2026,,,,,LU Loading,,,,,,0.3,,,RD239,,,
,13-07-2026,,,,,LU Loading,,,,,,3.75,,,RD230,,,
,13-07-2026,,,,,LU Loading,,,,,,4.02,,,RD239,,,
,13-07-2026,,,,,Waiting,,,,,,1.17,,,RD229,,,
,13-07-2026,,,,,LU Loading,,,,,,5.7,,,RD229,,,
,14-07-2026,,,,,Waiting,,,,,,1.12,,,RD249,,,
,14-07-2026,,,,,LU Loading,,,,,,4.37,,,RD249,,,
,14-07-2026,,,,,Waiting,,,,,,0.27,,,RD230,,,
,14-07-2026,,,,,LU Loading,,,,,,0.08,,,RD230,,,
,14-07-2026,,,,,Waiting,,,,,,0.55,,,RD230,,,
,14-07-2026,,,,,LU Loading,,,,,,3.53,,,RD230,,,
,14-07-2026,,,,,Waiting,,,,,,0.38,,,RD239,,,
,14-07-2026,,,,,LU Loading,,,,,,3.23,,,RD239,,,
,14-07-2026,,,,,Waiting,,,,,,5.7,,,RD229,,,
,14-07-2026,,,,,LU Loading,,,,,,4.3,,,RD229,,,
,14-07-2026,,,,,LU Loading,,,,,,4.32,,,RD249,,,
,14-07-2026,,,,,LU Loading,,,,,,4.17,,,RD230,,,
,14-07-2026,,,,,LU Loading,,,,,,5.17,,,RD239,,,
,14-07-2026,,,,,Waiting,,,,,,5.15,,,RD229,,,
,14-07-2026,,,,,LU Loading,,,,,,8.25,,,RD229,,,
,14-07-2026,,,,,LU Loading,,,,,,5.35,,,RD249,,,
,14-07-2026,,,,,LU Loading,,,,,,13.5,,,RD230,,,
,14-07-2026,,,,,Waiting,,,,,,0.18,,,RD239,,,
,14-07-2026,,,,,LU Loading,,,,,,3.65,,,RD239,,,
,14-07-2026,,,,,Waiting,,,,,,0.07,,,RD229,,,
,14-07-2026,,,,,LU Loading,,,,,,4.82,,,RD229,,,
,14-07-2026,,,,,Waiting,,,,,,0.3,,,RD249,,,
,14-07-2026,,,,,LU Loading,,,,,,3.08,,,RD249,,,
,14-07-2026,,,,,Waiting,,,,,,4.22,,,RD229,,,
,14-07-2026,,,,, Down,,,,,,109.3,,,RD229,,,
,14-07-2026,,,,,Waiting,,,,,,6.88,,,RD229,,,
,14-07-2026,,,,,LU Loading,,,,,,17.8,,,RD229,,,
,14-07-2026,,,,,LU Loading,,,,,,9.35,,,RD249,,,
,14-07-2026,,,,,Waiting,,,,,,0.52,,,RD230,,,
,14-07-2026,,,,,LU Loading,,,,,,10.78,,,RD230,,,
,14-07-2026,,,,,LU Loading,,,,,,5.5,,,RD229,,,
,14-07-2026,,,,,LU Loading,,,,,,3.33,,,RD249,,,
,14-07-2026,,,,,Waiting,,,,,,0.03,,,RD252,,,
,14-07-2026,,,,,LU Loading,,,,,,4.85,,,RD252,,,
,14-07-2026,,,,,Waiting,,,,,,5.97,,,RD230,,,
,14-07-2026,,,,,LU Loading,,,,,,5.22,,,RD230,,,
,14-07-2026,,,,,LU Loading,,,,,,5.68,,,RD249,,,
,14-07-2026,,,,,LU Loading,,,,,,9.68,,,RD229,,,
,14-07-2026,,,,,Waiting,,,,,,0.17,,,RD252,,,
,14-07-2026,,,,,LU Loading,,,,,,5.12,,,RD252,,,
,14-07-2026,,,,,Waiting,,,,,,0.03,,,RD249,,,
,14-07-2026,,,,,LU Loading,,,,,,7.83,,,RD249,,,
,14-07-2026,,,,,Waiting,,,,,,0.15,,,RD230,,,
,14-07-2026,,,,,LU Loading,,,,,,7.67,,,RD230,,,
,14-07-2026,,,,,LU Loading,,,,,,7.3,,,RD229,,,
,14-07-2026,,,,,Waiting,,,,,,0.23,,,RD252,,,
,14-07-2026,,,,,LU Loading,,,,,,4.25,,,RD252,,,
,14-07-2026,,,,,Waiting,,,,,,10.02,,,RD240,,,
,14-07-2026,,,,,Shift Change,,,,,,31.27,,,RD240,,,
,14-07-2026,,,,,,,,,,,,,,,,,
,Timestamp,,,,,Status Code,,Sub-Status Code,,,,"Duration
(min)",,,Hauling Unit,,,
,14-07-2026,,,,,Shift Change,,,,,,29.67,,,RD240,,,
,14-07-2026,,,,,Marching,,,,,,3.88,,,RD240,,,
,14-07-2026,,,,,LU Loading,,,,,,2.27,,,RD240,,,
,14-07-2026,,,,,LU Loading,,,,,,1.9,,,RD226,,,
,14-07-2026,,,,,Waiting,,,,,,13.08,,,RD253,,,
,14-07-2026,,,,,LU Loading,,,,,,1.78,,,RD253,,,
,14-07-2026,,,,,Waiting,,,,,,0.88,,,RD251,,,
,14-07-2026,,,,,LU Loading,,,,,,2,,,RD251,,,
,14-07-2026,,,,,Waiting,,,,,,0.22,,,RD252,,,
,14-07-2026,,,,,LU Loading,,,,,,2.4,,,RD252,,,
,14-07-2026,,,,,Waiting,,,,,,3.27,,,RD240,,,
,14-07-2026,,,,,LU Loading,,,,,,2.27,,,RD240,,,
,14-07-2026,,,,,Waiting,,,,,,0.67,,,RD141,,,
,14-07-2026,,,,,LU Loading,,,,,,2.23,,,RD141,,,
,14-07-2026,,,,,LU Loading,,,,,,2.77,,,RD126,,,
,14-07-2026,,,,,Spotting,,,,,,0.58,,,RD226,,,
,14-07-2026,,,,,LU Loading,,,,,,2.33,,,RD226,,,
,14-07-2026,,,,,Waiting,,,,,,0.15,,,RD229,,,
,14-07-2026,,,,,Spotting,,,,,,1.22,,,RD229,,,
,14-07-2026,,,,,LU Loading,,,,,,2.28,,,RD229,,,
,14-07-2026,,,,,Waiting,,,,,,6.47,,,RD253,,,
,14-07-2026,,,,,LU Loading,,,,,,2.75,,,RD253,,,
,14-07-2026,,,,,Spotting,,,,,,0.33,,,RD251,,,
,14-07-2026,,,,,LU Loading,,,,,,2.03,,,RD251,,,
,14-07-2026,,,,,Spotting,,,,,,0.47,,,RD252,,,
,14-07-2026,,,,,LU Loading,,,,,,1.87,,,RD252,,,
,14-07-2026,,,,,Waiting,,,,,,2.28,,,RD240,,,
,14-07-2026,,,,,Spotting,,,,,,0.43,,,RD240,,,
,14-07-2026,,,,,LU Loading,,,,,,3.08,,,RD240,,,
,14-07-2026,,,,,Waiting,,,,,,2.78,,,RD141,,,
,14-07-2026,,,,,LU Loading,,,,,,1.6,,,RD141,,,
,14-07-2026,,,,,Waiting,,,,,,6.18,,,RD226,,,
,14-07-2026,,,,,LU Loading,,,,,,2.02,,,RD226,,,
,14-07-2026,,,,,Waiting,,,,,,0.15,,,RD126,,,
,14-07-2026,,,,,Spotting,,,,,,0.52,,,RD126,,,
,14-07-2026,,,,,LU Loading,,,,,,2.42,,,RD126,,,
,14-07-2026,,,,,Waiting,,,,,,0.8,,,RD229,,,
,14-07-2026,,,,,LU Loading,,,,,,2.35,,,RD229,,,
,14-07-2026,,,,,Waiting,,,,,,3.25,,,RD253,,,
,14-07-2026,,,,,LU Loading,,,,,,1.8,,,RD253,,,
,14-07-2026,,,,,Waiting,,,,,,1.5,,,RD251,,,
,14-07-2026,,,,,LU Loading,,,,,,2.17,,,RD251,,,
,14-07-2026,,,,,Waiting,,,,,,8.23,,,RD240,,,
,14-07-2026,,,,,Spotting,,,,,,0.43,,,RD240,,,
,14-07-2026,,,,,LU Loading,,,,,,2.27,,,RD240,,,
,14-07-2026,,,,,Waiting,,,,,,5.73,,,RD252,,,
,14-07-2026,,,,,LU Loading,,,,,,2.2,,,RD252,,,
,14-07-2026,,,,,Waiting,,,,,,0.5,,,RD141,,,
,14-07-2026,,,,,LU Loading,,,,,,1.6,,,RD141,,,
,14-07-2026,,,,,Waiting,,,,,,2.28,,,RD126,,,
,14-07-2026,,,,,LU Loading,,,,,,1.83,,,RD126,,,
,14-07-2026,,,,,Waiting,,,,,,2.05,,,RD226,,,
,14-07-2026,,,,,LU Loading,,,,,,1.6,,,RD226,,,
,14-07-2026,,,,,Waiting,,,,,,7.68,,,RD253,,,
,14-07-2026,,,,,LU Loading,,,,,,2.53,,,RD253,,,
,14-07-2026,,,,,Waiting,,,,,,1.17,,,RD229,,,
,14-07-2026,,,,,LU Loading,,,,,,2.78,,,RD229,,,
,14-07-2026,,,,,LU Loading,,,,,,3.08,,,RD251,,,
,14-07-2026,,,,,Waiting,,,,,,6.73,,,RD240,,,
,14-07-2026,,,,,LU Loading,,,,,,2.18,,,RD240,,,
,14-07-2026,,,,,Waiting,,,,,,5.58,,,RD252,,,
,14-07-2026,,,,,Spotting,,,,,,0.47,,,RD252,,,
,14-07-2026,,,,,LU Loading,,,,,,1.65,,,RD252,,,
,14-07-2026,,,,,Waiting,,,,,,4.7,,,RD141,,,
,14-07-2026,,,,,LU Loading,,,,,,2.93,,,RD141,,,
,14-07-2026,,,,,Waiting,,,,,,0.53,,,RD126,,,
,14-07-2026,,,,,Spotting,,,,,,0.37,,,RD126,,,
,14-07-2026,,,,,LU Loading,,,,,,1.82,,,RD126,,,
,14-07-2026,,,,,Waiting,,,,,,2.95,,,RD253,,,
,14-07-2026,,,,,LU Loading,,,,,,1.9,,,RD253,,,
,14-07-2026,,,,,Waiting,,,,,,3.6,,,RD226,,,
,14-07-2026,,,,,Spotting,,,,,,0.85,,,RD226,,,
,14-07-2026,,,,,LU Loading,,,,,,1.77,,,RD226,,,
,14-07-2026,,,,,Waiting,,,,,,0.67,,,RD229,,,
,14-07-2026,,,,,LU Loading,,,,,,2.37,,,RD229,,,
,14-07-2026,,,,,Waiting,,,,,,16.27,,,RD252,,,
,14-07-2026,,,,,LU Loading,,,,,,1.78,,,RD252,,,
,14-07-2026,,,,,Waiting,,,,,,6.22,,,RD251,,,
,14-07-2026,,,,,LU Loading,,,,,,1.73,,,RD251,,,
,14-07-2026,,,,,Spotting,,,,,,0.38,,,RD240,,,
,14-07-2026,,,,,LU Loading,,,,,,2.23,,,RD240,,,
,14-07-2026,,,,,Waiting,,,,,,1.37,,,RD226,,,
,14-07-2026,,,,,LU Loading,,,,,,1.87,,,RD226,,,
,14-07-2026,,,,,Waiting,,,,,,8.52,,,RD126,,,
,14-07-2026,,,,,LU Loading,,,,,,2.08,,,RD126,,,
,14-07-2026,,,,,Waiting,,,,,,0.97,,,RD229,,,
,14-07-2026,,,,,LU Loading,,,,,,3.85,,,RD229,,,
,14-07-2026,,,,,Spotting,,,,,,0.2,,,RD253,,,
,14-07-2026,,,,,LU Loading,,,,,,2.78,,,RD253,,,
,14-07-2026,,,,,Waiting,,,,,,0.35,,,RD252,,,
,14-07-2026,,,,,LU Loading,,,,,,2.73,,,RD252,,,
,14-07-2026,,,,,Waiting,,,,,,3.1,,,RD231,,,
,14-07-2026,,,,,LU Loading,,,,,,2.05,,,RD231,,,
,14-07-2026,,,,,Spotting,,,,,,0.37,,,RD240,,,
,14-07-2026,,,,,LU Loading,,,,,,1.83,,,RD240,,,
,14-07-2026,,,,,Waiting,,,,,,0.28,,,RD226,,,
,14-07-2026,,,,,LU Loading,,,,,,2.1,,,RD226,,,
,14-07-2026,,,,,Waiting,,,,,,0.2,,,RD141,,,
,14-07-2026,,,,,Spotting,,,,,,0.62,,,RD141,,,
,14-07-2026,,,,,LU Loading,,,,,,1.9,,,RD141,,,
,14-07-2026,,,,,Waiting,,,,,,4.05,,,RD251,,,
,14-07-2026,,,,,LU Loading,,,,,,2.07,,,RD251,,,
,14-07-2026,,,,,Waiting,,,,,,0.35,,,RD143,,,
,14-07-2026,,,,,LU Loading,,,,,,2.77,,,RD143,,,
,14-07-2026,,,,,Waiting,,,,,,0.7,,,RD121,,,
,14-07-2026,,,,,LU Loading,,,,,,2.03,,,RD121,,,
,14-07-2026,,,,,Waiting,,,,,,0.5,,,RD126,,,
,14-07-2026,,,,,Spotting,,,,,,0.47,,,RD126,,,
,14-07-2026,,,,,LU Loading,,,,,,2.48,,,RD126,,,
,14-07-2026,,,,,Spotting,,,,,,0.73,,,RD229,,,
,14-07-2026,,,,,LU Loading,,,,,,3.08,,,RD229,,,
,14-07-2026,,,,,Waiting,,,,,,0.53,,,RD231,,,
,14-07-2026,,,,,LU Loading,,,,,,2.55,,,RD231,,,
,14-07-2026,,,,,Waiting,,,,,,0.32,,,RD252,,,
,14-07-2026,,,,,LU Loading,,,,,,2.45,,,RD252,,,
,14-07-2026,,,,,Waiting,,,,,,0.4,,,RD240,,,
,14-07-2026,,,,,LU Loading,,,,,,0.58,,,RD240,,,
,14-07-2026,,,,,Waiting,,,,,,1.78,,,RD240,,,
,14-07-2026,,,,,LU Loading,,,,,,3.77,,,RD240,,,
,14-07-2026,,,,,LU Loading,,,,,,9.02,,,RD253,,,
,14-07-2026,,,,,Spotting,,,,,,0.33,,,RD141,,,
,14-07-2026,,,,,LU Loading,,,,,,4.55,,,RD141,,,
,14-07-2026,,,,,Waiting,,,,,,1.62,,,RD143,,,
,14-07-2026,,,,,Spotting,,,,,,0.18,,,RD143,,,
,14-07-2026,,,,,LU Loading,,,,,,3.63,,,RD143,,,
,14-07-2026,,,,,Waiting,,,,,,1.62,,,RD121,,,
,14-07-2026,,,,,LU Loading,,,,,,2.62,,,RD121,,,
,14-07-2026,,,,,Spotting,,,,,,0.1,,,RD126,,,
,14-07-2026,,,,,LU Loading,,,,,,2.45,,,RD126,,,
,14-07-2026,,,,,LU Loading,,,,,,2.73,,,RD229,,,
,14-07-2026,,,,,Waiting,,,,,,2.4,,,RD143,,,
,14-07-2026,,,,,LU Loading,,,,,,0.05,,,RD143,,,
,14-07-2026,,,,,Waiting,,,,,,2.65,,,RD231,,,
,14-07-2026,,,,,LU Loading,,,,,,3.57,,,RD231,,,
,14-07-2026,,,,,Waiting,,,,,,11.87,,,RD253,,,
,14-07-2026,,,,,LU Loading,,,,,,5.03,,,RD253,,,
,14-07-2026,,,,,Waiting,,,,,,3.38,,,RD141,,,
,14-07-2026,,,,,LU Loading,,,,,,3.32,,,RD141,,,
,14-07-2026,,,,,Waiting,,,,,,3.15,,,RD143,,,
,14-07-2026,,,,,LU Loading,,,,,,2.65,,,RD143,,,
,14-07-2026,,,,,Waiting,,,,,,0.1,,,RD229,,,
,14-07-2026,,,,,Spotting,,,,,,0.35,,,RD229,,,
,14-07-2026,,,,,LU Loading,,,,,,4.1,,,RD229,,,
,14-07-2026,,,,,Spotting,,,,,,0.03,,,RD126,,,
,14-07-2026,,,,,LU Loading,,,,,,2.57,,,RD126,,,
,14-07-2026,,,,,Waiting,,,,,,0.88,,,RD231,,,
,14-07-2026,,,,,LU Loading,,,,,,2.97,,,RD231,,,
,14-07-2026,,,,,Spotting,,,,,,0.12,,,RD253,,,
,14-07-2026,,,,,LU Loading,,,,,,3.88,,,RD253,,,
,14-07-2026,,,,,Waiting,,,,,,0.55,,,RD121,,,
,14-07-2026,,,,,LU Loading,,,,,,2.32,,,RD121,,,
,14-07-2026,,,,,Waiting,,,,,,1.12,,,RD141,,,
,14-07-2026,,,,,LU Loading,,,,,,2.32,,,RD141,,,
,14-07-2026,,,,,Waiting,,,,,,2.22,,,RD143,,,
,14-07-2026,,,,,LU Loading,,,,,,2.53,,,RD143,,,
,14-07-2026,,,,,Spotting,,,,,,0.88,,,RD126,,,
,14-07-2026,,,,,LU Loading,,,,,,2.28,,,RD126,,,
,14-07-2026,,,,,Waiting,,,,,,0.52,,,RD231,,,
,14-07-2026,,,,,Spotting,,,,,,0.13,,,RD231,,,
,14-07-2026,,,,,LU Loading,,,,,,4.6,,,RD231,,,
,14-07-2026,,,,,Waiting,,,,,,0.4,,,RD253,,,
,14-07-2026,,,,,LU Loading,,,,,,2.98,,,RD253,,,
,14-07-2026,,,,,Waiting,,,,,,3.13,,,RD121,,,
,14-07-2026,,,,,LU Loading,,,,,,2.65,,,RD121,,,
,14-07-2026,,,,,Waiting,,,,,,2.32,,,RD141,,,
,14-07-2026,,,,,Spotting,,,,,,0.38,,,RD141,,,
,14-07-2026,,,,,LU Loading,,,,,,2.62,,,RD141,,,
,14-07-2026,,,,,Waiting,,,,,,0.92,,,RD143,,,
,14-07-2026,,,,,LU Loading,,,,,,2.62,,,RD143,,,
,14-07-2026,,,,,LU Loading,,,,,,2.93,,,RD231,,,
,14-07-2026,,,,,LU Loading,,,,,,0.13,,,RD126,,,
,14-07-2026,,,,,LU Loading,,,,,,2.6,,,RD253,,,
,14-07-2026,,,,,LU Loading,,,,,,1.83,,,RD126,,,
,14-07-2026,,,,,Waiting,,,,,,0.1,,,RD233,,,
,14-07-2026,,,,,Marching,,,,,,45.45,,,RD233,,,
,14-07-2026,,,,,Blasting,,,,,,74.6,,,RD233,,,
,14-07-2026,,,,,Blasting,,,,,,15.3,,,RD233,,,
,14-07-2026,,,,,Waiting,,,,,,7.05,,,RD233,,,
,14-07-2026,,,,,Marching,,,,,,4.5,,,RD233,,,
,14-07-2026,,,,,LU Loading,,,,,,5.07,,,RD233,,,
,14-07-2026,,,,,Waiting,,,,,,4.93,,,RD234,,,
,14-07-2026,,,,,Marching,,,,,,4.48,,,RD234,,,
,14-07-2026,,,,,LU Loading,,,,,,3.22,,,RD234,,,
,14-07-2026,,,,,Spotting,,,,,,0.88,,,RD253,,,
,14-07-2026,,,,,LU Loading,,,,,,2.63,,,RD253,,,
,14-07-2026,,,,,Waiting,,,,,,0.78,,,RD230,,,
,14-07-2026,,,,,LU Loading,,,,,,2.55,,,RD230,,,
,14-07-2026,,,,,Waiting,,,,,,0.35,,,RD237,,,
,14-07-2026,,,,,LU Loading,,,,,,2.48,,,RD237,,,
,14-07-2026,,,,,Waiting,,,,,,0.23,,,RD233,,,
,14-07-2026,,,,,LU Loading,,,,,,3.07,,,RD233,,,
,14-07-2026,,,,,Waiting,,,,,,0.35,,,RD250,,,
,14-07-2026,,,,,LU Loading,,,,,,3.1,,,RD250,,,
,14-07-2026,,,,,LU Loading,,,,,,3.02,,,RD234,,,
,14-07-2026,,,,,Waiting,,,,,,0.25,,,RD253,,,
,14-07-2026,,,,,Spotting,,,,,,0.67,,,RD253,,,
,14-07-2026,,,,,LU Loading,,,,,,2.65,,,RD253,,,
,14-07-2026,,,,,Waiting,,,,,,2.52,,,RD230,,,
,14-07-2026,,,,,LU Loading,,,,,,0.48,,,RD230,,,
,14-07-2026,,,,,Waiting,,,,,,0.37,,,RD237,,,
,14-07-2026,,,,,LU Loading,,,,,,3.13,,,RD237,,,
,14-07-2026,,,,,Waiting,,,,,,7.02,,,RD234,,,
,14-07-2026,,,,,Spotting,,,,,,1.33,,,RD234,,,
,14-07-2026,,,,,LU Loading,,,,,,2.3,,,RD234,,,
,14-07-2026,,,,,Waiting,,,,,,0.47,,,RD250,,,
,14-07-2026,,,,,LU Loading,,,,,,2.8,,,RD250,,,
,14-07-2026,,,,,Waiting,,,,,,0.55,,,RD253,,,
,14-07-2026,,,,,LU Loading,,,,,,3.22,,,RD253,,,
,14-07-2026,,,,,Waiting,,,,,,0.65,,,RD230,,,
,14-07-2026,,,,,LU Loading,,,,,,2.8,,,RD230,,,
,14-07-2026,,,,,Waiting,,,,,,15.1,,,RD233,,,
,14-07-2026,,,,,LU Loading,,,,,,2.32,,,RD233,,,
,14-07-2026,,,,,Spotting,,,,,,0.3,,,RD234,,,
,14-07-2026,,,,,LU Loading,,,,,,3.4,,,RD234,,,
,14-07-2026,,,,,LU Loading,,,,,,3.98,,,RD253,,,
,14-07-2026,,,,,LU Loading,,,,,,3.05,,,RD250,,,
,14-07-2026,,,,,Waiting,,,,,,5.32,,,RD230,,,
,14-07-2026,,,,,Spotting,,,,,,0.37,,,RD230,,,
,14-07-2026,,,,,LU Loading,,,,,,3.1,,,RD230,,,
,14-07-2026,,,,,Waiting,,,,,,1.17,,,RD234,,,
,14-07-2026,,,,,LU Loading,,,,,,4.33,,,RD234,,,
,14-07-2026,,,,,Waiting,,,,,,4.65,,,RD253,,,
,14-07-2026,,,,,LU Loading,,,,,,2.72,,,RD253,,,
,14-07-2026,,,,,LU Loading,,,,,,3.17,,,RD250,,,
,14-07-2026,,,,,Waiting,,,,,,1.9,,,RD230,,,
,14-07-2026,,,,,LU Loading,,,,,,2.47,,,RD230,,,
,14-07-2026,,,,,Waiting,,,,,,0.48,,,RD233,,,
,14-07-2026,,,,,LU Loading,,,,,,2.82,,,RD233,,,
,14-07-2026,,,,,Waiting,,,,,,0.55,,,RD234,,,
,14-07-2026,,,,,LU Loading,,,,,,2.78,,,RD234,,,
,14-07-2026,,,,,Waiting,,,,,,10.38,,,RD250,,,
,14-07-2026,,,,,LU Loading,,,,,,2.58,,,RD250,,,
,14-07-2026,,,,,Waiting,,,,,,0.42,,,RD230,,,
,14-07-2026,,,,,LU Loading,,,,,,2.65,,,RD230,,,
,14-07-2026,,,,,Waiting,,,,,,0.88,,,RD234,,,
,14-07-2026,,,,,Spotting,,,,,,0.27,,,RD234,,,
,14-07-2026,,,,,LU Loading,,,,,,3.32,,,RD234,,,
,14-07-2026,,,,,Waiting,,,,,,11.23,,,RD245,,,
,14-07-2026,,,,,LU Loading,,,,,,2.18,,,RD245,,,
,14-07-2026,,,,,Waiting,,,,,,0.37,,,RD253,,,
,14-07-2026,,,,,LU Loading,,,,,,2.62,,,RD253,,,
,14-07-2026,,,,,Waiting,,,,,,6.32,,,RD230,,,
,14-07-2026,,,,,LU Loading,,,,,,2.52,,,RD230,,,
,14-07-2026,,,,,Spotting,,,,,,0.22,,,RD233,,,
,14-07-2026,,,,,LU Loading,,,,,,2.72,,,RD233,,,
,14-07-2026,,,,,Waiting,,,,,,4.32,,,RD253,,,
,14-07-2026,,,,,LU Loading,,,,,,2.98,,,RD253,,,
,14-07-2026,,,,,Waiting,,,,,,7.62,,,RD230,,,
,14-07-2026,,,,,Spotting,,,,,,0.33,,,RD230,,,
,14-07-2026,,,,,LU Loading,,,,,,2.92,,,RD230,,,
,14-07-2026,,,,,LU Loading,,,,,,3.82,,,RD233,,,
,14-07-2026,,,,,Waiting,,,,,,0.25,,,RD253,,,
,14-07-2026,,,,,Spotting,,,,,,0.47,,,RD253,,,
,14-07-2026,,,,,LU Loading,,,,,,2.53,,,RD253,,,
,14-07-2026,,,,,Waiting,,,,,,13.55,,,RD233,,,
,14-07-2026,,,,,LU Loading,,,,,,3,,,RD233,,,
,14-07-2026,,,,,Spotting,,,,,,0.28,,,RD253,,,
,14-07-2026,,,,,LU Loading,,,,,,3.12,,,RD253,,,
,14-07-2026,,,,,LU Loading,,,,,,3.88,,,RD250,,,
,14-07-2026,,,,,Waiting,,,,,,0.18,,,RD234,,,
,14-07-2026,,,,,Spotting,,,,,,0.3,,,RD234,,,
,14-07-2026,,,,,LU Loading,,,,,,2.93,,,RD234,,,
,14-07-2026,,,,,Waiting,,,,,,6.53,,,RD246,,,
,14-07-2026,,,,,LU Loading,,,,,,2.52,,,RD246,,,
,14-07-2026,,,,,Waiting,,,,,,0.55,,,RD253,,,
,14-07-2026,,,,,LU Loading,,,,,,3.1,,,RD253,,,
,14-07-2026,,,,,Waiting,,,,,,3.03,,,RD250,,,
,14-07-2026,,,,,LU Loading,,,,,,3.27,,,RD250,,,
,14-07-2026,,,,,Waiting,,,,,,0.17,,,RD234,,,
,14-07-2026,,,,,LU Loading,,,,,,2.93,,,RD234,,,
,14-07-2026,,,,,Waiting,,,,,,1.23,,,RD246,,,
,14-07-2026,,,,,LU Loading,,,,,,2.63,,,RD246,,,
,14-07-2026,,,,,Waiting,,,,,,0.42,,,RD230,,,
,14-07-2026,,,,,LU Loading,,,,,,2.9,,,RD230,,,
,14-07-2026,,,,,Waiting,,,,,,0.57,,,RD253,,,
,14-07-2026,,,,,LU Loading,,,,,,2.83,,,RD253,,,
,14-07-2026,,,,,Waiting,,,,,,2.7,,,RD234,,,
,14-07-2026,,,,,Spotting,,,,,,0.12,,,RD234,,,
,14-07-2026,,,,,LU Loading,,,,,,2.78,,,RD234,,,
,14-07-2026,,,,,Waiting,,,,,,0.47,,,RD250,,,
,14-07-2026,,,,,LU Loading,,,,,,4.1,,,RD250,,,
,14-07-2026,,,,,Waiting,,,,,,4.48,,,RD230,,,
,14-07-2026,,,,,LU Loading,,,,,,0.25,,,RD230,,,
,14-07-2026,,,,,Waiting,,,,,,0.62,,,RD230,,,
,14-07-2026,,,,,LU Loading,,,,,,2.48,,,RD230,,,
,14-07-2026,,,,,Waiting,,,,,,1,,,RD253,,,
,14-07-2026,,,,,Spotting,,,,,,0.4,,,RD253,,,
,14-07-2026,,,,,LU Loading,,,,,,2.52,,,RD253,,,
,14-07-2026,,,,,Waiting,,,,,,0.6,,,RD234,,,
,14-07-2026,,,,,LU Loading,,,,,,2.68,,,RD234,,,
,14-07-2026,,,,,Waiting,,,,,,3.67,,,RD250,,,
,14-07-2026,,,,,Spotting,,,,,,0.22,,,RD250,,,
,14-07-2026,,,,,LU Loading,,,,,,3.05,,,RD250,,,
,14-07-2026,,,,,Waiting,,,,,,6.1,,,RD230,,,
,14-07-2026,,,,,LU Loading,,,,,,2.67,,,RD230,,,
,14-07-2026,,,,,Waiting,,,,,,0.17,,,RD253,,,
,14-07-2026,,,,,Spotting,,,,,,0.12,,,RD253,,,
,14-07-2026,,,,,LU Loading,,,,,,3.97,,,RD253,,,
,14-07-2026,,,,,Spotting,,,,,,0.35,,,RD234,,,
,14-07-2026,,,,,LU Loading,,,,,,3.27,,,RD234,,,
,14-07-2026,,,,,Waiting,,,,,,1.8,,,RD246,,,
,14-07-2026,,,,,LU Loading,,,,,,2.88,,,RD246,,,
,14-07-2026,,,,,Waiting,,,,,,0.38,,,RD250,,,
,14-07-2026,,,,,LU Loading,,,,,,4.52,,,RD250,,,
,14-07-2026,,,,,Waiting,,,,,,2.85,,,RD230,,,
,14-07-2026,,,,,Spotting,,,,,,0.3,,,RD230,,,
,14-07-2026,,,,,LU Loading,,,,,,2.22,,,RD230,,,
,14-07-2026,,,,,Waiting,,,,,,0.22,,,RD253,,,
,14-07-2026,,,,,Spotting,,,,,,0.48,,,RD253,,,
,14-07-2026,,,,,LU Loading,,,,,,2.98,,,RD253,,,
,14-07-2026,,,,,Spotting,,,,,,0.28,,,RD234,,,
,14-07-2026,,,,,LU Loading,,,,,,4.1,,,RD234,,,
,14-07-2026,,,,,Waiting,,,,,,15.08,,,RD238,,,
,14-07-2026,,,,,Shift Change,,,,,,25.53,,,RD238,,,
,14-07-2026,,,,,Shift Change,,,,,,31.53,,,RD238,,,
,14-07-2026,,,,,Waiting,,,,,,10.23,,,RD238,,,
,14-07-2026,,,,,LU Loading,,,,,,3.1,,,RD238,,,
,14-07-2026,,,,,Waiting,,,,,,0.4,,,RD239,,,
,14-07-2026,,,,,LU Loading,,,,,,3.97,,,RD239,,,
,14-07-2026,,,,,LU Loading,,,,,,2.53,,,RD247,,,
,14-07-2026,,,,,Waiting,,,,,,0.28,,,RD238,,,
,14-07-2026,,,,,LU Loading,,,,,,3.42,,,RD238,,,
,14-07-2026,,,,,LU Loading,,,,,,4.18,,,RD239,,,
,14-07-2026,,,,,LU Loading,,,,,,3.15,,,RD238,,,
,14-07-2026,,,,,Waiting,,,,,,1.2,,,RD239,,,
,14-07-2026,,,,,LU Loading,,,,,,2.92,,,RD239,,,
,14-07-2026,,,,,LU Loading,,,,,,2.67,,,RD238,,,
,14-07-2026,,,,,Waiting,,,,,,0.88,,,RD239,,,
,14-07-2026,,,,,LU Loading,,,,,,4.82,,,RD239,,,
,14-07-2026,,,,,LU Loading,,,,,,2.7,,,RD238,,,
,14-07-2026,,,,,Waiting,,,,,,5.63,,,RD239,,,
,14-07-2026,,,,,LU Loading,,,,,,2.98,,,RD239,,,
,14-07-2026,,,,,Waiting,,,,,,0.65,,,RD234,,,
,14-07-2026,,,,,Spotting,,,,,,0.13,,,RD234,,,
,14-07-2026,,,,,LU Loading,,,,,,3.88,,,RD234,,,
,14-07-2026,,,,,Waiting,,,,,,1.52,,,RD238,,,
,14-07-2026,,,,,LU Loading,,,,,,2.75,,,RD238,,,
,14-07-2026,,,,,Waiting,,,,,,0.02,,,RD234,,,
,14-07-2026,,,,,LU Loading,,,,,,4.28,,,RD234,,,
,14-07-2026,,,,,Waiting,,,,,,1.48,,,RD238,,,
,14-07-2026,,,,,LU Loading,,,,,,2.73,,,RD238,,,
,14-07-2026,,,,,Waiting,,,,,,0.53,,,RD234,,,
,14-07-2026,,,,,LU Loading,,,,,,3.37,,,RD234,,,
,14-07-2026,,,,,Waiting,,,,,,1.55,,,RD238,,,
,14-07-2026,,,,,LU Loading,,,,,,2.82,,,RD238,,,
,14-07-2026,,,,,Waiting,,,,,,5.22,,,RD238,,,
,14-07-2026,,,,,LU Loading,,,,,,2.4,,,RD238,,,
,14-07-2026,,,,,Waiting,,,,,,0.42,,,RD234,,,
,15-07-2026,,,,,LU Loading,,,,,,4.32,,,RD234,,,
,15-07-2026,,,,,Waiting,,,,,,1.18,,,RD238,,,
,15-07-2026,,,,,Spotting,,,,,,0.15,,,RD238,,,
,15-07-2026,,,,,LU Loading,,,,,,3.12,,,RD238,,,
,15-07-2026,,,,,Waiting,,,,,,7.68,,,RD234,,,
,15-07-2026,,,,,Spotting,,,,,,0.57,,,RD234,,,
,15-07-2026,,,,,LU Loading,,,,,,3.37,,,RD234,,,
,15-07-2026,,,,,Waiting,,,,,,1.35,,,RD238,,,
,15-07-2026,,,,,LU Loading,,,,,,2.57,,,RD238,,,
,15-07-2026,,,,,Waiting,,,,,,1.02,,,RD234,,,
,15-07-2026,,,,,LU Loading,,,,,,2.8,,,RD234,,,
,15-07-2026,,,,,Waiting,,,,,,1,,,RD238,,,
,15-07-2026,,,,,LU Loading,,,,,,2.72,,,RD238,,,
,15-07-2026,,,,,Waiting,,,,,,1.1,,,RD234,,,
,15-07-2026,,,,,LU Loading,,,,,,3.4,,,RD234,,,
,15-07-2026,,,,,Waiting,,,,,,1.2,,,RD238,,,
,15-07-2026,,,,,LU Loading,,,,,,2.78,,,RD238,,,
,15-07-2026,,,,,Waiting,,,,,,2.03,,,RD234,,,
,15-07-2026,,,,,LU Loading,,,,,,2.85,,,RD234,,,
,15-07-2026,,,,,Waiting,,,,,,8.3,,,RD238,,,
,15-07-2026,,,,,LU Loading,,,,,,4.68,,,RD238,,,
,15-07-2026,,,,,LU Loading,,,,,,3.83,,,RD249,,,
,15-07-2026,,,,,LU Loading,,,,,,2.72,,,RD234,,,
,15-07-2026,,,,,Waiting,,,,,,4.5,,,RD249,,,
,15-07-2026,,,,,LU Loading,,,,,,2.35,,,RD249,,,
,15-07-2026,,,,,Waiting,,,,,,3.13,,,RD239,,,
,15-07-2026,,,,,LU Loading,,,,,,2.08,,,RD239,,,
,15-07-2026,,,,,Waiting,,,,,,0.5,,,RD245,,,
,15-07-2026,,,,,LU Loading,,,,,,2.52,,,RD245,,,
,15-07-2026,,,,,Waiting,,,,,,2.42,,,RD245,,,
,15-07-2026,,,,,LU Loading,,,,,,2.47,,,RD245,,,
,15-07-2026,,,,,Waiting,,,,,,0.82,,,RD234,,,
,15-07-2026,,,,,LU Loading,,,,,,2.67,,,RD234,,,
,15-07-2026,,,,,Waiting,,,,,,4.27,,,RD252,,,
,15-07-2026,,,,,LU Loading,,,,,,2.93,,,RD252,,,
,15-07-2026,,,,,Waiting,,,,,,0.65,,,RD238,,,
,15-07-2026,,,,,Spotting,,,,,,0.03,,,RD238,,,
,15-07-2026,,,,,LU Loading,,,,,,5.42,,,RD238,,,
,15-07-2026,,,,,Waiting,,,,,,4.57,,,RD241,,,
,15-07-2026,,,,,LU Loading,,,,,,3.63,,,RD241,,,
,15-07-2026,,,,,Waiting,,,,,,15.48,,,RD245,,,
,15-07-2026,,,,,LU Loading,,,,,,3.18,,,RD245,,,
,15-07-2026,,,,,Waiting,,,,,,1.5,,,RD234,,,
,15-07-2026,,,,,LU Loading,,,,,,4.58,,,RD234,,,
,15-07-2026,,,,,Waiting,,,,,,3.67,,,RD234,,,
,15-07-2026,,,,,LU Loading,,,,,,3.02,,,RD234,,,
,15-07-2026,,,,,Waiting,,,,,,4.1,,,RD245,,,
,15-07-2026,,,,,LU Loading,,,,,,2.85,,,RD245,,,
,15-07-2026,,,,,Waiting,,,,,,6.83,,,RD252,,,
,15-07-2026,,,,,LU Loading,,,,,,2.67,,,RD252,,,
,15-07-2026,,,,,Waiting,,,,,,5.97,,,RD238,,,
,15-07-2026,,,,,LU Loading,,,,,,3.13,,,RD238,,,
,15-07-2026,,,,,Waiting,,,,,,7.38,,,RD238,,,
,15-07-2026,,,,,Spotting,,,,,,0.3,,,RD238,,,
,15-07-2026,,,,,LU Loading,,,,,,3.22,,,RD238,,,
,15-07-2026,,,,,Waiting,,,,,,26.8,,,RD234,,,
,15-07-2026,,,,,LU Loading,,,,,,2.6,,,RD234,,,
,15-07-2026,,,,,Waiting,,,,,,2.6,,,RD241,,,
,15-07-2026,,,,,LU Loading,,,,,,2.88,,,RD241,,,
,15-07-2026,,,,,Waiting,,,,,,16.57,,,RD234,,,
,15-07-2026,,,,,LU Loading,,,,,,4.03,,,RD234,,,
,15-07-2026,,,,,Waiting,,,,,,3.43,,,RD252,,,
,15-07-2026,,,,,Face Prep,,,,,,7.08,,,RD252,,,
,15-07-2026,,,,,LU Loading,,,,,,3.13,,,RD252,,,
,15-07-2026,,,,,Waiting,,,,,,0.9,,,RD250,,,
,15-07-2026,,,,,LU Loading,,,,,,3.12,,,RD250,,,
,15-07-2026,,,,,Waiting,,,,,,0.63,,,RD234,,,
,15-07-2026,,,,,LU Loading,,,,,,3.92,,,RD234,,,
,15-07-2026,,,,,Waiting,,,,,,1.35,,,RD245,,,
,15-07-2026,,,,,LU Loading,,,,,,3.22,,,RD245,,,
,15-07-2026,,,,,Waiting,,,,,,2.93,,,RD252,,,
,15-07-2026,,,,,LU Loading,,,,,,0.87,,,RD252,,,
,15-07-2026,,,,,Waiting,,,,,,5.45,,,RD250,,,
,15-07-2026,,,,,LU Loading,,,,,,3.63,,,RD250,,,
,15-07-2026,,,,,Waiting,,,,,,2,,,RD234,,,
,15-07-2026,,,,,LU Loading,,,,,,4.98,,,RD234,,,
,15-07-2026,,,,,Waiting,,,,,,3.97,,,RD252,,,
,15-07-2026,,,,,LU Loading,,,,,,3.2,,,RD252,,,
,15-07-2026,,,,,Waiting,,,,,,1.6,,,RD245,,,
,15-07-2026,,,,,LU Loading,,,,,,4.13,,,RD245,,,
,15-07-2026,,,,,Waiting,,,,,,2.55,,,RD234,,,
,15-07-2026,,,,,LU Loading,,,,,,3.93,,,RD234,,,
,15-07-2026,,,,,Waiting,,,,,,4.83,,,RD252,,,
,15-07-2026,,,,,LU Loading,,,,,,2.57,,,RD252,,,
,15-07-2026,,,,,Waiting,,,,,,7,,,RD234,,,
,15-07-2026,,,,,LU Loading,,,,,,3.55,,,RD234,,,
,15-07-2026,,,,,Waiting,,,,,,4.3,,,RD252,,,
,15-07-2026,,,,,LU Loading,,,,,,3.25,,,RD252,,,
,15-07-2026,,,,,Waiting,,,,,,8.98,,,RD246,,,
,15-07-2026,,,,,Shift Change,,,,,,26.08,,,RD246,,,
,15-07-2026,,,,,,,,,,,,,,,,,
,Timestamp,,,,,Status Code,,Sub-Status Code,,,,"Duration
(min)",,,Hauling Unit,,,
,15-07-2026,,,,,Shift Change,,,,,,60.78,,,RD246,,,
,15-07-2026,,,,,LU Loading,,,,,,2.58,,,RD246,,,
,15-07-2026,,,,,Waiting,,,,,,0.5,,,RD248,,,
,15-07-2026,,,,,LU Loading,,,,,,3.5,,,RD248,,,
,15-07-2026,,,,,Waiting,,,,,,0.67,,,RD247,,,
,15-07-2026,,,,,LU Loading,,,,,,4.33,,,RD247,,,
,15-07-2026,,,,,Waiting,,,,,,3.7,,,RD249,,,
,15-07-2026,,,,,LU Loading,,,,,,5.15,,,RD249,,,
,15-07-2026,,,,,Waiting,,,,,,7.73,,,RD242,,,
,15-07-2026,,,,,Face Prep,,,,,,13.2,,,RD242,,,
,15-07-2026,,,,,LU Loading,,,,,,1.02,,,RD242,,,
,15-07-2026,,,,,Waiting,,,,,,0.22,,,RD242,,,
,15-07-2026,,,,,Face Prep,,,,,,13.13,,,RD242,,,
,15-07-2026,,,,,LU Loading,,,,,,2.8,,,RD242,,,
,15-07-2026,,,,,Waiting,,,,,,0.43,,,RD246,,,
,15-07-2026,,,,,LU Loading,,,,,,4.72,,,RD246,,,
,15-07-2026,,,,,Waiting,,,,,,0.68,,,RD248,,,
,15-07-2026,,,,,LU Loading,,,,,,4.25,,,RD248,,,
,15-07-2026,,,,,Waiting,,,,,,0.6,,,RD247,,,
,15-07-2026,,,,,LU Loading,,,,,,3.7,,,RD247,,,
,15-07-2026,,,,,Waiting,,,,,,0.45,,,RD249,,,
,15-07-2026,,,,,LU Loading,,,,,,5.05,,,RD249,,,
,15-07-2026,,,,,Waiting,,,,,,0.52,,,RD242,,,
,15-07-2026,,,,,Spotting,,,,,,0.27,,,RD242,,,
,15-07-2026,,,,,LU Loading,,,,,,3.45,,,RD242,,,
,15-07-2026,,,,,Waiting,,,,,,1.57,,,RD248,,,
,15-07-2026,,,,,Spotting,,,,,,0.4,,,RD248,,,
,15-07-2026,,,,,LU Loading,,,,,,2.82,,,RD248,,,
,15-07-2026,,,,,Waiting,,,,,,0.43,,,RD246,,,
,15-07-2026,,,,,LU Loading,,,,,,3.93,,,RD246,,,
,15-07-2026,,,,,Waiting,,,,,,2.92,,,RD247,,,
,15-07-2026,,,,,LU Loading,,,,,,1.32,,,RD247,,,
,15-07-2026,,,,,Waiting,,,,,,1.58,,,RD249,,,
,15-07-2026,,,,,Spotting,,,,,,0.25,,,RD249,,,
,15-07-2026,,,,,LU Loading,,,,,,6.43,,,RD249,,,
,15-07-2026,,,,,Waiting,,,,,,8.72,,,RD249,,,
,15-07-2026,,,,,LU Loading,,,,,,4.02,,,RD249,,,
,15-07-2026,,,,,LU Loading,,,,,,4.08,,,RD247,,,
,15-07-2026,,,,,Waiting,,,,,,1.45,,,RD242,,,
,15-07-2026,,,,,LU Loading,,,,,,3.55,,,RD242,,,
,15-07-2026,,,,,Waiting,,,,,,0.33,,,RD248,,,
,15-07-2026,,,,,LU Loading,,,,,,3.85,,,RD248,,,
,15-07-2026,,,,,Waiting,,,,,,6.47,,,RD247,,,
,15-07-2026,,,,,LU Loading,,,,,,5.98,,,RD247,,,
,15-07-2026,,,,,Waiting,,,,,,32.38,,,RD240,,,
,15-07-2026,,,,,Fuel Filling,,,,,,10.53,,,RD240,,,
,15-07-2026,,,,,Waiting,,,,,,0.2,,,RD240,,,
,15-07-2026,,,,,LU Loading,,,,,,2.9,,,RD240,,,
,15-07-2026,,,,,Waiting,,,,,,7.85,,,RD248,,,
,15-07-2026,,,,,Spotting,,,,,,0.7,,,RD248,,,
,15-07-2026,,,,,LU Loading,,,,,,4.53,,,RD248,,,
,15-07-2026,,,,,Waiting,,,,,,1.6,,,RD242,,,
,15-07-2026,,,,,Spotting,,,,,,0.17,,,RD242,,,
,15-07-2026,,,,,LU Loading,,,,,,4.38,,,RD242,,,
,15-07-2026,,,,,Waiting,,,,,,9.45,,,RD247,,,
,15-07-2026,,,,,LU Loading,,,,,,3.87,,,RD247,,,
,15-07-2026,,,,,Waiting,,,,,,0.77,,,RD249,,,
,15-07-2026,,,,,LU Loading,,,,,,5.52,,,RD249,,,
,15-07-2026,,,,,Waiting,,,,,,5.47,,,RD132,,,
,15-07-2026,,,,,LU Loading,,,,,,7.52,,,RD132,,,
,15-07-2026,,,,,Waiting,,,,,,1.33,,,RD247,,,
,15-07-2026,,,,,LU Loading,,,,,,4.13,,,RD247,,,
,15-07-2026,,,,,Waiting,,,,,,1.45,,,RD249,,,
,15-07-2026,,,,,LU Loading,,,,,,4.87,,,RD249,,,
,15-07-2026,,,,,Waiting,,,,,,0.7,,,RD248,,,
,15-07-2026,,,,,LU Loading,,,,,,4.07,,,RD248,,,
,15-07-2026,,,,,Waiting,,,,,,3.32,,,RD132,,,
,15-07-2026,,,,,LU Loading,,,,,,3.03,,,RD132,,,
,15-07-2026,,,,,Waiting,,,,,,1.35,,,RD242,,,
,15-07-2026,,,,,LU Loading,,,,,,2.88,,,RD242,,,
,15-07-2026,,,,,Waiting,,,,,,0.75,,,RD247,,,
,15-07-2026,,,,,LU Loading,,,,,,3.52,,,RD247,,,
,15-07-2026,,,,,Waiting,,,,,,2.63,,,RD248,,,
,15-07-2026,,,,,LU Loading,,,,,,3.55,,,RD248,,,
,15-07-2026,,,,,LU Loading,,,,,,3.38,,,RD233,,,
,15-07-2026,,,,,Waiting,,,,,,0.62,,,RD249,,,
,15-07-2026,,,,,LU Loading,,,,,,6.25,,,RD249,,,
,15-07-2026,,,,,LU Loading,,,,,,2.87,,,RD242,,,
,15-07-2026,,,,,Waiting,,,,,,3.18,,,RD247,,,
,15-07-2026,,,,,LU Loading,,,,,,3.22,,,RD247,,,
,15-07-2026,,,,,Waiting,,,,,,0.73,,,RD248,,,
,15-07-2026,,,,,Spotting,,,,,,0.2,,,RD248,,,
,15-07-2026,,,,,LU Loading,,,,,,2.93,,,RD248,,,
,15-07-2026,,,,,Waiting,,,,,,0.52,,,RD233,,,
,15-07-2026,,,,,LU Loading,,,,,,2.95,,,RD233,,,
,15-07-2026,,,,,Waiting,,,,,,3.72,,,RD249,,,
,15-07-2026,,,,,LU Loading,,,,,,5.02,,,RD249,,,
,15-07-2026,,,,,Waiting,,,,,,0.57,,,RD242,,,
,15-07-2026,,,,,LU Loading,,,,,,3.28,,,RD242,,,
,15-07-2026,,,,,Waiting,,,,,,0.77,,,RD247,,,
,15-07-2026,,,,,LU Loading,,,,,,3,,,RD247,,,
,15-07-2026,,,,,Waiting,,,,,,0.38,,,RD233,,,
,15-07-2026,,,,,LU Loading,,,,,,3.25,,,RD233,,,
,15-07-2026,,,,,Waiting,,,,,,0.68,,,RD248,,,
,15-07-2026,,,,,LU Loading,,,,,,3.17,,,RD248,,,
,15-07-2026,,,,,Waiting,,,,,,5.92,,,RD249,,,
,15-07-2026,,,,,LU Loading,,,,,,5.78,,,RD249,,,
,15-07-2026,,,,,Waiting,,,,,,0.68,,,RD242,,,
,15-07-2026,,,,,LU Loading,,,,,,3.07,,,RD242,,,
,15-07-2026,,,,,Waiting,,,,,,0.65,,,RD247,,,
,15-07-2026,,,,,LU Loading,,,,,,3.3,,,RD247,,,
,15-07-2026,,,,,Waiting,,,,,,0.55,,,RD248,,,
,15-07-2026,,,,,LU Loading,,,,,,3.43,,,RD248,,,
,15-07-2026,,,,,Waiting,,,,,,0.83,,,RD235,,,
,15-07-2026,,,,,LU Loading,,,,,,2.85,,,RD235,,,
,15-07-2026,,,,,Waiting,,,,,,0.93,,,RD252,,,
,15-07-2026,,,,,LU Loading,,,,,,2.7,,,RD252,,,
,15-07-2026,,,,,Waiting,,,,,,0.8,,,RD233,,,
,15-07-2026,,,,,LU Loading,,,,,,2.92,,,RD233,,,
,15-07-2026,,,,,Waiting,,,,,,0.58,,,RD249,,,
,15-07-2026,,,,,LU Loading,,,,,,5.07,,,RD249,,,
,15-07-2026,,,,,Waiting,,,,,,0.67,,,RD247,,,
,15-07-2026,,,,,LU Loading,,,,,,2.78,,,RD247,,,
,15-07-2026,,,,,Waiting,,,,,,0.65,,,RD242,,,
,15-07-2026,,,,,LU Loading,,,,,,2.83,,,RD242,,,
,15-07-2026,,,,,Waiting,,,,,,0.52,,,RD248,,,
,15-07-2026,,,,,LU Loading,,,,,,3,,,RD248,,,
,15-07-2026,,,,,Waiting,,,,,,0.5,,,RD252,,,
,15-07-2026,,,,,LU Loading,,,,,,3.67,,,RD252,,,
,15-07-2026,,,,,Waiting,,,,,,14.23,,,RD239,,,
,15-07-2026,,,,,Shift Change,,,,,,21.45,,,RD239,,,
,15-07-2026,,,,,Shift Change,,,,,,45.45,,,RD239,,,
,15-07-2026,,,,,Waiting,,,,,,1.43,,,RD239,,,
,15-07-2026,,,,,LU Loading,,,,,,2.58,,,RD239,,,
,15-07-2026,,,,,Waiting,,,,,,2.67,,,RD237,,,
,15-07-2026,,,,,LU Loading,,,,,,3.92,,,RD237,,,
,15-07-2026,,,,,Waiting,,,,,,0.37,,,RD239,,,
,15-07-2026,,,,,LU Loading,,,,,,3.3,,,RD239,,,
,15-07-2026,,,,,Waiting,,,,,,0.67,,,RD249,,,
,15-07-2026,,,,,LU Loading,,,,,,5.3,,,RD249,,,
,15-07-2026,,,,,Waiting,,,,,,0.8,,,RD235,,,
,15-07-2026,,,,,LU Loading,,,,,,3.7,,,RD235,,,
,15-07-2026,,,,,Waiting,,,,,,4.87,,,RD247,,,
,15-07-2026,,,,,LU Loading,,,,,,0.13,,,RD247,,,
,15-07-2026,,,,,Waiting,,,,,,0.37,,,RD237,,,
,15-07-2026,,,,,Spotting,,,,,,0.33,,,RD237,,,
,15-07-2026,,,,,LU Loading,,,,,,3.35,,,RD237,,,
,15-07-2026,,,,,Waiting,,,,,,3.98,,,RD239,,,
,15-07-2026,,,,,Face Prep,,,,,,1.2,,,RD239,,,
,15-07-2026,,,,,LU Loading,,,,,,3,,,RD239,,,
,15-07-2026,,,,,LU Loading,,,,,,4.58,,,RD249,,,
,15-07-2026,,,,,Waiting,,,,,,2.45,,,RD237,,,
,15-07-2026,,,,,LU Loading,,,,,,3.15,,,RD237,,,
,15-07-2026,,,,,Waiting,,,,,,3.82,,,RD250,,,
,15-07-2026,,,,,LU Loading,,,,,,2.7,,,RD250,,,
,15-07-2026,,,,,LU Loading,,,,,,3.5,,,RD239,,,
,15-07-2026,,,,,Waiting,,,,,,5.58,,,RD237,,,
,15-07-2026,,,,,LU Loading,,,,,,2.9,,,RD237,,,
,15-07-2026,,,,,Waiting,,,,,,3.33,,,RD250,,,
,15-07-2026,,,,,LU Loading,,,,,,2.87,,,RD250,,,
,15-07-2026,,,,,Waiting,,,,,,0.5,,,RD239,,,
,15-07-2026,,,,,LU Loading,,,,,,3.37,,,RD239,,,
,15-07-2026,,,,,Waiting,,,,,,6.45,,,RD235,,,
,15-07-2026,,,,,LU Loading,,,,,,0.57,,,RD235,,,
,15-07-2026,,,,,Waiting,,,,,,1,,,RD232,,,
,15-07-2026,,,,,LU Loading,,,,,,3.67,,,RD232,,,
,15-07-2026,,,,,Waiting,,,,,,3.15,,,RD237,,,
,15-07-2026,,,,,LU Loading,,,,,,3.95,,,RD237,,,
,15-07-2026,,,,,LU Loading,,,,,,5.05,,,RD239,,,
,15-07-2026,,,,,Waiting,,,,,,0.45,,,RD249,,,
,15-07-2026,,,,,LU Loading,,,,,,1.28,,,RD249,,,
,15-07-2026,,,,,LU Loading,,,,,,0.1,,,RD235,,,
,15-07-2026,,,,,Waiting,,,,,,1.17,,,RD249,,,
,15-07-2026,,,,,LU Loading,,,,,,0.52,,,RD249,,,
,15-07-2026,,,,,Waiting,,,,,,1.82,,,RD232,,,
,15-07-2026,,,,,LU Loading,,,,,,3.78,,,RD232,,,
,15-07-2026,,,,,Waiting,,,,,,3.4,,,RD237,,,
,15-07-2026,,,,,Spotting,,,,,,2.43,,,RD237,,,
,15-07-2026,,,,,LU Loading,,,,,,2.73,,,RD237,,,
,15-07-2026,,,,,Waiting,,,,,,0.47,,,RD239,,,
,15-07-2026,,,,,LU Loading,,,,,,3.88,,,RD239,,,
,15-07-2026,,,,,Waiting,,,,,,0.55,,,RD249,,,
,15-07-2026,,,,,LU Loading,,,,,,3.97,,,RD249,,,
,15-07-2026,,,,,Waiting,,,,,,1.03,,,RD235,,,
,15-07-2026,,,,,LU Loading,,,,,,3.53,,,RD235,,,
,15-07-2026,,,,,Waiting,,,,,,0.58,,,RD232,,,
,15-07-2026,,,,,Spotting,,,,,,0.4,,,RD232,,,
,15-07-2026,,,,,LU Loading,,,,,,4.67,,,RD232,,,
,15-07-2026,,,,,Waiting,,,,,,0.82,,,RD237,,,
,15-07-2026,,,,,LU Loading,,,,,,5.4,,,RD237,,,
,15-07-2026,,,,,Waiting,,,,,,2.33,,,RD239,,,
,15-07-2026,,,,,Spotting,,,,,,0.3,,,RD239,,,
,15-07-2026,,,,,LU Loading,,,,,,4.88,,,RD239,,,
,15-07-2026,,,,,Waiting,,,,,,0.6,,,RD249,,,
,15-07-2026,,,,,Spotting,,,,,,1.17,,,RD249,,,
,15-07-2026,,,,,LU Loading,,,,,,5.87,,,RD249,,,
,15-07-2026,,,,,Waiting,,,,,,0.88,,,RD232,,,
,15-07-2026,,,,,LU Loading,,,,,,4.38,,,RD232,,,
,15-07-2026,,,,,Waiting,,,,,,18.62,,,RD237,,,
,15-07-2026,,,,,Spotting,,,,,,0.28,,,RD237,,,
,15-07-2026,,,,,LU Loading,,,,,,3.32,,,RD237,,,
,15-07-2026,,,,,Waiting,,,,,,1.77,,,RD249,,,
,15-07-2026,,,,,LU Loading,,,,,,4.57,,,RD249,,,
,15-07-2026,,,,,Waiting,,,,,,0.68,,,RD235,,,
,15-07-2026,,,,,LU Loading,,,,,,3.52,,,RD235,,,
,15-07-2026,,,,,Waiting,,,,,,13.03,,,RD237,,,
,15-07-2026,,,,,Spotting,,,,,,1.4,,,RD237,,,
,15-07-2026,,,,,LU Loading,,,,,,3.47,,,RD237,,,
,15-07-2026,,,,,Waiting,,,,,,0.5,,,RD235,,,
,15-07-2026,,,,,Spotting,,,,,,0.63,,,RD235,,,
,15-07-2026,,,,,LU Loading,,,,,,3.27,,,RD235,,,
,15-07-2026,,,,,Waiting,,,,,,1.15,,,RD239,,,
,15-07-2026,,,,,LU Loading,,,,,,3.28,,,RD239,,,
,15-07-2026,,,,,Waiting,,,,,,10.75,,,RD237,,,
,15-07-2026,,,,,LU Loading,,,,,,6.1,,,RD237,,,
,15-07-2026,,,,,Waiting,,,,,,3.7,,,RD239,,,
,15-07-2026,,,,,Spotting,,,,,,0.88,,,RD239,,,
,15-07-2026,,,,,LU Loading,,,,,,2.63,,,RD239,,,
,15-07-2026,,,,,Waiting,,,,,,11.25,,,RD234,,,
,15-07-2026,,,,,LU Loading,,,,,,5.68,,,RD234,,,
,15-07-2026,,,,,Waiting,,,,,,0.85,,,RD239,,,
,15-07-2026,,,,,LU Loading,,,,,,4.92,,,RD239,,,
,15-07-2026,,,,,Waiting,,,,,,3.08,,,RD250,,,
,15-07-2026,,,,,LU Loading,,,,,,3.6,,,RD250,,,
,15-07-2026,,,,,Waiting,,,,,,3.5,,,RD237,,,
,15-07-2026,,,,,LU Loading,,,,,,4.3,,,RD237,,,
,15-07-2026,,,,,Waiting,,,,,,1.47,,,RD249,,,
,15-07-2026,,,,,LU Loading,,,,,,4.3,,,RD249,,,
,15-07-2026,,,,,Waiting,,,,,,2.15,,,RD234,,,
,15-07-2026,,,,,LU Loading,,,,,,0.12,,,RD234,,,
,15-07-2026,,,,,Waiting,,,,,,9.27,,,RD237,,,
,15-07-2026,,,,,LU Loading,,,,,,3.87,,,RD237,,,
,15-07-2026,,,,,LU Loading,,,,,,4.52,,,RD235,,,
,15-07-2026,,,,,LU Loading,,,,,,4.28,,,RD249,,,
,15-07-2026,,,,,LU Loading,,,,,,4.33,,,RD239,,,
,15-07-2026,,,,,Waiting,,,,,,1.27,,,RD248,,,
,15-07-2026,,,,,LU Loading,,,,,,5.13,,,RD248,,,
,15-07-2026,,,,,Waiting,,,,,,0.78,,,RD237,,,
,15-07-2026,,,,,LU Loading,,,,,,3.08,,,RD237,,,
,15-07-2026,,,,,LU Loading,,,,,,3.72,,,RD235,,,
,15-07-2026,,,,,LU Loading,,,,,,3.5,,,RD249,,,
,15-07-2026,,,,,Waiting,,,,,,2.13,,,RD239,,,
,15-07-2026,,,,,LU Loading,,,,,,4.02,,,RD239,,,
,15-07-2026,,,,,LU Loading,,,,,,3.48,,,RD250,,,
,15-07-2026,,,,,LU Loading,,,,,,3.48,,,RD237,,,
,15-07-2026,,,,,Waiting,,,,,,0.77,,,RD248,,,
,15-07-2026,,,,,LU Loading,,,,,,4.03,,,RD248,,,
,15-07-2026,,,,,Waiting,,,,,,0.8,,,RD235,,,
,15-07-2026,,,,,Spotting,,,,,,0.22,,,RD235,,,
,15-07-2026,,,,,LU Loading,,,,,,3.17,,,RD235,,,
,15-07-2026,,,,,LU Loading,,,,,,4.68,,,RD249,,,
,15-07-2026,,,,,Waiting,,,,,,1.08,,,RD239,,,
,15-07-2026,,,,,LU Loading,,,,,,2.9,,,RD239,,,
,15-07-2026,,,,,Waiting,,,,,,1.28,,,RD237,,,
,15-07-2026,,,,,LU Loading,,,,,,3.5,,,RD237,,,
,15-07-2026,,,,,LU Loading,,,,,,0.08,,,RD250,,,
,15-07-2026,,,,,Waiting,,,,,,1.27,,,RD234,,,
,15-07-2026,,,,,LU Loading,,,,,,4.08,,,RD234,,,
,15-07-2026,,,,,Waiting,,,,,,0.77,,,RD235,,,
,15-07-2026,,,,,LU Loading,,,,,,2.97,,,RD235,,,
,15-07-2026,,,,,LU Loading,,,,,,4.38,,,RD248,,,
,15-07-2026,,,,,Spotting,,,,,,0.1,,,RD249,,,
,15-07-2026,,,,,LU Loading,,,,,,3.55,,,RD249,,,
,15-07-2026,,,,,LU Loading,,,,,,4.37,,,RD239,,,
,15-07-2026,,,,,Spotting,,,,,,0.12,,,RD237,,,
,15-07-2026,,,,,LU Loading,,,,,,3.98,,,RD237,,,
,15-07-2026,,,,,LU Loading,,,,,,3.5,,,RD235,,,
,15-07-2026,,,,,Waiting,,,,,,1.9,,,RD252,,,
,15-07-2026,,,,,Shift Change,,,,,,27.47,,,RD252,,,
,15-07-2026,,,,,Shift Change,,,,,,36.15,,,RD252,,,
,15-07-2026,,,,,Waiting,,,,,,7.97,,,RD252,,,
,15-07-2026,,,,,LU Loading,,,,,,2.87,,,RD252,,,
,15-07-2026,,,,,Waiting,,,,,,0.68,,,RD235,,,
,15-07-2026,,,,,Spotting,,,,,,0.23,,,RD235,,,
,15-07-2026,,,,,LU Loading,,,,,,2.53,,,RD235,,,
,15-07-2026,,,,,Waiting,,,,,,0.8,,,RD242,,,
,15-07-2026,,,,,Spotting,,,,,,0.35,,,RD242,,,
,15-07-2026,,,,,LU Loading,,,,,,4.2,,,RD242,,,
,15-07-2026,,,,,Waiting,,,,,,8.08,,,RD252,,,
,15-07-2026,,,,,LU Loading,,,,,,3,,,RD252,,,
,15-07-2026,,,,,Waiting,,,,,,4.33,,,RD231,,,
,15-07-2026,,,,,LU Loading,,,,,,2.63,,,RD231,,,
,15-07-2026,,,,,Waiting,,,,,,1.3,,,RD235,,,
,15-07-2026,,,,,LU Loading,,,,,,2.75,,,RD235,,,
,15-07-2026,,,,,Waiting,,,,,,0.18,,,RD242,,,
,15-07-2026,,,,,LU Loading,,,,,,2.55,,,RD242,,,
,15-07-2026,,,,,Waiting,,,,,,3,,,RD252,,,
,15-07-2026,,,,,Spotting,,,,,,0.18,,,RD252,,,
,15-07-2026,,,,,LU Loading,,,,,,2.25,,,RD252,,,
,15-07-2026,,,,,Waiting,,,,,,0.13,,,RD250,,,
,15-07-2026,,,,,LU Loading,,,,,,2.53,,,RD250,,,
,15-07-2026,,,,,Waiting,,,,,,5.1,,,RD231,,,
,15-07-2026,,,,,Spotting,,,,,,0.18,,,RD231,,,
,15-07-2026,,,,,LU Loading,,,,,,2.52,,,RD231,,,
,15-07-2026,,,,,Waiting,,,,,,0.7,,,RD235,,,
,15-07-2026,,,,,Spotting,,,,,,0.33,,,RD235,,,
,15-07-2026,,,,,LU Loading,,,,,,2.15,,,RD235,,,
,15-07-2026,,,,,Waiting,,,,,,0.67,,,RD252,,,
,15-07-2026,,,,,LU Loading,,,,,,2.12,,,RD252,,,
,15-07-2026,,,,,Spotting,,,,,,0.57,,,RD242,,,
,15-07-2026,,,,,LU Loading,,,,,,2.52,,,RD242,,,
,15-07-2026,,,,,Waiting,,,,,,0.72,,,RD250,,,
,15-07-2026,,,,,LU Loading,,,,,,3.02,,,RD250,,,
,15-07-2026,,,,,Waiting,,,,,,6.03,,,RD231,,,
,15-07-2026,,,,,Spotting,,,,,,0.43,,,RD231,,,
,15-07-2026,,,,,LU Loading,,,,,,3.12,,,RD231,,,
,15-07-2026,,,,,Waiting,,,,,,0.08,,,RD235,,,
,15-07-2026,,,,,Spotting,,,,,,0.17,,,RD235,,,
,15-07-2026,,,,,LU Loading,,,,,,2.33,,,RD235,,,
,16-07-2026,,,,,Waiting,,,,,,0.55,,,RD252,,,
,16-07-2026,,,,,LU Loading,,,,,,3.6,,,RD252,,,
,16-07-2026,,,,,Waiting,,,,,,1.13,,,RD250,,,
,16-07-2026,,,,,LU Loading,,,,,,3.07,,,RD250,,,
,16-07-2026,,,,,Waiting,,,,,,1.42,,,RD242,,,
,16-07-2026,,,,,LU Loading,,,,,,2.68,,,RD242,,,
,16-07-2026,,,,,Waiting,,,,,,3.78,,,RD231,,,
,16-07-2026,,,,,LU Loading,,,,,,2.73,,,RD231,,,
,16-07-2026,,,,,Waiting,,,,,,0.87,,,RD235,,,
,16-07-2026,,,,,LU Loading,,,,,,2.7,,,RD235,,,
,16-07-2026,,,,,Waiting,,,,,,1.72,,,RD250,,,
,16-07-2026,,,,,Spotting,,,,,,0.35,,,RD250,,,
,16-07-2026,,,,,LU Loading,,,,,,2.02,,,RD250,,,
,16-07-2026,,,,,Waiting,,,,,,4.95,,,RD242,,,
,16-07-2026,,,,,LU Loading,,,,,,2.92,,,RD242,,,
,16-07-2026,,,,,Waiting,,,,,,3.87,,,RD231,,,
,16-07-2026,,,,,LU Loading,,,,,,2.82,,,RD231,,,
,16-07-2026,,,,,Waiting,,,,,,0.3,,,RD252,,,
,16-07-2026,,,,,LU Loading,,,,,,2.55,,,RD252,,,
,16-07-2026,,,,,LU Loading,,,,,,2.8,,,RD235,,,
,16-07-2026,,,,,Spotting,,,,,,0.25,,,RD250,,,
,16-07-2026,,,,,LU Loading,,,,,,2.6,,,RD250,,,
,16-07-2026,,,,,Waiting,,,,,,3.68,,,RD228,,,
,16-07-2026,,,,,LU Loading,,,,,,2.32,,,RD228,,,
,16-07-2026,,,,,Waiting,,,,,,1.85,,,RD242,,,
,16-07-2026,,,,,LU Loading,,,,,,3.2,,,RD242,,,
,16-07-2026,,,,,LU Loading,,,,,,3.17,,,RD252,,,
,16-07-2026,,,,,Waiting,,,,,,1.1,,,RD231,,,
,16-07-2026,,,,,LU Loading,,,,,,2.63,,,RD231,,,
,16-07-2026,,,,,LU Loading,,,,,,8.95,,,RD235,,,
,16-07-2026,,,,,LU Loading,,,,,,6.23,,,RD250,,,
,16-07-2026,,,,,Waiting,,,,,,0.72,,,RD242,,,
,16-07-2026,,,,,LU Loading,,,,,,5.33,,,RD242,,,
,16-07-2026,,,,,Waiting,,,,,,6.8,,,RD231,,,
,16-07-2026,,,,,Spotting,,,,,,0.28,,,RD231,,,
,16-07-2026,,,,,LU Loading,,,,,,4.53,,,RD231,,,
,16-07-2026,,,,,Spotting,,,,,,2.83,,,RD235,,,
,16-07-2026,,,,,LU Loading,,,,,,2.42,,,RD235,,,
,16-07-2026,,,,,Waiting,,,,,,0.27,,,RD232,,,
,16-07-2026,,,,,LU Loading,,,,,,4.6,,,RD232,,,
,16-07-2026,,,,,Waiting,,,,,,8.12,,,RD250,,,
,16-07-2026,,,,,LU Loading,,,,,,0.48,,,RD250,,,
,16-07-2026,,,,,Spotting,,,,,,0.72,,,RD231,,,
,16-07-2026,,,,,LU Loading,,,,,,3.38,,,RD231,,,
,16-07-2026,,,,,Waiting,,,,,,0.73,,,RD232,,,
,16-07-2026,,,,,LU Loading,,,,,,6.23,,,RD232,,,
,16-07-2026,,,,,Waiting,,,,,,3.93,,,RD247,,,
,16-07-2026,,,,,LU Loading,,,,,,4.12,,,RD247,,,
,16-07-2026,,,,,Waiting,,,,,,4.02,,,RD242,,,
,16-07-2026,,,,,Spotting,,,,,,0.68,,,RD242,,,
,16-07-2026,,,,,LU Loading,,,,,,6.77,,,RD242,,,
,16-07-2026,,,,,Waiting,,,,,,9.63,,,RD231,,,
,16-07-2026,,,,,Spotting,,,,,,0.32,,,RD231,,,
,16-07-2026,,,,,LU Loading,,,,,,5.13,,,RD231,,,
,16-07-2026,,,,,Waiting,,,,,,1.07,,,RD246,,,
,16-07-2026,,,,,LU Loading,,,,,,2.72,,,RD246,,,
,16-07-2026,,,,,Waiting,,,,,,0.8,,,RD242,,,
,16-07-2026,,,,,Spotting,,,,,,0.13,,,RD242,,,
,16-07-2026,,,,,LU Loading,,,,,,3.92,,,RD242,,,
,16-07-2026,,,,,Waiting,,,,,,7.47,,,RD235,,,
,16-07-2026,,,,,LU Loading,,,,,,2.63,,,RD235,,,
,16-07-2026,,,,,Waiting,,,,,,4.38,,,RD248,,,
,16-07-2026,,,,,LU Loading,,,,,,2.7,,,RD248,,,
,16-07-2026,,,,,Waiting,,,,,,2.42,,,RD242,,,
,16-07-2026,,,,,LU Loading,,,,,,2.9,,,RD242,,,
,16-07-2026,,,,,Waiting,,,,,,0.7,,,RD250,,,
,16-07-2026,,,,,LU Loading,,,,,,2.4,,,RD250,,,
,16-07-2026,,,,,Waiting,,,,,,3.9,,,RD235,,,
,16-07-2026,,,,,Spotting,,,,,,0.32,,,RD235,,,
,16-07-2026,,,,,LU Loading,,,,,,2.47,,,RD235,,,
,16-07-2026,,,,,Waiting,,,,,,0.93,,,RD248,,,
,16-07-2026,,,,,LU Loading,,,,,,2.38,,,RD248,,,
,16-07-2026,,,,,Waiting,,,,,,6.53,,,RD242,,,
,16-07-2026,,,,,Spotting,,,,,,0.28,,,RD242,,,
,16-07-2026,,,,,LU Loading,,,,,,2.17,,,RD242,,,
,16-07-2026,,,,,Waiting,,,,,,0.15,,,RD250,,,
,16-07-2026,,,,,Spotting,,,,,,0.23,,,RD250,,,
,16-07-2026,,,,,LU Loading,,,,,,2.85,,,RD250,,,
,16-07-2026,,,,,Waiting,,,,,,4.08,,,RD235,,,
,16-07-2026,,,,,LU Loading,,,,,,3.33,,,RD235,,,
,16-07-2026,,,,,Spotting,,,,,,0.63,,,RD231,,,
,16-07-2026,,,,,LU Loading,,,,,,3.08,,,RD231,,,
,16-07-2026,,,,,Waiting,,,,,,3.42,,,RD242,,,
,16-07-2026,,,,,LU Loading,,,,,,3.03,,,RD242,,,
,16-07-2026,,,,,Waiting,,,,,,11.17,,,RD250,,,
,16-07-2026,,,,,Spotting,,,,,,2.43,,,RD250,,,
,16-07-2026,,,,,LU Loading,,,,,,3.52,,,RD250,,,
,16-07-2026,,,,,Waiting,,,,,,0.27,,,RD235,,,
,16-07-2026,,,,,LU Loading,,,,,,2.93,,,RD235,,,
,16-07-2026,,,,,Waiting,,,,,,1.65,,,RD242,,,
,16-07-2026,,,,,LU Loading,,,,,,2.6,,,RD242,,,
,16-07-2026,,,,,Waiting,,,,,,1,,,RD231,,,
,16-07-2026,,,,,LU Loading,,,,,,3.03,,,RD231,,,
,16-07-2026,,,,,Waiting,,,,,,6.35,,,RD248,,,
,16-07-2026,,,,,LU Loading,,,,,,1.85,,,RD248,,,
,16-07-2026,,,,,Waiting,,,,,,3.22,,,RD235,,,
,16-07-2026,,,,,LU Loading,,,,,,3.05,,,RD235,,,
,16-07-2026,,,,,LU Loading,,,,,,2.63,,,RD242,,,
,16-07-2026,,,,,Waiting,,,,,,3.47,,,RD250,,,
,16-07-2026,,,,,LU Loading,,,,,,2.83,,,RD250,,,
,16-07-2026,,,,,Waiting,,,,,,0.38,,,RD248,,,
,16-07-2026,,,,,LU Loading,,,,,,2.47,,,RD248,,,
,16-07-2026,,,,,Waiting,,,,,,9.55,,,RD242,,,
,16-07-2026,,,,,LU Loading,,,,,,2.63,,,RD242,,,
,16-07-2026,,,,,Waiting,,,,,,3.6,,,RD250,,,
,16-07-2026,,,,,LU Loading,,,,,,3,,,RD250,,,
,16-07-2026,,,,,Spotting,,,,,,0.37,,,RD235,,,
,16-07-2026,,,,,LU Loading,,,,,,2.27,,,RD235,,,
,16-07-2026,,,,,Waiting,,,,,,7.52,,,RD248,,,
,16-07-2026,,,,,LU Loading,,,,,,2.18,,,RD248,,,
,16-07-2026,,,,,Waiting,,,,,,5.2,,,RD228,,,
,16-07-2026,,,,,Shift Change,,,,,,28.48,,,RD228,,,
,16-07-2026,,,,,,,,,,,,,,,,,
,Timestamp,,,,,Status Code,,Sub-Status Code,,,,"Duration
(min)",,,Hauling Unit,,,
,16-07-2026,,,,,Shift Change,,,,,,46.72,,,RD228,,,
,16-07-2026,,,,,Waiting,,,,,,9.37,,,RD228,,,
,16-07-2026,,,,,LU Loading,,,,,,3.52,,,RD228,,,
,16-07-2026,,,,,Waiting,,,,,,0.95,,,RD231,,,
,16-07-2026,,,,,LU Loading,,,,,,2.85,,,RD231,,,
,16-07-2026,,,,,LU Loading,,,,,,2.45,,,RD245,,,
,16-07-2026,,,,,Waiting,,,,,,0.15,,,RD247,,,
,16-07-2026,,,,,Spotting,,,,,,0.32,,,RD247,,,
,16-07-2026,,,,,LU Loading,,,,,,3.02,,,RD247,,,
,16-07-2026,,,,,Spotting,,,,,,0.18,,,RD229,,,
,16-07-2026,,,,,LU Loading,,,,,,3.78,,,RD229,,,
,16-07-2026,,,,,Waiting,,,,,,5.07,,,RD228,,,
,16-07-2026,,,,,Spotting,,,,,,0.3,,,RD228,,,
,16-07-2026,,,,,LU Loading,,,,,,2.9,,,RD228,,,
,16-07-2026,,,,,Waiting,,,,,,0.72,,,RD231,,,
,16-07-2026,,,,,LU Loading,,,,,,3.17,,,RD231,,,
,16-07-2026,,,,,LU Loading,,,,,,3.22,,,RD245,,,
,16-07-2026,,,,,Spotting,,,,,,0.05,,,RD247,,,
,16-07-2026,,,,,LU Loading,,,,,,4,,,RD247,,,
,16-07-2026,,,,,Waiting,,,,,,2.45,,,RD229,,,
,16-07-2026,,,,,LU Loading,,,,,,3.3,,,RD229,,,
,16-07-2026,,,,,Waiting,,,,,,1.47,,,RD228,,,
,16-07-2026,,,,,LU Loading,,,,,,3.18,,,RD228,,,
,16-07-2026,,,,,Waiting,,,,,,0.65,,,RD231,,,
,16-07-2026,,,,,LU Loading,,,,,,3.52,,,RD231,,,
,16-07-2026,,,,,Waiting,,,,,,0.47,,,RD245,,,
,16-07-2026,,,,,LU Loading,,,,,,3.4,,,RD245,,,
,16-07-2026,,,,,Spotting,,,,,,0.43,,,RD247,,,
,16-07-2026,,,,,LU Loading,,,,,,4.08,,,RD247,,,
,16-07-2026,,,,,Waiting,,,,,,0.92,,,RD229,,,
,16-07-2026,,,,,LU Loading,,,,,,3.37,,,RD229,,,
,16-07-2026,,,,,Waiting,,,,,,0.33,,,RD249,,,
,16-07-2026,,,,,LU Loading,,,,,,3.2,,,RD249,,,
,16-07-2026,,,,,Spotting,,,,,,0.48,,,RD228,,,
,16-07-2026,,,,,LU Loading,,,,,,3.07,,,RD228,,,
,16-07-2026,,,,,Waiting,,,,,,0.8,,,RD231,,,
,16-07-2026,,,,,LU Loading,,,,,,3.05,,,RD231,,,
,16-07-2026,,,,,LU Loading,,,,,,5.17,,,RD245,,,
,16-07-2026,,,,,Spotting,,,,,,0.23,,,RD247,,,
,16-07-2026,,,,,LU Loading,,,,,,6.63,,,RD247,,,
,16-07-2026,,,,,Waiting,,,,,,0.5,,,RD229,,,
,16-07-2026,,,,,LU Loading,,,,,,6.75,,,RD229,,,
,16-07-2026,,,,,Spotting,,,,,,0.28,,,RD249,,,
,16-07-2026,,,,,LU Loading,,,,,,4.02,,,RD249,,,
,16-07-2026,,,,,Spotting,,,,,,0.77,,,RD228,,,
,16-07-2026,,,,,LU Loading,,,,,,3.17,,,RD228,,,
,16-07-2026,,,,,Spotting,,,,,,0.02,,,RD231,,,
,16-07-2026,,,,,LU Loading,,,,,,4.3,,,RD231,,,
,16-07-2026,,,,,Spotting,,,,,,0.25,,,RD245,,,
,16-07-2026,,,,,LU Loading,,,,,,5.15,,,RD245,,,
,16-07-2026,,,,,Waiting,,,,,,0.45,,,RD247,,,
,16-07-2026,,,,,LU Loading,,,,,,3.18,,,RD247,,,
,16-07-2026,,,,,Spotting,,,,,,0.43,,,RD229,,,
,16-07-2026,,,,,LU Loading,,,,,,3.05,,,RD229,,,
,16-07-2026,,,,,LU Loading,,,,,,2.97,,,RD249,,,
,16-07-2026,,,,,LU Loading,,,,,,3.27,,,RD232,,,
,16-07-2026,,,,,Spotting,,,,,,0.67,,,RD231,,,
,16-07-2026,,,,,LU Loading,,,,,,3.83,,,RD231,,,
,16-07-2026,,,,,Waiting,,,,,,0.58,,,RD246,,,
,16-07-2026,,,,,LU Loading,,,,,,2.38,,,RD246,,,
,16-07-2026,,,,,Waiting,,,,,,1.52,,,RD240,,,
,16-07-2026,,,,,LU Loading,,,,,,2.25,,,RD240,,,
,16-07-2026,,,,,Waiting,,,,,,0.47,,,RD245,,,
,16-07-2026,,,,,LU Loading,,,,,,2.62,,,RD245,,,
,16-07-2026,,,,,Waiting,,,,,,2.85,,,RD228,,,
,16-07-2026,,,,,LU Loading,,,,,,2.7,,,RD228,,,
,16-07-2026,,,,,Spotting,,,,,,0.37,,,RD232,,,
,16-07-2026,,,,,LU Loading,,,,,,2.53,,,RD232,,,
,16-07-2026,,,,,Waiting,,,,,,0.62,,,RD246,,,
,16-07-2026,,,,,Spotting,,,,,,0.13,,,RD246,,,
,16-07-2026,,,,,LU Loading,,,,,,3.75,,,RD246,,,
,16-07-2026,,,,,Waiting,,,,,,0.5,,,RD249,,,
,16-07-2026,,,,,LU Loading,,,,,,2.85,,,RD249,,,
,16-07-2026,,,,,Waiting,,,,,,4.77,,,RD245,,,
,16-07-2026,,,,,LU Loading,,,,,,2.97,,,RD245,,,
,16-07-2026,,,,,Waiting,,,,,,1.73,,,RD228,,,
,16-07-2026,,,,,LU Loading,,,,,,3.32,,,RD228,,,
,16-07-2026,,,,,Waiting,,,,,,1.67,,,RD232,,,
,16-07-2026,,,,,LU Loading,,,,,,2.38,,,RD232,,,
,16-07-2026,,,,,LU Loading,,,,,,2.13,,,RD249,,,
,16-07-2026,,,,,Waiting,,,,,,1.03,,,RD247,,,
,16-07-2026,,,,,LU Loading,,,,,,2.52,,,RD247,,,
,16-07-2026,,,,,Waiting,,,,,,0.65,,,RD231,,,
,16-07-2026,,,,,LU Loading,,,,,,3.13,,,RD231,,,
,16-07-2026,,,,,Waiting,,,,,,0.78,,,RD229,,,
,16-07-2026,,,,,LU Loading,,,,,,2.6,,,RD229,,,
,16-07-2026,,,,,Waiting,,,,,,7.3,,,RD232,,,
,16-07-2026,,,,,LU Loading,,,,,,2.72,,,RD232,,,
,16-07-2026,,,,,Spotting,,,,,,0.23,,,RD247,,,
,16-07-2026,,,,,LU Loading,,,,,,2.67,,,RD247,,,
,16-07-2026,,,,,Waiting,,,,,,1.63,,,RD243,,,
,16-07-2026,,,,,LU Loading,,,,,,1.88,,,RD243,,,
,16-07-2026,,,,,Waiting,,,,,,12.55,,,RD231,,,
,16-07-2026,,,,,Fuel Filling,,,,,,5.05,,,RD231,,,
,16-07-2026,,,,, Down,,,,,,0.18,,,RD231,,,
,16-07-2026,,,,,Waiting,,,,,,1.37,,,RD231,,,
,16-07-2026,,,,,LU Loading,,,,,,2.82,,,RD231,,,
,16-07-2026,,,,,Waiting,,,,,,0.53,,,RD229,,,
,16-07-2026,,,,,LU Loading,,,,,,3.62,,,RD229,,,
,16-07-2026,,,,,Waiting,,,,,,0.63,,,RD245,,,
,16-07-2026,,,,,LU Loading,,,,,,2.83,,,RD245,,,
,16-07-2026,,,,,Waiting,,,,,,0.48,,,RD247,,,
,16-07-2026,,,,,LU Loading,,,,,,2.65,,,RD247,,,
,16-07-2026,,,,,LU Loading,,,,,,3.07,,,RD232,,,
,16-07-2026,,,,,Waiting,,,,,,0.27,,,RD249,,,
,16-07-2026,,,,,LU Loading,,,,,,3.37,,,RD249,,,
,16-07-2026,,,,,Waiting,,,,,,1.2,,,RD228,,,
,16-07-2026,,,,,LU Loading,,,,,,3.08,,,RD228,,,
,16-07-2026,,,,,Waiting,,,,,,0.85,,,RD231,,,
,16-07-2026,,,,,LU Loading,,,,,,4.38,,,RD231,,,
,16-07-2026,,,,,LU Loading,,,,,,2.75,,,RD229,,,
,16-07-2026,,,,,LU Loading,,,,,,3.2,,,RD245,,,
,16-07-2026,,,,,Waiting,,,,,,0.32,,,RD247,,,
,16-07-2026,,,,,LU Loading,,,,,,2.75,,,RD247,,,
,16-07-2026,,,,,Waiting,,,,,,0.5,,,RD232,,,
,16-07-2026,,,,,LU Loading,,,,,,2.93,,,RD232,,,
,16-07-2026,,,,,LU Loading,,,,,,3.45,,,RD249,,,
,16-07-2026,,,,,LU Loading,,,,,,3.47,,,RD228,,,
,16-07-2026,,,,,Waiting,,,,,,1.13,,,RD231,,,
,16-07-2026,,,,,LU Loading,,,,,,2.85,,,RD231,,,
,16-07-2026,,,,,Waiting,,,,,,0.62,,,RD245,,,
,16-07-2026,,,,,LU Loading,,,,,,2.85,,,RD245,,,
,16-07-2026,,,,,Waiting,,,,,,2.53,,,RD229,,,
,16-07-2026,,,,,LU Loading,,,,,,2.15,,,RD229,,,
,16-07-2026,,,,,LU Loading,,,,,,3.68,,,RD232,,,
,16-07-2026,,,,,Waiting,,,,,,0.12,,,RD249,,,
,16-07-2026,,,,,LU Loading,,,,,,2.75,,,RD249,,,
,16-07-2026,,,,,LU Loading,,,,,,3.67,,,RD228,,,
,16-07-2026,,,,,Waiting,,,,,,0.45,,,RD231,,,
,16-07-2026,,,,,LU Loading,,,,,,2.9,,,RD231,,,
,16-07-2026,,,,,Waiting,,,,,,0.35,,,RD245,,,
,16-07-2026,,,,,LU Loading,,,,,,3.25,,,RD245,,,
,16-07-2026,,,,,Waiting,,,,,,6.5,,,RD232,,,
,16-07-2026,,,,,LU Loading,,,,,,2.82,,,RD232,,,
,16-07-2026,,,,,Waiting,,,,,,0.83,,,RD229,,,
,16-07-2026,,,,,LU Loading,,,,,,2.9,,,RD229,,,
,16-07-2026,,,,,LU Loading,,,,,,3.22,,,RD249,,,
,16-07-2026,,,,,LU Loading,,,,,,3.07,,,RD228,,,
,16-07-2026,,,,,Waiting,,,,,,0.28,,,RD231,,,
,16-07-2026,,,,,LU Loading,,,,,,2.9,,,RD231,,,
,16-07-2026,,,,,Waiting,,,,,,2.87,,,RD247,,,
,16-07-2026,,,,,LU Loading,,,,,,2.68,,,RD247,,,
,16-07-2026,,,,,Waiting,,,,,,0.17,,,RD232,,,
,16-07-2026,,,,,LU Loading,,,,,,3.4,,,RD232,,,
,16-07-2026,,,,,Waiting,,,,,,1.32,,,RD229,,,
,16-07-2026,,,,,LU Loading,,,,,,2.73,,,RD229,,,
,16-07-2026,,,,,Waiting,,,,,,0.3,,,RD249,,,
,16-07-2026,,,,,LU Loading,,,,,,2.73,,,RD249,,,
,16-07-2026,,,,,Waiting,,,,,,0.43,,,RD228,,,
,16-07-2026,,,,,LU Loading,,,,,,2.8,,,RD228,,,
,16-07-2026,,,,,Waiting,,,,,,30.72,,,RD245,,,
,16-07-2026,,,,,LU Loading,,,,,,0.58,,,RD245,,,
,16-07-2026,,,,,Waiting,,,,,,0.6,,,RD247,,,
,16-07-2026,,,,,LU Loading,,,,,,1.85,,,RD247,,,
,16-07-2026,,,,,Waiting,,,,,,2.03,,,RD229,,,
,16-07-2026,,,,,LU Loading,,,,,,0.7,,,RD229,,,
,16-07-2026,,,,,Waiting,,,,,,1.75,,,RD231,,,
,16-07-2026,,,,,Marching,,,,,,12.47,,,RD231,,,
,16-07-2026,,,,,LU Loading,,,,,,0.07,,,RD231,,,
,16-07-2026,,,,,Waiting,,,,,,0.22,,,RD231,,,
,16-07-2026,,,,,LU Loading,,,,,,0.1,,,RD231,,,
,16-07-2026,,,,,Waiting,,,,,,5.9,,,RD245,,,
,16-07-2026,,,,,Shift Change,,,,,,25.27,,,RD245,,,
,16-07-2026,,,,,Shift Change,,,,,,7.72,,,RD245,,,
,16-07-2026,,,,,Blasting,,,,,,65.88,,,RD245,,,
,16-07-2026,,,,, Down,,,,,,3.23,,,RD245,,,
,16-07-2026,,,,,Marching,,,,,,7.78,,,RD245,,,
,16-07-2026,,,,,LU Loading,,,,,,0.33,,,RD245,,,
,16-07-2026,,,,,Marching,,,,,,1.47,,,RD226,,,
,16-07-2026,,,,,LU Loading,,,,,,4.43,,,RD226,,,
,16-07-2026,,,,,LU Loading,,,,,,2.88,,,RD245,,,
,16-07-2026,,,,,Waiting,,,,,,0.55,,,RD229,,,
,16-07-2026,,,,,LU Loading,,,,,,2.8,,,RD229,,,
,16-07-2026,,,,,Waiting,,,,,,1.75,,,RD230,,,
,16-07-2026,,,,,LU Loading,,,,,,2.4,,,RD230,,,
,16-07-2026,,,,,Waiting,,,,,,4.68,,,RD235,,,
,16-07-2026,,,,,LU Loading,,,,,,2.17,,,RD235,,,
,16-07-2026,,,,,Waiting,,,,,,2.12,,,RD236,,,
,16-07-2026,,,,,Side Casting,,,,,,5.05,,,RD236,,,
,16-07-2026,,,,,LU Loading,,,,,,2.63,,,RD236,,,
,16-07-2026,,,,,Waiting,,,,,,0.95,,,RD230,,,
,16-07-2026,,,,,Spotting,,,,,,0.43,,,RD230,,,
,16-07-2026,,,,,LU Loading,,,,,,2.23,,,RD230,,,
,16-07-2026,,,,,Waiting,,,,,,0.25,,,RD242,,,
,16-07-2026,,,,,Spotting,,,,,,0.33,,,RD242,,,
,16-07-2026,,,,,LU Loading,,,,,,2.65,,,RD242,,,
,16-07-2026,,,,,Waiting,,,,,,0.78,,,RD235,,,
,16-07-2026,,,,,LU Loading,,,,,,2.03,,,RD235,,,
,16-07-2026,,,,,Waiting,,,,,,9.35,,,RD236,,,
,16-07-2026,,,,,LU Loading,,,,,,2.37,,,RD236,,,
,16-07-2026,,,,,Waiting,,,,,,0.58,,,RD230,,,
,16-07-2026,,,,,LU Loading,,,,,,2.25,,,RD230,,,
,16-07-2026,,,,,Spotting,,,,,,0.47,,,RD242,,,
,16-07-2026,,,,,LU Loading,,,,,,2.33,,,RD242,,,
,16-07-2026,,,,,LU Loading,,,,,,2.63,,,RD235,,,
,16-07-2026,,,,,Waiting,,,,,,0.23,,,RD121,,,
,16-07-2026,,,,,Spotting,,,,,,0.25,,,RD121,,,
,16-07-2026,,,,,LU Loading,,,,,,2.03,,,RD121,,,
,16-07-2026,,,,,Waiting,,,,,,10.25,,,RD236,,,
,16-07-2026,,,,,LU Loading,,,,,,2.77,,,RD236,,,
,16-07-2026,,,,,Waiting,,,,,,0.45,,,RD230,,,
,16-07-2026,,,,,Spotting,,,,,,0.33,,,RD230,,,
,16-07-2026,,,,,LU Loading,,,,,,2.23,,,RD230,,,
,16-07-2026,,,,,Waiting,,,,,,0.23,,,RD242,,,
,16-07-2026,,,,,LU Loading,,,,,,2.67,,,RD242,,,
,16-07-2026,,,,,Spotting,,,,,,0.57,,,RD235,,,
,16-07-2026,,,,,LU Loading,,,,,,2.53,,,RD235,,,
,16-07-2026,,,,,Waiting,,,,,,1.72,,,RD121,,,
,16-07-2026,,,,,Spotting,,,,,,0.53,,,RD121,,,
,16-07-2026,,,,,LU Loading,,,,,,2.68,,,RD121,,,
,16-07-2026,,,,,Waiting,,,,,,7.03,,,RD236,,,
,16-07-2026,,,,,LU Loading,,,,,,3.05,,,RD236,,,
,16-07-2026,,,,,Waiting,,,,,,0.2,,,RD230,,,
,16-07-2026,,,,,LU Loading,,,,,,2.77,,,RD230,,,
,16-07-2026,,,,,Waiting,,,,,,3.03,,,RD242,,,
,16-07-2026,,,,,LU Loading,,,,,,2.42,,,RD242,,,
,16-07-2026,,,,,Waiting,,,,,,0.63,,,RD235,,,
,16-07-2026,,,,,Spotting,,,,,,0.33,,,RD235,,,
,16-07-2026,,,,,LU Loading,,,,,,2.15,,,RD235,,,
,16-07-2026,,,,,Waiting,,,,,,3.67,,,RD226,,,
,16-07-2026,,,,,LU Loading,,,,,,1.68,,,RD226,,,
,16-07-2026,,,,,Waiting,,,,,,0.55,,,RD141,,,
,16-07-2026,,,,,LU Loading,,,,,,1.67,,,RD141,,,
,16-07-2026,,,,,Waiting,,,,,,1.3,,,RD229,,,
,16-07-2026,,,,,LU Loading,,,,,,2.35,,,RD229,,,
,16-07-2026,,,,,Waiting,,,,,,0.47,,,RD245,,,
,16-07-2026,,,,,LU Loading,,,,,,2.7,,,RD245,,,
,16-07-2026,,,,,Spotting,,,,,,0.25,,,RD121,,,
,16-07-2026,,,,,LU Loading,,,,,,3.1,,,RD121,,,
,16-07-2026,,,,,Waiting,,,,,,3.65,,,RD126,,,
,16-07-2026,,,,,LU Loading,,,,,,2.05,,,RD126,,,
,16-07-2026,,,,,Waiting,,,,,,0.88,,,RD236,,,
,16-07-2026,,,,,LU Loading,,,,,,2.67,,,RD236,,,
,16-07-2026,,,,,Waiting,,,,,,4.5,,,RD235,,,
,16-07-2026,,,,,LU Loading,,,,,,2.12,,,RD235,,,
,16-07-2026,,,,,Waiting,,,,,,0.77,,,RD230,,,
,16-07-2026,,,,,Spotting,,,,,,0.62,,,RD230,,,
,16-07-2026,,,,,LU Loading,,,,,,5.57,,,RD230,,,
,16-07-2026,,,,,Waiting,,,,,,2.48,,,RD229,,,
,16-07-2026,,,,,LU Loading,,,,,,2.75,,,RD229,,,
,16-07-2026,,,,,Waiting,,,,,,8.23,,,RD245,,,
,16-07-2026,,,,,LU Loading,,,,,,2.73,,,RD245,,,
,16-07-2026,,,,,Waiting,,,,,,9.95,,,RD226,,,
,16-07-2026,,,,,LU Loading,,,,,,2.28,,,RD226,,,
,16-07-2026,,,,,Waiting,,,,,,0.38,,,RD121,,,
,16-07-2026,,,,,LU Loading,,,,,,1.82,,,RD121,,,
,16-07-2026,,,,,Waiting,,,,,,3.65,,,RD235,,,
,16-07-2026,,,,,Spotting,,,,,,0.6,,,RD235,,,
,16-07-2026,,,,,LU Loading,,,,,,3,,,RD235,,,
,16-07-2026,,,,,Waiting,,,,,,0.35,,,RD141,,,
,16-07-2026,,,,,LU Loading,,,,,,2.23,,,RD141,,,
,16-07-2026,,,,,Waiting,,,,,,0.63,,,RD236,,,
,16-07-2026,,,,,Spotting,,,,,,0.6,,,RD236,,,
,16-07-2026,,,,,LU Loading,,,,,,2.13,,,RD236,,,
,16-07-2026,,,,,Waiting,,,,,,0.35,,,RD229,,,
,16-07-2026,,,,,LU Loading,,,,,,2.15,,,RD229,,,
,16-07-2026,,,,,Waiting,,,,,,10.05,,,RD245,,,
,16-07-2026,,,,,Spotting,,,,,,0.43,,,RD245,,,
,16-07-2026,,,,,LU Loading,,,,,,2.12,,,RD245,,,
,16-07-2026,,,,,Waiting,,,,,,7.93,,,RD230,,,
,16-07-2026,,,,,LU Loading,,,,,,1.85,,,RD230,,,
,16-07-2026,,,,,Waiting,,,,,,0.63,,,RD226,,,
,16-07-2026,,,,,LU Loading,,,,,,2.22,,,RD226,,,
,16-07-2026,,,,,Waiting,,,,,,26.35,,,RD141,,,
,16-07-2026,,,,,LU Loading,,,,,,2.18,,,RD141,,,
,16-07-2026,,,,,Waiting,,,,,,5.55,,,RD236,,,
,16-07-2026,,,,,Spotting,,,,,,0.75,,,RD236,,,
,16-07-2026,,,,,LU Loading,,,,,,2.13,,,RD236,,,
,16-07-2026,,,,,Waiting,,,,,,13.08,,,RD121,,,
,16-07-2026,,,,,LU Loading,,,,,,4.95,,,RD121,,,
,16-07-2026,,,,,LU Loading,,,,,,2.55,,,RD230,,,
,16-07-2026,,,,,Waiting,,,,,,0.45,,,RD226,,,
,16-07-2026,,,,,LU Loading,,,,,,3.07,,,RD226,,,
,16-07-2026,,,,,Spotting,,,,,,0.42,,,RD126,,,
,16-07-2026,,,,,LU Loading,,,,,,2.08,,,RD126,,,
,16-07-2026,,,,,Waiting,,,,,,0.73,,,RD245,,,
,16-07-2026,,,,,LU Loading,,,,,,3.1,,,RD245,,,
,16-07-2026,,,,,Waiting,,,,,,0.63,,,RD229,,,
,16-07-2026,,,,,LU Loading,,,,,,2.07,,,RD229,,,
,16-07-2026,,,,,Waiting,,,,,,3.95,,,RD236,,,
,16-07-2026,,,,,LU Loading,,,,,,2.58,,,RD236,,,
,16-07-2026,,,,,Waiting,,,,,,0.68,,,RD141,,,
,16-07-2026,,,,,LU Loading,,,,,,2.55,,,RD141,,,
,16-07-2026,,,,,Waiting,,,,,,9.4,,,RD226,,,
,16-07-2026,,,,,Spotting,,,,,,1.07,,,RD226,,,
,16-07-2026,,,,,LU Loading,,,,,,2.2,,,RD226,,,
,16-07-2026,,,,,Waiting,,,,,,0.68,,,RD121,,,
,16-07-2026,,,,,LU Loading,,,,,,2.28,,,RD121,,,
,16-07-2026,,,,,Waiting,,,,,,4.08,,,RD126,,,
,16-07-2026,,,,,LU Loading,,,,,,2.4,,,RD126,,,
,16-07-2026,,,,,Waiting,,,,,,0.9,,,RD230,,,
,16-07-2026,,,,,LU Loading,,,,,,2.47,,,RD230,,,
,16-07-2026,,,,,Waiting,,,,,,0.77,,,RD245,,,
,16-07-2026,,,,,LU Loading,,,,,,2.32,,,RD245,,,
,16-07-2026,,,,,Waiting,,,,,,0.52,,,RD229,,,
,16-07-2026,,,,,LU Loading,,,,,,2.73,,,RD229,,,
,16-07-2026,,,,,Waiting,,,,,,1.7,,,RD236,,,
,16-07-2026,,,,,LU Loading,,,,,,2.02,,,RD236,,,
,16-07-2026,,,,,Waiting,,,,,,3.1,,,RD226,,,
,16-07-2026,,,,,LU Loading,,,,,,1.75,,,RD226,,,
,16-07-2026,,,,,Waiting,,,,,,12.17,,,RD121,,,
,16-07-2026,,,,,Spotting,,,,,,0.38,,,RD121,,,
,16-07-2026,,,,,LU Loading,,,,,,1.87,,,RD121,,,
,16-07-2026,,,,,Waiting,,,,,,6.02,,,RD234,,,
,16-07-2026,,,,,Shift Change,,,,,,28.57,,,RD234,,,
,16-07-2026,,,,,Shift Change,,,,,,32.28,,,RD234,,,
,16-07-2026,,,,,Waiting,,,,,,10.83,,,RD234,,,
,16-07-2026,,,,,LU Loading,,,,,,4.02,,,RD234,,,
,16-07-2026,,,,,Waiting,,,,,,0.33,,,RD235,,,
,16-07-2026,,,,,LU Loading,,,,,,2.72,,,RD235,,,
,16-07-2026,,,,,Spotting,,,,,,0.22,,,RD251,,,
,16-07-2026,,,,,LU Loading,,,,,,2.73,,,RD251,,,
,16-07-2026,,,,,Waiting,,,,,,0.12,,,RD141,,,
,16-07-2026,,,,,LU Loading,,,,,,2.7,,,RD141,,,
,16-07-2026,,,,,Waiting,,,,,,0.78,,,RD121,,,
,16-07-2026,,,,,LU Loading,,,,,,1.77,,,RD121,,,
,16-07-2026,,,,,Waiting,,,,,,0.72,,,RD226,,,
,16-07-2026,,,,,LU Loading,,,,,,3.33,,,RD226,,,
,16-07-2026,,,,,Waiting,,,,,,5.42,,,RD126,,,
,16-07-2026,,,,,LU Loading,,,,,,2.62,,,RD126,,,
,16-07-2026,,,,,Waiting,,,,,,2.72,,,RD234,,,
,16-07-2026,,,,,LU Loading,,,,,,3.32,,,RD234,,,
,16-07-2026,,,,,Waiting,,,,,,3.5,,,RD235,,,
,16-07-2026,,,,,LU Loading,,,,,,3.07,,,RD235,,,
,16-07-2026,,,,,Waiting,,,,,,0.28,,,RD253,,,
,16-07-2026,,,,,LU Loading,,,,,,2.65,,,RD253,,,
,16-07-2026,,,,,Waiting,,,,,,3.98,,,RD141,,,
,16-07-2026,,,,,LU Loading,,,,,,2.75,,,RD141,,,
,16-07-2026,,,,,Waiting,,,,,,0.8,,,RD121,,,
,16-07-2026,,,,,LU Loading,,,,,,1.88,,,RD121,,,
,16-07-2026,,,,,Waiting,,,,,,0.17,,,RD251,,,
,16-07-2026,,,,,Spotting,,,,,,0.47,,,RD251,,,
,16-07-2026,,,,,LU Loading,,,,,,2.5,,,RD251,,,
,16-07-2026,,,,,Waiting,,,,,,0.53,,,RD226,,,
,16-07-2026,,,,,LU Loading,,,,,,3.45,,,RD226,,,
,16-07-2026,,,,,Waiting,,,,,,2.67,,,RD234,,,
,16-07-2026,,,,,LU Loading,,,,,,3.13,,,RD234,,,
,16-07-2026,,,,,Waiting,,,,,,5.08,,,RD235,,,
,16-07-2026,,,,,Spotting,,,,,,0.38,,,RD235,,,
,16-07-2026,,,,,LU Loading,,,,,,3.55,,,RD235,,,
,16-07-2026,,,,,Waiting,,,,,,0.15,,,RD253,,,
,16-07-2026,,,,,Spotting,,,,,,0.42,,,RD253,,,
,16-07-2026,,,,,LU Loading,,,,,,2.67,,,RD253,,,
,17-07-2026,,,,,Waiting,,,,,,4.02,,,RD126,,,
,17-07-2026,,,,,LU Loading,,,,,,2.47,,,RD126,,,
,17-07-2026,,,,,Waiting,,,,,,0.93,,,RD121,,,
,17-07-2026,,,,,Spotting,,,,,,0.53,,,RD121,,,
,17-07-2026,,,,,LU Loading,,,,,,2.12,,,RD121,,,
,17-07-2026,,,,,Waiting,,,,,,1.25,,,RD251,,,
,17-07-2026,,,,,LU Loading,,,,,,2.63,,,RD251,,,
,17-07-2026,,,,,Waiting,,,,,,5.17,,,RD141,,,
,17-07-2026,,,,,Spotting,,,,,,0.25,,,RD141,,,
,17-07-2026,,,,,LU Loading,,,,,,3.25,,,RD141,,,
,17-07-2026,,,,,Waiting,,,,,,5.73,,,RD235,,,
,17-07-2026,,,,,Spotting,,,,,,0.28,,,RD235,,,
,17-07-2026,,,,,LU Loading,,,,,,3.17,,,RD235,,,
,17-07-2026,,,,,Waiting,,,,,,0.72,,,RD226,,,
,17-07-2026,,,,,LU Loading,,,,,,3.13,,,RD226,,,
,17-07-2026,,,,,Waiting,,,,,,0.43,,,RD253,,,
,17-07-2026,,,,,LU Loading,,,,,,2.97,,,RD253,,,
,17-07-2026,,,,,Waiting,,,,,,7.02,,,RD251,,,
,17-07-2026,,,,,LU Loading,,,,,,4.12,,,RD251,,,
,17-07-2026,,,,,Waiting,,,,,,0.8,,,RD126,,,
,17-07-2026,,,,,LU Loading,,,,,,3.48,,,RD126,,,
,17-07-2026,,,,,Waiting,,,,,,0.63,,,RD121,,,
,17-07-2026,,,,,Spotting,,,,,,1.05,,,RD121,,,
,17-07-2026,,,,,LU Loading,,,,,,2.17,,,RD121,,,
,17-07-2026,,,,,Waiting,,,,,,8.55,,,RD226,,,
,17-07-2026,,,,,Spotting,,,,,,0.33,,,RD226,,,
,17-07-2026,,,,,LU Loading,,,,,,3.5,,,RD226,,,
,17-07-2026,,,,,LU Loading,,,,,,2.42,,,RD235,,,
,17-07-2026,,,,,Spotting,,,,,,0.6,,,RD253,,,
,17-07-2026,,,,,LU Loading,,,,,,2.55,,,RD253,,,
,17-07-2026,,,,,Waiting,,,,,,0.47,,,RD141,,,
,17-07-2026,,,,,LU Loading,,,,,,2.3,,,RD141,,,
,17-07-2026,,,,,Waiting,,,,,,16.62,,,RD121,,,
,17-07-2026,,,,,Spotting,,,,,,1.28,,,RD121,,,
,17-07-2026,,,,,LU Loading,,,,,,2.45,,,RD121,,,
,17-07-2026,,,,,Waiting,,,,,,6.28,,,RD226,,,
,17-07-2026,,,,,Spotting,,,,,,1.17,,,RD226,,,
,17-07-2026,,,,,LU Loading,,,,,,5.18,,,RD226,,,
,17-07-2026,,,,,Waiting,,,,,,2.13,,,RD253,,,
,17-07-2026,,,,,LU Loading,,,,,,4.73,,,RD253,,,
,17-07-2026,,,,,LU Loading,,,,,,4.52,,,RD251,,,
,17-07-2026,,,,,Spotting,,,,,,0.62,,,RD126,,,
,17-07-2026,,,,,LU Loading,,,,,,8.47,,,RD126,,,
,17-07-2026,,,,,LU Loading,,,,,,5.7,,,RD235,,,
,17-07-2026,,,,,Spotting,,,,,,0.27,,,RD234,,,
,17-07-2026,,,,,LU Loading,,,,,,3.82,,,RD234,,,
,17-07-2026,,,,,Waiting,,,,,,3.87,,,RD253,,,
,17-07-2026,,,,,Spotting,,,,,,0.15,,,RD253,,,
,17-07-2026,,,,,LU Loading,,,,,,3.25,,,RD253,,,
,17-07-2026,,,,,Spotting,,,,,,0.5,,,RD251,,,
,17-07-2026,,,,,LU Loading,,,,,,3.5,,,RD251,,,
,17-07-2026,,,,,Waiting,,,,,,0.62,,,RD231,,,
,17-07-2026,,,,,LU Loading,,,,,,5.35,,,RD231,,,
,17-07-2026,,,,,Waiting,,,,,,2.57,,,RD226,,,
,17-07-2026,,,,,Spotting,,,,,,0.33,,,RD226,,,
,17-07-2026,,,,,LU Loading,,,,,,4.62,,,RD226,,,
,17-07-2026,,,,,Waiting,,,,,,0.42,,,RD235,,,
,17-07-2026,,,,,Spotting,,,,,,0.52,,,RD235,,,
,17-07-2026,,,,,LU Loading,,,,,,4.22,,,RD235,,,
,17-07-2026,,,,,Waiting,,,,,,0.23,,,RD234,,,
,17-07-2026,,,,,Spotting,,,,,,0.35,,,RD234,,,
,17-07-2026,,,,,LU Loading,,,,,,3.95,,,RD234,,,
,17-07-2026,,,,,Waiting,,,,,,8.93,,,RD253,,,
,17-07-2026,,,,,LU Loading,,,,,,3.37,,,RD253,,,
,17-07-2026,,,,,Waiting,,,,,,0.97,,,RD121,,,
,17-07-2026,,,,,LU Loading,,,,,,2.72,,,RD121,,,
,17-07-2026,,,,,Waiting,,,,,,1.55,,,RD231,,,
,17-07-2026,,,,,Spotting,,,,,,1.07,,,RD231,,,
,17-07-2026,,,,,LU Loading,,,,,,3.98,,,RD231,,,
,17-07-2026,,,,,Waiting,,,,,,0.4,,,RD226,,,
,17-07-2026,,,,,Spotting,,,,,,0.25,,,RD226,,,
,17-07-2026,,,,,LU Loading,,,,,,11.05,,,RD226,,,
,17-07-2026,,,,,Waiting,,,,,,0.83,,,RD249,,,
,17-07-2026,,,,,LU Loading,,,,,,2.82,,,RD249,,,
,17-07-2026,,,,,Waiting,,,,,,0.23,,,RD235,,,
,17-07-2026,,,,,Spotting,,,,,,0.53,,,RD235,,,
,17-07-2026,,,,,LU Loading,,,,,,2.57,,,RD235,,,
,17-07-2026,,,,,Spotting,,,,,,0.5,,,RD234,,,
,17-07-2026,,,,,LU Loading,,,,,,2.77,,,RD234,,,
,17-07-2026,,,,,Waiting,,,,,,0.32,,,RD253,,,
,17-07-2026,,,,,Spotting,,,,,,0.47,,,RD253,,,
,17-07-2026,,,,,LU Loading,,,,,,2.97,,,RD253,,,
,17-07-2026,,,,,Waiting,,,,,,0.45,,,RD121,,,
,17-07-2026,,,,,Spotting,,,,,,0.38,,,RD121,,,
,17-07-2026,,,,,LU Loading,,,,,,2.23,,,RD121,,,
,17-07-2026,,,,,Waiting,,,,,,9.38,,,RD231,,,
,17-07-2026,,,,,LU Loading,,,,,,3.55,,,RD231,,,
,17-07-2026,,,,,Waiting,,,,,,0.23,,,RD226,,,
,17-07-2026,,,,,LU Loading,,,,,,3.38,,,RD226,,,
,17-07-2026,,,,,Waiting,,,,,,3.73,,,RD249,,,
,17-07-2026,,,,,LU Loading,,,,,,3.37,,,RD249,,,
,17-07-2026,,,,,Waiting,,,,,,1.17,,,RD235,,,
,17-07-2026,,,,,LU Loading,,,,,,3.15,,,RD235,,,
,17-07-2026,,,,,Spotting,,,,,,0.32,,,RD234,,,
,17-07-2026,,,,,LU Loading,,,,,,3.12,,,RD234,,,
,17-07-2026,,,,,Waiting,,,,,,4.62,,,RD253,,,
,17-07-2026,,,,,LU Loading,,,,,,3.03,,,RD253,,,
,17-07-2026,,,,,LU Loading,,,,,,2.88,,,RD121,,,
,17-07-2026,,,,,Waiting,,,,,,0.43,,,RD231,,,
,17-07-2026,,,,,Spotting,,,,,,0.5,,,RD231,,,
,17-07-2026,,,,,LU Loading,,,,,,3.53,,,RD231,,,
,17-07-2026,,,,,Waiting,,,,,,1.12,,,RD226,,,
,17-07-2026,,,,,Spotting,,,,,,0.28,,,RD226,,,
,17-07-2026,,,,,LU Loading,,,,,,3.72,,,RD226,,,
,17-07-2026,,,,,Waiting,,,,,,6.18,,,RD234,,,
,17-07-2026,,,,,LU Loading,,,,,,2.55,,,RD234,,,
,17-07-2026,,,,,Waiting,,,,,,0.52,,,RD249,,,
,17-07-2026,,,,,LU Loading,,,,,,9.68,,,RD249,,,
,17-07-2026,,,,,Waiting,,,,,,0.55,,,RD235,,,
,17-07-2026,,,,,Spotting,,,,,,0.28,,,RD235,,,
,17-07-2026,,,,,LU Loading,,,,,,4.82,,,RD235,,,
,17-07-2026,,,,,Waiting,,,,,,0.47,,,RD121,,,
,17-07-2026,,,,,LU Loading,,,,,,2.87,,,RD121,,,
,17-07-2026,,,,,Spotting,,,,,,0.72,,,RD253,,,
,17-07-2026,,,,,LU Loading,,,,,,2.93,,,RD253,,,
,17-07-2026,,,,,Spotting,,,,,,0.15,,,RD231,,,
,17-07-2026,,,,,LU Loading,,,,,,2.95,,,RD231,,,
,17-07-2026,,,,,LU Loading,,,,,,2.58,,,RD226,,,
,17-07-2026,,,,,Spotting,,,,,,0.32,,,RD234,,,
,17-07-2026,,,,,LU Loading,,,,,,2.88,,,RD234,,,
,17-07-2026,,,,,Waiting,,,,,,16.95,,,RD141,,,
,17-07-2026,,,,,Shift Change,,,,,,22.33,,,RD141,,,
,17-07-2026,,,,,,,,,,,,,,,,,
,Timestamp,,,,,Status Code,,Sub-Status Code,,,,"Duration
(min)",,,Hauling Unit,,,
,17-07-2026,,,,,Shift Change,,,,,,40.88,,,RD141,,,
,17-07-2026,,,,,Waiting,,,,,,14.23,,,RD141,,,
,17-07-2026,,,,,LU Loading,,,,,,2.28,,,RD141,,,
,17-07-2026,,,,,Waiting,,,,,,3.05,,,RD253,,,
,17-07-2026,,,,,LU Loading,,,,,,2.5,,,RD253,,,
,17-07-2026,,,,,Waiting,,,,,,0.23,,,RD226,,,
,17-07-2026,,,,,LU Loading,,,,,,3.13,,,RD226,,,
,17-07-2026,,,,,Waiting,,,,,,0.78,,,RD238,,,
,17-07-2026,,,,,LU Loading,,,,,,1.92,,,RD238,,,
,17-07-2026,,,,,Waiting,,,,,,0.27,,,RD126,,,
,17-07-2026,,,,,LU Loading,,,,,,2.75,,,RD126,,,
,17-07-2026,,,,,Waiting,,,,,,0.83,,,RD230,,,
,17-07-2026,,,,,LU Loading,,,,,,2.33,,,RD230,,,
,17-07-2026,,,,,Waiting,,,,,,0.62,,,RD231,,,
,17-07-2026,,,,,LU Loading,,,,,,2.3,,,RD231,,,
,17-07-2026,,,,,Waiting,,,,,,0.37,,,RD228,,,
,17-07-2026,,,,,LU Loading,,,,,,2.2,,,RD228,,,
,17-07-2026,,,,,Waiting,,,,,,8.83,,,RD229,,,
,17-07-2026,,,,,Spotting,,,,,,0.3,,,RD229,,,
,17-07-2026,,,,,LU Loading,,,,,,2.5,,,RD229,,,
,17-07-2026,,,,,Waiting,,,,,,2.03,,,RD226,,,
,17-07-2026,,,,,LU Loading,,,,,,3.15,,,RD226,,,
,17-07-2026,,,,,Waiting,,,,,,0.77,,,RD238,,,
,17-07-2026,,,,,Spotting,,,,,,0.27,,,RD238,,,
,17-07-2026,,,,,LU Loading,,,,,,3.57,,,RD238,,,
,17-07-2026,,,,,Waiting,,,,,,0.12,,,RD126,,,
,17-07-2026,,,,,Spotting,,,,,,0.55,,,RD126,,,
,17-07-2026,,,,,LU Loading,,,,,,2.2,,,RD126,,,
,17-07-2026,,,,,Waiting,,,,,,0.08,,,RD126,,,
,17-07-2026,,,,,LU Loading,,,,,,2.03,,,RD126,,,
,17-07-2026,,,,,Waiting,,,,,,1.58,,,RD230,,,
,17-07-2026,,,,,LU Loading,,,,,,2.9,,,RD230,,,
,17-07-2026,,,,,Waiting,,,,,,1.32,,,RD231,,,
,17-07-2026,,,,,LU Loading,,,,,,3.38,,,RD231,,,
,17-07-2026,,,,,Waiting,,,,,,2.22,,,RD228,,,
,17-07-2026,,,,,Spotting,,,,,,0.3,,,RD228,,,
,17-07-2026,,,,,LU Loading,,,,,,3.02,,,RD228,,,
,17-07-2026,,,,,Waiting,,,,,,1.85,,,RD229,,,
,17-07-2026,,,,,LU Loading,,,,,,2.85,,,RD229,,,
,17-07-2026,,,,,Waiting,,,,,,1.12,,,RD132,,,
,17-07-2026,,,,,LU Loading,,,,,,3.3,,,RD132,,,
,17-07-2026,,,,,Waiting,,,,,,0.75,,,RD226,,,
,17-07-2026,,,,,LU Loading,,,,,,2.62,,,RD226,,,
,17-07-2026,,,,,Waiting,,,,,,4.45,,,RD238,,,
,17-07-2026,,,,,LU Loading,,,,,,2.2,,,RD238,,,
,17-07-2026,,,,,Waiting,,,,,,0.7,,,RD126,,,
,17-07-2026,,,,,LU Loading,,,,,,2.55,,,RD126,,,
,17-07-2026,,,,,Waiting,,,,,,6.32,,,RD231,,,
,17-07-2026,,,,,LU Loading,,,,,,3.05,,,RD231,,,
,17-07-2026,,,,,Waiting,,,,,,0.42,,,RD230,,,
,17-07-2026,,,,,LU Loading,,,,,,2.27,,,RD230,,,
,17-07-2026,,,,,Waiting,,,,,,13.47,,,RD229,,,
,17-07-2026,,,,,Spotting,,,,,,0.43,,,RD229,,,
,17-07-2026,,,,,LU Loading,,,,,,3.93,,,RD229,,,
,17-07-2026,,,,,Waiting,,,,,,2.48,,,RD226,,,
,17-07-2026,,,,,Spotting,,,,,,0.37,,,RD226,,,
,17-07-2026,,,,,LU Loading,,,,,,2.05,,,RD226,,,
,17-07-2026,,,,,Waiting,,,,,,1.52,,,RD126,,,
,17-07-2026,,,,,Spotting,,,,,,0.47,,,RD126,,,
,17-07-2026,,,,,LU Loading,,,,,,1.9,,,RD126,,,
,17-07-2026,,,,,Waiting,,,,,,2.12,,,RD238,,,
,17-07-2026,,,,,Spotting,,,,,,1.27,,,RD238,,,
,17-07-2026,,,,,LU Loading,,,,,,2.95,,,RD238,,,
,17-07-2026,,,,,Waiting,,,,,,5.25,,,RD232,,,
,17-07-2026,,,,,LU Loading,,,,,,3.12,,,RD232,,,
,17-07-2026,,,,,LU Loading,,,,,,1.77,,,RD231,,,
,17-07-2026,,,,,Waiting,,,,,,12.55,,,RD228,,,
,17-07-2026,,,,,Fuel Filling,,,,,,7.9,,,RD228,,,
,17-07-2026,,,,,LU Loading,,,,,,1.98,,,RD228,,,
,17-07-2026,,,,,Waiting,,,,,,1.38,,,RD229,,,
,17-07-2026,,,,,LU Loading,,,,,,2.23,,,RD229,,,
,17-07-2026,,,,,Waiting,,,,,,0.88,,,RD126,,,
,17-07-2026,,,,,LU Loading,,,,,,1.95,,,RD126,,,
,17-07-2026,,,,,Waiting,,,,,,2,,,RD226,,,
,17-07-2026,,,,,LU Loading,,,,,,1.73,,,RD226,,,
,17-07-2026,,,,,Waiting,,,,,,0.45,,,RD238,,,
,17-07-2026,,,,,Spotting,,,,,,0.35,,,RD238,,,
,17-07-2026,,,,,LU Loading,,,,,,1.68,,,RD238,,,
,17-07-2026,,,,,Waiting,,,,,,17.17,,,RD230,,,
,17-07-2026,,,,,Spotting,,,,,,0.38,,,RD230,,,
,17-07-2026,,,,,LU Loading,,,,,,2.37,,,RD230,,,
,17-07-2026,,,,,Waiting,,,,,,1.3,,,RD228,,,
,17-07-2026,,,,,Spotting,,,,,,0.4,,,RD228,,,
,17-07-2026,,,,,LU Loading,,,,,,2.33,,,RD228,,,
,17-07-2026,,,,,Waiting,,,,,,0.88,,,RD229,,,
,17-07-2026,,,,,LU Loading,,,,,,3.23,,,RD229,,,
,17-07-2026,,,,,Waiting,,,,,,0.22,,,RD231,,,
,17-07-2026,,,,,Spotting,,,,,,0.53,,,RD231,,,
,17-07-2026,,,,,LU Loading,,,,,,2.4,,,RD231,,,
,17-07-2026,,,,,Waiting,,,,,,0.38,,,RD226,,,
,17-07-2026,,,,,Spotting,,,,,,0.62,,,RD226,,,
,17-07-2026,,,,,LU Loading,,,,,,2.67,,,RD226,,,
,17-07-2026,,,,,Waiting,,,,,,6.03,,,RD132,,,
,17-07-2026,,,,,Spotting,,,,,,3.43,,,RD132,,,
,17-07-2026,,,,,LU Loading,,,,,,1.75,,,RD132,,,
,17-07-2026,,,,,Waiting,,,,,,6.08,,,RD230,,,
,17-07-2026,,,,,Spotting,,,,,,0.37,,,RD230,,,
,17-07-2026,,,,,LU Loading,,,,,,2.5,,,RD230,,,
,17-07-2026,,,,,Waiting,,,,,,7.78,,,RD228,,,
,17-07-2026,,,,,LU Loading,,,,,,2.43,,,RD228,,,
,17-07-2026,,,,,Waiting,,,,,,0.67,,,RD229,,,
,17-07-2026,,,,,LU Loading,,,,,,2.58,,,RD229,,,
,17-07-2026,,,,,Waiting,,,,,,1.08,,,RD231,,,
,17-07-2026,,,,,LU Loading,,,,,,2.35,,,RD231,,,
,17-07-2026,,,,,Waiting,,,,,,0.48,,,RD238,,,
,17-07-2026,,,,,LU Loading,,,,,,2.83,,,RD238,,,
,17-07-2026,,,,,Waiting,,,,,,0.38,,,RD226,,,
,17-07-2026,,,,,LU Loading,,,,,,2.85,,,RD226,,,
,17-07-2026,,,,,Waiting,,,,,,4.25,,,RD126,,,
,17-07-2026,,,,,LU Loading,,,,,,2.55,,,RD126,,,
,17-07-2026,,,,,Waiting,,,,,,4.63,,,RD132,,,
,17-07-2026,,,,,LU Loading,,,,,,2.57,,,RD132,,,
,17-07-2026,,,,,Waiting,,,,,,2.58,,,RD230,,,
,17-07-2026,,,,,Spotting,,,,,,0.6,,,RD230,,,
,17-07-2026,,,,,LU Loading,,,,,,3.4,,,RD230,,,
,17-07-2026,,,,,Waiting,,,,,,0.38,,,RD229,,,
,17-07-2026,,,,,LU Loading,,,,,,2.73,,,RD229,,,
,17-07-2026,,,,,Waiting,,,,,,4.02,,,RD231,,,
,17-07-2026,,,,,LU Loading,,,,,,3.15,,,RD231,,,
,17-07-2026,,,,,Waiting,,,,,,0.72,,,RD238,,,
,17-07-2026,,,,,LU Loading,,,,,,3.4,,,RD238,,,
,17-07-2026,,,,,Waiting,,,,,,2.45,,,RD226,,,
,17-07-2026,,,,,LU Loading,,,,,,2.38,,,RD226,,,
,17-07-2026,,,,,Spotting,,,,,,0.63,,,RD228,,,
,17-07-2026,,,,,LU Loading,,,,,,13.77,,,RD228,,,
,17-07-2026,,,,,Waiting,,,,,,1.75,,,RD126,,,
,17-07-2026,,,,,LU Loading,,,,,,2.83,,,RD126,,,
,17-07-2026,,,,,Waiting,,,,,,5.65,,,RD229,,,
,17-07-2026,,,,,LU Loading,,,,,,2.63,,,RD229,,,
,17-07-2026,,,,,Waiting,,,,,,1.68,,,RD230,,,
,17-07-2026,,,,,LU Loading,,,,,,3.23,,,RD230,,,
,17-07-2026,,,,,LU Loading,,,,,,3.38,,,RD231,,,
,17-07-2026,,,,,Waiting,,,,,,0.65,,,RD238,,,
,17-07-2026,,,,,LU Loading,,,,,,2.93,,,RD238,,,
,17-07-2026,,,,,Waiting,,,,,,0.35,,,RD226,,,
,17-07-2026,,,,,LU Loading,,,,,,2.4,,,RD226,,,
,17-07-2026,,,,,Spotting,,,,,,0.32,,,RD228,,,
,17-07-2026,,,,,LU Loading,,,,,,2.68,,,RD228,,,
,17-07-2026,,,,,Waiting,,,,,,6.22,,,RD141,,,
,17-07-2026,,,,,LU Loading,,,,,,2.62,,,RD141,,,
,17-07-2026,,,,,Waiting,,,,,,1.5,,,RD126,,,
,17-07-2026,,,,,LU Loading,,,,,,1.28,,,RD126,,,
,17-07-2026,,,,,Waiting,,,,,,3.63,,,RD229,,,
,17-07-2026,,,,,LU Loading,,,,,,2.87,,,RD229,,,
,17-07-2026,,,,,Waiting,,,,,,2.57,,,RD231,,,
,17-07-2026,,,,,LU Loading,,,,,,2.9,,,RD231,,,
,17-07-2026,,,,,Waiting,,,,,,1.3,,,RD230,,,
,17-07-2026,,,,,LU Loading,,,,,,3,,,RD230,,,
,17-07-2026,,,,,Waiting,,,,,,0.52,,,RD238,,,
,17-07-2026,,,,,LU Loading,,,,,,2.28,,,RD238,,,
,17-07-2026,,,,,Spotting,,,,,,0.27,,,RD226,,,
,17-07-2026,,,,,LU Loading,,,,,,2.1,,,RD226,,,
,17-07-2026,,,,,Waiting,,,,,,1.62,,,RD244,,,
,17-07-2026,,,,,Spotting,,,,,,0.28,,,RD244,,,
,17-07-2026,,,,,LU Loading,,,,,,1.43,,,RD244,,,
,17-07-2026,,,,,Waiting,,,,,,0.78,,,RD248,,,
,17-07-2026,,,,,Marching,,,,,,27.9,,,RD248,,,
,17-07-2026,,,,,Shift Change,,,,,,17.3,,,RD248,,,
,17-07-2026,,,,,Shift Change,,,,,,93.77,,,RD248,,,
,17-07-2026,,,,,Waiting,,,,,,0.25,,,RD248,,,
,17-07-2026,,,,,Marching,,,,,,52.62,,,RD248,,,
,17-07-2026,,,,,LU Loading,,,,,,3.28,,,RD248,,,
,17-07-2026,,,,,Waiting,,,,,,0.52,,,RD234,,,
,17-07-2026,,,,,LU Loading,,,,,,2.73,,,RD234,,,
,17-07-2026,,,,,Waiting,,,,,,0.88,,,RD231,,,
,17-07-2026,,,,,LU Loading,,,,,,3.37,,,RD231,,,
,17-07-2026,,,,,Waiting,,,,,,2.07,,,RD236,,,
,17-07-2026,,,,,LU Loading,,,,,,2.35,,,RD236,,,
,17-07-2026,,,,,Waiting,,,,,,7.45,,,RD248,,,
,17-07-2026,,,,,LU Loading,,,,,,2.83,,,RD248,,,
,17-07-2026,,,,,Waiting,,,,,,0.93,,,RD235,,,
,17-07-2026,,,,,LU Loading,,,,,,2.45,,,RD235,,,
,17-07-2026,,,,,Waiting,,,,,,4.52,,,RD230,,,
,17-07-2026,,,,,LU Loading,,,,,,3.08,,,RD230,,,
,17-07-2026,,,,,Waiting,,,,,,2,,,RD237,,,
,17-07-2026,,,,,Spotting,,,,,,2.07,,,RD237,,,
,17-07-2026,,,,,LU Loading,,,,,,4.13,,,RD237,,,
,17-07-2026,,,,,Waiting,,,,,,16.17,,,RD234,,,
,17-07-2026,,,,,Spotting,,,,,,0.12,,,RD234,,,
,17-07-2026,,,,,LU Loading,,,,,,2.2,,,RD234,,,
,17-07-2026,,,,,Waiting,,,,,,3.9,,,RD231,,,
,17-07-2026,,,,,LU Loading,,,,,,2.83,,,RD231,,,
,17-07-2026,,,,,Waiting,,,,,,1.85,,,RD236,,,
,17-07-2026,,,,,LU Loading,,,,,,2.13,,,RD236,,,
,17-07-2026,,,,,Waiting,,,,,,1.35,,,RD248,,,
,17-07-2026,,,,,LU Loading,,,,,,2.82,,,RD248,,,
,17-07-2026,,,,,Waiting,,,,,,0.18,,,RD235,,,
,17-07-2026,,,,,Spotting,,,,,,0.63,,,RD235,,,
,17-07-2026,,,,,LU Loading,,,,,,2.18,,,RD235,,,
,17-07-2026,,,,,Waiting,,,,,,0.78,,,RD237,,,
,17-07-2026,,,,,LU Loading,,,,,,2.37,,,RD237,,,
,17-07-2026,,,,,Waiting,,,,,,0.27,,,RD230,,,
,17-07-2026,,,,,LU Loading,,,,,,0.17,,,RD230,,,
,17-07-2026,,,,,Waiting,,,,,,6.68,,,RD247,,,
,17-07-2026,,,,,Spotting,,,,,,0.3,,,RD247,,,
,17-07-2026,,,,,LU Loading,,,,,,3.37,,,RD247,,,
,17-07-2026,,,,,Waiting,,,,,,5.22,,,RD238,,,
,17-07-2026,,,,,LU Loading,,,,,,2.6,,,RD238,,,
,17-07-2026,,,,,Waiting,,,,,,4.77,,,RD236,,,
,17-07-2026,,,,,Spotting,,,,,,0.18,,,RD236,,,
,17-07-2026,,,,,LU Loading,,,,,,2.47,,,RD236,,,
,17-07-2026,,,,,Waiting,,,,,,0.9,,,RD230,,,
,17-07-2026,,,,,LU Loading,,,,,,3.33,,,RD230,,,
,17-07-2026,,,,,Waiting,,,,,,0.8,,,RD247,,,
,17-07-2026,,,,,Spotting,,,,,,0.15,,,RD247,,,
,17-07-2026,,,,,LU Loading,,,,,,2.82,,,RD247,,,
,17-07-2026,,,,,LU Loading,,,,,,0.38,,,RD241,,,
,17-07-2026,,,,,Waiting,,,,,,9.63,,,RD230,,,
,17-07-2026,,,,,LU Loading,,,,,,3.95,,,RD230,,,
,17-07-2026,,,,,Waiting,,,,,,1.03,,,RD247,,,
,17-07-2026,,,,,LU Loading,,,,,,3.83,,,RD247,,,
,17-07-2026,,,,,Waiting,,,,,,4.12,,,RD231,,,
,17-07-2026,,,,,Spotting,,,,,,0.83,,,RD231,,,
,17-07-2026,,,,,LU Loading,,,,,,3.72,,,RD231,,,
,17-07-2026,,,,,Spotting,,,,,,2.52,,,RD247,,,
,17-07-2026,,,,,LU Loading,,,,,,3.65,,,RD247,,,
,17-07-2026,,,,,Waiting,,,,,,1,,,RD231,,,
,17-07-2026,,,,,LU Loading,,,,,,3.13,,,RD231,,,
,17-07-2026,,,,,Waiting,,,,,,1.07,,,RD235,,,
,17-07-2026,,,,,Spotting,,,,,,0.42,,,RD235,,,
,17-07-2026,,,,,LU Loading,,,,,,4.78,,,RD235,,,
,17-07-2026,,,,,Waiting,,,,,,7.85,,,RD248,,,
,17-07-2026,,,,,LU Loading,,,,,,3.9,,,RD248,,,
,17-07-2026,,,,,Waiting,,,,,,1.45,,,RD247,,,
,17-07-2026,,,,,LU Loading,,,,,,3.55,,,RD247,,,
,17-07-2026,,,,,Waiting,,,,,,4.23,,,RD231,,,
,17-07-2026,,,,,LU Loading,,,,,,8.35,,,RD231,,,
,17-07-2026,,,,,Waiting,,,,,,2.47,,,RD248,,,
,17-07-2026,,,,,LU Loading,,,,,,3.7,,,RD248,,,
,17-07-2026,,,,,Waiting,,,,,,2.73,,,RD248,,,
,17-07-2026,,,,,LU Loading,,,,,,4.12,,,RD248,,,
,17-07-2026,,,,,Waiting,,,,,,2.87,,,RD248,,,
,17-07-2026,,,,,LU Loading,,,,,,3.3,,,RD248,,,
,17-07-2026,,,,,Waiting,,,,,,2.4,,,RD248,,,
,17-07-2026,,,,,LU Loading,,,,,,3.53,,,RD248,,,
,17-07-2026,,,,,Waiting,,,,,,3.75,,,RD247,,,
,17-07-2026,,,,,Spotting,,,,,,0.45,,,RD247,,,
,17-07-2026,,,,,LU Loading,,,,,,6.42,,,RD247,,,
,17-07-2026,,,,,Waiting,,,,,,0.95,,,RD231,,,
,17-07-2026,,,,,LU Loading,,,,,,13.77,,,RD231,,,
,17-07-2026,,,,,Waiting,,,,,,1.28,,,RD234,,,
,17-07-2026,,,,,LU Loading,,,,,,3.32,,,RD234,,,
,17-07-2026,,,,,Spotting,,,,,,0.13,,,RD248,,,
,17-07-2026,,,,,LU Loading,,,,,,2.93,,,RD248,,,
,17-07-2026,,,,,LU Loading,,,,,,2.8,,,RD247,,,
,17-07-2026,,,,,Spotting,,,,,,0.57,,,RD231,,,
,17-07-2026,,,,,LU Loading,,,,,,2.82,,,RD231,,,
,17-07-2026,,,,,Waiting,,,,,,0.35,,,RD234,,,
,17-07-2026,,,,,LU Loading,,,,,,2.42,,,RD234,,,
,17-07-2026,,,,,Spotting,,,,,,0.23,,,RD248,,,
,17-07-2026,,,,,LU Loading,,,,,,6.85,,,RD248,,,
,17-07-2026,,,,,LU Loading,,,,,,1.08,,,RD247,,,
,17-07-2026,,,,,LU Loading,,,,,,5.2,,,RD231,,,
,17-07-2026,,,,,Waiting,,,,,,0.53,,,RD234,,,
,17-07-2026,,,,,Spotting,,,,,,0.32,,,RD234,,,
,17-07-2026,,,,,LU Loading,,,,,,2.8,,,RD234,,,
,17-07-2026,,,,,Spotting,,,,,,0.02,,,RD248,,,
,17-07-2026,,,,,LU Loading,,,,,,3.82,,,RD248,,,
,17-07-2026,,,,,Spotting,,,,,,0.37,,,RD247,,,
,17-07-2026,,,,,LU Loading,,,,,,4,,,RD247,,,
,17-07-2026,,,,,Waiting,,,,,,0.25,,,RD231,,,
,17-07-2026,,,,,Spotting,,,,,,0.33,,,RD231,,,
,17-07-2026,,,,,LU Loading,,,,,,3.47,,,RD231,,,
,17-07-2026,,,,,Spotting,,,,,,0.55,,,RD234,,,
,17-07-2026,,,,,LU Loading,,,,,,3.53,,,RD234,,,
,17-07-2026,,,,,Spotting,,,,,,0.1,,,RD248,,,
,17-07-2026,,,,,LU Loading,,,,,,5.5,,,RD248,,,
,17-07-2026,,,,,Waiting,,,,,,0.1,,,RD247,,,
,17-07-2026,,,,,Spotting,,,,,,0.5,,,RD247,,,
,17-07-2026,,,,,LU Loading,,,,,,2.8,,,RD247,,,
,17-07-2026,,,,,Waiting,,,,,,0.13,,,RD231,,,
,17-07-2026,,,,,Spotting,,,,,,0.48,,,RD231,,,
,17-07-2026,,,,,LU Loading,,,,,,2.68,,,RD231,,,
,17-07-2026,,,,,Waiting,,,,,,5.95,,,RD246,,,
,17-07-2026,,,,,Shift Change,,,,,,23.1,,,RD246,,,
,17-07-2026,,,,,Shift Change,,,,,,33.98,,,RD246,,,
,17-07-2026,,,,,Waiting,,,,,,4.35,,,RD246,,,
,17-07-2026,,,,,LU Loading,,,,,,7.75,,,RD246,,,
,17-07-2026,,,,,Waiting,,,,,,3.38,,,RD239,,,
,17-07-2026,,,,,Spotting,,,,,,0.18,,,RD239,,,
,17-07-2026,,,,,LU Loading,,,,,,3.73,,,RD239,,,
,17-07-2026,,,,,Waiting,,,,,,0.93,,,RD253,,,
,17-07-2026,,,,,LU Loading,,,,,,4.33,,,RD253,,,
,17-07-2026,,,,,Waiting,,,,,,1.07,,,RD239,,,
,17-07-2026,,,,,LU Loading,,,,,,3.2,,,RD239,,,
,17-07-2026,,,,,Waiting,,,,,,7.43,,,RD231,,,
,17-07-2026,,,,,LU Loading,,,,,,3.15,,,RD231,,,
,17-07-2026,,,,,Spotting,,,,,,0.42,,,RD253,,,
,17-07-2026,,,,,LU Loading,,,,,,2.95,,,RD253,,,
,17-07-2026,,,,,Waiting,,,,,,0.08,,,RD239,,,
,17-07-2026,,,,,LU Loading,,,,,,2.87,,,RD239,,,
,17-07-2026,,,,,Waiting,,,,,,2.32,,,RD231,,,
,17-07-2026,,,,,LU Loading,,,,,,2.57,,,RD231,,,
,17-07-2026,,,,,Waiting,,,,,,0.33,,,RD253,,,
,17-07-2026,,,,,Spotting,,,,,,1.2,,,RD253,,,
,17-07-2026,,,,,LU Loading,,,,,,3.93,,,RD253,,,
,17-07-2026,,,,,Spotting,,,,,,0.15,,,RD239,,,
,17-07-2026,,,,,LU Loading,,,,,,3.23,,,RD239,,,
,17-07-2026,,,,,Spotting,,,,,,0.32,,,RD231,,,
,17-07-2026,,,,,LU Loading,,,,,,3.35,,,RD231,,,
,17-07-2026,,,,,Waiting,,,,,,2.13,,,RD253,,,
,17-07-2026,,,,,LU Loading,,,,,,3.28,,,RD253,,,
,17-07-2026,,,,,Waiting,,,,,,0.23,,,RD239,,,
,17-07-2026,,,,,LU Loading,,,,,,3.03,,,RD239,,,
,17-07-2026,,,,,Waiting,,,,,,0.1,,,RD231,,,
,17-07-2026,,,,,LU Loading,,,,,,3.78,,,RD231,,,
,17-07-2026,,,,,Waiting,,,,,,1.67,,,RD253,,,
,17-07-2026,,,,,LU Loading,,,,,,4.17,,,RD253,,,
,17-07-2026,,,,,Waiting,,,,,,0.23,,,RD239,,,
,17-07-2026,,,,,LU Loading,,,,,,2.85,,,RD239,,,
,17-07-2026,,,,,Waiting,,,,,,0.05,,,RD231,,,
,17-07-2026,,,,,LU Loading,,,,,,3.23,,,RD231,,,
,18-07-2026,,,,,Waiting,,,,,,2.07,,,RD253,,,
,18-07-2026,,,,,LU Loading,,,,,,3.25,,,RD253,,,
,18-07-2026,,,,,LU Loading,,,,,,3.88,,,RD239,,,
,18-07-2026,,,,,Spotting,,,,,,2.32,,,RD231,,,
,18-07-2026,,,,,LU Loading,,,,,,3.75,,,RD231,,,
,18-07-2026,,,,,Waiting,,,,,,0.02,,,RD253,,,
,18-07-2026,,,,,LU Loading,,,,,,4.25,,,RD253,,,
,18-07-2026,,,,,Spotting,,,,,,0.25,,,RD239,,,
,18-07-2026,,,,,LU Loading,,,,,,4.25,,,RD239,,,
,18-07-2026,,,,,Waiting,,,,,,9.57,,,RD231,,,
,18-07-2026,,,,,LU Loading,,,,,,2.78,,,RD231,,,
,18-07-2026,,,,,Waiting,,,,,,1.25,,,RD253,,,
,18-07-2026,,,,,LU Loading,,,,,,3.73,,,RD253,,,
,18-07-2026,,,,,Waiting,,,,,,0.47,,,RD239,,,
,18-07-2026,,,,,LU Loading,,,,,,3.2,,,RD239,,,
,18-07-2026,,,,,Waiting,,,,,,0.08,,,RD231,,,
,18-07-2026,,,,,LU Loading,,,,,,2.52,,,RD231,,,
,18-07-2026,,,,,Waiting,,,,,,2.07,,,RD253,,,
,18-07-2026,,,,,LU Loading,,,,,,2.82,,,RD253,,,
,18-07-2026,,,,,Waiting,,,,,,1.68,,,RD239,,,
,18-07-2026,,,,,Spotting,,,,,,1.43,,,RD239,,,
,18-07-2026,,,,,LU Loading,,,,,,3.37,,,RD239,,,
,18-07-2026,,,,,Waiting,,,,,,1.92,,,RD253,,,
,18-07-2026,,,,,LU Loading,,,,,,3.08,,,RD253,,,
,18-07-2026,,,,,Waiting,,,,,,0.43,,,RD231,,,
,18-07-2026,,,,,LU Loading,,,,,,2.73,,,RD231,,,
,18-07-2026,,,,,Waiting,,,,,,0.02,,,RD239,,,
,18-07-2026,,,,,LU Loading,,,,,,3.62,,,RD239,,,
,18-07-2026,,,,,Waiting,,,,,,1.63,,,RD253,,,
,18-07-2026,,,,,LU Loading,,,,,,2.95,,,RD253,,,
,18-07-2026,,,,,Spotting,,,,,,0.2,,,RD231,,,
,18-07-2026,,,,,LU Loading,,,,,,2.53,,,RD231,,,
,18-07-2026,,,,,Waiting,,,,,,0.02,,,RD239,,,
,18-07-2026,,,,,LU Loading,,,,,,3.1,,,RD239,,,
,18-07-2026,,,,,Waiting,,,,,,6.72,,,RD239,,,
,18-07-2026,,,,,LU Loading,,,,,,2.42,,,RD239,,,
,18-07-2026,,,,,Waiting,,,,,,0.35,,,RD253,,,
,18-07-2026,,,,,LU Loading,,,,,,2.65,,,RD253,,,
,18-07-2026,,,,,Waiting,,,,,,3.3,,,RD239,,,
,18-07-2026,,,,,LU Loading,,,,,,2.83,,,RD239,,,
,18-07-2026,,,,,Waiting,,,,,,1.52,,,RD253,,,
,18-07-2026,,,,,LU Loading,,,,,,3.3,,,RD253,,,
,18-07-2026,,,,,Waiting,,,,,,1.98,,,RD239,,,
,18-07-2026,,,,,LU Loading,,,,,,2.9,,,RD239,,,
,18-07-2026,,,,,Waiting,,,,,,1.73,,,RD253,,,
,18-07-2026,,,,,Spotting,,,,,,0.28,,,RD253,,,
,18-07-2026,,,,,LU Loading,,,,,,2.72,,,RD253,,,
,18-07-2026,,,,,Waiting,,,,,,8.77,,,RD239,,,
,18-07-2026,,,,,Spotting,,,,,,0.22,,,RD239,,,
,18-07-2026,,,,,LU Loading,,,,,,2.5,,,RD239,,,
,18-07-2026,,,,,Waiting,,,,,,6.87,,,RD239,,,
,18-07-2026,,,,,LU Loading,,,,,,3.38,,,RD239,,,
,18-07-2026,,,,,Waiting,,,,,,2.23,,,RD231,,,
,18-07-2026,,,,,LU Loading,,,,,,2.93,,,RD231,,,
,18-07-2026,,,,,Waiting,,,,,,6.62,,,RD239,,,
,18-07-2026,,,,,LU Loading,,,,,,2.77,,,RD239,,,
,18-07-2026,,,,,Waiting,,,,,,8.28,,,RD253,,,
,18-07-2026,,,,,LU Loading,,,,,,4.17,,,RD253,,,
,18-07-2026,,,,,Waiting,,,,,,4.07,,,RD231,,,
,18-07-2026,,,,,LU Loading,,,,,,3.08,,,RD231,,,
,18-07-2026,,,,,Waiting,,,,,,0.67,,,RD242,,,
,18-07-2026,,,,,LU Loading,,,,,,2.68,,,RD242,,,
,18-07-2026,,,,,Waiting,,,,,,0.37,,,RD253,,,
,18-07-2026,,,,,LU Loading,,,,,,2.58,,,RD253,,,
,18-07-2026,,,,,Waiting,,,,,,2.52,,,RD231,,,
,18-07-2026,,,,,Spotting,,,,,,0.22,,,RD231,,,
,18-07-2026,,,,,LU Loading,,,,,,2.8,,,RD231,,,
,18-07-2026,,,,,Spotting,,,,,,0.33,,,RD239,,,
,18-07-2026,,,,,LU Loading,,,,,,2.22,,,RD239,,,
,18-07-2026,,,,,Waiting,,,,,,0.12,,,RD242,,,
,18-07-2026,,,,,Spotting,,,,,,0.42,,,RD242,,,
,18-07-2026,,,,,LU Loading,,,,,,2.75,,,RD242,,,
,18-07-2026,,,,,LU Loading,,,,,,3.13,,,RD253,,,
,18-07-2026,,,,,Spotting,,,,,,0.5,,,RD231,,,
,18-07-2026,,,,,LU Loading,,,,,,2.58,,,RD231,,,
,18-07-2026,,,,,Waiting,,,,,,0.35,,,RD239,,,
,18-07-2026,,,,,Spotting,,,,,,0.47,,,RD239,,,
,18-07-2026,,,,,LU Loading,,,,,,2.68,,,RD239,,,
,18-07-2026,,,,,Waiting,,,,,,0.27,,,RD242,,,
,18-07-2026,,,,,Spotting,,,,,,0.43,,,RD242,,,
,18-07-2026,,,,,LU Loading,,,,,,4.55,,,RD242,,,
,18-07-2026,,,,,Waiting,,,,,,2.63,,,RD231,,,
,18-07-2026,,,,,LU Loading,,,,,,3.3,,,RD231,,,
,18-07-2026,,,,,Waiting,,,,,,1.47,,,RD239,,,
,18-07-2026,,,,,LU Loading,,,,,,2.72,,,RD239,,,
,18-07-2026,,,,,Waiting,,,,,,0.2,,,RD253,,,
,18-07-2026,,,,,LU Loading,,,,,,8.13,,,RD253,,,
,18-07-2026,,,,,LU Loading,,,,,,3.45,,,RD242,,,
,18-07-2026,,,,,LU Loading,,,,,,2.45,,,RD231,,,
,18-07-2026,,,,,Waiting,,,,,,0.2,,,RD239,,,
,18-07-2026,,,,,LU Loading,,,,,,3.45,,,RD239,,,
,18-07-2026,,,,,Spotting,,,,,,0.18,,,RD253,,,
,18-07-2026,,,,,LU Loading,,,,,,3.22,,,RD253,,,
,18-07-2026,,,,,LU Loading,,,,,,2.97,,,RD242,,,
,18-07-2026,,,,,Spotting,,,,,,0.17,,,RD231,,,
,18-07-2026,,,,,LU Loading,,,,,,2.92,,,RD231,,,
,18-07-2026,,,,,Waiting,,,,,,0.2,,,RD239,,,
,18-07-2026,,,,,LU Loading,,,,,,2.82,,,RD239,,,
,18-07-2026,,,,,Spotting,,,,,,0.2,,,RD253,,,
,18-07-2026,,,,,LU Loading,,,,,,4.23,,,RD253,,,
,18-07-2026,,,,,Waiting,,,,,,1.4,,,RD231,,,
,18-07-2026,,,,,LU Loading,,,,,,3.77,,,RD231,,,
,18-07-2026,,,,,Spotting,,,,,,0.23,,,RD239,,,
,18-07-2026,,,,,LU Loading,,,,,,2.78,,,RD239,,,
,18-07-2026,,,,,LU Loading,,,,,,2.82,,,RD242,,,
,18-07-2026,,,,,Spotting,,,,,,0.52,,,RD253,,,
,18-07-2026,,,,,LU Loading,,,,,,3.18,,,RD253,,,
,18-07-2026,,,,,Waiting,,,,,,0.23,,,RD239,,,
,18-07-2026,,,,,Spotting,,,,,,0.77,,,RD239,,,
,18-07-2026,,,,,LU Loading,,,,,,3.35,,,RD239,,,
,18-07-2026,,,,,Waiting,,,,,,1.15,,,RD242,,,
,18-07-2026,,,,,Spotting,,,,,,0.33,,,RD242,,,
,18-07-2026,,,,,LU Loading,,,,,,3.9,,,RD242,,,
,18-07-2026,,,,,Waiting,,,,,,1.8,,,RD231,,,
,18-07-2026,,,,,LU Loading,,,,,,5.45,,,RD231,,,
,18-07-2026,,,,,Waiting,,,,,,11.3,,,RD231,,,
,18-07-2026,,,,,LU Loading,,,,,,2.85,,,RD231,,,
,18-07-2026,,,,,Waiting,,,,,,0.7,,,RD239,,,
,18-07-2026,,,,,LU Loading,,,,,,4.25,,,RD239,,,
,18-07-2026,,,,,Spotting,,,,,,0.2,,,RD253,,,
,18-07-2026,,,,,LU Loading,,,,,,2.87,,,RD253,,,
,18-07-2026,,,,,Waiting,,,,,,0.42,,,RD242,,,
,18-07-2026,,,,,LU Loading,,,,,,2.43,,,RD242,,,
,18-07-2026,,,,,Waiting,,,,,,0.37,,,RD231,,,
,18-07-2026,,,,,LU Loading,,,,,,2.63,,,RD231,,,
,18-07-2026,,,,,Spotting,,,,,,0.17,,,RD239,,,
,18-07-2026,,,,,LU Loading,,,,,,2.8,,,RD239,,,
,18-07-2026,,,,,Spotting,,,,,,0.3,,,RD253,,,
,18-07-2026,,,,,LU Loading,,,,,,3.03,,,RD253,,,
,18-07-2026,,,,,Spotting,,,,,,0.33,,,RD242,,,
,18-07-2026,,,,,LU Loading,,,,,,2.9,,,RD242,,,
,18-07-2026,,,,,Waiting,,,,,,0.57,,,RD231,,,
,18-07-2026,,,,,LU Loading,,,,,,2.5,,,RD231,,,
,18-07-2026,,,,,Waiting,,,,,,0.3,,,RD239,,,
,18-07-2026,,,,,LU Loading,,,,,,2.78,,,RD239,,,
,18-07-2026,,,,,Waiting,,,,,,0.27,,,RD253,,,
,18-07-2026,,,,,LU Loading,,,,,,2.67,,,RD253,,,
,18-07-2026,,,,,Waiting,,,,,,10.1,,,RD229,,,
,18-07-2026,,,,,Shift Change,,,,,,22.25,,,RD229,,,
,18-07-2026,,,,,,,,,,,,,,,,,
,Timestamp,,,,,Status Code,,Sub-Status Code,,,,"Duration
(min)",,,Hauling Unit,,,
,18-07-2026,,,,,Shift Change,,,,,,37.03,,,RD229,,,
,18-07-2026,,,,,LU Loading,,,,,,4.08,,,RD229,,,
,18-07-2026,,,,,Waiting,,,,,,3.02,,,RD245,,,
,18-07-2026,,,,,LU Loading,,,,,,2.23,,,RD245,,,
,18-07-2026,,,,,Waiting,,,,,,0.27,,,RD229,,,
,18-07-2026,,,,,Spotting,,,,,,0.32,,,RD229,,,
,18-07-2026,,,,,LU Loading,,,,,,2.2,,,RD229,,,
,18-07-2026,,,,,Waiting,,,,,,4.53,,,RD245,,,
,18-07-2026,,,,,LU Loading,,,,,,0.02,,,RD245,,,
,18-07-2026,,,,,Waiting,,,,,,1.1,,,RD235,,,
,18-07-2026,,,,,LU Loading,,,,,,2.08,,,RD235,,,
,18-07-2026,,,,,LU Loading,,,,,,3.18,,,RD229,,,
,18-07-2026,,,,,LU Loading,,,,,,2.52,,,RD249,,,
,18-07-2026,,,,,LU Loading,,,,,,2.98,,,RD245,,,
,18-07-2026,,,,,Waiting,,,,,,0.32,,,RD229,,,
,18-07-2026,,,,,LU Loading,,,,,,2.78,,,RD229,,,
,18-07-2026,,,,,LU Loading,,,,,,2.93,,,RD232,,,
,18-07-2026,,,,,Waiting,,,,,,0.3,,,RD249,,,
,18-07-2026,,,,,LU Loading,,,,,,2.23,,,RD249,,,
,18-07-2026,,,,,Waiting,,,,,,0.43,,,RD245,,,
,18-07-2026,,,,,LU Loading,,,,,,2.67,,,RD245,,,
,18-07-2026,,,,,LU Loading,,,,,,3.23,,,RD229,,,
,18-07-2026,,,,,LU Loading,,,,,,2.63,,,RD232,,,
,18-07-2026,,,,,Spotting,,,,,,0.48,,,RD249,,,
,18-07-2026,,,,,LU Loading,,,,,,2.1,,,RD249,,,
,18-07-2026,,,,,Spotting,,,,,,0.23,,,RD245,,,
,18-07-2026,,,,,LU Loading,,,,,,2.72,,,RD245,,,
,18-07-2026,,,,,LU Loading,,,,,,4.4,,,RD229,,,
,18-07-2026,,,,,Spotting,,,,,,0.48,,,RD232,,,
,18-07-2026,,,,,LU Loading,,,,,,1.98,,,RD232,,,
,18-07-2026,,,,,Waiting,,,,,,0.32,,,RD249,,,
,18-07-2026,,,,,LU Loading,,,,,,2.75,,,RD249,,,
,18-07-2026,,,,,Spotting,,,,,,0.35,,,RD245,,,
,18-07-2026,,,,,LU Loading,,,,,,2.8,,,RD245,,,
,18-07-2026,,,,,Spotting,,,,,,0.2,,,RD229,,,
,18-07-2026,,,,,LU Loading,,,,,,2.92,,,RD229,,,
,18-07-2026,,,,,Spotting,,,,,,0.52,,,RD232,,,
,18-07-2026,,,,,LU Loading,,,,,,2.83,,,RD232,,,
,18-07-2026,,,,,Waiting,,,,,,1.35,,,RD249,,,
,18-07-2026,,,,,LU Loading,,,,,,3.63,,,RD249,,,
,18-07-2026,,,,,Waiting,,,,,,0.57,,,RD245,,,
,18-07-2026,,,,,LU Loading,,,,,,1.73,,,RD245,,,
,18-07-2026,,,,,Waiting,,,,,,0.92,,,RD245,,,
,18-07-2026,,,,,LU Loading,,,,,,2.1,,,RD245,,,
,18-07-2026,,,,,Waiting,,,,,,0.75,,,RD229,,,
,18-07-2026,,,,,LU Loading,,,,,,2.3,,,RD229,,,
,18-07-2026,,,,,Waiting,,,,,,0.3,,,RD232,,,
,18-07-2026,,,,,LU Loading,,,,,,2.32,,,RD232,,,
,18-07-2026,,,,,Waiting,,,,,,0.48,,,RD249,,,
,18-07-2026,,,,,LU Loading,,,,,,2.15,,,RD249,,,
,18-07-2026,,,,,Waiting,,,,,,0.43,,,RD245,,,
,18-07-2026,,,,,LU Loading,,,,,,5.83,,,RD245,,,
,18-07-2026,,,,,Waiting,,,,,,0.02,,,RD229,,,
,18-07-2026,,,,,LU Loading,,,,,,2.87,,,RD229,,,
,18-07-2026,,,,,Waiting,,,,,,2.38,,,RD232,,,
,18-07-2026,,,,,LU Loading,,,,,,3.65,,,RD232,,,
,18-07-2026,,,,,Waiting,,,,,,0.37,,,RD249,,,
,18-07-2026,,,,,LU Loading,,,,,,3.4,,,RD249,,,
,18-07-2026,,,,,Spotting,,,,,,0.67,,,RD245,,,
,18-07-2026,,,,,LU Loading,,,,,,3.13,,,RD245,,,
,18-07-2026,,,,,LU Loading,,,,,,4.08,,,RD229,,,
,18-07-2026,,,,,Waiting,,,,,,0.18,,,RD232,,,
,18-07-2026,,,,,Fuel Filling,,,,,,10.48,,,RD232,,,
,18-07-2026,,,,,LU Loading,,,,,,3.1,,,RD232,,,
,18-07-2026,,,,,LU Loading,,,,,,3.3,,,RD249,,,
,18-07-2026,,,,,Spotting,,,,,,0.38,,,RD245,,,
,18-07-2026,,,,,LU Loading,,,,,,3.12,,,RD245,,,
,18-07-2026,,,,,Spotting,,,,,,1.1,,,RD229,,,
,18-07-2026,,,,,LU Loading,,,,,,4.8,,,RD229,,,
,18-07-2026,,,,,Spotting,,,,,,0.57,,,RD232,,,
,18-07-2026,,,,,LU Loading,,,,,,3.05,,,RD232,,,
,18-07-2026,,,,,Spotting,,,,,,0.4,,,RD249,,,
,18-07-2026,,,,,LU Loading,,,,,,3.3,,,RD249,,,
,18-07-2026,,,,,Spotting,,,,,,0.73,,,RD245,,,
,18-07-2026,,,,,LU Loading,,,,,,2.88,,,RD245,,,
,18-07-2026,,,,,Spotting,,,,,,0.48,,,RD229,,,
,18-07-2026,,,,,LU Loading,,,,,,3.28,,,RD229,,,
,18-07-2026,,,,,Waiting,,,,,,1.02,,,RD232,,,
,18-07-2026,,,,,LU Loading,,,,,,3,,,RD232,,,
,18-07-2026,,,,,Waiting,,,,,,0.6,,,RD249,,,
,18-07-2026,,,,,LU Loading,,,,,,2.7,,,RD249,,,
,18-07-2026,,,,,Waiting,,,,,,2.23,,,RD245,,,
,18-07-2026,,,,,LU Loading,,,,,,3.13,,,RD245,,,
,18-07-2026,,,,,Waiting,,,,,,0.02,,,RD229,,,
,18-07-2026,,,,,LU Loading,,,,,,3.98,,,RD229,,,
,18-07-2026,,,,,Spotting,,,,,,0.57,,,RD232,,,
,18-07-2026,,,,,LU Loading,,,,,,3.23,,,RD232,,,
,18-07-2026,,,,,Waiting,,,,,,4.32,,,RD245,,,
,18-07-2026,,,,,Spotting,,,,,,0.4,,,RD245,,,
,18-07-2026,,,,,LU Loading,,,,,,5.73,,,RD245,,,
,18-07-2026,,,,,Waiting,,,,,,0.3,,,RD229,,,
,18-07-2026,,,,,LU Loading,,,,,,4.32,,,RD229,,,
,18-07-2026,,,,,Waiting,,,,,,0.02,,,RD232,,,
,18-07-2026,,,,,LU Loading,,,,,,3.55,,,RD232,,,
,18-07-2026,,,,,Spotting,,,,,,0.6,,,RD249,,,
,18-07-2026,,,,,LU Loading,,,,,,3.17,,,RD249,,,
,18-07-2026,,,,,LU Loading,,,,,,2.98,,,RD245,,,
,18-07-2026,,,,,Waiting,,,,,,0.37,,,RD229,,,
,18-07-2026,,,,,LU Loading,,,,,,5.18,,,RD229,,,
,18-07-2026,,,,,Spotting,,,,,,0.65,,,RD232,,,
,18-07-2026,,,,,LU Loading,,,,,,2.8,,,RD232,,,
,18-07-2026,,,,,Waiting,,,,,,0.47,,,RD249,,,
,18-07-2026,,,,,LU Loading,,,,,,3.47,,,RD249,,,
,18-07-2026,,,,,Spotting,,,,,,0.82,,,RD245,,,
,18-07-2026,,,,,LU Loading,,,,,,3.97,,,RD245,,,
,18-07-2026,,,,,LU Loading,,,,,,3.83,,,RD229,,,
,18-07-2026,,,,,Spotting,,,,,,0.38,,,RD249,,,
,18-07-2026,,,,,LU Loading,,,,,,3.47,,,RD249,,,
,18-07-2026,,,,,LU Loading,,,,,,3.97,,,RD232,,,
,18-07-2026,,,,,Waiting,,,,,,2.4,,,RD229,,,
,18-07-2026,,,,,Spotting,,,,,,0.3,,,RD229,,,
,18-07-2026,,,,,LU Loading,,,,,,8.53,,,RD229,,,
,18-07-2026,,,,,Waiting,,,,,,3.88,,,RD249,,,
,18-07-2026,,,,,Spotting,,,,,,0.22,,,RD249,,,
,18-07-2026,,,,,LU Loading,,,,,,3.25,,,RD249,,,
,18-07-2026,,,,,Spotting,,,,,,0.3,,,RD245,,,
,18-07-2026,,,,,LU Loading,,,,,,2.35,,,RD245,,,
,18-07-2026,,,,,Spotting,,,,,,0.27,,,RD229,,,
,18-07-2026,,,,,LU Loading,,,,,,2.33,,,RD229,,,
,18-07-2026,,,,,Spotting,,,,,,1.6,,,RD232,,,
,18-07-2026,,,,,LU Loading,,,,,,2.67,,,RD232,,,
,18-07-2026,,,,,Waiting,,,,,,0.38,,,RD249,,,
,18-07-2026,,,,,LU Loading,,,,,,1.92,,,RD249,,,
,18-07-2026,,,,,Spotting,,,,,,0.2,,,RD245,,,
,18-07-2026,,,,,LU Loading,,,,,,2.53,,,RD245,,,
,18-07-2026,,,,,Waiting,,,,,,0.28,,,RD229,,,
,18-07-2026,,,,,LU Loading,,,,,,2.52,,,RD229,,,
,18-07-2026,,,,,Spotting,,,,,,0.63,,,RD232,,,
,18-07-2026,,,,,LU Loading,,,,,,2.1,,,RD232,,,
,18-07-2026,,,,,LU Loading,,,,,,2.27,,,RD249,,,
,18-07-2026,,,,,Spotting,,,,,,0.58,,,RD245,,,
,18-07-2026,,,,,LU Loading,,,,,,3,,,RD245,,,
,18-07-2026,,,,,Spotting,,,,,,0.3,,,RD229,,,
,18-07-2026,,,,,LU Loading,,,,,,2.02,,,RD229,,,
,18-07-2026,,,,,Waiting,,,,,,0.43,,,RD232,,,
,18-07-2026,,,,,LU Loading,,,,,,3.27,,,RD232,,,
,18-07-2026,,,,,Waiting,,,,,,0.98,,,RD249,,,
,18-07-2026,,,,,Spotting,,,,,,0.13,,,RD249,,,
,18-07-2026,,,,,LU Loading,,,,,,3.2,,,RD249,,,
,18-07-2026,,,,,Waiting,,,,,,2.4,,,RD245,,,
,18-07-2026,,,,,LU Loading,,,,,,2.57,,,RD245,,,
,18-07-2026,,,,,Waiting,,,,,,0.28,,,RD229,,,
,18-07-2026,,,,,LU Loading,,,,,,2.7,,,RD229,,,
,18-07-2026,,,,,Waiting,,,,,,0.22,,,RD232,,,
,18-07-2026,,,,,Spotting,,,,,,0.37,,,RD232,,,
,18-07-2026,,,,,LU Loading,,,,,,2.18,,,RD232,,,
,18-07-2026,,,,,Waiting,,,,,,0.45,,,RD249,,,
,18-07-2026,,,,,LU Loading,,,,,,3.48,,,RD249,,,
,18-07-2026,,,,,Spotting,,,,,,0.35,,,RD245,,,
,18-07-2026,,,,,LU Loading,,,,,,3.33,,,RD245,,,
,18-07-2026,,,,,Spotting,,,,,,0.37,,,RD229,,,
,18-07-2026,,,,,LU Loading,,,,,,5.12,,,RD229,,,
,18-07-2026,,,,,Waiting,,,,,,0.78,,,RD232,,,
,18-07-2026,,,,,LU Loading,,,,,,2.53,,,RD232,,,
,18-07-2026,,,,,Waiting,,,,,,0.37,,,RD249,,,
,18-07-2026,,,,,LU Loading,,,,,,2.98,,,RD249,,,
,18-07-2026,,,,,Spotting,,,,,,0.38,,,RD245,,,
,18-07-2026,,,,,LU Loading,,,,,,2.62,,,RD245,,,
,18-07-2026,,,,,Waiting,,,,,,0.25,,,RD229,,,
,18-07-2026,,,,,LU Loading,,,,,,3.02,,,RD229,,,
,18-07-2026,,,,,Waiting,,,,,,0.35,,,RD232,,,
,18-07-2026,,,,,LU Loading,,,,,,3.9,,,RD232,,,
,18-07-2026,,,,,Spotting,,,,,,0.42,,,RD249,,,
,18-07-2026,,,,,LU Loading,,,,,,2.32,,,RD249,,,
,18-07-2026,,,,,Spotting,,,,,,0.28,,,RD245,,,
,18-07-2026,,,,,LU Loading,,,,,,2.22,,,RD245,,,
,18-07-2026,,,,,Spotting,,,,,,0.2,,,RD229,,,
,18-07-2026,,,,,LU Loading,,,,,,2.18,,,RD229,,,
,18-07-2026,,,,,Waiting,,,,,,0.38,,,RD232,,,
,18-07-2026,,,,,LU Loading,,,,,,2.78,,,RD232,,,
,18-07-2026,,,,,Spotting,,,,,,0.43,,,RD249,,,
,18-07-2026,,,,,LU Loading,,,,,,2.67,,,RD249,,,
,18-07-2026,,,,,Spotting,,,,,,0.3,,,RD245,,,
,18-07-2026,,,,,LU Loading,,,,,,4.55,,,RD245,,,
,18-07-2026,,,,,Spotting,,,,,,0.18,,,RD229,,,
,18-07-2026,,,,,LU Loading,,,,,,3.08,,,RD229,,,
,18-07-2026,,,,,Spotting,,,,,,0.1,,,RD232,,,
,18-07-2026,,,,,LU Loading,,,,,,4.33,,,RD232,,,
,18-07-2026,,,,,Waiting,,,,,,0.05,,,RD249,,,
,18-07-2026,,,,,Spotting,,,,,,1.18,,,RD249,,,
,18-07-2026,,,,,LU Loading,,,,,,2.52,,,RD249,,,
,18-07-2026,,,,,Waiting,,,,,,2.83,,,RD245,,,
,18-07-2026,,,,,LU Loading,,,,,,2.18,,,RD245,,,
,18-07-2026,,,,,Spotting,,,,,,0.33,,,RD229,,,
,18-07-2026,,,,,LU Loading,,,,,,2.52,,,RD229,,,
,18-07-2026,,,,,Spotting,,,,,,0.08,,,RD232,,,
,18-07-2026,,,,,LU Loading,,,,,,2.7,,,RD232,,,
,18-07-2026,,,,,Spotting,,,,,,0.1,,,RD249,,,
,18-07-2026,,,,,LU Loading,,,,,,3.38,,,RD249,,,
,18-07-2026,,,,,Spotting,,,,,,0.35,,,RD229,,,
,18-07-2026,,,,,LU Loading,,,,,,2.77,,,RD229,,,
,18-07-2026,,,,,Waiting,,,,,,0.02,,,RD245,,,
,18-07-2026,,,,,LU Loading,,,,,,3.57,,,RD245,,,
,18-07-2026,,,,,Waiting,,,,,,2.05,,,RD232,,,
,18-07-2026,,,,,LU Loading,,,,,,3.95,,,RD232,,,
,18-07-2026,,,,,Waiting,,,,,,1.5,,,RD249,,,
,18-07-2026,,,,,Spotting,,,,,,0.65,,,RD249,,,
,18-07-2026,,,,,LU Loading,,,,,,3.5,,,RD249,,,
,18-07-2026,,,,,Waiting,,,,,,0.12,,,RD229,,,
,18-07-2026,,,,,Spotting,,,,,,1.13,,,RD229,,,
,18-07-2026,,,,,LU Loading,,,,,,3.3,,,RD229,,,
,18-07-2026,,,,,Waiting,,,,,,0.48,,,RD245,,,
,18-07-2026,,,,,LU Loading,,,,,,2.78,,,RD245,,,
,18-07-2026,,,,,Waiting,,,,,,0.28,,,RD249,,,
,18-07-2026,,,,,Spotting,,,,,,0.22,,,RD249,,,
,18-07-2026,,,,,LU Loading,,,,,,3.75,,,RD249,,,
,18-07-2026,,,,,Spotting,,,,,,0.3,,,RD229,,,
,18-07-2026,,,,,LU Loading,,,,,,2.1,,,RD229,,,
,18-07-2026,,,,,Spotting,,,,,,0.27,,,RD232,,,
,18-07-2026,,,,,LU Loading,,,,,,2.17,,,RD232,,,
,18-07-2026,,,,,Waiting,,,,,,1,,,RD229,,,
,18-07-2026,,,,,Marching,,,,,,1.55,,,RD229,,,
,18-07-2026,,,,,LU Loading,,,,,,3.37,,,RD229,,,
,18-07-2026,,,,,Waiting,,,,,,4.97,,,RD234,,,
,18-07-2026,,,,,Shift Change,,,,,,23.68,,,RD234,,,
,18-07-2026,,,,,Shift Change,,,,,,50.78,,,RD234,,,
,18-07-2026,,,,,Marching,,,,,,47.68,,,RD234,,,
,18-07-2026,,,,,Waiting,,,,,,0.35,,,RD234,,,
,18-07-2026,,,,,LU Loading,,,,,,2.75,,,RD234,,,
,18-07-2026,,,,,Waiting,,,,,,0.08,,,RD236,,,
,18-07-2026,,,,,Spotting,,,,,,0.57,,,RD236,,,
,18-07-2026,,,,,LU Loading,,,,,,2.53,,,RD236,,,
,18-07-2026,,,,,Waiting,,,,,,2.28,,,RD245,,,
,18-07-2026,,,,,Spotting,,,,,,0.48,,,RD245,,,
,18-07-2026,,,,,LU Loading,,,,,,5.72,,,RD245,,,
,18-07-2026,,,,,LU Loading,,,,,,1.77,,,RD241,,,
,18-07-2026,,,,,LU Loading,,,,,,2.08,,,RD245,,,
,18-07-2026,,,,,Waiting,,,,,,4.62,,,RD240,,,
,18-07-2026,,,,,LU Loading,,,,,,4.65,,,RD240,,,
,18-07-2026,,,,,Waiting,,,,,,0.4,,,RD230,,,
,18-07-2026,,,,,LU Loading,,,,,,2.07,,,RD230,,,
,18-07-2026,,,,,Waiting,,,,,,0.52,,,RD234,,,
,18-07-2026,,,,,LU Loading,,,,,,2.92,,,RD234,,,
,18-07-2026,,,,,Waiting,,,,,,2.45,,,RD236,,,
,18-07-2026,,,,,LU Loading,,,,,,7.52,,,RD236,,,
,18-07-2026,,,,,Waiting,,,,,,5.45,,,RD241,,,
,18-07-2026,,,,, Down,,,,,,17.42,,,RD241,,,
,18-07-2026,,,,,Waiting,,,,,,2.17,,,RD241,,,
,18-07-2026,,,,,Spotting,,,,,,0.37,,,RD241,,,
,18-07-2026,,,,,LU Loading,,,,,,2.98,,,RD241,,,
,18-07-2026,,,,,Waiting,,,,,,0.13,,,RD230,,,
,18-07-2026,,,,,Spotting,,,,,,0.37,,,RD230,,,
,18-07-2026,,,,,LU Loading,,,,,,2.8,,,RD230,,,
,18-07-2026,,,,,Waiting,,,,,,0.62,,,RD240,,,
,18-07-2026,,,,,LU Loading,,,,,,2.95,,,RD240,,,
,18-07-2026,,,,,Waiting,,,,,,0.35,,,RD234,,,
,18-07-2026,,,,,LU Loading,,,,,,3.4,,,RD234,,,
,18-07-2026,,,,,Waiting,,,,,,0.93,,,RD236,,,
,18-07-2026,,,,,Spotting,,,,,,0.73,,,RD236,,,
,18-07-2026,,,,,LU Loading,,,,,,2.78,,,RD236,,,
,18-07-2026,,,,,Waiting,,,,,,0.3,,,RD245,,,
,18-07-2026,,,,,Spotting,,,,,,0.77,,,RD245,,,
,18-07-2026,,,,,LU Loading,,,,,,3.2,,,RD245,,,
,18-07-2026,,,,,Waiting,,,,,,0.43,,,RD241,,,
,18-07-2026,,,,,LU Loading,,,,,,3.25,,,RD241,,,
,18-07-2026,,,,,Waiting,,,,,,4.47,,,RD234,,,
,18-07-2026,,,,,LU Loading,,,,,,3.4,,,RD234,,,
,18-07-2026,,,,,Waiting,,,,,,7.37,,,RD245,,,
,18-07-2026,,,,,LU Loading,,,,,,2.78,,,RD245,,,
,18-07-2026,,,,,Waiting,,,,,,6.07,,,RD241,,,
,18-07-2026,,,,,LU Loading,,,,,,2.37,,,RD241,,,
,18-07-2026,,,,,Waiting,,,,,,3.08,,,RD231,,,
,18-07-2026,,,,,LU Loading,,,,,,3.12,,,RD231,,,
,18-07-2026,,,,,Waiting,,,,,,6.12,,,RD245,,,
,18-07-2026,,,,,LU Loading,,,,,,2.5,,,RD245,,,
,18-07-2026,,,,,Waiting,,,,,,0.57,,,RD241,,,
,18-07-2026,,,,,LU Loading,,,,,,2.73,,,RD241,,,
,18-07-2026,,,,,Waiting,,,,,,14.6,,,RD245,,,
,18-07-2026,,,,,LU Loading,,,,,,2.82,,,RD245,,,
,18-07-2026,,,,,Waiting,,,,,,4.33,,,RD233,,,
,18-07-2026,,,,,LU Loading,,,,,,3.12,,,RD233,,,
,18-07-2026,,,,,Waiting,,,,,,0.15,,,RD238,,,
,18-07-2026,,,,,Spotting,,,,,,0.32,,,RD238,,,
,18-07-2026,,,,,LU Loading,,,,,,3.08,,,RD238,,,
,18-07-2026,,,,,Waiting,,,,,,0.58,,,RD234,,,
,18-07-2026,,,,,LU Loading,,,,,,2.73,,,RD234,,,
,18-07-2026,,,,,Waiting,,,,,,0.35,,,RD245,,,
,18-07-2026,,,,,Spotting,,,,,,0.23,,,RD245,,,
,18-07-2026,,,,,LU Loading,,,,,,2.6,,,RD245,,,
,18-07-2026,,,,,Waiting,,,,,,0.2,,,RD248,,,
,18-07-2026,,,,,Spotting,,,,,,0.5,,,RD248,,,
,18-07-2026,,,,,LU Loading,,,,,,3.05,,,RD248,,,
,18-07-2026,,,,,Waiting,,,,,,0.83,,,RD236,,,
,18-07-2026,,,,,LU Loading,,,,,,2.9,,,RD236,,,
,18-07-2026,,,,,Waiting,,,,,,0.9,,,RD241,,,
,18-07-2026,,,,,LU Loading,,,,,,2.83,,,RD241,,,
,18-07-2026,,,,,Spotting,,,,,,0.52,,,RD238,,,
,18-07-2026,,,,,LU Loading,,,,,,3.08,,,RD238,,,
,18-07-2026,,,,,Waiting,,,,,,0.82,,,RD231,,,
,18-07-2026,,,,,LU Loading,,,,,,2.67,,,RD231,,,
,18-07-2026,,,,,Waiting,,,,,,0.38,,,RD234,,,
,18-07-2026,,,,,Spotting,,,,,,0.38,,,RD234,,,
,18-07-2026,,,,,LU Loading,,,,,,2.9,,,RD234,,,
,18-07-2026,,,,,Waiting,,,,,,0.32,,,RD248,,,
,18-07-2026,,,,,Spotting,,,,,,0.57,,,RD248,,,
,18-07-2026,,,,,LU Loading,,,,,,2.83,,,RD248,,,
,18-07-2026,,,,,Waiting,,,,,,1.15,,,RD236,,,
,18-07-2026,,,,,LU Loading,,,,,,2.92,,,RD236,,,
,18-07-2026,,,,,Waiting,,,,,,0.62,,,RD241,,,
,18-07-2026,,,,,LU Loading,,,,,,2.8,,,RD241,,,
,18-07-2026,,,,,Waiting,,,,,,6.75,,,RD234,,,
,18-07-2026,,,,,LU Loading,,,,,,2.62,,,RD234,,,
,18-07-2026,,,,,Waiting,,,,,,0.25,,,RD245,,,
,18-07-2026,,,,,Spotting,,,,,,0.38,,,RD245,,,
,18-07-2026,,,,,LU Loading,,,,,,3.95,,,RD245,,,
,18-07-2026,,,,,Waiting,,,,,,2.23,,,RD245,,,
,18-07-2026,,,,,LU Loading,,,,,,2.77,,,RD245,,,
,18-07-2026,,,,,Waiting,,,,,,0.75,,,RD236,,,
,18-07-2026,,,,,LU Loading,,,,,,2.73,,,RD236,,,
,18-07-2026,,,,,Waiting,,,,,,0.57,,,RD241,,,
,18-07-2026,,,,,LU Loading,,,,,,2.7,,,RD241,,,
,18-07-2026,,,,,LU Loading,,,,,,3.32,,,RD238,,,
,18-07-2026,,,,,Waiting,,,,,,0.57,,,RD234,,,
,18-07-2026,,,,,LU Loading,,,,,,3.35,,,RD234,,,
,18-07-2026,,,,,Waiting,,,,,,5.13,,,RD245,,,
,18-07-2026,,,,,LU Loading,,,,,,2.08,,,RD245,,,
,18-07-2026,,,,,Waiting,,,,,,2.6,,,RD236,,,
,18-07-2026,,,,,LU Loading,,,,,,0.07,,,RD236,,,
,18-07-2026,,,,,LU Loading,,,,,,2.28,,,RD236,,,
,18-07-2026,,,,,Waiting,,,,,,0.62,,,RD241,,,
,18-07-2026,,,,,LU Loading,,,,,,2.62,,,RD241,,,
,18-07-2026,,,,,Waiting,,,,,,0.7,,,RD238,,,
,18-07-2026,,,,,LU Loading,,,,,,2.48,,,RD238,,,
,18-07-2026,,,,,Waiting,,,,,,0.95,,,RD234,,,
,18-07-2026,,,,,LU Loading,,,,,,2.68,,,RD234,,,
,18-07-2026,,,,,Waiting,,,,,,1.25,,,RD245,,,
,18-07-2026,,,,,LU Loading,,,,,,2.07,,,RD245,,,
,18-07-2026,,,,,Waiting,,,,,,7.6,,,RD236,,,
,18-07-2026,,,,,LU Loading,,,,,,2.63,,,RD236,,,
,18-07-2026,,,,,Waiting,,,,,,0.47,,,RD241,,,
,18-07-2026,,,,,LU Loading,,,,,,2.72,,,RD241,,,
,18-07-2026,,,,,Waiting,,,,,,0.83,,,RD238,,,
,18-07-2026,,,,,LU Loading,,,,,,2.78,,,RD238,,,
,18-07-2026,,,,,Waiting,,,,,,0.6,,,RD234,,,
,18-07-2026,,,,,LU Loading,,,,,,3.52,,,RD234,,,
,18-07-2026,,,,,LU Loading,,,,,,2.3,,,RD245,,,
,18-07-2026,,,,,Waiting,,,,,,4.7,,,RD236,,,
,18-07-2026,,,,,LU Loading,,,,,,2.52,,,RD236,,,
,18-07-2026,,,,,Waiting,,,,,,0.15,,,RD241,,,
,18-07-2026,,,,,LU Loading,,,,,,2.83,,,RD241,,,
,18-07-2026,,,,,Waiting,,,,,,0.77,,,RD238,,,
,18-07-2026,,,,,LU Loading,,,,,,2.53,,,RD238,,,
,18-07-2026,,,,,Waiting,,,,,,0.78,,,RD245,,,
,18-07-2026,,,,,LU Loading,,,,,,2.62,,,RD245,,,
,18-07-2026,,,,,Waiting,,,,,,0.75,,,RD234,,,
,18-07-2026,,,,,LU Loading,,,,,,3.13,,,RD234,,,
,18-07-2026,,,,,Waiting,,,,,,4.12,,,RD236,,,
,18-07-2026,,,,,LU Loading,,,,,,2.25,,,RD236,,,
,18-07-2026,,,,,Waiting,,,,,,0.08,,,RD241,,,
,18-07-2026,,,,,LU Loading,,,,,,2.42,,,RD241,,,
,18-07-2026,,,,,Waiting,,,,,,1.52,,,RD238,,,
,18-07-2026,,,,,Spotting,,,,,,0.4,,,RD238,,,
,18-07-2026,,,,,LU Loading,,,,,,2.25,,,RD238,,,
,18-07-2026,,,,,Waiting,,,,,,0.87,,,RD245,,,
,18-07-2026,,,,,LU Loading,,,,,,3.1,,,RD245,,,
,18-07-2026,,,,,Waiting,,,,,,0.82,,,RD234,,,
,18-07-2026,,,,,LU Loading,,,,,,2.62,,,RD234,,,
,18-07-2026,,,,,Waiting,,,,,,3.38,,,RD241,,,
,18-07-2026,,,,,LU Loading,,,,,,2.57,,,RD241,,,
,18-07-2026,,,,,LU Loading,,,,,,2.88,,,RD236,,,
,18-07-2026,,,,,Waiting,,,,,,1.08,,,RD238,,,
,18-07-2026,,,,,LU Loading,,,,,,2.13,,,RD238,,,
,18-07-2026,,,,,Waiting,,,,,,5.93,,,RD243,,,
,18-07-2026,,,,,Shift Change,,,,,,32.62,,,RD243,,,
,18-07-2026,,,,,Shift Change,,,,,,39.62,,,RD243,,,
,18-07-2026,,,,,LU Loading,,,,,,0.88,,,RD243,,,
,18-07-2026,,,,,Shift Change,,,,,,1,,,RD243,,,
,18-07-2026,,,,,Waiting,,,,,,2.55,,,RD243,,,
,18-07-2026,,,,,LU Loading,,,,,,0.92,,,RD243,,,
,18-07-2026,,,,, Down,,,,,,0.43,,,RD243,,,
,18-07-2026,,,,,Waiting,,,,,,2.92,,,RD243,,,
,18-07-2026,,,,,LU Loading,,,,,,6.63,,,RD243,,,
,18-07-2026,,,,,LU Loading,,,,,,2.48,,,RD241,,,
,18-07-2026,,,,,Waiting,,,,,,0.23,,,RD234,,,
,18-07-2026,,,,,LU Loading,,,,,,2.57,,,RD234,,,
,18-07-2026,,,,,Waiting,,,,,,0.2,,,RD253,,,
,18-07-2026,,,,,LU Loading,,,,,,2.78,,,RD253,,,
,18-07-2026,,,,,Waiting,,,,,,2.02,,,RD231,,,
,18-07-2026,,,,,LU Loading,,,,,,2.92,,,RD231,,,
,18-07-2026,,,,,Waiting,,,,,,4.12,,,RD243,,,
,18-07-2026,,,,,LU Loading,,,,,,2.7,,,RD243,,,
,18-07-2026,,,,,Waiting,,,,,,4.93,,,RD241,,,
,18-07-2026,,,,,LU Loading,,,,,,2.98,,,RD241,,,
,18-07-2026,,,,,Waiting,,,,,,0.27,,,RD234,,,
,18-07-2026,,,,,LU Loading,,,,,,2.68,,,RD234,,,
,18-07-2026,,,,,Waiting,,,,,,0.15,,,RD253,,,
,18-07-2026,,,,,LU Loading,,,,,,2.63,,,RD253,,,
,18-07-2026,,,,,Waiting,,,,,,0.28,,,RD231,,,
,18-07-2026,,,,,LU Loading,,,,,,2.87,,,RD231,,,
,18-07-2026,,,,,Waiting,,,,,,1.95,,,RD243,,,
,18-07-2026,,,,,LU Loading,,,,,,2.68,,,RD243,,,
,18-07-2026,,,,,Waiting,,,,,,3.75,,,RD241,,,
,18-07-2026,,,,,LU Loading,,,,,,2.72,,,RD241,,,
,18-07-2026,,,,,Waiting,,,,,,2.02,,,RD234,,,
,18-07-2026,,,,,LU Loading,,,,,,3.87,,,RD234,,,
,18-07-2026,,,,,Waiting,,,,,,4.88,,,RD231,,,
,18-07-2026,,,,,Spotting,,,,,,0.13,,,RD231,,,
,18-07-2026,,,,,LU Loading,,,,,,3.25,,,RD231,,,
,18-07-2026,,,,,Waiting,,,,,,0.13,,,RD253,,,
,18-07-2026,,,,,LU Loading,,,,,,2.85,,,RD253,,,
,19-07-2026,,,,,Waiting,,,,,,0.25,,,RD243,,,
,19-07-2026,,,,,Spotting,,,,,,0.27,,,RD243,,,
,19-07-2026,,,,,LU Loading,,,,,,2.43,,,RD243,,,
,19-07-2026,,,,,Waiting,,,,,,0.27,,,RD241,,,
,19-07-2026,,,,,LU Loading,,,,,,2.58,,,RD241,,,
,19-07-2026,,,,,Waiting,,,,,,5.12,,,RD234,,,
,19-07-2026,,,,,Spotting,,,,,,0.52,,,RD234,,,
,19-07-2026,,,,,LU Loading,,,,,,3.03,,,RD234,,,
,19-07-2026,,,,,Waiting,,,,,,1.3,,,RD234,,,
,19-07-2026,,,,,LU Loading,,,,,,2.47,,,RD234,,,
,19-07-2026,,,,,Spotting,,,,,,0.23,,,RD231,,,
,19-07-2026,,,,,LU Loading,,,,,,2.68,,,RD231,,,
,19-07-2026,,,,,Waiting,,,,,,0.4,,,RD234,,,
,19-07-2026,,,,,LU Loading,,,,,,2.6,,,RD234,,,
,19-07-2026,,,,,LU Loading,,,,,,2.62,,,RD253,,,
,19-07-2026,,,,,Waiting,,,,,,0.2,,,RD243,,,
,19-07-2026,,,,,LU Loading,,,,,,2.32,,,RD243,,,
,19-07-2026,,,,,Waiting,,,,,,0.97,,,RD241,,,
,19-07-2026,,,,,LU Loading,,,,,,2.3,,,RD241,,,
,19-07-2026,,,,,Waiting,,,,,,0.22,,,RD243,,,
,19-07-2026,,,,,LU Loading,,,,,,2.82,,,RD243,,,
,19-07-2026,,,,,LU Loading,,,,,,2.52,,,RD241,,,
,19-07-2026,,,,,Waiting,,,,,,0.27,,,RD243,,,
,19-07-2026,,,,,LU Loading,,,,,,3.07,,,RD243,,,
,19-07-2026,,,,,LU Loading,,,,,,4.12,,,RD241,,,
,19-07-2026,,,,,LU Loading,,,,,,2.4,,,RD243,,,
,19-07-2026,,,,,LU Loading,,,,,,2.7,,,RD234,,,
,19-07-2026,,,,,LU Loading,,,,,,3.35,,,RD241,,,
,19-07-2026,,,,,Waiting,,,,,,0.25,,,RD231,,,
,19-07-2026,,,,,LU Loading,,,,,,3.22,,,RD231,,,
,19-07-2026,,,,,LU Loading,,,,,,2.52,,,RD241,,,
,19-07-2026,,,,,Waiting,,,,,,0.72,,,RD253,,,
,19-07-2026,,,,,LU Loading,,,,,,2.73,,,RD253,,,
,19-07-2026,,,,,Waiting,,,,,,0.2,,,RD231,,,
,19-07-2026,,,,,LU Loading,,,,,,8.58,,,RD231,,,
,19-07-2026,,,,,LU Loading,,,,,,2.92,,,RD243,,,
,19-07-2026,,,,,LU Loading,,,,,,3.08,,,RD231,,,
,19-07-2026,,,,,Waiting,,,,,,0.83,,,RD241,,,
,19-07-2026,,,,,LU Loading,,,,,,3.32,,,RD241,,,
,19-07-2026,,,,,LU Loading,,,,,,3.07,,,RD231,,,
,19-07-2026,,,,,LU Loading,,,,,,2.37,,,RD243,,,
,19-07-2026,,,,,Spotting,,,,,,0.15,,,RD241,,,
,19-07-2026,,,,,LU Loading,,,,,,2.78,,,RD241,,,
,19-07-2026,,,,,LU Loading,,,,,,2.75,,,RD253,,,
,19-07-2026,,,,,LU Loading,,,,,,1.83,,,RD243,,,
,19-07-2026,,,,,Waiting,,,,,,0.65,,,RD253,,,
,19-07-2026,,,,,LU Loading,,,,,,2.57,,,RD253,,,
,19-07-2026,,,,,LU Loading,,,,,,2.75,,,RD241,,,
,19-07-2026,,,,,Waiting,,,,,,0.05,,,RD243,,,
,19-07-2026,,,,,LU Loading,,,,,,0.28,,,RD243,,,
,19-07-2026,,,,,Waiting,,,,,,0.18,,,RD243,,,
,19-07-2026,,,,,LU Loading,,,,,,2.85,,,RD243,,,
,19-07-2026,,,,,LU Loading,,,,,,3.28,,,RD241,,,
,19-07-2026,,,,,Spotting,,,,,,0.13,,,RD231,,,
,19-07-2026,,,,,LU Loading,,,,,,2.88,,,RD231,,,
,19-07-2026,,,,,LU Loading,,,,,,3.57,,,RD241,,,
,19-07-2026,,,,,LU Loading,,,,,,2.93,,,RD231,,,
,19-07-2026,,,,,Waiting,,,,,,6.1,,,RD243,,,
,19-07-2026,,,,,Daily Service,,,,,,84.32,,,RD243,,,
,19-07-2026,,,,,Waiting,,,,,,3.48,,,RD243,,,
,19-07-2026,,,,,LU Loading,,,,,,1.05,,,RD243,,,
,19-07-2026,,,,,LU Loading,,,,,,2.68,,,RD253,,,
,19-07-2026,,,,,Waiting,,,,,,3.5,,,RD241,,,
,19-07-2026,,,,,LU Loading,,,,,,3.05,,,RD241,,,
,19-07-2026,,,,,Waiting,,,,,,0.4,,,RD234,,,
,19-07-2026,,,,,LU Loading,,,,,,2.85,,,RD234,,,
,19-07-2026,,,,,Waiting,,,,,,9.58,,,RD243,,,
,19-07-2026,,,,,LU Loading,,,,,,2.9,,,RD243,,,
,19-07-2026,,,,,Waiting,,,,,,1.35,,,RD253,,,
,19-07-2026,,,,,LU Loading,,,,,,2.83,,,RD253,,,
,19-07-2026,,,,,Waiting,,,,,,0.3,,,RD241,,,
,19-07-2026,,,,,LU Loading,,,,,,2.43,,,RD241,,,
,19-07-2026,,,,,Waiting,,,,,,0.42,,,RD234,,,
,19-07-2026,,,,,LU Loading,,,,,,2.55,,,RD234,,,
,19-07-2026,,,,,Waiting,,,,,,6.25,,,RD243,,,
,19-07-2026,,,,,LU Loading,,,,,,3.32,,,RD243,,,
,19-07-2026,,,,,Waiting,,,,,,1.72,,,RD253,,,
,19-07-2026,,,,,LU Loading,,,,,,2.45,,,RD253,,,
,19-07-2026,,,,,Waiting,,,,,,0.37,,,RD242,,,
,19-07-2026,,,,,LU Loading,,,,,,2.42,,,RD242,,,
,19-07-2026,,,,,Waiting,,,,,,2.23,,,RD241,,,
,19-07-2026,,,,,LU Loading,,,,,,3.08,,,RD241,,,
,19-07-2026,,,,,Spotting,,,,,,0.23,,,RD234,,,
,19-07-2026,,,,,LU Loading,,,,,,2.8,,,RD234,,,
,19-07-2026,,,,,Waiting,,,,,,1.05,,,RD243,,,
,19-07-2026,,,,,LU Loading,,,,,,3.43,,,RD243,,,
,19-07-2026,,,,,Waiting,,,,,,4.15,,,RD242,,,
,19-07-2026,,,,,LU Loading,,,,,,2.87,,,RD242,,,
,19-07-2026,,,,,Waiting,,,,,,1.6,,,RD253,,,
,19-07-2026,,,,,LU Loading,,,,,,3.38,,,RD253,,,
,19-07-2026,,,,,LU Loading,,,,,,2.52,,,RD241,,,
,19-07-2026,,,,,Waiting,,,,,,0.3,,,RD234,,,
,19-07-2026,,,,,LU Loading,,,,,,2.6,,,RD234,,,
,19-07-2026,,,,,Waiting,,,,,,1.12,,,RD243,,,
,19-07-2026,,,,,LU Loading,,,,,,2.95,,,RD243,,,
,19-07-2026,,,,,Waiting,,,,,,1.47,,,RD242,,,
,19-07-2026,,,,,LU Loading,,,,,,4.68,,,RD242,,,
,19-07-2026,,,,,Waiting,,,,,,2.7,,,RD241,,,
,19-07-2026,,,,,LU Loading,,,,,,4.43,,,RD241,,,
,19-07-2026,,,,,Waiting,,,,,,0.22,,,RD234,,,
,19-07-2026,,,,,LU Loading,,,,,,3.57,,,RD234,,,
,19-07-2026,,,,,LU Loading,,,,,,4.52,,,RD243,,,
,19-07-2026,,,,,LU Loading,,,,,,2.55,,,RD242,,,
,19-07-2026,,,,,Waiting,,,,,,11.58,,,RD241,,,
,19-07-2026,,,,,Shift Change,,,,,,26.2,,,RD241,,,
,19-07-2026,,,,,,,,,,,,,,,,,
,Timestamp,,,,,Status Code,,Sub-Status Code,,,,"Duration
(min)",,,Hauling Unit,,,
,19-07-2026,,,,,Shift Change,,,,,,38.82,,,RD241,,,
,19-07-2026,,,,,Waiting,,,,,,5.63,,,RD241,,,
,19-07-2026,,,,,Spotting,,,,,,0.45,,,RD241,,,
,19-07-2026,,,,,LU Loading,,,,,,3.03,,,RD241,,,
,19-07-2026,,,,,Waiting,,,,,,11.12,,,RD244,,,
,19-07-2026,,,,,LU Loading,,,,,,0.37,,,RD244,,,
,19-07-2026,,,,,LU Loading,,,,,,1.95,,,RD232,,,
,19-07-2026,,,,,LU Loading,,,,,,0.8,,,RD244,,,
,19-07-2026,,,,,LU Loading,,,,,,3.1,,,RD240,,,
,19-07-2026,,,,,Waiting,,,,,,1.6,,,RD241,,,
,19-07-2026,,,,,Spotting,,,,,,0.42,,,RD241,,,
,19-07-2026,,,,,LU Loading,,,,,,3.98,,,RD241,,,
,19-07-2026,,,,,Waiting,,,,,,0.9,,,RD230,,,
,19-07-2026,,,,,LU Loading,,,,,,2.68,,,RD230,,,
,19-07-2026,,,,,Waiting,,,,,,9.22,,,RD232,,,
,19-07-2026,,,,,LU Loading,,,,,,2.28,,,RD232,,,
,19-07-2026,,,,,Waiting,,,,,,4.42,,,RD240,,,
,19-07-2026,,,,,LU Loading,,,,,,2.78,,,RD240,,,
,19-07-2026,,,,,Waiting,,,,,,0.7,,,RD241,,,
,19-07-2026,,,,,LU Loading,,,,,,1.93,,,RD241,,,
,19-07-2026,,,,,Waiting,,,,,,1.55,,,RD230,,,
,19-07-2026,,,,,LU Loading,,,,,,2.57,,,RD230,,,
,19-07-2026,,,,,Waiting,,,,,,5.68,,,RD241,,,
,19-07-2026,,,,,LU Loading,,,,,,3.45,,,RD241,,,
,19-07-2026,,,,,Waiting,,,,,,0.57,,,RD232,,,
,19-07-2026,,,,,Spotting,,,,,,0.53,,,RD232,,,
,19-07-2026,,,,,LU Loading,,,,,,1.92,,,RD232,,,
,19-07-2026,,,,,Waiting,,,,,,0.48,,,RD244,,,
,19-07-2026,,,,,LU Loading,,,,,,0.9,,,RD244,,,
,19-07-2026,,,,,Waiting,,,,,,3.63,,,RD240,,,
,19-07-2026,,,,,LU Loading,,,,,,3.22,,,RD240,,,
,19-07-2026,,,,,Waiting,,,,,,1.37,,,RD230,,,
,19-07-2026,,,,,Fuel Filling,,,,,,9.8,,,RD230,,,
,19-07-2026,,,,,Waiting,,,,,,0.18,,,RD230,,,
,19-07-2026,,,,,Face Prep,,,,,,1.78,,,RD230,,,
,19-07-2026,,,,,Waiting,,,,,,0.03,,,RD230,,,
,19-07-2026,,,,,LU Loading,,,,,,2.58,,,RD230,,,
,19-07-2026,,,,,Waiting,,,,,,0.33,,,RD241,,,
,19-07-2026,,,,,LU Loading,,,,,,2.9,,,RD241,,,
,19-07-2026,,,,,Waiting,,,,,,0.7,,,RD232,,,
,19-07-2026,,,,,LU Loading,,,,,,2.63,,,RD232,,,
,19-07-2026,,,,,Waiting,,,,,,4.47,,,RD240,,,
,19-07-2026,,,,,LU Loading,,,,,,0.02,,,RD240,,,
,19-07-2026,,,,,Waiting,,,,,,2.13,,,RD240,,,
,19-07-2026,,,,,LU Loading,,,,,,0.17,,,RD240,,,
,19-07-2026,,,,,Waiting,,,,,,8.08,,,RD241,,,
,19-07-2026,,,,,LU Loading,,,,,,3.45,,,RD241,,,
,19-07-2026,,,,,LU Loading,,,,,,2.88,,,RD230,,,
,19-07-2026,,,,,Waiting,,,,,,0.95,,,RD232,,,
,19-07-2026,,,,,LU Loading,,,,,,2.95,,,RD232,,,
,19-07-2026,,,,,LU Loading,,,,,,3.02,,,RD244,,,
,19-07-2026,,,,,Waiting,,,,,,5.1,,,RD240,,,
,19-07-2026,,,,,LU Loading,,,,,,2.35,,,RD240,,,
,19-07-2026,,,,,Waiting,,,,,,0.87,,,RD241,,,
,19-07-2026,,,,,Daily Service,,,,,,112.73,,,RD241,,,
,19-07-2026,,,,,Marching,,,,,,7.6,,,RD241,,,
,19-07-2026,,,,,Waiting,,,,,,0.4,,,RD241,,,
,19-07-2026,,,,,LU Loading,,,,,,2.3,,,RD241,,,
,19-07-2026,,,,,Waiting,,,,,,0.52,,,RD232,,,
,19-07-2026,,,,,LU Loading,,,,,,2.52,,,RD232,,,
,19-07-2026,,,,,Waiting,,,,,,7.6,,,RD240,,,
,19-07-2026,,,,,LU Loading,,,,,,2.48,,,RD240,,,
,19-07-2026,,,,,Waiting,,,,,,4.4,,,RD241,,,
,19-07-2026,,,,,Spotting,,,,,,0.37,,,RD241,,,
,19-07-2026,,,,,LU Loading,,,,,,2.78,,,RD241,,,
,19-07-2026,,,,,Waiting,,,,,,2.55,,,RD232,,,
,19-07-2026,,,,,Spotting,,,,,,0.87,,,RD232,,,
,19-07-2026,,,,,LU Loading,,,,,,2.58,,,RD232,,,
,19-07-2026,,,,,Waiting,,,,,,8.1,,,RD240,,,
,19-07-2026,,,,,LU Loading,,,,,,3.05,,,RD240,,,
,19-07-2026,,,,,LU Loading,,,,,,4.38,,,RD244,,,
,19-07-2026,,,,,Waiting,,,,,,0.23,,,RD241,,,
,19-07-2026,,,,,LU Loading,,,,,,3.18,,,RD241,,,
,19-07-2026,,,,,Waiting,,,,,,0.67,,,RD232,,,
,19-07-2026,,,,,LU Loading,,,,,,2.98,,,RD232,,,
,19-07-2026,,,,,Waiting,,,,,,11.37,,,RD240,,,
,19-07-2026,,,,,LU Loading,,,,,,3.05,,,RD240,,,
,19-07-2026,,,,,Waiting,,,,,,0.23,,,RD244,,,
,19-07-2026,,,,,LU Loading,,,,,,2.35,,,RD244,,,
,19-07-2026,,,,,Waiting,,,,,,0.75,,,RD241,,,
,19-07-2026,,,,,LU Loading,,,,,,2.53,,,RD241,,,
,19-07-2026,,,,,Waiting,,,,,,0.65,,,RD232,,,
,19-07-2026,,,,,LU Loading,,,,,,2.47,,,RD232,,,
,19-07-2026,,,,,Waiting,,,,,,9.33,,,RD230,,,
,19-07-2026,,,,,LU Loading,,,,,,2.88,,,RD230,,,
,19-07-2026,,,,,Waiting,,,,,,0.42,,,RD240,,,
,19-07-2026,,,,,LU Loading,,,,,,2.95,,,RD240,,,
,19-07-2026,,,,,Waiting,,,,,,0.18,,,RD241,,,
,19-07-2026,,,,,Spotting,,,,,,0.4,,,RD241,,,
,19-07-2026,,,,,LU Loading,,,,,,2.32,,,RD241,,,
,19-07-2026,,,,,Spotting,,,,,,0.62,,,RD244,,,
,19-07-2026,,,,,LU Loading,,,,,,2.47,,,RD244,,,
,19-07-2026,,,,,Waiting,,,,,,0.48,,,RD232,,,
,19-07-2026,,,,,LU Loading,,,,,,2.47,,,RD232,,,
,19-07-2026,,,,,Waiting,,,,,,5.53,,,RD230,,,
,19-07-2026,,,,,Spotting,,,,,,0.23,,,RD230,,,
,19-07-2026,,,,,LU Loading,,,,,,3.78,,,RD230,,,
,19-07-2026,,,,,Waiting,,,,,,1.53,,,RD241,,,
,19-07-2026,,,,,LU Loading,,,,,,2.95,,,RD241,,,
,19-07-2026,,,,,Waiting,,,,,,2.27,,,RD240,,,
,19-07-2026,,,,,Spotting,,,,,,0.37,,,RD240,,,
,19-07-2026,,,,,LU Loading,,,,,,2.62,,,RD240,,,
,19-07-2026,,,,,Waiting,,,,,,0.73,,,RD244,,,
,19-07-2026,,,,,LU Loading,,,,,,2.53,,,RD244,,,
,19-07-2026,,,,,Waiting,,,,,,0.6,,,RD232,,,
,19-07-2026,,,,,LU Loading,,,,,,3.1,,,RD232,,,
,19-07-2026,,,,,Waiting,,,,,,5.57,,,RD241,,,
,19-07-2026,,,,,LU Loading,,,,,,2.37,,,RD241,,,
,19-07-2026,,,,,Waiting,,,,,,0.42,,,RD230,,,
,19-07-2026,,,,,LU Loading,,,,,,2.3,,,RD230,,,
,19-07-2026,,,,,Waiting,,,,,,0.57,,,RD240,,,
,19-07-2026,,,,,LU Loading,,,,,,2.42,,,RD240,,,
,19-07-2026,,,,,Waiting,,,,,,0.55,,,RD244,,,
,19-07-2026,,,,,LU Loading,,,,,,2.68,,,RD244,,,
,19-07-2026,,,,,Waiting,,,,,,14.78,,,RD242,,,
,19-07-2026,,,,,Shift Change,,,,,,22.45,,,RD242,,,
,19-07-2026,,,,,Shift Change,,,,,,35.95,,,RD242,,,
,19-07-2026,,,,,Blasting,,,,,,190.07,,,RD242,,,
,19-07-2026,,,,,Waiting,,,,,,5.4,,,RD242,,,
,19-07-2026,,,,, Down,,,,,,121.43,,,RD242,,,
,19-07-2026,,,,,Side Casting,,,,,,0.22,,,RD242,,,
,19-07-2026,,,,, Down,,,,,,126.93,,,RD242,,,
,19-07-2026,,,,, Down,,,,,,423.27,,,RD242,,,
,20-07-2026,,,,,Schedule No Work,,,,,,56.73,,,RD242,,,
,20-07-2026,,,,,,,,,,,,,,,,,
,Timestamp,,,,,Status Code,,Sub-Status Code,,,,"Duration
(min)",,,Hauling Unit,,,
,20-07-2026,,,,,Schedule No Work,,,,,,36.25,,,RD242,,,
,20-07-2026,,,,,Waiting,,,,,,11.97,,,RD242,,,
,20-07-2026,,,,,LU Loading,,,,,,3.13,,,RD242,,,
,20-07-2026,,,,,Waiting,,,,,,4.75,,,RD252,,,
,20-07-2026,,,,,LU Loading,,,,,,2.8,,,RD252,,,
,20-07-2026,,,,,Waiting,,,,,,0.62,,,RD238,,,
,20-07-2026,,,,,LU Loading,,,,,,3.13,,,RD238,,,
,20-07-2026,,,,,Waiting,,,,,,0.57,,,RD230,,,
,20-07-2026,,,,,LU Loading,,,,,,2.77,,,RD230,,,
,20-07-2026,,,,,Waiting,,,,,,0.33,,,RD234,,,
,20-07-2026,,,,,LU Loading,,,,,,3.2,,,RD234,,,
,20-07-2026,,,,,Waiting,,,,,,3.95,,,RD242,,,
,20-07-2026,,,,,Spotting,,,,,,0.33,,,RD242,,,
,20-07-2026,,,,,LU Loading,,,,,,2.6,,,RD242,,,
,20-07-2026,,,,,Waiting,,,,,,6,,,RD252,,,
,20-07-2026,,,,,LU Loading,,,,,,2.77,,,RD252,,,
,20-07-2026,,,,,Waiting,,,,,,0.77,,,RD238,,,
,20-07-2026,,,,,LU Loading,,,,,,2.75,,,RD238,,,
,20-07-2026,,,,,Waiting,,,,,,7.03,,,RD234,,,
,20-07-2026,,,,,Spotting,,,,,,0.22,,,RD234,,,
,20-07-2026,,,,,LU Loading,,,,,,3.42,,,RD234,,,
,20-07-2026,,,,,Waiting,,,,,,0.4,,,RD242,,,
,20-07-2026,,,,,LU Loading,,,,,,2.62,,,RD242,,,
,20-07-2026,,,,,Waiting,,,,,,0.5,,,RD249,,,
,20-07-2026,,,,,LU Loading,,,,,,2.58,,,RD249,,,
,20-07-2026,,,,,Waiting,,,,,,8.05,,,RD238,,,
,20-07-2026,,,,,LU Loading,,,,,,3.3,,,RD238,,,
,20-07-2026,,,,,Waiting,,,,,,0.52,,,RD252,,,
,20-07-2026,,,,,Spotting,,,,,,0.48,,,RD252,,,
,20-07-2026,,,,,LU Loading,,,,,,3.23,,,RD252,,,
,20-07-2026,,,,,Waiting,,,,,,2.72,,,RD242,,,
,20-07-2026,,,,,LU Loading,,,,,,3.02,,,RD242,,,
,20-07-2026,,,,,Waiting,,,,,,0.33,,,RD234,,,
,20-07-2026,,,,,Spotting,,,,,,0.77,,,RD234,,,
,20-07-2026,,,,,LU Loading,,,,,,3.35,,,RD234,,,
,20-07-2026,,,,,Waiting,,,,,,0.7,,,RD143,,,
,20-07-2026,,,,,LU Loading,,,,,,2.57,,,RD143,,,
,20-07-2026,,,,,LU Loading,,,,,,3.13,,,RD249,,,
,20-07-2026,,,,,Waiting,,,,,,0.38,,,RD238,,,
,20-07-2026,,,,,Spotting,,,,,,0.52,,,RD238,,,
,20-07-2026,,,,,LU Loading,,,,,,2.72,,,RD238,,,
,20-07-2026,,,,,Waiting,,,,,,6.5,,,RD252,,,
,20-07-2026,,,,,LU Loading,,,,,,4.53,,,RD252,,,
,20-07-2026,,,,,LU Loading,,,,,,4.77,,,RD242,,,
,20-07-2026,,,,,LU Loading,,,,,,3.6,,,RD234,,,
,20-07-2026,,,,,Waiting,,,,,,1.2,,,RD252,,,
,20-07-2026,,,,,Spotting,,,,,,0.55,,,RD252,,,
,20-07-2026,,,,,LU Loading,,,,,,2.55,,,RD252,,,
,20-07-2026,,,,,Waiting,,,,,,0.85,,,RD234,,,
,20-07-2026,,,,,Spotting,,,,,,0.3,,,RD234,,,
,20-07-2026,,,,,LU Loading,,,,,,5.75,,,RD234,,,
,20-07-2026,,,,,Waiting,,,,,,0.5,,,RD252,,,
,20-07-2026,,,,,LU Loading,,,,,,4.38,,,RD252,,,
,20-07-2026,,,,,LU Loading,,,,,,7.2,,,RD234,,,
,20-07-2026,,,,,Spotting,,,,,,0.4,,,RD252,,,
,20-07-2026,,,,,LU Loading,,,,,,3.28,,,RD252,,,
,20-07-2026,,,,,Waiting,,,,,,0.32,,,RD234,,,
,20-07-2026,,,,,Spotting,,,,,,0.33,,,RD234,,,
,20-07-2026,,,,,LU Loading,,,,,,2.57,,,RD234,,,
,20-07-2026,,,,,Waiting,,,,,,0.67,,,RD249,,,
,20-07-2026,,,,,Tea/ Breakfast / Snacks,,,,,,79.58,,,RD249,,,
,20-07-2026,,,,,Side Casting,,,,,,32.57,,,RD249,,,
,20-07-2026,,,,,LU Loading,,,,,,2.07,,,RD249,,,
,20-07-2026,,,,,Waiting,,,,,,0.83,,,RD242,,,
,20-07-2026,,,,,LU Loading,,,,,,2.47,,,RD242,,,
,20-07-2026,,,,,Waiting,,,,,,1.12,,,RD252,,,
,20-07-2026,,,,,LU Loading,,,,,,2.32,,,RD252,,,
,20-07-2026,,,,,Waiting,,,,,,0.47,,,RD238,,,
,20-07-2026,,,,,LU Loading,,,,,,2.65,,,RD238,,,
,20-07-2026,,,,,Waiting,,,,,,8,,,RD249,,,
,20-07-2026,,,,,LU Loading,,,,,,3.17,,,RD249,,,
,20-07-2026,,,,,Waiting,,,,,,1.18,,,RD242,,,
,20-07-2026,,,,,LU Loading,,,,,,2.47,,,RD242,,,
,20-07-2026,,,,,Waiting,,,,,,0.28,,,RD249,,,
,20-07-2026,,,,,Spotting,,,,,,0.32,,,RD249,,,
,20-07-2026,,,,,LU Loading,,,,,,2.58,,,RD249,,,
,20-07-2026,,,,,Waiting,,,,,,0.63,,,RD238,,,
,20-07-2026,,,,,LU Loading,,,,,,2.28,,,RD238,,,
,20-07-2026,,,,,Waiting,,,,,,0.52,,,RD249,,,
,20-07-2026,,,,,Spotting,,,,,,0.4,,,RD249,,,
,20-07-2026,,,,,LU Loading,,,,,,3,,,RD249,,,
,20-07-2026,,,,,Waiting,,,,,,0.23,,,RD252,,,
,20-07-2026,,,,,Spotting,,,,,,1.32,,,RD252,,,
,20-07-2026,,,,,LU Loading,,,,,,4.37,,,RD252,,,
,20-07-2026,,,,,LU Loading,,,,,,5.5,,,RD249,,,
,20-07-2026,,,,,Waiting,,,,,,0.08,,,RD242,,,
,20-07-2026,,,,,Spotting,,,,,,0.77,,,RD242,,,
,20-07-2026,,,,,LU Loading,,,,,,3.13,,,RD242,,,
,20-07-2026,,,,,Waiting,,,,,,0.97,,,RD238,,,
,20-07-2026,,,,,Spotting,,,,,,0.45,,,RD238,,,
,20-07-2026,,,,,LU Loading,,,,,,2.1,,,RD238,,,
,20-07-2026,,,,,Waiting,,,,,,7.72,,,RD252,,,
,20-07-2026,,,,,LU Loading,,,,,,2.13,,,RD252,,,
,20-07-2026,,,,,Waiting,,,,,,0.02,,,RD249,,,
,20-07-2026,,,,,Spotting,,,,,,0.55,,,RD249,,,
,20-07-2026,,,,,LU Loading,,,,,,2.85,,,RD249,,,
,20-07-2026,,,,,Waiting,,,,,,3.88,,,RD242,,,
,20-07-2026,,,,,LU Loading,,,,,,2.42,,,RD242,,,
,20-07-2026,,,,,Waiting,,,,,,1.62,,,RD238,,,
,20-07-2026,,,,,LU Loading,,,,,,2.28,,,RD238,,,
,20-07-2026,,,,,Waiting,,,,,,7.37,,,RD252,,,
,20-07-2026,,,,,Spotting,,,,,,0.57,,,RD252,,,
,20-07-2026,,,,,LU Loading,,,,,,2.63,,,RD252,,,
,20-07-2026,,,,,Waiting,,,,,,0.25,,,RD249,,,
,20-07-2026,,,,,LU Loading,,,,,,3.23,,,RD249,,,
,20-07-2026,,,,,Spotting,,,,,,0.53,,,RD242,,,
,20-07-2026,,,,,LU Loading,,,,,,2.28,,,RD242,,,
,20-07-2026,,,,,Waiting,,,,,,0.45,,,RD238,,,
,20-07-2026,,,,,LU Loading,,,,,,1.95,,,RD238,,,
,20-07-2026,,,,,Waiting,,,,,,10.57,,,RD252,,,
,20-07-2026,,,,,LU Loading,,,,,,2.85,,,RD252,,,
,20-07-2026,,,,,Waiting,,,,,,0.87,,,RD249,,,
,20-07-2026,,,,,LU Loading,,,,,,2.72,,,RD249,,,
,20-07-2026,,,,,Spotting,,,,,,0.52,,,RD242,,,
,20-07-2026,,,,,LU Loading,,,,,,2.47,,,RD242,,,
,20-07-2026,,,,,Waiting,,,,,,0.33,,,RD238,,,
,20-07-2026,,,,,LU Loading,,,,,,2.68,,,RD238,,,
,20-07-2026,,,,,Waiting,,,,,,7.92,,,RD252,,,
,20-07-2026,,,,,LU Loading,,,,,,3.68,,,RD252,,,
,20-07-2026,,,,,Waiting,,,,,,0.9,,,RD249,,,
,20-07-2026,,,,,LU Loading,,,,,,3.08,,,RD249,,,
,20-07-2026,,,,,Waiting,,,,,,0.45,,,RD238,,,
,20-07-2026,,,,,Spotting,,,,,,0.35,,,RD238,,,
,20-07-2026,,,,,LU Loading,,,,,,3.43,,,RD238,,,
,20-07-2026,,,,,Waiting,,,,,,1.63,,,RD242,,,
,20-07-2026,,,,,LU Loading,,,,,,3.02,,,RD242,,,
,20-07-2026,,,,,Waiting,,,,,,1.53,,,RD249,,,
,20-07-2026,,,,,Shift Change,,,,,,28.97,,,RD249,,,
,20-07-2026,,,,,Shift Change,,,,,,37.27,,,RD249,,,
,20-07-2026,,,,,Waiting,,,,,,3.92,,,RD249,,,
,20-07-2026,,,,,LU Loading,,,,,,3.37,,,RD249,,,
,20-07-2026,,,,,Waiting,,,,,,0.5,,,RD242,,,
,20-07-2026,,,,,LU Loading,,,,,,3.27,,,RD242,,,
,20-07-2026,,,,,Waiting,,,,,,0.5,,,RD232,,,
,20-07-2026,,,,,LU Loading,,,,,,4.73,,,RD232,,,
,20-07-2026,,,,,Waiting,,,,,,0.57,,,RD243,,,
,20-07-2026,,,,,LU Loading,,,,,,2.87,,,RD243,,,
,20-07-2026,,,,,Waiting,,,,,,0.4,,,RD229,,,
,20-07-2026,,,,,LU Loading,,,,,,3.72,,,RD229,,,
,20-07-2026,,,,,Waiting,,,,,,0.38,,,RD249,,,
,20-07-2026,,,,,LU Loading,,,,,,5.15,,,RD249,,,
,20-07-2026,,,,,Waiting,,,,,,1.02,,,RD242,,,
,20-07-2026,,,,,LU Loading,,,,,,2.53,,,RD242,,,
,20-07-2026,,,,,Waiting,,,,,,0.67,,,RD232,,,
,20-07-2026,,,,,LU Loading,,,,,,9.73,,,RD232,,,
,20-07-2026,,,,,Waiting,,,,,,0.78,,,RD243,,,
,20-07-2026,,,,,LU Loading,,,,,,3.32,,,RD243,,,
,20-07-2026,,,,,Waiting,,,,,,0.92,,,RD240,,,
,20-07-2026,,,,,LU Loading,,,,,,5.68,,,RD240,,,
,20-07-2026,,,,,Waiting,,,,,,0.52,,,RD229,,,
,20-07-2026,,,,,LU Loading,,,,,,3.7,,,RD229,,,
,20-07-2026,,,,,Waiting,,,,,,0.53,,,RD249,,,
,20-07-2026,,,,,LU Loading,,,,,,5.23,,,RD249,,,
,20-07-2026,,,,,Waiting,,,,,,0.7,,,RD242,,,
,20-07-2026,,,,,Spotting,,,,,,0.33,,,RD242,,,
,20-07-2026,,,,,LU Loading,,,,,,4.78,,,RD242,,,
,20-07-2026,,,,,Waiting,,,,,,0.35,,,RD232,,,
,20-07-2026,,,,,LU Loading,,,,,,5.58,,,RD232,,,
,20-07-2026,,,,,Waiting,,,,,,0.55,,,RD243,,,
,20-07-2026,,,,,LU Loading,,,,,,6.15,,,RD243,,,
,20-07-2026,,,,,Waiting,,,,,,0.3,,,RD240,,,
,20-07-2026,,,,,LU Loading,,,,,,5.82,,,RD240,,,
,20-07-2026,,,,,Waiting,,,,,,0.53,,,RD229,,,
,20-07-2026,,,,,LU Loading,,,,,,4.45,,,RD229,,,
,20-07-2026,,,,,Waiting,,,,,,0.93,,,RD249,,,
,20-07-2026,,,,,LU Loading,,,,,,3.27,,,RD249,,,
,20-07-2026,,,,,Waiting,,,,,,0.4,,,RD232,,,
,20-07-2026,,,,,LU Loading,,,,,,4.13,,,RD232,,,
,20-07-2026,,,,,Waiting,,,,,,0.52,,,RD243,,,
,20-07-2026,,,,,LU Loading,,,,,,3.95,,,RD243,,,
,20-07-2026,,,,,Waiting,,,,,,0.72,,,RD240,,,
,20-07-2026,,,,,LU Loading,,,,,,4.48,,,RD240,,,
,20-07-2026,,,,,Waiting,,,,,,0.4,,,RD229,,,
,20-07-2026,,,,,LU Loading,,,,,,4.47,,,RD229,,,
,20-07-2026,,,,,Waiting,,,,,,0.62,,,RD249,,,
,20-07-2026,,,,,LU Loading,,,,,,6.18,,,RD249,,,
,20-07-2026,,,,,Waiting,,,,,,0.48,,,RD232,,,
,20-07-2026,,,,,Spotting,,,,,,0.57,,,RD232,,,
,20-07-2026,,,,,LU Loading,,,,,,3.33,,,RD232,,,
,20-07-2026,,,,,Waiting,,,,,,0.35,,,RD243,,,
,20-07-2026,,,,,LU Loading,,,,,,4.28,,,RD243,,,
,20-07-2026,,,,,Waiting,,,,,,0.52,,,RD240,,,
,20-07-2026,,,,,LU Loading,,,,,,5.1,,,RD240,,,
,20-07-2026,,,,,Waiting,,,,,,1.97,,,RD229,,,
,20-07-2026,,,,,LU Loading,,,,,,4.28,,,RD229,,,
,20-07-2026,,,,,Waiting,,,,,,0.88,,,RD249,,,
,20-07-2026,,,,,LU Loading,,,,,,3.58,,,RD249,,,
,20-07-2026,,,,,Waiting,,,,,,0.3,,,RD232,,,
,20-07-2026,,,,,LU Loading,,,,,,4.7,,,RD232,,,
,20-07-2026,,,,,Waiting,,,,,,0.53,,,RD243,,,
,20-07-2026,,,,,LU Loading,,,,,,3.93,,,RD243,,,
,20-07-2026,,,,,Waiting,,,,,,0.67,,,RD240,,,
,20-07-2026,,,,,LU Loading,,,,,,4.15,,,RD240,,,
,20-07-2026,,,,,Waiting,,,,,,2.32,,,RD229,,,
,20-07-2026,,,,,LU Loading,,,,,,4.52,,,RD229,,,
,20-07-2026,,,,,Waiting,,,,,,0.83,,,RD249,,,
,20-07-2026,,,,,LU Loading,,,,,,3.32,,,RD249,,,
,20-07-2026,,,,,Waiting,,,,,,7.02,,,RD232,,,
,20-07-2026,,,,,LU Loading,,,,,,5.55,,,RD232,,,
,20-07-2026,,,,,Waiting,,,,,,0.35,,,RD240,,,
,20-07-2026,,,,,LU Loading,,,,,,1.93,,,RD240,,,
,20-07-2026,,,,,Waiting,,,,,,0.72,,,RD243,,,
,20-07-2026,,,,,LU Loading,,,,,,2.7,,,RD243,,,
,20-07-2026,,,,,Waiting,,,,,,0.82,,,RD229,,,
,20-07-2026,,,,,LU Loading,,,,,,3.92,,,RD229,,,
,20-07-2026,,,,,Waiting,,,,,,0.8,,,RD249,,,
,20-07-2026,,,,,LU Loading,,,,,,4.65,,,RD249,,,
,20-07-2026,,,,,Waiting,,,,,,0.43,,,RD242,,,
,20-07-2026,,,,,Spotting,,,,,,0.55,,,RD242,,,
,20-07-2026,,,,,LU Loading,,,,,,4.17,,,RD242,,,
,20-07-2026,,,,,Waiting,,,,,,0.42,,,RD232,,,
,20-07-2026,,,,,Spotting,,,,,,0.4,,,RD232,,,
,20-07-2026,,,,,LU Loading,,,,,,4.42,,,RD232,,,
,20-07-2026,,,,,Waiting,,,,,,7.02,,,RD249,,,
,20-07-2026,,,,,LU Loading,,,,,,4.17,,,RD249,,,
,20-07-2026,,,,,Waiting,,,,,,0.35,,,RD232,,,
,20-07-2026,,,,,LU Loading,,,,,,2.97,,,RD232,,,
,20-07-2026,,,,,Waiting,,,,,,0.57,,,RD242,,,
,20-07-2026,,,,,LU Loading,,,,,,4.27,,,RD242,,,
,20-07-2026,,,,,Waiting,,,,,,7.63,,,RD249,,,
,20-07-2026,,,,,LU Loading,,,,,,5.5,,,RD249,,,
,20-07-2026,,,,,Waiting,,,,,,0.47,,,RD243,,,
,20-07-2026,,,,,LU Loading,,,,,,3.38,,,RD243,,,
,20-07-2026,,,,,Waiting,,,,,,1.22,,,RD242,,,
,20-07-2026,,,,,LU Loading,,,,,,4.63,,,RD242,,,
,20-07-2026,,,,,Waiting,,,,,,0.87,,,RD249,,,
,20-07-2026,,,,,LU Loading,,,,,,3.82,,,RD249,,,
,20-07-2026,,,,,Waiting,,,,,,0.53,,,RD240,,,
,20-07-2026,,,,,LU Loading,,,,,,7.65,,,RD240,,,
,20-07-2026,,,,,Waiting,,,,,,0.55,,,RD229,,,
,20-07-2026,,,,,LU Loading,,,,,,4.07,,,RD229,,,
,20-07-2026,,,,,Waiting,,,,,,2.85,,,RD242,,,
,20-07-2026,,,,,Spotting,,,,,,1.88,,,RD242,,,
,20-07-2026,,,,,LU Loading,,,,,,3.53,,,RD242,,,
,20-07-2026,,,,,Waiting,,,,,,0.35,,,RD232,,,
,20-07-2026,,,,,LU Loading,,,,,,3.47,,,RD232,,,
,20-07-2026,,,,,Waiting,,,,,,0.65,,,RD243,,,
,20-07-2026,,,,,LU Loading,,,,,,3.3,,,RD243,,,
,20-07-2026,,,,,Waiting,,,,,,0.53,,,RD240,,,
,20-07-2026,,,,,LU Loading,,,,,,8.92,,,RD240,,,
,20-07-2026,,,,,Waiting,,,,,,0.58,,,RD229,,,
,20-07-2026,,,,,Spotting,,,,,,0.55,,,RD229,,,
,20-07-2026,,,,,LU Loading,,,,,,5.75,,,RD229,,,
,20-07-2026,,,,,Waiting,,,,,,0.58,,,RD242,,,
,20-07-2026,,,,,LU Loading,,,,,,4.32,,,RD242,,,
,20-07-2026,,,,,Waiting,,,,,,0.57,,,RD232,,,
,20-07-2026,,,,,LU Loading,,,,,,3.95,,,RD232,,,
,20-07-2026,,,,,Waiting,,,,,,0.58,,,RD243,,,
,20-07-2026,,,,,LU Loading,,,,,,3.52,,,RD243,,,
,20-07-2026,,,,,Waiting,,,,,,0.43,,,RD240,,,
,20-07-2026,,,,,LU Loading,,,,,,4.08,,,RD240,,,
,20-07-2026,,,,,Waiting,,,,,,1.4,,,RD249,,,
,20-07-2026,,,,,LU Loading,,,,,,5.28,,,RD249,,,
,20-07-2026,,,,,Waiting,,,,,,0.63,,,RD229,,,
,20-07-2026,,,,,LU Loading,,,,,,4.33,,,RD229,,,
,20-07-2026,,,,,Waiting,,,,,,0.73,,,RD242,,,
,20-07-2026,,,,,Spotting,,,,,,0.7,,,RD242,,,
,20-07-2026,,,,,LU Loading,,,,,,5.68,,,RD242,,,
,20-07-2026,,,,,Waiting,,,,,,0.43,,,RD232,,,
,20-07-2026,,,,,LU Loading,,,,,,4.82,,,RD232,,,
,20-07-2026,,,,,Waiting,,,,,,0.73,,,RD243,,,
,20-07-2026,,,,,LU Loading,,,,,,2.83,,,RD243,,,
,20-07-2026,,,,,Waiting,,,,,,0.55,,,RD240,,,
,20-07-2026,,,,,LU Loading,,,,,,3.88,,,RD240,,,
,20-07-2026,,,,,Waiting,,,,,,0.93,,,RD249,,,
,20-07-2026,,,,,LU Loading,,,,,,3.97,,,RD249,,,
,20-07-2026,,,,,Waiting,,,,,,0.87,,,RD229,,,
,20-07-2026,,,,,Spotting,,,,,,0.42,,,RD229,,,
,20-07-2026,,,,,LU Loading,,,,,,3.08,,,RD229,,,
,20-07-2026,,,,,Waiting,,,,,,0.7,,,RD242,,,
,20-07-2026,,,,,LU Loading,,,,,,3.68,,,RD242,,,
,20-07-2026,,,,,Waiting,,,,,,0.53,,,RD232,,,
,20-07-2026,,,,,Spotting,,,,,,0.4,,,RD232,,,
,20-07-2026,,,,,LU Loading,,,,,,3.9,,,RD232,,,
,20-07-2026,,,,,Waiting,,,,,,0.5,,,RD243,,,
,20-07-2026,,,,,Spotting,,,,,,0.65,,,RD243,,,
,20-07-2026,,,,,LU Loading,,,,,,3.45,,,RD243,,,
,20-07-2026,,,,,Waiting,,,,,,1.12,,,RD240,,,
,20-07-2026,,,,,LU Loading,,,,,,3.93,,,RD240,,,
,20-07-2026,,,,,Waiting,,,,,,0.77,,,RD249,,,
,20-07-2026,,,,,LU Loading,,,,,,4.13,,,RD249,,,
,20-07-2026,,,,,Waiting,,,,,,1.15,,,RD229,,,
,20-07-2026,,,,,LU Loading,,,,,,3.7,,,RD229,,,
,20-07-2026,,,,,Waiting,,,,,,0.55,,,RD242,,,
,20-07-2026,,,,,LU Loading,,,,,,0.67,,,RD242,,,
,20-07-2026,,,,,Waiting,,,,,,0.32,,,RD232,,,
,20-07-2026,,,,,LU Loading,,,,,,3.28,,,RD232,,,
,20-07-2026,,,,,Waiting,,,,,,1.22,,,RD242,,,
,20-07-2026,,,,,LU Loading,,,,,,6.2,,,RD242,,,
,20-07-2026,,,,,Waiting,,,,,,10.08,,,RD251,,,
,20-07-2026,,,,,Shift Change,,,,,,27.4,,,RD251,,,
,20-07-2026,,,,,Shift Change,,,,,,57.27,,,RD251,,,
,20-07-2026,,,,,Waiting,,,,,,6.27,,,RD251,,,
,20-07-2026,,,,,LU Loading,,,,,,3.15,,,RD251,,,
,20-07-2026,,,,,Waiting,,,,,,0.88,,,RD231,,,
,20-07-2026,,,,,LU Loading,,,,,,2.68,,,RD231,,,
,20-07-2026,,,,,Waiting,,,,,,0.45,,,RD230,,,
,20-07-2026,,,,,LU Loading,,,,,,3.92,,,RD230,,,
,20-07-2026,,,,,Waiting,,,,,,0.82,,,RD122,,,
,20-07-2026,,,,,LU Loading,,,,,,2.83,,,RD122,,,
,20-07-2026,,,,,Waiting,,,,,,1.85,,,RD234,,,
,20-07-2026,,,,,LU Loading,,,,,,3.3,,,RD234,,,
,20-07-2026,,,,,Waiting,,,,,,7.88,,,RD251,,,
,20-07-2026,,,,,LU Loading,,,,,,3.33,,,RD251,,,
,20-07-2026,,,,,Waiting,,,,,,0.82,,,RD238,,,
,20-07-2026,,,,,Spotting,,,,,,0.9,,,RD238,,,
,20-07-2026,,,,,LU Loading,,,,,,3.25,,,RD238,,,
,20-07-2026,,,,,Waiting,,,,,,1.27,,,RD230,,,
,20-07-2026,,,,,LU Loading,,,,,,3.53,,,RD230,,,
,20-07-2026,,,,,Waiting,,,,,,0.58,,,RD234,,,
,20-07-2026,,,,,LU Loading,,,,,,3.43,,,RD234,,,
,20-07-2026,,,,,Waiting,,,,,,8.55,,,RD251,,,
,20-07-2026,,,,,Spotting,,,,,,1.13,,,RD251,,,
,20-07-2026,,,,,LU Loading,,,,,,3.23,,,RD251,,,
,21-07-2026,,,,,Waiting,,,,,,0.83,,,RD238,,,
,21-07-2026,,,,,LU Loading,,,,,,3.92,,,RD238,,,
,21-07-2026,,,,,Waiting,,,,,,0.68,,,RD231,,,
,21-07-2026,,,,,LU Loading,,,,,,4.02,,,RD231,,,
,21-07-2026,,,,,Waiting,,,,,,0.7,,,RD234,,,
,21-07-2026,,,,,LU Loading,,,,,,3.9,,,RD234,,,
,21-07-2026,,,,,Waiting,,,,,,4.85,,,RD230,,,
,21-07-2026,,,,,LU Loading,,,,,,4.57,,,RD230,,,
,21-07-2026,,,,,Waiting,,,,,,0.85,,,RD251,,,
,21-07-2026,,,,,LU Loading,,,,,,4.05,,,RD251,,,
,21-07-2026,,,,,Waiting,,,,,,3.2,,,RD238,,,
,21-07-2026,,,,,LU Loading,,,,,,3.8,,,RD238,,,
,21-07-2026,,,,,Waiting,,,,,,0.55,,,RD231,,,
,21-07-2026,,,,,LU Loading,,,,,,2.75,,,RD231,,,
,21-07-2026,,,,,Waiting,,,,,,2.55,,,RD234,,,
,21-07-2026,,,,,Spotting,,,,,,1.35,,,RD234,,,
,21-07-2026,,,,,LU Loading,,,,,,3.97,,,RD234,,,
,21-07-2026,,,,,Waiting,,,,,,1.27,,,RD143,,,
,21-07-2026,,,,,LU Loading,,,,,,3.03,,,RD143,,,
,21-07-2026,,,,,Waiting,,,,,,0.95,,,RD230,,,
,21-07-2026,,,,,Spotting,,,,,,0.8,,,RD230,,,
,21-07-2026,,,,,LU Loading,,,,,,4.42,,,RD230,,,
,21-07-2026,,,,,Waiting,,,,,,1.08,,,RD251,,,
,21-07-2026,,,,,Spotting,,,,,,2.55,,,RD251,,,
,21-07-2026,,,,,LU Loading,,,,,,4.73,,,RD251,,,
,21-07-2026,,,,,Waiting,,,,,,0.8,,,RD231,,,
,21-07-2026,,,,,LU Loading,,,,,,3.93,,,RD231,,,
,21-07-2026,,,,,Waiting,,,,,,1.05,,,RD238,,,
,21-07-2026,,,,,LU Loading,,,,,,3.83,,,RD238,,,
,21-07-2026,,,,,Waiting,,,,,,3.82,,,RD143,,,
,21-07-2026,,,,,Side Casting,,,,,,21.2,,,RD143,,,
,21-07-2026,,,,,Tea/ Breakfast / Snacks,,,,,,6.77,,,RD143,,,
,21-07-2026,,,,,LU Loading,,,,,,0.08,,,RD143,,,
,21-07-2026,,,,,Waiting,,,,,,0.6,,,RD230,,,
,21-07-2026,,,,,Tea/ Breakfast / Snacks,,,,,,71.48,,,RD230,,,
,21-07-2026,,,,,Waiting,,,,,,6.8,,,RD230,,,
,21-07-2026,,,,,LU Loading,,,,,,3.7,,,RD230,,,
,21-07-2026,,,,,Waiting,,,,,,2.87,,,RD251,,,
,21-07-2026,,,,,LU Loading,,,,,,3.33,,,RD251,,,
,21-07-2026,,,,,Waiting,,,,,,1.27,,,RD238,,,
,21-07-2026,,,,,LU Loading,,,,,,3.47,,,RD238,,,
,21-07-2026,,,,,Waiting,,,,,,0.8,,,RD250,,,
,21-07-2026,,,,,LU Loading,,,,,,4,,,RD250,,,
,21-07-2026,,,,,Waiting,,,,,,0.87,,,RD143,,,
,21-07-2026,,,,,LU Loading,,,,,,3.13,,,RD143,,,
,21-07-2026,,,,,Waiting,,,,,,0.7,,,RD231,,,
,21-07-2026,,,,,LU Loading,,,,,,3.58,,,RD231,,,
,21-07-2026,,,,,Waiting,,,,,,0.98,,,RD230,,,
,21-07-2026,,,,,Spotting,,,,,,0.58,,,RD230,,,
,21-07-2026,,,,,LU Loading,,,,,,2.83,,,RD230,,,
,21-07-2026,,,,,Waiting,,,,,,5.57,,,RD251,,,
,21-07-2026,,,,,LU Loading,,,,,,3.38,,,RD251,,,
,21-07-2026,,,,,Waiting,,,,,,1,,,RD238,,,
,21-07-2026,,,,,LU Loading,,,,,,3.72,,,RD238,,,
,21-07-2026,,,,,Waiting,,,,,,0.68,,,RD250,,,
,21-07-2026,,,,,Spotting,,,,,,0.13,,,RD250,,,
,21-07-2026,,,,,LU Loading,,,,,,3.43,,,RD250,,,
,21-07-2026,,,,,Waiting,,,,,,4.03,,,RD231,,,
,21-07-2026,,,,,LU Loading,,,,,,3.5,,,RD231,,,
,21-07-2026,,,,,Waiting,,,,,,0.82,,,RD230,,,
,21-07-2026,,,,,Spotting,,,,,,0.32,,,RD230,,,
,21-07-2026,,,,,LU Loading,,,,,,2.42,,,RD230,,,
,21-07-2026,,,,,Waiting,,,,,,5.8,,,RD251,,,
,21-07-2026,,,,,LU Loading,,,,,,3.73,,,RD251,,,
,21-07-2026,,,,,Waiting,,,,,,2,,,RD238,,,
,21-07-2026,,,,,LU Loading,,,,,,2.42,,,RD238,,,
,21-07-2026,,,,,Waiting,,,,,,1.8,,,RD250,,,
,21-07-2026,,,,,LU Loading,,,,,,2.98,,,RD250,,,
,21-07-2026,,,,,Waiting,,,,,,5.05,,,RD231,,,
,21-07-2026,,,,,LU Loading,,,,,,2.48,,,RD231,,,
,21-07-2026,,,,,Waiting,,,,,,6.7,,,RD230,,,
,21-07-2026,,,,,LU Loading,,,,,,3.05,,,RD230,,,
,21-07-2026,,,,,Waiting,,,,,,1.13,,,RD238,,,
,21-07-2026,,,,,LU Loading,,,,,,3.4,,,RD238,,,
,21-07-2026,,,,,Waiting,,,,,,0.73,,,RD250,,,
,21-07-2026,,,,,LU Loading,,,,,,3.57,,,RD250,,,
,21-07-2026,,,,,Waiting,,,,,,0.48,,,RD251,,,
,21-07-2026,,,,,Spotting,,,,,,0.27,,,RD251,,,
,21-07-2026,,,,,LU Loading,,,,,,4.28,,,RD251,,,
,21-07-2026,,,,,Waiting,,,,,,4.33,,,RD143,,,
,21-07-2026,,,,,LU Loading,,,,,,1.28,,,RD143,,,
,21-07-2026,,,,,Waiting,,,,,,0.2,,,RD143,,,
,21-07-2026,,,,,LU Loading,,,,,,0.1,,,RD143,,,
,21-07-2026,,,,,Waiting,,,,,,2.82,,,RD143,,,
,21-07-2026,,,,,LU Loading,,,,,,4.3,,,RD143,,,
,21-07-2026,,,,,Waiting,,,,,,1.95,,,RD231,,,
,21-07-2026,,,,,LU Loading,,,,,,2.98,,,RD231,,,
,21-07-2026,,,,,Waiting,,,,,,0.92,,,RD230,,,
,21-07-2026,,,,,LU Loading,,,,,,2.43,,,RD230,,,
,21-07-2026,,,,,Waiting,,,,,,2.72,,,RD143,,,
,21-07-2026,,,,,LU Loading,,,,,,0.02,,,RD143,,,
,21-07-2026,,,,,Waiting,,,,,,0.48,,,RD143,,,
,21-07-2026,,,,,LU Loading,,,,,,0.02,,,RD143,,,
,21-07-2026,,,,,Waiting,,,,,,0.37,,,RD143,,,
,21-07-2026,,,,,LU Loading,,,,,,0.07,,,RD143,,,
,21-07-2026,,,,,Waiting,,,,,,7.7,,,RD244,,,
,21-07-2026,,,,,Shift Change,,,,,,29.25,,,RD244,,,
,21-07-2026,,,,,,,,,,,,,,,,,
,Timestamp,,,,,Status Code,,Sub-Status Code,,,,"Duration
(min)",,,Hauling Unit,,,
,21-07-2026,,,,,Shift Change,,,,,,83.67,,,RD244,,,
,21-07-2026,,,,,Waiting,,,,,,3.22,,,RD244,,,
,21-07-2026,,,,,LU Loading,,,,,,3.3,,,RD244,,,
,21-07-2026,,,,,Waiting,,,,,,0.72,,,RD243,,,
,21-07-2026,,,,,LU Loading,,,,,,3.63,,,RD243,,,
,21-07-2026,,,,,Waiting,,,,,,5.15,,,RD241,,,
,21-07-2026,,,,,Fuel Filling,,,,,,0.28,,,RD241,,,
,21-07-2026,,,,,Face Prep,,,,,,26.73,,,RD241,,,
,21-07-2026,,,,,LU Loading,,,,,,3.12,,,RD241,,,
,21-07-2026,,,,,Waiting,,,,,,0.97,,,RD252,,,
,21-07-2026,,,,,LU Loading,,,,,,3.32,,,RD252,,,
,21-07-2026,,,,,Waiting,,,,,,0.98,,,RD232,,,
,21-07-2026,,,,,LU Loading,,,,,,2.88,,,RD232,,,
,21-07-2026,,,,,Waiting,,,,,,0.68,,,RD244,,,
,21-07-2026,,,,,Spotting,,,,,,0.35,,,RD244,,,
,21-07-2026,,,,,LU Loading,,,,,,2.75,,,RD244,,,
,21-07-2026,,,,,Waiting,,,,,,0.92,,,RD236,,,
,21-07-2026,,,,,LU Loading,,,,,,3.63,,,RD236,,,
,21-07-2026,,,,,Waiting,,,,,,8.37,,,RD243,,,
,21-07-2026,,,,,Spotting,,,,,,0.28,,,RD243,,,
,21-07-2026,,,,,LU Loading,,,,,,2.73,,,RD243,,,
,21-07-2026,,,,,Waiting,,,,,,0.63,,,RD241,,,
,21-07-2026,,,,,LU Loading,,,,,,3.28,,,RD241,,,
,21-07-2026,,,,,Waiting,,,,,,1.08,,,RD252,,,
,21-07-2026,,,,,LU Loading,,,,,,2.88,,,RD252,,,
,21-07-2026,,,,,Waiting,,,,,,1.13,,,RD232,,,
,21-07-2026,,,,,Spotting,,,,,,0.35,,,RD232,,,
,21-07-2026,,,,,LU Loading,,,,,,2.93,,,RD232,,,
,21-07-2026,,,,,Waiting,,,,,,0.67,,,RD244,,,
,21-07-2026,,,,,Spotting,,,,,,0.28,,,RD244,,,
,21-07-2026,,,,,LU Loading,,,,,,2.75,,,RD244,,,
,21-07-2026,,,,,Waiting,,,,,,5.02,,,RD236,,,
,21-07-2026,,,,,Spotting,,,,,,0.37,,,RD236,,,
,21-07-2026,,,,,LU Loading,,,,,,2.82,,,RD236,,,
,21-07-2026,,,,,Waiting,,,,,,0.72,,,RD243,,,
,21-07-2026,,,,,LU Loading,,,,,,3.45,,,RD243,,,
,21-07-2026,,,,,Waiting,,,,,,2.12,,,RD252,,,
,21-07-2026,,,,,LU Loading,,,,,,4.03,,,RD252,,,
,21-07-2026,,,,,Waiting,,,,,,15.83,,,RD236,,,
,21-07-2026,,,,,LU Loading,,,,,,3.52,,,RD236,,,
,21-07-2026,,,,,Waiting,,,,,,4.6,,,RD252,,,
,21-07-2026,,,,,LU Loading,,,,,,3.05,,,RD252,,,
,21-07-2026,,,,,Waiting,,,,,,15.97,,,RD243,,,
,21-07-2026,,,,,LU Loading,,,,,,2.8,,,RD243,,,
,21-07-2026,,,,,Waiting,,,,,,0.47,,,RD237,,,
,21-07-2026,,,,,LU Loading,,,,,,8.12,,,RD237,,,
,21-07-2026,,,,,Waiting,,,,,,1.4,,,RD242,,,
,21-07-2026,,,,,LU Loading,,,,,,2.18,,,RD242,,,
,21-07-2026,,,,,Waiting,,,,,,10.02,,,RD243,,,
,21-07-2026,,,,,LU Loading,,,,,,2.48,,,RD243,,,
,21-07-2026,,,,,Waiting,,,,,,0.95,,,RD241,,,
,21-07-2026,,,,,LU Loading,,,,,,3.02,,,RD241,,,
,21-07-2026,,,,,Waiting,,,,,,0.48,,,RD253,,,
,21-07-2026,,,,,LU Loading,,,,,,2.58,,,RD253,,,
,21-07-2026,,,,,Spotting,,,,,,0.77,,,RD237,,,
,21-07-2026,,,,,LU Loading,,,,,,3.13,,,RD237,,,
,21-07-2026,,,,,Waiting,,,,,,0.57,,,RD252,,,
,21-07-2026,,,,,LU Loading,,,,,,2.15,,,RD252,,,
,21-07-2026,,,,,Waiting,,,,,,1,,,RD242,,,
,21-07-2026,,,,,LU Loading,,,,,,2.17,,,RD242,,,
,21-07-2026,,,,,Waiting,,,,,,0.7,,,RD244,,,
,21-07-2026,,,,,LU Loading,,,,,,3.53,,,RD244,,,
,21-07-2026,,,,,Waiting,,,,,,3.93,,,RD243,,,
,21-07-2026,,,,,LU Loading,,,,,,2.88,,,RD243,,,
,21-07-2026,,,,,Waiting,,,,,,0.85,,,RD232,,,
,21-07-2026,,,,,LU Loading,,,,,,2.85,,,RD232,,,
,21-07-2026,,,,,Waiting,,,,,,0.73,,,RD236,,,
,21-07-2026,,,,,LU Loading,,,,,,2.82,,,RD236,,,
,21-07-2026,,,,,Waiting,,,,,,0.6,,,RD253,,,
,21-07-2026,,,,,LU Loading,,,,,,2.83,,,RD253,,,
,21-07-2026,,,,,Waiting,,,,,,0.77,,,RD237,,,
,21-07-2026,,,,,LU Loading,,,,,,2.73,,,RD237,,,
,21-07-2026,,,,,Waiting,,,,,,0.7,,,RD252,,,
,21-07-2026,,,,,LU Loading,,,,,,3.47,,,RD252,,,
,21-07-2026,,,,,Waiting,,,,,,0.93,,,RD242,,,
,21-07-2026,,,,,LU Loading,,,,,,2.35,,,RD242,,,
,21-07-2026,,,,,LU Loading,,,,,,2.83,,,RD244,,,
,21-07-2026,,,,,Waiting,,,,,,10.3,,,RD243,,,
,21-07-2026,,,,,LU Loading,,,,,,4.1,,,RD243,,,
,21-07-2026,,,,,LU Loading,,,,,,4,,,RD241,,,
,21-07-2026,,,,,Waiting,,,,,,0.97,,,RD232,,,
,21-07-2026,,,,,LU Loading,,,,,,3.17,,,RD232,,,
,21-07-2026,,,,,Waiting,,,,,,0.95,,,RD252,,,
,21-07-2026,,,,,LU Loading,,,,,,3.65,,,RD252,,,
,21-07-2026,,,,,Spotting,,,,,,0.93,,,RD244,,,
,21-07-2026,,,,,LU Loading,,,,,,4.48,,,RD244,,,
,21-07-2026,,,,,Waiting,,,,,,5.57,,,RD243,,,
,21-07-2026,,,,,LU Loading,,,,,,3.2,,,RD243,,,
,21-07-2026,,,,,Waiting,,,,,,1.45,,,RD241,,,
,21-07-2026,,,,,LU Loading,,,,,,2.73,,,RD241,,,
,21-07-2026,,,,,Waiting,,,,,,0.95,,,RD232,,,
,21-07-2026,,,,,LU Loading,,,,,,3.52,,,RD232,,,
,21-07-2026,,,,,Waiting,,,,,,0.8,,,RD252,,,
,21-07-2026,,,,,LU Loading,,,,,,3.12,,,RD252,,,
,21-07-2026,,,,,Waiting,,,,,,0.48,,,RD228,,,
,21-07-2026,,,,,LU Loading,,,,,,2.98,,,RD228,,,
,21-07-2026,,,,,Waiting,,,,,,0.62,,,RD244,,,
,21-07-2026,,,,,Spotting,,,,,,0.33,,,RD244,,,
,21-07-2026,,,,,LU Loading,,,,,,3.85,,,RD244,,,
,21-07-2026,,,,,Waiting,,,,,,0.88,,,RD243,,,
,21-07-2026,,,,,Spotting,,,,,,0.33,,,RD243,,,
,21-07-2026,,,,,LU Loading,,,,,,4.13,,,RD243,,,
,21-07-2026,,,,,Waiting,,,,,,0.88,,,RD241,,,
,21-07-2026,,,,,LU Loading,,,,,,4.57,,,RD241,,,
,21-07-2026,,,,,Waiting,,,,,,1.05,,,RD232,,,
,21-07-2026,,,,,LU Loading,,,,,,2.43,,,RD232,,,
,21-07-2026,,,,,Spotting,,,,,,0.3,,,RD228,,,
,21-07-2026,,,,,LU Loading,,,,,,3.08,,,RD228,,,
,21-07-2026,,,,,Waiting,,,,,,0.8,,,RD252,,,
,21-07-2026,,,,,Spotting,,,,,,0.42,,,RD252,,,
,21-07-2026,,,,,LU Loading,,,,,,2.95,,,RD252,,,
,21-07-2026,,,,,Waiting,,,,,,2.67,,,RD244,,,
,21-07-2026,,,,,LU Loading,,,,,,3.57,,,RD244,,,
,21-07-2026,,,,,Waiting,,,,,,4.5,,,RD243,,,
,21-07-2026,,,,,Spotting,,,,,,0.28,,,RD243,,,
,21-07-2026,,,,,LU Loading,,,,,,3.15,,,RD243,,,
,21-07-2026,,,,,Spotting,,,,,,0.73,,,RD228,,,
,21-07-2026,,,,,LU Loading,,,,,,2.57,,,RD228,,,
,21-07-2026,,,,,Waiting,,,,,,0.93,,,RD232,,,
,21-07-2026,,,,,LU Loading,,,,,,2.85,,,RD232,,,
,21-07-2026,,,,,Waiting,,,,,,1.48,,,RD252,,,
,21-07-2026,,,,,LU Loading,,,,,,3.48,,,RD252,,,
,21-07-2026,,,,,Waiting,,,,,,0.9,,,RD241,,,
,21-07-2026,,,,,LU Loading,,,,,,4.1,,,RD241,,,
,21-07-2026,,,,,Waiting,,,,,,3.22,,,RD244,,,
,21-07-2026,,,,,LU Loading,,,,,,2.8,,,RD244,,,
,21-07-2026,,,,,Waiting,,,,,,0.98,,,RD243,,,
,21-07-2026,,,,,LU Loading,,,,,,2.53,,,RD243,,,
,21-07-2026,,,,,Spotting,,,,,,0.42,,,RD228,,,
,21-07-2026,,,,,LU Loading,,,,,,2.48,,,RD228,,,
,21-07-2026,,,,,Waiting,,,,,,0.68,,,RD232,,,
,21-07-2026,,,,,LU Loading,,,,,,2.3,,,RD232,,,
,21-07-2026,,,,,Waiting,,,,,,9.07,,,RD230,,,
,21-07-2026,,,,,Shift Change,,,,,,25.35,,,RD230,,,
,21-07-2026,,,,,Shift Change,,,,,,42.87,,,RD230,,,
,21-07-2026,,,,,LU Loading,,,,,,2.48,,,RD230,,,
,21-07-2026,,,,,LU Loading,,,,,,2.37,,,RD250,,,
,21-07-2026,,,,,Spotting,,,,,,0.4,,,RD229,,,
,21-07-2026,,,,,LU Loading,,,,,,3.28,,,RD229,,,
,21-07-2026,,,,,Waiting,,,,,,3,,,RD230,,,
,21-07-2026,,,,,Spotting,,,,,,0.32,,,RD230,,,
,21-07-2026,,,,,LU Loading,,,,,,2.98,,,RD230,,,
,21-07-2026,,,,,LU Loading,,,,,,3.55,,,RD250,,,
,21-07-2026,,,,,Spotting,,,,,,0.17,,,RD243,,,
,21-07-2026,,,,,LU Loading,,,,,,3.6,,,RD243,,,
,21-07-2026,,,,,Spotting,,,,,,0.35,,,RD231,,,
,21-07-2026,,,,,LU Loading,,,,,,2.92,,,RD231,,,
,21-07-2026,,,,,Spotting,,,,,,0.13,,,RD230,,,
,21-07-2026,,,,,LU Loading,,,,,,3.12,,,RD230,,,
,21-07-2026,,,,,Spotting,,,,,,0.52,,,RD250,,,
,21-07-2026,,,,,LU Loading,,,,,,2.3,,,RD250,,,
,21-07-2026,,,,,LU Loading,,,,,,3.12,,,RD243,,,
,21-07-2026,,,,,LU Loading,,,,,,4.5,,,RD229,,,
,21-07-2026,,,,,Spotting,,,,,,0.25,,,RD231,,,
,21-07-2026,,,,,LU Loading,,,,,,10.9,,,RD231,,,
,21-07-2026,,,,,Waiting,,,,,,0.88,,,RD250,,,
,21-07-2026,,,,,LU Loading,,,,,,3.08,,,RD250,,,
,21-07-2026,,,,,Waiting,,,,,,0.3,,,RD243,,,
,21-07-2026,,,,,LU Loading,,,,,,3.57,,,RD243,,,
,21-07-2026,,,,,Waiting,,,,,,0.02,,,RD229,,,
,21-07-2026,,,,,LU Loading,,,,,,4.28,,,RD229,,,
,21-07-2026,,,,,LU Loading,,,,,,3.88,,,RD230,,,
,21-07-2026,,,,,Waiting,,,,,,0.52,,,RD231,,,
,21-07-2026,,,,,LU Loading,,,,,,4.33,,,RD231,,,
,21-07-2026,,,,,Waiting,,,,,,0.48,,,RD243,,,
,21-07-2026,,,,,LU Loading,,,,,,2.78,,,RD243,,,
,21-07-2026,,,,,LU Loading,,,,,,3.08,,,RD230,,,
,21-07-2026,,,,,LU Loading,,,,,,4.67,,,RD229,,,
,21-07-2026,,,,,LU Loading,,,,,,7.57,,,RD241,,,
,21-07-2026,,,,,Spotting,,,,,,0.2,,,RD250,,,
,21-07-2026,,,,,LU Loading,,,,,,3.1,,,RD250,,,
,21-07-2026,,,,,Waiting,,,,,,0.15,,,RD243,,,
,21-07-2026,,,,,LU Loading,,,,,,3.28,,,RD243,,,
,21-07-2026,,,,,LU Loading,,,,,,3.23,,,RD229,,,
,21-07-2026,,,,,Waiting,,,,,,0.18,,,RD241,,,
,21-07-2026,,,,,LU Loading,,,,,,2.52,,,RD241,,,
,21-07-2026,,,,,LU Loading,,,,,,2.8,,,RD250,,,
,21-07-2026,,,,,LU Loading,,,,,,2.78,,,RD243,,,
,21-07-2026,,,,,LU Loading,,,,,,3.28,,,RD229,,,
,21-07-2026,,,,,Waiting,,,,,,0.33,,,RD241,,,
,21-07-2026,,,,,LU Loading,,,,,,2.27,,,RD241,,,
,21-07-2026,,,,,Spotting,,,,,,0.3,,,RD250,,,
,21-07-2026,,,,,LU Loading,,,,,,2.3,,,RD250,,,
,21-07-2026,,,,,Spotting,,,,,,0.35,,,RD243,,,
,21-07-2026,,,,,LU Loading,,,,,,2.53,,,RD243,,,
,21-07-2026,,,,,Waiting,,,,,,0.32,,,RD241,,,
,21-07-2026,,,,,LU Loading,,,,,,2.57,,,RD241,,,
,21-07-2026,,,,,Waiting,,,,,,1.13,,,RD250,,,
,21-07-2026,,,,,LU Loading,,,,,,2.45,,,RD250,,,
,21-07-2026,,,,,Waiting,,,,,,0.8,,,RD243,,,
,21-07-2026,,,,,LU Loading,,,,,,2.63,,,RD243,,,
,21-07-2026,,,,,LU Loading,,,,,,2.93,,,RD229,,,
,21-07-2026,,,,,Waiting,,,,,,0.17,,,RD241,,,
,21-07-2026,,,,,Spotting,,,,,,0.78,,,RD241,,,
,21-07-2026,,,,,LU Loading,,,,,,3.23,,,RD241,,,
,21-07-2026,,,,,LU Loading,,,,,,2.97,,,RD250,,,
,21-07-2026,,,,,Waiting,,,,,,0.12,,,RD243,,,
,21-07-2026,,,,,Spotting,,,,,,0.37,,,RD243,,,
,21-07-2026,,,,,LU Loading,,,,,,2.57,,,RD243,,,
,21-07-2026,,,,,Waiting,,,,,,0.28,,,RD241,,,
,21-07-2026,,,,,LU Loading,,,,,,3.1,,,RD241,,,
,21-07-2026,,,,,Waiting,,,,,,0.8,,,RD250,,,
,21-07-2026,,,,,LU Loading,,,,,,2.88,,,RD250,,,
,21-07-2026,,,,,LU Loading,,,,,,3.55,,,RD229,,,
,21-07-2026,,,,,Waiting,,,,,,0.18,,,RD243,,,
,21-07-2026,,,,,LU Loading,,,,,,2.68,,,RD243,,,
,21-07-2026,,,,,Spotting,,,,,,0.13,,,RD241,,,
,21-07-2026,,,,,LU Loading,,,,,,3.9,,,RD241,,,
,21-07-2026,,,,,LU Loading,,,,,,10.65,,,RD250,,,
,21-07-2026,,,,,LU Loading,,,,,,3.8,,,RD243,,,
,21-07-2026,,,,,Spotting,,,,,,0.72,,,RD241,,,
,21-07-2026,,,,,LU Loading,,,,,,2.77,,,RD241,,,
,21-07-2026,,,,,Waiting,,,,,,0.77,,,RD230,,,
,21-07-2026,,,,,LU Loading,,,,,,2.27,,,RD230,,,
,21-07-2026,,,,,Waiting,,,,,,0.88,,,RD229,,,
,21-07-2026,,,,,LU Loading,,,,,,2.78,,,RD229,,,
,21-07-2026,,,,,LU Loading,,,,,,3.02,,,RD250,,,
,21-07-2026,,,,,Spotting,,,,,,0.15,,,RD243,,,
,21-07-2026,,,,,LU Loading,,,,,,2.98,,,RD243,,,
,21-07-2026,,,,,Waiting,,,,,,4.58,,,RD230,,,
,21-07-2026,,,,,LU Loading,,,,,,3.47,,,RD230,,,
,21-07-2026,,,,,LU Loading,,,,,,2.78,,,RD250,,,
,21-07-2026,,,,,Spotting,,,,,,0.23,,,RD243,,,
,21-07-2026,,,,,LU Loading,,,,,,3.27,,,RD243,,,
,21-07-2026,,,,,Spotting,,,,,,0.2,,,RD231,,,
,21-07-2026,,,,,LU Loading,,,,,,2.8,,,RD231,,,
,21-07-2026,,,,,Waiting,,,,,,7.3,,,RD230,,,
,21-07-2026,,,,,LU Loading,,,,,,2.63,,,RD230,,,
,21-07-2026,,,,,Waiting,,,,,,3.65,,,RD243,,,
,21-07-2026,,,,,LU Loading,,,,,,2.75,,,RD243,,,
,21-07-2026,,,,,Waiting,,,,,,0.87,,,RD250,,,
,21-07-2026,,,,,LU Loading,,,,,,2.43,,,RD250,,,
,21-07-2026,,,,,Waiting,,,,,,1.07,,,RD231,,,
,21-07-2026,,,,,LU Loading,,,,,,3,,,RD231,,,
,21-07-2026,,,,,Waiting,,,,,,2.37,,,RD230,,,
,21-07-2026,,,,,Spotting,,,,,,0.17,,,RD230,,,
,21-07-2026,,,,,LU Loading,,,,,,2.88,,,RD230,,,
,21-07-2026,,,,,Waiting,,,,,,3.63,,,RD243,,,
,21-07-2026,,,,,LU Loading,,,,,,3.1,,,RD243,,,
,21-07-2026,,,,,Waiting,,,,,,4.85,,,RD229,,,
,21-07-2026,,,,,LU Loading,,,,,,3.43,,,RD229,,,
,21-07-2026,,,,,Waiting,,,,,,0.77,,,RD231,,,
,21-07-2026,,,,,LU Loading,,,,,,3.18,,,RD231,,,
,21-07-2026,,,,,Waiting,,,,,,9.57,,,RD243,,,
,21-07-2026,,,,,Spotting,,,,,,0.3,,,RD243,,,
,21-07-2026,,,,,LU Loading,,,,,,2.52,,,RD243,,,
,21-07-2026,,,,,Waiting,,,,,,1.1,,,RD229,,,
,21-07-2026,,,,,LU Loading,,,,,,2.23,,,RD229,,,
,21-07-2026,,,,,Spotting,,,,,,0.13,,,RD250,,,
,21-07-2026,,,,,LU Loading,,,,,,2.2,,,RD250,,,
,21-07-2026,,,,,Waiting,,,,,,7.52,,,RD250,,,
,21-07-2026,,,,,LU Loading,,,,,,2.43,,,RD250,,,
,21-07-2026,,,,,Waiting,,,,,,1.37,,,RD243,,,
,21-07-2026,,,,,Spotting,,,,,,0.2,,,RD243,,,
,21-07-2026,,,,,LU Loading,,,,,,10.17,,,RD243,,,
,21-07-2026,,,,,Spotting,,,,,,0.3,,,RD250,,,
,21-07-2026,,,,,LU Loading,,,,,,2.73,,,RD250,,,
,21-07-2026,,,,,Spotting,,,,,,0.28,,,RD229,,,
,21-07-2026,,,,,LU Loading,,,,,,2.63,,,RD229,,,
,21-07-2026,,,,,Waiting,,,,,,0.03,,,RD241,,,
,21-07-2026,,,,,LU Loading,,,,,,3.02,,,RD241,,,
,21-07-2026,,,,,Spotting,,,,,,0.25,,,RD250,,,
,21-07-2026,,,,,LU Loading,,,,,,2.42,,,RD250,,,
,21-07-2026,,,,,Spotting,,,,,,0.28,,,RD229,,,
,21-07-2026,,,,,LU Loading,,,,,,2.57,,,RD229,,,
,21-07-2026,,,,,Spotting,,,,,,0.1,,,RD231,,,
,21-07-2026,,,,,LU Loading,,,,,,2.5,,,RD231,,,
,21-07-2026,,,,,Waiting,,,,,,0.3,,,RD241,,,
,21-07-2026,,,,,LU Loading,,,,,,2.78,,,RD241,,,
,21-07-2026,,,,,Spotting,,,,,,0.18,,,RD243,,,
,21-07-2026,,,,,LU Loading,,,,,,2.82,,,RD243,,,
,21-07-2026,,,,,Spotting,,,,,,0.57,,,RD250,,,
,21-07-2026,,,,,LU Loading,,,,,,2.42,,,RD250,,,
,21-07-2026,,,,,Spotting,,,,,,0.17,,,RD229,,,
,21-07-2026,,,,,LU Loading,,,,,,3.37,,,RD229,,,
,21-07-2026,,,,,Waiting,,,,,,2.92,,,RD250,,,
,21-07-2026,,,,,LU Loading,,,,,,2.9,,,RD250,,,
,21-07-2026,,,,,Waiting,,,,,,0.32,,,RD229,,,
,21-07-2026,,,,,LU Loading,,,,,,2.7,,,RD229,,,
,21-07-2026,,,,,Spotting,,,,,,0.2,,,RD231,,,
,21-07-2026,,,,,LU Loading,,,,,,2.93,,,RD231,,,
,21-07-2026,,,,,LU Loading,,,,,,2.18,,,RD250,,,
,21-07-2026,,,,,Waiting,,,,,,0.3,,,RD241,,,
,21-07-2026,,,,,LU Loading,,,,,,2.68,,,RD241,,,
,21-07-2026,,,,,Waiting,,,,,,0.12,,,RD243,,,
,21-07-2026,,,,,LU Loading,,,,,,2.6,,,RD243,,,
,21-07-2026,,,,,Spotting,,,,,,0.18,,,RD229,,,
,21-07-2026,,,,,LU Loading,,,,,,3.23,,,RD229,,,
,21-07-2026,,,,,Waiting,,,,,,6.62,,,RD250,,,
,21-07-2026,,,,,LU Loading,,,,,,2.68,,,RD250,,,
,21-07-2026,,,,,Waiting,,,,,,0.18,,,RD231,,,
,21-07-2026,,,,,Spotting,,,,,,0.3,,,RD231,,,
,21-07-2026,,,,,LU Loading,,,,,,2.62,,,RD231,,,
,21-07-2026,,,,,Spotting,,,,,,0.1,,,RD250,,,
,21-07-2026,,,,,LU Loading,,,,,,2.53,,,RD250,,,
,21-07-2026,,,,,Waiting,,,,,,0.38,,,RD241,,,
,21-07-2026,,,,,LU Loading,,,,,,2.93,,,RD241,,,
,21-07-2026,,,,,Waiting,,,,,,0.12,,,RD243,,,
,21-07-2026,,,,,Spotting,,,,,,0.38,,,RD243,,,
,21-07-2026,,,,,LU Loading,,,,,,2.5,,,RD243,,,
,21-07-2026,,,,,Spotting,,,,,,0.2,,,RD229,,,
,21-07-2026,,,,,LU Loading,,,,,,2.92,,,RD229,,,
,21-07-2026,,,,,Waiting,,,,,,4.73,,,RD250,,,
,21-07-2026,,,,,LU Loading,,,,,,1.77,,,RD250,,,
,21-07-2026,,,,,Waiting,,,,,,2.78,,,RD231,,,
,21-07-2026,,,,,LU Loading,,,,,,2.53,,,RD231,,,
,21-07-2026,,,,,Waiting,,,,,,2.42,,,RD241,,,
,21-07-2026,,,,,LU Loading,,,,,,2.92,,,RD241,,,
,21-07-2026,,,,,Waiting,,,,,,0.22,,,RD243,,,
,21-07-2026,,,,,LU Loading,,,,,,3.08,,,RD243,,,
,21-07-2026,,,,,Waiting,,,,,,0.82,,,RD250,,,
,21-07-2026,,,,,LU Loading,,,,,,0.93,,,RD250,,,
,21-07-2026,,,,,Waiting,,,,,,1.75,,,RD229,,,
,21-07-2026,,,,,Spotting,,,,,,0.7,,,RD229,,,
,21-07-2026,,,,,LU Loading,,,,,,2.55,,,RD229,,,
,21-07-2026,,,,,Waiting,,,,,,8.52,,,RD230,,,
,21-07-2026,,,,,Marching,,,,,,0.13,,,RD230,,,
,21-07-2026,,,,,Shift Change,,,,,,28.03,,,RD230,,,
,21-07-2026,,,,,Shift Change,,,,,,44.2,,,RD230,,,
,21-07-2026,,,,,LU Loading,,,,,,4.28,,,RD230,,,
,21-07-2026,,,,,Waiting,,,,,,5.3,,,RD233,,,
,21-07-2026,,,,,LU Loading,,,,,,3.77,,,RD233,,,
,21-07-2026,,,,,Waiting,,,,,,1.07,,,RD228,,,
,21-07-2026,,,,,LU Loading,,,,,,3.1,,,RD228,,,
,21-07-2026,,,,,Waiting,,,,,,3.25,,,RD238,,,
,21-07-2026,,,,,LU Loading,,,,,,4.65,,,RD238,,,
,21-07-2026,,,,,Waiting,,,,,,5.63,,,RD230,,,
,21-07-2026,,,,,LU Loading,,,,,,2.98,,,RD230,,,
,21-07-2026,,,,,Waiting,,,,,,1.07,,,RD233,,,
,21-07-2026,,,,,LU Loading,,,,,,3.68,,,RD233,,,
,21-07-2026,,,,,LU Loading,,,,,,3.8,,,RD234,,,
,21-07-2026,,,,,Waiting,,,,,,0.97,,,RD228,,,
,21-07-2026,,,,,Spotting,,,,,,0.27,,,RD228,,,
,21-07-2026,,,,,LU Loading,,,,,,2.85,,,RD228,,,
,21-07-2026,,,,,Waiting,,,,,,8.27,,,RD238,,,
,21-07-2026,,,,,LU Loading,,,,,,3.88,,,RD238,,,
,21-07-2026,,,,,Waiting,,,,,,2.23,,,RD230,,,
,21-07-2026,,,,,LU Loading,,,,,,4.17,,,RD230,,,
,21-07-2026,,,,,Waiting,,,,,,1.32,,,RD233,,,
,21-07-2026,,,,,LU Loading,,,,,,3.32,,,RD233,,,
,21-07-2026,,,,,Waiting,,,,,,1.35,,,RD234,,,
,21-07-2026,,,,,LU Loading,,,,,,4.82,,,RD234,,,
,22-07-2026,,,,,Waiting,,,,,,1.2,,,RD228,,,
,22-07-2026,,,,,Spotting,,,,,,0.43,,,RD228,,,
,22-07-2026,,,,,LU Loading,,,,,,3.42,,,RD228,,,
,22-07-2026,,,,,Waiting,,,,,,10.55,,,RD238,,,
,22-07-2026,,,,,LU Loading,,,,,,3.93,,,RD238,,,
,22-07-2026,,,,,Waiting,,,,,,1.22,,,RD230,,,
,22-07-2026,,,,,LU Loading,,,,,,4.6,,,RD230,,,
,22-07-2026,,,,,Waiting,,,,,,1,,,RD233,,,
,22-07-2026,,,,,LU Loading,,,,,,3.93,,,RD233,,,
,22-07-2026,,,,,Waiting,,,,,,3.55,,,RD234,,,
,22-07-2026,,,,,LU Loading,,,,,,3.9,,,RD234,,,
,22-07-2026,,,,,Waiting,,,,,,1.52,,,RD228,,,
,22-07-2026,,,,,LU Loading,,,,,,4.02,,,RD228,,,
,22-07-2026,,,,,Waiting,,,,,,12.52,,,RD238,,,
,22-07-2026,,,,,LU Loading,,,,,,4.08,,,RD238,,,
,22-07-2026,,,,,Waiting,,,,,,0.95,,,RD230,,,
,22-07-2026,,,,,LU Loading,,,,,,4.53,,,RD230,,,
,22-07-2026,,,,,Waiting,,,,,,1.2,,,RD234,,,
,22-07-2026,,,,,Spotting,,,,,,0.43,,,RD234,,,
,22-07-2026,,,,,LU Loading,,,,,,3.83,,,RD234,,,
,22-07-2026,,,,,Waiting,,,,,,0.87,,,RD233,,,
,22-07-2026,,,,,LU Loading,,,,,,4.38,,,RD233,,,
,22-07-2026,,,,,Waiting,,,,,,2.42,,,RD234,,,
,22-07-2026,,,,,Spotting,,,,,,0.35,,,RD234,,,
,22-07-2026,,,,,LU Loading,,,,,,3.75,,,RD234,,,
,22-07-2026,,,,,Waiting,,,,,,1.23,,,RD238,,,
,22-07-2026,,,,,LU Loading,,,,,,5.68,,,RD238,,,
,22-07-2026,,,,,LU Loading,,,,,,4.63,,,RD234,,,
,22-07-2026,,,,,Waiting,,,,,,9.23,,,RD234,,,
,22-07-2026,,,,,LU Loading,,,,,,3.5,,,RD234,,,
,22-07-2026,,,,,Waiting,,,,,,0.92,,,RD233,,,
,22-07-2026,,,,,Spotting,,,,,,0.13,,,RD233,,,
,22-07-2026,,,,,LU Loading,,,,,,5.15,,,RD233,,,
,22-07-2026,,,,,Waiting,,,,,,21.97,,,RD230,,,
,22-07-2026,,,,,Tea/ Breakfast / Snacks,,,,,,83.47,,,RD230,,,
,22-07-2026,,,,,LU Loading,,,,,,3.42,,,RD230,,,
,22-07-2026,,,,,Waiting,,,,,,1.07,,,RD234,,,
,22-07-2026,,,,,LU Loading,,,,,,4.23,,,RD234,,,
,22-07-2026,,,,,Waiting,,,,,,1.23,,,RD228,,,
,22-07-2026,,,,,LU Loading,,,,,,5.02,,,RD228,,,
,22-07-2026,,,,,Waiting,,,,,,0.93,,,RD233,,,
,22-07-2026,,,,,LU Loading,,,,,,3.43,,,RD233,,,
,22-07-2026,,,,,Waiting,,,,,,6.15,,,RD238,,,
,22-07-2026,,,,,LU Loading,,,,,,3.82,,,RD238,,,
,22-07-2026,,,,,LU Loading,,,,,,3.68,,,RD234,,,
,22-07-2026,,,,,Waiting,,,,,,0.02,,,RD230,,,
,22-07-2026,,,,,LU Loading,,,,,,4.2,,,RD230,,,
,22-07-2026,,,,,Waiting,,,,,,1.17,,,RD228,,,
,22-07-2026,,,,,LU Loading,,,,,,3.53,,,RD228,,,
,22-07-2026,,,,,Waiting,,,,,,0.95,,,RD233,,,
,22-07-2026,,,,,Spotting,,,,,,0.33,,,RD233,,,
,22-07-2026,,,,,LU Loading,,,,,,3.9,,,RD233,,,
,22-07-2026,,,,,Waiting,,,,,,3.78,,,RD234,,,
,22-07-2026,,,,,LU Loading,,,,,,5,,,RD234,,,
,22-07-2026,,,,,Spotting,,,,,,1.48,,,RD238,,,
,22-07-2026,,,,,LU Loading,,,,,,3.62,,,RD238,,,
,22-07-2026,,,,,Waiting,,,,,,0.87,,,RD230,,,
,22-07-2026,,,,,Spotting,,,,,,1.12,,,RD230,,,
,22-07-2026,,,,,LU Loading,,,,,,4.18,,,RD230,,,
,22-07-2026,,,,,Waiting,,,,,,2.6,,,RD228,,,
,22-07-2026,,,,,Spotting,,,,,,0.38,,,RD228,,,
,22-07-2026,,,,,LU Loading,,,,,,3.5,,,RD228,,,
,22-07-2026,,,,,Waiting,,,,,,1.18,,,RD233,,,
,22-07-2026,,,,,LU Loading,,,,,,3.42,,,RD233,,,
,22-07-2026,,,,,Waiting,,,,,,1.53,,,RD234,,,
,22-07-2026,,,,,LU Loading,,,,,,4.43,,,RD234,,,
,22-07-2026,,,,,Waiting,,,,,,5.53,,,RD230,,,
,22-07-2026,,,,,LU Loading,,,,,,3.82,,,RD230,,,
,22-07-2026,,,,,Waiting,,,,,,1.27,,,RD238,,,
,22-07-2026,,,,,LU Loading,,,,,,5.2,,,RD238,,,
,22-07-2026,,,,,Waiting,,,,,,0.88,,,RD228,,,
,22-07-2026,,,,,LU Loading,,,,,,3.07,,,RD228,,,
,22-07-2026,,,,,Waiting,,,,,,1.63,,,RD234,,,
,22-07-2026,,,,,LU Loading,,,,,,2.65,,,RD234,,,
,22-07-2026,,,,,Waiting,,,,,,4.58,,,RD241,,,
,22-07-2026,,,,,Shift Change,,,,,,28.47,,,RD241,,,
,22-07-2026,,,,,,,,,,,,,,,,,
,Timestamp,,,,,Status Code,,Sub-Status Code,,,,"Duration
(min)",,,Hauling Unit,,,
,22-07-2026,,,,,Shift Change,,,,,,41.37,,,RD241,,,
,22-07-2026,,,,,Waiting,,,,,,5.25,,,RD241,,,
,22-07-2026,,,,,LU Loading,,,,,,3.97,,,RD241,,,
,22-07-2026,,,,,Waiting,,,,,,5.25,,,RD250,,,
,22-07-2026,,,,,LU Loading,,,,,,3.3,,,RD250,,,
,22-07-2026,,,,,Waiting,,,,,,1.4,,,RD246,,,
,22-07-2026,,,,,LU Loading,,,,,,3.75,,,RD246,,,
,22-07-2026,,,,,Waiting,,,,,,1.33,,,RD233,,,
,22-07-2026,,,,,LU Loading,,,,,,2.92,,,RD233,,,
,22-07-2026,,,,,Waiting,,,,,,7.45,,,RD241,,,
,22-07-2026,,,,,Spotting,,,,,,0.25,,,RD241,,,
,22-07-2026,,,,,LU Loading,,,,,,3.02,,,RD241,,,
,22-07-2026,,,,,Waiting,,,,,,4,,,RD250,,,
,22-07-2026,,,,,Spotting,,,,,,0.35,,,RD250,,,
,22-07-2026,,,,,LU Loading,,,,,,2.92,,,RD250,,,
,22-07-2026,,,,,Waiting,,,,,,4.97,,,RD246,,,
,22-07-2026,,,,,LU Loading,,,,,,2.88,,,RD246,,,
,22-07-2026,,,,,Waiting,,,,,,1.48,,,RD233,,,
,22-07-2026,,,,,LU Loading,,,,,,3.02,,,RD233,,,
,22-07-2026,,,,,Waiting,,,,,,13.65,,,RD241,,,
,22-07-2026,,,,,LU Loading,,,,,,3.7,,,RD241,,,
,22-07-2026,,,,,Waiting,,,,,,0.92,,,RD250,,,
,22-07-2026,,,,,LU Loading,,,,,,3.05,,,RD250,,,
,22-07-2026,,,,,Waiting,,,,,,2.47,,,RD246,,,
,22-07-2026,,,,,LU Loading,,,,,,3.23,,,RD246,,,
,22-07-2026,,,,,Waiting,,,,,,0.52,,,RD233,,,
,22-07-2026,,,,,LU Loading,,,,,,3.67,,,RD233,,,
,22-07-2026,,,,,Waiting,,,,,,11.1,,,RD241,,,
,22-07-2026,,,,,Spotting,,,,,,0.28,,,RD241,,,
,22-07-2026,,,,,LU Loading,,,,,,3.75,,,RD241,,,
,22-07-2026,,,,,Waiting,,,,,,0.27,,,RD250,,,
,22-07-2026,,,,,LU Loading,,,,,,2.73,,,RD250,,,
,22-07-2026,,,,,Waiting,,,,,,0.52,,,RD236,,,
,22-07-2026,,,,,LU Loading,,,,,,2.78,,,RD236,,,
,22-07-2026,,,,,Waiting,,,,,,0.33,,,RD246,,,
,22-07-2026,,,,,Spotting,,,,,,0.27,,,RD246,,,
,22-07-2026,,,,,LU Loading,,,,,,2.85,,,RD246,,,
,22-07-2026,,,,,Waiting,,,,,,7.17,,,RD233,,,
,22-07-2026,,,,,LU Loading,,,,,,3.75,,,RD233,,,
,22-07-2026,,,,,Waiting,,,,,,4.03,,,RD250,,,
,22-07-2026,,,,,LU Loading,,,,,,3.52,,,RD250,,,
,22-07-2026,,,,,LU Loading,,,,,,3.55,,,RD241,,,
,22-07-2026,,,,,Waiting,,,,,,1.28,,,RD246,,,
,22-07-2026,,,,,LU Loading,,,,,,2.98,,,RD246,,,
,22-07-2026,,,,,Waiting,,,,,,6.9,,,RD233,,,
,22-07-2026,,,,,LU Loading,,,,,,2.78,,,RD233,,,
,22-07-2026,,,,,Waiting,,,,,,9.1,,,RD250,,,
,22-07-2026,,,,,LU Loading,,,,,,3.4,,,RD250,,,
,22-07-2026,,,,,Waiting,,,,,,0.2,,,RD246,,,
,22-07-2026,,,,,Spotting,,,,,,0.65,,,RD246,,,
,22-07-2026,,,,,LU Loading,,,,,,2.93,,,RD246,,,
,22-07-2026,,,,,Spotting,,,,,,0.42,,,RD233,,,
,22-07-2026,,,,,LU Loading,,,,,,2.87,,,RD233,,,
,22-07-2026,,,,,Waiting,,,,,,2.88,,,RD236,,,
,22-07-2026,,,,,LU Loading,,,,,,3.17,,,RD236,,,
,22-07-2026,,,,,Waiting,,,,,,5.78,,,RD250,,,
,22-07-2026,,,,,LU Loading,,,,,,3.03,,,RD250,,,
,22-07-2026,,,,,Waiting,,,,,,11.85,,,RD241,,,
,22-07-2026,,,,,LU Loading,,,,,,3.43,,,RD241,,,
,22-07-2026,,,,,Spotting,,,,,,0.48,,,RD236,,,
,22-07-2026,,,,,LU Loading,,,,,,4.08,,,RD236,,,
,22-07-2026,,,,,Waiting,,,,,,11.82,,,RD246,,,
,22-07-2026,,,,,LU Loading,,,,,,3.77,,,RD246,,,
,22-07-2026,,,,,Waiting,,,,,,3.6,,,RD241,,,
,22-07-2026,,,,,LU Loading,,,,,,3.17,,,RD241,,,
,22-07-2026,,,,,Waiting,,,,,,0.82,,,RD233,,,
,22-07-2026,,,,,LU Loading,,,,,,3.67,,,RD233,,,
,22-07-2026,,,,,LU Loading,,,,,,7,,,RD236,,,
,22-07-2026,,,,,Waiting,,,,,,0.73,,,RD250,,,
,22-07-2026,,,,,Spotting,,,,,,0.42,,,RD250,,,
,22-07-2026,,,,,LU Loading,,,,,,3.43,,,RD250,,,
,22-07-2026,,,,,Waiting,,,,,,0.9,,,RD246,,,
,22-07-2026,,,,,LU Loading,,,,,,3.82,,,RD246,,,
,22-07-2026,,,,,Waiting,,,,,,6.35,,,RD241,,,
,22-07-2026,,,,,LU Loading,,,,,,3.4,,,RD241,,,
,22-07-2026,,,,,Waiting,,,,,,3.97,,,RD236,,,
,22-07-2026,,,,,LU Loading,,,,,,3.15,,,RD236,,,
,22-07-2026,,,,,Waiting,,,,,,0.87,,,RD250,,,
,22-07-2026,,,,,LU Loading,,,,,,2.77,,,RD250,,,
,22-07-2026,,,,,Waiting,,,,,,1.97,,,RD246,,,
,22-07-2026,,,,,LU Loading,,,,,,3.35,,,RD246,,,
,22-07-2026,,,,,Waiting,,,,,,9.52,,,RD233,,,
,22-07-2026,,,,,LU Loading,,,,,,3.45,,,RD233,,,
,22-07-2026,,,,,Waiting,,,,,,1.28,,,RD241,,,
,22-07-2026,,,,,LU Loading,,,,,,2.65,,,RD241,,,
,22-07-2026,,,,,Waiting,,,,,,2.28,,,RD236,,,
,22-07-2026,,,,,LU Loading,,,,,,3.45,,,RD236,,,
,22-07-2026,,,,,Waiting,,,,,,0.75,,,RD250,,,
,22-07-2026,,,,,LU Loading,,,,,,3.7,,,RD250,,,
,22-07-2026,,,,,Waiting,,,,,,11.83,,,RD233,,,
,22-07-2026,,,,,LU Loading,,,,,,3.5,,,RD233,,,
,22-07-2026,,,,,Waiting,,,,,,11.2,,,RD236,,,
,22-07-2026,,,,,LU Loading,,,,,,3.78,,,RD236,,,
,22-07-2026,,,,,Waiting,,,,,,1.08,,,RD250,,,
,22-07-2026,,,,,LU Loading,,,,,,2.98,,,RD250,,,
,22-07-2026,,,,,Waiting,,,,,,0.62,,,RD246,,,
,22-07-2026,,,,,Spotting,,,,,,0.68,,,RD246,,,
,22-07-2026,,,,,LU Loading,,,,,,3.7,,,RD246,,,
,22-07-2026,,,,,Waiting,,,,,,1.2,,,RD233,,,
,22-07-2026,,,,,Spotting,,,,,,0.5,,,RD233,,,
,22-07-2026,,,,,LU Loading,,,,,,7.07,,,RD233,,,
,22-07-2026,,,,,Waiting,,,,,,3.63,,,RD241,,,
,22-07-2026,,,,,LU Loading,,,,,,2.85,,,RD241,,,
,22-07-2026,,,,,Waiting,,,,,,0.63,,,RD236,,,
,22-07-2026,,,,,LU Loading,,,,,,2.53,,,RD236,,,
,22-07-2026,,,,,Waiting,,,,,,1.05,,,RD250,,,
,22-07-2026,,,,,LU Loading,,,,,,2.6,,,RD250,,,
,22-07-2026,,,,,Waiting,,,,,,0.43,,,RD246,,,
,22-07-2026,,,,,LU Loading,,,,,,2.75,,,RD246,,,
,22-07-2026,,,,,Waiting,,,,,,11.08,,,RD241,,,
,22-07-2026,,,,,Spotting,,,,,,0.37,,,RD241,,,
,22-07-2026,,,,,LU Loading,,,,,,2.67,,,RD241,,,
,22-07-2026,,,,,Waiting,,,,,,0.35,,,RD233,,,
,22-07-2026,,,,,LU Loading,,,,,,2.95,,,RD233,,,
,22-07-2026,,,,,Waiting,,,,,,0.38,,,RD236,,,
,22-07-2026,,,,,LU Loading,,,,,,2.62,,,RD236,,,
,22-07-2026,,,,,Waiting,,,,,,0.83,,,RD250,,,
,22-07-2026,,,,,LU Loading,,,,,,2.42,,,RD250,,,
,22-07-2026,,,,,Waiting,,,,,,0.1,,,RD233,,,
,22-07-2026,,,,,Marching,,,,,,20.55,,,RD233,,,
,22-07-2026,,,,,Shift Change,,,,,,29.82,,,RD233,,,
,22-07-2026,,,,,Shift Change,,,,,,144.58,,,RD233,,,
,22-07-2026,,,,,Daily Service,,,,,,145.72,,,RD233,,,
,22-07-2026,,,,,Waiting,,,,,,3.42,,,RD233,,,
,22-07-2026,,,,,Marching,,,,,,10.53,,,RD233,,,
,22-07-2026,,,,,LU Loading,,,,,,5.17,,,RD233,,,
,22-07-2026,,,,,Waiting,,,,,,0.13,,,RD235,,,
,22-07-2026,,,,,Spotting,,,,,,0.15,,,RD235,,,
,22-07-2026,,,,,LU Loading,,,,,,3.4,,,RD235,,,
,22-07-2026,,,,,Waiting,,,,,,10.63,,,RD243,,,
,22-07-2026,,,,,LU Loading,,,,,,3.12,,,RD243,,,
,22-07-2026,,,,,Waiting,,,,,,3.02,,,RD242,,,
,22-07-2026,,,,,LU Loading,,,,,,3.17,,,RD242,,,
,22-07-2026,,,,,Waiting,,,,,,0.32,,,RD235,,,
,22-07-2026,,,,,LU Loading,,,,,,3.1,,,RD235,,,
,22-07-2026,,,,,Waiting,,,,,,0.85,,,RD253,,,
,22-07-2026,,,,,LU Loading,,,,,,4.22,,,RD253,,,
,22-07-2026,,,,,Waiting,,,,,,11.2,,,RD243,,,
,22-07-2026,,,,,LU Loading,,,,,,4.35,,,RD243,,,
,22-07-2026,,,,,Spotting,,,,,,0.27,,,RD242,,,
,22-07-2026,,,,,LU Loading,,,,,,3.03,,,RD242,,,
,22-07-2026,,,,,Waiting,,,,,,0.55,,,RD246,,,
,22-07-2026,,,,,LU Loading,,,,,,3.65,,,RD246,,,
,22-07-2026,,,,,Spotting,,,,,,0.05,,,RD235,,,
,22-07-2026,,,,,LU Loading,,,,,,3.72,,,RD235,,,
,22-07-2026,,,,,Waiting,,,,,,0.22,,,RD253,,,
,22-07-2026,,,,,Spotting,,,,,,0.62,,,RD253,,,
,22-07-2026,,,,,LU Loading,,,,,,4.5,,,RD253,,,
,22-07-2026,,,,,Waiting,,,,,,7.37,,,RD243,,,
,22-07-2026,,,,,LU Loading,,,,,,3.33,,,RD243,,,
,22-07-2026,,,,,Waiting,,,,,,1.05,,,RD242,,,
,22-07-2026,,,,,LU Loading,,,,,,3.25,,,RD242,,,
,22-07-2026,,,,,Waiting,,,,,,1.05,,,RD246,,,
,22-07-2026,,,,,Spotting,,,,,,0.3,,,RD246,,,
,22-07-2026,,,,,LU Loading,,,,,,4.15,,,RD246,,,
,22-07-2026,,,,,Waiting,,,,,,0.12,,,RD235,,,
,22-07-2026,,,,,Spotting,,,,,,0.17,,,RD235,,,
,22-07-2026,,,,,LU Loading,,,,,,3.65,,,RD235,,,
,22-07-2026,,,,,Waiting,,,,,,0.47,,,RD253,,,
,22-07-2026,,,,,Spotting,,,,,,0.38,,,RD253,,,
,22-07-2026,,,,,LU Loading,,,,,,3.05,,,RD253,,,
,22-07-2026,,,,,Waiting,,,,,,4.1,,,RD243,,,
,22-07-2026,,,,,LU Loading,,,,,,3.12,,,RD243,,,
,22-07-2026,,,,,Waiting,,,,,,2.4,,,RD242,,,
,22-07-2026,,,,,LU Loading,,,,,,3.33,,,RD242,,,
,22-07-2026,,,,,Waiting,,,,,,2.43,,,RD246,,,
,22-07-2026,,,,,LU Loading,,,,,,3.43,,,RD246,,,
,22-07-2026,,,,,Waiting,,,,,,1.48,,,RD235,,,
,22-07-2026,,,,,LU Loading,,,,,,3.82,,,RD235,,,
,22-07-2026,,,,,Waiting,,,,,,1.55,,,RD253,,,
,22-07-2026,,,,,LU Loading,,,,,,3.37,,,RD253,,,
,22-07-2026,,,,,Waiting,,,,,,1.22,,,RD243,,,
,22-07-2026,,,,,LU Loading,,,,,,4.52,,,RD243,,,
,22-07-2026,,,,,Waiting,,,,,,19.45,,,RD237,,,
,22-07-2026,,,,,Shift Change,,,,,,23.78,,,RD237,,,
,22-07-2026,,,,,Shift Change,,,,,,52,,,RD237,,,
,22-07-2026,,,,,Waiting,,,,,,0.02,,,RD237,,,
,22-07-2026,,,,,LU Loading,,,,,,3.28,,,RD237,,,
,22-07-2026,,,,,Waiting,,,,,,2.7,,,RD250,,,
,22-07-2026,,,,,LU Loading,,,,,,3.63,,,RD250,,,
,22-07-2026,,,,,Waiting,,,,,,1.33,,,RD236,,,
,22-07-2026,,,,,LU Loading,,,,,,3.83,,,RD236,,,
,22-07-2026,,,,,Waiting,,,,,,1.45,,,RD231,,,
,22-07-2026,,,,,LU Loading,,,,,,3.5,,,RD231,,,
,22-07-2026,,,,,Waiting,,,,,,1.63,,,RD251,,,
,22-07-2026,,,,,LU Loading,,,,,,3.73,,,RD251,,,
,22-07-2026,,,,,Waiting,,,,,,1.47,,,RD237,,,
,22-07-2026,,,,,Spotting,,,,,,0.35,,,RD237,,,
,22-07-2026,,,,,LU Loading,,,,,,3.92,,,RD237,,,
,22-07-2026,,,,,Waiting,,,,,,2.1,,,RD250,,,
,22-07-2026,,,,,Spotting,,,,,,0.28,,,RD250,,,
,22-07-2026,,,,,LU Loading,,,,,,4.2,,,RD250,,,
,22-07-2026,,,,,Waiting,,,,,,2.17,,,RD236,,,
,22-07-2026,,,,,Face Prep,,,,,,4.92,,,RD236,,,
,22-07-2026,,,,,LU Loading,,,,,,3.15,,,RD236,,,
,22-07-2026,,,,,Waiting,,,,,,1.5,,,RD231,,,
,22-07-2026,,,,,LU Loading,,,,,,4.38,,,RD231,,,
,22-07-2026,,,,,Waiting,,,,,,1.95,,,RD251,,,
,22-07-2026,,,,,LU Loading,,,,,,4.08,,,RD251,,,
,22-07-2026,,,,,Waiting,,,,,,3.05,,,RD237,,,
,22-07-2026,,,,,LU Loading,,,,,,3.87,,,RD237,,,
,22-07-2026,,,,,Waiting,,,,,,0.05,,,RD250,,,
,22-07-2026,,,,,Spotting,,,,,,0.27,,,RD250,,,
,22-07-2026,,,,,LU Loading,,,,,,3.05,,,RD250,,,
,23-07-2026,,,,,Waiting,,,,,,0.53,,,RD236,,,
,23-07-2026,,,,,Spotting,,,,,,0.3,,,RD236,,,
,23-07-2026,,,,,LU Loading,,,,,,2.9,,,RD236,,,
,23-07-2026,,,,,Waiting,,,,,,1.62,,,RD237,,,
,23-07-2026,,,,,LU Loading,,,,,,4.38,,,RD237,,,
,23-07-2026,,,,,Waiting,,,,,,7.28,,,RD230,,,
,23-07-2026,,,,,LU Loading,,,,,,3.17,,,RD230,,,
,23-07-2026,,,,,Waiting,,,,,,0.43,,,RD251,,,
,23-07-2026,,,,,Spotting,,,,,,0.25,,,RD251,,,
,23-07-2026,,,,,LU Loading,,,,,,4.23,,,RD251,,,
,23-07-2026,,,,,Waiting,,,,,,1.35,,,RD250,,,
,23-07-2026,,,,,Spotting,,,,,,0.23,,,RD250,,,
,23-07-2026,,,,,LU Loading,,,,,,3.65,,,RD250,,,
,23-07-2026,,,,,Waiting,,,,,,0.17,,,RD236,,,
,23-07-2026,,,,,LU Loading,,,,,,4.2,,,RD236,,,
,23-07-2026,,,,,Spotting,,,,,,0.52,,,RD230,,,
,23-07-2026,,,,,LU Loading,,,,,,3.47,,,RD230,,,
,23-07-2026,,,,,Waiting,,,,,,3.45,,,RD237,,,
,23-07-2026,,,,,LU Loading,,,,,,1.58,,,RD237,,,
,23-07-2026,,,,,Waiting,,,,,,9.85,,,RD251,,,
,23-07-2026,,,,,LU Loading,,,,,,5.2,,,RD251,,,
,23-07-2026,,,,,Spotting,,,,,,0.77,,,RD250,,,
,23-07-2026,,,,,LU Loading,,,,,,3.75,,,RD250,,,
,23-07-2026,,,,,Waiting,,,,,,0.62,,,RD236,,,
,23-07-2026,,,,,LU Loading,,,,,,3.57,,,RD236,,,
,23-07-2026,,,,,Spotting,,,,,,0.2,,,RD230,,,
,23-07-2026,,,,,LU Loading,,,,,,3.6,,,RD230,,,
,23-07-2026,,,,,Waiting,,,,,,22.77,,,RD236,,,
,23-07-2026,,,,,Tea/ Breakfast / Snacks,,,,,,77.33,,,RD236,,,
,23-07-2026,,,,,LU Loading,,,,,,4.63,,,RD236,,,
,23-07-2026,,,,,Waiting,,,,,,0.62,,,RD251,,,
,23-07-2026,,,,,LU Loading,,,,,,5.07,,,RD251,,,
,23-07-2026,,,,,Waiting,,,,,,0.75,,,RD237,,,
,23-07-2026,,,,,LU Loading,,,,,,3.4,,,RD237,,,
,23-07-2026,,,,,Waiting,,,,,,0.47,,,RD250,,,
,23-07-2026,,,,,LU Loading,,,,,,3.97,,,RD250,,,
,23-07-2026,,,,,Waiting,,,,,,0.13,,,RD230,,,
,23-07-2026,,,,,Spotting,,,,,,0.22,,,RD230,,,
,23-07-2026,,,,,LU Loading,,,,,,4.12,,,RD230,,,
,23-07-2026,,,,,Waiting,,,,,,1.93,,,RD236,,,
,23-07-2026,,,,,LU Loading,,,,,,4.2,,,RD236,,,
,23-07-2026,,,,,Waiting,,,,,,7.73,,,RD251,,,
,23-07-2026,,,,,LU Loading,,,,,,4,,,RD251,,,
,23-07-2026,,,,,Waiting,,,,,,0.37,,,RD237,,,
,23-07-2026,,,,,LU Loading,,,,,,2.87,,,RD237,,,
,23-07-2026,,,,,Waiting,,,,,,0.42,,,RD250,,,
,23-07-2026,,,,,LU Loading,,,,,,3.65,,,RD250,,,
,23-07-2026,,,,,Waiting,,,,,,0.62,,,RD230,,,
,23-07-2026,,,,,LU Loading,,,,,,3.8,,,RD230,,,
,23-07-2026,,,,,Waiting,,,,,,1.6,,,RD236,,,
,23-07-2026,,,,,LU Loading,,,,,,3.43,,,RD236,,,
,23-07-2026,,,,,Waiting,,,,,,7.53,,,RD251,,,
,23-07-2026,,,,,LU Loading,,,,,,4.52,,,RD251,,,
,23-07-2026,,,,,Waiting,,,,,,2.27,,,RD237,,,
,23-07-2026,,,,,Spotting,,,,,,0.2,,,RD237,,,
,23-07-2026,,,,,LU Loading,,,,,,3.65,,,RD237,,,
,23-07-2026,,,,,Waiting,,,,,,0.08,,,RD250,,,
,23-07-2026,,,,,Spotting,,,,,,0.13,,,RD250,,,
,23-07-2026,,,,,LU Loading,,,,,,2.62,,,RD250,,,
,23-07-2026,,,,,Waiting,,,,,,0.53,,,RD230,,,
,23-07-2026,,,,,LU Loading,,,,,,3.13,,,RD230,,,
,23-07-2026,,,,,Waiting,,,,,,0.37,,,RD236,,,
,23-07-2026,,,,,LU Loading,,,,,,3.68,,,RD236,,,
,23-07-2026,,,,,Waiting,,,,,,12.6,,,RD251,,,
,23-07-2026,,,,,Spotting,,,,,,0.32,,,RD251,,,
,23-07-2026,,,,,LU Loading,,,,,,3.47,,,RD251,,,
,23-07-2026,,,,,Waiting,,,,,,0.42,,,RD237,,,
,23-07-2026,,,,,Spotting,,,,,,0.37,,,RD237,,,
,23-07-2026,,,,,LU Loading,,,,,,3.17,,,RD237,,,
,23-07-2026,,,,,Waiting,,,,,,0.82,,,RD250,,,
,23-07-2026,,,,,LU Loading,,,,,,2.68,,,RD250,,,
,23-07-2026,,,,,Waiting,,,,,,0.47,,,RD230,,,
,23-07-2026,,,,,LU Loading,,,,,,2.55,,,RD230,,,
,23-07-2026,,,,,Waiting,,,,,,0.38,,,RD236,,,
,23-07-2026,,,,,Spotting,,,,,,0.37,,,RD236,,,
,23-07-2026,,,,,LU Loading,,,,,,3.35,,,RD236,,,
,23-07-2026,,,,,Waiting,,,,,,12.32,,,RD237,,,
,23-07-2026,,,,,LU Loading,,,,,,3,,,RD237,,,
,23-07-2026,,,,,Waiting,,,,,,0.45,,,RD251,,,
,23-07-2026,,,,,Spotting,,,,,,0.38,,,RD251,,,
,23-07-2026,,,,,LU Loading,,,,,,2.95,,,RD251,,,
,23-07-2026,,,,,Waiting,,,,,,1.8,,,RD250,,,
,23-07-2026,,,,,LU Loading,,,,,,2.78,,,RD250,,,
,23-07-2026,,,,,Spotting,,,,,,0.4,,,RD230,,,
,23-07-2026,,,,,LU Loading,,,,,,2.7,,,RD230,,,
,23-07-2026,,,,,Waiting,,,,,,0.53,,,RD236,,,
,23-07-2026,,,,,LU Loading,,,,,,4,,,RD236,,,
,23-07-2026,,,,,Waiting,,,,,,16.35,,,RD250,,,
,23-07-2026,,,,,Shift Change,,,,,,21.45,,,RD250,,,
,23-07-2026,,,,,,,,,,,,,,,,,
,Timestamp,,,,,Status Code,,Sub-Status Code,,,,"Duration
(min)",,,Hauling Unit,,,
,23-07-2026,,,,,Shift Change,,,,,,40.8,,,RD250,,,
,23-07-2026,,,,,LU Loading,,,,,,1.67,,,RD250,,,
,23-07-2026,,,,,Shift Change,,,,,,2.22,,,RD250,,,
,23-07-2026,,,,,LU Loading,,,,,,2.17,,,RD250,,,
,23-07-2026,,,,,Waiting,,,,,,2.12,,,RD237,,,
,23-07-2026,,,,,LU Loading,,,,,,0.02,,,RD237,,,
,23-07-2026,,,,,Waiting,,,,,,2.9,,,RD237,,,
,23-07-2026,,,,,Spotting,,,,,,0.1,,,RD237,,,
,23-07-2026,,,,,LU Loading,,,,,,4.88,,,RD237,,,
,23-07-2026,,,,,Waiting,,,,,,0.15,,,RD253,,,
,23-07-2026,,,,,LU Loading,,,,,,3.4,,,RD253,,,
,23-07-2026,,,,,Waiting,,,,,,3,,,RD250,,,
,23-07-2026,,,,,Spotting,,,,,,0.38,,,RD250,,,
,23-07-2026,,,,,LU Loading,,,,,,3.37,,,RD250,,,
,23-07-2026,,,,,Waiting,,,,,,0.78,,,RD251,,,
,23-07-2026,,,,,Spotting,,,,,,0.25,,,RD251,,,
,23-07-2026,,,,,LU Loading,,,,,,3.7,,,RD251,,,
,23-07-2026,,,,,Waiting,,,,,,3.87,,,RD230,,,
,23-07-2026,,,,,Spotting,,,,,,0.23,,,RD230,,,
,23-07-2026,,,,,LU Loading,,,,,,6.88,,,RD230,,,
,23-07-2026,,,,,Spotting,,,,,,0.23,,,RD237,,,
,23-07-2026,,,,,LU Loading,,,,,,3.63,,,RD237,,,
,23-07-2026,,,,,Waiting,,,,,,1.18,,,RD253,,,
,23-07-2026,,,,,Spotting,,,,,,1.77,,,RD253,,,
,23-07-2026,,,,,LU Loading,,,,,,2.98,,,RD253,,,
,23-07-2026,,,,,Waiting,,,,,,0.72,,,RD250,,,
,23-07-2026,,,,,LU Loading,,,,,,4.28,,,RD250,,,
,23-07-2026,,,,,Waiting,,,,,,0.25,,,RD250,,,
,23-07-2026,,,,,LU Loading,,,,,,0.32,,,RD250,,,
,23-07-2026,,,,,Waiting,,,,,,0.43,,,RD251,,,
,23-07-2026,,,,,LU Loading,,,,,,3.58,,,RD251,,,
,23-07-2026,,,,,Waiting,,,,,,3.57,,,RD237,,,
,23-07-2026,,,,,Spotting,,,,,,0.27,,,RD237,,,
,23-07-2026,,,,,LU Loading,,,,,,4.48,,,RD237,,,
,23-07-2026,,,,,Waiting,,,,,,0.83,,,RD230,,,
,23-07-2026,,,,,Spotting,,,,,,0.17,,,RD230,,,
,23-07-2026,,,,,LU Loading,,,,,,4.4,,,RD230,,,
,23-07-2026,,,,,Waiting,,,,,,0.18,,,RD253,,,
,23-07-2026,,,,,LU Loading,,,,,,4.25,,,RD253,,,
,23-07-2026,,,,,Waiting,,,,,,0.52,,,RD250,,,
,23-07-2026,,,,,LU Loading,,,,,,4.05,,,RD250,,,
,23-07-2026,,,,,Waiting,,,,,,1.18,,,RD251,,,
,23-07-2026,,,,,Spotting,,,,,,0.1,,,RD251,,,
,23-07-2026,,,,,LU Loading,,,,,,3.67,,,RD251,,,
,23-07-2026,,,,,Waiting,,,,,,0.77,,,RD237,,,
,23-07-2026,,,,,LU Loading,,,,,,2.88,,,RD237,,,
,23-07-2026,,,,,Waiting,,,,,,4.13,,,RD253,,,
,23-07-2026,,,,,Spotting,,,,,,1,,,RD253,,,
,23-07-2026,,,,,LU Loading,,,,,,4.57,,,RD253,,,
,23-07-2026,,,,,LU Loading,,,,,,5.52,,,RD250,,,
,23-07-2026,,,,,Waiting,,,,,,0.35,,,RD230,,,
,23-07-2026,,,,,Spotting,,,,,,0.73,,,RD230,,,
,23-07-2026,,,,,LU Loading,,,,,,4.93,,,RD230,,,
,23-07-2026,,,,,Waiting,,,,,,4.03,,,RD251,,,
,23-07-2026,,,,,LU Loading,,,,,,4.1,,,RD251,,,
,23-07-2026,,,,,Waiting,,,,,,3.27,,,RD237,,,
,23-07-2026,,,,,LU Loading,,,,,,3.58,,,RD237,,,
,23-07-2026,,,,,Waiting,,,,,,0.18,,,RD253,,,
,23-07-2026,,,,,LU Loading,,,,,,5.35,,,RD253,,,
,23-07-2026,,,,,Waiting,,,,,,0.18,,,RD250,,,
,23-07-2026,,,,,LU Loading,,,,,,4.07,,,RD250,,,
,23-07-2026,,,,,Waiting,,,,,,3.57,,,RD251,,,
,23-07-2026,,,,,LU Loading,,,,,,4.93,,,RD251,,,
,23-07-2026,,,,,Waiting,,,,,,9.27,,,RD237,,,
,23-07-2026,,,,,LU Loading,,,,,,2.95,,,RD237,,,
,23-07-2026,,,,,Waiting,,,,,,0.08,,,RD250,,,
,23-07-2026,,,,,LU Loading,,,,,,3.12,,,RD250,,,
,23-07-2026,,,,,Waiting,,,,,,1.15,,,RD251,,,
,23-07-2026,,,,,LU Loading,,,,,,2.22,,,RD251,,,
,23-07-2026,,,,,Waiting,,,,,,12.33,,,RD237,,,
,23-07-2026,,,,,LU Loading,,,,,,2.73,,,RD237,,,
,23-07-2026,,,,,Waiting,,,,,,3.87,,,RD251,,,
,23-07-2026,,,,,LU Loading,,,,,,2.6,,,RD251,,,
,23-07-2026,,,,,Waiting,,,,,,9.57,,,RD253,,,
,23-07-2026,,,,,LU Loading,,,,,,2.78,,,RD253,,,
,23-07-2026,,,,,Waiting,,,,,,54.2,,,RD253,,,
,23-07-2026,,,,,LU Loading,,,,,,2.9,,,RD253,,,
,23-07-2026,,,,,Waiting,,,,,,6.97,,,RD230,,,
,23-07-2026,,,,,LU Loading,,,,,,3.05,,,RD230,,,
,23-07-2026,,,,,Waiting,,,,,,0.33,,,RD237,,,
,23-07-2026,,,,,Spotting,,,,,,0.5,,,RD237,,,
,23-07-2026,,,,,LU Loading,,,,,,3.82,,,RD237,,,
,23-07-2026,,,,,Waiting,,,,,,0.35,,,RD250,,,
,23-07-2026,,,,,Spotting,,,,,,0.3,,,RD250,,,
,23-07-2026,,,,,LU Loading,,,,,,2.78,,,RD250,,,
,23-07-2026,,,,,Waiting,,,,,,4.3,,,RD253,,,
,23-07-2026,,,,,LU Loading,,,,,,2.77,,,RD253,,,
,23-07-2026,,,,,Waiting,,,,,,0.13,,,RD251,,,
,23-07-2026,,,,,LU Loading,,,,,,0.07,,,RD251,,,
,23-07-2026,,,,,Waiting,,,,,,5.48,,,RD237,,,
,23-07-2026,,,,,Spotting,,,,,,0.38,,,RD237,,,
,23-07-2026,,,,,LU Loading,,,,,,2.13,,,RD237,,,
,23-07-2026,,,,,Waiting,,,,,,2.52,,,RD230,,,
,23-07-2026,,,,,LU Loading,,,,,,2.97,,,RD230,,,
,23-07-2026,,,,,LU Loading,,,,,,0.02,,,RD250,,,
,23-07-2026,,,,,LU Loading,,,,,,2.82,,,RD250,,,
,23-07-2026,,,,,Waiting,,,,,,0.77,,,RD253,,,
,23-07-2026,,,,,Spotting,,,,,,0.42,,,RD253,,,
,23-07-2026,,,,,LU Loading,,,,,,2.92,,,RD253,,,
,23-07-2026,,,,,Waiting,,,,,,0.22,,,RD251,,,
,23-07-2026,,,,,LU Loading,,,,,,3.62,,,RD251,,,
,23-07-2026,,,,,Waiting,,,,,,0.1,,,RD237,,,
,23-07-2026,,,,,Spotting,,,,,,0.3,,,RD237,,,
,23-07-2026,,,,,LU Loading,,,,,,2.87,,,RD237,,,
,23-07-2026,,,,,Waiting,,,,,,10.37,,,RD235,,,
,23-07-2026,,,,,Side Casting,,,,,,74.17,,,RD235,,,
,23-07-2026,,,,,Marching,,,,,,20.83,,,RD235,,,
,23-07-2026,,,,,Shift Change,,,,,,23.9,,,RD235,,,
,23-07-2026,,,,,Shift Change,,,,,,20.58,,,RD235,,,
,23-07-2026,,,,,Scheduled Service,,,,,,256.92,,,RD235,,,
,23-07-2026,,,,,Waiting,,,,,,0.3,,,RD235,,,
,23-07-2026,,,,,Marching,,,,,,6.3,,,RD235,,,
,23-07-2026,,,,,LU Loading,,,,,,3.93,,,RD235,,,
,23-07-2026,,,,,Marching,,,,,,18.22,,,RD243,,,
,23-07-2026,,,,,LU Loading,,,,,,7.05,,,RD243,,,
,23-07-2026,,,,,Waiting,,,,,,0.7,,,RD235,,,
,23-07-2026,,,,,LU Loading,,,,,,5.2,,,RD235,,,
,23-07-2026,,,,,Waiting,,,,,,0.78,,,RD244,,,
,23-07-2026,,,,,LU Loading,,,,,,4.67,,,RD244,,,
,23-07-2026,,,,,Waiting,,,,,,0.7,,,RD239,,,
,23-07-2026,,,,,LU Loading,,,,,,4.35,,,RD239,,,
,23-07-2026,,,,,Waiting,,,,,,6.6,,,RD243,,,
,23-07-2026,,,,,Face Prep,,,,,,33.02,,,RD243,,,
,23-07-2026,,,,,Waiting,,,,,,0.02,,,RD243,,,
,23-07-2026,,,,,LU Loading,,,,,,4.37,,,RD243,,,
,23-07-2026,,,,,Waiting,,,,,,0.92,,,RD235,,,
,23-07-2026,,,,,LU Loading,,,,,,3.03,,,RD235,,,
,23-07-2026,,,,,Waiting,,,,,,0.78,,,RD239,,,
,23-07-2026,,,,,LU Loading,,,,,,3.15,,,RD239,,,
,23-07-2026,,,,,Waiting,,,,,,11.67,,,RD243,,,
,23-07-2026,,,,,LU Loading,,,,,,3.63,,,RD243,,,
,23-07-2026,,,,,Waiting,,,,,,1,,,RD235,,,
,23-07-2026,,,,,LU Loading,,,,,,3.68,,,RD235,,,
,23-07-2026,,,,,Waiting,,,,,,0.45,,,RD239,,,
,23-07-2026,,,,,LU Loading,,,,,,4.75,,,RD239,,,
,23-07-2026,,,,,Waiting,,,,,,7.83,,,RD243,,,
,23-07-2026,,,,,LU Loading,,,,,,3.22,,,RD243,,,
,23-07-2026,,,,,Waiting,,,,,,2.55,,,RD235,,,
,23-07-2026,,,,,LU Loading,,,,,,3.03,,,RD235,,,
,23-07-2026,,,,,Waiting,,,,,,4.75,,,RD239,,,
,23-07-2026,,,,,LU Loading,,,,,,3.65,,,RD239,,,
,23-07-2026,,,,,Waiting,,,,,,3.7,,,RD243,,,
,23-07-2026,,,,,LU Loading,,,,,,3.13,,,RD243,,,
,23-07-2026,,,,,Waiting,,,,,,0.83,,,RD235,,,
,23-07-2026,,,,,LU Loading,,,,,,4.43,,,RD235,,,
,23-07-2026,,,,,Waiting,,,,,,12.27,,,RD230,,,
,23-07-2026,,,,,Shift Change,,,,,,23.83,,,RD230,,,
,23-07-2026,,,,,Shift Change,,,,,,52.55,,,RD230,,,
,23-07-2026,,,,,Waiting,,,,,,0.53,,,RD230,,,
,23-07-2026,,,,,LU Loading,,,,,,6.15,,,RD230,,,
,23-07-2026,,,,,Waiting,,,,,,2.95,,,RD233,,,
,23-07-2026,,,,,LU Loading,,,,,,4.73,,,RD233,,,
,23-07-2026,,,,,Waiting,,,,,,1.3,,,RD232,,,
,23-07-2026,,,,,LU Loading,,,,,,5.82,,,RD232,,,
,23-07-2026,,,,,Waiting,,,,,,7.58,,,RD230,,,
,23-07-2026,,,,,LU Loading,,,,,,3.62,,,RD230,,,
,23-07-2026,,,,,LU Loading,,,,,,7.93,,,RD251,,,
,23-07-2026,,,,,Waiting,,,,,,1.35,,,RD233,,,
,23-07-2026,,,,,LU Loading,,,,,,7.3,,,RD233,,,
,23-07-2026,,,,,Waiting,,,,,,18.63,,,RD251,,,
,24-07-2026,,,,,LU Loading,,,,,,4.55,,,RD251,,,
,24-07-2026,,,,,Waiting,,,,,,0.9,,,RD232,,,
,24-07-2026,,,,,LU Loading,,,,,,4.08,,,RD232,,,
,24-07-2026,,,,,Waiting,,,,,,0.83,,,RD233,,,
,24-07-2026,,,,,LU Loading,,,,,,3.97,,,RD233,,,
,24-07-2026,,,,,Waiting,,,,,,0.73,,,RD240,,,
,24-07-2026,,,,,Face Prep,,,,,,11.23,,,RD240,,,
,24-07-2026,,,,,Waiting,,,,,,2.87,,,RD240,,,
,24-07-2026,,,,,LU Loading,,,,,,3.43,,,RD240,,,
,24-07-2026,,,,,Waiting,,,,,,1.23,,,RD251,,,
,24-07-2026,,,,,LU Loading,,,,,,4.87,,,RD251,,,
,24-07-2026,,,,,Waiting,,,,,,0.83,,,RD232,,,
,24-07-2026,,,,,LU Loading,,,,,,4.83,,,RD232,,,
,24-07-2026,,,,,Waiting,,,,,,0.77,,,RD233,,,
,24-07-2026,,,,,LU Loading,,,,,,4.55,,,RD233,,,
,24-07-2026,,,,,Waiting,,,,,,12.7,,,RD240,,,
,24-07-2026,,,,,LU Loading,,,,,,4.05,,,RD240,,,
,24-07-2026,,,,,Waiting,,,,,,1.3,,,RD251,,,
,24-07-2026,,,,,LU Loading,,,,,,4.02,,,RD251,,,
,24-07-2026,,,,,Waiting,,,,,,2.87,,,RD232,,,
,24-07-2026,,,,,LU Loading,,,,,,3.67,,,RD232,,,
,24-07-2026,,,,,Waiting,,,,,,1.58,,,RD233,,,
,24-07-2026,,,,,LU Loading,,,,,,3.18,,,RD233,,,
,24-07-2026,,,,,Waiting,,,,,,18.82,,,RD232,,,
,24-07-2026,,,,,Tea/ Breakfast / Snacks,,,,,,114.1,,,RD232,,,
,24-07-2026,,,,,LU Loading,,,,,,2.72,,,RD232,,,
,24-07-2026,,,,,Waiting,,,,,,0.87,,,RD233,,,
,24-07-2026,,,,,LU Loading,,,,,,3.05,,,RD233,,,
,24-07-2026,,,,,Waiting,,,,,,0.65,,,RD251,,,
,24-07-2026,,,,,LU Loading,,,,,,4.37,,,RD251,,,
,24-07-2026,,,,,Waiting,,,,,,0.93,,,RD240,,,
,24-07-2026,,,,,LU Loading,,,,,,3.68,,,RD240,,,
,24-07-2026,,,,,Waiting,,,,,,8,,,RD232,,,
,24-07-2026,,,,,Spotting,,,,,,1.62,,,RD232,,,
,24-07-2026,,,,,LU Loading,,,,,,2.82,,,RD232,,,
,24-07-2026,,,,,Waiting,,,,,,3.27,,,RD233,,,
,24-07-2026,,,,,LU Loading,,,,,,3.63,,,RD233,,,
,24-07-2026,,,,,Waiting,,,,,,0.72,,,RD232,,,
,24-07-2026,,,,,Spotting,,,,,,0.33,,,RD232,,,
,24-07-2026,,,,,LU Loading,,,,,,3.52,,,RD232,,,
,24-07-2026,,,,,Waiting,,,,,,0.83,,,RD251,,,
,24-07-2026,,,,,LU Loading,,,,,,3.98,,,RD251,,,
,24-07-2026,,,,,Waiting,,,,,,0.88,,,RD233,,,
,24-07-2026,,,,,LU Loading,,,,,,4.75,,,RD233,,,
,24-07-2026,,,,,Waiting,,,,,,0.57,,,RD232,,,
,24-07-2026,,,,,Spotting,,,,,,0.22,,,RD232,,,
,24-07-2026,,,,,LU Loading,,,,,,10.53,,,RD232,,,
,24-07-2026,,,,,Waiting,,,,,,0.75,,,RD240,,,
,24-07-2026,,,,,LU Loading,,,,,,3.63,,,RD240,,,
,24-07-2026,,,,,Waiting,,,,,,0.43,,,RD251,,,
,24-07-2026,,,,,LU Loading,,,,,,4.87,,,RD251,,,
,24-07-2026,,,,,Waiting,,,,,,2.15,,,RD233,,,
,24-07-2026,,,,,LU Loading,,,,,,4.87,,,RD233,,,
,24-07-2026,,,,,Waiting,,,,,,5.52,,,RD232,,,
,24-07-2026,,,,,LU Loading,,,,,,3.68,,,RD232,,,
,24-07-2026,,,,,Waiting,,,,,,0.45,,,RD240,,,
,24-07-2026,,,,,LU Loading,,,,,,4.13,,,RD240,,,
,24-07-2026,,,,,Waiting,,,,,,3.52,,,RD251,,,
,24-07-2026,,,,,LU Loading,,,,,,4.92,,,RD251,,,
,24-07-2026,,,,,Waiting,,,,,,0.55,,,RD233,,,
,24-07-2026,,,,,LU Loading,,,,,,3.77,,,RD233,,,
,24-07-2026,,,,,Waiting,,,,,,8.55,,,RD252,,,
,24-07-2026,,,,,Shift Change,,,,,,29.87,,,RD252,,,
,24-07-2026,,,,,,,,,,,,,,,,,
,Timestamp,,,,,Status Code,,Sub-Status Code,,,,"Duration
(min)",,,Hauling Unit,,,
,24-07-2026,,,,,Shift Change,,,,,,40.68,,,RD252,,,
,24-07-2026,,,,,Waiting,,,,,,1.33,,,RD252,,,
,24-07-2026,,,,,LU Loading,,,,,,4.4,,,RD252,,,
,24-07-2026,,,,,LU Loading,,,,,,4.18,,,RD231,,,
,24-07-2026,,,,,Spotting,,,,,,1.02,,,RD251,,,
,24-07-2026,,,,,LU Loading,,,,,,6.72,,,RD251,,,
,24-07-2026,,,,,LU Loading,,,,,,6.6,,,RD234,,,
,24-07-2026,,,,,Waiting,,,,,,3.28,,,RD243,,,
,24-07-2026,,,,,LU Loading,,,,,,3.55,,,RD243,,,
,24-07-2026,,,,,Waiting,,,,,,1.92,,,RD231,,,
,24-07-2026,,,,,LU Loading,,,,,,4.12,,,RD231,,,
,24-07-2026,,,,,Waiting,,,,,,2.78,,,RD252,,,
,24-07-2026,,,,,LU Loading,,,,,,3.1,,,RD252,,,
,24-07-2026,,,,,LU Loading,,,,,,4.28,,,RD251,,,
,24-07-2026,,,,,LU Loading,,,,,,3.78,,,RD234,,,
,24-07-2026,,,,,Waiting,,,,,,0.95,,,RD243,,,
,24-07-2026,,,,,LU Loading,,,,,,3.18,,,RD243,,,
,24-07-2026,,,,,Waiting,,,,,,3.73,,,RD231,,,
,24-07-2026,,,,,LU Loading,,,,,,3.1,,,RD231,,,
,24-07-2026,,,,,Spotting,,,,,,0.17,,,RD252,,,
,24-07-2026,,,,,LU Loading,,,,,,2.93,,,RD252,,,
,24-07-2026,,,,,Waiting,,,,,,1.17,,,RD251,,,
,24-07-2026,,,,,Spotting,,,,,,0.65,,,RD251,,,
,24-07-2026,,,,,LU Loading,,,,,,3.42,,,RD251,,,
,24-07-2026,,,,,Waiting,,,,,,1.65,,,RD234,,,
,24-07-2026,,,,,Spotting,,,,,,0.37,,,RD234,,,
,24-07-2026,,,,,LU Loading,,,,,,3.95,,,RD234,,,
,24-07-2026,,,,,Waiting,,,,,,1.13,,,RD243,,,
,24-07-2026,,,,,Spotting,,,,,,0.63,,,RD243,,,
,24-07-2026,,,,,LU Loading,,,,,,3.88,,,RD243,,,
,24-07-2026,,,,,Waiting,,,,,,0.93,,,RD231,,,
,24-07-2026,,,,,LU Loading,,,,,,3.6,,,RD231,,,
,24-07-2026,,,,,Waiting,,,,,,0.55,,,RD252,,,
,24-07-2026,,,,,LU Loading,,,,,,3.5,,,RD252,,,
,24-07-2026,,,,,Waiting,,,,,,0.3,,,RD251,,,
,24-07-2026,,,,,LU Loading,,,,,,3.33,,,RD251,,,
,24-07-2026,,,,,Waiting,,,,,,2.7,,,RD234,,,
,24-07-2026,,,,,Spotting,,,,,,0.37,,,RD234,,,
,24-07-2026,,,,,LU Loading,,,,,,3.18,,,RD234,,,
,24-07-2026,,,,,Waiting,,,,,,4.52,,,RD243,,,
,24-07-2026,,,,,LU Loading,,,,,,4.93,,,RD243,,,
,24-07-2026,,,,,Waiting,,,,,,0.8,,,RD231,,,
,24-07-2026,,,,,LU Loading,,,,,,3.2,,,RD231,,,
,24-07-2026,,,,,LU Loading,,,,,,3.57,,,RD251,,,
,24-07-2026,,,,,Waiting,,,,,,0.68,,,RD252,,,
,24-07-2026,,,,,LU Loading,,,,,,3.42,,,RD252,,,
,24-07-2026,,,,,Waiting,,,,,,0.77,,,RD234,,,
,24-07-2026,,,,,LU Loading,,,,,,4.37,,,RD234,,,
,24-07-2026,,,,,Waiting,,,,,,0.65,,,RD231,,,
,24-07-2026,,,,,LU Loading,,,,,,4.67,,,RD231,,,
,24-07-2026,,,,,Waiting,,,,,,12.05,,,RD243,,,
,24-07-2026,,,,,LU Loading,,,,,,3.82,,,RD243,,,
,24-07-2026,,,,,Spotting,,,,,,0.4,,,RD234,,,
,24-07-2026,,,,,LU Loading,,,,,,2.33,,,RD234,,,
,24-07-2026,,,,,LU Loading,,,,,,5.03,,,RD231,,,
,24-07-2026,,,,,Waiting,,,,,,14.12,,,RD243,,,
,24-07-2026,,,,,LU Loading,,,,,,4.35,,,RD243,,,
,24-07-2026,,,,,Waiting,,,,,,0.7,,,RD251,,,
,24-07-2026,,,,,Spotting,,,,,,0.17,,,RD251,,,
,24-07-2026,,,,,LU Loading,,,,,,4.33,,,RD251,,,
,24-07-2026,,,,,Waiting,,,,,,2.42,,,RD234,,,
,24-07-2026,,,,,Spotting,,,,,,1.23,,,RD234,,,
,24-07-2026,,,,,LU Loading,,,,,,2.65,,,RD234,,,
,24-07-2026,,,,,Waiting,,,,,,0.9,,,RD252,,,
,24-07-2026,,,,,LU Loading,,,,,,4.8,,,RD252,,,
,24-07-2026,,,,,Waiting,,,,,,6.02,,,RD251,,,
,24-07-2026,,,,,Spotting,,,,,,0.27,,,RD251,,,
,24-07-2026,,,,,LU Loading,,,,,,2.87,,,RD251,,,
,24-07-2026,,,,,Waiting,,,,,,8.42,,,RD231,,,
,24-07-2026,,,,,LU Loading,,,,,,2.75,,,RD231,,,
,24-07-2026,,,,,LU Loading,,,,,,3.2,,,RD252,,,
,24-07-2026,,,,,Waiting,,,,,,4.68,,,RD251,,,
,24-07-2026,,,,,LU Loading,,,,,,3.58,,,RD251,,,
,24-07-2026,,,,,Waiting,,,,,,1.22,,,RD243,,,
,24-07-2026,,,,,Spotting,,,,,,2.28,,,RD243,,,
,24-07-2026,,,,,LU Loading,,,,,,5.08,,,RD243,,,
,24-07-2026,,,,,Waiting,,,,,,0.63,,,RD231,,,
,24-07-2026,,,,,Spotting,,,,,,0.23,,,RD231,,,
,24-07-2026,,,,,LU Loading,,,,,,9.68,,,RD231,,,
,24-07-2026,,,,,LU Loading,,,,,,4.15,,,RD252,,,
,24-07-2026,,,,,Waiting,,,,,,12.3,,,RD234,,,
,24-07-2026,,,,,LU Loading,,,,,,2.85,,,RD234,,,
,24-07-2026,,,,,LU Loading,,,,,,3,,,RD251,,,
,24-07-2026,,,,,LU Loading,,,,,,2.35,,,RD243,,,
,24-07-2026,,,,,Waiting,,,,,,0.05,,,RD231,,,
,24-07-2026,,,,,LU Loading,,,,,,2.7,,,RD231,,,
,24-07-2026,,,,,Spotting,,,,,,0.02,,,RD252,,,
,24-07-2026,,,,,LU Loading,,,,,,2.72,,,RD252,,,
,24-07-2026,,,,,Waiting,,,,,,10.12,,,RD234,,,
,24-07-2026,,,,,LU Loading,,,,,,3.35,,,RD234,,,
,24-07-2026,,,,,Waiting,,,,,,0.02,,,RD251,,,
,24-07-2026,,,,,LU Loading,,,,,,2.33,,,RD251,,,
,24-07-2026,,,,,Waiting,,,,,,0.33,,,RD243,,,
,24-07-2026,,,,,LU Loading,,,,,,2.47,,,RD243,,,
,24-07-2026,,,,,LU Loading,,,,,,2.9,,,RD234,,,
,24-07-2026,,,,,Spotting,,,,,,0.12,,,RD231,,,
,24-07-2026,,,,,LU Loading,,,,,,2.15,,,RD231,,,
,24-07-2026,,,,,Spotting,,,,,,0.2,,,RD252,,,
,24-07-2026,,,,,LU Loading,,,,,,2.32,,,RD252,,,
,24-07-2026,,,,,Waiting,,,,,,6.68,,,RD251,,,
,24-07-2026,,,,,Spotting,,,,,,0.27,,,RD251,,,
,24-07-2026,,,,,LU Loading,,,,,,2.4,,,RD251,,,
,24-07-2026,,,,,Waiting,,,,,,0.32,,,RD243,,,
,24-07-2026,,,,,LU Loading,,,,,,2.3,,,RD243,,,
,24-07-2026,,,,,Waiting,,,,,,3.33,,,RD234,,,
,24-07-2026,,,,,LU Loading,,,,,,3.5,,,RD234,,,
,24-07-2026,,,,,Waiting,,,,,,0.6,,,RD252,,,
,24-07-2026,,,,,LU Loading,,,,,,2.27,,,RD252,,,
,24-07-2026,,,,,Spotting,,,,,,0.08,,,RD231,,,
,24-07-2026,,,,,LU Loading,,,,,,2.82,,,RD231,,,
,24-07-2026,,,,,Waiting,,,,,,1.67,,,RD251,,,
,24-07-2026,,,,,LU Loading,,,,,,2.9,,,RD251,,,
,24-07-2026,,,,,Waiting,,,,,,0.38,,,RD243,,,
,24-07-2026,,,,,LU Loading,,,,,,2.32,,,RD243,,,
,24-07-2026,,,,,Waiting,,,,,,8.48,,,RD234,,,
,24-07-2026,,,,,LU Loading,,,,,,2.8,,,RD234,,,
,24-07-2026,,,,,Waiting,,,,,,0.18,,,RD231,,,
,24-07-2026,,,,,LU Loading,,,,,,2.57,,,RD231,,,
,24-07-2026,,,,,Waiting,,,,,,0.15,,,RD251,,,
,24-07-2026,,,,,LU Loading,,,,,,3.25,,,RD251,,,
,24-07-2026,,,,,Waiting,,,,,,0.02,,,RD243,,,
,24-07-2026,,,,,LU Loading,,,,,,2.82,,,RD243,,,
,24-07-2026,,,,,Waiting,,,,,,12.35,,,RD234,,,
,24-07-2026,,,,,LU Loading,,,,,,2.73,,,RD234,,,
,24-07-2026,,,,,LU Loading,,,,,,2.28,,,RD231,,,
,24-07-2026,,,,,Spotting,,,,,,0.32,,,RD251,,,
,24-07-2026,,,,,LU Loading,,,,,,2.65,,,RD251,,,
,24-07-2026,,,,,LU Loading,,,,,,2.52,,,RD252,,,
,24-07-2026,,,,,Spotting,,,,,,0.45,,,RD243,,,
,24-07-2026,,,,,LU Loading,,,,,,3.03,,,RD243,,,
,24-07-2026,,,,,Waiting,,,,,,5.6,,,RD250,,,
,24-07-2026,,,,,Marching,,,,,,27.85,,,RD250,,,
,24-07-2026,,,,,Shift Change,,,,,,28.77,,,RD250,,,
,24-07-2026,,,,,Shift Change,,,,,,92.35,,,RD250,,,
,24-07-2026,,,,,Marching,,,,,,2.13,,,RD250,,,
,24-07-2026,,,,,LU Loading,,,,,,0.68,,,RD250,,,
,24-07-2026,,,,,Waiting,,,,,,0.12,,,RD251,,,
,24-07-2026,,,,,Marching,,,,,,26.52,,,RD251,,,
,24-07-2026,,,,,LU Loading,,,,,,7.23,,,RD251,,,
,24-07-2026,,,,,Waiting,,,,,,1.07,,,RD241,,,
,24-07-2026,,,,,LU Loading,,,,,,3.47,,,RD241,,,
,24-07-2026,,,,,Waiting,,,,,,0.27,,,RD232,,,
,24-07-2026,,,,,LU Loading,,,,,,2.53,,,RD232,,,
,24-07-2026,,,,,Waiting,,,,,,0.8,,,RD250,,,
,24-07-2026,,,,,LU Loading,,,,,,3.15,,,RD250,,,
,24-07-2026,,,,,Waiting,,,,,,3.9,,,RD236,,,
,24-07-2026,,,,,Spotting,,,,,,0.28,,,RD236,,,
,24-07-2026,,,,,LU Loading,,,,,,3.4,,,RD236,,,
,24-07-2026,,,,,LU Loading,,,,,,5.02,,,RD251,,,
,24-07-2026,,,,,Waiting,,,,,,5.78,,,RD232,,,
,24-07-2026,,,,,Face Prep,,,,,,3.28,,,RD232,,,
,24-07-2026,,,,,LU Loading,,,,,,3.27,,,RD232,,,
,24-07-2026,,,,,Waiting,,,,,,0.58,,,RD241,,,
,24-07-2026,,,,,Spotting,,,,,,0.48,,,RD241,,,
,24-07-2026,,,,,LU Loading,,,,,,3.22,,,RD241,,,
,24-07-2026,,,,,Waiting,,,,,,0.53,,,RD250,,,
,24-07-2026,,,,,LU Loading,,,,,,3.2,,,RD250,,,
,24-07-2026,,,,,Waiting,,,,,,0.4,,,RD236,,,
,24-07-2026,,,,,LU Loading,,,,,,3.53,,,RD236,,,
,24-07-2026,,,,,LU Loading,,,,,,4.4,,,RD251,,,
,24-07-2026,,,,,Waiting,,,,,,0.63,,,RD232,,,
,24-07-2026,,,,,LU Loading,,,,,,3.92,,,RD232,,,
,24-07-2026,,,,,Waiting,,,,,,0.67,,,RD241,,,
,24-07-2026,,,,,LU Loading,,,,,,4.2,,,RD241,,,
,24-07-2026,,,,,Waiting,,,,,,0.67,,,RD250,,,
,24-07-2026,,,,,LU Loading,,,,,,3.15,,,RD250,,,
,24-07-2026,,,,,Waiting,,,,,,0.7,,,RD251,,,
,24-07-2026,,,,,LU Loading,,,,,,3.73,,,RD251,,,
,24-07-2026,,,,,Waiting,,,,,,0.68,,,RD236,,,
,24-07-2026,,,,,LU Loading,,,,,,4.07,,,RD236,,,
,24-07-2026,,,,,Waiting,,,,,,0.8,,,RD232,,,
,24-07-2026,,,,,LU Loading,,,,,,2.88,,,RD232,,,
,24-07-2026,,,,,Waiting,,,,,,0.62,,,RD241,,,
,24-07-2026,,,,,LU Loading,,,,,,3.62,,,RD241,,,
,24-07-2026,,,,,Waiting,,,,,,1.02,,,RD250,,,
,24-07-2026,,,,,LU Loading,,,,,,2.87,,,RD250,,,
,24-07-2026,,,,,Waiting,,,,,,11.18,,,RD232,,,
,24-07-2026,,,,,Fuel Filling,,,,,,6.2,,,RD232,,,
,24-07-2026,,,,,Waiting,,,,,,0.78,,,RD232,,,
,24-07-2026,,,,,LU Loading,,,,,,3.32,,,RD232,,,
,24-07-2026,,,,,Waiting,,,,,,0.68,,,RD236,,,
,24-07-2026,,,,,LU Loading,,,,,,3.2,,,RD236,,,
,24-07-2026,,,,,Waiting,,,,,,0.83,,,RD241,,,
,24-07-2026,,,,,LU Loading,,,,,,3.52,,,RD241,,,
,24-07-2026,,,,,Waiting,,,,,,0.7,,,RD250,,,
,24-07-2026,,,,,LU Loading,,,,,,3.22,,,RD250,,,
,24-07-2026,,,,,Waiting,,,,,,2.28,,,RD251,,,
,24-07-2026,,,,,LU Loading,,,,,,2.63,,,RD251,,,
,24-07-2026,,,,,Waiting,,,,,,0.57,,,RD232,,,
,24-07-2026,,,,,LU Loading,,,,,,3.15,,,RD232,,,
,24-07-2026,,,,,Waiting,,,,,,5.68,,,RD236,,,
,24-07-2026,,,,,LU Loading,,,,,,3.13,,,RD236,,,
,24-07-2026,,,,,Waiting,,,,,,0.28,,,RD250,,,
,24-07-2026,,,,,LU Loading,,,,,,2.52,,,RD250,,,
,24-07-2026,,,,,Waiting,,,,,,9.47,,,RD241,,,
,24-07-2026,,,,,Tea/ Breakfast / Snacks,,,,,,76.62,,,RD241,,,
,24-07-2026,,,,,LU Loading,,,,,,4.2,,,RD241,,,
,24-07-2026,,,,,Waiting,,,,,,0.38,,,RD236,,,
,24-07-2026,,,,,LU Loading,,,,,,4.1,,,RD236,,,
,24-07-2026,,,,,Waiting,,,,,,0.5,,,RD232,,,
,24-07-2026,,,,,LU Loading,,,,,,3.93,,,RD232,,,
,24-07-2026,,,,,Waiting,,,,,,6.42,,,RD251,,,
,24-07-2026,,,,,LU Loading,,,,,,4.28,,,RD251,,,
,24-07-2026,,,,,LU Loading,,,,,,4.07,,,RD250,,,
,24-07-2026,,,,,Spotting,,,,,,0.28,,,RD241,,,
,24-07-2026,,,,,LU Loading,,,,,,3.42,,,RD241,,,
,24-07-2026,,,,,Waiting,,,,,,1.4,,,RD236,,,
,24-07-2026,,,,,LU Loading,,,,,,3.82,,,RD236,,,
,24-07-2026,,,,,Spotting,,,,,,0.38,,,RD232,,,
,24-07-2026,,,,,LU Loading,,,,,,3.62,,,RD232,,,
,24-07-2026,,,,,Waiting,,,,,,6.62,,,RD251,,,
,24-07-2026,,,,,LU Loading,,,,,,3.8,,,RD251,,,
,24-07-2026,,,,,Waiting,,,,,,0.42,,,RD250,,,
,24-07-2026,,,,,LU Loading,,,,,,3.47,,,RD250,,,
,24-07-2026,,,,,Waiting,,,,,,0.43,,,RD241,,,
,24-07-2026,,,,,LU Loading,,,,,,3.93,,,RD241,,,
,24-07-2026,,,,,Waiting,,,,,,0.43,,,RD232,,,
,24-07-2026,,,,,Spotting,,,,,,0.25,,,RD232,,,
,24-07-2026,,,,,LU Loading,,,,,,3.17,,,RD232,,,
,24-07-2026,,,,,LU Loading,,,,,,3.77,,,RD236,,,
,24-07-2026,,,,,Waiting,,,,,,4.78,,,RD251,,,
,24-07-2026,,,,,LU Loading,,,,,,3.5,,,RD251,,,
,24-07-2026,,,,,Waiting,,,,,,1.63,,,RD250,,,
,24-07-2026,,,,,LU Loading,,,,,,2.95,,,RD250,,,
,24-07-2026,,,,,Waiting,,,,,,0.35,,,RD241,,,
,24-07-2026,,,,,LU Loading,,,,,,2.72,,,RD241,,,
,24-07-2026,,,,,Waiting,,,,,,0.12,,,RD232,,,
,24-07-2026,,,,,LU Loading,,,,,,2.98,,,RD232,,,
,24-07-2026,,,,,Waiting,,,,,,0.22,,,RD236,,,
,24-07-2026,,,,,LU Loading,,,,,,2.95,,,RD236,,,
,24-07-2026,,,,,Waiting,,,,,,4.93,,,RD235,,,
,24-07-2026,,,,,Shift Change,,,,,,30,,,RD235,,,
,24-07-2026,,,,,Shift Change,,,,,,49.82,,,RD235,,,
,24-07-2026,,,,,Waiting,,,,,,2.2,,,RD235,,,
,24-07-2026,,,,,LU Loading,,,,,,3.38,,,RD235,,,
,24-07-2026,,,,,Waiting,,,,,,1.63,,,RD250,,,
,24-07-2026,,,,,LU Loading,,,,,,3.83,,,RD250,,,
,24-07-2026,,,,,Waiting,,,,,,0.98,,,RD228,,,
,24-07-2026,,,,,Spotting,,,,,,0.27,,,RD228,,,
,24-07-2026,,,,,LU Loading,,,,,,4.23,,,RD228,,,
,24-07-2026,,,,,Waiting,,,,,,7.3,,,RD235,,,
,24-07-2026,,,,,Spotting,,,,,,0.3,,,RD235,,,
,24-07-2026,,,,,LU Loading,,,,,,3.7,,,RD235,,,
,24-07-2026,,,,,Waiting,,,,,,6.4,,,RD250,,,
,24-07-2026,,,,,LU Loading,,,,,,3.57,,,RD250,,,
,24-07-2026,,,,,Waiting,,,,,,1.4,,,RD228,,,
,24-07-2026,,,,,LU Loading,,,,,,4.45,,,RD228,,,
,24-07-2026,,,,,Waiting,,,,,,9.53,,,RD235,,,
,24-07-2026,,,,,LU Loading,,,,,,3.95,,,RD235,,,
,24-07-2026,,,,,Waiting,,,,,,2.45,,,RD235,,,
,24-07-2026,,,,,Spotting,,,,,,0.33,,,RD235,,,
,24-07-2026,,,,,LU Loading,,,,,,3.43,,,RD235,,,
,24-07-2026,,,,,Waiting,,,,,,0.3,,,RD250,,,
,24-07-2026,,,,,LU Loading,,,,,,2.7,,,RD250,,,
,24-07-2026,,,,,Waiting,,,,,,16.3,,,RD238,,,
,25-07-2026,,,,,LU Loading,,,,,,3.72,,,RD238,,,
,25-07-2026,,,,,Spotting,,,,,,0.37,,,RD235,,,
,25-07-2026,,,,,LU Loading,,,,,,3.33,,,RD235,,,
,25-07-2026,,,,,Waiting,,,,,,2.82,,,RD235,,,
,25-07-2026,,,,,LU Loading,,,,,,3.52,,,RD235,,,
,25-07-2026,,,,,LU Loading,,,,,,3.42,,,RD250,,,
,25-07-2026,,,,,Waiting,,,,,,0.87,,,RD228,,,
,25-07-2026,,,,,LU Loading,,,,,,4.27,,,RD228,,,
,25-07-2026,,,,,Waiting,,,,,,2.08,,,RD238,,,
,25-07-2026,,,,,Spotting,,,,,,0.13,,,RD238,,,
,25-07-2026,,,,,LU Loading,,,,,,4.2,,,RD238,,,
,25-07-2026,,,,,Waiting,,,,,,6.98,,,RD235,,,
,25-07-2026,,,,,LU Loading,,,,,,3.5,,,RD235,,,
,25-07-2026,,,,,Waiting,,,,,,0.42,,,RD250,,,
,25-07-2026,,,,,LU Loading,,,,,,3.12,,,RD250,,,
,25-07-2026,,,,,Waiting,,,,,,2.15,,,RD228,,,
,25-07-2026,,,,,LU Loading,,,,,,4.42,,,RD228,,,
,25-07-2026,,,,,Waiting,,,,,,6.32,,,RD238,,,
,25-07-2026,,,,,LU Loading,,,,,,4.25,,,RD238,,,
,25-07-2026,,,,,Waiting,,,,,,2.45,,,RD235,,,
,25-07-2026,,,,,Spotting,,,,,,0.25,,,RD235,,,
,25-07-2026,,,,,LU Loading,,,,,,4.57,,,RD235,,,
,25-07-2026,,,,,Waiting,,,,,,0.43,,,RD250,,,
,25-07-2026,,,,,LU Loading,,,,,,3.25,,,RD250,,,
,25-07-2026,,,,,Waiting,,,,,,0.83,,,RD228,,,
,25-07-2026,,,,,LU Loading,,,,,,3.53,,,RD228,,,
,25-07-2026,,,,,Waiting,,,,,,9.68,,,RD238,,,
,25-07-2026,,,,,LU Loading,,,,,,5.67,,,RD238,,,
,25-07-2026,,,,,Spotting,,,,,,1.1,,,RD235,,,
,25-07-2026,,,,,LU Loading,,,,,,3.32,,,RD235,,,
,25-07-2026,,,,,Waiting,,,,,,0.35,,,RD250,,,
,25-07-2026,,,,,LU Loading,,,,,,3.88,,,RD250,,,
,25-07-2026,,,,,Waiting,,,,,,0.55,,,RD228,,,
,25-07-2026,,,,,LU Loading,,,,,,3.12,,,RD228,,,
,25-07-2026,,,,,Waiting,,,,,,3.82,,,RD250,,,
,25-07-2026,,,,,Tea/ Breakfast / Snacks,,,,,,96.6,,,RD250,,,
,25-07-2026,,,,,Waiting,,,,,,0.18,,,RD250,,,
,25-07-2026,,,,,LU Loading,,,,,,7.8,,,RD250,,,
,25-07-2026,,,,,Waiting,,,,,,0.22,,,RD238,,,
,25-07-2026,,,,,LU Loading,,,,,,3.68,,,RD238,,,
,25-07-2026,,,,,Waiting,,,,,,1.2,,,RD228,,,
,25-07-2026,,,,,LU Loading,,,,,,27,,,RD228,,,
,25-07-2026,,,,,Waiting,,,,,,8.45,,,RD228,,,
,25-07-2026,,,,,LU Loading,,,,,,1.78,,,RD228,,,
,25-07-2026,,,,,LU Loading,,,,,,0.2,,,RD235,,,
,25-07-2026,,,,,Waiting,,,,,,0.28,,,,,,
,25-07-2026,,,,,LU Loading,,,,,,0.17,,,,,,
,25-07-2026,,,,,Waiting,,,,,,0.4,,,RD235,,,
,25-07-2026,,,,,LU Loading,,,,,,2.8,,,RD235,,,
,25-07-2026,,,,,Waiting,,,,,,3.77,,,RD235,,,
,25-07-2026,,,,,LU Loading,,,,,,2.88,,,RD235,,,
,25-07-2026,,,,,Waiting,,,,,,12.48,,,RD235,,,
,25-07-2026,,,,,LU Loading,,,,,,3.87,,,RD235,,,
,25-07-2026,,,,,Waiting,,,,,,13.53,,,RD250,,,
,25-07-2026,,,,,LU Loading,,,,,,4.02,,,RD250,,,
,25-07-2026,,,,,Waiting,,,,,,0.18,,,RD238,,,
,25-07-2026,,,,,LU Loading,,,,,,2.77,,,RD238,,,
,25-07-2026,,,,,Waiting,,,,,,0.12,,,RD228,,,
,25-07-2026,,,,,LU Loading,,,,,,3.65,,,RD228,,,
,25-07-2026,,,,,Waiting,,,,,,1.6,,,RD235,,,
,25-07-2026,,,,,LU Loading,,,,,,3.13,,,RD235,,,
,25-07-2026,,,,,Waiting,,,,,,8.13,,,RD235,,,
,25-07-2026,,,,,LU Loading,,,,,,0.32,,,RD235,,,
,25-07-2026,,,,,Waiting,,,,,,11.45,,,RD239,,,
,25-07-2026,,,,,Shift Change,,,,,,18.2,,,RD239,,,
,25-07-2026,,,,,,,,,,,,,,,,,
,Timestamp,,,,,Status Code,,Sub-Status Code,,,,"Duration
(min)",,,Hauling Unit,,,
,25-07-2026,,,,,Shift Change,,,,,,36.15,,,RD239,,,
,25-07-2026,,,,,Waiting,,,,,,7.02,,,RD239,,,
,25-07-2026,,,,,Spotting,,,,,,1.07,,,RD239,,,
,25-07-2026,,,,,LU Loading,,,,,,3.93,,,RD239,,,
,25-07-2026,,,,,Waiting,,,,,,2.13,,,RD244,,,
,25-07-2026,,,,,LU Loading,,,,,,3.1,,,RD244,,,
,25-07-2026,,,,,Waiting,,,,,,0.22,,,RD231,,,
,25-07-2026,,,,,LU Loading,,,,,,3.23,,,RD231,,,
,25-07-2026,,,,,Waiting,,,,,,0.77,,,RD245,,,
,25-07-2026,,,,,LU Loading,,,,,,2.93,,,RD245,,,
,25-07-2026,,,,,Waiting,,,,,,0.78,,,RD250,,,
,25-07-2026,,,,,LU Loading,,,,,,2.92,,,RD250,,,
,25-07-2026,,,,,Waiting,,,,,,5.98,,,RD239,,,
,25-07-2026,,,,,LU Loading,,,,,,3.42,,,RD239,,,
,25-07-2026,,,,,Waiting,,,,,,3.07,,,RD231,,,
,25-07-2026,,,,,LU Loading,,,,,,2.33,,,RD231,,,
,25-07-2026,,,,,Waiting,,,,,,0.87,,,RD244,,,
,25-07-2026,,,,,LU Loading,,,,,,3.02,,,RD244,,,
,25-07-2026,,,,,Waiting,,,,,,0.2,,,RD245,,,
,25-07-2026,,,,,Spotting,,,,,,0.37,,,RD245,,,
,25-07-2026,,,,,LU Loading,,,,,,2.97,,,RD245,,,
,25-07-2026,,,,,Waiting,,,,,,3.63,,,RD250,,,
,25-07-2026,,,,,Spotting,,,,,,0.4,,,RD250,,,
,25-07-2026,,,,,LU Loading,,,,,,2.25,,,RD250,,,
,25-07-2026,,,,,Waiting,,,,,,4.48,,,RD239,,,
,25-07-2026,,,,,LU Loading,,,,,,2.65,,,RD239,,,
,25-07-2026,,,,,Waiting,,,,,,0.43,,,RD231,,,
,25-07-2026,,,,,LU Loading,,,,,,2.7,,,RD231,,,
,25-07-2026,,,,,Waiting,,,,,,0.37,,,RD245,,,
,25-07-2026,,,,,LU Loading,,,,,,2.6,,,RD245,,,
,25-07-2026,,,,,Waiting,,,,,,2.45,,,RD244,,,
,25-07-2026,,,,,LU Loading,,,,,,2.82,,,RD244,,,
,25-07-2026,,,,,Waiting,,,,,,6.08,,,RD250,,,
,25-07-2026,,,,,LU Loading,,,,,,2.3,,,RD250,,,
,25-07-2026,,,,,Waiting,,,,,,1.25,,,RD239,,,
,25-07-2026,,,,,LU Loading,,,,,,3.37,,,RD239,,,
,25-07-2026,,,,,Waiting,,,,,,0.55,,,RD231,,,
,25-07-2026,,,,,LU Loading,,,,,,3.03,,,RD231,,,
,25-07-2026,,,,,Waiting,,,,,,0.4,,,RD245,,,
,25-07-2026,,,,,LU Loading,,,,,,2.45,,,RD245,,,
,25-07-2026,,,,,Waiting,,,,,,4.85,,,RD239,,,
,25-07-2026,,,,,LU Loading,,,,,,5.62,,,RD239,,,
,25-07-2026,,,,,Waiting,,,,,,0.13,,,RD244,,,
,25-07-2026,,,,,Spotting,,,,,,0.9,,,RD244,,,
,25-07-2026,,,,,LU Loading,,,,,,2.38,,,RD244,,,
,25-07-2026,,,,,Waiting,,,,,,0.2,,,RD239,,,
,25-07-2026,,,,,LU Loading,,,,,,3.05,,,RD239,,,
,25-07-2026,,,,,Waiting,,,,,,2.03,,,RD244,,,
,25-07-2026,,,,,LU Loading,,,,,,2.57,,,RD244,,,
,25-07-2026,,,,,Waiting,,,,,,3,,,RD239,,,
,25-07-2026,,,,,LU Loading,,,,,,2.6,,,RD239,,,
,25-07-2026,,,,,Waiting,,,,,,0.5,,,RD244,,,
,25-07-2026,,,,,LU Loading,,,,,,2.38,,,RD244,,,
,25-07-2026,,,,,Waiting,,,,,,0.8,,,RD239,,,
,25-07-2026,,,,,LU Loading,,,,,,2.58,,,RD239,,,
,25-07-2026,,,,,Waiting,,,,,,0.58,,,RD244,,,
,25-07-2026,,,,,LU Loading,,,,,,2.83,,,RD244,,,
,25-07-2026,,,,,Waiting,,,,,,1.35,,,RD239,,,
,25-07-2026,,,,,LU Loading,,,,,,2.68,,,RD239,,,
,25-07-2026,,,,,Waiting,,,,,,1.85,,,RD244,,,
,25-07-2026,,,,,LU Loading,,,,,,2.95,,,RD244,,,
,25-07-2026,,,,,Waiting,,,,,,2.53,,,RD239,,,
,25-07-2026,,,,,Spotting,,,,,,0.38,,,RD239,,,
,25-07-2026,,,,,LU Loading,,,,,,3.9,,,RD239,,,
,25-07-2026,,,,,Waiting,,,,,,0.35,,,RD244,,,
,25-07-2026,,,,,LU Loading,,,,,,3.42,,,RD244,,,
,25-07-2026,,,,,Waiting,,,,,,5.5,,,RD239,,,
,25-07-2026,,,,,LU Loading,,,,,,5.78,,,RD239,,,
,25-07-2026,,,,,Waiting,,,,,,14.2,,,RD239,,,
,25-07-2026,,,,,Spotting,,,,,,0.38,,,RD239,,,
,25-07-2026,,,,,LU Loading,,,,,,2.85,,,RD239,,,
,25-07-2026,,,,,Waiting,,,,,,7.77,,,RD239,,,
,25-07-2026,,,,,LU Loading,,,,,,3.22,,,RD239,,,
,25-07-2026,,,,,Waiting,,,,,,8.57,,,RD239,,,
,25-07-2026,,,,,LU Loading,,,,,,3.12,,,RD239,,,
,25-07-2026,,,,,Waiting,,,,,,11.57,,,RD250,,,
,25-07-2026,,,,,LU Loading,,,,,,3.92,,,RD250,,,
,25-07-2026,,,,,Waiting,,,,,,15.42,,,RD245,,,
,25-07-2026,,,,,LU Loading,,,,,,2.88,,,RD245,,,
,25-07-2026,,,,,Waiting,,,,,,5.37,,,RD244,,,
,25-07-2026,,,,,Fuel Filling,,,,,,1.3,,,RD244,,,
,25-07-2026,,,,,LU Loading,,,,,,8.15,,,RD244,,,
,25-07-2026,,,,,Waiting,,,,,,3.43,,,RD239,,,
,25-07-2026,,,,,LU Loading,,,,,,7.15,,,RD239,,,
,25-07-2026,,,,,Waiting,,,,,,0.58,,,RD244,,,
,25-07-2026,,,,,LU Loading,,,,,,3.45,,,RD244,,,
,25-07-2026,,,,,Waiting,,,,,,0.27,,,RD239,,,
,25-07-2026,,,,,Spotting,,,,,,0.38,,,RD239,,,
,25-07-2026,,,,,LU Loading,,,,,,3.12,,,RD239,,,
,25-07-2026,,,,,Waiting,,,,,,0.68,,,RD244,,,
,25-07-2026,,,,,LU Loading,,,,,,2.78,,,RD244,,,
,25-07-2026,,,,,Waiting,,,,,,0.32,,,RD239,,,
,25-07-2026,,,,,LU Loading,,,,,,3.17,,,RD239,,,
,25-07-2026,,,,,Waiting,,,,,,6.02,,,RD244,,,
,25-07-2026,,,,,Spotting,,,,,,0.53,,,RD244,,,
,25-07-2026,,,,,LU Loading,,,,,,3.47,,,RD244,,,
,25-07-2026,,,,,Waiting,,,,,,0.47,,,RD239,,,
,25-07-2026,,,,,LU Loading,,,,,,2.67,,,RD239,,,
,25-07-2026,,,,,Waiting,,,,,,3.73,,,RD244,,,
,25-07-2026,,,,, Down,,,,,,42.18,,,RD244,,,
,25-07-2026,,,,,Waiting,,,,,,1.78,,,RD244,,,
,25-07-2026,,,,,LU Loading,,,,,,3.1,,,RD244,,,
,25-07-2026,,,,,Waiting,,,,,,0.28,,,RD239,,,
,25-07-2026,,,,,LU Loading,,,,,,2.8,,,RD239,,,
,25-07-2026,,,,,Waiting,,,,,,0.77,,,RD244,,,
,25-07-2026,,,,,LU Loading,,,,,,3.07,,,RD244,,,
,25-07-2026,,,,,Waiting,,,,,,1.22,,,RD239,,,
,25-07-2026,,,,,Spotting,,,,,,0.72,,,RD239,,,
,25-07-2026,,,,,LU Loading,,,,,,2.55,,,RD239,,,
,25-07-2026,,,,,Waiting,,,,,,0.07,,,RD244,,,
,25-07-2026,,,,,Spotting,,,,,,0.35,,,RD244,,,
,25-07-2026,,,,,LU Loading,,,,,,3.63,,,RD244,,,
,25-07-2026,,,,,Waiting,,,,,,2.8,,,RD239,,,
,25-07-2026,,,,,LU Loading,,,,,,2.87,,,RD239,,,
,25-07-2026,,,,,Waiting,,,,,,0.47,,,RD244,,,
,25-07-2026,,,,,Spotting,,,,,,0.43,,,RD244,,,
,25-07-2026,,,,,LU Loading,,,,,,3.4,,,RD244,,,
,25-07-2026,,,,,Waiting,,,,,,2.15,,,RD239,,,
,25-07-2026,,,,,Spotting,,,,,,0.33,,,RD239,,,
,25-07-2026,,,,,LU Loading,,,,,,3.13,,,RD239,,,
,25-07-2026,,,,,Spotting,,,,,,0.33,,,RD244,,,
,25-07-2026,,,,,LU Loading,,,,,,3.28,,,RD244,,,
,25-07-2026,,,,,Waiting,,,,,,1.45,,,RD239,,,
,25-07-2026,,,,,LU Loading,,,,,,2.53,,,RD239,,,
,25-07-2026,,,,,Waiting,,,,,,0.63,,,RD244,,,
,25-07-2026,,,,,LU Loading,,,,,,2.95,,,RD244,,,
,25-07-2026,,,,,Waiting,,,,,,1.42,,,RD239,,,
,25-07-2026,,,,,LU Loading,,,,,,2.53,,,RD239,,,
,25-07-2026,,,,,Waiting,,,,,,0.6,,,RD244,,,
,25-07-2026,,,,,LU Loading,,,,,,2.9,,,RD244,,,
,25-07-2026,,,,,Waiting,,,,,,0.45,,,RD239,,,
,25-07-2026,,,,,LU Loading,,,,,,3.05,,,RD239,,,
,25-07-2026,,,,,Waiting,,,,,,0.98,,,RD244,,,
,25-07-2026,,,,,LU Loading,,,,,,3,,,RD244,,,
,25-07-2026,,,,,Waiting,,,,,,1.78,,,RD239,,,
,25-07-2026,,,,,LU Loading,,,,,,3.15,,,RD239,,,
,25-07-2026,,,,,Waiting,,,,,,1.48,,,RD244,,,
,25-07-2026,,,,,LU Loading,,,,,,2.33,,,RD244,,,
,25-07-2026,,,,,Waiting,,,,,,1.12,,,RD233,,,
,25-07-2026,,,,,Marching,,,,,,10.1,,,RD233,,,
,25-07-2026,,,,,Shift Change,,,,,,26.5,,,RD233,,,
,25-07-2026,,,,,Shift Change,,,,,,24.07,,,RD233,,,
,25-07-2026,,,,,Blasting,,,,,,44,,,RD233,,,
,25-07-2026,,,,,Daily Service,,,,,,179.95,,,RD233,,,
,25-07-2026,,,,,Marching,,,,,,27.48,,,RD233,,,
,25-07-2026,,,,,LU Loading,,,,,,3.27,,,RD233,,,
,25-07-2026,,,,,Waiting,,,,,,5.88,,,RD233,,,
,25-07-2026,,,,,LU Loading,,,,,,3.15,,,RD233,,,
,25-07-2026,,,,,Waiting,,,,,,3.33,,,RD251,,,
,25-07-2026,,,,,LU Loading,,,,,,2.33,,,RD251,,,
,25-07-2026,,,,,LU Loading,,,,,,4.12,,,RD233,,,
,25-07-2026,,,,,Waiting,,,,,,3.9,,,RD251,,,
,25-07-2026,,,,,LU Loading,,,,,,3.75,,,RD251,,,
,25-07-2026,,,,,Waiting,,,,,,0.67,,,RD233,,,
,25-07-2026,,,,,LU Loading,,,,,,3.77,,,RD233,,,
,25-07-2026,,,,,Waiting,,,,,,5.65,,,RD251,,,
,25-07-2026,,,,,LU Loading,,,,,,4.27,,,RD251,,,
,25-07-2026,,,,,Waiting,,,,,,0.28,,,RD233,,,
,25-07-2026,,,,,LU Loading,,,,,,3.08,,,RD233,,,
,25-07-2026,,,,,Waiting,,,,,,4.87,,,RD251,,,
,25-07-2026,,,,,LU Loading,,,,,,3.77,,,RD251,,,
,25-07-2026,,,,,Waiting,,,,,,0.45,,,RD233,,,
,25-07-2026,,,,,LU Loading,,,,,,3.08,,,RD233,,,
,25-07-2026,,,,,Waiting,,,,,,3.78,,,RD251,,,
,25-07-2026,,,,,LU Loading,,,,,,3.72,,,RD251,,,
,25-07-2026,,,,,LU Loading,,,,,,3.4,,,RD233,,,
,25-07-2026,,,,,Waiting,,,,,,0.53,,,RD251,,,
,25-07-2026,,,,,LU Loading,,,,,,3.3,,,RD251,,,
,25-07-2026,,,,,Waiting,,,,,,0.05,,,RD233,,,
,25-07-2026,,,,,LU Loading,,,,,,3.03,,,RD233,,,
,25-07-2026,,,,,Waiting,,,,,,1.32,,,RD251,,,
,25-07-2026,,,,,LU Loading,,,,,,3.23,,,RD251,,,
,25-07-2026,,,,,LU Loading,,,,,,3.87,,,RD233,,,
,25-07-2026,,,,,Waiting,,,,,,1.8,,,RD251,,,
,25-07-2026,,,,,LU Loading,,,,,,2.97,,,RD251,,,
,25-07-2026,,,,,LU Loading,,,,,,9.42,,,RD233,,,
,25-07-2026,,,,,LU Loading,,,,,,6.22,,,RD251,,,
,25-07-2026,,,,,LU Loading,,,,,,5.73,,,RD233,,,
,25-07-2026,,,,,LU Loading,,,,,,3.67,,,RD251,,,
,25-07-2026,,,,,Waiting,,,,,,0.07,,,RD233,,,
,25-07-2026,,,,,LU Loading,,,,,,4.48,,,RD233,,,
,25-07-2026,,,,,LU Loading,,,,,,3.72,,,RD251,,,
,25-07-2026,,,,,Spotting,,,,,,0.65,,,RD233,,,
,25-07-2026,,,,,LU Loading,,,,,,3.33,,,RD233,,,
,25-07-2026,,,,,Waiting,,,,,,1.42,,,RD251,,,
,25-07-2026,,,,, Down,,,,,,2.47,,,RD251,,,
,25-07-2026,,,,,Waiting,,,,,,0.08,,,RD251,,,
,25-07-2026,,,,,LU Loading,,,,,,0.02,,,RD251,,,
,25-07-2026,,,,,Waiting,,,,,,18.57,,,RD240,,,
,25-07-2026,,,,,Daily Service,,,,,,54.05,,,RD240,,,
,25-07-2026,,,,,Daily Service,,,,,,87.95,,,RD240,,,
,25-07-2026,,,,,Schedule No Work,,,,,,57.22,,,RD240,,,
,26-07-2026,,,,,Waiting,,,,,,0.2,,,RD240,,,
,26-07-2026,,,,,LU Loading,,,,,,3.47,,,RD240,,,
,26-07-2026,,,,,Waiting,,,,,,5.02,,,RD240,,,
,26-07-2026,,,,,LU Loading,,,,,,3.78,,,RD240,,,
,26-07-2026,,,,,Waiting,,,,,,0.6,,,RD239,,,
,26-07-2026,,,,,LU Loading,,,,,,3.75,,,RD239,,,
,26-07-2026,,,,,Waiting,,,,,,0.53,,,RD240,,,
,26-07-2026,,,,,Spotting,,,,,,0.27,,,RD240,,,
,26-07-2026,,,,,LU Loading,,,,,,3.45,,,RD240,,,
,26-07-2026,,,,,Waiting,,,,,,0.05,,,RD239,,,
,26-07-2026,,,,,Spotting,,,,,,0.3,,,RD239,,,
,26-07-2026,,,,,LU Loading,,,,,,5.15,,,RD239,,,
,26-07-2026,,,,,Waiting,,,,,,1.7,,,RD240,,,
,26-07-2026,,,,,LU Loading,,,,,,4.33,,,RD240,,,
,26-07-2026,,,,,Waiting,,,,,,0.27,,,RD239,,,
,26-07-2026,,,,,Spotting,,,,,,0.3,,,RD239,,,
,26-07-2026,,,,,LU Loading,,,,,,10.15,,,RD239,,,
,26-07-2026,,,,,Waiting,,,,,,3,,,RD240,,,
,26-07-2026,,,,,LU Loading,,,,,,6.58,,,RD240,,,
,26-07-2026,,,,,Waiting,,,,,,0.78,,,RD239,,,
,26-07-2026,,,,,Spotting,,,,,,0.22,,,RD239,,,
,26-07-2026,,,,,LU Loading,,,,,,5.48,,,RD239,,,
,26-07-2026,,,,,Waiting,,,,,,1.1,,,RD240,,,
,26-07-2026,,,,,Spotting,,,,,,0.27,,,RD240,,,
,26-07-2026,,,,,LU Loading,,,,,,5.57,,,RD240,,,
,26-07-2026,,,,,Waiting,,,,,,15.73,,,RD240,,,
,26-07-2026,,,,,LU Loading,,,,,,10.15,,,RD240,,,
,26-07-2026,,,,,Waiting,,,,,,5.47,,,RD240,,,
,26-07-2026,,,,,LU Loading,,,,,,4.13,,,RD240,,,
,26-07-2026,,,,,Waiting,,,,,,5.58,,,RD240,,,
,26-07-2026,,,,,LU Loading,,,,,,3.9,,,RD240,,,
,26-07-2026,,,,,Waiting,,,,,,5.65,,,RD240,,,
,26-07-2026,,,,,LU Loading,,,,,,3.55,,,RD240,,,
,26-07-2026,,,,,Waiting,,,,,,5.77,,,RD240,,,
,26-07-2026,,,,,LU Loading,,,,,,3.77,,,RD240,,,
,26-07-2026,,,,,Waiting,,,,,,5.3,,,RD240,,,
,26-07-2026,,,,,LU Loading,,,,,,3.32,,,RD240,,,
,26-07-2026,,,,,Waiting,,,,,,11.12,,,RD239,,,
,26-07-2026,,,,,LU Loading,,,,,,3.73,,,RD239,,,
,26-07-2026,,,,,Waiting,,,,,,4.75,,,RD239,,,
,26-07-2026,,,,,LU Loading,,,,,,4.43,,,RD239,,,
,26-07-2026,,,,,Waiting,,,,,,5.92,,,RD239,,,
,26-07-2026,,,,,LU Loading,,,,,,4,,,RD239,,,
,26-07-2026,,,,,Waiting,,,,,,6.5,,,RD239,,,
,26-07-2026,,,,,Spotting,,,,,,0.37,,,RD239,,,
,26-07-2026,,,,,LU Loading,,,,,,3.47,,,RD239,,,
,26-07-2026,,,,,Waiting,,,,,,5.47,,,RD239,,,
,26-07-2026,,,,,LU Loading,,,,,,3.38,,,RD239,,,
,26-07-2026,,,,,Waiting,,,,,,4.87,,,RD239,,,
,26-07-2026,,,,,LU Loading,,,,,,3.58,,,RD239,,,
,26-07-2026,,,,,Waiting,,,,,,6.95,,,RD239,,,
,26-07-2026,,,,,LU Loading,,,,,,4.07,,,RD239,,,
,26-07-2026,,,,,Waiting,,,,,,5.03,,,RD239,,,
,26-07-2026,,,,,LU Loading,,,,,,3.9,,,RD239,,,
,26-07-2026,,,,,Waiting,,,,,,10.13,,,RD239,,,
,26-07-2026,,,,,Spotting,,,,,,0.25,,,RD239,,,
,26-07-2026,,,,,LU Loading,,,,,,4.17,,,RD239,,,
,26-07-2026,,,,,Waiting,,,,,,0.6,,,RD240,,,
,26-07-2026,,,,,LU Loading,,,,,,4.53,,,RD240,,,
,26-07-2026,,,,,Waiting,,,,,,1,,,RD239,,,
,26-07-2026,,,,,Spotting,,,,,,0.92,,,RD239,,,
,26-07-2026,,,,,LU Loading,,,,,,4.25,,,RD239,,,
,26-07-2026,,,,,Waiting,,,,,,0.98,,,RD240,,,
,26-07-2026,,,,,LU Loading,,,,,,4.58,,,RD240,,,
,26-07-2026,,,,,Waiting,,,,,,0.9,,,RD239,,,
,26-07-2026,,,,,Spotting,,,,,,0.43,,,RD239,,,
,26-07-2026,,,,,LU Loading,,,,,,4.53,,,RD239,,,
,26-07-2026,,,,,Waiting,,,,,,2.82,,,RD240,,,
,26-07-2026,,,,,LU Loading,,,,,,4.23,,,RD240,,,
,26-07-2026,,,,,Waiting,,,,,,0.62,,,RD239,,,
,26-07-2026,,,,,LU Loading,,,,,,3.47,,,RD239,,,
,26-07-2026,,,,,Waiting,,,,,,3.57,,,RD240,,,
,26-07-2026,,,,,LU Loading,,,,,,4.18,,,RD240,,,
,26-07-2026,,,,,Waiting,,,,,,1.85,,,RD239,,,
,26-07-2026,,,,,LU Loading,,,,,,3.77,,,RD239,,,
,26-07-2026,,,,,Waiting,,,,,,2.68,,,RD240,,,
,26-07-2026,,,,,LU Loading,,,,,,4.43,,,RD240,,,
,26-07-2026,,,,,Waiting,,,,,,1.48,,,RD239,,,
,26-07-2026,,,,,LU Loading,,,,,,3.75,,,RD239,,,
,26-07-2026,,,,,Waiting,,,,,,19.42,,,RD241,,,
,26-07-2026,,,,,Shift Change,,,,,,21.12,,,RD241,,,
,26-07-2026,,,,,,,,,,,,,,,,,
,Timestamp,,,,,Status Code,,Sub-Status Code,,,,"Duration
(min)",,,Hauling Unit,,,
,26-07-2026,,,,,Shift Change,,,,,,40.2,,,RD241,,,
,26-07-2026,,,,,Waiting,,,,,,10.63,,,RD241,,,
,26-07-2026,,,,,LU Loading,,,,,,4.83,,,RD241,,,
,26-07-2026,,,,,Waiting,,,,,,9.32,,,RD231,,,
,26-07-2026,,,,,LU Loading,,,,,,3.78,,,RD231,,,
,26-07-2026,,,,,Spotting,,,,,,0.15,,,RD253,,,
,26-07-2026,,,,,LU Loading,,,,,,3.97,,,RD253,,,
,26-07-2026,,,,,Spotting,,,,,,0.3,,,RD241,,,
,26-07-2026,,,,,LU Loading,,,,,,3.32,,,RD241,,,
,26-07-2026,,,,,Waiting,,,,,,6.8,,,RD232,,,
,26-07-2026,,,,,Spotting,,,,,,0.35,,,RD232,,,
,26-07-2026,,,,,LU Loading,,,,,,3.78,,,RD232,,,
,26-07-2026,,,,,Waiting,,,,,,1.23,,,RD231,,,
,26-07-2026,,,,,Spotting,,,,,,0.4,,,RD231,,,
,26-07-2026,,,,,LU Loading,,,,,,3.7,,,RD231,,,
,26-07-2026,,,,,Waiting,,,,,,0.63,,,RD253,,,
,26-07-2026,,,,,LU Loading,,,,,,2.75,,,RD253,,,
,26-07-2026,,,,,Waiting,,,,,,17.48,,,RD241,,,
,26-07-2026,,,,,LU Loading,,,,,,12.6,,,RD241,,,
,26-07-2026,,,,,Waiting,,,,,,0.63,,,RD232,,,
,26-07-2026,,,,,Spotting,,,,,,0.38,,,RD232,,,
,26-07-2026,,,,,LU Loading,,,,,,6.05,,,RD232,,,
,26-07-2026,,,,,LU Loading,,,,,,0.02,,,RD231,,,
,26-07-2026,,,,,Waiting,,,,,,0.08,,,RD231,,,
,26-07-2026,,,,,LU Loading,,,,,,4.85,,,RD231,,,
,26-07-2026,,,,,LU Loading,,,,,,3.47,,,RD253,,,
,26-07-2026,,,,,Waiting,,,,,,17.18,,,RD241,,,
,26-07-2026,,,,,Spotting,,,,,,0.35,,,RD241,,,
,26-07-2026,,,,,LU Loading,,,,,,4.92,,,RD241,,,
,26-07-2026,,,,,LU Loading,,,,,,3.3,,,RD253,,,
,26-07-2026,,,,,Waiting,,,,,,0.78,,,RD231,,,
,26-07-2026,,,,,LU Loading,,,,,,3.3,,,RD231,,,
,26-07-2026,,,,,Waiting,,,,,,0.93,,,RD232,,,
,26-07-2026,,,,,Spotting,,,,,,0.4,,,RD232,,,
,26-07-2026,,,,,LU Loading,,,,,,3.38,,,RD232,,,
,26-07-2026,,,,,Waiting,,,,,,0.98,,,RD241,,,
,26-07-2026,,,,,LU Loading,,,,,,3.27,,,RD241,,,
,26-07-2026,,,,,Waiting,,,,,,10.18,,,RD241,,,
,26-07-2026,,,,, Down,,,,,,210.5,,,RD241,,,
,26-07-2026,,,,,Waiting,,,,,,6.4,,,RD241,,,
,26-07-2026,,,,,Marching,,,,,,5.1,,,RD241,,,
,26-07-2026,,,,,Waiting,,,,,,8.45,,,RD241,,,
,26-07-2026,,,,,LU Loading,,,,,,3.88,,,RD241,,,
,26-07-2026,,,,,Waiting,,,,,,2.93,,,RD232,,,
,26-07-2026,,,,,LU Loading,,,,,,2.85,,,RD232,,,
,26-07-2026,,,,,Waiting,,,,,,1.1,,,RD230,,,
,26-07-2026,,,,,LU Loading,,,,,,2.67,,,RD230,,,
,26-07-2026,,,,,Waiting,,,,,,23.42,,,RD241,,,
,26-07-2026,,,,,Shift Change,,,,,,22,,,RD241,,,
,26-07-2026,,,,,Shift Change,,,,,,79.07,,,RD241,,,
,26-07-2026,,,,,Waiting,,,,,,1.23,,,RD241,,,
,26-07-2026,,,,,LU Loading,,,,,,6.15,,,RD241,,,
,26-07-2026,,,,,Waiting,,,,,,1.3,,,RD243,,,
,26-07-2026,,,,,LU Loading,,,,,,3.52,,,RD243,,,
,26-07-2026,,,,,Waiting,,,,,,1.2,,,RD143,,,
,26-07-2026,,,,,LU Loading,,,,,,4.22,,,RD143,,,
,26-07-2026,,,,,Waiting,,,,,,2.08,,,RD253,,,
,26-07-2026,,,,,Spotting,,,,,,0.37,,,RD253,,,
,26-07-2026,,,,,LU Loading,,,,,,3.18,,,RD253,,,
,26-07-2026,,,,,Waiting,,,,,,3.27,,,RD241,,,
,26-07-2026,,,,,LU Loading,,,,,,3.45,,,RD241,,,
,26-07-2026,,,,,Waiting,,,,,,1.77,,,RD243,,,
,26-07-2026,,,,,LU Loading,,,,,,4.07,,,RD243,,,
,26-07-2026,,,,,Waiting,,,,,,15.03,,,RD253,,,
,26-07-2026,,,,,Spotting,,,,,,0.17,,,RD253,,,
,26-07-2026,,,,,LU Loading,,,,,,3.7,,,RD253,,,
,26-07-2026,,,,,Waiting,,,,,,0.88,,,RD241,,,
,26-07-2026,,,,,LU Loading,,,,,,5.4,,,RD241,,,
,26-07-2026,,,,,Waiting,,,,,,1.82,,,RD243,,,
,26-07-2026,,,,,LU Loading,,,,,,4.07,,,RD243,,,
,26-07-2026,,,,,Waiting,,,,,,1.65,,,RD141,,,
,26-07-2026,,,,,LU Loading,,,,,,3.13,,,RD141,,,
,26-07-2026,,,,,Waiting,,,,,,1.5,,,RD143,,,
,26-07-2026,,,,,LU Loading,,,,,,6.1,,,RD143,,,
,26-07-2026,,,,,Waiting,,,,,,7.87,,,RD241,,,
,26-07-2026,,,,,Face Prep,,,,,,14.75,,,RD241,,,
,26-07-2026,,,,,LU Loading,,,,,,4.32,,,RD241,,,
,26-07-2026,,,,,Waiting,,,,,,1.18,,,RD253,,,
,26-07-2026,,,,,LU Loading,,,,,,2.83,,,RD253,,,
,26-07-2026,,,,,Waiting,,,,,,0.93,,,RD243,,,
,26-07-2026,,,,,LU Loading,,,,,,3.18,,,RD243,,,
,26-07-2026,,,,,Waiting,,,,,,1.2,,,RD141,,,
,26-07-2026,,,,,LU Loading,,,,,,2.82,,,RD141,,,
,26-07-2026,,,,,Waiting,,,,,,6.6,,,RD241,,,
,26-07-2026,,,,,LU Loading,,,,,,3.38,,,RD241,,,
,26-07-2026,,,,,Waiting,,,,,,6.15,,,RD243,,,
,26-07-2026,,,,,Spotting,,,,,,0.22,,,RD243,,,
,26-07-2026,,,,,LU Loading,,,,,,2.93,,,RD243,,,
,26-07-2026,,,,,Waiting,,,,,,5.07,,,RD253,,,
,26-07-2026,,,,,Spotting,,,,,,0.62,,,RD253,,,
,26-07-2026,,,,,LU Loading,,,,,,3.12,,,RD253,,,
,26-07-2026,,,,,Waiting,,,,,,1.37,,,RD241,,,
,26-07-2026,,,,,Spotting,,,,,,0.45,,,RD241,,,
,26-07-2026,,,,,LU Loading,,,,,,4.3,,,RD241,,,
,26-07-2026,,,,,Waiting,,,,,,5.9,,,RD243,,,
,26-07-2026,,,,,LU Loading,,,,,,2.8,,,RD243,,,
,26-07-2026,,,,,Waiting,,,,,,0.33,,,RD253,,,
,26-07-2026,,,,,Spotting,,,,,,0.27,,,RD253,,,
,26-07-2026,,,,,LU Loading,,,,,,3.4,,,RD253,,,
,26-07-2026,,,,,Waiting,,,,,,1.12,,,RD241,,,
,26-07-2026,,,,,LU Loading,,,,,,2.62,,,RD241,,,
,26-07-2026,,,,,Waiting,,,,,,7.08,,,RD243,,,
,26-07-2026,,,,,LU Loading,,,,,,3.25,,,RD243,,,
,26-07-2026,,,,,Waiting,,,,,,4.68,,,RD241,,,
,26-07-2026,,,,,LU Loading,,,,,,2.67,,,RD241,,,
,26-07-2026,,,,,Waiting,,,,,,13.22,,,RD243,,,
,26-07-2026,,,,,LU Loading,,,,,,3.3,,,RD243,,,
,26-07-2026,,,,,Waiting,,,,,,0.3,,,RD241,,,
,26-07-2026,,,,,LU Loading,,,,,,3.25,,,RD241,,,
,26-07-2026,,,,,Waiting,,,,,,16.6,,,RD243,,,
,26-07-2026,,,,,LU Loading,,,,,,3.12,,,RD243,,,
,26-07-2026,,,,,Waiting,,,,,,3.17,,,RD253,,,
,26-07-2026,,,,,LU Loading,,,,,,3.35,,,RD253,,,
,26-07-2026,,,,,Waiting,,,,,,2.45,,,RD233,,,
,26-07-2026,,,,,LU Loading,,,,,,3.43,,,RD233,,,
,26-07-2026,,,,,Waiting,,,,,,1.53,,,RD243,,,
,26-07-2026,,,,,LU Loading,,,,,,3.07,,,RD243,,,
,26-07-2026,,,,,Waiting,,,,,,12.93,,,RD233,,,
,26-07-2026,,,,,LU Loading,,,,,,3.6,,,RD233,,,
,26-07-2026,,,,,Waiting,,,,,,1.62,,,RD253,,,
,26-07-2026,,,,,LU Loading,,,,,,3.92,,,RD253,,,
,26-07-2026,,,,,Waiting,,,,,,0.5,,,RD241,,,
,26-07-2026,,,,,LU Loading,,,,,,3.7,,,RD241,,,
,26-07-2026,,,,,Waiting,,,,,,7.27,,,RD233,,,
,26-07-2026,,,,,LU Loading,,,,,,3.77,,,RD233,,,
,26-07-2026,,,,,Waiting,,,,,,9.93,,,RD241,,,
,26-07-2026,,,,,LU Loading,,,,,,3.52,,,RD241,,,
,26-07-2026,,,,,Waiting,,,,,,2.87,,,RD143,,,
,26-07-2026,,,,,LU Loading,,,,,,1.43,,,RD143,,,
,26-07-2026,,,,,Waiting,,,,,,1.3,,,RD243,,,
,26-07-2026,,,,,LU Loading,,,,,,3.3,,,RD243,,,
,26-07-2026,,,,,Waiting,,,,,,1.23,,,RD253,,,
,26-07-2026,,,,,Spotting,,,,,,0.23,,,RD253,,,
,26-07-2026,,,,,LU Loading,,,,,,3.72,,,RD253,,,
,26-07-2026,,,,,Waiting,,,,,,0.65,,,RD233,,,
,26-07-2026,,,,,LU Loading,,,,,,5,,,RD233,,,
,26-07-2026,,,,,Waiting,,,,,,0.57,,,RD241,,,
,26-07-2026,,,,,LU Loading,,,,,,4.75,,,RD241,,,
,26-07-2026,,,,,Waiting,,,,,,7.68,,,RD143,,,
,26-07-2026,,,,,LU Loading,,,,,,5.53,,,RD143,,,
,26-07-2026,,,,,LU Loading,,,,,,1.8,,,RD243,,,
,26-07-2026,,,,,Waiting,,,,,,0.65,,,RD233,,,
,26-07-2026,,,,,LU Loading,,,,,,2.88,,,RD233,,,
,26-07-2026,,,,,Waiting,,,,,,0.72,,,RD241,,,
,26-07-2026,,,,,LU Loading,,,,,,4.12,,,RD241,,,
,26-07-2026,,,,,Waiting,,,,,,1.55,,,RD253,,,
,26-07-2026,,,,,LU Loading,,,,,,3.33,,,RD253,,,
,26-07-2026,,,,,Waiting,,,,,,10.28,,,RD233,,,
,26-07-2026,,,,,LU Loading,,,,,,3.22,,,RD233,,,
,26-07-2026,,,,,Waiting,,,,,,0.35,,,RD241,,,
,26-07-2026,,,,,LU Loading,,,,,,3.77,,,RD241,,,
,26-07-2026,,,,,Waiting,,,,,,8.13,,,RD237,,,
,26-07-2026,,,,,Shift Change,,,,,,27.68,,,RD237,,,
,26-07-2026,,,,,Shift Change,,,,,,29.05,,,RD237,,,
,26-07-2026,,,,,LU Loading,,,,,,10.08,,,RD237,,,
,26-07-2026,,,,,Waiting,,,,,,6.6,,,RD244,,,
,26-07-2026,,,,,LU Loading,,,,,,2.95,,,RD244,,,
,26-07-2026,,,,,Waiting,,,,,,0.98,,,RD238,,,
,26-07-2026,,,,,LU Loading,,,,,,3.15,,,RD238,,,
,26-07-2026,,,,,Waiting,,,,,,1.58,,,RD237,,,
,26-07-2026,,,,,Spotting,,,,,,1.03,,,RD237,,,
,26-07-2026,,,,,LU Loading,,,,,,2.68,,,RD237,,,
,26-07-2026,,,,,Waiting,,,,,,0.55,,,RD232,,,
,26-07-2026,,,,,LU Loading,,,,,,3.63,,,RD232,,,
,26-07-2026,,,,,Waiting,,,,,,0.7,,,RD231,,,
,26-07-2026,,,,,LU Loading,,,,,,3.55,,,RD231,,,
,26-07-2026,,,,,Waiting,,,,,,0.95,,,RD236,,,
,26-07-2026,,,,,LU Loading,,,,,,3.17,,,RD236,,,
,26-07-2026,,,,,Waiting,,,,,,1.25,,,RD244,,,
,26-07-2026,,,,,LU Loading,,,,,,3.35,,,RD244,,,
,26-07-2026,,,,,Waiting,,,,,,0.65,,,RD238,,,
,26-07-2026,,,,,LU Loading,,,,,,3.27,,,RD238,,,
,26-07-2026,,,,,Waiting,,,,,,0.55,,,RD237,,,
,26-07-2026,,,,,Spotting,,,,,,0.13,,,RD237,,,
,26-07-2026,,,,,LU Loading,,,,,,3.38,,,RD237,,,
,26-07-2026,,,,,Waiting,,,,,,3.93,,,RD232,,,
,26-07-2026,,,,,Spotting,,,,,,0.33,,,RD232,,,
,26-07-2026,,,,,LU Loading,,,,,,2.8,,,RD232,,,
,26-07-2026,,,,,Waiting,,,,,,8.63,,,RD244,,,
,26-07-2026,,,,,LU Loading,,,,,,3.32,,,RD244,,,
,26-07-2026,,,,,Waiting,,,,,,0.6,,,RD238,,,
,26-07-2026,,,,,LU Loading,,,,,,2.97,,,RD238,,,
,26-07-2026,,,,,Waiting,,,,,,0.7,,,RD237,,,
,26-07-2026,,,,,LU Loading,,,,,,2.78,,,RD237,,,
,26-07-2026,,,,,Waiting,,,,,,0.63,,,RD236,,,
,26-07-2026,,,,,Spotting,,,,,,0.25,,,RD236,,,
,26-07-2026,,,,,LU Loading,,,,,,2.65,,,RD236,,,
,26-07-2026,,,,,Waiting,,,,,,2.03,,,RD232,,,
,26-07-2026,,,,,Spotting,,,,,,0.28,,,RD232,,,
,26-07-2026,,,,,LU Loading,,,,,,3.2,,,RD232,,,
,26-07-2026,,,,,Waiting,,,,,,4.43,,,RD237,,,
,27-07-2026,,,,,LU Loading,,,,,,3.32,,,RD237,,,
,27-07-2026,,,,,Waiting,,,,,,1.98,,,RD233,,,
,27-07-2026,,,,,LU Loading,,,,,,2.98,,,RD233,,,
,27-07-2026,,,,,Waiting,,,,,,2.43,,,RD238,,,
,27-07-2026,,,,,Face Prep,,,,,,11.5,,,RD238,,,
,27-07-2026,,,,,Waiting,,,,,,0.2,,,RD238,,,
,27-07-2026,,,,,LU Loading,,,,,,2.95,,,RD238,,,
,27-07-2026,,,,,Waiting,,,,,,0.4,,,RD244,,,
,27-07-2026,,,,,LU Loading,,,,,,3.07,,,RD244,,,
,27-07-2026,,,,,Waiting,,,,,,0.67,,,RD232,,,
,27-07-2026,,,,,LU Loading,,,,,,3.7,,,RD232,,,
,27-07-2026,,,,,Waiting,,,,,,0.48,,,RD237,,,
,27-07-2026,,,,,LU Loading,,,,,,3.15,,,RD237,,,
,27-07-2026,,,,,Waiting,,,,,,0.63,,,RD236,,,
,27-07-2026,,,,,Spotting,,,,,,0.2,,,RD236,,,
,27-07-2026,,,,,LU Loading,,,,,,3.22,,,RD236,,,
,27-07-2026,,,,,Waiting,,,,,,0.75,,,RD233,,,
,27-07-2026,,,,,LU Loading,,,,,,3.48,,,RD233,,,
,27-07-2026,,,,,Waiting,,,,,,1.68,,,RD238,,,
,27-07-2026,,,,,LU Loading,,,,,,2.97,,,RD238,,,
,27-07-2026,,,,,Waiting,,,,,,0.83,,,RD232,,,
,27-07-2026,,,,,LU Loading,,,,,,3.27,,,RD232,,,
,27-07-2026,,,,,Waiting,,,,,,0.47,,,RD237,,,
,27-07-2026,,,,,Spotting,,,,,,0.22,,,RD237,,,
,27-07-2026,,,,,LU Loading,,,,,,3.25,,,RD237,,,
,27-07-2026,,,,,Waiting,,,,,,0.87,,,RD244,,,
,27-07-2026,,,,,LU Loading,,,,,,3.13,,,RD244,,,
,27-07-2026,,,,,Waiting,,,,,,0.72,,,RD236,,,
,27-07-2026,,,,,Spotting,,,,,,0.88,,,RD236,,,
,27-07-2026,,,,,LU Loading,,,,,,3.8,,,RD236,,,
,27-07-2026,,,,,Waiting,,,,,,3.82,,,RD233,,,
,27-07-2026,,,,,LU Loading,,,,,,4.07,,,RD233,,,
,27-07-2026,,,,,Waiting,,,,,,0.63,,,RD238,,,
,27-07-2026,,,,,LU Loading,,,,,,4.45,,,RD238,,,
,27-07-2026,,,,,Waiting,,,,,,1.18,,,RD244,,,
,27-07-2026,,,,,Spotting,,,,,,0.47,,,RD244,,,
,27-07-2026,,,,,LU Loading,,,,,,3.27,,,RD244,,,
,27-07-2026,,,,,Waiting,,,,,,6.25,,,RD232,,,
,27-07-2026,,,,,Spotting,,,,,,0.32,,,RD232,,,
,27-07-2026,,,,,LU Loading,,,,,,3.38,,,RD232,,,
,27-07-2026,,,,,Waiting,,,,,,2.07,,,RD238,,,
,27-07-2026,,,,,Spotting,,,,,,0.53,,,RD238,,,
,27-07-2026,,,,,LU Loading,,,,,,2.53,,,RD238,,,
,27-07-2026,,,,,Waiting,,,,,,1.13,,,RD249,,,
,27-07-2026,,,,,LU Loading,,,,,,2.83,,,RD249,,,
,27-07-2026,,,,,Waiting,,,,,,0.22,,,RD235,,,
,27-07-2026,,,,,LU Loading,,,,,,3.07,,,RD235,,,
,27-07-2026,,,,,Waiting,,,,,,4.17,,,RD244,,,
,27-07-2026,,,,,Spotting,,,,,,0.37,,,RD244,,,
,27-07-2026,,,,,LU Loading,,,,,,3.45,,,RD244,,,
,27-07-2026,,,,,Waiting,,,,,,2.7,,,RD238,,,
,27-07-2026,,,,,LU Loading,,,,,,3,,,RD238,,,
,27-07-2026,,,,,Waiting,,,,,,0.75,,,RD235,,,
,27-07-2026,,,,,LU Loading,,,,,,2.45,,,RD235,,,
,27-07-2026,,,,,Spotting,,,,,,0.1,,,RD249,,,
,27-07-2026,,,,,LU Loading,,,,,,2.95,,,RD249,,,
,27-07-2026,,,,,Waiting,,,,,,6.62,,,RD244,,,
,27-07-2026,,,,,Spotting,,,,,,0.38,,,RD244,,,
,27-07-2026,,,,,LU Loading,,,,,,2.6,,,RD244,,,
,27-07-2026,,,,,Waiting,,,,,,0.45,,,RD238,,,
,27-07-2026,,,,,Spotting,,,,,,0.35,,,RD238,,,
,27-07-2026,,,,,LU Loading,,,,,,2.1,,,RD238,,,
,27-07-2026,,,,,Waiting,,,,,,16.7,,,RD244,,,
,27-07-2026,,,,,Spotting,,,,,,0.38,,,RD244,,,
,27-07-2026,,,,,LU Loading,,,,,,3.2,,,RD244,,,
,27-07-2026,,,,,Waiting,,,,,,4.7,,,RD232,,,
,27-07-2026,,,,,LU Loading,,,,,,4.02,,,RD232,,,
,27-07-2026,,,,,Waiting,,,,,,1.62,,,RD237,,,
,27-07-2026,,,,,LU Loading,,,,,,3.1,,,RD237,,,
,27-07-2026,,,,,Waiting,,,,,,0.93,,,RD244,,,
,27-07-2026,,,,,LU Loading,,,,,,2.82,,,RD244,,,
,27-07-2026,,,,,Waiting,,,,,,0.8,,,RD233,,,
,27-07-2026,,,,,Spotting,,,,,,0.45,,,RD233,,,
,27-07-2026,,,,,LU Loading,,,,,,2.62,,,RD233,,,
,27-07-2026,,,,,Waiting,,,,,,5.6,,,RD237,,,
,27-07-2026,,,,,Spotting,,,,,,0.35,,,RD237,,,
,27-07-2026,,,,,LU Loading,,,,,,2.42,,,RD237,,,
,27-07-2026,,,,,Waiting,,,,,,0.38,,,RD232,,,
,27-07-2026,,,,,Spotting,,,,,,1.2,,,RD232,,,
,27-07-2026,,,,,LU Loading,,,,,,2.07,,,RD232,,,
,27-07-2026,,,,,Waiting,,,,,,0.87,,,RD236,,,
,27-07-2026,,,,,LU Loading,,,,,,2.62,,,RD236,,,
,27-07-2026,,,,,Waiting,,,,,,3.67,,,RD233,,,
,27-07-2026,,,,,LU Loading,,,,,,2.68,,,RD233,,,
,27-07-2026,,,,,Waiting,,,,,,0.93,,,RD238,,,
,27-07-2026,,,,,LU Loading,,,,,,2.47,,,RD238,,,
,27-07-2026,,,,,Waiting,,,,,,0.57,,,RD237,,,
,27-07-2026,,,,,LU Loading,,,,,,3.28,,,RD237,,,
,27-07-2026,,,,,Waiting,,,,,,8.02,,,RD232,,,
,27-07-2026,,,,,LU Loading,,,,,,8.55,,,RD232,,,
,27-07-2026,,,,,Waiting,,,,,,4,,,RD238,,,
,27-07-2026,,,,,Spotting,,,,,,0.35,,,RD238,,,
,27-07-2026,,,,,LU Loading,,,,,,2.67,,,RD238,,,
,27-07-2026,,,,,Waiting,,,,,,7.95,,,RD237,,,
,27-07-2026,,,,,LU Loading,,,,,,5.58,,,RD237,,,
,27-07-2026,,,,,Waiting,,,,,,2.83,,,RD233,,,
,27-07-2026,,,,,Spotting,,,,,,0.25,,,RD233,,,
,27-07-2026,,,,,LU Loading,,,,,,4.93,,,RD233,,,
,27-07-2026,,,,,Waiting,,,,,,7.48,,,RD236,,,
,27-07-2026,,,,,LU Loading,,,,,,4.13,,,RD236,,,
,27-07-2026,,,,,LU Loading,,,,,,4.97,,,RD244,,,
,27-07-2026,,,,,LU Loading,,,,,,3.62,,,RD236,,,
,27-07-2026,,,,,LU Loading,,,,,,3.45,,,RD244,,,
,27-07-2026,,,,,LU Loading,,,,,,3.67,,,RD236,,,
,27-07-2026,,,,,Waiting,,,,,,2.25,,,RD244,,,
,27-07-2026,,,,,LU Loading,,,,,,3.8,,,RD244,,,
,27-07-2026,,,,,LU Loading,,,,,,4.35,,,RD236,,,
,27-07-2026,,,,,Waiting,,,,,,3.73,,,RD244,,,
,27-07-2026,,,,,LU Loading,,,,,,4.02,,,RD244,,,
,27-07-2026,,,,,LU Loading,,,,,,5.78,,,RD236,,,
,27-07-2026,,,,,LU Loading,,,,,,3.02,,,RD244,,,
,27-07-2026,,,,,Waiting,,,,,,2.87,,,RD244,,,
,27-07-2026,,,,,LU Loading,,,,,,3.05,,,RD244,,,
,27-07-2026,,,,,LU Loading,,,,,,1.88,,,RD236,,,
,27-07-2026,,,,,Waiting,,,,,,0.85,,,RD244,,,
,27-07-2026,,,,,LU Loading,,,,,,4.25,,,RD244,,,
,27-07-2026,,,,,Waiting,,,,,,3.03,,,RD244,,,
,27-07-2026,,,,,LU Loading,,,,,,2.22,,,RD244,,,
,27-07-2026,,,,,Waiting,,,,,,13.97,,,RD253,,,
,27-07-2026,,,,,Shift Change,,,,,,15.4,,,RD253,,,
,27-07-2026,,,,,,,,,,,,,,,,,
,Timestamp,,,,,Status Code,,Sub-Status Code,,,,"Duration
(min)",,,Hauling Unit,,,
,27-07-2026,,,,,Shift Change,,,,,,47.58,,,RD253,,,
,27-07-2026,,,,,Daily Service,,,,,,432.42,,,RD253,,,
,27-07-2026,,,,,Daily Service,,,,,,480,,,RD253,,,
,27-07-2026,,,,,Daily Service,,,,,,185.92,,,RD253,,,
,28-07-2026,,,,,Schedule No Work,,,,,,294.08,,,RD253,,,
,28-07-2026,,,,,,,,,,,,,,,,,
,Timestamp,,,,,Status Code,,Sub-Status Code,,,,"Duration
(min)",,,Hauling Unit,,,
,28-07-2026,,,,,Schedule No Work,,,,,,32.92,,,RD253,,,
,28-07-2026,,,,,Marching,,,,,,12.4,,,RD253,,,
,28-07-2026,,,,,LU Loading,,,,,,2.6,,,RD253,,,
,28-07-2026,,,,,Waiting,,,,,,12.17,,,RD253,,,
,28-07-2026,,,,,LU Loading,,,,,,3.33,,,RD253,,,
,28-07-2026,,,,,Waiting,,,,,,0.78,,,RD235,,,
,28-07-2026,,,,,LU Loading,,,,,,3.55,,,RD235,,,
,28-07-2026,,,,,Waiting,,,,,,0.6,,,RD241,,,
,28-07-2026,,,,,LU Loading,,,,,,5.42,,,RD241,,,
,28-07-2026,,,,,Waiting,,,,,,0.5,,,RD231,,,
,28-07-2026,,,,,LU Loading,,,,,,6.23,,,RD231,,,
,28-07-2026,,,,,Waiting,,,,,,2.87,,,RD252,,,
,28-07-2026,,,,,LU Loading,,,,,,3.87,,,RD252,,,
,28-07-2026,,,,,Waiting,,,,,,0.58,,,RD253,,,
,28-07-2026,,,,,Spotting,,,,,,0.5,,,RD253,,,
,28-07-2026,,,,,LU Loading,,,,,,2.92,,,RD253,,,
,28-07-2026,,,,,Waiting,,,,,,0.58,,,RD235,,,
,28-07-2026,,,,,Spotting,,,,,,0.63,,,RD235,,,
,28-07-2026,,,,,LU Loading,,,,,,3.03,,,RD235,,,
,28-07-2026,,,,,Waiting,,,,,,0.47,,,RD241,,,
,28-07-2026,,,,,LU Loading,,,,,,6.45,,,RD241,,,
,28-07-2026,,,,,Waiting,,,,,,0.65,,,RD231,,,
,28-07-2026,,,,,LU Loading,,,,,,8.5,,,RD231,,,
,28-07-2026,,,,,Waiting,,,,,,0.65,,,RD252,,,
,28-07-2026,,,,,Spotting,,,,,,0.23,,,RD252,,,
,28-07-2026,,,,,LU Loading,,,,,,3.95,,,RD252,,,
,28-07-2026,,,,,Waiting,,,,,,0.48,,,RD253,,,
,28-07-2026,,,,,Spotting,,,,,,0.3,,,RD253,,,
,28-07-2026,,,,,LU Loading,,,,,,5.07,,,RD253,,,
,28-07-2026,,,,,Waiting,,,,,,7.58,,,RD241,,,
,28-07-2026,,,,,Face Prep,,,,,,2.68,,,RD241,,,
,28-07-2026,,,,,Waiting,,,,,,0.12,,,RD241,,,
,28-07-2026,,,,,LU Loading,,,,,,5.7,,,RD241,,,
,28-07-2026,,,,,LU Loading,,,,,,6.25,,,RD235,,,
,28-07-2026,,,,,LU Loading,,,,,,0.35,,,RD253,,,
,28-07-2026,,,,,Spotting,,,,,,0.08,,,RD243,,,
,28-07-2026,,,,,LU Loading,,,,,,2.83,,,RD243,,,
,28-07-2026,,,,,Waiting,,,,,,9.07,,,RD253,,,
,28-07-2026,,,,,LU Loading,,,,,,4.83,,,RD253,,,
,28-07-2026,,,,,LU Loading,,,,,,5.32,,,RD231,,,
,28-07-2026,,,,,LU Loading,,,,,,3.13,,,RD252,,,
,28-07-2026,,,,,LU Loading,,,,,,4.77,,,RD241,,,
,28-07-2026,,,,,Spotting,,,,,,1.55,,,RD253,,,
,28-07-2026,,,,,LU Loading,,,,,,5.08,,,RD253,,,
,28-07-2026,,,,,Waiting,,,,,,0.52,,,RD252,,,
,28-07-2026,,,,,LU Loading,,,,,,4.7,,,RD252,,,
,28-07-2026,,,,,Waiting,,,,,,2.87,,,RD231,,,
,28-07-2026,,,,,Face Prep,,,,,,13.73,,,RD231,,,
,28-07-2026,,,,,Waiting,,,,,,13.32,,,RD231,,,
,28-07-2026,,,,,Spotting,,,,,,0.37,,,RD231,,,
,28-07-2026,,,,,LU Loading,,,,,,2.82,,,RD231,,,
,28-07-2026,,,,,Waiting,,,,,,1.43,,,RD253,,,
,28-07-2026,,,,,LU Loading,,,,,,3.48,,,RD253,,,
,28-07-2026,,,,,Waiting,,,,,,0.6,,,RD252,,,
,28-07-2026,,,,,Spotting,,,,,,0.72,,,RD252,,,
,28-07-2026,,,,,LU Loading,,,,,,2.88,,,RD252,,,
,28-07-2026,,,,,Waiting,,,,,,1.28,,,RD235,,,
,28-07-2026,,,,,Spotting,,,,,,0.37,,,RD235,,,
,28-07-2026,,,,,LU Loading,,,,,,3.53,,,RD235,,,
,28-07-2026,,,,,Waiting,,,,,,14.3,,,RD231,,,
,28-07-2026,,,,,Spotting,,,,,,0.35,,,RD231,,,
,28-07-2026,,,,,LU Loading,,,,,,3.55,,,RD231,,,
,28-07-2026,,,,,Waiting,,,,,,0.6,,,RD241,,,
,28-07-2026,,,,,Spotting,,,,,,0.33,,,RD241,,,
,28-07-2026,,,,,LU Loading,,,,,,3.95,,,RD241,,,
,28-07-2026,,,,,Waiting,,,,,,0.5,,,RD253,,,
,28-07-2026,,,,,LU Loading,,,,,,3.03,,,RD253,,,
,28-07-2026,,,,,Waiting,,,,,,0.48,,,RD235,,,
,28-07-2026,,,,,Spotting,,,,,,0.47,,,RD235,,,
,28-07-2026,,,,,LU Loading,,,,,,3.33,,,RD235,,,
,28-07-2026,,,,,Waiting,,,,,,0.85,,,RD252,,,
,28-07-2026,,,,,Spotting,,,,,,0.6,,,RD252,,,
,28-07-2026,,,,,LU Loading,,,,,,3.3,,,RD252,,,
,28-07-2026,,,,,Waiting,,,,,,0.83,,,RD231,,,
,28-07-2026,,,,,LU Loading,,,,,,3.32,,,RD231,,,
,28-07-2026,,,,,Waiting,,,,,,0.53,,,RD241,,,
,28-07-2026,,,,,Spotting,,,,,,0.37,,,RD241,,,
,28-07-2026,,,,,LU Loading,,,,,,2.92,,,RD241,,,
,28-07-2026,,,,,Waiting,,,,,,1.72,,,RD235,,,
,28-07-2026,,,,,LU Loading,,,,,,3,,,RD235,,,
,28-07-2026,,,,,Waiting,,,,,,0.82,,,RD252,,,
,28-07-2026,,,,,LU Loading,,,,,,3.17,,,RD252,,,
,28-07-2026,,,,,Waiting,,,,,,2.52,,,RD231,,,
,28-07-2026,,,,,LU Loading,,,,,,3,,,RD231,,,
,28-07-2026,,,,,Waiting,,,,,,0.92,,,RD241,,,
,28-07-2026,,,,,Spotting,,,,,,0.18,,,RD241,,,
,28-07-2026,,,,,LU Loading,,,,,,4.08,,,RD241,,,
,28-07-2026,,,,,Waiting,,,,,,0.87,,,RD235,,,
,28-07-2026,,,,,Spotting,,,,,,0.18,,,RD235,,,
,28-07-2026,,,,,LU Loading,,,,,,3.57,,,RD235,,,
,28-07-2026,,,,,Waiting,,,,,,0.62,,,RD252,,,
,28-07-2026,,,,,LU Loading,,,,,,2.68,,,RD252,,,
,28-07-2026,,,,,Waiting,,,,,,1.7,,,RD253,,,
,28-07-2026,,,,,LU Loading,,,,,,3.68,,,RD253,,,
,28-07-2026,,,,,Waiting,,,,,,0.87,,,RD231,,,
,28-07-2026,,,,,LU Loading,,,,,,3.67,,,RD231,,,
,28-07-2026,,,,,Waiting,,,,,,1.83,,,RD241,,,
,28-07-2026,,,,,LU Loading,,,,,,2.53,,,RD241,,,
,28-07-2026,,,,,Waiting,,,,,,0.55,,,RD252,,,
,28-07-2026,,,,,Spotting,,,,,,0.9,,,RD252,,,
,28-07-2026,,,,,LU Loading,,,,,,2.83,,,RD252,,,
,28-07-2026,,,,,Waiting,,,,,,0.55,,,RD235,,,
,28-07-2026,,,,,Spotting,,,,,,0.38,,,RD235,,,
,28-07-2026,,,,,LU Loading,,,,,,3.05,,,RD235,,,
,28-07-2026,,,,,Waiting,,,,,,1.23,,,RD253,,,
,28-07-2026,,,,,LU Loading,,,,,,2.27,,,RD253,,,
,28-07-2026,,,,,Waiting,,,,,,0.62,,,RD231,,,
,28-07-2026,,,,,Spotting,,,,,,0.42,,,RD231,,,
,28-07-2026,,,,,LU Loading,,,,,,2.82,,,RD231,,,
,28-07-2026,,,,,Waiting,,,,,,0.87,,,RD241,,,
,28-07-2026,,,,,LU Loading,,,,,,2.35,,,RD241,,,
,28-07-2026,,,,,Waiting,,,,,,0.22,,,RD252,,,
,28-07-2026,,,,,Spotting,,,,,,1.28,,,RD252,,,
,28-07-2026,,,,,LU Loading,,,,,,2.02,,,RD252,,,
,28-07-2026,,,,,Waiting,,,,,,1.47,,,RD235,,,
,28-07-2026,,,,,LU Loading,,,,,,3.35,,,RD235,,,
,28-07-2026,,,,,Waiting,,,,,,1.12,,,RD253,,,
,28-07-2026,,,,,LU Loading,,,,,,3.65,,,RD253,,,
,28-07-2026,,,,,Waiting,,,,,,1,,,RD231,,,
,28-07-2026,,,,,LU Loading,,,,,,3.37,,,RD231,,,
,28-07-2026,,,,,Waiting,,,,,,0.8,,,RD241,,,
,28-07-2026,,,,,Spotting,,,,,,0.2,,,RD241,,,
,28-07-2026,,,,,LU Loading,,,,,,5.05,,,RD241,,,
,28-07-2026,,,,,Waiting,,,,,,0.58,,,RD252,,,
,28-07-2026,,,,,Spotting,,,,,,0.32,,,RD252,,,
,28-07-2026,,,,,LU Loading,,,,,,2.58,,,RD252,,,
,28-07-2026,,,,,Waiting,,,,,,0.53,,,RD235,,,
,28-07-2026,,,,,Spotting,,,,,,0.33,,,RD235,,,
,28-07-2026,,,,,LU Loading,,,,,,3.23,,,RD235,,,
,28-07-2026,,,,,Waiting,,,,,,0.97,,,RD253,,,
,28-07-2026,,,,,LU Loading,,,,,,2.7,,,RD253,,,
,28-07-2026,,,,,Waiting,,,,,,14.15,,,RD231,,,
,28-07-2026,,,,,Spotting,,,,,,0.33,,,RD231,,,
,28-07-2026,,,,,LU Loading,,,,,,3.85,,,RD231,,,
,28-07-2026,,,,,Waiting,,,,,,0.6,,,RD241,,,
,28-07-2026,,,,,Spotting,,,,,,0.4,,,RD241,,,
,28-07-2026,,,,,LU Loading,,,,,,3.22,,,RD241,,,
,28-07-2026,,,,,Waiting,,,,,,1.08,,,RD235,,,
,28-07-2026,,,,,LU Loading,,,,,,2.75,,,RD235,,,
,28-07-2026,,,,,Waiting,,,,,,1.02,,,RD253,,,
,28-07-2026,,,,,LU Loading,,,,,,2.52,,,RD253,,,
,28-07-2026,,,,,Waiting,,,,,,0.68,,,RD252,,,
,28-07-2026,,,,,LU Loading,,,,,,2.7,,,RD252,,,
,28-07-2026,,,,,Waiting,,,,,,0.57,,,RD231,,,
,28-07-2026,,,,,LU Loading,,,,,,3.37,,,RD231,,,
,28-07-2026,,,,,Waiting,,,,,,1.27,,,RD241,,,
,28-07-2026,,,,,LU Loading,,,,,,2.47,,,RD241,,,
,28-07-2026,,,,,Waiting,,,,,,0.78,,,RD235,,,
,28-07-2026,,,,,Spotting,,,,,,0.38,,,RD235,,,
,28-07-2026,,,,,LU Loading,,,,,,2.83,,,RD235,,,
,28-07-2026,,,,,Waiting,,,,,,1.07,,,RD253,,,
,28-07-2026,,,,,LU Loading,,,,,,3.48,,,RD253,,,
,28-07-2026,,,,,Waiting,,,,,,0.82,,,RD252,,,
,28-07-2026,,,,,LU Loading,,,,,,2.55,,,RD252,,,
,28-07-2026,,,,,Waiting,,,,,,5.47,,,RD231,,,
,28-07-2026,,,,,LU Loading,,,,,,2.85,,,RD231,,,
,28-07-2026,,,,,Waiting,,,,,,0.95,,,RD241,,,
,28-07-2026,,,,,LU Loading,,,,,,2.75,,,RD241,,,
,28-07-2026,,,,,Waiting,,,,,,0.1,,,RD235,,,
,28-07-2026,,,,,Spotting,,,,,,0.27,,,RD235,,,
,28-07-2026,,,,,LU Loading,,,,,,2.75,,,RD235,,,
,28-07-2026,,,,,Waiting,,,,,,1.08,,,RD253,,,
,28-07-2026,,,,,LU Loading,,,,,,2.42,,,RD253,,,
,28-07-2026,,,,,Waiting,,,,,,0.25,,,RD252,,,
,28-07-2026,,,,,LU Loading,,,,,,2.27,,,RD252,,,
,28-07-2026,,,,,Waiting,,,,,,21.03,,,RD231,,,
,28-07-2026,,,,,Shift Change,,,,,,11.92,,,RD231,,,
,28-07-2026,,,,,Shift Change,,,,,,29.08,,,RD231,,,
,28-07-2026,,,,,Blasting,,,,,,14.57,,,RD231,,,
,28-07-2026,,,,,Shift Change,,,,,,0.57,,,RD231,,,
,28-07-2026,,,,,Blasting,,,,,,196.15,,,RD231,,,
,28-07-2026,,,,,Waiting,,,,,,0.88,,,RD231,,,
,28-07-2026,,,,,LU Loading,,,,,,3.17,,,RD231,,,
,28-07-2026,,,,,Waiting,,,,,,3.92,,,RD249,,,
,28-07-2026,,,,,LU Loading,,,,,,2.47,,,RD249,,,
,28-07-2026,,,,,Waiting,,,,,,0.42,,,RD242,,,
,28-07-2026,,,,,LU Loading,,,,,,3.68,,,RD242,,,
,28-07-2026,,,,,Waiting,,,,,,0.3,,,RD243,,,
,28-07-2026,,,,,LU Loading,,,,,,4.12,,,RD243,,,
,28-07-2026,,,,,Waiting,,,,,,0.22,,,RD244,,,
,28-07-2026,,,,,LU Loading,,,,,,4.47,,,RD244,,,
,28-07-2026,,,,,Waiting,,,,,,0.62,,,RD236,,,
,28-07-2026,,,,,LU Loading,,,,,,2.68,,,RD236,,,
,28-07-2026,,,,,Waiting,,,,,,1.12,,,RD248,,,
,28-07-2026,,,,,LU Loading,,,,,,2.65,,,RD248,,,
,28-07-2026,,,,,LU Loading,,,,,,3.42,,,RD235,,,
,28-07-2026,,,,,Waiting,,,,,,1.08,,,RD231,,,
,28-07-2026,,,,,LU Loading,,,,,,2.68,,,RD231,,,
,28-07-2026,,,,,LU Loading,,,,,,2.62,,,RD249,,,
,28-07-2026,,,,,Waiting,,,,,,0.28,,,RD242,,,
,28-07-2026,,,,,LU Loading,,,,,,3.97,,,RD242,,,
,28-07-2026,,,,,Waiting,,,,,,0.45,,,RD243,,,
,28-07-2026,,,,,LU Loading,,,,,,4.43,,,RD243,,,
,28-07-2026,,,,,Waiting,,,,,,0.68,,,RD236,,,
,28-07-2026,,,,,LU Loading,,,,,,2.28,,,RD236,,,
,28-07-2026,,,,,Waiting,,,,,,0.4,,,RD248,,,
,28-07-2026,,,,,LU Loading,,,,,,2.55,,,RD248,,,
,28-07-2026,,,,,Waiting,,,,,,0.3,,,RD235,,,
,28-07-2026,,,,,LU Loading,,,,,,3.6,,,RD235,,,
,28-07-2026,,,,,Waiting,,,,,,0.73,,,RD231,,,
,28-07-2026,,,,,LU Loading,,,,,,2.77,,,RD231,,,
,28-07-2026,,,,,Waiting,,,,,,0.45,,,RD249,,,
,28-07-2026,,,,,Spotting,,,,,,0.65,,,RD249,,,
,28-07-2026,,,,,LU Loading,,,,,,3.18,,,RD249,,,
,28-07-2026,,,,,Waiting,,,,,,1.4,,,RD242,,,
,28-07-2026,,,,,LU Loading,,,,,,2.98,,,RD242,,,
,28-07-2026,,,,,Waiting,,,,,,0.6,,,RD236,,,
,28-07-2026,,,,,LU Loading,,,,,,3,,,RD236,,,
,28-07-2026,,,,,Waiting,,,,,,0.48,,,RD248,,,
,28-07-2026,,,,,LU Loading,,,,,,2.62,,,RD248,,,
,28-07-2026,,,,,Waiting,,,,,,0.45,,,RD235,,,
,28-07-2026,,,,,Spotting,,,,,,0.32,,,RD235,,,
,28-07-2026,,,,,LU Loading,,,,,,2.52,,,RD235,,,
,28-07-2026,,,,,Waiting,,,,,,0.27,,,RD231,,,
,28-07-2026,,,,,LU Loading,,,,,,2.67,,,RD231,,,
,28-07-2026,,,,,Waiting,,,,,,2.17,,,RD249,,,
,28-07-2026,,,,,LU Loading,,,,,,2.58,,,RD249,,,
,28-07-2026,,,,,Waiting,,,,,,0.38,,,RD243,,,
,28-07-2026,,,,,Spotting,,,,,,0.25,,,RD243,,,
,28-07-2026,,,,,LU Loading,,,,,,3.08,,,RD243,,,
,28-07-2026,,,,,Waiting,,,,,,0.73,,,RD236,,,
,28-07-2026,,,,,LU Loading,,,,,,2.58,,,RD236,,,
,28-07-2026,,,,,Waiting,,,,,,0.5,,,RD248,,,
,28-07-2026,,,,,LU Loading,,,,,,2.67,,,RD248,,,
,28-07-2026,,,,,Waiting,,,,,,0.88,,,RD235,,,
,28-07-2026,,,,,Spotting,,,,,,0.3,,,RD235,,,
,28-07-2026,,,,,LU Loading,,,,,,2.43,,,RD235,,,
,28-07-2026,,,,,Waiting,,,,,,0.25,,,RD242,,,
,28-07-2026,,,,,LU Loading,,,,,,4.02,,,RD242,,,
,28-07-2026,,,,,LU Loading,,,,,,2.85,,,RD231,,,
,28-07-2026,,,,,Waiting,,,,,,1,,,RD243,,,
,28-07-2026,,,,,Spotting,,,,,,1.03,,,RD243,,,
,28-07-2026,,,,,LU Loading,,,,,,0.87,,,RD243,,,
,28-07-2026,,,,,Waiting,,,,,,7.17,,,RD249,,,
,28-07-2026,,,,,Face Prep,,,,,,3.1,,,RD249,,,
,28-07-2026,,,,,Waiting,,,,,,4.93,,,RD249,,,
,28-07-2026,,,,,LU Loading,,,,,,3,,,RD249,,,
,28-07-2026,,,,,Waiting,,,,,,0.22,,,RD236,,,
,28-07-2026,,,,,Spotting,,,,,,0.1,,,RD236,,,
,28-07-2026,,,,,LU Loading,,,,,,3.67,,,RD236,,,
,28-07-2026,,,,,Waiting,,,,,,0.38,,,RD248,,,
,28-07-2026,,,,,LU Loading,,,,,,3.28,,,RD248,,,
,28-07-2026,,,,,LU Loading,,,,,,6.08,,,RD235,,,
,28-07-2026,,,,,Waiting,,,,,,1.07,,,RD231,,,
,28-07-2026,,,,,LU Loading,,,,,,2.4,,,RD231,,,
,28-07-2026,,,,,Waiting,,,,,,0.58,,,RD242,,,
,28-07-2026,,,,,LU Loading,,,,,,3.18,,,RD242,,,
,28-07-2026,,,,,Waiting,,,,,,0.88,,,RD243,,,
,28-07-2026,,,,,LU Loading,,,,,,2.75,,,RD243,,,
,28-07-2026,,,,,Waiting,,,,,,0.75,,,RD249,,,
,28-07-2026,,,,,LU Loading,,,,,,2.73,,,RD249,,,
,28-07-2026,,,,,Waiting,,,,,,0.9,,,RD236,,,
,28-07-2026,,,,,LU Loading,,,,,,2.07,,,RD236,,,
,28-07-2026,,,,,Waiting,,,,,,0.65,,,RD235,,,
,28-07-2026,,,,,LU Loading,,,,,,3.25,,,RD235,,,
,28-07-2026,,,,,Waiting,,,,,,0.83,,,RD231,,,
,28-07-2026,,,,,LU Loading,,,,,,2.73,,,RD231,,,
,28-07-2026,,,,,Waiting,,,,,,0.98,,,RD242,,,
,28-07-2026,,,,,LU Loading,,,,,,3,,,RD242,,,
,28-07-2026,,,,,Waiting,,,,,,0.63,,,RD243,,,
,28-07-2026,,,,,Spotting,,,,,,0.32,,,RD243,,,
,28-07-2026,,,,,LU Loading,,,,,,2.38,,,RD243,,,
,28-07-2026,,,,,Waiting,,,,,,0.67,,,RD249,,,
,28-07-2026,,,,,LU Loading,,,,,,2.62,,,RD249,,,
,28-07-2026,,,,,Waiting,,,,,,1.23,,,RD236,,,
,28-07-2026,,,,,LU Loading,,,,,,3.47,,,RD236,,,
,28-07-2026,,,,,Waiting,,,,,,1.13,,,RD235,,,
,28-07-2026,,,,,LU Loading,,,,,,3.5,,,RD235,,,
,28-07-2026,,,,,Waiting,,,,,,0.7,,,RD243,,,
,28-07-2026,,,,,LU Loading,,,,,,2.78,,,RD243,,,
,28-07-2026,,,,,Waiting,,,,,,1.22,,,RD249,,,
,28-07-2026,,,,,LU Loading,,,,,,3.18,,,RD249,,,
,28-07-2026,,,,,Waiting,,,,,,10.37,,,RD241,,,
,28-07-2026,,,,,Shift Change,,,,,,31.62,,,RD241,,,
,28-07-2026,,,,,Shift Change,,,,,,74.02,,,RD241,,,
,28-07-2026,,,,,Waiting,,,,,,0.65,,,RD241,,,
,28-07-2026,,,,,Marching,,,,,,8.22,,,RD241,,,
,28-07-2026,,,,,LU Loading,,,,,,3.02,,,RD241,,,
,28-07-2026,,,,,Waiting,,,,,,0.85,,,RD249,,,
,28-07-2026,,,,,LU Loading,,,,,,2.8,,,RD249,,,
,28-07-2026,,,,,Waiting,,,,,,0.98,,,RD237,,,
,28-07-2026,,,,,LU Loading,,,,,,2.67,,,RD237,,,
,28-07-2026,,,,,Waiting,,,,,,0.58,,,RD236,,,
,28-07-2026,,,,,LU Loading,,,,,,3.28,,,RD236,,,
,28-07-2026,,,,,Waiting,,,,,,0.77,,,RD246,,,
,28-07-2026,,,,,LU Loading,,,,,,3.23,,,RD246,,,
,28-07-2026,,,,,Waiting,,,,,,4.27,,,RD249,,,
,28-07-2026,,,,,Spotting,,,,,,0.47,,,RD249,,,
,28-07-2026,,,,,LU Loading,,,,,,2.32,,,RD249,,,
,28-07-2026,,,,,Waiting,,,,,,0.55,,,RD251,,,
,28-07-2026,,,,,LU Loading,,,,,,2.57,,,RD251,,,
,28-07-2026,,,,,Waiting,,,,,,0.08,,,RD237,,,
,28-07-2026,,,,,LU Loading,,,,,,3.62,,,RD237,,,
,28-07-2026,,,,,Waiting,,,,,,0.2,,,RD245,,,
,28-07-2026,,,,,LU Loading,,,,,,3.05,,,RD245,,,
,28-07-2026,,,,,Waiting,,,,,,0.27,,,RD236,,,
,28-07-2026,,,,,LU Loading,,,,,,2.67,,,RD236,,,
,29-07-2026,,,,,Waiting,,,,,,0.33,,,RD246,,,
,29-07-2026,,,,,LU Loading,,,,,,2.9,,,RD246,,,
,29-07-2026,,,,,Waiting,,,,,,1.45,,,RD249,,,
,29-07-2026,,,,,LU Loading,,,,,,2.75,,,RD249,,,
,29-07-2026,,,,,Waiting,,,,,,4.87,,,RD237,,,
,29-07-2026,,,,,LU Loading,,,,,,3.32,,,RD237,,,
,29-07-2026,,,,,Waiting,,,,,,0.13,,,RD245,,,
,29-07-2026,,,,,LU Loading,,,,,,2.92,,,RD245,,,
,29-07-2026,,,,,Waiting,,,,,,0.2,,,RD236,,,
,29-07-2026,,,,,LU Loading,,,,,,2.93,,,RD236,,,
,29-07-2026,,,,,Waiting,,,,,,0.22,,,RD246,,,
,29-07-2026,,,,,LU Loading,,,,,,2.93,,,RD246,,,
,29-07-2026,,,,,Spotting,,,,,,0.55,,,RD249,,,
,29-07-2026,,,,,LU Loading,,,,,,2.6,,,RD249,,,
,29-07-2026,,,,,Waiting,,,,,,0.27,,,RD237,,,
,29-07-2026,,,,,LU Loading,,,,,,2.52,,,RD237,,,
,29-07-2026,,,,,Waiting,,,,,,5.05,,,RD245,,,
,29-07-2026,,,,,LU Loading,,,,,,3.02,,,RD245,,,
,29-07-2026,,,,,Waiting,,,,,,0.4,,,RD236,,,
,29-07-2026,,,,,LU Loading,,,,,,2.8,,,RD236,,,
,29-07-2026,,,,,Waiting,,,,,,0.18,,,RD246,,,
,29-07-2026,,,,,LU Loading,,,,,,4.18,,,RD246,,,
,29-07-2026,,,,,Waiting,,,,,,0.53,,,RD249,,,
,29-07-2026,,,,,LU Loading,,,,,,2.82,,,RD249,,,
,29-07-2026,,,,,Waiting,,,,,,0.08,,,RD237,,,
,29-07-2026,,,,,Spotting,,,,,,0.3,,,RD237,,,
,29-07-2026,,,,,LU Loading,,,,,,3.07,,,RD237,,,
,29-07-2026,,,,,Waiting,,,,,,0.67,,,RD245,,,
,29-07-2026,,,,,LU Loading,,,,,,3.27,,,RD245,,,
,29-07-2026,,,,,Waiting,,,,,,0.07,,,RD236,,,
,29-07-2026,,,,,LU Loading,,,,,,3.38,,,RD236,,,
,29-07-2026,,,,,Waiting,,,,,,0.02,,,RD246,,,
,29-07-2026,,,,,LU Loading,,,,,,3.3,,,RD246,,,
,29-07-2026,,,,,Waiting,,,,,,1.15,,,RD249,,,
,29-07-2026,,,,,LU Loading,,,,,,3.82,,,RD249,,,
,29-07-2026,,,,,Waiting,,,,,,7.07,,,RD235,,,
,29-07-2026,,,,,Spotting,,,,,,0.17,,,RD235,,,
,29-07-2026,,,,,LU Loading,,,,,,6.43,,,RD235,,,
,29-07-2026,,,,,Waiting,,,,,,4.87,,,RD237,,,
,29-07-2026,,,,,LU Loading,,,,,,3.57,,,RD237,,,
,29-07-2026,,,,,Waiting,,,,,,0.23,,,RD236,,,
,29-07-2026,,,,,Spotting,,,,,,1.3,,,RD236,,,
,29-07-2026,,,,,LU Loading,,,,,,3.95,,,RD236,,,
,29-07-2026,,,,,Waiting,,,,,,0.37,,,RD245,,,
,29-07-2026,,,,,LU Loading,,,,,,4.57,,,RD245,,,
,29-07-2026,,,,,Waiting,,,,,,0.42,,,RD246,,,
,29-07-2026,,,,,LU Loading,,,,,,4.02,,,RD246,,,
,29-07-2026,,,,,Spotting,,,,,,0.12,,,RD249,,,
,29-07-2026,,,,,LU Loading,,,,,,3.9,,,RD249,,,
,29-07-2026,,,,,Spotting,,,,,,0.17,,,RD237,,,
,29-07-2026,,,,,LU Loading,,,,,,4.2,,,RD237,,,
,29-07-2026,,,,,Waiting,,,,,,0.38,,,RD236,,,
,29-07-2026,,,,,LU Loading,,,,,,4.6,,,RD236,,,
,29-07-2026,,,,,Waiting,,,,,,6.48,,,RD249,,,
,29-07-2026,,,,,LU Loading,,,,,,3.63,,,RD249,,,
,29-07-2026,,,,,Waiting,,,,,,0.7,,,RD245,,,
,29-07-2026,,,,,LU Loading,,,,,,3.23,,,RD245,,,
,29-07-2026,,,,,LU Loading,,,,,,3.23,,,RD237,,,
,29-07-2026,,,,,Waiting,,,,,,0.17,,,RD236,,,
,29-07-2026,,,,,LU Loading,,,,,,3.08,,,RD236,,,
,29-07-2026,,,,,Waiting,,,,,,16.77,,,RD235,,,
,29-07-2026,,,,,LU Loading,,,,,,3.23,,,RD235,,,
,29-07-2026,,,,,Waiting,,,,,,0.02,,,RD249,,,
,29-07-2026,,,,,LU Loading,,,,,,6.18,,,RD249,,,
,29-07-2026,,,,,LU Loading,,,,,,3.18,,,RD236,,,
,29-07-2026,,,,,LU Loading,,,,,,5.6,,,RD249,,,
,29-07-2026,,,,,Waiting,,,,,,1.6,,,RD236,,,
,29-07-2026,,,,,LU Loading,,,,,,1.05,,,RD236,,,
,29-07-2026,,,,,Waiting,,,,,,0.53,,,RD246,,,
,29-07-2026,,,,,LU Loading,,,,,,2.93,,,RD246,,,
,29-07-2026,,,,,Waiting,,,,,,1.23,,,RD235,,,
,29-07-2026,,,,,LU Loading,,,,,,2.35,,,RD235,,,
,29-07-2026,,,,,Waiting,,,,,,3.85,,,RD237,,,
,29-07-2026,,,,,LU Loading,,,,,,2.67,,,RD237,,,
,29-07-2026,,,,,Waiting,,,,,,0.15,,,RD245,,,
,29-07-2026,,,,,LU Loading,,,,,,3.07,,,RD245,,,
,29-07-2026,,,,,Waiting,,,,,,5.08,,,RD246,,,
,29-07-2026,,,,,LU Loading,,,,,,3.23,,,RD246,,,
,29-07-2026,,,,,Waiting,,,,,,1.67,,,RD235,,,
,29-07-2026,,,,,LU Loading,,,,,,2.97,,,RD235,,,
,29-07-2026,,,,,Spotting,,,,,,0.05,,,RD237,,,
,29-07-2026,,,,,LU Loading,,,,,,2.62,,,RD237,,,
,29-07-2026,,,,,Waiting,,,,,,4.22,,,RD245,,,
,29-07-2026,,,,,LU Loading,,,,,,2.93,,,RD245,,,
,29-07-2026,,,,,Waiting,,,,,,1.95,,,RD236,,,
,29-07-2026,,,,,Spotting,,,,,,0.15,,,RD236,,,
,29-07-2026,,,,,LU Loading,,,,,,3.18,,,RD236,,,
,29-07-2026,,,,,Spotting,,,,,,0.42,,,RD249,,,
,29-07-2026,,,,,LU Loading,,,,,,2.13,,,RD249,,,
,29-07-2026,,,,,Waiting,,,,,,0.5,,,RD246,,,
,29-07-2026,,,,,LU Loading,,,,,,2.87,,,RD246,,,
,29-07-2026,,,,,Waiting,,,,,,0.5,,,RD235,,,
,29-07-2026,,,,,Spotting,,,,,,0.33,,,RD235,,,
,29-07-2026,,,,,LU Loading,,,,,,2.98,,,RD235,,,
,29-07-2026,,,,,Waiting,,,,,,0.03,,,RD237,,,
,29-07-2026,,,,,Spotting,,,,,,0.18,,,RD237,,,
,29-07-2026,,,,,LU Loading,,,,,,3.18,,,RD237,,,
,29-07-2026,,,,,Waiting,,,,,,1.35,,,RD236,,,
,29-07-2026,,,,,Spotting,,,,,,0.42,,,RD236,,,
,29-07-2026,,,,,LU Loading,,,,,,3.08,,,RD236,,,
,29-07-2026,,,,,Spotting,,,,,,0.22,,,RD245,,,
,29-07-2026,,,,,LU Loading,,,,,,6.57,,,RD245,,,
,29-07-2026,,,,,Waiting,,,,,,0.5,,,RD249,,,
,29-07-2026,,,,,LU Loading,,,,,,3.02,,,RD249,,,
,29-07-2026,,,,,Waiting,,,,,,0.65,,,RD246,,,
,29-07-2026,,,,,LU Loading,,,,,,6.12,,,RD246,,,
,29-07-2026,,,,,Waiting,,,,,,0.6,,,RD235,,,
,29-07-2026,,,,,LU Loading,,,,,,2.83,,,RD235,,,
,29-07-2026,,,,,Waiting,,,,,,0.17,,,RD237,,,
,29-07-2026,,,,,LU Loading,,,,,,2.87,,,RD237,,,
,29-07-2026,,,,,Waiting,,,,,,0.27,,,RD236,,,
,29-07-2026,,,,,LU Loading,,,,,,3.27,,,RD236,,,
,29-07-2026,,,,,Spotting,,,,,,0.52,,,RD245,,,
,29-07-2026,,,,,LU Loading,,,,,,2.92,,,RD245,,,
,29-07-2026,,,,,Spotting,,,,,,0.08,,,RD249,,,
,29-07-2026,,,,,LU Loading,,,,,,4.47,,,RD249,,,
,29-07-2026,,,,,Waiting,,,,,,3.32,,,RD246,,,
,29-07-2026,,,,,LU Loading,,,,,,2.75,,,RD246,,,
,29-07-2026,,,,,Waiting,,,,,,1.1,,,RD235,,,
,29-07-2026,,,,,LU Loading,,,,,,2.93,,,RD235,,,
,29-07-2026,,,,,Waiting,,,,,,0.2,,,RD237,,,
,29-07-2026,,,,,LU Loading,,,,,,3.33,,,RD237,,,
,29-07-2026,,,,,Waiting,,,,,,0.3,,,RD236,,,
,29-07-2026,,,,,LU Loading,,,,,,4.35,,,RD236,,,
,29-07-2026,,,,,Waiting,,,,,,0.12,,,RD249,,,
,29-07-2026,,,,,Spotting,,,,,,0.63,,,RD249,,,
,29-07-2026,,,,,LU Loading,,,,,,3.45,,,RD249,,,
,29-07-2026,,,,,Waiting,,,,,,0.58,,,RD245,,,
,29-07-2026,,,,,Spotting,,,,,,0.23,,,RD245,,,
,29-07-2026,,,,,LU Loading,,,,,,3.55,,,RD245,,,
,29-07-2026,,,,,Waiting,,,,,,0.55,,,RD246,,,
,29-07-2026,,,,,LU Loading,,,,,,2.97,,,RD246,,,
,29-07-2026,,,,,Waiting,,,,,,0.6,,,RD235,,,
,29-07-2026,,,,,LU Loading,,,,,,3.33,,,RD235,,,
,29-07-2026,,,,,LU Loading,,,,,,2.73,,,RD237,,,
,29-07-2026,,,,,Waiting,,,,,,18.32,,,RD252,,,
,29-07-2026,,,,,Shift Change,,,,,,28.2,,,RD252,,,
,29-07-2026,,,,,,,,,,,,,,,,,
,Timestamp,,,,,Status Code,,Sub-Status Code,,,,"Duration
(min)",,,Hauling Unit,,,
,29-07-2026,,,,,Shift Change,,,,,,16.68,,,RD252,,,
,29-07-2026,,,,,Daily Service,,,,,,73.35,,,RD252,,,
,29-07-2026,,,,,Marching,,,,,,2.93,,,RD252,,,
,29-07-2026,,,,,LU Loading,,,,,,2.97,,,RD252,,,
,29-07-2026,,,,,Waiting,,,,,,0.02,,,RD243,,,
,29-07-2026,,,,,LU Loading,,,,,,3.12,,,RD243,,,
,29-07-2026,,,,,Waiting,,,,,,0.03,,,RD247,,,
,29-07-2026,,,,,Spotting,,,,,,0.18,,,RD247,,,
,29-07-2026,,,,,LU Loading,,,,,,2.33,,,RD247,,,
,29-07-2026,,,,,Spotting,,,,,,0.25,,,RD232,,,
,29-07-2026,,,,,LU Loading,,,,,,3.85,,,RD232,,,
,29-07-2026,,,,,Waiting,,,,,,5.92,,,RD252,,,
,29-07-2026,,,,,LU Loading,,,,,,2.93,,,RD252,,,
,29-07-2026,,,,,Waiting,,,,,,1.33,,,RD243,,,
,29-07-2026,,,,,LU Loading,,,,,,3.35,,,RD243,,,
,29-07-2026,,,,,Waiting,,,,,,4.65,,,RD247,,,
,29-07-2026,,,,,Spotting,,,,,,0.27,,,RD247,,,
,29-07-2026,,,,,LU Loading,,,,,,3.15,,,RD247,,,
,29-07-2026,,,,,Waiting,,,,,,5.82,,,RD232,,,
,29-07-2026,,,,,LU Loading,,,,,,2.98,,,RD232,,,
,29-07-2026,,,,,Waiting,,,,,,0.48,,,RD252,,,
,29-07-2026,,,,,LU Loading,,,,,,4.38,,,RD252,,,
,29-07-2026,,,,,Waiting,,,,,,0.33,,,RD243,,,
,29-07-2026,,,,,LU Loading,,,,,,16.03,,,RD243,,,
,29-07-2026,,,,,Waiting,,,,,,0.4,,,RD247,,,
,29-07-2026,,,,,LU Loading,,,,,,0.15,,,RD247,,,
,29-07-2026,,,,,Waiting,,,,,,2.88,,,RD252,,,
,29-07-2026,,,,,Side Casting,,,,,,68.27,,,RD252,,,
,29-07-2026,,,,,LU Loading,,,,,,3.03,,,RD252,,,
,29-07-2026,,,,,Waiting,,,,,,0.57,,,RD243,,,
,29-07-2026,,,,,LU Loading,,,,,,2.45,,,RD243,,,
,29-07-2026,,,,,Spotting,,,,,,0.33,,,RD247,,,
,29-07-2026,,,,,LU Loading,,,,,,4.43,,,RD247,,,
,29-07-2026,,,,,Waiting,,,,,,8.92,,,RD243,,,
,29-07-2026,,,,,LU Loading,,,,,,2.98,,,RD243,,,
,29-07-2026,,,,,Waiting,,,,,,1.27,,,RD247,,,
,29-07-2026,,,,,LU Loading,,,,,,2.55,,,RD247,,,
,29-07-2026,,,,,Waiting,,,,,,10.18,,,RD243,,,
,29-07-2026,,,,,LU Loading,,,,,,2.07,,,RD243,,,
,29-07-2026,,,,,Waiting,,,,,,0.58,,,RD247,,,
,29-07-2026,,,,,LU Loading,,,,,,3.53,,,RD247,,,
,29-07-2026,,,,,Waiting,,,,,,9.68,,,RD243,,,
,29-07-2026,,,,,LU Loading,,,,,,2.8,,,RD243,,,
,29-07-2026,,,,,Waiting,,,,,,0.68,,,RD247,,,
,29-07-2026,,,,,Spotting,,,,,,0.1,,,RD247,,,
,29-07-2026,,,,,LU Loading,,,,,,4.93,,,RD247,,,
,29-07-2026,,,,,Waiting,,,,,,7.87,,,RD243,,,
,29-07-2026,,,,,LU Loading,,,,,,3.12,,,RD243,,,
,29-07-2026,,,,,Waiting,,,,,,4.18,,,RD132,,,
,29-07-2026,,,,,LU Loading,,,,,,2.25,,,RD132,,,
,29-07-2026,,,,,Waiting,,,,,,0.93,,,RD232,,,
,29-07-2026,,,,,LU Loading,,,,,,3.02,,,RD232,,,
,29-07-2026,,,,,Waiting,,,,,,0.35,,,RD247,,,
,29-07-2026,,,,,LU Loading,,,,,,3.1,,,RD247,,,
,29-07-2026,,,,,Waiting,,,,,,1.43,,,RD243,,,
,29-07-2026,,,,,LU Loading,,,,,,3.13,,,RD243,,,
,29-07-2026,,,,,Waiting,,,,,,3.88,,,RD132,,,
,29-07-2026,,,,,LU Loading,,,,,,3.18,,,RD132,,,
,29-07-2026,,,,,Spotting,,,,,,0.77,,,RD232,,,
,29-07-2026,,,,,LU Loading,,,,,,2.85,,,RD232,,,
,29-07-2026,,,,,Waiting,,,,,,3.53,,,RD243,,,
,29-07-2026,,,,,LU Loading,,,,,,3.1,,,RD243,,,
,29-07-2026,,,,,Waiting,,,,,,5.33,,,RD132,,,
,29-07-2026,,,,,LU Loading,,,,,,0.67,,,RD132,,,
,29-07-2026,,,,,LU Loading,,,,,,3.22,,,RD132,,,
,29-07-2026,,,,,Waiting,,,,,,0.92,,,RD232,,,
,29-07-2026,,,,,LU Loading,,,,,,2.85,,,RD232,,,
,29-07-2026,,,,,Waiting,,,,,,1.68,,,RD243,,,
,29-07-2026,,,,,LU Loading,,,,,,3.65,,,RD243,,,
,29-07-2026,,,,,Waiting,,,,,,0.45,,,RD253,,,
,29-07-2026,,,,,LU Loading,,,,,,2.95,,,RD253,,,
,29-07-2026,,,,,Waiting,,,,,,4.18,,,RD132,,,
,29-07-2026,,,,,LU Loading,,,,,,2.12,,,RD132,,,
,29-07-2026,,,,,Waiting,,,,,,0.82,,,RD232,,,
,29-07-2026,,,,,LU Loading,,,,,,3.57,,,RD232,,,
,29-07-2026,,,,,Waiting,,,,,,0.58,,,RD248,,,
,29-07-2026,,,,,LU Loading,,,,,,0.02,,,RD248,,,
,29-07-2026,,,,,Waiting,,,,,,0.08,,,RD248,,,
,29-07-2026,,,,,LU Loading,,,,,,2.68,,,RD248,,,
,29-07-2026,,,,,Waiting,,,,,,1.78,,,RD253,,,
,29-07-2026,,,,,LU Loading,,,,,,3.62,,,RD253,,,
,29-07-2026,,,,,Waiting,,,,,,4.27,,,RD253,,,
,29-07-2026,,,,,LU Loading,,,,,,2.93,,,RD253,,,
,29-07-2026,,,,,LU Loading,,,,,,2.73,,,RD232,,,
,29-07-2026,,,,,Waiting,,,,,,3.53,,,RD248,,,
,29-07-2026,,,,,Spotting,,,,,,1.2,,,RD248,,,
,29-07-2026,,,,,LU Loading,,,,,,2.78,,,RD248,,,
,29-07-2026,,,,,Waiting,,,,,,6.07,,,RD232,,,
,29-07-2026,,,,,LU Loading,,,,,,2.92,,,RD232,,,
,29-07-2026,,,,,Waiting,,,,,,0.3,,,RD253,,,
,29-07-2026,,,,,LU Loading,,,,,,2.3,,,RD253,,,
,29-07-2026,,,,,Waiting,,,,,,0.45,,,RD232,,,
,29-07-2026,,,,,LU Loading,,,,,,3,,,RD232,,,
,29-07-2026,,,,,Waiting,,,,,,0.73,,,RD248,,,
,29-07-2026,,,,,Spotting,,,,,,1.43,,,RD248,,,
,29-07-2026,,,,,LU Loading,,,,,,3.12,,,RD248,,,
,29-07-2026,,,,,LU Loading,,,,,,3.55,,,RD232,,,
,29-07-2026,,,,,Waiting,,,,,,2.3,,,RD232,,,
,29-07-2026,,,,,LU Loading,,,,,,1.92,,,RD232,,,
,29-07-2026,,,,,Waiting,,,,,,0.23,,,RD242,,,
,29-07-2026,,,,,LU Loading,,,,,,2.22,,,RD242,,,
,29-07-2026,,,,,Waiting,,,,,,1.05,,,RD253,,,
,29-07-2026,,,,,LU Loading,,,,,,2.65,,,RD253,,,
,29-07-2026,,,,,LU Loading,,,,,,2.78,,,RD242,,,
,29-07-2026,,,,,Waiting,,,,,,0.82,,,RD232,,,
,29-07-2026,,,,,LU Loading,,,,,,2.58,,,RD232,,,
,29-07-2026,,,,,Waiting,,,,,,0.2,,,RD242,,,
,29-07-2026,,,,,LU Loading,,,,,,2.65,,,RD242,,,
,29-07-2026,,,,,Spotting,,,,,,0.23,,,RD232,,,
,29-07-2026,,,,,LU Loading,,,,,,3.48,,,RD232,,,
,29-07-2026,,,,,LU Loading,,,,,,3.55,,,RD242,,,
,29-07-2026,,,,,Waiting,,,,,,1.2,,,RD141,,,
,29-07-2026,,,,,Marching,,,,,,6.58,,,RD141,,,
,29-07-2026,,,,,Shift Change,,,,,,26.22,,,RD141,,,
,29-07-2026,,,,,Shift Change,,,,,,78.28,,,RD141,,,
,29-07-2026,,,,,LU Loading,,,,,,2.27,,,RD141,,,
,29-07-2026,,,,,Waiting,,,,,,16.58,,,RD230,,,
,29-07-2026,,,,,LU Loading,,,,,,2.68,,,RD230,,,
,29-07-2026,,,,,Waiting,,,,,,2,,,RD253,,,
,29-07-2026,,,,,LU Loading,,,,,,4.22,,,RD253,,,
,29-07-2026,,,,,Spotting,,,,,,0.1,,,RD126,,,
,29-07-2026,,,,,LU Loading,,,,,,3.73,,,RD126,,,
,29-07-2026,,,,,Waiting,,,,,,3.13,,,RD244,,,
,29-07-2026,,,,,LU Loading,,,,,,2.8,,,RD244,,,
,29-07-2026,,,,,Spotting,,,,,,0.33,,,RD226,,,
,29-07-2026,,,,,LU Loading,,,,,,2.78,,,RD226,,,
,29-07-2026,,,,,Waiting,,,,,,0.7,,,RD141,,,
,29-07-2026,,,,,LU Loading,,,,,,3.03,,,RD141,,,
,29-07-2026,,,,,Waiting,,,,,,16.57,,,RD230,,,
,29-07-2026,,,,,Spotting,,,,,,0.42,,,RD230,,,
,29-07-2026,,,,,LU Loading,,,,,,3.33,,,RD230,,,
,29-07-2026,,,,,Waiting,,,,,,0.1,,,RD253,,,
,29-07-2026,,,,,LU Loading,,,,,,4.45,,,RD253,,,
,29-07-2026,,,,,Spotting,,,,,,0.17,,,RD126,,,
,29-07-2026,,,,,LU Loading,,,,,,4.22,,,RD126,,,
,29-07-2026,,,,,LU Loading,,,,,,3.67,,,RD244,,,
,29-07-2026,,,,,Waiting,,,,,,0.55,,,RD226,,,
,29-07-2026,,,,,LU Loading,,,,,,2.83,,,RD226,,,
,29-07-2026,,,,,Waiting,,,,,,3.58,,,RD141,,,
,29-07-2026,,,,,Spotting,,,,,,3.9,,,RD141,,,
,29-07-2026,,,,,LU Loading,,,,,,2.07,,,RD141,,,
,29-07-2026,,,,,Waiting,,,,,,15.57,,,RD230,,,
,29-07-2026,,,,,Spotting,,,,,,0.67,,,RD230,,,
,29-07-2026,,,,,LU Loading,,,,,,5.78,,,RD230,,,
,29-07-2026,,,,,Waiting,,,,,,0.7,,,RD227,,,
,29-07-2026,,,,,LU Loading,,,,,,3.05,,,RD227,,,
,29-07-2026,,,,,LU Loading,,,,,,3.55,,,RD126,,,
,29-07-2026,,,,,LU Loading,,,,,,3.93,,,RD253,,,
,29-07-2026,,,,,Waiting,,,,,,0.53,,,RD244,,,
,29-07-2026,,,,,LU Loading,,,,,,3.1,,,RD244,,,
,29-07-2026,,,,,Waiting,,,,,,0.08,,,RD226,,,
,29-07-2026,,,,,Spotting,,,,,,0.53,,,RD226,,,
,29-07-2026,,,,,LU Loading,,,,,,3.18,,,RD226,,,
,29-07-2026,,,,,Waiting,,,,,,8.67,,,RD141,,,
,29-07-2026,,,,,LU Loading,,,,,,3.08,,,RD141,,,
,29-07-2026,,,,,Waiting,,,,,,10.27,,,RD230,,,
,29-07-2026,,,,,LU Loading,,,,,,3.07,,,RD230,,,
,29-07-2026,,,,,Waiting,,,,,,0.25,,,RD126,,,
,29-07-2026,,,,,LU Loading,,,,,,2.42,,,RD126,,,
,29-07-2026,,,,,Waiting,,,,,,6.18,,,RD227,,,
,29-07-2026,,,,,LU Loading,,,,,,2.95,,,RD227,,,
,29-07-2026,,,,,Waiting,,,,,,0.45,,,RD244,,,
,29-07-2026,,,,,LU Loading,,,,,,3.12,,,RD244,,,
,29-07-2026,,,,,Waiting,,,,,,9.32,,,RD141,,,
,29-07-2026,,,,,LU Loading,,,,,,2.48,,,RD141,,,
,29-07-2026,,,,,Waiting,,,,,,3.35,,,RD126,,,
,29-07-2026,,,,,LU Loading,,,,,,2.68,,,RD126,,,
,29-07-2026,,,,,Waiting,,,,,,1.97,,,RD230,,,
,29-07-2026,,,,,Spotting,,,,,,0.6,,,RD230,,,
,29-07-2026,,,,,LU Loading,,,,,,2.55,,,RD230,,,
,29-07-2026,,,,,Waiting,,,,,,4.47,,,RD227,,,
,29-07-2026,,,,,LU Loading,,,,,,5.65,,,RD227,,,
,29-07-2026,,,,,Waiting,,,,,,0.28,,,RD253,,,
,29-07-2026,,,,,LU Loading,,,,,,2.53,,,RD253,,,
,29-07-2026,,,,,Waiting,,,,,,0.15,,,RD226,,,
,29-07-2026,,,,,Spotting,,,,,,0.37,,,RD226,,,
,29-07-2026,,,,,LU Loading,,,,,,2.65,,,RD226,,,
,29-07-2026,,,,,Waiting,,,,,,7.37,,,RD244,,,
,29-07-2026,,,,,LU Loading,,,,,,2.75,,,RD244,,,
,29-07-2026,,,,,Waiting,,,,,,2.32,,,RD141,,,
,29-07-2026,,,,,Spotting,,,,,,0.38,,,RD141,,,
,29-07-2026,,,,,LU Loading,,,,,,2.25,,,RD141,,,
,29-07-2026,,,,,Waiting,,,,,,5.75,,,RD230,,,
,29-07-2026,,,,,LU Loading,,,,,,2.65,,,RD230,,,
,29-07-2026,,,,,Waiting,,,,,,2.02,,,RD227,,,
,29-07-2026,,,,,LU Loading,,,,,,7.88,,,RD227,,,
,29-07-2026,,,,,Waiting,,,,,,0.62,,,RD126,,,
,29-07-2026,,,,,LU Loading,,,,,,3.02,,,RD126,,,
,29-07-2026,,,,,LU Loading,,,,,,3.28,,,RD253,,,
,29-07-2026,,,,,Waiting,,,,,,4.23,,,RD244,,,
,29-07-2026,,,,,Spotting,,,,,,0.33,,,RD244,,,
,29-07-2026,,,,,LU Loading,,,,,,4,,,RD244,,,
,29-07-2026,,,,,Waiting,,,,,,6.3,,,RD226,,,
,29-07-2026,,,,,Spotting,,,,,,0.38,,,RD226,,,
,29-07-2026,,,,,LU Loading,,,,,,2.57,,,RD226,,,
,29-07-2026,,,,,Waiting,,,,,,2,,,RD230,,,
,29-07-2026,,,,,Spotting,,,,,,0.37,,,RD230,,,
,29-07-2026,,,,,LU Loading,,,,,,2.38,,,RD230,,,
,29-07-2026,,,,,Waiting,,,,,,2.13,,,RD227,,,
,29-07-2026,,,,,LU Loading,,,,,,3.07,,,RD227,,,
,29-07-2026,,,,,Waiting,,,,,,0.68,,,RD126,,,
,29-07-2026,,,,,LU Loading,,,,,,3.17,,,RD126,,,
,29-07-2026,,,,,Waiting,,,,,,1.98,,,RD253,,,
,29-07-2026,,,,,LU Loading,,,,,,2.85,,,RD253,,,
,29-07-2026,,,,,Waiting,,,,,,5.85,,,RD244,,,
,29-07-2026,,,,,LU Loading,,,,,,2.57,,,RD244,,,
,29-07-2026,,,,,Waiting,,,,,,0.52,,,RD141,,,
,29-07-2026,,,,,Spotting,,,,,,0.22,,,RD141,,,
,29-07-2026,,,,,LU Loading,,,,,,2.22,,,RD141,,,
,29-07-2026,,,,,Waiting,,,,,,2.25,,,RD226,,,
,29-07-2026,,,,,LU Loading,,,,,,2.98,,,RD226,,,
,29-07-2026,,,,,Waiting,,,,,,10.83,,,RD227,,,
,29-07-2026,,,,,LU Loading,,,,,,2.85,,,RD227,,,
,29-07-2026,,,,,Waiting,,,,,,2,,,RD126,,,
,29-07-2026,,,,,LU Loading,,,,,,2.53,,,RD126,,,
,29-07-2026,,,,,Waiting,,,,,,3.58,,,RD230,,,
,29-07-2026,,,,,Spotting,,,,,,0.53,,,RD230,,,
,29-07-2026,,,,,LU Loading,,,,,,2.62,,,RD230,,,
,29-07-2026,,,,,Waiting,,,,,,0.87,,,RD253,,,
,29-07-2026,,,,,Spotting,,,,,,0.18,,,RD253,,,
,29-07-2026,,,,,LU Loading,,,,,,3.58,,,RD253,,,
,29-07-2026,,,,,Waiting,,,,,,5.8,,,RD244,,,
,29-07-2026,,,,,Spotting,,,,,,0.25,,,RD244,,,
,29-07-2026,,,,,LU Loading,,,,,,2.83,,,RD244,,,
,29-07-2026,,,,,Waiting,,,,,,0.08,,,RD226,,,
,29-07-2026,,,,,Spotting,,,,,,0.45,,,RD226,,,
,29-07-2026,,,,,LU Loading,,,,,,2.18,,,RD226,,,
,29-07-2026,,,,,Waiting,,,,,,0.98,,,RD141,,,
,29-07-2026,,,,,LU Loading,,,,,,1.93,,,RD141,,,
,29-07-2026,,,,,Waiting,,,,,,4.53,,,RD227,,,
,29-07-2026,,,,,LU Loading,,,,,,2.55,,,RD227,,,
,29-07-2026,,,,,Waiting,,,,,,0.55,,,RD126,,,
,29-07-2026,,,,,LU Loading,,,,,,1.73,,,RD126,,,
,29-07-2026,,,,,Waiting,,,,,,18.12,,,RD233,,,
,29-07-2026,,,,,Shift Change,,,,,,26.4,,,RD233,,,
,29-07-2026,,,,,Shift Change,,,,,,35.72,,,RD233,,,
,29-07-2026,,,,,Waiting,,,,,,3.68,,,RD233,,,
,29-07-2026,,,,,Marching,,,,,,5.62,,,RD233,,,
,29-07-2026,,,,,Waiting,,,,,,12.9,,,RD233,,,
,29-07-2026,,,,,Face Prep,,,,,,6.12,,,RD233,,,
,29-07-2026,,,,,LU Loading,,,,,,4.22,,,RD233,,,
,29-07-2026,,,,,Waiting,,,,,,0.98,,,RD238,,,
,29-07-2026,,,,,LU Loading,,,,,,2.75,,,RD238,,,
,29-07-2026,,,,,Waiting,,,,,,1,,,RD229,,,
,29-07-2026,,,,,LU Loading,,,,,,3.55,,,RD229,,,
,29-07-2026,,,,,Waiting,,,,,,1.23,,,RD244,,,
,29-07-2026,,,,,LU Loading,,,,,,3.07,,,RD244,,,
,29-07-2026,,,,,Waiting,,,,,,8.1,,,RD227,,,
,29-07-2026,,,,,LU Loading,,,,,,2.57,,,RD227,,,
,29-07-2026,,,,,Spotting,,,,,,0.02,,,RD238,,,
,29-07-2026,,,,,LU Loading,,,,,,2.58,,,RD238,,,
,29-07-2026,,,,,Waiting,,,,,,0.72,,,RD233,,,
,29-07-2026,,,,,LU Loading,,,,,,3.25,,,RD233,,,
,29-07-2026,,,,,Waiting,,,,,,5.78,,,RD229,,,
,29-07-2026,,,,,LU Loading,,,,,,3.23,,,RD229,,,
,29-07-2026,,,,,Waiting,,,,,,1.22,,,RD244,,,
,29-07-2026,,,,,LU Loading,,,,,,2.57,,,RD244,,,
,29-07-2026,,,,,Waiting,,,,,,2.02,,,RD227,,,
,29-07-2026,,,,,LU Loading,,,,,,2.98,,,RD227,,,
,29-07-2026,,,,,Waiting,,,,,,1.03,,,RD238,,,
,29-07-2026,,,,,LU Loading,,,,,,3.4,,,RD238,,,
,30-07-2026,,,,,Waiting,,,,,,3.3,,,RD233,,,
,30-07-2026,,,,,LU Loading,,,,,,3.4,,,RD233,,,
,30-07-2026,,,,,Waiting,,,,,,4.88,,,RD229,,,
,30-07-2026,,,,,LU Loading,,,,,,3.02,,,RD229,,,
,30-07-2026,,,,,Waiting,,,,,,1.2,,,RD244,,,
,30-07-2026,,,,,LU Loading,,,,,,2.7,,,RD244,,,
,30-07-2026,,,,,Waiting,,,,,,1.07,,,RD227,,,
,30-07-2026,,,,,LU Loading,,,,,,3.12,,,RD227,,,
,30-07-2026,,,,,Waiting,,,,,,1.17,,,RD238,,,
,30-07-2026,,,,,LU Loading,,,,,,2.73,,,RD238,,,
,30-07-2026,,,,,Waiting,,,,,,3.85,,,RD233,,,
,30-07-2026,,,,,Spotting,,,,,,0.22,,,RD233,,,
,30-07-2026,,,,,LU Loading,,,,,,3.92,,,RD233,,,
,30-07-2026,,,,,Waiting,,,,,,2.82,,,RD229,,,
,30-07-2026,,,,,LU Loading,,,,,,3.03,,,RD229,,,
,30-07-2026,,,,,Waiting,,,,,,7.75,,,RD227,,,
,30-07-2026,,,,,LU Loading,,,,,,2.73,,,RD227,,,
,30-07-2026,,,,,Waiting,,,,,,1.03,,,RD244,,,
,30-07-2026,,,,,Spotting,,,,,,0.25,,,RD244,,,
,30-07-2026,,,,,LU Loading,,,,,,2.8,,,RD244,,,
,30-07-2026,,,,,Waiting,,,,,,0.95,,,RD238,,,
,30-07-2026,,,,,LU Loading,,,,,,2.72,,,RD238,,,
,30-07-2026,,,,,Waiting,,,,,,2.08,,,RD233,,,
,30-07-2026,,,,,LU Loading,,,,,,3.55,,,RD233,,,
,30-07-2026,,,,,Waiting,,,,,,0.98,,,RD229,,,
,30-07-2026,,,,,LU Loading,,,,,,2.92,,,RD229,,,
,30-07-2026,,,,,Waiting,,,,,,11.03,,,RD227,,,
,30-07-2026,,,,,LU Loading,,,,,,2.48,,,RD227,,,
,30-07-2026,,,,,Waiting,,,,,,0.8,,,RD244,,,
,30-07-2026,,,,,LU Loading,,,,,,3.15,,,RD244,,,
,30-07-2026,,,,,Waiting,,,,,,0.78,,,RD238,,,
,30-07-2026,,,,,Spotting,,,,,,0.83,,,RD238,,,
,30-07-2026,,,,,LU Loading,,,,,,3.33,,,RD238,,,
,30-07-2026,,,,,Waiting,,,,,,1.08,,,RD233,,,
,30-07-2026,,,,,LU Loading,,,,,,4.28,,,RD233,,,
,30-07-2026,,,,,Waiting,,,,,,1.17,,,RD229,,,
,30-07-2026,,,,,LU Loading,,,,,,3.63,,,RD229,,,
,30-07-2026,,,,,Waiting,,,,,,0.68,,,RD227,,,
,30-07-2026,,,,,LU Loading,,,,,,3.57,,,RD227,,,
,30-07-2026,,,,,Waiting,,,,,,1.67,,,RD244,,,
,30-07-2026,,,,,LU Loading,,,,,,3.73,,,RD244,,,
,30-07-2026,,,,,Waiting,,,,,,1.03,,,RD238,,,
,30-07-2026,,,,,LU Loading,,,,,,4.62,,,RD238,,,
,30-07-2026,,,,,Waiting,,,,,,8.23,,,RD229,,,
,30-07-2026,,,,,LU Loading,,,,,,3.68,,,RD229,,,
,30-07-2026,,,,,Waiting,,,,,,1.87,,,RD233,,,
,30-07-2026,,,,,LU Loading,,,,,,4.25,,,RD233,,,
,30-07-2026,,,,,Waiting,,,,,,4.65,,,RD238,,,
,30-07-2026,,,,,Spotting,,,,,,0.37,,,RD238,,,
,30-07-2026,,,,,LU Loading,,,,,,3.15,,,RD238,,,
,30-07-2026,,,,,Waiting,,,,,,1.1,,,RD229,,,
,30-07-2026,,,,,LU Loading,,,,,,2.68,,,RD229,,,
,30-07-2026,,,,,Waiting,,,,,,7.12,,,RD233,,,
,30-07-2026,,,,,LU Loading,,,,,,3.48,,,RD233,,,
,30-07-2026,,,,,Waiting,,,,,,13.37,,,RD238,,,
,30-07-2026,,,,,LU Loading,,,,,,3.82,,,RD238,,,
,30-07-2026,,,,,Waiting,,,,,,3.48,,,RD227,,,
,30-07-2026,,,,,Spotting,,,,,,0.33,,,RD227,,,
,30-07-2026,,,,,LU Loading,,,,,,3.15,,,RD227,,,
,30-07-2026,,,,,Waiting,,,,,,1.43,,,RD244,,,
,30-07-2026,,,,,LU Loading,,,,,,2.88,,,RD244,,,
,30-07-2026,,,,,Waiting,,,,,,21.47,,,RD227,,,
,30-07-2026,,,,,LU Loading,,,,,,3.25,,,RD227,,,
,30-07-2026,,,,,Waiting,,,,,,5.32,,,RD244,,,
,30-07-2026,,,,,LU Loading,,,,,,2.73,,,RD244,,,
,30-07-2026,,,,,Waiting,,,,,,1.8,,,RD233,,,
,30-07-2026,,,,,Face Prep,,,,,,9.6,,,RD233,,,
,30-07-2026,,,,,LU Loading,,,,,,3.57,,,RD233,,,
,30-07-2026,,,,,Waiting,,,,,,4.95,,,RD229,,,
,30-07-2026,,,,,LU Loading,,,,,,3.42,,,RD229,,,
,30-07-2026,,,,,LU Loading,,,,,,3.17,,,RD238,,,
,30-07-2026,,,,,Waiting,,,,,,0.5,,,RD227,,,
,30-07-2026,,,,,LU Loading,,,,,,4.48,,,RD227,,,
,30-07-2026,,,,,Waiting,,,,,,1.3,,,RD244,,,
,30-07-2026,,,,,Spotting,,,,,,0.38,,,RD244,,,
,30-07-2026,,,,,LU Loading,,,,,,2.8,,,RD244,,,
,30-07-2026,,,,,Waiting,,,,,,12.08,,,RD248,,,
,30-07-2026,,,,,LU Loading,,,,,,0.13,,,RD248,,,
,30-07-2026,,,,,Waiting,,,,,,0.82,,,RD143,,,
,30-07-2026,,,,,LU Loading,,,,,,4.95,,,RD143,,,
,30-07-2026,,,,,Spotting,,,,,,1.45,,,RD230,,,
,30-07-2026,,,,,LU Loading,,,,,,2.42,,,RD230,,,
,30-07-2026,,,,,Waiting,,,,,,1.4,,,RD245,,,
,30-07-2026,,,,,LU Loading,,,,,,2.58,,,RD245,,,
,30-07-2026,,,,,LU Loading,,,,,,3.3,,,RD233,,,
,30-07-2026,,,,,Waiting,,,,,,1.37,,,RD141,,,
,30-07-2026,,,,,LU Loading,,,,,,2.85,,,RD141,,,
,30-07-2026,,,,,LU Loading,,,,,,7.18,,,RD238,,,
,30-07-2026,,,,,Waiting,,,,,,0.25,,,RD231,,,
,30-07-2026,,,,,LU Loading,,,,,,3.13,,,RD231,,,
,30-07-2026,,,,,LU Loading,,,,,,6.37,,,RD227,,,
,30-07-2026,,,,,LU Loading,,,,,,3.38,,,RD229,,,
,30-07-2026,,,,,Waiting,,,,,,0.1,,,RD126,,,
,30-07-2026,,,,,Spotting,,,,,,0.27,,,RD126,,,
,30-07-2026,,,,,LU Loading,,,,,,2.42,,,RD126,,,
,30-07-2026,,,,,LU Loading,,,,,,3.42,,,RD244,,,
,30-07-2026,,,,,Spotting,,,,,,0.07,,,RD248,,,
,30-07-2026,,,,,LU Loading,,,,,,2.8,,,RD248,,,
,30-07-2026,,,,,LU Loading,,,,,,2.83,,,RD230,,,
,30-07-2026,,,,,Spotting,,,,,,0.38,,,RD245,,,
,30-07-2026,,,,,LU Loading,,,,,,2.77,,,RD245,,,
,30-07-2026,,,,,Waiting,,,,,,0.22,,,RD233,,,
,30-07-2026,,,,,LU Loading,,,,,,2.52,,,RD233,,,
,30-07-2026,,,,,Waiting,,,,,,10.53,,,RD241,,,
,30-07-2026,,,,,Shift Change,,,,,,23.87,,,RD241,,,
,30-07-2026,,,,,,,,,,,,,,,,,
,Timestamp,,,,,Status Code,,Sub-Status Code,,,,"Duration
(min)",,,Hauling Unit,,,
,30-07-2026,,,,,Shift Change,,,,,,41.13,,,RD241,,,
,30-07-2026,,,,,Waiting,,,,,,8,,,RD241,,,
,30-07-2026,,,,,LU Loading,,,,,,4.02,,,RD241,,,
,30-07-2026,,,,,Waiting,,,,,,2.4,,,RD126,,,
,30-07-2026,,,,,LU Loading,,,,,,3.07,,,RD126,,,
,30-07-2026,,,,,Waiting,,,,,,1.97,,,RD227,,,
,30-07-2026,,,,,LU Loading,,,,,,3.85,,,RD227,,,
,30-07-2026,,,,,LU Loading,,,,,,3.28,,,RD226,,,
,30-07-2026,,,,,Waiting,,,,,,14.8,,,RD245,,,
,30-07-2026,,,,,LU Loading,,,,,,0.07,,,RD245,,,
,30-07-2026,,,,,Waiting,,,,,,15.9,,,RD121,,,
,30-07-2026,,,,,Face Prep,,,,,,20.65,,,RD121,,,
,30-07-2026,,,,,LU Loading,,,,,,2.32,,,RD121,,,
,30-07-2026,,,,,Waiting,,,,,,1.78,,,RD132,,,
,30-07-2026,,,,,LU Loading,,,,,,2.93,,,RD132,,,
,30-07-2026,,,,,Waiting,,,,,,9.25,,,RD227,,,
,30-07-2026,,,,,Face Prep,,,,,,12.17,,,RD227,,,
,30-07-2026,,,,,LU Loading,,,,,,4.4,,,RD227,,,
,30-07-2026,,,,,Waiting,,,,,,1.4,,,RD226,,,
,30-07-2026,,,,,LU Loading,,,,,,4.95,,,RD226,,,
,30-07-2026,,,,,Waiting,,,,,,6.32,,,RD226,,,
,30-07-2026,,,,,Side Casting,,,,,,29.35,,,RD226,,,
,30-07-2026,,,,,Daily Service,,,,,,89.75,,,RD226,,,
,30-07-2026,,,,,Waiting,,,,,,8.18,,,RD226,,,
,30-07-2026,,,,,LU Loading,,,,,,6.03,,,RD226,,,
,30-07-2026,,,,,LU Loading,,,,,,4.22,,,RD248,,,
,30-07-2026,,,,,Waiting,,,,,,4.18,,,RD227,,,
,30-07-2026,,,,,LU Loading,,,,,,4.43,,,RD227,,,
,30-07-2026,,,,,Waiting,,,,,,1.38,,,RD242,,,
,30-07-2026,,,,,LU Loading,,,,,,3.5,,,RD242,,,
,30-07-2026,,,,,Waiting,,,,,,5.98,,,RD226,,,
,30-07-2026,,,,,LU Loading,,,,,,3.57,,,RD226,,,
,30-07-2026,,,,,LU Loading,,,,,,4.52,,,RD248,,,
,30-07-2026,,,,,Waiting,,,,,,0.68,,,RD241,,,
,30-07-2026,,,,,LU Loading,,,,,,3.9,,,RD241,,,
,30-07-2026,,,,,Spotting,,,,,,0.5,,,RD231,,,
,30-07-2026,,,,,LU Loading,,,,,,6.05,,,RD231,,,
,30-07-2026,,,,,Waiting,,,,,,1.6,,,RD227,,,
,30-07-2026,,,,,LU Loading,,,,,,6.38,,,RD227,,,
,30-07-2026,,,,,Waiting,,,,,,3.47,,,RD242,,,
,30-07-2026,,,,,LU Loading,,,,,,3.85,,,RD242,,,
,30-07-2026,,,,,Waiting,,,,,,1.62,,,RD226,,,
,30-07-2026,,,,,LU Loading,,,,,,2.58,,,RD226,,,
,30-07-2026,,,,,Waiting,,,,,,0.68,,,RD248,,,
,30-07-2026,,,,,LU Loading,,,,,,3.03,,,RD248,,,
,30-07-2026,,,,,Spotting,,,,,,0.17,,,RD241,,,
,30-07-2026,,,,,LU Loading,,,,,,3.47,,,RD241,,,
,30-07-2026,,,,,Waiting,,,,,,1.95,,,RD227,,,
,30-07-2026,,,,,Spotting,,,,,,0.5,,,RD227,,,
,30-07-2026,,,,,LU Loading,,,,,,3.2,,,RD227,,,
,30-07-2026,,,,,Waiting,,,,,,4.88,,,RD231,,,
,30-07-2026,,,,,Spotting,,,,,,0.28,,,RD231,,,
,30-07-2026,,,,,LU Loading,,,,,,4.18,,,RD231,,,
,30-07-2026,,,,,Waiting,,,,,,18.08,,,RD242,,,
,30-07-2026,,,,,LU Loading,,,,,,4.47,,,RD242,,,
,30-07-2026,,,,,Waiting,,,,,,0.88,,,RD248,,,
,30-07-2026,,,,,LU Loading,,,,,,2.68,,,RD248,,,
,30-07-2026,,,,,Spotting,,,,,,0.03,,,RD226,,,
,30-07-2026,,,,,LU Loading,,,,,,2.7,,,RD226,,,
,30-07-2026,,,,,Waiting,,,,,,0.37,,,RD241,,,
,30-07-2026,,,,,LU Loading,,,,,,2.1,,,RD241,,,
,30-07-2026,,,,,Waiting,,,,,,1.75,,,RD227,,,
,30-07-2026,,,,,LU Loading,,,,,,4.02,,,RD227,,,
,30-07-2026,,,,,Waiting,,,,,,0.75,,,RD231,,,
,30-07-2026,,,,,LU Loading,,,,,,2.67,,,RD231,,,
,30-07-2026,,,,,Waiting,,,,,,1.95,,,RD242,,,
,30-07-2026,,,,,LU Loading,,,,,,6.5,,,RD242,,,
,30-07-2026,,,,,Waiting,,,,,,0.72,,,RD248,,,
,30-07-2026,,,,,LU Loading,,,,,,3.23,,,RD248,,,
,30-07-2026,,,,,LU Loading,,,,,,3.1,,,RD226,,,
,30-07-2026,,,,,Waiting,,,,,,0.3,,,RD241,,,
,30-07-2026,,,,,LU Loading,,,,,,3.07,,,RD241,,,
,30-07-2026,,,,,Waiting,,,,,,0.88,,,RD231,,,
,30-07-2026,,,,,LU Loading,,,,,,2.43,,,RD231,,,
,30-07-2026,,,,,Waiting,,,,,,13.33,,,RD237,,,
,30-07-2026,,,,,Shift Change,,,,,,21.25,,,RD237,,,
,30-07-2026,,,,,Shift Change,,,,,,128.48,,,RD237,,,
,30-07-2026,,,,,Schedule No Work,,,,,,351.52,,,RD237,,,
,30-07-2026,,,,,Schedule No Work,,,,,,103.6,,,RD237,,,
,30-07-2026,,,,,Waiting,,,,,,1.63,,,RD237,,,
,30-07-2026,,,,,Spotting,,,,,,0.12,,,RD237,,,
,30-07-2026,,,,,LU Loading,,,,,,9.97,,,RD237,,,
,30-07-2026,,,,,Waiting,,,,,,1,,,RD251,,,
,30-07-2026,,,,,LU Loading,,,,,,2.12,,,RD251,,,
,30-07-2026,,,,,LU Loading,,,,,,4.45,,,RD233,,,
,31-07-2026,,,,,Waiting,,,,,,3.3,,,RD233,,,
,31-07-2026,,,,,LU Loading,,,,,,4.52,,,RD233,,,
,31-07-2026,,,,,Waiting,,,,,,3.6,,,RD237,,,
,31-07-2026,,,,,LU Loading,,,,,,3.72,,,RD237,,,
,31-07-2026,,,,,Waiting,,,,,,3.87,,,RD233,,,
,31-07-2026,,,,,Spotting,,,,,,1.3,,,RD233,,,
,31-07-2026,,,,,LU Loading,,,,,,5.97,,,RD233,,,
,31-07-2026,,,,,Waiting,,,,,,2.18,,,RD251,,,
,31-07-2026,,,,,LU Loading,,,,,,4.23,,,RD251,,,
,31-07-2026,,,,,Waiting,,,,,,1.37,,,RD237,,,
,31-07-2026,,,,,LU Loading,,,,,,4.25,,,RD237,,,
,31-07-2026,,,,,Waiting,,,,,,6.55,,,RD233,,,
,31-07-2026,,,,,Spotting,,,,,,0.17,,,RD233,,,
,31-07-2026,,,,,LU Loading,,,,,,4,,,RD233,,,
,31-07-2026,,,,,Waiting,,,,,,4.68,,,RD248,,,
,31-07-2026,,,,,Tea/ Breakfast / Snacks,,,,,,76.72,,,RD248,,,
,31-07-2026,,,,,LU Loading,,,,,,9.4,,,RD248,,,
,31-07-2026,,,,,Waiting,,,,,,1.07,,,RD251,,,
,31-07-2026,,,,,Spotting,,,,,,0.18,,,RD251,,,
,31-07-2026,,,,,LU Loading,,,,,,4.63,,,RD251,,,
,31-07-2026,,,,,Waiting,,,,,,0.35,,,RD233,,,
,31-07-2026,,,,,LU Loading,,,,,,4.2,,,RD233,,,
,31-07-2026,,,,,Waiting,,,,,,5.42,,,RD248,,,
,31-07-2026,,,,,Spotting,,,,,,1.15,,,RD248,,,
,31-07-2026,,,,,LU Loading,,,,,,4.98,,,RD248,,,
,31-07-2026,,,,,Waiting,,,,,,9.57,,,RD233,,,
,31-07-2026,,,,,LU Loading,,,,,,3.33,,,RD233,,,
,31-07-2026,,,,,Waiting,,,,,,0.27,,,RD237,,,
,31-07-2026,,,,,LU Loading,,,,,,3.7,,,RD237,,,
,31-07-2026,,,,,Waiting,,,,,,0.77,,,RD248,,,
,31-07-2026,,,,,LU Loading,,,,,,3.9,,,RD248,,,
,31-07-2026,,,,,Waiting,,,,,,0.22,,,RD251,,,
,31-07-2026,,,,,Spotting,,,,,,0.5,,,RD251,,,
,31-07-2026,,,,,LU Loading,,,,,,3.25,,,RD251,,,
,31-07-2026,,,,,Waiting,,,,,,5.73,,,RD233,,,
,31-07-2026,,,,,LU Loading,,,,,,3.63,,,RD233,,,
,31-07-2026,,,,,Waiting,,,,,,0.45,,,RD237,,,
,31-07-2026,,,,,LU Loading,,,,,,4.22,,,RD237,,,
,31-07-2026,,,,,Waiting,,,,,,0.62,,,RD248,,,
,31-07-2026,,,,,LU Loading,,,,,,5.82,,,RD248,,,
,31-07-2026,,,,,LU Loading,,,,,,6.13,,,RD251,,,
,31-07-2026,,,,,Waiting,,,,,,2.8,,,RD233,,,
,31-07-2026,,,,,LU Loading,,,,,,4.25,,,RD233,,,
,31-07-2026,,,,,LU Loading,,,,,,6.6,,,RD237,,,
,31-07-2026,,,,,Waiting,,,,,,1.85,,,RD248,,,
,31-07-2026,,,,,LU Loading,,,,,,3.63,,,RD248,,,
,31-07-2026,,,,,Spotting,,,,,,0.08,,,RD251,,,
,31-07-2026,,,,,LU Loading,,,,,,3.7,,,RD251,,,
,31-07-2026,,,,,Waiting,,,,,,3.92,,,RD233,,,
,31-07-2026,,,,,LU Loading,,,,,,3.72,,,RD233,,,
,31-07-2026,,,,,LU Loading,,,,,,4.65,,,RD237,,,
,31-07-2026,,,,,Waiting,,,,,,0.72,,,RD248,,,
,31-07-2026,,,,,LU Loading,,,,,,0.42,,,RD248,,,
,31-07-2026,,,,,LU Loading,,,,,,3.68,,,RD248,,,
,31-07-2026,,,,,Waiting,,,,,,0.53,,,RD251,,,
,31-07-2026,,,,,LU Loading,,,,,,3.88,,,RD251,,,
,31-07-2026,,,,,Waiting,,,,,,4.52,,,RD233,,,
,31-07-2026,,,,,LU Loading,,,,,,3.95,,,RD233,,,
,31-07-2026,,,,,Waiting,,,,,,1.32,,,RD237,,,
,31-07-2026,,,,,LU Loading,,,,,,3.67,,,RD237,,,
,31-07-2026,,,,,Waiting,,,,,,0.4,,,RD248,,,
,31-07-2026,,,,,LU Loading,,,,,,4.68,,,RD248,,,
,31-07-2026,,,,,Waiting,,,,,,0.8,,,RD251,,,
,31-07-2026,,,,,LU Loading,,,,,,8.83,,,RD251,,,
,31-07-2026,,,,,Waiting,,,,,,1.32,,,RD233,,,
,31-07-2026,,,,,LU Loading,,,,,,3.32,,,RD233,,,
,31-07-2026,,,,,Waiting,,,,,,1.07,,,RD237,,,
,31-07-2026,,,,,LU Loading,,,,,,3.23,,,RD237,,,
,31-07-2026,,,,,Waiting,,,,,,0.48,,,RD248,,,
,31-07-2026,,,,,LU Loading,,,,,,6.05,,,RD248,,,
,31-07-2026,,,,,Waiting,,,,,,4.48,,,RD251,,,
,31-07-2026,,,,,Spotting,,,,,,0.3,,,RD251,,,
,31-07-2026,,,,,LU Loading,,,,,,0.43,,,RD251,,,
,31-07-2026,,,,,Waiting,,,,,,1.23,,,RD233,,,
,31-07-2026,,,,,LU Loading,,,,,,2.82,,,RD233,,,
,31-07-2026,,,,,Waiting,,,,,,10.35,,,RD231,,,
,31-07-2026,,,,,Shift Change,,,,,,35.53,,,RD231,,,
,31-07-2026,,,,,,,,,,,,,,,,,
,Timestamp,,,,,Status Code,,Sub-Status Code,,,,"Duration
(min)",,,Hauling Unit,,,
,31-07-2026,,,,,Shift Change,,,,,,52.22,,,RD231,,,
,31-07-2026,,,,,Schedule No Work,,,,,,5.8,,,RD231,,,
,31-07-2026,,,,,Daily Service,,,,,,121.27,,,RD231,,,
,31-07-2026,,,,,Marching,,,,,,53.3,,,RD231,,,
,31-07-2026,,,,,Waiting,,,,,,7.38,,,RD231,,,
,31-07-2026,,,,,LU Loading,,,,,,0.83,,,RD231,,,
,31-07-2026,,,,,Waiting,,,,,,2.67,,,RD231,,,
,31-07-2026,,,,,LU Loading,,,,,,5.7,,,RD231,,,
,31-07-2026,,,,,LU Loading,,,,,,6.9,,,RD232,,,
,31-07-2026,,,,,LU Loading,,,,,,1.25,,,RD248,,,
,31-07-2026,,,,,Waiting,,,,,,4.13,,,RD248,,,
,31-07-2026,,,,,LU Loading,,,,,,3.15,,,RD248,,,
,31-07-2026,,,,,Waiting,,,,,,4.88,,,RD231,,,
,31-07-2026,,,,,LU Loading,,,,,,4.53,,,RD231,,,
,31-07-2026,,,,,Waiting,,,,,,7.37,,,RD232,,,
,31-07-2026,,,,,LU Loading,,,,,,17.22,,,RD232,,,
,31-07-2026,,,,,Waiting,,,,,,1.58,,,RD248,,,
,31-07-2026,,,,,LU Loading,,,,,,2.8,,,RD248,,,
,31-07-2026,,,,,Waiting,,,,,,1.53,,,RD243,,,
,31-07-2026,,,,,Spotting,,,,,,0.08,,,RD243,,,
,31-07-2026,,,,,LU Loading,,,,,,2.92,,,RD243,,,
,31-07-2026,,,,,Waiting,,,,,,1.48,,,RD232,,,
,31-07-2026,,,,,LU Loading,,,,,,2.67,,,RD232,,,
,31-07-2026,,,,,Waiting,,,,,,1.37,,,RD248,,,
,31-07-2026,,,,,LU Loading,,,,,,3.1,,,RD248,,,
,31-07-2026,,,,,Waiting,,,,,,1.15,,,RD232,,,
,31-07-2026,,,,,Spotting,,,,,,0.48,,,RD232,,,
,31-07-2026,,,,,LU Loading,,,,,,2.85,,,RD232,,,
,31-07-2026,,,,,Waiting,,,,,,1.75,,,RD243,,,
,31-07-2026,,,,,Spotting,,,,,,0.17,,,RD243,,,
,31-07-2026,,,,,LU Loading,,,,,,3,,,RD243,,,
,31-07-2026,,,,,Waiting,,,,,,2.2,,,RD248,,,
,31-07-2026,,,,,LU Loading,,,,,,14.93,,,RD248,,,
,31-07-2026,,,,,Waiting,,,,,,1.78,,,RD232,,,
,31-07-2026,,,,,LU Loading,,,,,,2.52,,,RD232,,,
,31-07-2026,,,,,Waiting,,,,,,6.55,,,RD243,,,
,31-07-2026,,,,,LU Loading,,,,,,3.23,,,RD243,,,
,31-07-2026,,,,,Waiting,,,,,,1.13,,,RD232,,,
,31-07-2026,,,,,LU Loading,,,,,,3.53,,,RD232,,,
,31-07-2026,,,,,Waiting,,,,,,5.5,,,RD232,,,
,31-07-2026,,,,,Spotting,,,,,,0.48,,,RD232,,,
,31-07-2026,,,,,LU Loading,,,,,,2.65,,,RD232,,,
,31-07-2026,,,,,Waiting,,,,,,2.42,,,RD243,,,
,31-07-2026,,,,,Spotting,,,,,,1.07,,,RD243,,,
,31-07-2026,,,,,LU Loading,,,,,,3.75,,,RD243,,,
,31-07-2026,,,,,Spotting,,,,,,0.1,,,RD232,,,
,31-07-2026,,,,,LU Loading,,,,,,1.18,,,RD232,,,
,31-07-2026,,,,,Waiting,,,,,,10.18,,,RD248,,,
,31-07-2026,,,,,LU Loading,,,,,,4.67,,,RD248,,,
,31-07-2026,,,,,Waiting,,,,,,2.28,,,RD248,,,
,31-07-2026,,,,,LU Loading,,,,,,0.23,,,RD248,,,
,31-07-2026,,,,,Waiting,,,,,,1.33,,,RD232,,,
,31-07-2026,,,,,LU Loading,,,,,,2.77,,,RD232,,,
,31-07-2026,,,,,Waiting,,,,,,5.05,,,RD232,,,
,31-07-2026,,,,,LU Loading,,,,,,3.55,,,RD232,,,
,31-07-2026,,,,,Waiting,,,,,,3.23,,,RD232,,,
,31-07-2026,,,,,LU Loading,,,,,,3.28,,,RD232,,,
,31-07-2026,,,,,Waiting,,,,,,1.83,,,RD240,,,
,31-07-2026,,,,,LU Loading,,,,,,3.92,,,RD240,,,
,31-07-2026,,,,,Spotting,,,,,,1.17,,,RD232,,,
,31-07-2026,,,,,LU Loading,,,,,,2.53,,,RD232,,,
,31-07-2026,,,,,Waiting,,,,,,3.12,,,RD232,,,
,31-07-2026,,,,,LU Loading,,,,,,4.92,,,RD232,,,
,31-07-2026,,,,,Waiting,,,,,,3.35,,,RD232,,,
,31-07-2026,,,,,LU Loading,,,,,,2.82,,,RD232,,,
,31-07-2026,,,,,Waiting,,,,,,22.37,,,RD229,,,
,31-07-2026,,,,,Shift Change,,,,,,18.83,,,RD229,,,
,31-07-2026,,,,,Shift Change,,,,,,56.13,,,RD229,,,
,31-07-2026,,,,,Waiting,,,,,,3.88,,,RD229,,,
,31-07-2026,,,,,LU Loading,,,,,,2.63,,,RD229,,,
,31-07-2026,,,,,Waiting,,,,,,4.92,,,RD237,,,
,31-07-2026,,,,,LU Loading,,,,,,2.28,,,RD237,,,
,31-07-2026,,,,,Waiting,,,,,,2.63,,,RD229,,,
,31-07-2026,,,,,LU Loading,,,,,,2.88,,,RD229,,,
,31-07-2026,,,,,Waiting,,,,,,2.02,,,RD245,,,
,31-07-2026,,,,,LU Loading,,,,,,2.28,,,RD245,,,
,31-07-2026,,,,,Waiting,,,,,,1.13,,,RD237,,,
,31-07-2026,,,,,LU Loading,,,,,,3.13,,,RD237,,,
,31-07-2026,,,,,Waiting,,,,,,1.97,,,RD229,,,
,31-07-2026,,,,,LU Loading,,,,,,3.45,,,RD229,,,
,31-07-2026,,,,,LU Loading,,,,,,2.65,,,RD233,,,
,31-07-2026,,,,,LU Loading,,,,,,3.1,,,RD245,,,
,31-07-2026,,,,,Waiting,,,,,,0.47,,,RD237,,,
,31-07-2026,,,,,LU Loading,,,,,,2.95,,,RD237,,,
,31-07-2026,,,,,Waiting,,,,,,1.22,,,RD229,,,
,31-07-2026,,,,,Spotting,,,,,,0.33,,,RD229,,,
,31-07-2026,,,,,LU Loading,,,,,,3.23,,,RD229,,,
,31-07-2026,,,,,LU Loading,,,,,,2.5,,,RD233,,,
,31-07-2026,,,,,LU Loading,,,,,,4.25,,,RD245,,,
,31-07-2026,,,,,LU Loading,,,,,,3.12,,,RD237,,,
,31-07-2026,,,,,Waiting,,,,,,3.18,,,RD245,,,
,31-07-2026,,,,,LU Loading,,,,,,3.67,,,RD245,,,
,31-07-2026,,,,,Waiting,,,,,,0.68,,,RD250,,,
,31-07-2026,,,,,LU Loading,,,,,,2.6,,,RD250,,,
,31-07-2026,,,,,LU Loading,,,,,,4.03,,,RD229,,,
,31-07-2026,,,,,LU Loading,,,,,,3.07,,,RD233,,,
,31-07-2026,,,,,LU Loading,,,,,,2.68,,,RD237,,,
,31-07-2026,,,,,LU Loading,,,,,,2.68,,,RD245,,,
,31-07-2026,,,,,Waiting,,,,,,5.6,,,RD250,,,
,31-07-2026,,,,,LU Loading,,,,,,2.72,,,RD250,,,
,31-07-2026,,,,,Spotting,,,,,,0.92,,,RD229,,,
,31-07-2026,,,,,LU Loading,,,,,,2.57,,,RD229,,,
,31-07-2026,,,,,Waiting,,,,,,1.1,,,RD233,,,
,31-07-2026,,,,,Spotting,,,,,,0.5,,,RD233,,,
,31-07-2026,,,,,LU Loading,,,,,,2.78,,,RD233,,,
,31-07-2026,,,,,Waiting,,,,,,0.42,,,RD237,,,
,31-07-2026,,,,,LU Loading,,,,,,2.12,,,RD237,,,
,31-07-2026,,,,,Waiting,,,,,,0.42,,,RD245,,,
,31-07-2026,,,,,LU Loading,,,,,,2.52,,,RD245,,,
,31-07-2026,,,,,Spotting,,,,,,0.67,,,RD250,,,
,31-07-2026,,,,,LU Loading,,,,,,2.33,,,RD250,,,
,31-07-2026,,,,,Spotting,,,,,,0.82,,,RD229,,,
,31-07-2026,,,,,LU Loading,,,,,,1.9,,,RD229,,,
,31-07-2026,,,,,LU Loading,,,,,,2.32,,,RD233,,,
,31-07-2026,,,,,Spotting,,,,,,0.22,,,RD237,,,
,31-07-2026,,,,,LU Loading,,,,,,2.77,,,RD237,,,
,31-07-2026,,,,,Spotting,,,,,,0.1,,,RD245,,,
,31-07-2026,,,,,LU Loading,,,,,,3.18,,,RD245,,,
,31-07-2026,,,,,Waiting,,,,,,2.48,,,RD229,,,
,31-07-2026,,,,,LU Loading,,,,,,2.48,,,RD229,,,
,31-07-2026,,,,,Waiting,,,,,,0.25,,,RD233,,,
,31-07-2026,,,,,LU Loading,,,,,,2.35,,,RD233,,,
,31-07-2026,,,,,Waiting,,,,,,0.2,,,RD237,,,
,31-07-2026,,,,,LU Loading,,,,,,2.82,,,RD237,,,
,31-07-2026,,,,,Waiting,,,,,,0.27,,,RD245,,,
,31-07-2026,,,,,LU Loading,,,,,,5.72,,,RD245,,,
,31-07-2026,,,,,Spotting,,,,,,0.9,,,RD229,,,
,31-07-2026,,,,,LU Loading,,,,,,3.13,,,RD229,,,
,31-07-2026,,,,,LU Loading,,,,,,2.77,,,RD233,,,
,31-07-2026,,,,,Waiting,,,,,,0.13,,,RD237,,,
,31-07-2026,,,,,Spotting,,,,,,0.15,,,RD237,,,
,31-07-2026,,,,,LU Loading,,,,,,3.6,,,RD237,,,
,31-07-2026,,,,,Waiting,,,,,,1.47,,,RD245,,,
,31-07-2026,,,,,LU Loading,,,,,,3.12,,,RD245,,,
,31-07-2026,,,,,Waiting,,,,,,0.48,,,RD229,,,
,31-07-2026,,,,,LU Loading,,,,,,2.92,,,RD229,,,
,31-07-2026,,,,,LU Loading,,,,,,3.9,,,RD233,,,
,31-07-2026,,,,,Waiting,,,,,,0.1,,,RD237,,,
,31-07-2026,,,,,LU Loading,,,,,,3.47,,,RD237,,,
,31-07-2026,,,,,Waiting,,,,,,0.03,,,RD245,,,
,31-07-2026,,,,,LU Loading,,,,,,3.78,,,RD245,,,
,31-07-2026,,,,,Waiting,,,,,,0.02,,,RD229,,,
,31-07-2026,,,,,LU Loading,,,,,,3.98,,,RD229,,,
,31-07-2026,,,,,LU Loading,,,,,,3.93,,,RD233,,,
,31-07-2026,,,,,Waiting,,,,,,4.52,,,RD237,,,
,31-07-2026,,,,,Spotting,,,,,,0.38,,,RD237,,,
,31-07-2026,,,,,LU Loading,,,,,,3.7,,,RD237,,,
,31-07-2026,,,,,Spotting,,,,,,0.43,,,RD229,,,
,31-07-2026,,,,,LU Loading,,,,,,3.1,,,RD229,,,
,31-07-2026,,,,,LU Loading,,,,,,3.28,,,RD233,,,
,31-07-2026,,,,,Waiting,,,,,,3.63,,,RD237,,,
,31-07-2026,,,,,LU Loading,,,,,,3.33,,,RD237,,,
,31-07-2026,,,,,Waiting,,,,,,6.35,,,RD233,,,
,31-07-2026,,,,,Spotting,,,,,,0.22,,,RD233,,,
,31-07-2026,,,,,LU Loading,,,,,,3,,,RD233,,,
,31-07-2026,,,,,Waiting,,,,,,0.32,,,RD245,,,
,31-07-2026,,,,,LU Loading,,,,,,2.32,,,RD245,,,
,31-07-2026,,,,,Waiting,,,,,,0.4,,,RD237,,,
,31-07-2026,,,,,LU Loading,,,,,,2.45,,,RD237,,,
,31-07-2026,,,,,Waiting,,,,,,5.03,,,RD233,,,
,31-07-2026,,,,,LU Loading,,,,,,3.32,,,RD233,,,
,31-07-2026,,,,,Spotting,,,,,,0.1,,,RD245,,,
,31-07-2026,,,,,LU Loading,,,,,,3.23,,,RD245,,,
,31-07-2026,,,,,Spotting,,,,,,0.23,,,RD229,,,
,31-07-2026,,,,,LU Loading,,,,,,3.13,,,RD229,,,
,31-07-2026,,,,,Waiting,,,,,,2.6,,,RD233,,,
,31-07-2026,,,,,Spotting,,,,,,0.13,,,RD233,,,
,31-07-2026,,,,,LU Loading,,,,,,3.5,,,RD233,,,
,31-07-2026,,,,,Waiting,,,,,,0.38,,,RD245,,,
,31-07-2026,,,,,LU Loading,,,,,,2.77,,,RD245,,,
,31-07-2026,,,,,Waiting,,,,,,0.22,,,RD229,,,
,31-07-2026,,,,,LU Loading,,,,,,2.33,,,RD229,,,
,31-07-2026,,,,,Waiting,,,,,,1.85,,,RD235,,,
,31-07-2026,,,,,LU Loading,,,,,,3.82,,,RD235,,,
,31-07-2026,,,,,Waiting,,,,,,0.55,,,RD237,,,
,31-07-2026,,,,,LU Loading,,,,,,2.03,,,RD237,,,
,31-07-2026,,,,,LU Loading,,,,,,2.73,,,RD245,,,
,31-07-2026,,,,,LU Loading,,,,,,2.4,,,RD229,,,
,31-07-2026,,,,,Waiting,,,,,,5.32,,,RD235,,,
,31-07-2026,,,,,LU Loading,,,,,,3.88,,,RD235,,,
,31-07-2026,,,,,LU Loading,,,,,,3.57,,,RD237,,,
,31-07-2026,,,,,Waiting,,,,,,0.08,,,RD245,,,
,31-07-2026,,,,,Spotting,,,,,,0.6,,,RD245,,,
,31-07-2026,,,,,LU Loading,,,,,,3,,,RD245,,,
,31-07-2026,,,,,Waiting,,,,,,0.35,,,RD229,,,
,31-07-2026,,,,,LU Loading,,,,,,2.8,,,RD229,,,
,31-07-2026,,,,,Waiting,,,,,,0.03,,,RD233,,,
,31-07-2026,,,,,LU Loading,,,,,,3.38,,,RD233,,,
,31-07-2026,,,,,Waiting,,,,,,0.4,,,RD235,,,
,31-07-2026,,,,,LU Loading,,,,,,3.12,,,RD235,,,
,31-07-2026,,,,,LU Loading,,,,,,2.57,,,RD237,,,
,31-07-2026,,,,,Waiting,,,,,,0.1,,,RD245,,,
,31-07-2026,,,,,Spotting,,,,,,0.33,,,RD245,,,
,31-07-2026,,,,,LU Loading,,,,,,2.97,,,RD245,,,
,31-07-2026,,,,,Spotting,,,,,,0.28,,,RD229,,,
,31-07-2026,,,,,LU Loading,,,,,,2.8,,,RD229,,,
,31-07-2026,,,,,Spotting,,,,,,0.08,,,RD233,,,
,31-07-2026,,,,,LU Loading,,,,,,3.43,,,RD233,,,
,31-07-2026,,,,,Waiting,,,,,,0.73,,,RD235,,,
,31-07-2026,,,,,LU Loading,,,,,,2.53,,,RD235,,,
,31-07-2026,,,,,Waiting,,,,,,0.23,,,RD237,,,
,31-07-2026,,,,,LU Loading,,,,,,2.68,,,RD237,,,
,31-07-2026,,,,,Waiting,,,,,,0.02,,,RD245,,,
,31-07-2026,,,,,Spotting,,,,,,0.32,,,RD245,,,
,31-07-2026,,,,,LU Loading,,,,,,2.98,,,RD245,,,
,31-07-2026,,,,,Waiting,,,,,,0.4,,,RD229,,,
,31-07-2026,,,,,LU Loading,,,,,,3.72,,,RD229,,,
,31-07-2026,,,,,Waiting,,,,,,0.02,,,RD233,,,
,31-07-2026,,,,,LU Loading,,,,,,4.42,,,RD233,,,
,31-07-2026,,,,,Waiting,,,,,,1.53,,,RD235,,,
,31-07-2026,,,,,LU Loading,,,,,,3.77,,,RD235,,,
,31-07-2026,,,,,Waiting,,,,,,0.08,,,RD237,,,
,31-07-2026,,,,,LU Loading,,,,,,3.2,,,RD237,,,
,31-07-2026,,,,,Waiting,,,,,,0.67,,,RD245,,,
,31-07-2026,,,,,LU Loading,,,,,,5.17,,,RD245,,,
,31-07-2026,,,,,Spotting,,,,,,0.17,,,RD229,,,
,31-07-2026,,,,,LU Loading,,,,,,3.62,,,RD229,,,
,31-07-2026,,,,,Waiting,,,,,,0.92,,,RD233,,,
,31-07-2026,,,,,LU Loading,,,,,,3.33,,,RD233,,,
,31-07-2026,,,,,Waiting,,,,,,0.08,,,RD237,,,
,31-07-2026,,,,,LU Loading,,,,,,4.5,,,RD237,,,
,31-07-2026,,,,,Spotting,,,,,,4.98,,,RD245,,,
,31-07-2026,,,,,LU Loading,,,,,,4.4,,,RD245,,,
,31-07-2026,,,,,Waiting,,,,,,0.5,,,RD229,,,
,31-07-2026,,,,,LU Loading,,,,,,3.05,,,RD229,,,
,31-07-2026,,,,,Waiting,,,,,,0.72,,,RD233,,,
,31-07-2026,,,,,LU Loading,,,,,,2.67,,,RD233,,,
,31-07-2026,,,,,Spotting,,,,,,0.07,,,RD237,,,
,31-07-2026,,,,,LU Loading,,,,,,2.7,,,RD237,,,
,31-07-2026,,,,,Waiting,,,,,,2.37,,,RD245,,,
,31-07-2026,,,,,LU Loading,,,,,,3.37,,,RD245,,,
,31-07-2026,,,,,Spotting,,,,,,0.6,,,RD229,,,
,31-07-2026,,,,,LU Loading,,,,,,2.7,,,RD229,,,
,31-07-2026,,,,,LU Loading,,,,,,4.15,,,RD233,,,
,31-07-2026,,,,,Spotting,,,,,,0.13,,,RD237,,,
,31-07-2026,,,,,LU Loading,,,,,,3.6,,,RD237,,,
,31-07-2026,,,,,Spotting,,,,,,0.18,,,RD245,,,
,31-07-2026,,,,,LU Loading,,,,,,2.82,,,RD245,,,
,31-07-2026,,,,,Waiting,,,,,,0.18,,,RD229,,,
,31-07-2026,,,,,LU Loading,,,,,,2.47,,,RD229,,,
,31-07-2026,,,,,Waiting,,,,,,0.2,,,RD233,,,
,31-07-2026,,,,,LU Loading,,,,,,2.67,,,RD233,,,
,31-07-2026,,,,,Waiting,,,,,,2.37,,,RD237,,,
,31-07-2026,,,,,LU Loading,,,,,,2.17,,,RD237,,,
,31-07-2026,,,,,LU Loading,,,,,,3.43,,,RD245,,,
,31-07-2026,,,,,Spotting,,,,,,0.2,,,RD237,,,
,31-07-2026,,,,,LU Loading,,,,,,3.12,,,RD237,,,
,31-07-2026,,,,,LU Loading,,,,,,1.78,,,RD229,,,
,31-07-2026,,,,,Waiting,,,,,,0.87,,,RD237,,,
,31-07-2026,,,,,LU Loading,,,,,,0.92,,,RD237,,,
,31-07-2026,,,,,LU Loading,,,,,,3.63,,,RD229,,,
,31-07-2026,,,,,Waiting,,,,,,4.67,,,RD231,,,
,31-07-2026,,,,,Shift Change,,,,,,24.18,,,RD231,,,
,31-07-2026,,,,,Shift Change,,,,,,5.3,,,RD231,,,
,31-07-2026,,,,, Down,,,,,,61.55,,,RD231,,,
,31-07-2026,,,,,Waiting,,,,,,4.55,,,RD231,,,
,31-07-2026,,,,,LU Loading,,,,,,4.3,,,RD231,,,
,31-07-2026,,,,,Waiting,,,,,,3.13,,,RD253,,,
,31-07-2026,,,,,LU Loading,,,,,,4.75,,,RD253,,,
,31-07-2026,,,,,Waiting,,,,,,0.67,,,RD251,,,
,31-07-2026,,,,,LU Loading,,,,,,4.1,,,RD251,,,
,31-07-2026,,,,,Waiting,,,,,,0.07,,,RD247,,,
,31-07-2026,,,,,Spotting,,,,,,0.6,,,RD247,,,
,31-07-2026,,,,,LU Loading,,,,,,5.48,,,RD247,,,
,31-07-2026,,,,,LU Loading,,,,,,4.23,,,RD231,,,
,31-07-2026,,,,,Waiting,,,,,,18.8,,,RD251,,,
,31-07-2026,,,,,LU Loading,,,,,,4.22,,,RD251,,,
,01-08-2026,,,,,LU Loading,,,,,,3.6,,,RD231,,,
,01-08-2026,,,,,Waiting,,,,,,0.55,,,RD247,,,
,01-08-2026,,,,,Spotting,,,,,,0.4,,,RD247,,,
,01-08-2026,,,,,LU Loading,,,,,,2.9,,,RD247,,,
,01-08-2026,,,,,Waiting,,,,,,0.4,,,RD253,,,
,01-08-2026,,,,,LU Loading,,,,,,3.03,,,RD253,,,
,01-08-2026,,,,,Waiting,,,,,,4.08,,,RD251,,,
,01-08-2026,,,,,LU Loading,,,,,,3.47,,,RD251,,,
,01-08-2026,,,,,Waiting,,,,,,0.02,,,RD231,,,
,01-08-2026,,,,,LU Loading,,,,,,3.35,,,RD231,,,
,01-08-2026,,,,,Waiting,,,,,,0.68,,,RD247,,,
,01-08-2026,,,,,LU Loading,,,,,,2.77,,,RD247,,,
,01-08-2026,,,,,Waiting,,,,,,3.73,,,RD251,,,
,01-08-2026,,,,,LU Loading,,,,,,3.08,,,RD251,,,
,01-08-2026,,,,,LU Loading,,,,,,2.65,,,RD231,,,
,01-08-2026,,,,,Waiting,,,,,,2.25,,,RD247,,,
,01-08-2026,,,,,Spotting,,,,,,0.27,,,RD247,,,
,01-08-2026,,,,,LU Loading,,,,,,2.72,,,RD247,,,
,01-08-2026,,,,,Waiting,,,,,,4.32,,,RD251,,,
,01-08-2026,,,,,LU Loading,,,,,,3.3,,,RD251,,,
,01-08-2026,,,,,LU Loading,,,,,,2.98,,,RD231,,,
,01-08-2026,,,,,Waiting,,,,,,1.22,,,RD247,,,
,01-08-2026,,,,,Spotting,,,,,,0.53,,,RD247,,,
,01-08-2026,,,,,LU Loading,,,,,,2.72,,,RD247,,,
,01-08-2026,,,,,Waiting,,,,,,3.45,,,RD253,,,
,01-08-2026,,,,,Spotting,,,,,,0.6,,,RD253,,,
,01-08-2026,,,,,LU Loading,,,,,,3.48,,,RD253,,,
,01-08-2026,,,,,Waiting,,,,,,0.68,,,RD251,,,
,01-08-2026,,,,,LU Loading,,,,,,3.58,,,RD251,,,
,01-08-2026,,,,,Waiting,,,,,,0.23,,,RD231,,,
,01-08-2026,,,,,Spotting,,,,,,0.32,,,RD231,,,
,01-08-2026,,,,,LU Loading,,,,,,6.18,,,RD231,,,
,01-08-2026,,,,,Spotting,,,,,,0.63,,,RD247,,,
,01-08-2026,,,,,LU Loading,,,,,,3.42,,,RD247,,,
,01-08-2026,,,,,Waiting,,,,,,0.27,,,RD253,,,
,01-08-2026,,,,,Spotting,,,,,,0.63,,,RD253,,,
,01-08-2026,,,,,LU Loading,,,,,,3.08,,,RD253,,,
,01-08-2026,,,,,Waiting,,,,,,5.95,,,RD231,,,
,01-08-2026,,,,,Spotting,,,,,,0.42,,,RD231,,,
,01-08-2026,,,,,LU Loading,,,,,,2.52,,,RD231,,,
,01-08-2026,,,,,Spotting,,,,,,0.42,,,RD247,,,
,01-08-2026,,,,,LU Loading,,,,,,2.85,,,RD247,,,
,01-08-2026,,,,,Waiting,,,,,,6.92,,,RD253,,,
,01-08-2026,,,,,LU Loading,,,,,,3.68,,,RD253,,,
,01-08-2026,,,,,Waiting,,,,,,2.57,,,RD247,,,
,01-08-2026,,,,,LU Loading,,,,,,2.57,,,RD247,,,
,01-08-2026,,,,,Waiting,,,,,,17.75,,,RD253,,,
,01-08-2026,,,,,Spotting,,,,,,0.2,,,RD253,,,
,01-08-2026,,,,,LU Loading,,,,,,3.03,,,RD253,,,
,01-08-2026,,,,,Waiting,,,,,,0.1,,,RD247,,,
,01-08-2026,,,,,Spotting,,,,,,0.18,,,RD247,,,
,01-08-2026,,,,,LU Loading,,,,,,2.33,,,RD247,,,
,01-08-2026,,,,,Waiting,,,,,,7.42,,,RD251,,,
,01-08-2026,,,,,LU Loading,,,,,,0.42,,,RD251,,,
,01-08-2026,,,,,Waiting,,,,,,0.25,,,RD231,,,
,01-08-2026,,,,,Spotting,,,,,,0.52,,,RD231,,,
,01-08-2026,,,,,LU Loading,,,,,,6.65,,,RD231,,,
,01-08-2026,,,,,LU Loading,,,,,,3.92,,,RD253,,,
,01-08-2026,,,,,LU Loading,,,,,,4.8,,,RD251,,,
,01-08-2026,,,,,Waiting,,,,,,1.12,,,RD231,,,
,01-08-2026,,,,,Spotting,,,,,,0.27,,,RD231,,,
,01-08-2026,,,,,LU Loading,,,,,,3.38,,,RD231,,,
,01-08-2026,,,,,Waiting,,,,,,2.55,,,RD253,,,
,01-08-2026,,,,,LU Loading,,,,,,3.28,,,RD253,,,
,01-08-2026,,,,,Waiting,,,,,,1.97,,,RD251,,,
,01-08-2026,,,,,LU Loading,,,,,,0.88,,,RD251,,,
,01-08-2026,,,,,Waiting,,,,,,0.93,,,RD231,,,
,01-08-2026,,,,,Spotting,,,,,,0.95,,,RD231,,,
,01-08-2026,,,,,LU Loading,,,,,,5.25,,,RD231,,,
,01-08-2026,,,,,Waiting,,,,,,7.42,,,RD251,,,
,01-08-2026,,,,,LU Loading,,,,,,3.32,,,RD251,,,
,01-08-2026,,,,,Waiting,,,,,,0.15,,,RD231,,,
,01-08-2026,,,,,Spotting,,,,,,0.38,,,RD231,,,
,01-08-2026,,,,,LU Loading,,,,,,3.15,,,RD231,,,
,01-08-2026,,,,,Spotting,,,,,,0.13,,,RD247,,,
,01-08-2026,,,,,LU Loading,,,,,,7.65,,,RD247,,,
,01-08-2026,,,,,Waiting,,,,,,2.45,,,RD251,,,
,01-08-2026,,,,,Spotting,,,,,,4.8,,,RD251,,,
,01-08-2026,,,,,LU Loading,,,,,,4.17,,,RD251,,,
,01-08-2026,,,,,Waiting,,,,,,3.68,,,RD231,,,
,01-08-2026,,,,,Side Casting,,,,,,47.62,,,RD231,,,
,01-08-2026,,,,,LU Loading,,,,,,3.07,,,RD231,,,
,01-08-2026,,,,,Waiting,,,,,,9.85,,,RD251,,,
,01-08-2026,,,,,LU Loading,,,,,,0.1,,,RD251,,,
,01-08-2026,,,,,Waiting,,,,,,1.95,,,RD231,,,
,01-08-2026,,,,,LU Loading,,,,,,3.42,,,RD231,,,
,01-08-2026,,,,,Waiting,,,,,,11.8,,,RD244,,,
,01-08-2026,,,,,Side Casting,,,,,,42.82,,,RD244,,,
,01-08-2026,,,,,Shift Change,,,,,,22.72,,,RD244,,,
