,,,,,,,,,,,,,,,,,,
,,,,,Loading Unit Time Profile,,,,,,,,,,,,,
,,,,,,,,,,,,,,,,,,
,,,,,,,,,,,,,Report Created On:,,,,,10-08-2026
,Parameters:,,,,,,,,,Description:,,,,,,,,
,,,,,,,,,,,,,,,,,,
,,,,,,,,,,This report contains a spreadsheet of all the status that a specified loading unit has incurred for the specified time period.,,,,,,,,
,,Start Shift Date:,,,01-07-2026,,,,,,,,,,,,,
,,End Shift Date:,,,31-07-2026,,,,,,,,,,,,,
,,Loader:,,,EX007,,,,,,,,,,,,,
,,,,,,,,,,,,,,,,,,
,,IsDst:,,,False,,,,,,,,,,,,,
,,,,,,,,,,,,,,,,,,
,,,,,,,,,,,,,,,,,,
,01-07-2026,,,,,,,,,,,,,,,,,
,Timestamp,,,,,Status Code,,Sub-Status Code,,,,"Duration
(min)",,,Hauling Unit,,,
,01-07-2026,,,,,Shift Change,,,,,,29.6,,,RD252,,,
,01-07-2026,,,,,LU Loading,,,,,,2.43,,,RD252,,,
,01-07-2026,,,,,Waiting,,,,,,0.15,,,RD232,,,
,01-07-2026,,,,,LU Loading,,,,,,2.52,,,RD232,,,
,01-07-2026,,,,,Waiting,,,,,,0.73,,,RD253,,,
,01-07-2026,,,,,LU Loading,,,,,,2.42,,,RD253,,,
,01-07-2026,,,,,Waiting,,,,,,0.53,,,RD242,,,
,01-07-2026,,,,,LU Loading,,,,,,2.82,,,RD242,,,
,01-07-2026,,,,,Spotting,,,,,,0.5,,,RD250,,,
,01-07-2026,,,,,LU Loading,,,,,,5.48,,,RD250,,,
,01-07-2026,,,,,Waiting,,,,,,7.87,,,RD234,,,
,01-07-2026,,,,,LU Loading,,,,,,1.02,,,RD234,,,
,01-07-2026,,,,,LU Loading,,,,,,2.33,,,RD234,,,
,01-07-2026,,,,,Waiting,,,,,,0.17,,,RD252,,,
,01-07-2026,,,,,Spotting,,,,,,0.33,,,RD252,,,
,01-07-2026,,,,,LU Loading,,,,,,2.28,,,RD252,,,
,01-07-2026,,,,,Waiting,,,,,,0.68,,,RD232,,,
,01-07-2026,,,,,LU Loading,,,,,,3.2,,,RD232,,,
,01-07-2026,,,,,LU Loading,,,,,,2.32,,,RD253,,,
,01-07-2026,,,,,LU Loading,,,,,,2.97,,,RD242,,,
,01-07-2026,,,,,Waiting,,,,,,6.1,,,RD234,,,
,01-07-2026,,,,,LU Loading,,,,,,2.85,,,RD234,,,
,01-07-2026,,,,,LU Loading,,,,,,3.05,,,RD252,,,
,01-07-2026,,,,,LU Loading,,,,,,2.9,,,RD232,,,
,01-07-2026,,,,,Waiting,,,,,,0.53,,,RD253,,,
,01-07-2026,,,,,LU Loading,,,,,,2.58,,,RD253,,,
,01-07-2026,,,,,LU Loading,,,,,,2.72,,,RD242,,,
,01-07-2026,,,,,Waiting,,,,,,2.95,,,RD250,,,
,01-07-2026,,,,,LU Loading,,,,,,3.4,,,RD250,,,
,01-07-2026,,,,,Waiting,,,,,,1.33,,,RD252,,,
,01-07-2026,,,,,LU Loading,,,,,,3.05,,,RD252,,,
,01-07-2026,,,,,LU Loading,,,,,,2.53,,,RD232,,,
,01-07-2026,,,,,Waiting,,,,,,0.67,,,RD253,,,
,01-07-2026,,,,,LU Loading,,,,,,3.28,,,RD253,,,
,01-07-2026,,,,,LU Loading,,,,,,2.5,,,RD242,,,
,01-07-2026,,,,,Waiting,,,,,,4.03,,,RD250,,,
,01-07-2026,,,,,LU Loading,,,,,,3.25,,,RD250,,,
,01-07-2026,,,,,Waiting,,,,,,3.37,,,RD232,,,
,01-07-2026,,,,,LU Loading,,,,,,2.77,,,RD232,,,
,01-07-2026,,,,,Waiting,,,,,,0.2,,,RD253,,,
,01-07-2026,,,,,Spotting,,,,,,4.37,,,RD253,,,
,01-07-2026,,,,,LU Loading,,,,,,2.83,,,RD253,,,
,01-07-2026,,,,,LU Loading,,,,,,3.27,,,RD252,,,
,01-07-2026,,,,,LU Loading,,,,,,3.17,,,RD242,,,
,01-07-2026,,,,,Waiting,,,,,,2.07,,,RD250,,,
,01-07-2026,,,,,LU Loading,,,,,,6.28,,,RD250,,,
,01-07-2026,,,,,Waiting,,,,,,0.02,,,RD232,,,
,01-07-2026,,,,,LU Loading,,,,,,0.02,,,RD232,,,
,01-07-2026,,,,,Waiting,,,,,,3.22,,,RD234,,,
,01-07-2026,,,,,Spotting,,,,,,3.07,,,RD234,,,
,01-07-2026,,,,,LU Loading,,,,,,3.2,,,RD234,,,
,01-07-2026,,,,,Spotting,,,,,,0.17,,,RD252,,,
,01-07-2026,,,,,LU Loading,,,,,,3.67,,,RD252,,,
,01-07-2026,,,,,LU Loading,,,,,,5.28,,,RD242,,,
,01-07-2026,,,,,Spotting,,,,,,0.3,,,RD232,,,
,01-07-2026,,,,,LU Loading,,,,,,3.43,,,RD232,,,
,01-07-2026,,,,,Waiting,,,,,,2.57,,,RD234,,,
,01-07-2026,,,,,LU Loading,,,,,,3.13,,,RD234,,,
,01-07-2026,,,,,Waiting,,,,,,1,,,RD252,,,
,01-07-2026,,,,,LU Loading,,,,,,4.38,,,RD252,,,
,01-07-2026,,,,,Waiting,,,,,,2.37,,,RD242,,,
,01-07-2026,,,,,LU Loading,,,,,,3.17,,,RD242,,,
,01-07-2026,,,,,Waiting,,,,,,3.62,,,RD232,,,
,01-07-2026,,,,,LU Loading,,,,,,3.1,,,RD232,,,
,01-07-2026,,,,,Spotting,,,,,,0.4,,,RD234,,,
,01-07-2026,,,,,LU Loading,,,,,,3.45,,,RD234,,,
,01-07-2026,,,,,Waiting,,,,,,0.9,,,RD252,,,
,01-07-2026,,,,,LU Loading,,,,,,3.27,,,RD252,,,
,01-07-2026,,,,,Waiting,,,,,,1.82,,,RD242,,,
,01-07-2026,,,,,Spotting,,,,,,0.73,,,RD242,,,
,01-07-2026,,,,,LU Loading,,,,,,2.98,,,RD242,,,
,01-07-2026,,,,,Waiting,,,,,,1.85,,,RD232,,,
,01-07-2026,,,,,Spotting,,,,,,0.15,,,RD232,,,
,01-07-2026,,,,,LU Loading,,,,,,4.03,,,RD232,,,
,01-07-2026,,,,,Waiting,,,,,,3.3,,,RD234,,,
,01-07-2026,,,,,LU Loading,,,,,,3.78,,,RD234,,,
,01-07-2026,,,,,LU Loading,,,,,,8,,,RD250,,,
,01-07-2026,,,,,LU Loading,,,,,,2.65,,,RD232,,,
,01-07-2026,,,,,Waiting,,,,,,0.53,,,RD253,,,
,01-07-2026,,,,,LU Loading,,,,,,2.67,,,RD253,,,
,01-07-2026,,,,,Waiting,,,,,,2.18,,,RD234,,,
,01-07-2026,,,,,Spotting,,,,,,0.55,,,RD234,,,
,01-07-2026,,,,,LU Loading,,,,,,3.48,,,RD234,,,
,01-07-2026,,,,,LU Loading,,,,,,2.57,,,RD242,,,
,01-07-2026,,,,,Waiting,,,,,,3.17,,,RD232,,,
,01-07-2026,,,,,Spotting,,,,,,2.68,,,RD232,,,
,01-07-2026,,,,,LU Loading,,,,,,2.52,,,RD232,,,
,01-07-2026,,,,,Waiting,,,,,,0.7,,,RD253,,,
,01-07-2026,,,,,LU Loading,,,,,,0.07,,,RD253,,,
,01-07-2026,,,,,LU Loading,,,,,,4.7,,,RD253,,,
,01-07-2026,,,,,LU Loading,,,,,,2.67,,,RD234,,,
,01-07-2026,,,,,Spotting,,,,,,0.4,,,RD242,,,
,01-07-2026,,,,,LU Loading,,,,,,2.72,,,RD242,,,
,01-07-2026,,,,,Waiting,,,,,,5.87,,,RD250,,,
,01-07-2026,,,,,LU Loading,,,,,,2.77,,,RD250,,,
,01-07-2026,,,,,Spotting,,,,,,0.53,,,RD232,,,
,01-07-2026,,,,,LU Loading,,,,,,2.68,,,RD232,,,
,01-07-2026,,,,,Waiting,,,,,,0.55,,,RD253,,,
,01-07-2026,,,,,LU Loading,,,,,,0.02,,,RD253,,,
,01-07-2026,,,,,LU Loading,,,,,,2.8,,,RD253,,,
,01-07-2026,,,,,Waiting,,,,,,0.15,,,RD234,,,
,01-07-2026,,,,,Spotting,,,,,,0.3,,,RD234,,,
,01-07-2026,,,,,LU Loading,,,,,,2.77,,,RD234,,,
,01-07-2026,,,,,Waiting,,,,,,0.02,,,RD242,,,
,01-07-2026,,,,,LU Loading,,,,,,2.92,,,RD242,,,
,01-07-2026,,,,,Waiting,,,,,,5.95,,,RD250,,,
,01-07-2026,,,,,LU Loading,,,,,,3.07,,,RD250,,,
,01-07-2026,,,,,Waiting,,,,,,2,,,RD253,,,
,01-07-2026,,,,,Spotting,,,,,,0.32,,,RD253,,,
,01-07-2026,,,,,LU Loading,,,,,,2.8,,,RD253,,,
,01-07-2026,,,,,Waiting,,,,,,0.78,,,RD234,,,
,01-07-2026,,,,,Spotting,,,,,,0.28,,,RD234,,,
,01-07-2026,,,,,LU Loading,,,,,,2.78,,,RD234,,,
,01-07-2026,,,,,Waiting,,,,,,0.27,,,RD242,,,
,01-07-2026,,,,,LU Loading,,,,,,2.33,,,RD242,,,
,01-07-2026,,,,,Waiting,,,,,,0.42,,,RD253,,,
,01-07-2026,,,,,LU Loading,,,,,,0.02,,,RD253,,,
,01-07-2026,,,,,LU Loading,,,,,,2.88,,,RD253,,,
,01-07-2026,,,,,Waiting,,,,,,0.17,,,RD253,,,
,01-07-2026,,,,,LU Loading,,,,,,3.73,,,RD253,,,
,01-07-2026,,,,,LU Loading,,,,,,2.55,,,RD234,,,
,01-07-2026,,,,,Waiting,,,,,,0.52,,,RD232,,,
,01-07-2026,,,,,LU Loading,,,,,,2.3,,,RD232,,,
,01-07-2026,,,,,Waiting,,,,,,0.02,,,RD253,,,
,01-07-2026,,,,,LU Loading,,,,,,0.63,,,RD253,,,
,01-07-2026,,,,,LU Loading,,,,,,2.5,,,RD253,,,
,01-07-2026,,,,,Spotting,,,,,,0.55,,,RD242,,,
,01-07-2026,,,,,LU Loading,,,,,,2.78,,,RD242,,,
,01-07-2026,,,,,Spotting,,,,,,0.35,,,RD234,,,
,01-07-2026,,,,,LU Loading,,,,,,2.67,,,RD234,,,
,01-07-2026,,,,,Spotting,,,,,,0.77,,,RD253,,,
,01-07-2026,,,,,LU Loading,,,,,,2.58,,,RD253,,,
,01-07-2026,,,,,Waiting,,,,,,0.5,,,RD250,,,
,01-07-2026,,,,,LU Loading,,,,,,3.28,,,RD250,,,
,01-07-2026,,,,,LU Loading,,,,,,0.02,,,RD232,,,
,01-07-2026,,,,,Waiting,,,,,,6,,,RD242,,,
,01-07-2026,,,,,Spotting,,,,,,1.28,,,RD242,,,
,01-07-2026,,,,,LU Loading,,,,,,2.22,,,RD242,,,
,01-07-2026,,,,,Waiting,,,,,,2.73,,,RD234,,,
,01-07-2026,,,,,LU Loading,,,,,,2.48,,,RD234,,,
,01-07-2026,,,,,Waiting,,,,,,0.58,,,RD253,,,
,01-07-2026,,,,,LU Loading,,,,,,0.08,,,RD253,,,
,01-07-2026,,,,,LU Loading,,,,,,2.48,,,RD253,,,
,01-07-2026,,,,,Spotting,,,,,,0.12,,,RD232,,,
,01-07-2026,,,,,LU Loading,,,,,,2.9,,,RD232,,,
,01-07-2026,,,,,Waiting,,,,,,2.27,,,RD250,,,
,01-07-2026,,,,,LU Loading,,,,,,2.47,,,RD250,,,
,01-07-2026,,,,,Waiting,,,,,,0.32,,,RD252,,,
,01-07-2026,,,,,LU Loading,,,,,,2.07,,,RD252,,,
,01-07-2026,,,,,Waiting,,,,,,0.5,,,RD242,,,
,01-07-2026,,,,,LU Loading,,,,,,2.42,,,RD242,,,
,01-07-2026,,,,,Waiting,,,,,,2.77,,,RD234,,,
,01-07-2026,,,,,LU Loading,,,,,,2.4,,,RD234,,,
,01-07-2026,,,,,Waiting,,,,,,3.93,,,RD232,,,
,01-07-2026,,,,,LU Loading,,,,,,2.43,,,RD232,,,
,01-07-2026,,,,,Waiting,,,,,,6.33,,,RD252,,,
,01-07-2026,,,,,LU Loading,,,,,,2.45,,,RD252,,,
,01-07-2026,,,,,Waiting,,,,,,4,,,RD234,,,
,01-07-2026,,,,,LU Loading,,,,,,4.7,,,RD234,,,
,01-07-2026,,,,,LU Loading,,,,,,2.43,,,RD253,,,
,01-07-2026,,,,,Waiting,,,,,,0.78,,,RD232,,,
,01-07-2026,,,,,LU Loading,,,,,,0.15,,,RD232,,,
,01-07-2026,,,,,Waiting,,,,,,10.47,,,RD234,,,
,01-07-2026,,,,,LU Loading,,,,,,2.38,,,RD234,,,
,01-07-2026,,,,,Waiting,,,,,,0.18,,,RD242,,,
,01-07-2026,,,,,LU Loading,,,,,,2.52,,,RD242,,,
,01-07-2026,,,,,Waiting,,,,,,0.1,,,RD253,,,
,01-07-2026,,,,,LU Loading,,,,,,3.08,,,RD253,,,
,01-07-2026,,,,,LU Loading,,,,,,3.27,,,RD232,,,
,01-07-2026,,,,,Waiting,,,,,,9.4,,,RD234,,,
,01-07-2026,,,,,LU Loading,,,,,,2.52,,,RD234,,,
,01-07-2026,,,,,LU Loading,,,,,,5.03,,,RD250,,,
,01-07-2026,,,,,Waiting,,,,,,0.18,,,RD232,,,
,01-07-2026,,,,,LU Loading,,,,,,2.5,,,RD232,,,
,01-07-2026,,,,,Waiting,,,,,,0.02,,,RD253,,,
,01-07-2026,,,,,LU Loading,,,,,,2.45,,,RD253,,,
,01-07-2026,,,,,Waiting,,,,,,1.68,,,RD253,,,
,01-07-2026,,,,,Spotting,,,,,,0.88,,,RD253,,,
,01-07-2026,,,,,LU Loading,,,,,,2.33,,,RD253,,,
,01-07-2026,,,,,Waiting,,,,,,0.02,,,RD232,,,
,01-07-2026,,,,,LU Loading,,,,,,8.48,,,RD232,,,
,01-07-2026,,,,,Waiting,,,,,,1.85,,,RD231,,,
,01-07-2026,,,,,Shift Change,,,,,,25.15,,,RD231,,,
,01-07-2026,,,,,Shift Change,,,,,,63.13,,,RD231,,,
,01-07-2026,,,,,Waiting,,,,,,2.92,,,RD231,,,
,01-07-2026,,,,,LU Loading,,,,,,2.7,,,RD231,,,
,01-07-2026,,,,,Waiting,,,,,,0.93,,,RD247,,,
,01-07-2026,,,,,LU Loading,,,,,,2.2,,,RD247,,,
,01-07-2026,,,,,Waiting,,,,,,16,,,RD247,,,
,01-07-2026,,,,,Spotting,,,,,,0.77,,,RD247,,,
,01-07-2026,,,,,LU Loading,,,,,,2.45,,,RD247,,,
,01-07-2026,,,,,Waiting,,,,,,0.63,,,RD231,,,
,01-07-2026,,,,,LU Loading,,,,,,3.32,,,RD231,,,
,01-07-2026,,,,,Waiting,,,,,,0.58,,,RD229,,,
,01-07-2026,,,,,Spotting,,,,,,0.32,,,RD229,,,
,01-07-2026,,,,,LU Loading,,,,,,3.1,,,RD229,,,
,01-07-2026,,,,,Waiting,,,,,,7.22,,,RD247,,,
,01-07-2026,,,,,LU Loading,,,,,,2.52,,,RD247,,,
,01-07-2026,,,,,Waiting,,,,,,5.33,,,RD229,,,
,01-07-2026,,,,,LU Loading,,,,,,2.63,,,RD229,,,
,01-07-2026,,,,,Waiting,,,,,,0.02,,,RD231,,,
,01-07-2026,,,,,LU Loading,,,,,,0.02,,,RD231,,,
,01-07-2026,,,,,Waiting,,,,,,6.68,,,RD247,,,
,01-07-2026,,,,,LU Loading,,,,,,2.6,,,RD247,,,
,01-07-2026,,,,,Waiting,,,,,,2.17,,,RD231,,,
,01-07-2026,,,,,LU Loading,,,,,,2.13,,,RD231,,,
,01-07-2026,,,,,Waiting,,,,,,0.15,,,RD229,,,
,01-07-2026,,,,,LU Loading,,,,,,3.18,,,RD229,,,
,01-07-2026,,,,,Waiting,,,,,,1.82,,,RD244,,,
,01-07-2026,,,,,LU Loading,,,,,,2.42,,,RD244,,,
,01-07-2026,,,,,Waiting,,,,,,4.3,,,RD247,,,
,01-07-2026,,,,,LU Loading,,,,,,3,,,RD247,,,
,01-07-2026,,,,,Spotting,,,,,,0.75,,,RD231,,,
,01-07-2026,,,,,LU Loading,,,,,,2.63,,,RD231,,,
,01-07-2026,,,,,LU Loading,,,,,,3.22,,,RD229,,,
,01-07-2026,,,,,Waiting,,,,,,1.48,,,RD244,,,
,01-07-2026,,,,,LU Loading,,,,,,3.15,,,RD244,,,
,01-07-2026,,,,,Waiting,,,,,,3.28,,,RD247,,,
,01-07-2026,,,,,LU Loading,,,,,,2.48,,,RD247,,,
,01-07-2026,,,,,Waiting,,,,,,0.57,,,RD231,,,
,01-07-2026,,,,,LU Loading,,,,,,3.12,,,RD231,,,
,01-07-2026,,,,,Waiting,,,,,,0.35,,,RD229,,,
,01-07-2026,,,,,LU Loading,,,,,,3.35,,,RD229,,,
,01-07-2026,,,,,Waiting,,,,,,4.15,,,RD244,,,
,01-07-2026,,,,,LU Loading,,,,,,3.8,,,RD244,,,
,01-07-2026,,,,,Waiting,,,,,,0.23,,,RD247,,,
,01-07-2026,,,,,LU Loading,,,,,,2.83,,,RD247,,,
,01-07-2026,,,,,Waiting,,,,,,2.03,,,RD231,,,
,01-07-2026,,,,,LU Loading,,,,,,2.87,,,RD231,,,
,01-07-2026,,,,,Waiting,,,,,,0.2,,,RD229,,,
,01-07-2026,,,,,LU Loading,,,,,,0.28,,,RD229,,,
,01-07-2026,,,,,LU Loading,,,,,,2.87,,,RD229,,,
,01-07-2026,,,,,Waiting,,,,,,4.33,,,RD244,,,
,01-07-2026,,,,,LU Loading,,,,,,2.92,,,RD244,,,
,01-07-2026,,,,,Waiting,,,,,,0.85,,,RD247,,,
,01-07-2026,,,,,LU Loading,,,,,,2.62,,,RD247,,,
,01-07-2026,,,,,Waiting,,,,,,0.52,,,RD231,,,
,01-07-2026,,,,,Spotting,,,,,,0.68,,,RD231,,,
,01-07-2026,,,,,LU Loading,,,,,,2.57,,,RD231,,,
,01-07-2026,,,,,Waiting,,,,,,2.08,,,RD229,,,
,01-07-2026,,,,,LU Loading,,,,,,3.98,,,RD229,,,
,01-07-2026,,,,,Waiting,,,,,,2.87,,,RD244,,,
,01-07-2026,,,,,Spotting,,,,,,0.37,,,RD244,,,
,01-07-2026,,,,,LU Loading,,,,,,2.52,,,RD244,,,
,01-07-2026,,,,,Spotting,,,,,,0.25,,,RD247,,,
,01-07-2026,,,,,LU Loading,,,,,,2.32,,,RD247,,,
,01-07-2026,,,,,Waiting,,,,,,2.12,,,RD231,,,
,01-07-2026,,,,,LU Loading,,,,,,3.13,,,RD231,,,
,01-07-2026,,,,,Waiting,,,,,,0.45,,,RD229,,,
,01-07-2026,,,,,LU Loading,,,,,,3.18,,,RD229,,,
,01-07-2026,,,,,Waiting,,,,,,6.12,,,RD251,,,
,01-07-2026,,,,,Daily Service,,,,,,72.53,,,RD251,,,
,01-07-2026,,,,,LU Loading,,,,,,3.22,,,RD251,,,
,01-07-2026,,,,,Spotting,,,,,,0.18,,,RD231,,,
,01-07-2026,,,,,LU Loading,,,,,,2.48,,,RD231,,,
,01-07-2026,,,,,Waiting,,,,,,0.1,,,RD229,,,
,01-07-2026,,,,,LU Loading,,,,,,0.2,,,RD229,,,
,01-07-2026,,,,,LU Loading,,,,,,2.32,,,RD229,,,
,01-07-2026,,,,,Waiting,,,,,,0.22,,,RD247,,,
,01-07-2026,,,,,LU Loading,,,,,,3.42,,,RD247,,,
,01-07-2026,,,,,Waiting,,,,,,0.95,,,RD235,,,
,01-07-2026,,,,,LU Loading,,,,,,2.4,,,RD235,,,
,01-07-2026,,,,,Waiting,,,,,,6.87,,,RD229,,,
,01-07-2026,,,,,Spotting,,,,,,2.05,,,RD229,,,
,01-07-2026,,,,,LU Loading,,,,,,2.37,,,RD229,,,
,01-07-2026,,,,,Waiting,,,,,,0.48,,,RD251,,,
,01-07-2026,,,,,LU Loading,,,,,,0.32,,,RD251,,,
,01-07-2026,,,,,LU Loading,,,,,,2.77,,,RD251,,,
,01-07-2026,,,,,Waiting,,,,,,0.63,,,RD253,,,
,01-07-2026,,,,,LU Loading,,,,,,2.93,,,RD253,,,
,01-07-2026,,,,,Spotting,,,,,,0.77,,,RD247,,,
,01-07-2026,,,,,LU Loading,,,,,,2.77,,,RD247,,,
,01-07-2026,,,,,Waiting,,,,,,0.17,,,RD235,,,
,01-07-2026,,,,,LU Loading,,,,,,3.7,,,RD235,,,
,01-07-2026,,,,,LU Loading,,,,,,2.35,,,RD229,,,
,01-07-2026,,,,,Waiting,,,,,,6.1,,,RD251,,,
,01-07-2026,,,,,LU Loading,,,,,,2.7,,,RD251,,,
,01-07-2026,,,,,Spotting,,,,,,0.03,,,RD247,,,
,01-07-2026,,,,,LU Loading,,,,,,2.68,,,RD247,,,
,01-07-2026,,,,,Waiting,,,,,,3.33,,,RD235,,,
,01-07-2026,,,,,Spotting,,,,,,1.65,,,RD235,,,
,01-07-2026,,,,,LU Loading,,,,,,3.63,,,RD235,,,
,01-07-2026,,,,,Waiting,,,,,,0.97,,,RD251,,,
,01-07-2026,,,,,LU Loading,,,,,,2.65,,,RD251,,,
,01-07-2026,,,,,Waiting,,,,,,0.15,,,RD229,,,
,01-07-2026,,,,,LU Loading,,,,,,2.27,,,RD229,,,
,01-07-2026,,,,,Waiting,,,,,,0.58,,,RD247,,,
,01-07-2026,,,,,LU Loading,,,,,,2.25,,,RD247,,,
,01-07-2026,,,,,Waiting,,,,,,5,,,RD253,,,
,01-07-2026,,,,,LU Loading,,,,,,2.97,,,RD253,,,
,01-07-2026,,,,,Waiting,,,,,,0.37,,,RD235,,,
,01-07-2026,,,,,LU Loading,,,,,,2.37,,,RD235,,,
,01-07-2026,,,,,Waiting,,,,,,0.07,,,RD229,,,
,01-07-2026,,,,,LU Loading,,,,,,2.45,,,RD229,,,
,01-07-2026,,,,,LU Loading,,,,,,3.47,,,RD253,,,
,01-07-2026,,,,,Spotting,,,,,,0.03,,,RD247,,,
,01-07-2026,,,,,LU Loading,,,,,,2.42,,,RD247,,,
,01-07-2026,,,,,LU Loading,,,,,,0.22,,,RD253,,,
,01-07-2026,,,,,Waiting,,,,,,3.3,,,RD229,,,
,01-07-2026,,,,,LU Loading,,,,,,2.5,,,RD229,,,
,01-07-2026,,,,,Spotting,,,,,,0.12,,,RD251,,,
,01-07-2026,,,,,LU Loading,,,,,,3.15,,,RD251,,,
,01-07-2026,,,,,Waiting,,,,,,3.17,,,RD247,,,
,01-07-2026,,,,,LU Loading,,,,,,2.17,,,RD247,,,
,01-07-2026,,,,,Waiting,,,,,,0.33,,,RD253,,,
,01-07-2026,,,,,Spotting,,,,,,0.55,,,RD253,,,
,01-07-2026,,,,,LU Loading,,,,,,3.08,,,RD253,,,
,01-07-2026,,,,,Waiting,,,,,,1.43,,,RD235,,,
,01-07-2026,,,,,LU Loading,,,,,,3.03,,,RD235,,,
,01-07-2026,,,,,LU Loading,,,,,,2.87,,,RD229,,,
,01-07-2026,,,,,Waiting,,,,,,1.85,,,RD229,,,
,01-07-2026,,,,,LU Loading,,,,,,3.07,,,RD229,,,
,01-07-2026,,,,,Waiting,,,,,,0.33,,,RD247,,,
,01-07-2026,,,,,LU Loading,,,,,,2.58,,,RD247,,,
,01-07-2026,,,,,Waiting,,,,,,0.58,,,RD251,,,
,01-07-2026,,,,,Spotting,,,,,,0.45,,,RD251,,,
,01-07-2026,,,,,LU Loading,,,,,,3.2,,,RD251,,,
,01-07-2026,,,,,Waiting,,,,,,0.98,,,RD253,,,
,01-07-2026,,,,,LU Loading,,,,,,3.25,,,RD253,,,
,01-07-2026,,,,,Spotting,,,,,,0.38,,,RD235,,,
,01-07-2026,,,,,LU Loading,,,,,,3.52,,,RD235,,,
,01-07-2026,,,,,Spotting,,,,,,0.25,,,RD229,,,
,01-07-2026,,,,,LU Loading,,,,,,3.05,,,RD229,,,
,01-07-2026,,,,,Waiting,,,,,,6.52,,,RD237,,,
,01-07-2026,,,,,Shift Change,,,,,,27,,,RD237,,,
,01-07-2026,,,,,Shift Change,,,,,,37.58,,,RD237,,,
,01-07-2026,,,,,Waiting,,,,,,13.02,,,RD237,,,
,01-07-2026,,,,,LU Loading,,,,,,2.98,,,RD237,,,
,01-07-2026,,,,,Waiting,,,,,,3.48,,,RD143,,,
,01-07-2026,,,,,LU Loading,,,,,,2.13,,,RD143,,,
,01-07-2026,,,,,Spotting,,,,,,1.32,,,RD251,,,
,01-07-2026,,,,,LU Loading,,,,,,2.28,,,RD251,,,
,01-07-2026,,,,,Waiting,,,,,,4.15,,,RD239,,,
,01-07-2026,,,,,LU Loading,,,,,,2.17,,,RD239,,,
,01-07-2026,,,,,Waiting,,,,,,4.27,,,RD229,,,
,01-07-2026,,,,,LU Loading,,,,,,3.85,,,RD229,,,
,01-07-2026,,,,,LU Loading,,,,,,4.97,,,RD239,,,
,01-07-2026,,,,,Waiting,,,,,,7.23,,,RD237,,,
,01-07-2026,,,,,LU Loading,,,,,,2.88,,,RD237,,,
,01-07-2026,,,,,Waiting,,,,,,5.83,,,RD143,,,
,01-07-2026,,,,,LU Loading,,,,,,2.63,,,RD143,,,
,01-07-2026,,,,,Waiting,,,,,,0.33,,,RD239,,,
,01-07-2026,,,,,LU Loading,,,,,,1.58,,,RD239,,,
,01-07-2026,,,,,LU Loading,,,,,,2.3,,,RD239,,,
,01-07-2026,,,,,Waiting,,,,,,1.33,,,RD251,,,
,01-07-2026,,,,,LU Loading,,,,,,2.53,,,RD251,,,
,01-07-2026,,,,,Waiting,,,,,,9.28,,,RD229,,,
,01-07-2026,,,,,LU Loading,,,,,,2.58,,,RD229,,,
,02-07-2026,,,,,Waiting,,,,,,9.15,,,RD143,,,
,02-07-2026,,,,,Spotting,,,,,,0.38,,,RD143,,,
,02-07-2026,,,,,LU Loading,,,,,,2.82,,,RD143,,,
,02-07-2026,,,,,Waiting,,,,,,0.02,,,RD237,,,
,02-07-2026,,,,,LU Loading,,,,,,0.02,,,RD237,,,
,02-07-2026,,,,,Waiting,,,,,,3.72,,,RD251,,,
,02-07-2026,,,,,LU Loading,,,,,,3.37,,,RD251,,,
,02-07-2026,,,,,Waiting,,,,,,0.55,,,RD239,,,
,02-07-2026,,,,,LU Loading,,,,,,5.43,,,RD239,,,
,02-07-2026,,,,,Waiting,,,,,,2.05,,,RD229,,,
,02-07-2026,,,,,LU Loading,,,,,,2.77,,,RD229,,,
,02-07-2026,,,,,Waiting,,,,,,2.25,,,RD237,,,
,02-07-2026,,,,,LU Loading,,,,,,4.05,,,RD237,,,
,02-07-2026,,,,,Waiting,,,,,,5.93,,,RD239,,,
,02-07-2026,,,,,LU Loading,,,,,,3.5,,,RD239,,,
,02-07-2026,,,,,Waiting,,,,,,3.13,,,RD251,,,
,02-07-2026,,,,,Spotting,,,,,,0.68,,,RD251,,,
,02-07-2026,,,,,LU Loading,,,,,,3.2,,,RD251,,,
,02-07-2026,,,,,Waiting,,,,,,2.25,,,RD229,,,
,02-07-2026,,,,,Spotting,,,,,,4.18,,,RD229,,,
,02-07-2026,,,,,LU Loading,,,,,,2.37,,,RD229,,,
,02-07-2026,,,,,Waiting,,,,,,0.02,,,RD237,,,
,02-07-2026,,,,,Spotting,,,,,,0.88,,,RD237,,,
,02-07-2026,,,,,LU Loading,,,,,,2.37,,,RD237,,,
,02-07-2026,,,,,Waiting,,,,,,6.37,,,RD239,,,
,02-07-2026,,,,,LU Loading,,,,,,2.7,,,RD239,,,
,02-07-2026,,,,,Waiting,,,,,,4.12,,,RD251,,,
,02-07-2026,,,,,LU Loading,,,,,,0.47,,,RD251,,,
,02-07-2026,,,,,Waiting,,,,,,7.23,,,RD229,,,
,02-07-2026,,,,,Spotting,,,,,,1.13,,,RD229,,,
,02-07-2026,,,,,LU Loading,,,,,,3.32,,,RD229,,,
,02-07-2026,,,,,Waiting,,,,,,2.45,,,RD143,,,
,02-07-2026,,,,,Tea/ Breakfast / Snacks,,,,,,79.03,,,RD143,,,
,02-07-2026,,,,,Waiting,,,,,,8.33,,,RD143,,,
,02-07-2026,,,,,Spotting,,,,,,0.33,,,RD143,,,
,02-07-2026,,,,,LU Loading,,,,,,2.58,,,RD143,,,
,02-07-2026,,,,,Waiting,,,,,,3.67,,,RD239,,,
,02-07-2026,,,,,LU Loading,,,,,,3.07,,,RD239,,,
,02-07-2026,,,,,Waiting,,,,,,2.3,,,RD237,,,
,02-07-2026,,,,,Spotting,,,,,,1.53,,,RD237,,,
,02-07-2026,,,,,LU Loading,,,,,,4.57,,,RD237,,,
,02-07-2026,,,,,LU Loading,,,,,,2.7,,,RD229,,,
,02-07-2026,,,,,Waiting,,,,,,6.12,,,RD143,,,
,02-07-2026,,,,,LU Loading,,,,,,4.55,,,RD143,,,
,02-07-2026,,,,,LU Loading,,,,,,0.03,,,RD239,,,
,02-07-2026,,,,,LU Loading,,,,,,3.2,,,RD239,,,
,02-07-2026,,,,,Waiting,,,,,,2.5,,,RD237,,,
,02-07-2026,,,,,LU Loading,,,,,,2.73,,,RD237,,,
,02-07-2026,,,,,Waiting,,,,,,4.9,,,RD229,,,
,02-07-2026,,,,,Spotting,,,,,,1.13,,,RD229,,,
,02-07-2026,,,,,LU Loading,,,,,,2.93,,,RD229,,,
,02-07-2026,,,,,Waiting,,,,,,4.38,,,RD143,,,
,02-07-2026,,,,,LU Loading,,,,,,5.08,,,RD143,,,
,02-07-2026,,,,,Waiting,,,,,,2.25,,,RD239,,,
,02-07-2026,,,,,Spotting,,,,,,0.48,,,RD239,,,
,02-07-2026,,,,,LU Loading,,,,,,3.6,,,RD239,,,
,02-07-2026,,,,,Waiting,,,,,,0.75,,,RD237,,,
,02-07-2026,,,,,LU Loading,,,,,,0.13,,,RD237,,,
,02-07-2026,,,,,LU Loading,,,,,,2.93,,,RD237,,,
,02-07-2026,,,,,Waiting,,,,,,3.7,,,RD229,,,
,02-07-2026,,,,,Spotting,,,,,,1.62,,,RD229,,,
,02-07-2026,,,,,LU Loading,,,,,,2.8,,,RD229,,,
,02-07-2026,,,,,Waiting,,,,,,12.33,,,RD143,,,
,02-07-2026,,,,,LU Loading,,,,,,3.45,,,RD143,,,
,02-07-2026,,,,,LU Loading,,,,,,2.82,,,RD239,,,
,02-07-2026,,,,,Waiting,,,,,,3.27,,,RD229,,,
,02-07-2026,,,,,Spotting,,,,,,2.42,,,RD229,,,
,02-07-2026,,,,,LU Loading,,,,,,3.32,,,RD229,,,
,02-07-2026,,,,,Waiting,,,,,,13.82,,,RD239,,,
,02-07-2026,,,,,Spotting,,,,,,1.62,,,RD239,,,
,02-07-2026,,,,,LU Loading,,,,,,3.37,,,RD239,,,
,02-07-2026,,,,,Waiting,,,,,,0.23,,,RD229,,,
,02-07-2026,,,,,LU Loading,,,,,,3.12,,,RD229,,,
,02-07-2026,,,,,Waiting,,,,,,7.82,,,RD248,,,
,02-07-2026,,,,,LU Loading,,,,,,1.25,,,RD248,,,
,02-07-2026,,,,,Waiting,,,,,,16.6,,,RD252,,,
,02-07-2026,,,,,Shift Change,,,,,,27.03,,,RD252,,,
,02-07-2026,,,,,,,,,,,,,,,,,
,Timestamp,,,,,Status Code,,Sub-Status Code,,,,"Duration
(min)",,,Hauling Unit,,,
,02-07-2026,,,,,Shift Change,,,,,,24,,,RD252,,,
,02-07-2026,,,,,Waiting,,,,,,7.68,,,RD252,,,
,02-07-2026,,,,,LU Loading,,,,,,2.57,,,RD252,,,
,02-07-2026,,,,,Waiting,,,,,,0.55,,,RD247,,,
,02-07-2026,,,,,LU Loading,,,,,,2.58,,,RD247,,,
,02-07-2026,,,,,Waiting,,,,,,4.73,,,RD251,,,
,02-07-2026,,,,,LU Loading,,,,,,12.47,,,RD251,,,
,02-07-2026,,,,,LU Loading,,,,,,0.02,,,RD245,,,
,02-07-2026,,,,,Waiting,,,,,,0.02,,,RD245,,,
,02-07-2026,,,,,LU Loading,,,,,,0.02,,,RD245,,,
,02-07-2026,,,,,Waiting,,,,,,6.55,,,RD247,,,
,02-07-2026,,,,,LU Loading,,,,,,1.3,,,RD247,,,
,02-07-2026,,,,,LU Loading,,,,,,2.6,,,RD252,,,
,02-07-2026,,,,,Waiting,,,,,,1.78,,,RD247,,,
,02-07-2026,,,,,LU Loading,,,,,,3.33,,,RD247,,,
,02-07-2026,,,,,LU Loading,,,,,,2.88,,,RD251,,,
,02-07-2026,,,,,LU Loading,,,,,,3.25,,,RD234,,,
,02-07-2026,,,,,LU Loading,,,,,,2.57,,,RD252,,,
,02-07-2026,,,,,LU Loading,,,,,,2.87,,,RD245,,,
,02-07-2026,,,,,Waiting,,,,,,4.73,,,RD247,,,
,02-07-2026,,,,,LU Loading,,,,,,3.3,,,RD247,,,
,02-07-2026,,,,,Waiting,,,,,,0.18,,,RD251,,,
,02-07-2026,,,,,Spotting,,,,,,0.2,,,RD251,,,
,02-07-2026,,,,,LU Loading,,,,,,2.83,,,RD251,,,
,02-07-2026,,,,,Waiting,,,,,,0.02,,,RD234,,,
,02-07-2026,,,,,LU Loading,,,,,,2.52,,,RD234,,,
,02-07-2026,,,,,Waiting,,,,,,1.62,,,RD245,,,
,02-07-2026,,,,,Spotting,,,,,,0.17,,,RD245,,,
,02-07-2026,,,,,LU Loading,,,,,,4.58,,,RD245,,,
,02-07-2026,,,,,LU Loading,,,,,,2.98,,,RD247,,,
,02-07-2026,,,,,Waiting,,,,,,5.33,,,RD251,,,
,02-07-2026,,,,,LU Loading,,,,,,2.47,,,RD251,,,
,02-07-2026,,,,,Waiting,,,,,,0.33,,,RD234,,,
,02-07-2026,,,,,LU Loading,,,,,,2.57,,,RD234,,,
,02-07-2026,,,,,Waiting,,,,,,0.02,,,RD252,,,
,02-07-2026,,,,,LU Loading,,,,,,2.78,,,RD252,,,
,02-07-2026,,,,,Spotting,,,,,,0.28,,,RD245,,,
,02-07-2026,,,,,LU Loading,,,,,,2.62,,,RD245,,,
,02-07-2026,,,,,Spotting,,,,,,0.22,,,RD247,,,
,02-07-2026,,,,,LU Loading,,,,,,2.38,,,RD247,,,
,02-07-2026,,,,,Waiting,,,,,,5.58,,,RD251,,,
,02-07-2026,,,,,Spotting,,,,,,0.35,,,RD251,,,
,02-07-2026,,,,,LU Loading,,,,,,7.67,,,RD251,,,
,02-07-2026,,,,,LU Loading,,,,,,0.02,,,RD234,,,
,02-07-2026,,,,,LU Loading,,,,,,3.6,,,RD234,,,
,02-07-2026,,,,,Waiting,,,,,,0.2,,,RD252,,,
,02-07-2026,,,,,LU Loading,,,,,,2.57,,,RD252,,,
,02-07-2026,,,,,Waiting,,,,,,0.02,,,RD245,,,
,02-07-2026,,,,,LU Loading,,,,,,2.6,,,RD245,,,
,02-07-2026,,,,,LU Loading,,,,,,2.42,,,RD245,,,
,02-07-2026,,,,,Waiting,,,,,,0.2,,,RD247,,,
,02-07-2026,,,,,LU Loading,,,,,,0.4,,,RD247,,,
,02-07-2026,,,,,LU Loading,,,,,,2.43,,,RD247,,,
,02-07-2026,,,,,Waiting,,,,,,7.93,,,RD252,,,
,02-07-2026,,,,,LU Loading,,,,,,3.12,,,RD252,,,
,02-07-2026,,,,,Waiting,,,,,,5.93,,,RD247,,,
,02-07-2026,,,,,LU Loading,,,,,,2.7,,,RD247,,,
,02-07-2026,,,,,Waiting,,,,,,9.27,,,RD245,,,
,02-07-2026,,,,,LU Loading,,,,,,2.53,,,RD245,,,
,02-07-2026,,,,,Waiting,,,,,,3.68,,,RD247,,,
,02-07-2026,,,,,Spotting,,,,,,0.58,,,RD247,,,
,02-07-2026,,,,,LU Loading,,,,,,3.73,,,RD247,,,
,02-07-2026,,,,,LU Loading,,,,,,4.45,,,RD243,,,
,02-07-2026,,,,,LU Loading,,,,,,0.5,,,RD234,,,
,02-07-2026,,,,,LU Loading,,,,,,2.63,,,RD234,,,
,02-07-2026,,,,,Waiting,,,,,,0.02,,,RD251,,,
,02-07-2026,,,,,LU Loading,,,,,,0.02,,,RD251,,,
,02-07-2026,,,,,Waiting,,,,,,5.93,,,RD247,,,
,02-07-2026,,,,,LU Loading,,,,,,2.98,,,RD247,,,
,02-07-2026,,,,,Waiting,,,,,,2.27,,,RD251,,,
,02-07-2026,,,,,LU Loading,,,,,,2.72,,,RD251,,,
,02-07-2026,,,,,Waiting,,,,,,0.42,,,RD234,,,
,02-07-2026,,,,,LU Loading,,,,,,2.27,,,RD234,,,
,02-07-2026,,,,,Spotting,,,,,,0.07,,,RD243,,,
,02-07-2026,,,,,LU Loading,,,,,,3.27,,,RD243,,,
,02-07-2026,,,,,Spotting,,,,,,0.07,,,RD252,,,
,02-07-2026,,,,,LU Loading,,,,,,2.65,,,RD252,,,
,02-07-2026,,,,,Waiting,,,,,,0.05,,,RD245,,,
,02-07-2026,,,,,Spotting,,,,,,3.27,,,RD245,,,
,02-07-2026,,,,,LU Loading,,,,,,3.05,,,RD245,,,
,02-07-2026,,,,,Waiting,,,,,,0.02,,,RD247,,,
,02-07-2026,,,,,LU Loading,,,,,,0.02,,,RD247,,,
,02-07-2026,,,,,Spotting,,,,,,0.22,,,RD251,,,
,02-07-2026,,,,,LU Loading,,,,,,3,,,RD251,,,
,02-07-2026,,,,,Waiting,,,,,,3.05,,,RD243,,,
,02-07-2026,,,,,LU Loading,,,,,,2.57,,,RD243,,,
,02-07-2026,,,,,Waiting,,,,,,1.38,,,RD252,,,
,02-07-2026,,,,,LU Loading,,,,,,2.87,,,RD252,,,
,02-07-2026,,,,,Waiting,,,,,,0.02,,,RD245,,,
,02-07-2026,,,,,LU Loading,,,,,,2.88,,,RD245,,,
,02-07-2026,,,,,Waiting,,,,,,1.6,,,RD234,,,
,02-07-2026,,,,,LU Loading,,,,,,2.7,,,RD234,,,
,02-07-2026,,,,,Waiting,,,,,,3.73,,,RD234,,,
,02-07-2026,,,,,Spotting,,,,,,0.1,,,RD234,,,
,02-07-2026,,,,,LU Loading,,,,,,2.98,,,RD234,,,
,02-07-2026,,,,,Waiting,,,,,,0.28,,,RD252,,,
,02-07-2026,,,,,Spotting,,,,,,2.77,,,RD252,,,
,02-07-2026,,,,,LU Loading,,,,,,2.25,,,RD252,,,
,02-07-2026,,,,,Waiting,,,,,,0.18,,,RD245,,,
,02-07-2026,,,,,LU Loading,,,,,,2.97,,,RD245,,,
,02-07-2026,,,,,Waiting,,,,,,0.02,,,RD247,,,
,02-07-2026,,,,,LU Loading,,,,,,9.3,,,RD247,,,
,02-07-2026,,,,,Shift Incharge Instruction,,,,,,3.22,,,RD247,,,
,02-07-2026,,,,,LU Loading,,,,,,1.83,,,RD247,,,
,02-07-2026,,,,,LU Loading,,,,,,4.4,,,RD243,,,
,02-07-2026,,,,,Waiting,,,,,,6.93,,,RD252,,,
,02-07-2026,,,,,LU Loading,,,,,,2.7,,,RD252,,,
,02-07-2026,,,,,Waiting,,,,,,4.8,,,RD245,,,
,02-07-2026,,,,,LU Loading,,,,,,2.77,,,RD245,,,
,02-07-2026,,,,,Waiting,,,,,,3.08,,,RD247,,,
,02-07-2026,,,,,LU Loading,,,,,,2.23,,,RD247,,,
,02-07-2026,,,,,LU Loading,,,,,,3.25,,,RD234,,,
,02-07-2026,,,,,LU Loading,,,,,,5.17,,,RD243,,,
,02-07-2026,,,,,LU Loading,,,,,,0.17,,,RD252,,,
,02-07-2026,,,,,LU Loading,,,,,,5.58,,,RD252,,,
,02-07-2026,,,,,LU Loading,,,,,,2.33,,,RD247,,,
,02-07-2026,,,,,Waiting,,,,,,0.02,,,RD245,,,
,02-07-2026,,,,,LU Loading,,,,,,0.02,,,RD245,,,
,02-07-2026,,,,,Waiting,,,,,,2.12,,,RD234,,,
,02-07-2026,,,,,LU Loading,,,,,,2.45,,,RD234,,,
,02-07-2026,,,,,Waiting,,,,,,0.02,,,RD243,,,
,02-07-2026,,,,,LU Loading,,,,,,2.35,,,RD243,,,
,02-07-2026,,,,,Waiting,,,,,,0.02,,,RD251,,,
,02-07-2026,,,,,LU Loading,,,,,,2.7,,,RD251,,,
,02-07-2026,,,,,Waiting,,,,,,0.02,,,RD245,,,
,02-07-2026,,,,,LU Loading,,,,,,3.02,,,RD245,,,
,02-07-2026,,,,,Waiting,,,,,,3.6,,,RD247,,,
,02-07-2026,,,,,Spotting,,,,,,0.57,,,RD247,,,
,02-07-2026,,,,,LU Loading,,,,,,2.22,,,RD247,,,
,02-07-2026,,,,,Waiting,,,,,,0.02,,,RD252,,,
,02-07-2026,,,,,LU Loading,,,,,,0.02,,,RD252,,,
,02-07-2026,,,,,Waiting,,,,,,3.97,,,RD234,,,
,02-07-2026,,,,,LU Loading,,,,,,0.42,,,RD234,,,
,02-07-2026,,,,,LU Loading,,,,,,2.22,,,RD234,,,
,02-07-2026,,,,,Waiting,,,,,,0.35,,,RD245,,,
,02-07-2026,,,,,LU Loading,,,,,,2.17,,,RD245,,,
,02-07-2026,,,,,Waiting,,,,,,0.02,,,RD243,,,
,02-07-2026,,,,,LU Loading,,,,,,0.02,,,RD243,,,
,02-07-2026,,,,,Spotting,,,,,,0.13,,,RD251,,,
,02-07-2026,,,,,LU Loading,,,,,,2.25,,,RD251,,,
,02-07-2026,,,,,Waiting,,,,,,1.4,,,RD252,,,
,02-07-2026,,,,,LU Loading,,,,,,2.22,,,RD252,,,
,02-07-2026,,,,,Waiting,,,,,,0.32,,,RD247,,,
,02-07-2026,,,,,LU Loading,,,,,,6.52,,,RD247,,,
,02-07-2026,,,,,LU Loading,,,,,,2.3,,,RD245,,,
,02-07-2026,,,,,Waiting,,,,,,0.32,,,RD234,,,
,02-07-2026,,,,,LU Loading,,,,,,2.43,,,RD234,,,
,02-07-2026,,,,,Waiting,,,,,,0.58,,,RD251,,,
,02-07-2026,,,,,LU Loading,,,,,,2.57,,,RD251,,,
,02-07-2026,,,,,Waiting,,,,,,2.68,,,RD247,,,
,02-07-2026,,,,,LU Loading,,,,,,2.08,,,RD247,,,
,02-07-2026,,,,,Waiting,,,,,,2.77,,,RD243,,,
,02-07-2026,,,,,LU Loading,,,,,,2.58,,,RD243,,,
,02-07-2026,,,,,LU Loading,,,,,,1.12,,,RD245,,,
,02-07-2026,,,,,LU Loading,,,,,,1.47,,,RD245,,,
,02-07-2026,,,,,LU Loading,,,,,,2.3,,,RD234,,,
,02-07-2026,,,,,Waiting,,,,,,5.72,,,RD247,,,
,02-07-2026,,,,,LU Loading,,,,,,2.35,,,RD247,,,
,02-07-2026,,,,,Waiting,,,,,,1.65,,,RD243,,,
,02-07-2026,,,,,LU Loading,,,,,,3.03,,,RD243,,,
,02-07-2026,,,,,LU Loading,,,,,,2.13,,,RD245,,,
,02-07-2026,,,,,Spotting,,,,,,0.42,,,RD234,,,
,02-07-2026,,,,,LU Loading,,,,,,2.4,,,RD234,,,
,02-07-2026,,,,,Waiting,,,,,,0.02,,,RD251,,,
,02-07-2026,,,,,LU Loading,,,,,,1.77,,,RD251,,,
,02-07-2026,,,,,Waiting,,,,,,0.9,,,RD252,,,
,02-07-2026,,,,,LU Loading,,,,,,2.5,,,RD252,,,
,02-07-2026,,,,,Waiting,,,,,,0.22,,,RD247,,,
,02-07-2026,,,,,LU Loading,,,,,,0.12,,,RD247,,,
,02-07-2026,,,,,LU Loading,,,,,,5.32,,,RD247,,,
,02-07-2026,,,,,LU Loading,,,,,,2.43,,,RD245,,,
,02-07-2026,,,,,Waiting,,,,,,0.18,,,RD234,,,
,02-07-2026,,,,,LU Loading,,,,,,2.48,,,RD234,,,
,02-07-2026,,,,,Waiting,,,,,,0.68,,,RD251,,,
,02-07-2026,,,,,LU Loading,,,,,,1.88,,,RD251,,,
,02-07-2026,,,,,Waiting,,,,,,0.5,,,RD252,,,
,02-07-2026,,,,,LU Loading,,,,,,2.58,,,RD252,,,
,02-07-2026,,,,,Waiting,,,,,,0.08,,,RD247,,,
,02-07-2026,,,,,LU Loading,,,,,,2.58,,,RD247,,,
,02-07-2026,,,,,Waiting,,,,,,0.02,,,RD243,,,
,02-07-2026,,,,,LU Loading,,,,,,2.62,,,RD243,,,
,02-07-2026,,,,,Waiting,,,,,,0.02,,,RD245,,,
,02-07-2026,,,,,LU Loading,,,,,,2.73,,,RD245,,,
,02-07-2026,,,,,Spotting,,,,,,0.22,,,RD234,,,
,02-07-2026,,,,,LU Loading,,,,,,2.52,,,RD234,,,
,02-07-2026,,,,,Waiting,,,,,,0.02,,,RD251,,,
,02-07-2026,,,,,LU Loading,,,,,,2.45,,,RD251,,,
,02-07-2026,,,,,Waiting,,,,,,0.43,,,RD247,,,
,02-07-2026,,,,,LU Loading,,,,,,2.42,,,RD247,,,
,02-07-2026,,,,,Waiting,,,,,,3.72,,,RD245,,,
,02-07-2026,,,,,LU Loading,,,,,,2.22,,,RD245,,,
,02-07-2026,,,,,Waiting,,,,,,8.7,,,RD231,,,
,02-07-2026,,,,,Shift Change,,,,,,24.25,,,RD231,,,
,02-07-2026,,,,,Shift Change,,,,,,38.53,,,RD231,,,
,02-07-2026,,,,,Waiting,,,,,,14.85,,,RD231,,,
,02-07-2026,,,,,Spotting,,,,,,0.28,,,RD231,,,
,02-07-2026,,,,,LU Loading,,,,,,3.35,,,RD231,,,
,02-07-2026,,,,,LU Loading,,,,,,2.27,,,RD252,,,
,02-07-2026,,,,,Waiting,,,,,,1.82,,,RD240,,,
,02-07-2026,,,,,LU Loading,,,,,,3.18,,,RD240,,,
,02-07-2026,,,,,LU Loading,,,,,,2.35,,,RD233,,,
,02-07-2026,,,,,Waiting,,,,,,8.77,,,RD231,,,
,02-07-2026,,,,,LU Loading,,,,,,3.98,,,RD231,,,
,02-07-2026,,,,,LU Loading,,,,,,0.67,,,RD252,,,
,02-07-2026,,,,,LU Loading,,,,,,3.82,,,RD252,,,
,02-07-2026,,,,,Waiting,,,,,,0.15,,,RD233,,,
,02-07-2026,,,,,Spotting,,,,,,2.8,,,RD233,,,
,02-07-2026,,,,,LU Loading,,,,,,3.22,,,RD233,,,
,02-07-2026,,,,,Waiting,,,,,,2.73,,,RD242,,,
,02-07-2026,,,,,LU Loading,,,,,,2.5,,,RD242,,,
,02-07-2026,,,,,Waiting,,,,,,10.23,,,RD233,,,
,02-07-2026,,,,,LU Loading,,,,,,2.58,,,RD233,,,
,02-07-2026,,,,,Spotting,,,,,,0.83,,,RD240,,,
,02-07-2026,,,,,LU Loading,,,,,,3.58,,,RD240,,,
,02-07-2026,,,,,LU Loading,,,,,,2.33,,,RD251,,,
,02-07-2026,,,,,Spotting,,,,,,3.53,,,RD231,,,
,02-07-2026,,,,,LU Loading,,,,,,3.78,,,RD231,,,
,02-07-2026,,,,,Waiting,,,,,,5.13,,,RD233,,,
,02-07-2026,,,,,LU Loading,,,,,,3.2,,,RD233,,,
,02-07-2026,,,,,Waiting,,,,,,0.1,,,RD251,,,
,02-07-2026,,,,,LU Loading,,,,,,3.2,,,RD251,,,
,02-07-2026,,,,,Waiting,,,,,,1.95,,,RD242,,,
,02-07-2026,,,,,LU Loading,,,,,,5.27,,,RD242,,,
,02-07-2026,,,,,LU Loading,,,,,,2.7,,,RD252,,,
,02-07-2026,,,,,Waiting,,,,,,3.02,,,RD233,,,
,02-07-2026,,,,,Spotting,,,,,,0.75,,,RD233,,,
,02-07-2026,,,,,LU Loading,,,,,,3.03,,,RD233,,,
,02-07-2026,,,,,Waiting,,,,,,0.38,,,RD251,,,
,02-07-2026,,,,,LU Loading,,,,,,2.68,,,RD251,,,
,02-07-2026,,,,,Waiting,,,,,,3.37,,,RD242,,,
,02-07-2026,,,,,LU Loading,,,,,,3.22,,,RD242,,,
,02-07-2026,,,,,Waiting,,,,,,0.18,,,RD240,,,
,02-07-2026,,,,,LU Loading,,,,,,3.5,,,RD240,,,
,02-07-2026,,,,,Waiting,,,,,,1.28,,,RD231,,,
,02-07-2026,,,,,LU Loading,,,,,,2.68,,,RD231,,,
,02-07-2026,,,,,Waiting,,,,,,0.02,,,RD233,,,
,02-07-2026,,,,,LU Loading,,,,,,3,,,RD233,,,
,02-07-2026,,,,,Waiting,,,,,,1.25,,,RD251,,,
,02-07-2026,,,,,LU Loading,,,,,,2.58,,,RD251,,,
,02-07-2026,,,,,Waiting,,,,,,0.58,,,RD242,,,
,02-07-2026,,,,,LU Loading,,,,,,4.22,,,RD242,,,
,02-07-2026,,,,,Waiting,,,,,,7.43,,,RD231,,,
,02-07-2026,,,,,Spotting,,,,,,0.82,,,RD231,,,
,02-07-2026,,,,,LU Loading,,,,,,3.72,,,RD231,,,
,02-07-2026,,,,,LU Loading,,,,,,2.85,,,RD233,,,
,02-07-2026,,,,,Waiting,,,,,,4.92,,,RD242,,,
,02-07-2026,,,,,LU Loading,,,,,,3.17,,,RD242,,,
,02-07-2026,,,,,Waiting,,,,,,1.37,,,RD240,,,
,02-07-2026,,,,,LU Loading,,,,,,3.37,,,RD240,,,
,02-07-2026,,,,,Waiting,,,,,,2.47,,,RD231,,,
,02-07-2026,,,,,LU Loading,,,,,,3.38,,,RD231,,,
,02-07-2026,,,,,LU Loading,,,,,,2.52,,,RD233,,,
,02-07-2026,,,,,Waiting,,,,,,3.23,,,RD242,,,
,02-07-2026,,,,,LU Loading,,,,,,2.3,,,RD242,,,
,02-07-2026,,,,,Waiting,,,,,,2.88,,,RD240,,,
,02-07-2026,,,,,LU Loading,,,,,,2.68,,,RD240,,,
,02-07-2026,,,,,Waiting,,,,,,3.25,,,RD231,,,
,02-07-2026,,,,,LU Loading,,,,,,2.55,,,RD231,,,
,02-07-2026,,,,,Spotting,,,,,,0.37,,,RD233,,,
,02-07-2026,,,,,LU Loading,,,,,,2.45,,,RD233,,,
,02-07-2026,,,,,Waiting,,,,,,0.77,,,RD242,,,
,02-07-2026,,,,,LU Loading,,,,,,5.23,,,RD242,,,
,02-07-2026,,,,,Waiting,,,,,,0.88,,,RD242,,,
,02-07-2026,,,,,Daily Service,,,,,,66.87,,,RD242,,,
,02-07-2026,,,,,LU Loading,,,,,,1.78,,,RD242,,,
,02-07-2026,,,,,Waiting,,,,,,1.18,,,RD251,,,
,02-07-2026,,,,,LU Loading,,,,,,2.25,,,RD251,,,
,02-07-2026,,,,,Waiting,,,,,,4.18,,,RD231,,,
,02-07-2026,,,,,LU Loading,,,,,,4.52,,,RD231,,,
,02-07-2026,,,,,LU Loading,,,,,,2.4,,,RD242,,,
,02-07-2026,,,,,Spotting,,,,,,0.25,,,RD233,,,
,02-07-2026,,,,,LU Loading,,,,,,2.63,,,RD233,,,
,02-07-2026,,,,,Waiting,,,,,,0.52,,,RD251,,,
,02-07-2026,,,,,LU Loading,,,,,,2.65,,,RD251,,,
,02-07-2026,,,,,Waiting,,,,,,6.15,,,RD233,,,
,02-07-2026,,,,,Spotting,,,,,,0.87,,,RD233,,,
,02-07-2026,,,,,LU Loading,,,,,,2.85,,,RD233,,,
,02-07-2026,,,,,Waiting,,,,,,3.62,,,RD240,,,
,02-07-2026,,,,,LU Loading,,,,,,3.4,,,RD240,,,
,02-07-2026,,,,,Waiting,,,,,,4.02,,,RD233,,,
,02-07-2026,,,,,LU Loading,,,,,,0.37,,,RD233,,,
,02-07-2026,,,,,LU Loading,,,,,,2.48,,,RD233,,,
,02-07-2026,,,,,Waiting,,,,,,0.52,,,RD251,,,
,02-07-2026,,,,,LU Loading,,,,,,3.2,,,RD251,,,
,02-07-2026,,,,,Waiting,,,,,,0.85,,,RD240,,,
,02-07-2026,,,,,LU Loading,,,,,,9.83,,,RD240,,,
,02-07-2026,,,,,Waiting,,,,,,0.02,,,RD242,,,
,02-07-2026,,,,,LU Loading,,,,,,0.02,,,RD242,,,
,02-07-2026,,,,,Waiting,,,,,,0.02,,,RD233,,,
,02-07-2026,,,,,LU Loading,,,,,,1.23,,,RD233,,,
,02-07-2026,,,,,Waiting,,,,,,0.35,,,RD251,,,
,02-07-2026,,,,,LU Loading,,,,,,3.88,,,RD251,,,
,02-07-2026,,,,,Waiting,,,,,,4.3,,,RD233,,,
,02-07-2026,,,,,Spotting,,,,,,1.57,,,RD233,,,
,02-07-2026,,,,,LU Loading,,,,,,2.83,,,RD233,,,
,02-07-2026,,,,,Waiting,,,,,,0.43,,,RD251,,,
,02-07-2026,,,,,LU Loading,,,,,,2.9,,,RD251,,,
,02-07-2026,,,,,Waiting,,,,,,4.4,,,RD242,,,
,02-07-2026,,,,,Spotting,,,,,,2.18,,,RD242,,,
,02-07-2026,,,,,LU Loading,,,,,,3.9,,,RD242,,,
,02-07-2026,,,,,LU Loading,,,,,,3.17,,,RD233,,,
,02-07-2026,,,,,LU Loading,,,,,,6.62,,,RD251,,,
,02-07-2026,,,,,LU Loading,,,,,,3,,,RD242,,,
,02-07-2026,,,,,Spotting,,,,,,0.17,,,RD233,,,
,02-07-2026,,,,,LU Loading,,,,,,2.7,,,RD233,,,
,02-07-2026,,,,,Waiting,,,,,,0.5,,,RD251,,,
,02-07-2026,,,,,LU Loading,,,,,,3.27,,,RD251,,,
,02-07-2026,,,,,Waiting,,,,,,1.35,,,RD242,,,
,02-07-2026,,,,,Spotting,,,,,,1.97,,,RD242,,,
,02-07-2026,,,,,LU Loading,,,,,,0.87,,,RD242,,,
,02-07-2026,,,,,Waiting,,,,,,2.18,,,RD233,,,
,02-07-2026,,,,,LU Loading,,,,,,3.95,,,RD233,,,
,02-07-2026,,,,,LU Loading,,,,,,2.73,,,RD251,,,
,02-07-2026,,,,,Waiting,,,,,,0.88,,,RD242,,,
,02-07-2026,,,,,Spotting,,,,,,1.35,,,RD242,,,
,02-07-2026,,,,,LU Loading,,,,,,4.05,,,RD242,,,
,02-07-2026,,,,,LU Loading,,,,,,2.43,,,RD233,,,
,02-07-2026,,,,,Spotting,,,,,,4.08,,,RD240,,,
,02-07-2026,,,,,LU Loading,,,,,,5.43,,,RD240,,,
,02-07-2026,,,,,LU Loading,,,,,,4.25,,,RD251,,,
,02-07-2026,,,,,Waiting,,,,,,10.62,,,RD234,,,
,02-07-2026,,,,,Shift Change,,,,,,16.97,,,RD234,,,
,02-07-2026,,,,,Shift Change,,,,,,49.12,,,RD234,,,
,02-07-2026,,,,,Waiting,,,,,,0.02,,,RD234,,,
,02-07-2026,,,,,LU Loading,,,,,,0.02,,,RD234,,,
,02-07-2026,,,,,Waiting,,,,,,2.1,,,RD235,,,
,02-07-2026,,,,,LU Loading,,,,,,0.02,,,RD235,,,
,02-07-2026,,,,,Waiting,,,,,,0.02,,,RD235,,,
,02-07-2026,,,,,LU Loading,,,,,,0.02,,,RD235,,,
,02-07-2026,,,,,Waiting,,,,,,2.05,,,RD234,,,
,02-07-2026,,,,,LU Loading,,,,,,2.78,,,RD234,,,
,02-07-2026,,,,,Waiting,,,,,,2.75,,,RD235,,,
,02-07-2026,,,,,LU Loading,,,,,,4.23,,,RD235,,,
,02-07-2026,,,,,Waiting,,,,,,4.83,,,RD243,,,
,02-07-2026,,,,,LU Loading,,,,,,1.8,,,RD243,,,
,02-07-2026,,,,,Waiting,,,,,,0.52,,,RD235,,,
,02-07-2026,,,,,Spotting,,,,,,1.02,,,RD235,,,
,02-07-2026,,,,,LU Loading,,,,,,2.73,,,RD235,,,
,02-07-2026,,,,,Spotting,,,,,,0.28,,,RD234,,,
,02-07-2026,,,,,LU Loading,,,,,,4.95,,,RD234,,,
,02-07-2026,,,,,Waiting,,,,,,4.7,,,RD243,,,
,02-07-2026,,,,,LU Loading,,,,,,0.02,,,RD243,,,
,02-07-2026,,,,,Waiting,,,,,,5.55,,,RD247,,,
,02-07-2026,,,,,LU Loading,,,,,,5.1,,,RD247,,,
,02-07-2026,,,,,LU Loading,,,,,,2.6,,,RD234,,,
,02-07-2026,,,,,Waiting,,,,,,0.92,,,RD243,,,
,02-07-2026,,,,,Spotting,,,,,,0.43,,,RD243,,,
,02-07-2026,,,,,LU Loading,,,,,,2.88,,,RD243,,,
,02-07-2026,,,,,Waiting,,,,,,3.6,,,RD247,,,
,02-07-2026,,,,,LU Loading,,,,,,6.2,,,RD247,,,
,02-07-2026,,,,,Waiting,,,,,,0.02,,,RD238,,,
,02-07-2026,,,,,LU Loading,,,,,,0.02,,,RD238,,,
,02-07-2026,,,,,Waiting,,,,,,1.73,,,RD234,,,
,02-07-2026,,,,,LU Loading,,,,,,3.73,,,RD234,,,
,02-07-2026,,,,,LU Loading,,,,,,3.2,,,RD243,,,
,02-07-2026,,,,,Waiting,,,,,,2.02,,,RD235,,,
,03-07-2026,,,,,LU Loading,,,,,,3.9,,,RD235,,,
,03-07-2026,,,,,Waiting,,,,,,1.35,,,RD247,,,
,03-07-2026,,,,,Spotting,,,,,,2.63,,,RD247,,,
,03-07-2026,,,,,LU Loading,,,,,,2.73,,,RD247,,,
,03-07-2026,,,,,Waiting,,,,,,0.77,,,RD243,,,
,03-07-2026,,,,,LU Loading,,,,,,2.98,,,RD243,,,
,03-07-2026,,,,,LU Loading,,,,,,4.83,,,RD235,,,
,03-07-2026,,,,,Waiting,,,,,,2.25,,,RD247,,,
,03-07-2026,,,,,LU Loading,,,,,,6.27,,,RD247,,,
,03-07-2026,,,,,LU Loading,,,,,,3.42,,,RD243,,,
,03-07-2026,,,,,Waiting,,,,,,5.28,,,RD238,,,
,03-07-2026,,,,,LU Loading,,,,,,3.62,,,RD238,,,
,03-07-2026,,,,,Waiting,,,,,,1.15,,,RD247,,,
,03-07-2026,,,,,Spotting,,,,,,2.97,,,RD247,,,
,03-07-2026,,,,,LU Loading,,,,,,2.92,,,RD247,,,
,03-07-2026,,,,,LU Loading,,,,,,3.9,,,RD243,,,
,03-07-2026,,,,,Waiting,,,,,,0.02,,,RD238,,,
,03-07-2026,,,,,LU Loading,,,,,,8.83,,,RD238,,,
,03-07-2026,,,,,LU Loading,,,,,,3.45,,,RD247,,,
,03-07-2026,,,,,LU Loading,,,,,,2.37,,,RD234,,,
,03-07-2026,,,,,LU Loading,,,,,,4,,,RD243,,,
,03-07-2026,,,,,Spotting,,,,,,2.42,,,RD235,,,
,03-07-2026,,,,,LU Loading,,,,,,3.97,,,RD235,,,
,03-07-2026,,,,,Spotting,,,,,,0.7,,,RD238,,,
,03-07-2026,,,,,LU Loading,,,,,,4.35,,,RD238,,,
,03-07-2026,,,,,LU Loading,,,,,,2.57,,,RD247,,,
,03-07-2026,,,,,Waiting,,,,,,0.12,,,RD243,,,
,03-07-2026,,,,,LU Loading,,,,,,3.45,,,RD243,,,
,03-07-2026,,,,,LU Loading,,,,,,3.92,,,RD235,,,
,03-07-2026,,,,,Spotting,,,,,,3.73,,,RD238,,,
,03-07-2026,,,,,LU Loading,,,,,,5.18,,,RD238,,,
,03-07-2026,,,,,LU Loading,,,,,,2.05,,,RD247,,,
,03-07-2026,,,,,LU Loading,,,,,,0.83,,,RD235,,,
,03-07-2026,,,,,LU Loading,,,,,,2.53,,,RD238,,,
,03-07-2026,,,,,LU Loading,,,,,,4.4,,,RD235,,,
,03-07-2026,,,,,LU Loading,,,,,,2.93,,,RD243,,,
,03-07-2026,,,,,Waiting,,,,,,8.05,,,RD235,,,
,03-07-2026,,,,,Tea/ Breakfast / Snacks,,,,,,56.67,,,RD235,,,
,03-07-2026,,,,,Waiting,,,,,,10.05,,,RD235,,,
,03-07-2026,,,,,LU Loading,,,,,,6.2,,,RD235,,,
,03-07-2026,,,,,Waiting,,,,,,2.03,,,RD247,,,
,03-07-2026,,,,,LU Loading,,,,,,2.3,,,RD247,,,
,03-07-2026,,,,,Waiting,,,,,,0.02,,,RD238,,,
,03-07-2026,,,,,LU Loading,,,,,,3.1,,,RD238,,,
,03-07-2026,,,,,Waiting,,,,,,3.02,,,RD243,,,
,03-07-2026,,,,,LU Loading,,,,,,0.15,,,RD243,,,
,03-07-2026,,,,,Waiting,,,,,,1.35,,,RD247,,,
,03-07-2026,,,,,Spotting,,,,,,2.78,,,RD247,,,
,03-07-2026,,,,,LU Loading,,,,,,2.52,,,RD247,,,
,03-07-2026,,,,,Spotting,,,,,,0.27,,,RD238,,,
,03-07-2026,,,,,LU Loading,,,,,,2.6,,,RD238,,,
,03-07-2026,,,,,LU Loading,,,,,,2.65,,,RD243,,,
,03-07-2026,,,,,Waiting,,,,,,1.68,,,RD235,,,
,03-07-2026,,,,,LU Loading,,,,,,2.37,,,RD235,,,
,03-07-2026,,,,,Waiting,,,,,,3.17,,,RD238,,,
,03-07-2026,,,,,LU Loading,,,,,,0.47,,,RD238,,,
,03-07-2026,,,,,LU Loading,,,,,,2.53,,,RD238,,,
,03-07-2026,,,,,LU Loading,,,,,,3.02,,,RD243,,,
,03-07-2026,,,,,Spotting,,,,,,0.35,,,RD235,,,
,03-07-2026,,,,,LU Loading,,,,,,2.27,,,RD235,,,
,03-07-2026,,,,,Waiting,,,,,,4.92,,,RD238,,,
,03-07-2026,,,,,LU Loading,,,,,,0.2,,,RD238,,,
,03-07-2026,,,,,LU Loading,,,,,,2.48,,,RD238,,,
,03-07-2026,,,,,Waiting,,,,,,0.02,,,RD243,,,
,03-07-2026,,,,,LU Loading,,,,,,3,,,RD243,,,
,03-07-2026,,,,,Waiting,,,,,,0.95,,,RD235,,,
,03-07-2026,,,,,LU Loading,,,,,,5.55,,,RD235,,,
,03-07-2026,,,,,Waiting,,,,,,0.55,,,RD238,,,
,03-07-2026,,,,,LU Loading,,,,,,3.02,,,RD238,,,
,03-07-2026,,,,,Spotting,,,,,,0.02,,,RD243,,,
,03-07-2026,,,,,LU Loading,,,,,,3.2,,,RD243,,,
,03-07-2026,,,,,Waiting,,,,,,0.28,,,RD247,,,
,03-07-2026,,,,,LU Loading,,,,,,2.93,,,RD247,,,
,03-07-2026,,,,,Spotting,,,,,,0.37,,,RD235,,,
,03-07-2026,,,,,LU Loading,,,,,,3.17,,,RD235,,,
,03-07-2026,,,,,Waiting,,,,,,6.1,,,RD243,,,
,03-07-2026,,,,,LU Loading,,,,,,2.53,,,RD243,,,
,03-07-2026,,,,,Spotting,,,,,,0.25,,,RD247,,,
,03-07-2026,,,,,LU Loading,,,,,,2.73,,,RD247,,,
,03-07-2026,,,,,Waiting,,,,,,0.25,,,RD235,,,
,03-07-2026,,,,,Spotting,,,,,,2.65,,,RD235,,,
,03-07-2026,,,,,LU Loading,,,,,,3.67,,,RD235,,,
,03-07-2026,,,,,LU Loading,,,,,,3.67,,,RD238,,,
,03-07-2026,,,,,Waiting,,,,,,2.62,,,RD243,,,
,03-07-2026,,,,,LU Loading,,,,,,2.8,,,RD243,,,
,03-07-2026,,,,,Waiting,,,,,,4.87,,,RD235,,,
,03-07-2026,,,,,LU Loading,,,,,,5.63,,,RD235,,,
,03-07-2026,,,,,Spotting,,,,,,1.33,,,RD238,,,
,03-07-2026,,,,,LU Loading,,,,,,3.78,,,RD238,,,
,03-07-2026,,,,,Waiting,,,,,,2.67,,,RD235,,,
,03-07-2026,,,,,Spotting,,,,,,1.45,,,RD235,,,
,03-07-2026,,,,,LU Loading,,,,,,4.13,,,RD235,,,
,03-07-2026,,,,,Waiting,,,,,,0.15,,,RD238,,,
,03-07-2026,,,,,LU Loading,,,,,,4.27,,,RD238,,,
,03-07-2026,,,,,Waiting,,,,,,2.33,,,RD232,,,
,03-07-2026,,,,,LU Loading,,,,,,0.02,,,RD232,,,
,03-07-2026,,,,,Waiting,,,,,,0.02,,,RD232,,,
,03-07-2026,,,,,LU Loading,,,,,,1.25,,,RD232,,,
,03-07-2026,,,,,Waiting,,,,,,0.8,,,RD235,,,
,03-07-2026,,,,,LU Loading,,,,,,0.23,,,RD235,,,
,03-07-2026,,,,,Waiting,,,,,,10.18,,,RD233,,,
,03-07-2026,,,,,Shift Change,,,,,,24.62,,,RD233,,,
,03-07-2026,,,,,,,,,,,,,,,,,
,Timestamp,,,,,Status Code,,Sub-Status Code,,,,"Duration
(min)",,,Hauling Unit,,,
,03-07-2026,,,,,Shift Change,,,,,,25.07,,,RD233,,,
,03-07-2026,,,,,Waiting,,,,,,0.22,,,RD233,,,
,03-07-2026,,,,,LU Loading,,,,,,3.08,,,RD233,,,
,03-07-2026,,,,,Waiting,,,,,,7.05,,,RD247,,,
,03-07-2026,,,,,LU Loading,,,,,,3.45,,,RD247,,,
,03-07-2026,,,,,Waiting,,,,,,3.72,,,RD233,,,
,03-07-2026,,,,,LU Loading,,,,,,3.15,,,RD233,,,
,03-07-2026,,,,,Waiting,,,,,,2.22,,,RD234,,,
,03-07-2026,,,,,Spotting,,,,,,0.87,,,RD234,,,
,03-07-2026,,,,,LU Loading,,,,,,3.78,,,RD234,,,
,03-07-2026,,,,,LU Loading,,,,,,1.82,,,RD247,,,
,03-07-2026,,,,,LU Loading,,,,,,7.52,,,RD241,,,
,03-07-2026,,,,,LU Loading,,,,,,2.07,,,RD233,,,
,03-07-2026,,,,,Waiting,,,,,,0.85,,,RD250,,,
,03-07-2026,,,,,LU Loading,,,,,,1.85,,,RD250,,,
,03-07-2026,,,,,Waiting,,,,,,3.72,,,RD247,,,
,03-07-2026,,,,,Spotting,,,,,,0.23,,,RD247,,,
,03-07-2026,,,,,LU Loading,,,,,,2.73,,,RD247,,,
,03-07-2026,,,,,Waiting,,,,,,0.02,,,RD241,,,
,03-07-2026,,,,,LU Loading,,,,,,15.48,,,RD241,,,
,03-07-2026,,,,,Waiting,,,,,,0.63,,,RD250,,,
,03-07-2026,,,,,LU Loading,,,,,,2.3,,,RD250,,,
,03-07-2026,,,,,Waiting,,,,,,3.8,,,RD247,,,
,03-07-2026,,,,,LU Loading,,,,,,2.57,,,RD247,,,
,03-07-2026,,,,,Waiting,,,,,,3.25,,,RD250,,,
,03-07-2026,,,,,LU Loading,,,,,,2.3,,,RD250,,,
,03-07-2026,,,,,Waiting,,,,,,3.1,,,RD234,,,
,03-07-2026,,,,,Spotting,,,,,,3,,,RD234,,,
,03-07-2026,,,,,LU Loading,,,,,,3.38,,,RD234,,,
,03-07-2026,,,,,LU Loading,,,,,,2.22,,,RD247,,,
,03-07-2026,,,,,Spotting,,,,,,0.2,,,RD241,,,
,03-07-2026,,,,,LU Loading,,,,,,2.53,,,RD241,,,
,03-07-2026,,,,,Waiting,,,,,,0.48,,,RD250,,,
,03-07-2026,,,,,LU Loading,,,,,,2.55,,,RD250,,,
,03-07-2026,,,,,Waiting,,,,,,5.4,,,RD247,,,
,03-07-2026,,,,,LU Loading,,,,,,3.72,,,RD247,,,
,03-07-2026,,,,,Waiting,,,,,,0.47,,,RD241,,,
,03-07-2026,,,,,LU Loading,,,,,,3.27,,,RD241,,,
,03-07-2026,,,,,Waiting,,,,,,0.6,,,RD250,,,
,03-07-2026,,,,,LU Loading,,,,,,2.67,,,RD250,,,
,03-07-2026,,,,,Waiting,,,,,,2.32,,,RD247,,,
,03-07-2026,,,,,LU Loading,,,,,,2.9,,,RD247,,,
,03-07-2026,,,,,Shift Incharge Instruction,,,,,,22.03,,,RD247,,,
,03-07-2026,,,,,LU Loading,,,,,,0.02,,,RD247,,,
,03-07-2026,,,,,Waiting,,,,,,0.02,,,RD247,,,
,03-07-2026,,,,,LU Loading,,,,,,1.6,,,RD247,,,
,03-07-2026,,,,,Waiting,,,,,,0.47,,,RD241,,,
,03-07-2026,,,,,LU Loading,,,,,,2.15,,,RD241,,,
,03-07-2026,,,,,Waiting,,,,,,7.73,,,RD241,,,
,03-07-2026,,,,,LU Loading,,,,,,0.5,,,RD241,,,
,03-07-2026,,,,,LU Loading,,,,,,2.1,,,RD247,,,
,03-07-2026,,,,,Waiting,,,,,,0.17,,,RD241,,,
,03-07-2026,,,,,LU Loading,,,,,,2.73,,,RD241,,,
,03-07-2026,,,,,Waiting,,,,,,1.07,,,RD234,,,
,03-07-2026,,,,,LU Loading,,,,,,2.42,,,RD234,,,
,03-07-2026,,,,,Spotting,,,,,,0.62,,,RD247,,,
,03-07-2026,,,,,LU Loading,,,,,,2.68,,,RD247,,,
,03-07-2026,,,,,Waiting,,,,,,6.07,,,RD234,,,
,03-07-2026,,,,,LU Loading,,,,,,2.72,,,RD234,,,
,03-07-2026,,,,,Waiting,,,,,,0.45,,,RD241,,,
,03-07-2026,,,,,LU Loading,,,,,,2.62,,,RD241,,,
,03-07-2026,,,,,Waiting,,,,,,2.6,,,RD250,,,
,03-07-2026,,,,,LU Loading,,,,,,2.67,,,RD250,,,
,03-07-2026,,,,,Waiting,,,,,,1.03,,,RD234,,,
,03-07-2026,,,,,LU Loading,,,,,,2.38,,,RD234,,,
,03-07-2026,,,,,Waiting,,,,,,3.42,,,RD247,,,
,03-07-2026,,,,,Spotting,,,,,,0.28,,,RD247,,,
,03-07-2026,,,,,LU Loading,,,,,,2.5,,,RD247,,,
,03-07-2026,,,,,Waiting,,,,,,0.02,,,RD241,,,
,03-07-2026,,,,,LU Loading,,,,,,0.02,,,RD241,,,
,03-07-2026,,,,,Waiting,,,,,,0.02,,,RD241,,,
,03-07-2026,,,,,LU Loading,,,,,,0.02,,,RD241,,,
,03-07-2026,,,,,Waiting,,,,,,0.75,,,RD250,,,
,03-07-2026,,,,,LU Loading,,,,,,2.25,,,RD250,,,
,03-07-2026,,,,,Waiting,,,,,,4.5,,,RD247,,,
,03-07-2026,,,,,LU Loading,,,,,,2.47,,,RD247,,,
,03-07-2026,,,,,Waiting,,,,,,1.93,,,RD250,,,
,03-07-2026,,,,,LU Loading,,,,,,2,,,RD250,,,
,03-07-2026,,,,,Waiting,,,,,,1.07,,,RD234,,,
,03-07-2026,,,,,LU Loading,,,,,,2.18,,,RD234,,,
,03-07-2026,,,,,Waiting,,,,,,0.25,,,RD247,,,
,03-07-2026,,,,,Spotting,,,,,,0.42,,,RD247,,,
,03-07-2026,,,,,LU Loading,,,,,,2.27,,,RD247,,,
,03-07-2026,,,,,Waiting,,,,,,4.37,,,RD250,,,
,03-07-2026,,,,,LU Loading,,,,,,2.27,,,RD250,,,
,03-07-2026,,,,,Waiting,,,,,,3.58,,,RD247,,,
,03-07-2026,,,,,LU Loading,,,,,,2.57,,,RD247,,,
,03-07-2026,,,,,Waiting,,,,,,0.48,,,RD241,,,
,03-07-2026,,,,,LU Loading,,,,,,2.37,,,RD241,,,
,03-07-2026,,,,,Waiting,,,,,,0.52,,,RD250,,,
,03-07-2026,,,,,LU Loading,,,,,,2.8,,,RD250,,,
,03-07-2026,,,,,Waiting,,,,,,3.98,,,RD247,,,
,03-07-2026,,,,,LU Loading,,,,,,2.78,,,RD247,,,
,03-07-2026,,,,,Waiting,,,,,,0.02,,,RD241,,,
,03-07-2026,,,,,LU Loading,,,,,,0.02,,,RD241,,,
,03-07-2026,,,,,Waiting,,,,,,7.02,,,RD234,,,
,03-07-2026,,,,,Spotting,,,,,,0.22,,,RD234,,,
,03-07-2026,,,,,LU Loading,,,,,,2.28,,,RD234,,,
,03-07-2026,,,,,Waiting,,,,,,0.25,,,RD247,,,
,03-07-2026,,,,,Spotting,,,,,,0.48,,,RD247,,,
,03-07-2026,,,,,LU Loading,,,,,,2.22,,,RD247,,,
,03-07-2026,,,,,Waiting,,,,,,3.4,,,RD250,,,
,03-07-2026,,,,,LU Loading,,,,,,2.08,,,RD250,,,
,03-07-2026,,,,,Waiting,,,,,,3.6,,,RD247,,,
,03-07-2026,,,,,LU Loading,,,,,,4.68,,,RD247,,,
,03-07-2026,,,,,Waiting,,,,,,6.95,,,RD234,,,
,03-07-2026,,,,,LU Loading,,,,,,2.23,,,RD234,,,
,03-07-2026,,,,,LU Loading,,,,,,2.38,,,RD247,,,
,03-07-2026,,,,,Spotting,,,,,,2.9,,,RD250,,,
,03-07-2026,,,,,LU Loading,,,,,,2.43,,,RD250,,,
,03-07-2026,,,,,Waiting,,,,,,3.22,,,RD234,,,
,03-07-2026,,,,,LU Loading,,,,,,2.37,,,RD234,,,
,03-07-2026,,,,,Waiting,,,,,,0.25,,,RD247,,,
,03-07-2026,,,,,Spotting,,,,,,0.27,,,RD247,,,
,03-07-2026,,,,,LU Loading,,,,,,2.63,,,RD247,,,
,03-07-2026,,,,,Waiting,,,,,,8.05,,,RD234,,,
,03-07-2026,,,,,LU Loading,,,,,,3.32,,,RD234,,,
,03-07-2026,,,,,LU Loading,,,,,,2.63,,,RD247,,,
,03-07-2026,,,,,Spotting,,,,,,2.03,,,RD250,,,
,03-07-2026,,,,,LU Loading,,,,,,2.32,,,RD250,,,
,03-07-2026,,,,,Waiting,,,,,,2.78,,,RD234,,,
,03-07-2026,,,,,Spotting,,,,,,0.78,,,RD234,,,
,03-07-2026,,,,,LU Loading,,,,,,2.5,,,RD234,,,
,03-07-2026,,,,,Waiting,,,,,,0.25,,,RD247,,,
,03-07-2026,,,,,Spotting,,,,,,0.15,,,RD247,,,
,03-07-2026,,,,,LU Loading,,,,,,2.05,,,RD247,,,
,03-07-2026,,,,,Spotting,,,,,,0.4,,,RD241,,,
,03-07-2026,,,,,LU Loading,,,,,,3.4,,,RD241,,,
,03-07-2026,,,,,Waiting,,,,,,0.02,,,RD250,,,
,03-07-2026,,,,,LU Loading,,,,,,1.73,,,RD250,,,
,03-07-2026,,,,,Spotting,,,,,,0.6,,,RD238,,,
,03-07-2026,,,,,LU Loading,,,,,,2.1,,,RD238,,,
,03-07-2026,,,,,Waiting,,,,,,2.38,,,RD247,,,
,03-07-2026,,,,,Spotting,,,,,,0.73,,,RD247,,,
,03-07-2026,,,,,LU Loading,,,,,,2.33,,,RD247,,,
,03-07-2026,,,,,Waiting,,,,,,0.18,,,RD241,,,
,03-07-2026,,,,,LU Loading,,,,,,3.02,,,RD241,,,
,03-07-2026,,,,,Waiting,,,,,,1.32,,,RD250,,,
,03-07-2026,,,,,LU Loading,,,,,,2.7,,,RD250,,,
,03-07-2026,,,,,Waiting,,,,,,0.12,,,RD238,,,
,03-07-2026,,,,,Spotting,,,,,,0.97,,,RD238,,,
,03-07-2026,,,,,LU Loading,,,,,,2.42,,,RD238,,,
,03-07-2026,,,,,Waiting,,,,,,0.42,,,RD234,,,
,03-07-2026,,,,,LU Loading,,,,,,2.38,,,RD234,,,
,03-07-2026,,,,,Waiting,,,,,,0.27,,,RD247,,,
,03-07-2026,,,,,LU Loading,,,,,,2.57,,,RD247,,,
,03-07-2026,,,,,Waiting,,,,,,0.02,,,RD241,,,
,03-07-2026,,,,,LU Loading,,,,,,0.5,,,RD241,,,
,03-07-2026,,,,,LU Loading,,,,,,2.18,,,RD241,,,
,03-07-2026,,,,,Waiting,,,,,,3.3,,,RD234,,,
,03-07-2026,,,,,Spotting,,,,,,2.75,,,RD234,,,
,03-07-2026,,,,,LU Loading,,,,,,2.98,,,RD234,,,
,03-07-2026,,,,,LU Loading,,,,,,2.23,,,RD247,,,
,03-07-2026,,,,,Waiting,,,,,,0.02,,,RD241,,,
,03-07-2026,,,,,LU Loading,,,,,,2.85,,,RD241,,,
,03-07-2026,,,,,Waiting,,,,,,1.82,,,RD250,,,
,03-07-2026,,,,,LU Loading,,,,,,2.37,,,RD250,,,
,03-07-2026,,,,,Waiting,,,,,,0.02,,,RD238,,,
,03-07-2026,,,,,LU Loading,,,,,,0.02,,,RD238,,,
,03-07-2026,,,,,Waiting,,,,,,0.52,,,RD238,,,
,03-07-2026,,,,,LU Loading,,,,,,2.27,,,RD238,,,
,03-07-2026,,,,,Waiting,,,,,,0.02,,,RD234,,,
,03-07-2026,,,,,LU Loading,,,,,,3.47,,,RD234,,,
,03-07-2026,,,,,Waiting,,,,,,0.2,,,RD247,,,
,03-07-2026,,,,,LU Loading,,,,,,0.18,,,RD247,,,
,03-07-2026,,,,,Waiting,,,,,,0.5,,,RD247,,,
,03-07-2026,,,,,LU Loading,,,,,,1.95,,,RD247,,,
,03-07-2026,,,,,Spotting,,,,,,0.17,,,RD241,,,
,03-07-2026,,,,,LU Loading,,,,,,4.45,,,RD241,,,
,03-07-2026,,,,,Waiting,,,,,,0.02,,,RD250,,,
,03-07-2026,,,,,LU Loading,,,,,,1.15,,,RD250,,,
,03-07-2026,,,,,Waiting,,,,,,8.12,,,RD247,,,
,03-07-2026,,,,,LU Loading,,,,,,0.02,,,RD247,,,
,03-07-2026,,,,,Waiting,,,,,,0.02,,,RD247,,,
,03-07-2026,,,,,LU Loading,,,,,,0.02,,,RD247,,,
,03-07-2026,,,,,Waiting,,,,,,0.02,,,RD234,,,
,03-07-2026,,,,,LU Loading,,,,,,0.02,,,RD234,,,
,03-07-2026,,,,,Waiting,,,,,,2.12,,,RD241,,,
,03-07-2026,,,,,LU Loading,,,,,,5.35,,,RD241,,,
,03-07-2026,,,,,Waiting,,,,,,1.93,,,RD238,,,
,03-07-2026,,,,,LU Loading,,,,,,0.02,,,RD238,,,
,03-07-2026,,,,,Waiting,,,,,,0.02,,,RD238,,,
,03-07-2026,,,,,LU Loading,,,,,,0.53,,,RD238,,,
,03-07-2026,,,,,Waiting,,,,,,2.52,,,RD247,,,
,03-07-2026,,,,,LU Loading,,,,,,3.3,,,RD247,,,
,03-07-2026,,,,,Waiting,,,,,,0.67,,,RD241,,,
,03-07-2026,,,,,LU Loading,,,,,,0.02,,,RD241,,,
,03-07-2026,,,,,Waiting,,,,,,0.47,,,RD241,,,
,03-07-2026,,,,,LU Loading,,,,,,1.67,,,RD241,,,
,03-07-2026,,,,,Spotting,,,,,,0.13,,,RD250,,,
,03-07-2026,,,,,LU Loading,,,,,,2.92,,,RD250,,,
,03-07-2026,,,,,Waiting,,,,,,0.12,,,RD238,,,
,03-07-2026,,,,,LU Loading,,,,,,0.05,,,RD238,,,
,03-07-2026,,,,,Waiting,,,,,,0.58,,,RD238,,,
,03-07-2026,,,,,LU Loading,,,,,,1.55,,,RD238,,,
,03-07-2026,,,,,Spotting,,,,,,0.13,,,RD234,,,
,03-07-2026,,,,,LU Loading,,,,,,2.63,,,RD234,,,
,03-07-2026,,,,,Waiting,,,,,,23.18,,,RD244,,,
,03-07-2026,,,,,Shift Change,,,,,,15.72,,,RD244,,,
,03-07-2026,,,,,Shift Change,,,,,,56.6,,,RD244,,,
,03-07-2026,,,,,LU Loading,,,,,,10.3,,,RD244,,,
,03-07-2026,,,,,LU Loading,,,,,,2.27,,,RD250,,,
,03-07-2026,,,,,Waiting,,,,,,3.75,,,RD228,,,
,03-07-2026,,,,,LU Loading,,,,,,2.57,,,RD228,,,
,03-07-2026,,,,,Waiting,,,,,,0.02,,,RD248,,,
,03-07-2026,,,,,LU Loading,,,,,,0.02,,,RD248,,,
,03-07-2026,,,,,Waiting,,,,,,2.58,,,RD250,,,
,03-07-2026,,,,,Spotting,,,,,,0.38,,,RD250,,,
,03-07-2026,,,,,LU Loading,,,,,,3.02,,,RD250,,,
,03-07-2026,,,,,Waiting,,,,,,3.42,,,RD244,,,
,03-07-2026,,,,,LU Loading,,,,,,7.02,,,RD244,,,
,03-07-2026,,,,,Spotting,,,,,,0.47,,,RD250,,,
,03-07-2026,,,,,LU Loading,,,,,,3.3,,,RD250,,,
,03-07-2026,,,,,Waiting,,,,,,6.47,,,RD244,,,
,03-07-2026,,,,,Marching,,,,,,5.77,,,RD244,,,
,03-07-2026,,,,,LU Loading,,,,,,4.93,,,RD244,,,
,03-07-2026,,,,,LU Loading,,,,,,0.13,,,RD248,,,
,03-07-2026,,,,,LU Loading,,,,,,2.07,,,RD248,,,
,03-07-2026,,,,,Waiting,,,,,,6.05,,,RD244,,,
,03-07-2026,,,,,LU Loading,,,,,,5.53,,,RD244,,,
,03-07-2026,,,,,LU Loading,,,,,,2.03,,,RD248,,,
,03-07-2026,,,,,LU Loading,,,,,,1.57,,,RD250,,,
,03-07-2026,,,,,Waiting,,,,,,3.47,,,RD228,,,
,03-07-2026,,,,,LU Loading,,,,,,3.43,,,RD228,,,
,03-07-2026,,,,,LU Loading,,,,,,2.5,,,RD244,,,
,03-07-2026,,,,,LU Loading,,,,,,2.88,,,RD250,,,
,03-07-2026,,,,,Spotting,,,,,,0.27,,,RD248,,,
,03-07-2026,,,,,LU Loading,,,,,,3.05,,,RD248,,,
,03-07-2026,,,,,Waiting,,,,,,0.02,,,RD228,,,
,03-07-2026,,,,,Spotting,,,,,,0.33,,,RD228,,,
,03-07-2026,,,,,LU Loading,,,,,,3.05,,,RD228,,,
,03-07-2026,,,,,Waiting,,,,,,3.18,,,RD244,,,
,03-07-2026,,,,,LU Loading,,,,,,2.63,,,RD244,,,
,03-07-2026,,,,,LU Loading,,,,,,3.03,,,RD250,,,
,03-07-2026,,,,,Waiting,,,,,,0.42,,,RD248,,,
,03-07-2026,,,,,LU Loading,,,,,,2.68,,,RD248,,,
,03-07-2026,,,,,Waiting,,,,,,0.18,,,RD228,,,
,03-07-2026,,,,,Spotting,,,,,,0.32,,,RD228,,,
,03-07-2026,,,,,LU Loading,,,,,,2.82,,,RD228,,,
,03-07-2026,,,,,Waiting,,,,,,2.65,,,RD244,,,
,03-07-2026,,,,,LU Loading,,,,,,3.08,,,RD244,,,
,03-07-2026,,,,,Waiting,,,,,,1.62,,,RD248,,,
,03-07-2026,,,,,Spotting,,,,,,1.63,,,RD248,,,
,03-07-2026,,,,,LU Loading,,,,,,2.9,,,RD248,,,
,03-07-2026,,,,,Waiting,,,,,,0.57,,,RD228,,,
,03-07-2026,,,,,LU Loading,,,,,,7.12,,,RD228,,,
,03-07-2026,,,,,Spotting,,,,,,1.28,,,RD244,,,
,03-07-2026,,,,,LU Loading,,,,,,3.62,,,RD244,,,
,03-07-2026,,,,,LU Loading,,,,,,2.57,,,RD250,,,
,03-07-2026,,,,,Spotting,,,,,,0.13,,,RD248,,,
,03-07-2026,,,,,LU Loading,,,,,,2.7,,,RD248,,,
,03-07-2026,,,,,Spotting,,,,,,0.38,,,RD228,,,
,03-07-2026,,,,,LU Loading,,,,,,2.62,,,RD228,,,
,03-07-2026,,,,,Waiting,,,,,,0.42,,,RD244,,,
,03-07-2026,,,,,LU Loading,,,,,,2.68,,,RD244,,,
,03-07-2026,,,,,Waiting,,,,,,0.72,,,RD250,,,
,03-07-2026,,,,,LU Loading,,,,,,2.37,,,RD250,,,
,03-07-2026,,,,,LU Loading,,,,,,2.2,,,RD248,,,
,03-07-2026,,,,,Waiting,,,,,,0.68,,,RD228,,,
,03-07-2026,,,,,LU Loading,,,,,,3.28,,,RD228,,,
,03-07-2026,,,,,LU Loading,,,,,,2.97,,,RD244,,,
,03-07-2026,,,,,LU Loading,,,,,,2.62,,,RD250,,,
,03-07-2026,,,,,Waiting,,,,,,4.53,,,RD248,,,
,03-07-2026,,,,,LU Loading,,,,,,2.85,,,RD248,,,
,03-07-2026,,,,,Spotting,,,,,,0.28,,,RD244,,,
,03-07-2026,,,,,LU Loading,,,,,,2.88,,,RD244,,,
,03-07-2026,,,,,LU Loading,,,,,,3.12,,,RD250,,,
,03-07-2026,,,,,Waiting,,,,,,1.35,,,RD228,,,
,03-07-2026,,,,,LU Loading,,,,,,3.7,,,RD228,,,
,03-07-2026,,,,,LU Loading,,,,,,1.97,,,RD248,,,
,03-07-2026,,,,,Waiting,,,,,,3.82,,,RD250,,,
,03-07-2026,,,,,Spotting,,,,,,1.73,,,RD250,,,
,03-07-2026,,,,,LU Loading,,,,,,2.32,,,RD250,,,
,03-07-2026,,,,,LU Loading,,,,,,3.75,,,RD244,,,
,03-07-2026,,,,,Waiting,,,,,,1.48,,,RD228,,,
,03-07-2026,,,,,Spotting,,,,,,1.5,,,RD228,,,
,03-07-2026,,,,,LU Loading,,,,,,4.18,,,RD228,,,
,03-07-2026,,,,,LU Loading,,,,,,2.52,,,RD244,,,
,03-07-2026,,,,,Waiting,,,,,,2.77,,,RD250,,,
,03-07-2026,,,,,LU Loading,,,,,,3.03,,,RD250,,,
,03-07-2026,,,,,Waiting,,,,,,0.13,,,RD228,,,
,03-07-2026,,,,,LU Loading,,,,,,2.8,,,RD228,,,
,03-07-2026,,,,,Waiting,,,,,,3.8,,,RD248,,,
,03-07-2026,,,,,LU Loading,,,,,,2.83,,,RD248,,,
,03-07-2026,,,,,LU Loading,,,,,,3,,,RD250,,,
,03-07-2026,,,,,Waiting,,,,,,0.02,,,RD228,,,
,03-07-2026,,,,,LU Loading,,,,,,3.27,,,RD228,,,
,03-07-2026,,,,,LU Loading,,,,,,3.22,,,RD244,,,
,03-07-2026,,,,,LU Loading,,,,,,4.48,,,RD248,,,
,03-07-2026,,,,,LU Loading,,,,,,4.07,,,RD228,,,
,03-07-2026,,,,,LU Loading,,,,,,2.52,,,RD248,,,
,03-07-2026,,,,,Waiting,,,,,,4.55,,,RD228,,,
,03-07-2026,,,,,LU Loading,,,,,,3.87,,,RD228,,,
,03-07-2026,,,,,LU Loading,,,,,,3.1,,,RD250,,,
,03-07-2026,,,,,LU Loading,,,,,,2.6,,,RD248,,,
,03-07-2026,,,,,Waiting,,,,,,2.07,,,RD228,,,
,03-07-2026,,,,,Spotting,,,,,,0.22,,,RD228,,,
,03-07-2026,,,,,LU Loading,,,,,,5,,,RD228,,,
,03-07-2026,,,,,LU Loading,,,,,,2.73,,,RD250,,,
,03-07-2026,,,,,Spotting,,,,,,1.3,,,RD248,,,
,03-07-2026,,,,,LU Loading,,,,,,3.5,,,RD248,,,
,03-07-2026,,,,,LU Loading,,,,,,2.97,,,RD228,,,
,03-07-2026,,,,,Waiting,,,,,,2.47,,,RD250,,,
,03-07-2026,,,,,LU Loading,,,,,,3.43,,,RD250,,,
,03-07-2026,,,,,LU Loading,,,,,,2.83,,,RD248,,,
,03-07-2026,,,,,Waiting,,,,,,0.95,,,RD228,,,
,03-07-2026,,,,,Spotting,,,,,,0.77,,,RD228,,,
,03-07-2026,,,,,LU Loading,,,,,,2.9,,,RD228,,,
,03-07-2026,,,,,Waiting,,,,,,3.95,,,RD248,,,
,03-07-2026,,,,,Spotting,,,,,,0.23,,,RD248,,,
,03-07-2026,,,,,LU Loading,,,,,,3.23,,,RD248,,,
,03-07-2026,,,,,Waiting,,,,,,0.67,,,RD228,,,
,03-07-2026,,,,,LU Loading,,,,,,3.23,,,RD228,,,
,03-07-2026,,,,,Waiting,,,,,,0.48,,,RD250,,,
,03-07-2026,,,,,LU Loading,,,,,,4.08,,,RD250,,,
,03-07-2026,,,,,Waiting,,,,,,0.02,,,RD234,,,
,03-07-2026,,,,,LU Loading,,,,,,3.58,,,RD234,,,
,03-07-2026,,,,,LU Loading,,,,,,2.92,,,RD248,,,
,03-07-2026,,,,,LU Loading,,,,,,2.88,,,RD228,,,
,03-07-2026,,,,,LU Loading,,,,,,2.63,,,RD250,,,
,03-07-2026,,,,,Waiting,,,,,,1.18,,,RD234,,,
,03-07-2026,,,,,LU Loading,,,,,,3.98,,,RD234,,,
,03-07-2026,,,,,LU Loading,,,,,,4.92,,,RD248,,,
,03-07-2026,,,,,LU Loading,,,,,,8.43,,,RD228,,,
,03-07-2026,,,,,LU Loading,,,,,,2.98,,,RD250,,,
,03-07-2026,,,,,Waiting,,,,,,0.45,,,RD244,,,
,03-07-2026,,,,,LU Loading,,,,,,2.52,,,RD244,,,
,03-07-2026,,,,,Spotting,,,,,,1.82,,,RD234,,,
,03-07-2026,,,,,LU Loading,,,,,,3.68,,,RD234,,,
,03-07-2026,,,,,LU Loading,,,,,,2.78,,,RD228,,,
,03-07-2026,,,,,LU Loading,,,,,,2.77,,,RD250,,,
,03-07-2026,,,,,LU Loading,,,,,,3.87,,,RD244,,,
,03-07-2026,,,,,Waiting,,,,,,3.67,,,RD228,,,
,03-07-2026,,,,,Spotting,,,,,,0.33,,,RD228,,,
,03-07-2026,,,,,LU Loading,,,,,,3.35,,,RD228,,,
,03-07-2026,,,,,LU Loading,,,,,,4.2,,,RD250,,,
,03-07-2026,,,,,LU Loading,,,,,,3.8,,,RD244,,,
,03-07-2026,,,,,Waiting,,,,,,0.9,,,RD228,,,
,03-07-2026,,,,,LU Loading,,,,,,2.98,,,RD228,,,
,03-07-2026,,,,,Waiting,,,,,,3.8,,,RD244,,,
,03-07-2026,,,,,LU Loading,,,,,,3.27,,,RD244,,,
,03-07-2026,,,,,Waiting,,,,,,3.05,,,RD228,,,
,03-07-2026,,,,,LU Loading,,,,,,2.97,,,RD228,,,
,03-07-2026,,,,,Spotting,,,,,,0.05,,,RD250,,,
,03-07-2026,,,,,LU Loading,,,,,,3.43,,,RD250,,,
,03-07-2026,,,,,Waiting,,,,,,25.4,,,RD243,,,
,03-07-2026,,,,,Shift Change,,,,,,13.02,,,RD243,,,
,03-07-2026,,,,,Shift Change,,,,,,42.75,,,RD243,,,
,03-07-2026,,,,,Waiting,,,,,,27.03,,,RD243,,,
,03-07-2026,,,,,Marching,,,,,,17.3,,,RD243,,,
,03-07-2026,,,,,LU Loading,,,,,,13.57,,,RD243,,,
,03-07-2026,,,,,Waiting,,,,,,0.75,,,RD235,,,
,03-07-2026,,,,,LU Loading,,,,,,3.4,,,RD235,,,
,03-07-2026,,,,,Waiting,,,,,,0.52,,,RD236,,,
,03-07-2026,,,,,Spotting,,,,,,0.28,,,RD236,,,
,03-07-2026,,,,,LU Loading,,,,,,2.62,,,RD236,,,
,03-07-2026,,,,,Waiting,,,,,,15.32,,,RD243,,,
,04-07-2026,,,,,LU Loading,,,,,,2.38,,,RD243,,,
,04-07-2026,,,,,Waiting,,,,,,2.05,,,RD239,,,
,04-07-2026,,,,,Spotting,,,,,,0.3,,,RD239,,,
,04-07-2026,,,,,LU Loading,,,,,,3.05,,,RD239,,,
,04-07-2026,,,,,Waiting,,,,,,0.4,,,RD235,,,
,04-07-2026,,,,,LU Loading,,,,,,3.52,,,RD235,,,
,04-07-2026,,,,,Waiting,,,,,,0.42,,,RD236,,,
,04-07-2026,,,,,Spotting,,,,,,0.7,,,RD236,,,
,04-07-2026,,,,,LU Loading,,,,,,3.33,,,RD236,,,
,04-07-2026,,,,,Waiting,,,,,,2.5,,,RD239,,,
,04-07-2026,,,,,Face Prep,,,,,,18.5,,,RD239,,,
,04-07-2026,,,,,LU Loading,,,,,,3.58,,,RD239,,,
,04-07-2026,,,,,Waiting,,,,,,1,,,RD235,,,
,04-07-2026,,,,,Spotting,,,,,,0.17,,,RD235,,,
,04-07-2026,,,,,LU Loading,,,,,,3.32,,,RD235,,,
,04-07-2026,,,,,Waiting,,,,,,0.63,,,RD236,,,
,04-07-2026,,,,,Spotting,,,,,,0.37,,,RD236,,,
,04-07-2026,,,,,LU Loading,,,,,,3.53,,,RD236,,,
,04-07-2026,,,,,Spotting,,,,,,1.4,,,RD243,,,
,04-07-2026,,,,,LU Loading,,,,,,3.62,,,RD243,,,
,04-07-2026,,,,,Waiting,,,,,,0.4,,,RD239,,,
,04-07-2026,,,,,Spotting,,,,,,0.67,,,RD239,,,
,04-07-2026,,,,,LU Loading,,,,,,4.87,,,RD239,,,
,04-07-2026,,,,,Waiting,,,,,,2.08,,,RD243,,,
,04-07-2026,,,,,Tea/ Breakfast / Snacks,,,,,,8.67,,,RD243,,,
,04-07-2026,,,,,Daily Service,,,,,,55.7,,,RD243,,,
,04-07-2026,,,,,Waiting,,,,,,2.22,,,RD243,,,
,04-07-2026,,,,,Side Casting,,,,,,3.53,,,RD243,,,
,04-07-2026,,,,,LU Loading,,,,,,3.05,,,RD243,,,
,04-07-2026,,,,,Waiting,,,,,,0.28,,,RD235,,,
,04-07-2026,,,,,Spotting,,,,,,0.43,,,RD235,,,
,04-07-2026,,,,,LU Loading,,,,,,2.82,,,RD235,,,
,04-07-2026,,,,,Waiting,,,,,,0.22,,,RD236,,,
,04-07-2026,,,,,LU Loading,,,,,,3.13,,,RD236,,,
,04-07-2026,,,,,Waiting,,,,,,0.45,,,RD239,,,
,04-07-2026,,,,,LU Loading,,,,,,3.47,,,RD239,,,
,04-07-2026,,,,,LU Loading,,,,,,2.98,,,RD243,,,
,04-07-2026,,,,,Waiting,,,,,,1.25,,,RD235,,,
,04-07-2026,,,,,LU Loading,,,,,,2.85,,,RD235,,,
,04-07-2026,,,,,LU Loading,,,,,,3.85,,,RD236,,,
,04-07-2026,,,,,Waiting,,,,,,0.47,,,RD239,,,
,04-07-2026,,,,,LU Loading,,,,,,3.25,,,RD239,,,
,04-07-2026,,,,,LU Loading,,,,,,4.48,,,RD243,,,
,04-07-2026,,,,,Spotting,,,,,,0.52,,,RD235,,,
,04-07-2026,,,,,LU Loading,,,,,,2.95,,,RD235,,,
,04-07-2026,,,,,Waiting,,,,,,0.27,,,RD239,,,
,04-07-2026,,,,,Spotting,,,,,,0.12,,,RD239,,,
,04-07-2026,,,,,LU Loading,,,,,,3.85,,,RD239,,,
,04-07-2026,,,,,Waiting,,,,,,1.87,,,RD243,,,
,04-07-2026,,,,,LU Loading,,,,,,3.37,,,RD243,,,
,04-07-2026,,,,,Waiting,,,,,,0.58,,,RD235,,,
,04-07-2026,,,,,Spotting,,,,,,0.23,,,RD235,,,
,04-07-2026,,,,,LU Loading,,,,,,3.85,,,RD235,,,
,04-07-2026,,,,,Waiting,,,,,,0.7,,,RD239,,,
,04-07-2026,,,,,LU Loading,,,,,,3.72,,,RD239,,,
,04-07-2026,,,,,Waiting,,,,,,6.65,,,RD235,,,
,04-07-2026,,,,,LU Loading,,,,,,3.23,,,RD235,,,
,04-07-2026,,,,,Waiting,,,,,,0.3,,,RD239,,,
,04-07-2026,,,,,Spotting,,,,,,1.82,,,RD239,,,
,04-07-2026,,,,,LU Loading,,,,,,2.57,,,RD239,,,
,04-07-2026,,,,,Waiting,,,,,,0.23,,,RD243,,,
,04-07-2026,,,,,LU Loading,,,,,,3.5,,,RD243,,,
,04-07-2026,,,,,Waiting,,,,,,0.52,,,RD236,,,
,04-07-2026,,,,,Spotting,,,,,,0.27,,,RD236,,,
,04-07-2026,,,,,LU Loading,,,,,,3.83,,,RD236,,,
,04-07-2026,,,,,Waiting,,,,,,1.62,,,RD239,,,
,04-07-2026,,,,,LU Loading,,,,,,6.12,,,RD239,,,
,04-07-2026,,,,,LU Loading,,,,,,4.42,,,RD235,,,
,04-07-2026,,,,,Spotting,,,,,,1.63,,,RD243,,,
,04-07-2026,,,,,LU Loading,,,,,,3.25,,,RD243,,,
,04-07-2026,,,,,Spotting,,,,,,1.23,,,RD236,,,
,04-07-2026,,,,,LU Loading,,,,,,3.83,,,RD236,,,
,04-07-2026,,,,,LU Loading,,,,,,3.08,,,RD235,,,
,04-07-2026,,,,,Waiting,,,,,,0.83,,,RD243,,,
,04-07-2026,,,,,LU Loading,,,,,,2.8,,,RD243,,,
,04-07-2026,,,,,Waiting,,,,,,3.63,,,RD236,,,
,04-07-2026,,,,,LU Loading,,,,,,2.88,,,RD236,,,
,04-07-2026,,,,,Waiting,,,,,,2.12,,,RD235,,,
,04-07-2026,,,,,LU Loading,,,,,,3.23,,,RD235,,,
,04-07-2026,,,,,LU Loading,,,,,,4.3,,,RD243,,,
,04-07-2026,,,,,Waiting,,,,,,1.4,,,RD236,,,
,04-07-2026,,,,,LU Loading,,,,,,3.35,,,RD236,,,
,04-07-2026,,,,,Waiting,,,,,,5.3,,,RD243,,,
,04-07-2026,,,,,Spotting,,,,,,0.52,,,RD243,,,
,04-07-2026,,,,,LU Loading,,,,,,5.2,,,RD243,,,
,04-07-2026,,,,,LU Loading,,,,,,2.13,,,RD236,,,
,04-07-2026,,,,,Waiting,,,,,,3.03,,,RD235,,,
,04-07-2026,,,,,LU Loading,,,,,,3.52,,,RD235,,,
,04-07-2026,,,,,Spotting,,,,,,0.3,,,RD243,,,
,04-07-2026,,,,,LU Loading,,,,,,4.02,,,RD243,,,
,04-07-2026,,,,,Waiting,,,,,,0.67,,,RD229,,,
,04-07-2026,,,,,LU Loading,,,,,,0.02,,,RD229,,,
,04-07-2026,,,,,Waiting,,,,,,0.08,,,RD229,,,
,04-07-2026,,,,,LU Loading,,,,,,3.95,,,RD229,,,
,04-07-2026,,,,,Waiting,,,,,,0.22,,,RD236,,,
,04-07-2026,,,,,Spotting,,,,,,1.08,,,RD236,,,
,04-07-2026,,,,,LU Loading,,,,,,2.5,,,RD236,,,
,04-07-2026,,,,,Spotting,,,,,,0.52,,,RD235,,,
,04-07-2026,,,,,LU Loading,,,,,,3.02,,,RD235,,,
,04-07-2026,,,,,Waiting,,,,,,4.4,,,RD243,,,
,04-07-2026,,,,,LU Loading,,,,,,2.6,,,RD243,,,
,04-07-2026,,,,,Waiting,,,,,,0.57,,,RD236,,,
,04-07-2026,,,,,LU Loading,,,,,,3.15,,,RD236,,,
,04-07-2026,,,,,Waiting,,,,,,4.03,,,RD243,,,
,04-07-2026,,,,,LU Loading,,,,,,2.88,,,RD243,,,
,04-07-2026,,,,,Waiting,,,,,,1.28,,,RD236,,,
,04-07-2026,,,,,LU Loading,,,,,,2.95,,,RD236,,,
,04-07-2026,,,,,Waiting,,,,,,10.63,,,RD233,,,
,04-07-2026,,,,,Shift Change,,,,,,27.35,,,RD233,,,
,04-07-2026,,,,,,,,,,,,,,,,,
,Timestamp,,,,,Status Code,,Sub-Status Code,,,,"Duration
(min)",,,Hauling Unit,,,
,04-07-2026,,,,,Shift Change,,,,,,28.78,,,RD233,,,
,04-07-2026,,,,,LU Loading,,,,,,4.68,,,RD233,,,
,04-07-2026,,,,,Waiting,,,,,,0.88,,,RD234,,,
,04-07-2026,,,,,LU Loading,,,,,,3.28,,,RD234,,,
,04-07-2026,,,,,Waiting,,,,,,1.78,,,RD233,,,
,04-07-2026,,,,,LU Loading,,,,,,4.27,,,RD233,,,
,04-07-2026,,,,,LU Loading,,,,,,2.35,,,RD242,,,
,04-07-2026,,,,,Waiting,,,,,,0.27,,,RD252,,,
,04-07-2026,,,,,LU Loading,,,,,,2.92,,,RD252,,,
,04-07-2026,,,,,Waiting,,,,,,0.57,,,RD234,,,
,04-07-2026,,,,,Face Prep,,,,,,3.02,,,RD234,,,
,04-07-2026,,,,,LU Loading,,,,,,2.87,,,RD234,,,
,04-07-2026,,,,,LU Loading,,,,,,3.17,,,RD233,,,
,04-07-2026,,,,,LU Loading,,,,,,3.5,,,RD236,,,
,04-07-2026,,,,,LU Loading,,,,,,2.97,,,RD242,,,
,04-07-2026,,,,,LU Loading,,,,,,2.47,,,RD252,,,
,04-07-2026,,,,,Waiting,,,,,,0.35,,,RD234,,,
,04-07-2026,,,,,Spotting,,,,,,0.03,,,RD234,,,
,04-07-2026,,,,,LU Loading,,,,,,2.78,,,RD234,,,
,04-07-2026,,,,,LU Loading,,,,,,3.88,,,RD233,,,
,04-07-2026,,,,,LU Loading,,,,,,2.8,,,RD236,,,
,04-07-2026,,,,,LU Loading,,,,,,3.13,,,RD242,,,
,04-07-2026,,,,,LU Loading,,,,,,3.1,,,RD252,,,
,04-07-2026,,,,,Waiting,,,,,,0.47,,,RD234,,,
,04-07-2026,,,,,LU Loading,,,,,,4.97,,,RD234,,,
,04-07-2026,,,,,LU Loading,,,,,,3.05,,,RD233,,,
,04-07-2026,,,,,Waiting,,,,,,1.62,,,RD236,,,
,04-07-2026,,,,,Spotting,,,,,,0.9,,,RD236,,,
,04-07-2026,,,,,LU Loading,,,,,,2.73,,,RD236,,,
,04-07-2026,,,,,Waiting,,,,,,0.1,,,RD242,,,
,04-07-2026,,,,,Spotting,,,,,,0.25,,,RD242,,,
,04-07-2026,,,,,LU Loading,,,,,,3.67,,,RD242,,,
,04-07-2026,,,,,LU Loading,,,,,,2.8,,,RD252,,,
,04-07-2026,,,,,Spotting,,,,,,0.25,,,RD234,,,
,04-07-2026,,,,,LU Loading,,,,,,3.23,,,RD234,,,
,04-07-2026,,,,,LU Loading,,,,,,3.75,,,RD233,,,
,04-07-2026,,,,,LU Loading,,,,,,2.9,,,RD236,,,
,04-07-2026,,,,,Waiting,,,,,,6.15,,,RD252,,,
,04-07-2026,,,,,LU Loading,,,,,,10.32,,,RD252,,,
,04-07-2026,,,,,Waiting,,,,,,39.82,,,RD252,,,
,04-07-2026,,,,,Side Casting,,,,,,28.22,,,RD252,,,
,04-07-2026,,,,,LU Loading,,,,,,2.52,,,RD252,,,
,04-07-2026,,,,,Waiting,,,,,,3.82,,,RD242,,,
,04-07-2026,,,,,LU Loading,,,,,,3.6,,,RD242,,,
,04-07-2026,,,,,Waiting,,,,,,3.9,,,RD252,,,
,04-07-2026,,,,,LU Loading,,,,,,2.82,,,RD252,,,
,04-07-2026,,,,,Waiting,,,,,,2.75,,,RD234,,,
,04-07-2026,,,,,LU Loading,,,,,,2.93,,,RD234,,,
,04-07-2026,,,,,Waiting,,,,,,0.92,,,RD236,,,
,04-07-2026,,,,,LU Loading,,,,,,2.45,,,RD236,,,
,04-07-2026,,,,,Waiting,,,,,,6.38,,,RD252,,,
,04-07-2026,,,,,LU Loading,,,,,,2.4,,,RD252,,,
,04-07-2026,,,,,Waiting,,,,,,1.92,,,RD236,,,
,04-07-2026,,,,,LU Loading,,,,,,2.52,,,RD236,,,
,04-07-2026,,,,,Waiting,,,,,,3.78,,,RD233,,,
,04-07-2026,,,,,LU Loading,,,,,,2.37,,,RD233,,,
,04-07-2026,,,,,Waiting,,,,,,2.02,,,RD252,,,
,04-07-2026,,,,,LU Loading,,,,,,2.42,,,RD252,,,
,04-07-2026,,,,,Waiting,,,,,,1.3,,,RD236,,,
,04-07-2026,,,,,Spotting,,,,,,0.37,,,RD236,,,
,04-07-2026,,,,,LU Loading,,,,,,2.95,,,RD236,,,
,04-07-2026,,,,,Waiting,,,,,,13.33,,,RD233,,,
,04-07-2026,,,,,LU Loading,,,,,,4.7,,,RD233,,,
,04-07-2026,,,,,Waiting,,,,,,0.93,,,RD252,,,
,04-07-2026,,,,,LU Loading,,,,,,2.6,,,RD252,,,
,04-07-2026,,,,,Waiting,,,,,,0.28,,,RD234,,,
,04-07-2026,,,,,LU Loading,,,,,,2.97,,,RD234,,,
,04-07-2026,,,,,Waiting,,,,,,0.28,,,RD236,,,
,04-07-2026,,,,,Spotting,,,,,,0.32,,,RD236,,,
,04-07-2026,,,,,LU Loading,,,,,,2.83,,,RD236,,,
,04-07-2026,,,,,Waiting,,,,,,2.78,,,RD233,,,
,04-07-2026,,,,,LU Loading,,,,,,3.12,,,RD233,,,
,04-07-2026,,,,,Waiting,,,,,,0.12,,,RD252,,,
,04-07-2026,,,,,Spotting,,,,,,0.48,,,RD252,,,
,04-07-2026,,,,,LU Loading,,,,,,2.85,,,RD252,,,
,04-07-2026,,,,,Waiting,,,,,,1.8,,,RD234,,,
,04-07-2026,,,,,LU Loading,,,,,,3.5,,,RD234,,,
,04-07-2026,,,,,Spotting,,,,,,0.22,,,RD236,,,
,04-07-2026,,,,,LU Loading,,,,,,3.45,,,RD236,,,
,04-07-2026,,,,,Waiting,,,,,,6.37,,,RD233,,,
,04-07-2026,,,,,LU Loading,,,,,,2.6,,,RD233,,,
,04-07-2026,,,,,Waiting,,,,,,0.13,,,RD234,,,
,04-07-2026,,,,,Spotting,,,,,,0.37,,,RD234,,,
,04-07-2026,,,,,LU Loading,,,,,,3.05,,,RD234,,,
,04-07-2026,,,,,Waiting,,,,,,0.08,,,RD236,,,
,04-07-2026,,,,,Spotting,,,,,,0.52,,,RD236,,,
,04-07-2026,,,,,LU Loading,,,,,,4,,,RD236,,,
,04-07-2026,,,,,LU Loading,,,,,,2.7,,,RD242,,,
,04-07-2026,,,,,Waiting,,,,,,1.58,,,RD233,,,
,04-07-2026,,,,,Spotting,,,,,,0.15,,,RD233,,,
,04-07-2026,,,,,LU Loading,,,,,,2.97,,,RD233,,,
,04-07-2026,,,,,Waiting,,,,,,3.97,,,RD236,,,
,04-07-2026,,,,,LU Loading,,,,,,2.8,,,RD236,,,
,04-07-2026,,,,,Waiting,,,,,,0.02,,,RD234,,,
,04-07-2026,,,,,LU Loading,,,,,,2.75,,,RD234,,,
,04-07-2026,,,,,Waiting,,,,,,3.47,,,RD233,,,
,04-07-2026,,,,,LU Loading,,,,,,3.08,,,RD233,,,
,04-07-2026,,,,,Waiting,,,,,,0.37,,,RD234,,,
,04-07-2026,,,,,Spotting,,,,,,0.22,,,RD234,,,
,04-07-2026,,,,,LU Loading,,,,,,1.43,,,RD234,,,
,04-07-2026,,,,,LU Loading,,,,,,3.92,,,RD236,,,
,04-07-2026,,,,,Waiting,,,,,,10.53,,,RD233,,,
,04-07-2026,,,,,LU Loading,,,,,,3.07,,,RD233,,,
,04-07-2026,,,,, Down,,,,,,10.93,,,RD242,,,
,04-07-2026,,,,,Waiting,,,,,,2.08,,,RD242,,,
,04-07-2026,,,,,Spotting,,,,,,0.02,,,RD242,,,
,04-07-2026,,,,,LU Loading,,,,,,2.02,,,RD242,,,
,04-07-2026,,,,,LU Loading,,,,,,3.2,,,RD233,,,
,04-07-2026,,,,,Waiting,,,,,,7.77,,,RD242,,,
,04-07-2026,,,,,LU Loading,,,,,,2.88,,,RD242,,,
,04-07-2026,,,,,Waiting,,,,,,0.23,,,RD236,,,
,04-07-2026,,,,,Spotting,,,,,,0.2,,,RD236,,,
,04-07-2026,,,,,LU Loading,,,,,,2.48,,,RD236,,,
,04-07-2026,,,,,Waiting,,,,,,0.35,,,RD233,,,
,04-07-2026,,,,,LU Loading,,,,,,2.72,,,RD233,,,
,04-07-2026,,,,,Waiting,,,,,,0.48,,,RD234,,,
,04-07-2026,,,,,Spotting,,,,,,0.12,,,RD234,,,
,04-07-2026,,,,,LU Loading,,,,,,2.62,,,RD234,,,
,04-07-2026,,,,,Waiting,,,,,,4.95,,,RD242,,,
,04-07-2026,,,,,LU Loading,,,,,,0.22,,,RD242,,,
,04-07-2026,,,,,LU Loading,,,,,,5.2,,,RD236,,,
,04-07-2026,,,,,LU Loading,,,,,,0.02,,,RD242,,,
,04-07-2026,,,,,Waiting,,,,,,0.43,,,RD233,,,
,04-07-2026,,,,,LU Loading,,,,,,2.32,,,RD233,,,
,04-07-2026,,,,,Spotting,,,,,,0.5,,,RD234,,,
,04-07-2026,,,,,LU Loading,,,,,,2.48,,,RD234,,,
,04-07-2026,,,,,Waiting,,,,,,0.55,,,RD236,,,
,04-07-2026,,,,,LU Loading,,,,,,2.57,,,RD236,,,
,04-07-2026,,,,,LU Loading,,,,,,3.43,,,RD233,,,
,04-07-2026,,,,,LU Loading,,,,,,2.35,,,RD242,,,
,04-07-2026,,,,,Waiting,,,,,,0.35,,,RD236,,,
,04-07-2026,,,,,Spotting,,,,,,0.1,,,RD236,,,
,04-07-2026,,,,,LU Loading,,,,,,2.18,,,RD236,,,
,04-07-2026,,,,,LU Loading,,,,,,3.15,,,RD234,,,
,04-07-2026,,,,,Waiting,,,,,,1.45,,,RD233,,,
,04-07-2026,,,,,Spotting,,,,,,0.22,,,RD233,,,
,04-07-2026,,,,,LU Loading,,,,,,2.85,,,RD233,,,
,04-07-2026,,,,,Waiting,,,,,,0.45,,,RD242,,,
,04-07-2026,,,,,LU Loading,,,,,,2.25,,,RD242,,,
,04-07-2026,,,,,Waiting,,,,,,0.3,,,RD236,,,
,04-07-2026,,,,,Spotting,,,,,,0.1,,,RD236,,,
,04-07-2026,,,,,LU Loading,,,,,,0.05,,,RD236,,,
,04-07-2026,,,,,Waiting,,,,,,0.1,,,RD236,,,
,04-07-2026,,,,,LU Loading,,,,,,1.87,,,RD236,,,
,04-07-2026,,,,,Waiting,,,,,,0.63,,,RD230,,,
,04-07-2026,,,,,Marching,,,,,,15.97,,,RD230,,,
,04-07-2026,,,,,Shift Change,,,,,,25.02,,,RD230,,,
,04-07-2026,,,,,Shift Change,,,,,,79.52,,,RD230,,,
,04-07-2026,,,,,Marching,,,,,,0.2,,,RD230,,,
,04-07-2026,,,,,LU Loading,,,,,,3.53,,,RD230,,,
,04-07-2026,,,,,Marching,,,,,,3.05,,,RD236,,,
,04-07-2026,,,,,LU Loading,,,,,,5.98,,,RD236,,,
,04-07-2026,,,,,Waiting,,,,,,8.18,,,RD249,,,
,04-07-2026,,,,,Spotting,,,,,,0.8,,,RD249,,,
,04-07-2026,,,,,LU Loading,,,,,,2.97,,,RD249,,,
,04-07-2026,,,,,Waiting,,,,,,2.27,,,RD228,,,
,04-07-2026,,,,,LU Loading,,,,,,3.63,,,RD228,,,
,04-07-2026,,,,,Waiting,,,,,,1.37,,,RD230,,,
,04-07-2026,,,,,LU Loading,,,,,,5.32,,,RD230,,,
,04-07-2026,,,,,LU Loading,,,,,,4.15,,,RD250,,,
,04-07-2026,,,,,Waiting,,,,,,1.7,,,RD236,,,
,04-07-2026,,,,,LU Loading,,,,,,4.08,,,RD236,,,
,04-07-2026,,,,,Waiting,,,,,,6,,,RD249,,,
,04-07-2026,,,,,LU Loading,,,,,,5.9,,,RD249,,,
,04-07-2026,,,,,Waiting,,,,,,1.72,,,RD228,,,
,04-07-2026,,,,,LU Loading,,,,,,3.82,,,RD228,,,
,04-07-2026,,,,,Waiting,,,,,,6.45,,,RD230,,,
,04-07-2026,,,,,Spotting,,,,,,0.2,,,RD230,,,
,04-07-2026,,,,,LU Loading,,,,,,7.5,,,RD230,,,
,04-07-2026,,,,,LU Loading,,,,,,6.55,,,RD250,,,
,04-07-2026,,,,,Waiting,,,,,,4.78,,,RD236,,,
,04-07-2026,,,,,LU Loading,,,,,,5.95,,,RD236,,,
,04-07-2026,,,,,LU Loading,,,,,,5.23,,,RD249,,,
,04-07-2026,,,,,LU Loading,,,,,,2.47,,,RD230,,,
,04-07-2026,,,,,LU Loading,,,,,,5.13,,,RD250,,,
,04-07-2026,,,,,Waiting,,,,,,0.68,,,RD236,,,
,04-07-2026,,,,,LU Loading,,,,,,4.23,,,RD236,,,
,04-07-2026,,,,,Waiting,,,,,,1.03,,,RD249,,,
,04-07-2026,,,,,LU Loading,,,,,,1.57,,,RD249,,,
,04-07-2026,,,,,Waiting,,,,,,16.88,,,RD236,,,
,04-07-2026,,,,,Spotting,,,,,,0.65,,,RD236,,,
,04-07-2026,,,,,LU Loading,,,,,,4.02,,,RD236,,,
,04-07-2026,,,,,Waiting,,,,,,13.22,,,RD230,,,
,04-07-2026,,,,,LU Loading,,,,,,6.85,,,RD230,,,
,04-07-2026,,,,,Waiting,,,,,,0.12,,,RD250,,,
,04-07-2026,,,,,LU Loading,,,,,,4.28,,,RD250,,,
,04-07-2026,,,,,Waiting,,,,,,5.07,,,RD230,,,
,04-07-2026,,,,,LU Loading,,,,,,7.67,,,RD230,,,
,04-07-2026,,,,,LU Loading,,,,,,4.77,,,RD236,,,
,04-07-2026,,,,,Waiting,,,,,,4.8,,,RD250,,,
,04-07-2026,,,,,Spotting,,,,,,0.18,,,RD250,,,
,04-07-2026,,,,,LU Loading,,,,,,4.05,,,RD250,,,
,04-07-2026,,,,,Waiting,,,,,,6.4,,,RD236,,,
,04-07-2026,,,,,LU Loading,,,,,,3.27,,,RD236,,,
,04-07-2026,,,,,Waiting,,,,,,0.42,,,RD249,,,
,04-07-2026,,,,,LU Loading,,,,,,5.17,,,RD249,,,
,04-07-2026,,,,,LU Loading,,,,,,2.73,,,RD250,,,
,04-07-2026,,,,,Waiting,,,,,,4.43,,,RD236,,,
,04-07-2026,,,,,LU Loading,,,,,,3.25,,,RD236,,,
,04-07-2026,,,,,Waiting,,,,,,0.48,,,RD249,,,
,04-07-2026,,,,,LU Loading,,,,,,5.3,,,RD249,,,
,04-07-2026,,,,,Waiting,,,,,,2.65,,,RD250,,,
,04-07-2026,,,,,LU Loading,,,,,,4.75,,,RD250,,,
,04-07-2026,,,,,Waiting,,,,,,0.23,,,RD236,,,
,04-07-2026,,,,,Spotting,,,,,,0.1,,,RD236,,,
,04-07-2026,,,,,LU Loading,,,,,,4.1,,,RD236,,,
,04-07-2026,,,,,Waiting,,,,,,0.27,,,RD249,,,
,04-07-2026,,,,,LU Loading,,,,,,5.48,,,RD249,,,
,04-07-2026,,,,,Waiting,,,,,,5.17,,,RD236,,,
,04-07-2026,,,,,Spotting,,,,,,0.48,,,RD236,,,
,04-07-2026,,,,,LU Loading,,,,,,3.7,,,RD236,,,
,04-07-2026,,,,,Waiting,,,,,,1.83,,,RD249,,,
,04-07-2026,,,,,Spotting,,,,,,0.12,,,RD249,,,
,04-07-2026,,,,,LU Loading,,,,,,5.53,,,RD249,,,
,04-07-2026,,,,,Waiting,,,,,,5.1,,,RD236,,,
,04-07-2026,,,,,Spotting,,,,,,0.17,,,RD236,,,
,04-07-2026,,,,,LU Loading,,,,,,3.98,,,RD236,,,
,04-07-2026,,,,,Waiting,,,,,,1.42,,,RD249,,,
,04-07-2026,,,,,Spotting,,,,,,0.18,,,RD249,,,
,04-07-2026,,,,,LU Loading,,,,,,4.13,,,RD249,,,
,04-07-2026,,,,,Waiting,,,,,,4.72,,,RD245,,,
,04-07-2026,,,,,LU Loading,,,,,,2,,,RD245,,,
,04-07-2026,,,,,LU Loading,,,,,,4.47,,,RD247,,,
,04-07-2026,,,,,LU Loading,,,,,,5.47,,,RD236,,,
,04-07-2026,,,,,Waiting,,,,,,2.62,,,RD249,,,
,04-07-2026,,,,,Spotting,,,,,,0.18,,,RD249,,,
,04-07-2026,,,,,LU Loading,,,,,,3.15,,,RD249,,,
,04-07-2026,,,,,Waiting,,,,,,1.53,,,RD245,,,
,04-07-2026,,,,,Spotting,,,,,,0.38,,,RD245,,,
,04-07-2026,,,,,LU Loading,,,,,,4.97,,,RD245,,,
,04-07-2026,,,,,LU Loading,,,,,,4.05,,,RD247,,,
,04-07-2026,,,,,Waiting,,,,,,6.6,,,RD249,,,
,04-07-2026,,,,,LU Loading,,,,,,4.33,,,RD249,,,
,04-07-2026,,,,,LU Loading,,,,,,5.38,,,RD245,,,
,04-07-2026,,,,,LU Loading,,,,,,0.88,,,RD247,,,
,04-07-2026,,,,,Waiting,,,,,,6.37,,,RD236,,,
,04-07-2026,,,,,Spotting,,,,,,0.15,,,RD236,,,
,04-07-2026,,,,,LU Loading,,,,,,3.38,,,RD236,,,
,04-07-2026,,,,,Waiting,,,,,,0.8,,,RD249,,,
,04-07-2026,,,,,LU Loading,,,,,,5.95,,,RD249,,,
,04-07-2026,,,,,Waiting,,,,,,1.33,,,RD245,,,
,04-07-2026,,,,,Spotting,,,,,,0.43,,,RD245,,,
,04-07-2026,,,,,LU Loading,,,,,,7,,,RD245,,,
,04-07-2026,,,,,LU Loading,,,,,,2.85,,,RD236,,,
,04-07-2026,,,,,Waiting,,,,,,0.9,,,RD249,,,
,04-07-2026,,,,,LU Loading,,,,,,6.03,,,RD249,,,
,04-07-2026,,,,,Waiting,,,,,,5.73,,,RD236,,,
,04-07-2026,,,,,Spotting,,,,,,0.12,,,RD236,,,
,04-07-2026,,,,,LU Loading,,,,,,4.67,,,RD236,,,
,04-07-2026,,,,,Waiting,,,,,,8.68,,,RD243,,,
,04-07-2026,,,,,Shift Change,,,,,,25.5,,,RD243,,,
,04-07-2026,,,,,Shift Change,,,,,,5.13,,,RD243,,,
,04-07-2026,,,,,Daily Service,,,,,,95.82,,,RD243,,,
,04-07-2026,,,,,Waiting,,,,,,8.05,,,RD243,,,
,04-07-2026,,,,,LU Loading,,,,,,7.03,,,RD243,,,
,04-07-2026,,,,,LU Loading,,,,,,2.57,,,RD228,,,
,04-07-2026,,,,,Waiting,,,,,,1.28,,,RD235,,,
,04-07-2026,,,,,LU Loading,,,,,,3.25,,,RD235,,,
,05-07-2026,,,,,Waiting,,,,,,3.12,,,RD231,,,
,05-07-2026,,,,,LU Loading,,,,,,3.73,,,RD231,,,
,05-07-2026,,,,,LU Loading,,,,,,9.72,,,RD243,,,
,05-07-2026,,,,,LU Loading,,,,,,4.3,,,RD235,,,
,05-07-2026,,,,,Waiting,,,,,,4.32,,,RD231,,,
,05-07-2026,,,,,LU Loading,,,,,,4.67,,,RD231,,,
,05-07-2026,,,,,Waiting,,,,,,0.02,,,RD228,,,
,05-07-2026,,,,,LU Loading,,,,,,0.02,,,RD228,,,
,05-07-2026,,,,,Waiting,,,,,,14.13,,,RD243,,,
,05-07-2026,,,,,LU Loading,,,,,,8.2,,,RD243,,,
,05-07-2026,,,,,LU Loading,,,,,,14.57,,,RD235,,,
,05-07-2026,,,,,LU Loading,,,,,,2.48,,,RD228,,,
,05-07-2026,,,,,LU Loading,,,,,,0.02,,,RD231,,,
,05-07-2026,,,,,Waiting,,,,,,9.92,,,RD243,,,
,05-07-2026,,,,,Spotting,,,,,,0.28,,,RD243,,,
,05-07-2026,,,,,LU Loading,,,,,,3.3,,,RD243,,,
,05-07-2026,,,,,Waiting,,,,,,3.22,,,RD228,,,
,05-07-2026,,,,,LU Loading,,,,,,17.77,,,RD228,,,
,05-07-2026,,,,,LU Loading,,,,,,3.57,,,RD228,,,
,05-07-2026,,,,,Waiting,,,,,,4.78,,,RD235,,,
,05-07-2026,,,,,LU Loading,,,,,,2.02,,,RD235,,,
,05-07-2026,,,,,Waiting,,,,,,0.12,,,RD231,,,
,05-07-2026,,,,,LU Loading,,,,,,2.47,,,RD231,,,
,05-07-2026,,,,,Waiting,,,,,,13.12,,,RD243,,,
,05-07-2026,,,,,Tea/ Breakfast / Snacks,,,,,,65.3,,,RD243,,,
,05-07-2026,,,,,Waiting,,,,,,3.57,,,RD243,,,
,05-07-2026,,,,,LU Loading,,,,,,0.02,,,RD243,,,
,05-07-2026,,,,,Waiting,,,,,,4.67,,,RD228,,,
,05-07-2026,,,,,LU Loading,,,,,,13.23,,,RD228,,,
,05-07-2026,,,,,LU Loading,,,,,,3.23,,,RD231,,,
,05-07-2026,,,,,LU Loading,,,,,,6.93,,,RD243,,,
,05-07-2026,,,,,LU Loading,,,,,,4.65,,,RD235,,,
,05-07-2026,,,,,LU Loading,,,,,,8.95,,,RD228,,,
,05-07-2026,,,,,LU Loading,,,,,,3.23,,,RD243,,,
,05-07-2026,,,,,Waiting,,,,,,6.67,,,RD235,,,
,05-07-2026,,,,,Spotting,,,,,,0.17,,,RD235,,,
,05-07-2026,,,,,LU Loading,,,,,,4.23,,,RD235,,,
,05-07-2026,,,,,LU Loading,,,,,,2.53,,,RD228,,,
,05-07-2026,,,,,Waiting,,,,,,14.37,,,RD228,,,
,05-07-2026,,,,,LU Loading,,,,,,11.62,,,RD228,,,
,05-07-2026,,,,,LU Loading,,,,,,2.63,,,RD243,,,
,05-07-2026,,,,,Waiting,,,,,,4.55,,,RD235,,,
,05-07-2026,,,,,Spotting,,,,,,0.92,,,RD235,,,
,05-07-2026,,,,,LU Loading,,,,,,2.6,,,RD235,,,
,05-07-2026,,,,,Waiting,,,,,,1.83,,,RD228,,,
,05-07-2026,,,,,LU Loading,,,,,,2.72,,,RD228,,,
,05-07-2026,,,,,LU Loading,,,,,,3.72,,,RD231,,,
,05-07-2026,,,,,Waiting,,,,,,0.73,,,RD243,,,
,05-07-2026,,,,,Spotting,,,,,,0.67,,,RD243,,,
,05-07-2026,,,,,LU Loading,,,,,,4.87,,,RD243,,,
,05-07-2026,,,,,LU Loading,,,,,,1.78,,,RD235,,,
,05-07-2026,,,,,Waiting,,,,,,1.63,,,RD228,,,
,05-07-2026,,,,,LU Loading,,,,,,4.12,,,RD228,,,
,05-07-2026,,,,,LU Loading,,,,,,3.35,,,RD231,,,
,05-07-2026,,,,,Waiting,,,,,,12.88,,,RD248,,,
,05-07-2026,,,,,Shift Change,,,,,,24.67,,,RD248,,,
,05-07-2026,,,,,,,,,,,,,,,,,
,Timestamp,,,,,Status Code,,Sub-Status Code,,,,"Duration
(min)",,,Hauling Unit,,,
,05-07-2026,,,,,Shift Change,,,,,,36.93,,,RD248,,,
,05-07-2026,,,,,LU Loading,,,,,,7,,,RD248,,,
,05-07-2026,,,,,Waiting,,,,,,1.27,,,RD242,,,
,05-07-2026,,,,,Spotting,,,,,,0.57,,,RD242,,,
,05-07-2026,,,,,LU Loading,,,,,,2.03,,,RD242,,,
,05-07-2026,,,,,LU Loading,,,,,,3.27,,,RD248,,,
,05-07-2026,,,,,Waiting,,,,,,4.35,,,RD239,,,
,05-07-2026,,,,,LU Loading,,,,,,5.43,,,RD239,,,
,05-07-2026,,,,,LU Loading,,,,,,7.87,,,RD248,,,
,05-07-2026,,,,,Waiting,,,,,,2.93,,,RD237,,,
,05-07-2026,,,,,LU Loading,,,,,,2.52,,,RD237,,,
,05-07-2026,,,,,Waiting,,,,,,4.22,,,RD248,,,
,05-07-2026,,,,,LU Loading,,,,,,5.07,,,RD248,,,
,05-07-2026,,,,,Waiting,,,,,,1.03,,,RD237,,,
,05-07-2026,,,,,Spotting,,,,,,0.33,,,RD237,,,
,05-07-2026,,,,,LU Loading,,,,,,5.92,,,RD237,,,
,05-07-2026,,,,,Waiting,,,,,,0.82,,,RD237,,,
,05-07-2026,,,,,LU Loading,,,,,,0.02,,,RD237,,,
,05-07-2026,,,,,Waiting,,,,,,0.02,,,RD242,,,
,05-07-2026,,,,,LU Loading,,,,,,1.4,,,RD242,,,
,05-07-2026,,,,,LU Loading,,,,,,2.32,,,RD239,,,
,05-07-2026,,,,,Waiting,,,,,,0.02,,,RD239,,,
,05-07-2026,,,,,LU Loading,,,,,,0.02,,,RD239,,,
,05-07-2026,,,,,Waiting,,,,,,2.12,,,RD242,,,
,05-07-2026,,,,,LU Loading,,,,,,4.08,,,RD242,,,
,05-07-2026,,,,,LU Loading,,,,,,3.68,,,RD248,,,
,05-07-2026,,,,,Waiting,,,,,,2.3,,,RD237,,,
,05-07-2026,,,,,LU Loading,,,,,,1.03,,,RD237,,,
,05-07-2026,,,,,LU Loading,,,,,,9.07,,,RD242,,,
,05-07-2026,,,,,LU Loading,,,,,,5.82,,,RD237,,,
,05-07-2026,,,,,Waiting,,,,,,0.8,,,RD242,,,
,05-07-2026,,,,,LU Loading,,,,,,7.52,,,RD242,,,
,05-07-2026,,,,,LU Loading,,,,,,6.97,,,RD239,,,
,05-07-2026,,,,,LU Loading,,,,,,5.77,,,RD237,,,
,05-07-2026,,,,,LU Loading,,,,,,3.37,,,RD242,,,
,05-07-2026,,,,,Waiting,,,,,,0.7,,,RD239,,,
,05-07-2026,,,,,LU Loading,,,,,,2.65,,,RD239,,,
,05-07-2026,,,,,Waiting,,,,,,0.42,,,RD237,,,
,05-07-2026,,,,,Spotting,,,,,,0.17,,,RD237,,,
,05-07-2026,,,,,LU Loading,,,,,,2.83,,,RD237,,,
,05-07-2026,,,,,Waiting,,,,,,6.85,,,RD248,,,
,05-07-2026,,,,,LU Loading,,,,,,3.18,,,RD248,,,
,05-07-2026,,,,,LU Loading,,,,,,2.83,,,RD237,,,
,05-07-2026,,,,,Waiting,,,,,,5.73,,,RD248,,,
,05-07-2026,,,,,LU Loading,,,,,,5.95,,,RD248,,,
,05-07-2026,,,,,Spotting,,,,,,0.48,,,RD242,,,
,05-07-2026,,,,,LU Loading,,,,,,3.18,,,RD242,,,
,05-07-2026,,,,,Waiting,,,,,,2.67,,,RD248,,,
,05-07-2026,,,,,Spotting,,,,,,0.35,,,RD248,,,
,05-07-2026,,,,,LU Loading,,,,,,6.12,,,RD248,,,
,05-07-2026,,,,,Waiting,,,,,,5.37,,,RD242,,,
,05-07-2026,,,,,LU Loading,,,,,,0.02,,,RD242,,,
,05-07-2026,,,,,Waiting,,,,,,0.02,,,RD242,,,
,05-07-2026,,,,,LU Loading,,,,,,0.42,,,RD242,,,
,05-07-2026,,,,,Waiting,,,,,,3.23,,,RD248,,,
,05-07-2026,,,,,LU Loading,,,,,,2.57,,,RD248,,,
,05-07-2026,,,,,LU Loading,,,,,,8.18,,,RD237,,,
,05-07-2026,,,,,LU Loading,,,,,,2.37,,,RD248,,,
,05-07-2026,,,,,Waiting,,,,,,1.1,,,RD239,,,
,05-07-2026,,,,,Spotting,,,,,,0.23,,,RD239,,,
,05-07-2026,,,,,LU Loading,,,,,,3,,,RD239,,,
,05-07-2026,,,,,Waiting,,,,,,9.75,,,RD242,,,
,05-07-2026,,,,,Spotting,,,,,,1.9,,,RD242,,,
,05-07-2026,,,,,LU Loading,,,,,,3.35,,,RD242,,,
,05-07-2026,,,,,LU Loading,,,,,,2.3,,,RD248,,,
,05-07-2026,,,,,Spotting,,,,,,0.28,,,RD239,,,
,05-07-2026,,,,,LU Loading,,,,,,2.2,,,RD239,,,
,05-07-2026,,,,,Waiting,,,,,,3.4,,,RD242,,,
,05-07-2026,,,,,Spotting,,,,,,0.2,,,RD242,,,
,05-07-2026,,,,,LU Loading,,,,,,3.28,,,RD242,,,
,05-07-2026,,,,,LU Loading,,,,,,2.82,,,RD248,,,
,05-07-2026,,,,,LU Loading,,,,,,2.17,,,RD239,,,
,05-07-2026,,,,,Waiting,,,,,,1.08,,,RD237,,,
,05-07-2026,,,,,LU Loading,,,,,,5.73,,,RD237,,,
,05-07-2026,,,,,LU Loading,,,,,,2.38,,,RD248,,,
,05-07-2026,,,,,LU Loading,,,,,,4.78,,,RD239,,,
,05-07-2026,,,,,LU Loading,,,,,,2.8,,,RD237,,,
,05-07-2026,,,,,LU Loading,,,,,,2.65,,,RD242,,,
,05-07-2026,,,,,LU Loading,,,,,,2.37,,,RD248,,,
,05-07-2026,,,,,Waiting,,,,,,0.72,,,RD239,,,
,05-07-2026,,,,,LU Loading,,,,,,2.12,,,RD239,,,
,05-07-2026,,,,,Waiting,,,,,,3,,,RD242,,,
,05-07-2026,,,,,Spotting,,,,,,1.32,,,RD242,,,
,05-07-2026,,,,,LU Loading,,,,,,4.62,,,RD242,,,
,05-07-2026,,,,,LU Loading,,,,,,2.68,,,RD248,,,
,05-07-2026,,,,,LU Loading,,,,,,2.35,,,RD239,,,
,05-07-2026,,,,,Waiting,,,,,,5.6,,,RD242,,,
,05-07-2026,,,,,LU Loading,,,,,,2.22,,,RD242,,,
,05-07-2026,,,,,Waiting,,,,,,2.27,,,RD239,,,
,05-07-2026,,,,,Spotting,,,,,,0.98,,,RD239,,,
,05-07-2026,,,,,LU Loading,,,,,,2.37,,,RD239,,,
,05-07-2026,,,,,LU Loading,,,,,,4.3,,,RD237,,,
,05-07-2026,,,,,Waiting,,,,,,0.63,,,RD242,,,
,05-07-2026,,,,,LU Loading,,,,,,2.2,,,RD242,,,
,05-07-2026,,,,,Waiting,,,,,,0.37,,,RD248,,,
,05-07-2026,,,,,LU Loading,,,,,,2.32,,,RD248,,,
,05-07-2026,,,,,Waiting,,,,,,3.45,,,RD237,,,
,05-07-2026,,,,,LU Loading,,,,,,4.13,,,RD237,,,
,05-07-2026,,,,,LU Loading,,,,,,3.03,,,RD242,,,
,05-07-2026,,,,,LU Loading,,,,,,4.42,,,RD248,,,
,05-07-2026,,,,,LU Loading,,,,,,6.57,,,RD237,,,
,05-07-2026,,,,,LU Loading,,,,,,3.25,,,RD248,,,
,05-07-2026,,,,,Waiting,,,,,,3.35,,,RD237,,,
,05-07-2026,,,,,Spotting,,,,,,1.22,,,RD237,,,
,05-07-2026,,,,,LU Loading,,,,,,3.05,,,RD237,,,
,05-07-2026,,,,,Waiting,,,,,,1.17,,,RD248,,,
,05-07-2026,,,,,LU Loading,,,,,,6.15,,,RD248,,,
,05-07-2026,,,,,LU Loading,,,,,,4.88,,,RD237,,,
,05-07-2026,,,,,LU Loading,,,,,,3,,,RD242,,,
,05-07-2026,,,,,LU Loading,,,,,,2.82,,,RD248,,,
,05-07-2026,,,,,Spotting,,,,,,0.42,,,RD239,,,
,05-07-2026,,,,,LU Loading,,,,,,2.25,,,RD239,,,
,05-07-2026,,,,,Spotting,,,,,,0.03,,,RD237,,,
,05-07-2026,,,,,LU Loading,,,,,,4.28,,,RD237,,,
,05-07-2026,,,,,LU Loading,,,,,,2.53,,,RD242,,,
,05-07-2026,,,,,LU Loading,,,,,,4.42,,,RD248,,,
,05-07-2026,,,,,LU Loading,,,,,,2.73,,,RD239,,,
,05-07-2026,,,,,Waiting,,,,,,0.47,,,RD237,,,
,05-07-2026,,,,,LU Loading,,,,,,2.47,,,RD237,,,
,05-07-2026,,,,,Spotting,,,,,,0.88,,,RD242,,,
,05-07-2026,,,,,LU Loading,,,,,,2.35,,,RD242,,,
,05-07-2026,,,,,Waiting,,,,,,5.37,,,RD237,,,
,05-07-2026,,,,,LU Loading,,,,,,6.28,,,RD237,,,
,05-07-2026,,,,,LU Loading,,,,,,2.38,,,RD242,,,
,05-07-2026,,,,,Waiting,,,,,,0.02,,,RD248,,,
,05-07-2026,,,,,Spotting,,,,,,0.38,,,RD248,,,
,05-07-2026,,,,,LU Loading,,,,,,6.58,,,RD248,,,
,05-07-2026,,,,,LU Loading,,,,,,2.3,,,RD237,,,
,05-07-2026,,,,,Waiting,,,,,,2.13,,,RD242,,,
,05-07-2026,,,,,LU Loading,,,,,,2.5,,,RD242,,,
,05-07-2026,,,,,Spotting,,,,,,0.4,,,RD248,,,
,05-07-2026,,,,,LU Loading,,,,,,2.37,,,RD248,,,
,05-07-2026,,,,,Spotting,,,,,,0.33,,,RD239,,,
,05-07-2026,,,,,LU Loading,,,,,,2.43,,,RD239,,,
,05-07-2026,,,,,Waiting,,,,,,4.3,,,RD242,,,
,05-07-2026,,,,,LU Loading,,,,,,4.03,,,RD242,,,
,05-07-2026,,,,,LU Loading,,,,,,2.72,,,RD248,,,
,05-07-2026,,,,,Waiting,,,,,,0.48,,,RD239,,,
,05-07-2026,,,,,LU Loading,,,,,,2.28,,,RD239,,,
,05-07-2026,,,,,Waiting,,,,,,0.2,,,RD237,,,
,05-07-2026,,,,,LU Loading,,,,,,2.6,,,RD237,,,
,05-07-2026,,,,,Waiting,,,,,,3.35,,,RD248,,,
,05-07-2026,,,,,Spotting,,,,,,0.73,,,RD248,,,
,05-07-2026,,,,,LU Loading,,,,,,0.38,,,RD248,,,
,05-07-2026,,,,,LU Loading,,,,,,2.13,,,RD237,,,
,05-07-2026,,,,,Waiting,,,,,,0.93,,,RD242,,,
,05-07-2026,,,,,LU Loading,,,,,,2.43,,,RD242,,,
,05-07-2026,,,,,LU Loading,,,,,,2.22,,,RD239,,,
,05-07-2026,,,,,Waiting,,,,,,4.85,,,RD241,,,
,05-07-2026,,,,,Shift Change,,,,,,27.58,,,RD241,,,
,05-07-2026,,,,,Shift Change,,,,,,149.63,,,RD241,,,
,05-07-2026,,,,,Waiting,,,,,,7.33,,,RD241,,,
,05-07-2026,,,,,LU Loading,,,,,,3.73,,,RD241,,,
,05-07-2026,,,,,LU Loading,,,,,,5.45,,,RD248,,,
,05-07-2026,,,,,LU Loading,,,,,,4.72,,,RD242,,,
,05-07-2026,,,,,Spotting,,,,,,0.12,,,RD252,,,
,05-07-2026,,,,,LU Loading,,,,,,6.13,,,RD252,,,
,05-07-2026,,,,,Waiting,,,,,,0.82,,,RD241,,,
,05-07-2026,,,,,LU Loading,,,,,,2.85,,,RD241,,,
,05-07-2026,,,,,Waiting,,,,,,0.17,,,RD248,,,
,05-07-2026,,,,,LU Loading,,,,,,0.18,,,RD248,,,
,05-07-2026,,,,,LU Loading,,,,,,1.32,,,RD248,,,
,05-07-2026,,,,,LU Loading,,,,,,6.93,,,RD242,,,
,05-07-2026,,,,,Waiting,,,,,,0.08,,,RD252,,,
,05-07-2026,,,,,LU Loading,,,,,,2.8,,,RD252,,,
,05-07-2026,,,,,Spotting,,,,,,0.5,,,RD241,,,
,05-07-2026,,,,,LU Loading,,,,,,3,,,RD241,,,
,05-07-2026,,,,,Waiting,,,,,,1.77,,,RD248,,,
,05-07-2026,,,,,LU Loading,,,,,,3.83,,,RD248,,,
,05-07-2026,,,,,Waiting,,,,,,1.47,,,RD252,,,
,05-07-2026,,,,,LU Loading,,,,,,3.85,,,RD252,,,
,05-07-2026,,,,,Waiting,,,,,,1.72,,,RD241,,,
,05-07-2026,,,,,LU Loading,,,,,,3.2,,,RD241,,,
,05-07-2026,,,,,Waiting,,,,,,0.77,,,RD248,,,
,05-07-2026,,,,,Spotting,,,,,,0.77,,,RD248,,,
,05-07-2026,,,,,LU Loading,,,,,,4.83,,,RD248,,,
,05-07-2026,,,,,Waiting,,,,,,0.8,,,RD252,,,
,05-07-2026,,,,,LU Loading,,,,,,5.58,,,RD252,,,
,05-07-2026,,,,,Waiting,,,,,,2.05,,,RD241,,,
,05-07-2026,,,,,LU Loading,,,,,,5.2,,,RD241,,,
,05-07-2026,,,,,Waiting,,,,,,1.02,,,RD248,,,
,05-07-2026,,,,,LU Loading,,,,,,2.77,,,RD248,,,
,05-07-2026,,,,,Waiting,,,,,,1.33,,,RD252,,,
,05-07-2026,,,,,LU Loading,,,,,,3.55,,,RD252,,,
,05-07-2026,,,,,Waiting,,,,,,14.12,,,RD241,,,
,05-07-2026,,,,,Tea/ Breakfast / Snacks,,,,,,46.62,,,RD241,,,
,05-07-2026,,,,,LU Loading,,,,,,3.72,,,RD241,,,
,05-07-2026,,,,,Waiting,,,,,,1.65,,,RD249,,,
,05-07-2026,,,,,LU Loading,,,,,,2.93,,,RD249,,,
,05-07-2026,,,,,Waiting,,,,,,2.22,,,RD248,,,
,05-07-2026,,,,,LU Loading,,,,,,2.85,,,RD248,,,
,05-07-2026,,,,,Waiting,,,,,,0.95,,,RD252,,,
,05-07-2026,,,,,LU Loading,,,,,,4.08,,,RD252,,,
,05-07-2026,,,,,Waiting,,,,,,1,,,RD241,,,
,05-07-2026,,,,,LU Loading,,,,,,4.33,,,RD241,,,
,05-07-2026,,,,,Waiting,,,,,,2.72,,,RD249,,,
,05-07-2026,,,,,Spotting,,,,,,0.43,,,RD249,,,
,05-07-2026,,,,,LU Loading,,,,,,2.87,,,RD249,,,
,05-07-2026,,,,,Waiting,,,,,,0.88,,,RD248,,,
,05-07-2026,,,,,LU Loading,,,,,,3.48,,,RD248,,,
,05-07-2026,,,,,Waiting,,,,,,1.12,,,RD252,,,
,05-07-2026,,,,,Spotting,,,,,,0.47,,,RD252,,,
,05-07-2026,,,,,LU Loading,,,,,,3.32,,,RD252,,,
,05-07-2026,,,,,Waiting,,,,,,0.9,,,RD241,,,
,05-07-2026,,,,,Spotting,,,,,,0.22,,,RD241,,,
,05-07-2026,,,,,LU Loading,,,,,,3.85,,,RD241,,,
,05-07-2026,,,,,Waiting,,,,,,0.22,,,RD248,,,
,05-07-2026,,,,,Spotting,,,,,,0.4,,,RD248,,,
,05-07-2026,,,,,LU Loading,,,,,,3.27,,,RD248,,,
,05-07-2026,,,,,Waiting,,,,,,1.68,,,RD249,,,
,05-07-2026,,,,,Spotting,,,,,,0.28,,,RD249,,,
,05-07-2026,,,,,LU Loading,,,,,,3.35,,,RD249,,,
,05-07-2026,,,,,Waiting,,,,,,1.63,,,RD252,,,
,05-07-2026,,,,,Spotting,,,,,,0.7,,,RD252,,,
,05-07-2026,,,,,LU Loading,,,,,,3.55,,,RD252,,,
,05-07-2026,,,,,Waiting,,,,,,0.98,,,RD241,,,
,05-07-2026,,,,,Spotting,,,,,,0.33,,,RD241,,,
,05-07-2026,,,,,LU Loading,,,,,,3.28,,,RD241,,,
,05-07-2026,,,,,Waiting,,,,,,1.37,,,RD248,,,
,05-07-2026,,,,,Spotting,,,,,,0.2,,,RD248,,,
,05-07-2026,,,,,LU Loading,,,,,,3.18,,,RD248,,,
,05-07-2026,,,,,Waiting,,,,,,1.08,,,RD249,,,
,05-07-2026,,,,,LU Loading,,,,,,2.43,,,RD249,,,
,05-07-2026,,,,,Waiting,,,,,,1.12,,,RD252,,,
,05-07-2026,,,,,Spotting,,,,,,0.48,,,RD252,,,
,05-07-2026,,,,,LU Loading,,,,,,2.95,,,RD252,,,
,05-07-2026,,,,,Waiting,,,,,,1.58,,,RD241,,,
,05-07-2026,,,,,Spotting,,,,,,0.12,,,RD241,,,
,05-07-2026,,,,,LU Loading,,,,,,3.25,,,RD241,,,
,05-07-2026,,,,,LU Loading,,,,,,3.38,,,RD248,,,
,05-07-2026,,,,,Waiting,,,,,,1.65,,,RD249,,,
,05-07-2026,,,,,Spotting,,,,,,0.43,,,RD249,,,
,05-07-2026,,,,,LU Loading,,,,,,5.18,,,RD249,,,
,05-07-2026,,,,,Waiting,,,,,,0.77,,,RD252,,,
,05-07-2026,,,,,Spotting,,,,,,0.52,,,RD252,,,
,05-07-2026,,,,,LU Loading,,,,,,3.85,,,RD252,,,
,05-07-2026,,,,,Waiting,,,,,,1.95,,,RD241,,,
,05-07-2026,,,,,Spotting,,,,,,0.13,,,RD241,,,
,05-07-2026,,,,,LU Loading,,,,,,4.62,,,RD241,,,
,05-07-2026,,,,,LU Loading,,,,,,3.58,,,RD248,,,
,05-07-2026,,,,,Waiting,,,,,,5.17,,,RD249,,,
,05-07-2026,,,,,Spotting,,,,,,1.67,,,RD249,,,
,05-07-2026,,,,,LU Loading,,,,,,2.67,,,RD249,,,
,05-07-2026,,,,,Waiting,,,,,,0.88,,,RD252,,,
,05-07-2026,,,,,Spotting,,,,,,0.57,,,RD252,,,
,05-07-2026,,,,,LU Loading,,,,,,3.02,,,RD252,,,
,05-07-2026,,,,,Waiting,,,,,,7.6,,,RD248,,,
,05-07-2026,,,,,LU Loading,,,,,,2.57,,,RD248,,,
,05-07-2026,,,,,Waiting,,,,,,1.82,,,RD249,,,
,05-07-2026,,,,,Spotting,,,,,,0.27,,,RD249,,,
,05-07-2026,,,,,LU Loading,,,,,,2.38,,,RD249,,,
,05-07-2026,,,,,LU Loading,,,,,,4.77,,,RD252,,,
,05-07-2026,,,,,Waiting,,,,,,10.07,,,RD243,,,
,05-07-2026,,,,,Shift Change,,,,,,28.07,,,RD243,,,
,05-07-2026,,,,,Shift Change,,,,,,35.27,,,RD243,,,
,05-07-2026,,,,,Waiting,,,,,,0.85,,,RD243,,,
,05-07-2026,,,,,LU Loading,,,,,,2.53,,,RD243,,,
,05-07-2026,,,,,Waiting,,,,,,0.73,,,RD240,,,
,05-07-2026,,,,,Spotting,,,,,,0.22,,,RD240,,,
,05-07-2026,,,,,LU Loading,,,,,,3.3,,,RD240,,,
,05-07-2026,,,,,Waiting,,,,,,0.98,,,RD238,,,
,05-07-2026,,,,,LU Loading,,,,,,2.48,,,RD238,,,
,05-07-2026,,,,,Spotting,,,,,,0.52,,,RD233,,,
,05-07-2026,,,,,LU Loading,,,,,,3.73,,,RD233,,,
,05-07-2026,,,,,Waiting,,,,,,0.42,,,RD243,,,
,05-07-2026,,,,,Spotting,,,,,,0.72,,,RD243,,,
,05-07-2026,,,,,LU Loading,,,,,,2.98,,,RD243,,,
,05-07-2026,,,,,Waiting,,,,,,2.65,,,RD240,,,
,05-07-2026,,,,,Spotting,,,,,,0.22,,,RD240,,,
,05-07-2026,,,,,LU Loading,,,,,,2.58,,,RD240,,,
,05-07-2026,,,,,Waiting,,,,,,1.68,,,RD238,,,
,05-07-2026,,,,,LU Loading,,,,,,3.25,,,RD238,,,
,05-07-2026,,,,,Waiting,,,,,,4.83,,,RD240,,,
,05-07-2026,,,,,LU Loading,,,,,,4.6,,,RD240,,,
,05-07-2026,,,,,Spotting,,,,,,0.57,,,RD243,,,
,05-07-2026,,,,,LU Loading,,,,,,3.08,,,RD243,,,
,05-07-2026,,,,,LU Loading,,,,,,2.5,,,RD238,,,
,05-07-2026,,,,,Waiting,,,,,,4.85,,,RD240,,,
,05-07-2026,,,,,Spotting,,,,,,0.42,,,RD240,,,
,05-07-2026,,,,,LU Loading,,,,,,2.83,,,RD240,,,
,05-07-2026,,,,,Waiting,,,,,,21.97,,,RD238,,,
,05-07-2026,,,,,Spotting,,,,,,0.35,,,RD238,,,
,05-07-2026,,,,,LU Loading,,,,,,3.18,,,RD238,,,
,05-07-2026,,,,,Spotting,,,,,,0.52,,,RD243,,,
,05-07-2026,,,,,LU Loading,,,,,,3.55,,,RD243,,,
,05-07-2026,,,,,LU Loading,,,,,,2.43,,,RD240,,,
,06-07-2026,,,,,Waiting,,,,,,12.4,,,RD238,,,
,06-07-2026,,,,,Spotting,,,,,,0.93,,,RD238,,,
,06-07-2026,,,,,LU Loading,,,,,,3.78,,,RD238,,,
,06-07-2026,,,,,Waiting,,,,,,0.75,,,RD243,,,
,06-07-2026,,,,,Spotting,,,,,,0.45,,,RD243,,,
,06-07-2026,,,,,LU Loading,,,,,,3.38,,,RD243,,,
,06-07-2026,,,,,Waiting,,,,,,0.77,,,RD240,,,
,06-07-2026,,,,,Spotting,,,,,,0.32,,,RD240,,,
,06-07-2026,,,,,LU Loading,,,,,,2.67,,,RD240,,,
,06-07-2026,,,,,Waiting,,,,,,3.47,,,RD238,,,
,06-07-2026,,,,,Spotting,,,,,,0.87,,,RD238,,,
,06-07-2026,,,,,LU Loading,,,,,,2.28,,,RD238,,,
,06-07-2026,,,,,Waiting,,,,,,12.2,,,RD243,,,
,06-07-2026,,,,,LU Loading,,,,,,2.85,,,RD243,,,
,06-07-2026,,,,,Spotting,,,,,,0.33,,,RD240,,,
,06-07-2026,,,,,LU Loading,,,,,,2.5,,,RD240,,,
,06-07-2026,,,,,Waiting,,,,,,3.1,,,RD237,,,
,06-07-2026,,,,,LU Loading,,,,,,0.02,,,RD237,,,
,06-07-2026,,,,,Waiting,,,,,,0.02,,,RD237,,,
,06-07-2026,,,,,LU Loading,,,,,,0.02,,,RD237,,,
,06-07-2026,,,,,Waiting,,,,,,0.28,,,RD232,,,
,06-07-2026,,,,,Spotting,,,,,,0.57,,,RD232,,,
,06-07-2026,,,,,LU Loading,,,,,,2.38,,,RD232,,,
,06-07-2026,,,,,Waiting,,,,,,0.63,,,RD238,,,
,06-07-2026,,,,,Spotting,,,,,,0.38,,,RD238,,,
,06-07-2026,,,,,LU Loading,,,,,,2.82,,,RD238,,,
,06-07-2026,,,,,Waiting,,,,,,6.07,,,RD240,,,
,06-07-2026,,,,,LU Loading,,,,,,6.35,,,RD240,,,
,06-07-2026,,,,,Waiting,,,,,,0.9,,,RD237,,,
,06-07-2026,,,,,LU Loading,,,,,,2.78,,,RD237,,,
,06-07-2026,,,,,Waiting,,,,,,0.55,,,RD243,,,
,06-07-2026,,,,,LU Loading,,,,,,3.28,,,RD243,,,
,06-07-2026,,,,,Waiting,,,,,,0.87,,,RD232,,,
,06-07-2026,,,,,LU Loading,,,,,,2.47,,,RD232,,,
,06-07-2026,,,,,Waiting,,,,,,1.17,,,RD240,,,
,06-07-2026,,,,,Spotting,,,,,,0.45,,,RD240,,,
,06-07-2026,,,,,LU Loading,,,,,,4.02,,,RD240,,,
,06-07-2026,,,,,Waiting,,,,,,0.52,,,RD237,,,
,06-07-2026,,,,,Spotting,,,,,,0.68,,,RD237,,,
,06-07-2026,,,,,LU Loading,,,,,,2.77,,,RD237,,,
,06-07-2026,,,,,Waiting,,,,,,14.22,,,RD237,,,
,06-07-2026,,,,,LU Loading,,,,,,2.8,,,RD237,,,
,06-07-2026,,,,,Waiting,,,,,,25.23,,,RD243,,,
,06-07-2026,,,,, Down,,,,,,109.4,,,RD243,,,
,06-07-2026,,,,,Waiting,,,,,,2.58,,,RD243,,,
,06-07-2026,,,,,Spotting,,,,,,0.68,,,RD243,,,
,06-07-2026,,,,,LU Loading,,,,,,2.65,,,RD243,,,
,06-07-2026,,,,,Waiting,,,,,,0.48,,,RD237,,,
,06-07-2026,,,,,LU Loading,,,,,,2.95,,,RD237,,,
,06-07-2026,,,,,Waiting,,,,,,6.45,,,RD245,,,
,06-07-2026,,,,,LU Loading,,,,,,3.8,,,RD245,,,
,06-07-2026,,,,,Waiting,,,,,,2.63,,,RD237,,,
,06-07-2026,,,,,LU Loading,,,,,,4.02,,,RD237,,,
,06-07-2026,,,,,LU Loading,,,,,,2.9,,,RD240,,,
,06-07-2026,,,,,Waiting,,,,,,5.33,,,RD245,,,
,06-07-2026,,,,,LU Loading,,,,,,2.48,,,RD245,,,
,06-07-2026,,,,,Waiting,,,,,,0.77,,,RD237,,,
,06-07-2026,,,,,LU Loading,,,,,,4.23,,,RD237,,,
,06-07-2026,,,,,LU Loading,,,,,,2.8,,,RD240,,,
,06-07-2026,,,,,Waiting,,,,,,0.7,,,RD243,,,
,06-07-2026,,,,,LU Loading,,,,,,2.58,,,RD243,,,
,06-07-2026,,,,,Waiting,,,,,,0.88,,,RD245,,,
,06-07-2026,,,,,LU Loading,,,,,,3.27,,,RD245,,,
,06-07-2026,,,,,Waiting,,,,,,1.18,,,RD240,,,
,06-07-2026,,,,,Spotting,,,,,,0.45,,,RD240,,,
,06-07-2026,,,,,LU Loading,,,,,,2.02,,,RD240,,,
,06-07-2026,,,,,Waiting,,,,,,0.55,,,RD237,,,
,06-07-2026,,,,,LU Loading,,,,,,2.68,,,RD237,,,
,06-07-2026,,,,,Waiting,,,,,,10.22,,,RD245,,,
,06-07-2026,,,,,LU Loading,,,,,,0.02,,,RD245,,,
,06-07-2026,,,,,Waiting,,,,,,4.2,,,RD250,,,
,06-07-2026,,,,,LU Loading,,,,,,0.43,,,RD250,,,
,06-07-2026,,,,,Waiting,,,,,,14.68,,,RD237,,,
,06-07-2026,,,,,Shift Change,,,,,,25.88,,,RD237,,,
,06-07-2026,,,,,,,,,,,,,,,,,
,Timestamp,,,,,Status Code,,Sub-Status Code,,,,"Duration
(min)",,,Hauling Unit,,,
,06-07-2026,,,,,Shift Change,,,,,,27.12,,,RD237,,,
,06-07-2026,,,,,Breakdown Maintenance,,,,,,136.35,,,RD237,,,
,06-07-2026,,,,,Face Prep,,,,,,49.58,,,RD237,,,
,06-07-2026,,,,,LU Loading,,,,,,2.88,,,RD237,,,
,06-07-2026,,,,,Waiting,,,,,,4.78,,,RD231,,,
,06-07-2026,,,,,LU Loading,,,,,,3.83,,,RD231,,,
,06-07-2026,,,,,Waiting,,,,,,0.4,,,RD239,,,
,06-07-2026,,,,,LU Loading,,,,,,2.27,,,RD239,,,
,06-07-2026,,,,,Spotting,,,,,,0.78,,,RD230,,,
,06-07-2026,,,,,LU Loading,,,,,,2.83,,,RD230,,,
,06-07-2026,,,,,Waiting,,,,,,1.38,,,RD240,,,
,06-07-2026,,,,,LU Loading,,,,,,3.27,,,RD240,,,
,06-07-2026,,,,,Waiting,,,,,,3.18,,,RD231,,,
,06-07-2026,,,,,LU Loading,,,,,,2.87,,,RD231,,,
,06-07-2026,,,,,Waiting,,,,,,25.13,,,RD230,,,
,06-07-2026,,,,,LU Loading,,,,,,2.83,,,RD230,,,
,06-07-2026,,,,,Spotting,,,,,,0.63,,,RD231,,,
,06-07-2026,,,,,LU Loading,,,,,,2.37,,,RD231,,,
,06-07-2026,,,,,Waiting,,,,,,0.42,,,RD240,,,
,06-07-2026,,,,,Spotting,,,,,,0.33,,,RD240,,,
,06-07-2026,,,,,LU Loading,,,,,,2.7,,,RD240,,,
,06-07-2026,,,,,Waiting,,,,,,3.98,,,RD251,,,
,06-07-2026,,,,,LU Loading,,,,,,0.08,,,RD251,,,
,06-07-2026,,,,,LU Loading,,,,,,2.62,,,RD251,,,
,06-07-2026,,,,,Waiting,,,,,,1.48,,,RD230,,,
,06-07-2026,,,,,LU Loading,,,,,,2.85,,,RD230,,,
,06-07-2026,,,,,Spotting,,,,,,0.57,,,RD231,,,
,06-07-2026,,,,,LU Loading,,,,,,4.92,,,RD231,,,
,06-07-2026,,,,,Waiting,,,,,,8.13,,,RD251,,,
,06-07-2026,,,,,LU Loading,,,,,,2.98,,,RD251,,,
,06-07-2026,,,,,Waiting,,,,,,0.58,,,RD230,,,
,06-07-2026,,,,,LU Loading,,,,,,4.32,,,RD230,,,
,06-07-2026,,,,,LU Loading,,,,,,3.12,,,RD231,,,
,06-07-2026,,,,,Spotting,,,,,,0.02,,,RD240,,,
,06-07-2026,,,,,LU Loading,,,,,,2.58,,,RD240,,,
,06-07-2026,,,,,Waiting,,,,,,4.68,,,RD251,,,
,06-07-2026,,,,,Spotting,,,,,,1.1,,,RD251,,,
,06-07-2026,,,,,LU Loading,,,,,,2.78,,,RD251,,,
,06-07-2026,,,,,Waiting,,,,,,3.22,,,RD226,,,
,06-07-2026,,,,,LU Loading,,,,,,3.17,,,RD226,,,
,06-07-2026,,,,,Waiting,,,,,,0.08,,,RD231,,,
,06-07-2026,,,,,LU Loading,,,,,,2.68,,,RD231,,,
,06-07-2026,,,,,LU Loading,,,,,,2.57,,,RD240,,,
,06-07-2026,,,,,Spotting,,,,,,0.3,,,RD230,,,
,06-07-2026,,,,,LU Loading,,,,,,2.62,,,RD230,,,
,06-07-2026,,,,,Spotting,,,,,,0.67,,,RD251,,,
,06-07-2026,,,,,LU Loading,,,,,,2.4,,,RD251,,,
,06-07-2026,,,,,Waiting,,,,,,1.38,,,RD231,,,
,06-07-2026,,,,,Spotting,,,,,,2.48,,,RD231,,,
,06-07-2026,,,,,LU Loading,,,,,,4.37,,,RD231,,,
,06-07-2026,,,,,LU Loading,,,,,,0.6,,,RD226,,,
,06-07-2026,,,,,LU Loading,,,,,,4.87,,,RD247,,,
,06-07-2026,,,,,LU Loading,,,,,,2.47,,,RD226,,,
,06-07-2026,,,,,Spotting,,,,,,0.12,,,RD240,,,
,06-07-2026,,,,,LU Loading,,,,,,2.88,,,RD240,,,
,06-07-2026,,,,,Spotting,,,,,,0.28,,,RD230,,,
,06-07-2026,,,,,LU Loading,,,,,,2.75,,,RD230,,,
,06-07-2026,,,,,LU Loading,,,,,,3.58,,,RD251,,,
,06-07-2026,,,,,Waiting,,,,,,4.25,,,RD231,,,
,06-07-2026,,,,,LU Loading,,,,,,2.57,,,RD231,,,
,06-07-2026,,,,,Spotting,,,,,,0.02,,,RD247,,,
,06-07-2026,,,,,LU Loading,,,,,,3.08,,,RD247,,,
,06-07-2026,,,,,LU Loading,,,,,,5.57,,,RD226,,,
,06-07-2026,,,,,Waiting,,,,,,0.02,,,RD240,,,
,06-07-2026,,,,,LU Loading,,,,,,2.87,,,RD240,,,
,06-07-2026,,,,,Waiting,,,,,,0.02,,,RD230,,,
,06-07-2026,,,,,LU Loading,,,,,,3.6,,,RD230,,,
,06-07-2026,,,,,Waiting,,,,,,0.47,,,RD231,,,
,06-07-2026,,,,,LU Loading,,,,,,0.43,,,RD231,,,
,06-07-2026,,,,,Waiting,,,,,,1.47,,,RD231,,,
,06-07-2026,,,,,LU Loading,,,,,,0.95,,,RD231,,,
,06-07-2026,,,,,Waiting,,,,,,1.62,,,RD247,,,
,06-07-2026,,,,,LU Loading,,,,,,0.02,,,RD247,,,
,06-07-2026,,,,,Waiting,,,,,,1.85,,,RD247,,,
,06-07-2026,,,,,LU Loading,,,,,,0.72,,,RD247,,,
,06-07-2026,,,,,LU Loading,,,,,,4.13,,,RD250,,,
,06-07-2026,,,,,LU Loading,,,,,,2.7,,,RD226,,,
,06-07-2026,,,,,LU Loading,,,,,,3.48,,,RD240,,,
,06-07-2026,,,,,Spotting,,,,,,0.27,,,RD230,,,
,06-07-2026,,,,,LU Loading,,,,,,2.92,,,RD230,,,
,06-07-2026,,,,,LU Loading,,,,,,3.42,,,RD247,,,
,06-07-2026,,,,,Waiting,,,,,,0.45,,,RD251,,,
,06-07-2026,,,,,Spotting,,,,,,1.68,,,RD251,,,
,06-07-2026,,,,,LU Loading,,,,,,4.35,,,RD251,,,
,06-07-2026,,,,,Waiting,,,,,,0.02,,,RD250,,,
,06-07-2026,,,,,LU Loading,,,,,,3.87,,,RD250,,,
,06-07-2026,,,,,LU Loading,,,,,,3.78,,,RD240,,,
,06-07-2026,,,,,LU Loading,,,,,,3.1,,,RD226,,,
,06-07-2026,,,,,LU Loading,,,,,,4.57,,,RD230,,,
,06-07-2026,,,,,LU Loading,,,,,,0.17,,,RD247,,,
,06-07-2026,,,,,Waiting,,,,,,0.33,,,RD247,,,
,06-07-2026,,,,,LU Loading,,,,,,2.8,,,RD247,,,
,06-07-2026,,,,,LU Loading,,,,,,1.87,,,RD250,,,
,06-07-2026,,,,,Waiting,,,,,,1.72,,,RD251,,,
,06-07-2026,,,,,Spotting,,,,,,1.23,,,RD251,,,
,06-07-2026,,,,,LU Loading,,,,,,2.68,,,RD251,,,
,06-07-2026,,,,,Spotting,,,,,,0.1,,,RD226,,,
,06-07-2026,,,,,LU Loading,,,,,,3.15,,,RD226,,,
,06-07-2026,,,,,Spotting,,,,,,0.02,,,RD247,,,
,06-07-2026,,,,,LU Loading,,,,,,2.72,,,RD247,,,
,06-07-2026,,,,,Waiting,,,,,,6.38,,,RD227,,,
,06-07-2026,,,,,Shift Change,,,,,,22.37,,,RD227,,,
,06-07-2026,,,,,Shift Change,,,,,,41.6,,,RD227,,,
,06-07-2026,,,,,Waiting,,,,,,2.23,,,RD227,,,
,06-07-2026,,,,,Spotting,,,,,,1.5,,,RD227,,,
,06-07-2026,,,,,LU Loading,,,,,,2.88,,,RD227,,,
,06-07-2026,,,,,Waiting,,,,,,1.13,,,RD250,,,
,06-07-2026,,,,,LU Loading,,,,,,2.82,,,RD250,,,
,06-07-2026,,,,,Waiting,,,,,,4.27,,,RD245,,,
,06-07-2026,,,,,LU Loading,,,,,,2.48,,,RD245,,,
,06-07-2026,,,,,Waiting,,,,,,1.63,,,RD248,,,
,06-07-2026,,,,,LU Loading,,,,,,3.9,,,RD248,,,
,06-07-2026,,,,,Waiting,,,,,,0.13,,,RD250,,,
,06-07-2026,,,,,LU Loading,,,,,,3.73,,,RD250,,,
,06-07-2026,,,,,Waiting,,,,,,6.05,,,RD245,,,
,06-07-2026,,,,,LU Loading,,,,,,4.85,,,RD245,,,
,06-07-2026,,,,,LU Loading,,,,,,4.75,,,RD141,,,
,06-07-2026,,,,,LU Loading,,,,,,4.43,,,RD248,,,
,06-07-2026,,,,,LU Loading,,,,,,6.05,,,RD250,,,
,06-07-2026,,,,,Spotting,,,,,,4.75,,,RD227,,,
,06-07-2026,,,,,LU Loading,,,,,,6.25,,,RD227,,,
,06-07-2026,,,,,Waiting,,,,,,7.45,,,RD250,,,
,06-07-2026,,,,,LU Loading,,,,,,3.73,,,RD250,,,
,06-07-2026,,,,,LU Loading,,,,,,2.27,,,RD248,,,
,06-07-2026,,,,,Waiting,,,,,,0.02,,,RD245,,,
,06-07-2026,,,,,LU Loading,,,,,,2.68,,,RD245,,,
,06-07-2026,,,,,Spotting,,,,,,0.13,,,RD141,,,
,06-07-2026,,,,,LU Loading,,,,,,4.87,,,RD141,,,
,06-07-2026,,,,,Spotting,,,,,,0.02,,,RD227,,,
,06-07-2026,,,,,LU Loading,,,,,,3.85,,,RD227,,,
,06-07-2026,,,,,Waiting,,,,,,1.33,,,RD250,,,
,06-07-2026,,,,,LU Loading,,,,,,2.5,,,RD250,,,
,06-07-2026,,,,,Waiting,,,,,,3.15,,,RD248,,,
,06-07-2026,,,,,LU Loading,,,,,,2.48,,,RD248,,,
,06-07-2026,,,,,Waiting,,,,,,1.28,,,RD245,,,
,06-07-2026,,,,,LU Loading,,,,,,2.43,,,RD245,,,
,06-07-2026,,,,,Waiting,,,,,,0.65,,,RD227,,,
,06-07-2026,,,,,LU Loading,,,,,,3.23,,,RD227,,,
,06-07-2026,,,,,Waiting,,,,,,1.35,,,RD141,,,
,06-07-2026,,,,,LU Loading,,,,,,3.02,,,RD141,,,
,06-07-2026,,,,,Waiting,,,,,,1.02,,,RD250,,,
,06-07-2026,,,,,LU Loading,,,,,,2.38,,,RD250,,,
,06-07-2026,,,,,Waiting,,,,,,0.58,,,RD248,,,
,06-07-2026,,,,,LU Loading,,,,,,4.55,,,RD248,,,
,06-07-2026,,,,,LU Loading,,,,,,2.52,,,RD245,,,
,06-07-2026,,,,,LU Loading,,,,,,3.8,,,RD227,,,
,06-07-2026,,,,,Waiting,,,,,,1.02,,,RD141,,,
,06-07-2026,,,,,LU Loading,,,,,,3.32,,,RD141,,,
,06-07-2026,,,,,Waiting,,,,,,0.78,,,RD250,,,
,06-07-2026,,,,,LU Loading,,,,,,5.77,,,RD250,,,
,06-07-2026,,,,,LU Loading,,,,,,6.27,,,RD248,,,
,06-07-2026,,,,,LU Loading,,,,,,5.7,,,RD245,,,
,06-07-2026,,,,,LU Loading,,,,,,4.67,,,RD227,,,
,06-07-2026,,,,,Waiting,,,,,,0.8,,,RD141,,,
,06-07-2026,,,,,LU Loading,,,,,,4.1,,,RD141,,,
,06-07-2026,,,,,Waiting,,,,,,0.97,,,RD250,,,
,06-07-2026,,,,,LU Loading,,,,,,3.58,,,RD250,,,
,06-07-2026,,,,,Waiting,,,,,,0.02,,,RD248,,,
,06-07-2026,,,,,LU Loading,,,,,,3.83,,,RD248,,,
,06-07-2026,,,,,Waiting,,,,,,0.58,,,RD245,,,
,06-07-2026,,,,,LU Loading,,,,,,3.18,,,RD245,,,
,06-07-2026,,,,,Waiting,,,,,,1.15,,,RD227,,,
,06-07-2026,,,,,LU Loading,,,,,,3.95,,,RD227,,,
,06-07-2026,,,,,Waiting,,,,,,0.88,,,RD141,,,
,06-07-2026,,,,,LU Loading,,,,,,3.98,,,RD141,,,
,06-07-2026,,,,,Waiting,,,,,,4.07,,,RD250,,,
,06-07-2026,,,,,LU Loading,,,,,,2.85,,,RD250,,,
,06-07-2026,,,,,Waiting,,,,,,2.85,,,RD227,,,
,06-07-2026,,,,,LU Loading,,,,,,2.57,,,RD227,,,
,06-07-2026,,,,,Waiting,,,,,,6.93,,,RD250,,,
,06-07-2026,,,,,LU Loading,,,,,,3.2,,,RD250,,,
,06-07-2026,,,,,Waiting,,,,,,1.48,,,RD227,,,
,06-07-2026,,,,,LU Loading,,,,,,2.73,,,RD227,,,
,06-07-2026,,,,,Waiting,,,,,,1.02,,,RD245,,,
,06-07-2026,,,,,LU Loading,,,,,,6.8,,,RD245,,,
,06-07-2026,,,,,Waiting,,,,,,20.23,,,RD141,,,
,06-07-2026,,,,,LU Loading,,,,,,3.87,,,RD141,,,
,06-07-2026,,,,,Waiting,,,,,,0.25,,,RD250,,,
,06-07-2026,,,,,LU Loading,,,,,,2.12,,,RD250,,,
,06-07-2026,,,,,Waiting,,,,,,0.33,,,RD248,,,
,06-07-2026,,,,,LU Loading,,,,,,2.15,,,RD248,,,
,06-07-2026,,,,,Waiting,,,,,,30.93,,,RD227,,,
,06-07-2026,,,,,Marching,,,,,,26.12,,,RD227,,,
,06-07-2026,,,,,Waiting,,,,,,5.67,,,RD227,,,
,06-07-2026,,,,, Down,,,,,,18.72,,,RD227,,,
,06-07-2026,,,,,LU Loading,,,,,,0.08,,,RD227,,,
,06-07-2026,,,,,Waiting,,,,,,6.35,,,RD234,,,
,06-07-2026,,,,, Down,,,,,,107.38,,,RD234,,,
,06-07-2026,,,,, Down,,,,,,109.17,,,RD234,,,
,06-07-2026,,,,,Schedule No Work,,,,,,159.18,,,RD234,,,
,07-07-2026,,,,,LU Loading,,,,,,3.63,,,RD234,,,
,07-07-2026,,,,,LU Loading,,,,,,3.3,,,RD248,,,
,07-07-2026,,,,,Waiting,,,,,,5.18,,,RD236,,,
,07-07-2026,,,,,LU Loading,,,,,,3.37,,,RD236,,,
,07-07-2026,,,,,Waiting,,,,,,7.22,,,RD248,,,
,07-07-2026,,,,,Spotting,,,,,,0.17,,,RD248,,,
,07-07-2026,,,,,LU Loading,,,,,,2.97,,,RD248,,,
,07-07-2026,,,,,Waiting,,,,,,2.3,,,RD244,,,
,07-07-2026,,,,,Spotting,,,,,,0.32,,,RD244,,,
,07-07-2026,,,,,LU Loading,,,,,,3.8,,,RD244,,,
,07-07-2026,,,,,Waiting,,,,,,4.97,,,RD236,,,
,07-07-2026,,,,,Spotting,,,,,,0.27,,,RD236,,,
,07-07-2026,,,,,LU Loading,,,,,,2.38,,,RD236,,,
,07-07-2026,,,,,Waiting,,,,,,0.57,,,RD234,,,
,07-07-2026,,,,,Spotting,,,,,,0.37,,,RD234,,,
,07-07-2026,,,,,LU Loading,,,,,,4.22,,,RD234,,,
,07-07-2026,,,,,LU Loading,,,,,,3.53,,,RD248,,,
,07-07-2026,,,,,Waiting,,,,,,10,,,RD236,,,
,07-07-2026,,,,,LU Loading,,,,,,3.35,,,RD236,,,
,07-07-2026,,,,,Waiting,,,,,,1.05,,,RD244,,,
,07-07-2026,,,,,LU Loading,,,,,,3.58,,,RD244,,,
,07-07-2026,,,,,Waiting,,,,,,4.15,,,RD248,,,
,07-07-2026,,,,,Spotting,,,,,,0.2,,,RD248,,,
,07-07-2026,,,,,LU Loading,,,,,,3.72,,,RD248,,,
,07-07-2026,,,,,Waiting,,,,,,0.9,,,RD234,,,
,07-07-2026,,,,,LU Loading,,,,,,4,,,RD234,,,
,07-07-2026,,,,,Waiting,,,,,,2.62,,,RD244,,,
,07-07-2026,,,,,LU Loading,,,,,,3.27,,,RD244,,,
,07-07-2026,,,,,Waiting,,,,,,7.35,,,RD248,,,
,07-07-2026,,,,,Spotting,,,,,,0.25,,,RD248,,,
,07-07-2026,,,,,LU Loading,,,,,,2.92,,,RD248,,,
,07-07-2026,,,,,Waiting,,,,,,0.03,,,RD234,,,
,07-07-2026,,,,,Spotting,,,,,,0.7,,,RD234,,,
,07-07-2026,,,,,LU Loading,,,,,,3.2,,,RD234,,,
,07-07-2026,,,,,Waiting,,,,,,3.85,,,RD244,,,
,07-07-2026,,,,,LU Loading,,,,,,3.45,,,RD244,,,
,07-07-2026,,,,,Waiting,,,,,,10.42,,,RD248,,,
,07-07-2026,,,,,Spotting,,,,,,0.35,,,RD248,,,
,07-07-2026,,,,,LU Loading,,,,,,3.62,,,RD248,,,
,07-07-2026,,,,,Waiting,,,,,,1.13,,,RD234,,,
,07-07-2026,,,,,Spotting,,,,,,1.28,,,RD234,,,
,07-07-2026,,,,,LU Loading,,,,,,3.2,,,RD234,,,
,07-07-2026,,,,,Waiting,,,,,,7.7,,,RD234,,,
,07-07-2026,,,,,Spotting,,,,,,0.3,,,RD234,,,
,07-07-2026,,,,,LU Loading,,,,,,3.92,,,RD234,,,
,07-07-2026,,,,,Waiting,,,,,,1.32,,,RD244,,,
,07-07-2026,,,,,LU Loading,,,,,,4.23,,,RD244,,,
,07-07-2026,,,,,Waiting,,,,,,1.03,,,RD236,,,
,07-07-2026,,,,,Spotting,,,,,,0.9,,,RD236,,,
,07-07-2026,,,,,LU Loading,,,,,,1.9,,,RD236,,,
,07-07-2026,,,,,Waiting,,,,,,5.43,,,RD248,,,
,07-07-2026,,,,,Spotting,,,,,,0.28,,,RD248,,,
,07-07-2026,,,,,LU Loading,,,,,,5.67,,,RD248,,,
,07-07-2026,,,,,Waiting,,,,,,0.92,,,RD234,,,
,07-07-2026,,,,,LU Loading,,,,,,4.23,,,RD234,,,
,07-07-2026,,,,,Waiting,,,,,,8.87,,,RD244,,,
,07-07-2026,,,,,LU Loading,,,,,,0.18,,,RD244,,,
,07-07-2026,,,,,Waiting,,,,,,0.15,,,RD236,,,
,07-07-2026,,,,,LU Loading,,,,,,0.57,,,RD236,,,
,07-07-2026,,,,,Waiting,,,,,,2.73,,,RD234,,,
,07-07-2026,,,,,Spotting,,,,,,0.25,,,RD234,,,
,07-07-2026,,,,,LU Loading,,,,,,2.7,,,RD234,,,
,07-07-2026,,,,,Waiting,,,,,,2.62,,,RD232,,,
,07-07-2026,,,,,Shift Change,,,,,,28.62,,,RD232,,,
,07-07-2026,,,,,,,,,,,,,,,,,
,Timestamp,,,,,Status Code,,Sub-Status Code,,,,"Duration
(min)",,,Hauling Unit,,,
,07-07-2026,,,,,Shift Change,,,,,,51.17,,,RD232,,,
,07-07-2026,,,,,Face Prep,,,,,,9.02,,,RD232,,,
,07-07-2026,,,,,LU Loading,,,,,,4.83,,,RD232,,,
,07-07-2026,,,,,Waiting,,,,,,1.05,,,RD251,,,
,07-07-2026,,,,,Spotting,,,,,,0.12,,,RD251,,,
,07-07-2026,,,,,LU Loading,,,,,,6.43,,,RD251,,,
,07-07-2026,,,,,Spotting,,,,,,0.15,,,RD241,,,
,07-07-2026,,,,,LU Loading,,,,,,4.63,,,RD241,,,
,07-07-2026,,,,,Waiting,,,,,,0.02,,,RD253,,,
,07-07-2026,,,,,LU Loading,,,,,,8.87,,,RD253,,,
,07-07-2026,,,,,Waiting,,,,,,1.18,,,RD232,,,
,07-07-2026,,,,,Spotting,,,,,,0.25,,,RD232,,,
,07-07-2026,,,,,LU Loading,,,,,,5.07,,,RD232,,,
,07-07-2026,,,,,Waiting,,,,,,0.03,,,RD231,,,
,07-07-2026,,,,,LU Loading,,,,,,5.35,,,RD231,,,
,07-07-2026,,,,,LU Loading,,,,,,4.43,,,RD251,,,
,07-07-2026,,,,,Waiting,,,,,,1.1,,,RD241,,,
,07-07-2026,,,,,Spotting,,,,,,0.13,,,RD241,,,
,07-07-2026,,,,,LU Loading,,,,,,4.33,,,RD241,,,
,07-07-2026,,,,,Spotting,,,,,,0.93,,,RD253,,,
,07-07-2026,,,,,LU Loading,,,,,,4.05,,,RD253,,,
,07-07-2026,,,,,Waiting,,,,,,1.73,,,RD232,,,
,07-07-2026,,,,,LU Loading,,,,,,5.17,,,RD232,,,
,07-07-2026,,,,,Waiting,,,,,,0.73,,,RD231,,,
,07-07-2026,,,,,Spotting,,,,,,0.32,,,RD231,,,
,07-07-2026,,,,,LU Loading,,,,,,4.73,,,RD231,,,
,07-07-2026,,,,,Waiting,,,,,,1.47,,,RD251,,,
,07-07-2026,,,,,Spotting,,,,,,0.23,,,RD251,,,
,07-07-2026,,,,,LU Loading,,,,,,4.4,,,RD251,,,
,07-07-2026,,,,,Waiting,,,,,,0.6,,,RD241,,,
,07-07-2026,,,,,LU Loading,,,,,,4.18,,,RD241,,,
,07-07-2026,,,,,Waiting,,,,,,1.87,,,RD253,,,
,07-07-2026,,,,,LU Loading,,,,,,4.1,,,RD253,,,
,07-07-2026,,,,,Waiting,,,,,,1.33,,,RD232,,,
,07-07-2026,,,,,Spotting,,,,,,0.18,,,RD232,,,
,07-07-2026,,,,,LU Loading,,,,,,5.28,,,RD232,,,
,07-07-2026,,,,,Waiting,,,,,,0.03,,,RD231,,,
,07-07-2026,,,,,LU Loading,,,,,,4.45,,,RD231,,,
,07-07-2026,,,,,Waiting,,,,,,0.88,,,RD251,,,
,07-07-2026,,,,,Spotting,,,,,,0.15,,,RD251,,,
,07-07-2026,,,,,LU Loading,,,,,,3.7,,,RD251,,,
,07-07-2026,,,,,Spotting,,,,,,0.38,,,RD241,,,
,07-07-2026,,,,,LU Loading,,,,,,4.98,,,RD241,,,
,07-07-2026,,,,,Waiting,,,,,,0.65,,,RD253,,,
,07-07-2026,,,,,LU Loading,,,,,,3.67,,,RD253,,,
,07-07-2026,,,,,Spotting,,,,,,0.5,,,RD232,,,
,07-07-2026,,,,,LU Loading,,,,,,3.68,,,RD232,,,
,07-07-2026,,,,,Waiting,,,,,,14.22,,,RD253,,,
,07-07-2026,,,,,Tea/ Breakfast / Snacks,,,,,,61.92,,,RD253,,,
,07-07-2026,,,,,Waiting,,,,,,3.68,,,RD253,,,
,07-07-2026,,,,,LU Loading,,,,,,5.62,,,RD253,,,
,07-07-2026,,,,,Waiting,,,,,,0.4,,,RD232,,,
,07-07-2026,,,,,LU Loading,,,,,,3.43,,,RD232,,,
,07-07-2026,,,,,Spotting,,,,,,0.53,,,RD241,,,
,07-07-2026,,,,,LU Loading,,,,,,3.83,,,RD241,,,
,07-07-2026,,,,,Spotting,,,,,,0.58,,,RD231,,,
,07-07-2026,,,,,LU Loading,,,,,,4.03,,,RD231,,,
,07-07-2026,,,,,Waiting,,,,,,1.05,,,RD251,,,
,07-07-2026,,,,,Spotting,,,,,,0.57,,,RD251,,,
,07-07-2026,,,,,LU Loading,,,,,,7.12,,,RD251,,,
,07-07-2026,,,,,Waiting,,,,,,0.13,,,RD253,,,
,07-07-2026,,,,,LU Loading,,,,,,2.82,,,RD253,,,
,07-07-2026,,,,,Spotting,,,,,,0.57,,,RD232,,,
,07-07-2026,,,,,LU Loading,,,,,,3.25,,,RD232,,,
,07-07-2026,,,,,Waiting,,,,,,1.22,,,RD231,,,
,07-07-2026,,,,,Spotting,,,,,,4.02,,,RD231,,,
,07-07-2026,,,,,LU Loading,,,,,,3.95,,,RD231,,,
,07-07-2026,,,,,Waiting,,,,,,6.27,,,RD253,,,
,07-07-2026,,,,,LU Loading,,,,,,3.53,,,RD253,,,
,07-07-2026,,,,,Waiting,,,,,,2.78,,,RD232,,,
,07-07-2026,,,,,Spotting,,,,,,2.52,,,RD232,,,
,07-07-2026,,,,,LU Loading,,,,,,5.72,,,RD232,,,
,07-07-2026,,,,,Waiting,,,,,,7.95,,,RD241,,,
,07-07-2026,,,,,Fuel Filling,,,,,,4.32,,,RD241,,,
,07-07-2026,,,,,Waiting,,,,,,2.6,,,RD241,,,
,07-07-2026,,,,,LU Loading,,,,,,0.15,,,RD241,,,
,07-07-2026,,,,,Waiting,,,,,,0.33,,,RD241,,,
,07-07-2026,,,,,LU Loading,,,,,,2.8,,,RD241,,,
,07-07-2026,,,,,Spotting,,,,,,0.55,,,RD231,,,
,07-07-2026,,,,,LU Loading,,,,,,2.93,,,RD231,,,
,07-07-2026,,,,,Waiting,,,,,,0.4,,,RD253,,,
,07-07-2026,,,,,LU Loading,,,,,,3.08,,,RD253,,,
,07-07-2026,,,,,Waiting,,,,,,0.08,,,RD251,,,
,07-07-2026,,,,,Spotting,,,,,,0.17,,,RD251,,,
,07-07-2026,,,,,LU Loading,,,,,,2.55,,,RD251,,,
,07-07-2026,,,,,Spotting,,,,,,0.4,,,RD232,,,
,07-07-2026,,,,,LU Loading,,,,,,4.2,,,RD232,,,
,07-07-2026,,,,,Waiting,,,,,,4.73,,,RD241,,,
,07-07-2026,,,,,LU Loading,,,,,,3.12,,,RD241,,,
,07-07-2026,,,,,Waiting,,,,,,0.4,,,RD231,,,
,07-07-2026,,,,,LU Loading,,,,,,0.62,,,RD231,,,
,07-07-2026,,,,,LU Loading,,,,,,3.35,,,RD231,,,
,07-07-2026,,,,,Spotting,,,,,,0.2,,,RD253,,,
,07-07-2026,,,,,LU Loading,,,,,,2.83,,,RD253,,,
,07-07-2026,,,,,Waiting,,,,,,0.77,,,RD232,,,
,07-07-2026,,,,,Spotting,,,,,,0.28,,,RD232,,,
,07-07-2026,,,,,LU Loading,,,,,,4.32,,,RD232,,,
,07-07-2026,,,,,Waiting,,,,,,0.42,,,RD241,,,
,07-07-2026,,,,,LU Loading,,,,,,0.23,,,RD241,,,
,07-07-2026,,,,,LU Loading,,,,,,2.72,,,RD241,,,
,07-07-2026,,,,,Waiting,,,,,,0.1,,,RD251,,,
,07-07-2026,,,,,LU Loading,,,,,,2.98,,,RD251,,,
,07-07-2026,,,,,Waiting,,,,,,1.27,,,RD231,,,
,07-07-2026,,,,,Spotting,,,,,,1.07,,,RD231,,,
,07-07-2026,,,,,LU Loading,,,,,,4.1,,,RD231,,,
,07-07-2026,,,,,Waiting,,,,,,0.33,,,RD253,,,
,07-07-2026,,,,,Spotting,,,,,,0.32,,,RD253,,,
,07-07-2026,,,,,LU Loading,,,,,,2.87,,,RD253,,,
,07-07-2026,,,,,Waiting,,,,,,0.38,,,RD241,,,
,07-07-2026,,,,,LU Loading,,,,,,3,,,RD241,,,
,07-07-2026,,,,,Waiting,,,,,,1.48,,,RD232,,,
,07-07-2026,,,,,Spotting,,,,,,0.17,,,RD232,,,
,07-07-2026,,,,,LU Loading,,,,,,5.37,,,RD232,,,
,07-07-2026,,,,,Waiting,,,,,,0.52,,,RD241,,,
,07-07-2026,,,,,Spotting,,,,,,1.57,,,RD241,,,
,07-07-2026,,,,,LU Loading,,,,,,3.07,,,RD241,,,
,07-07-2026,,,,,Waiting,,,,,,0.63,,,RD251,,,
,07-07-2026,,,,,Spotting,,,,,,0.12,,,RD251,,,
,07-07-2026,,,,,LU Loading,,,,,,2.78,,,RD251,,,
,07-07-2026,,,,,Waiting,,,,,,0.43,,,RD231,,,
,07-07-2026,,,,,LU Loading,,,,,,3.85,,,RD231,,,
,07-07-2026,,,,,LU Loading,,,,,,2.72,,,RD241,,,
,07-07-2026,,,,,Waiting,,,,,,5.77,,,RD232,,,
,07-07-2026,,,,,LU Loading,,,,,,2.47,,,RD232,,,
,07-07-2026,,,,,Waiting,,,,,,0.97,,,RD241,,,
,07-07-2026,,,,,LU Loading,,,,,,3.28,,,RD241,,,
,07-07-2026,,,,,Spotting,,,,,,0.4,,,RD231,,,
,07-07-2026,,,,,LU Loading,,,,,,2.63,,,RD231,,,
,07-07-2026,,,,,Waiting,,,,,,0.48,,,RD251,,,
,07-07-2026,,,,,LU Loading,,,,,,3.22,,,RD251,,,
,07-07-2026,,,,,Waiting,,,,,,2.63,,,RD241,,,
,07-07-2026,,,,,LU Loading,,,,,,0.02,,,RD241,,,
,07-07-2026,,,,,Waiting,,,,,,3.4,,,RD241,,,
,07-07-2026,,,,,LU Loading,,,,,,0.07,,,RD241,,,
,07-07-2026,,,,,Waiting,,,,,,1.2,,,RD232,,,
,07-07-2026,,,,,LU Loading,,,,,,3.92,,,RD232,,,
,07-07-2026,,,,,Waiting,,,,,,25.15,,,RD243,,,
,07-07-2026,,,,,Shift Change,,,,,,12.47,,,RD243,,,
,07-07-2026,,,,,Shift Change,,,,,,98.77,,,RD243,,,
,07-07-2026,,,,,Waiting,,,,,,13.73,,,RD243,,,
,07-07-2026,,,,,LU Loading,,,,,,3.37,,,RD243,,,
,07-07-2026,,,,,Waiting,,,,,,1.03,,,RD247,,,
,07-07-2026,,,,,LU Loading,,,,,,3.37,,,RD247,,,
,07-07-2026,,,,,Waiting,,,,,,0.33,,,RD248,,,
,07-07-2026,,,,,LU Loading,,,,,,3.2,,,RD248,,,
,07-07-2026,,,,,Waiting,,,,,,0.37,,,RD249,,,
,07-07-2026,,,,,Spotting,,,,,,1.4,,,RD249,,,
,07-07-2026,,,,,LU Loading,,,,,,3.52,,,RD249,,,
,07-07-2026,,,,,Waiting,,,,,,11.4,,,RD247,,,
,07-07-2026,,,,,LU Loading,,,,,,2.73,,,RD247,,,
,07-07-2026,,,,,Waiting,,,,,,3.28,,,RD248,,,
,07-07-2026,,,,,LU Loading,,,,,,2.73,,,RD248,,,
,07-07-2026,,,,,Waiting,,,,,,1.32,,,RD244,,,
,07-07-2026,,,,,LU Loading,,,,,,2.95,,,RD244,,,
,07-07-2026,,,,,Waiting,,,,,,2.5,,,RD243,,,
,07-07-2026,,,,,LU Loading,,,,,,2.98,,,RD243,,,
,07-07-2026,,,,,Waiting,,,,,,0.73,,,RD249,,,
,07-07-2026,,,,,Spotting,,,,,,0.35,,,RD249,,,
,07-07-2026,,,,,LU Loading,,,,,,3.47,,,RD249,,,
,07-07-2026,,,,,Waiting,,,,,,0.83,,,RD247,,,
,07-07-2026,,,,,LU Loading,,,,,,3.22,,,RD247,,,
,07-07-2026,,,,,Waiting,,,,,,0.15,,,RD248,,,
,07-07-2026,,,,,Spotting,,,,,,0.7,,,RD248,,,
,07-07-2026,,,,,LU Loading,,,,,,3.43,,,RD248,,,
,07-07-2026,,,,,Waiting,,,,,,3.97,,,RD243,,,
,07-07-2026,,,,,LU Loading,,,,,,3.6,,,RD243,,,
,07-07-2026,,,,,Waiting,,,,,,4.63,,,RD249,,,
,07-07-2026,,,,,LU Loading,,,,,,0.08,,,RD249,,,
,07-07-2026,,,,,LU Loading,,,,,,4.42,,,RD249,,,
,07-07-2026,,,,,Waiting,,,,,,5.53,,,RD248,,,
,07-07-2026,,,,,LU Loading,,,,,,3.2,,,RD248,,,
,07-07-2026,,,,,Waiting,,,,,,0.3,,,RD244,,,
,07-07-2026,,,,,LU Loading,,,,,,2.75,,,RD244,,,
,07-07-2026,,,,,Waiting,,,,,,0.37,,,RD243,,,
,07-07-2026,,,,,Spotting,,,,,,0.32,,,RD243,,,
,07-07-2026,,,,,LU Loading,,,,,,2.58,,,RD243,,,
,07-07-2026,,,,,Waiting,,,,,,0.65,,,RD247,,,
,07-07-2026,,,,,LU Loading,,,,,,2.4,,,RD247,,,
,07-07-2026,,,,,Waiting,,,,,,2.2,,,RD249,,,
,07-07-2026,,,,,LU Loading,,,,,,3.63,,,RD249,,,
,07-07-2026,,,,,Waiting,,,,,,6.33,,,RD248,,,
,07-07-2026,,,,,Spotting,,,,,,0.32,,,RD248,,,
,07-07-2026,,,,,LU Loading,,,,,,3,,,RD248,,,
,07-07-2026,,,,,Waiting,,,,,,5.3,,,RD243,,,
,07-07-2026,,,,,LU Loading,,,,,,2.87,,,RD243,,,
,07-07-2026,,,,,Waiting,,,,,,0.73,,,RD247,,,
,07-07-2026,,,,,LU Loading,,,,,,3.18,,,RD247,,,
,07-07-2026,,,,,Waiting,,,,,,0.7,,,RD249,,,
,07-07-2026,,,,,LU Loading,,,,,,2.4,,,RD249,,,
,07-07-2026,,,,,Waiting,,,,,,15.48,,,RD243,,,
,07-07-2026,,,,,LU Loading,,,,,,2.5,,,RD243,,,
,07-07-2026,,,,,Waiting,,,,,,1.93,,,RD249,,,
,07-07-2026,,,,,LU Loading,,,,,,2.55,,,RD249,,,
,07-07-2026,,,,,Waiting,,,,,,7.2,,,RD244,,,
,07-07-2026,,,,,Spotting,,,,,,0.33,,,RD244,,,
,07-07-2026,,,,,LU Loading,,,,,,2.05,,,RD244,,,
,07-07-2026,,,,,Waiting,,,,,,0.62,,,RD248,,,
,07-07-2026,,,,,Spotting,,,,,,0.57,,,RD248,,,
,07-07-2026,,,,,LU Loading,,,,,,2.43,,,RD248,,,
,07-07-2026,,,,,Waiting,,,,,,0.72,,,RD243,,,
,07-07-2026,,,,,LU Loading,,,,,,2.2,,,RD243,,,
,07-07-2026,,,,,Waiting,,,,,,8.27,,,RD244,,,
,07-07-2026,,,,,Spotting,,,,,,1.18,,,RD244,,,
,07-07-2026,,,,,LU Loading,,,,,,2.58,,,RD244,,,
,07-07-2026,,,,,Waiting,,,,,,0.45,,,RD249,,,
,07-07-2026,,,,,LU Loading,,,,,,2.25,,,RD249,,,
,07-07-2026,,,,,Waiting,,,,,,0.77,,,RD248,,,
,07-07-2026,,,,,LU Loading,,,,,,2.43,,,RD248,,,
,07-07-2026,,,,,Waiting,,,,,,0.62,,,RD243,,,
,07-07-2026,,,,,LU Loading,,,,,,3.05,,,RD243,,,
,07-07-2026,,,,,Waiting,,,,,,9.03,,,RD244,,,
,07-07-2026,,,,,LU Loading,,,,,,0.63,,,RD244,,,
,07-07-2026,,,,,Waiting,,,,,,1.78,,,RD247,,,
,07-07-2026,,,,,LU Loading,,,,,,2.72,,,RD247,,,
,07-07-2026,,,,,Waiting,,,,,,0.93,,,RD248,,,
,07-07-2026,,,,,Spotting,,,,,,3.42,,,RD248,,,
,07-07-2026,,,,,LU Loading,,,,,,2.97,,,RD248,,,
,07-07-2026,,,,,Waiting,,,,,,2.18,,,RD243,,,
,07-07-2026,,,,,LU Loading,,,,,,2,,,RD243,,,
,07-07-2026,,,,,Waiting,,,,,,7.52,,,RD244,,,
,07-07-2026,,,,,LU Loading,,,,,,2.83,,,RD244,,,
,07-07-2026,,,,,Waiting,,,,,,0.42,,,RD247,,,
,07-07-2026,,,,,LU Loading,,,,,,1.9,,,RD247,,,
,07-07-2026,,,,,Waiting,,,,,,0.3,,,RD248,,,
,07-07-2026,,,,,LU Loading,,,,,,0.13,,,RD248,,,
,07-07-2026,,,,,LU Loading,,,,,,2.42,,,RD248,,,
,07-07-2026,,,,,LU Loading,,,,,,2.15,,,RD249,,,
,07-07-2026,,,,,Waiting,,,,,,12.32,,,RD248,,,
,07-07-2026,,,,,LU Loading,,,,,,2.1,,,RD248,,,
,07-07-2026,,,,,Waiting,,,,,,8.2,,,RD244,,,
,07-07-2026,,,,,LU Loading,,,,,,2.35,,,RD244,,,
,07-07-2026,,,,,Waiting,,,,,,0.62,,,RD247,,,
,07-07-2026,,,,,LU Loading,,,,,,2.15,,,RD247,,,
,07-07-2026,,,,,Waiting,,,,,,0.35,,,RD249,,,
,07-07-2026,,,,,LU Loading,,,,,,1.82,,,RD249,,,
,07-07-2026,,,,,Waiting,,,,,,0.32,,,RD248,,,
,07-07-2026,,,,,LU Loading,,,,,,2.15,,,RD248,,,
,07-07-2026,,,,,Waiting,,,,,,10.67,,,RD244,,,
,07-07-2026,,,,,LU Loading,,,,,,2.93,,,RD244,,,
,07-07-2026,,,,,Waiting,,,,,,0.25,,,RD248,,,
,07-07-2026,,,,,Spotting,,,,,,1.2,,,RD248,,,
,07-07-2026,,,,,LU Loading,,,,,,2.17,,,RD248,,,
,07-07-2026,,,,,Waiting,,,,,,0.58,,,RD247,,,
,07-07-2026,,,,,Spotting,,,,,,0.75,,,RD247,,,
,07-07-2026,,,,,LU Loading,,,,,,2.53,,,RD247,,,
,07-07-2026,,,,,Waiting,,,,,,0.27,,,RD249,,,
,07-07-2026,,,,,Spotting,,,,,,0.27,,,RD249,,,
,07-07-2026,,,,,LU Loading,,,,,,2.43,,,RD249,,,
,07-07-2026,,,,,Waiting,,,,,,9.3,,,RD248,,,
,07-07-2026,,,,,LU Loading,,,,,,2.68,,,RD248,,,
,07-07-2026,,,,,Waiting,,,,,,2.48,,,RD247,,,
,07-07-2026,,,,,Spotting,,,,,,0.2,,,RD247,,,
,07-07-2026,,,,,LU Loading,,,,,,2.73,,,RD247,,,
,07-07-2026,,,,,Waiting,,,,,,7.33,,,RD249,,,
,07-07-2026,,,,,LU Loading,,,,,,3.25,,,RD249,,,
,07-07-2026,,,,,Waiting,,,,,,3.43,,,RD248,,,
,07-07-2026,,,,,LU Loading,,,,,,2.97,,,RD248,,,
,07-07-2026,,,,,Waiting,,,,,,5.57,,,RD247,,,
,07-07-2026,,,,,Spotting,,,,,,1.1,,,RD247,,,
,07-07-2026,,,,,LU Loading,,,,,,2.82,,,RD247,,,
,07-07-2026,,,,,Waiting,,,,,,12.45,,,RD237,,,
,07-07-2026,,,,,Shift Change,,,,,,26.42,,,RD237,,,
,07-07-2026,,,,,Shift Change,,,,,,23.58,,,RD237,,,
,07-07-2026,,,,,Daily Service,,,,,,15.98,,,RD237,,,
,07-07-2026,,,,,Waiting,,,,,,0.78,,,RD237,,,
,07-07-2026,,,,,LU Loading,,,,,,3.1,,,RD237,,,
,07-07-2026,,,,,LU Loading,,,,,,3.05,,,RD241,,,
,07-07-2026,,,,,Waiting,,,,,,9.18,,,RD238,,,
,07-07-2026,,,,,Face Prep,,,,,,4.58,,,RD238,,,
,07-07-2026,,,,,LU Loading,,,,,,3.62,,,RD238,,,
,07-07-2026,,,,,Waiting,,,,,,1.65,,,RD227,,,
,07-07-2026,,,,,LU Loading,,,,,,3.05,,,RD227,,,
,07-07-2026,,,,,LU Loading,,,,,,3.45,,,RD252,,,
,07-07-2026,,,,,Waiting,,,,,,0.27,,,RD237,,,
,07-07-2026,,,,,Spotting,,,,,,0.17,,,RD237,,,
,07-07-2026,,,,,LU Loading,,,,,,4.38,,,RD237,,,
,07-07-2026,,,,,Waiting,,,,,,1.57,,,RD241,,,
,07-07-2026,,,,,LU Loading,,,,,,3.42,,,RD241,,,
,07-07-2026,,,,,Waiting,,,,,,5.48,,,RD227,,,
,07-07-2026,,,,,LU Loading,,,,,,3.6,,,RD227,,,
,07-07-2026,,,,,LU Loading,,,,,,4.08,,,RD252,,,
,07-07-2026,,,,,Waiting,,,,,,8.5,,,RD237,,,
,07-07-2026,,,,,Spotting,,,,,,0.37,,,RD237,,,
,07-07-2026,,,,,LU Loading,,,,,,9,,,RD237,,,
,07-07-2026,,,,,Waiting,,,,,,1.05,,,RD238,,,
,07-07-2026,,,,,LU Loading,,,,,,3.43,,,RD238,,,
,07-07-2026,,,,,Waiting,,,,,,0.08,,,RD241,,,
,07-07-2026,,,,,LU Loading,,,,,,2.95,,,RD241,,,
,08-07-2026,,,,,Spotting,,,,,,0.4,,,RD252,,,
,08-07-2026,,,,,LU Loading,,,,,,2.65,,,RD252,,,
,08-07-2026,,,,,Waiting,,,,,,14.48,,,RD237,,,
,08-07-2026,,,,,Spotting,,,,,,2.22,,,RD237,,,
,08-07-2026,,,,,LU Loading,,,,,,6.87,,,RD237,,,
,08-07-2026,,,,,Waiting,,,,,,0.48,,,RD227,,,
,08-07-2026,,,,,Spotting,,,,,,1.07,,,RD227,,,
,08-07-2026,,,,,LU Loading,,,,,,5.35,,,RD227,,,
,08-07-2026,,,,,Waiting,,,,,,0.82,,,RD238,,,
,08-07-2026,,,,,LU Loading,,,,,,3.85,,,RD238,,,
,08-07-2026,,,,,Waiting,,,,,,0.1,,,RD241,,,
,08-07-2026,,,,,Spotting,,,,,,1.42,,,RD241,,,
,08-07-2026,,,,,LU Loading,,,,,,2.98,,,RD241,,,
,08-07-2026,,,,,Spotting,,,,,,0.35,,,RD252,,,
,08-07-2026,,,,,LU Loading,,,,,,3.83,,,RD252,,,
,08-07-2026,,,,,Waiting,,,,,,7.93,,,RD237,,,
,08-07-2026,,,,,LU Loading,,,,,,27.67,,,RD237,,,
,08-07-2026,,,,,Waiting,,,,,,14.92,,,RD227,,,
,08-07-2026,,,,,LU Loading,,,,,,0.38,,,RD227,,,
,08-07-2026,,,,,Waiting,,,,,,11.83,,,RD241,,,
,08-07-2026,,,,,Tea/ Breakfast / Snacks,,,,,,67.75,,,RD241,,,
,08-07-2026,,,,,LU Loading,,,,,,4.6,,,RD241,,,
,08-07-2026,,,,,Waiting,,,,,,1.18,,,RD238,,,
,08-07-2026,,,,,LU Loading,,,,,,3.37,,,RD238,,,
,08-07-2026,,,,,Waiting,,,,,,2.37,,,RD237,,,
,08-07-2026,,,,,LU Loading,,,,,,3.48,,,RD237,,,
,08-07-2026,,,,,Waiting,,,,,,5.7,,,RD252,,,
,08-07-2026,,,,,Spotting,,,,,,0.02,,,RD252,,,
,08-07-2026,,,,,LU Loading,,,,,,4.22,,,RD252,,,
,08-07-2026,,,,,Waiting,,,,,,7.32,,,RD241,,,
,08-07-2026,,,,,Spotting,,,,,,0.15,,,RD241,,,
,08-07-2026,,,,,LU Loading,,,,,,3.82,,,RD241,,,
,08-07-2026,,,,,Waiting,,,,,,1.98,,,RD238,,,
,08-07-2026,,,,,LU Loading,,,,,,3.65,,,RD238,,,
,08-07-2026,,,,,Waiting,,,,,,3,,,RD237,,,
,08-07-2026,,,,,Spotting,,,,,,0.13,,,RD237,,,
,08-07-2026,,,,,LU Loading,,,,,,4.12,,,RD237,,,
,08-07-2026,,,,,Waiting,,,,,,0.48,,,RD227,,,
,08-07-2026,,,,,Spotting,,,,,,0.45,,,RD227,,,
,08-07-2026,,,,,LU Loading,,,,,,3.8,,,RD227,,,
,08-07-2026,,,,,Waiting,,,,,,1.8,,,RD252,,,
,08-07-2026,,,,,LU Loading,,,,,,3.35,,,RD252,,,
,08-07-2026,,,,,Waiting,,,,,,14.03,,,RD241,,,
,08-07-2026,,,,,Spotting,,,,,,0.8,,,RD241,,,
,08-07-2026,,,,,LU Loading,,,,,,4.77,,,RD241,,,
,08-07-2026,,,,,Waiting,,,,,,10.52,,,RD238,,,
,08-07-2026,,,,,LU Loading,,,,,,4.47,,,RD238,,,
,08-07-2026,,,,,Waiting,,,,,,1.67,,,RD237,,,
,08-07-2026,,,,,LU Loading,,,,,,6.03,,,RD237,,,
,08-07-2026,,,,,Waiting,,,,,,1.82,,,RD227,,,
,08-07-2026,,,,,Spotting,,,,,,0.22,,,RD227,,,
,08-07-2026,,,,,LU Loading,,,,,,5.53,,,RD227,,,
,08-07-2026,,,,,Waiting,,,,,,1.33,,,RD252,,,
,08-07-2026,,,,,LU Loading,,,,,,4.65,,,RD252,,,
,08-07-2026,,,,,Waiting,,,,,,3.93,,,RD238,,,
,08-07-2026,,,,,LU Loading,,,,,,1.82,,,RD238,,,
,08-07-2026,,,,,Waiting,,,,,,3.48,,,RD241,,,
,08-07-2026,,,,,LU Loading,,,,,,4.4,,,RD241,,,
,08-07-2026,,,,,Waiting,,,,,,2.68,,,RD227,,,
,08-07-2026,,,,,LU Loading,,,,,,3.67,,,RD227,,,
,08-07-2026,,,,,Waiting,,,,,,1.12,,,RD252,,,
,08-07-2026,,,,,LU Loading,,,,,,3.87,,,RD252,,,
,08-07-2026,,,,,Waiting,,,,,,5.65,,,RD238,,,
,08-07-2026,,,,,LU Loading,,,,,,1.37,,,RD238,,,
,08-07-2026,,,,,Waiting,,,,,,12.38,,,RD235,,,
,08-07-2026,,,,,Shift Change,,,,,,23.08,,,RD235,,,
,08-07-2026,,,,,,,,,,,,,,,,,
,Timestamp,,,,,Status Code,,Sub-Status Code,,,,"Duration
(min)",,,Hauling Unit,,,
,08-07-2026,,,,,Shift Change,,,,,,33.92,,,RD235,,,
,08-07-2026,,,,,Waiting,,,,,,11.03,,,RD235,,,
,08-07-2026,,,,,Spotting,,,,,,1.03,,,RD235,,,
,08-07-2026,,,,,LU Loading,,,,,,6.97,,,RD235,,,
,08-07-2026,,,,,Waiting,,,,,,0.1,,,RD241,,,
,08-07-2026,,,,,LU Loading,,,,,,4.47,,,RD241,,,
,08-07-2026,,,,,Waiting,,,,,,0.68,,,RD242,,,
,08-07-2026,,,,,LU Loading,,,,,,2.35,,,RD242,,,
,08-07-2026,,,,,Waiting,,,,,,11.3,,,RD235,,,
,08-07-2026,,,,,LU Loading,,,,,,4.07,,,RD235,,,
,08-07-2026,,,,,Waiting,,,,,,10.65,,,RD241,,,
,08-07-2026,,,,,LU Loading,,,,,,3.93,,,RD241,,,
,08-07-2026,,,,,Waiting,,,,,,0.3,,,RD242,,,
,08-07-2026,,,,,LU Loading,,,,,,3.58,,,RD242,,,
,08-07-2026,,,,,Waiting,,,,,,1.32,,,RD235,,,
,08-07-2026,,,,,Spotting,,,,,,0.25,,,RD235,,,
,08-07-2026,,,,,LU Loading,,,,,,2.63,,,RD235,,,
,08-07-2026,,,,,Waiting,,,,,,12.27,,,RD241,,,
,08-07-2026,,,,,LU Loading,,,,,,2.2,,,RD241,,,
,08-07-2026,,,,,Waiting,,,,,,3.3,,,RD242,,,
,08-07-2026,,,,,Spotting,,,,,,0.65,,,RD242,,,
,08-07-2026,,,,,LU Loading,,,,,,3.22,,,RD242,,,
,08-07-2026,,,,,Waiting,,,,,,0.37,,,RD235,,,
,08-07-2026,,,,,LU Loading,,,,,,2.87,,,RD235,,,
,08-07-2026,,,,,Waiting,,,,,,8.65,,,RD241,,,
,08-07-2026,,,,,Spotting,,,,,,1.07,,,RD241,,,
,08-07-2026,,,,,LU Loading,,,,,,2.82,,,RD241,,,
,08-07-2026,,,,,Waiting,,,,,,5.07,,,RD242,,,
,08-07-2026,,,,,LU Loading,,,,,,2.4,,,RD242,,,
,08-07-2026,,,,,Waiting,,,,,,0.52,,,RD235,,,
,08-07-2026,,,,,Spotting,,,,,,0.18,,,RD235,,,
,08-07-2026,,,,,LU Loading,,,,,,2.82,,,RD235,,,
,08-07-2026,,,,,Waiting,,,,,,8.45,,,RD241,,,
,08-07-2026,,,,,Tea/ Breakfast / Snacks,,,,,,57.28,,,RD241,,,
,08-07-2026,,,,,Waiting,,,,,,0.82,,,RD241,,,
,08-07-2026,,,,,LU Loading,,,,,,2.92,,,RD241,,,
,08-07-2026,,,,,Waiting,,,,,,0.7,,,RD251,,,
,08-07-2026,,,,,LU Loading,,,,,,2.52,,,RD251,,,
,08-07-2026,,,,,Waiting,,,,,,3.25,,,RD235,,,
,08-07-2026,,,,,Spotting,,,,,,0.32,,,RD235,,,
,08-07-2026,,,,,LU Loading,,,,,,2.23,,,RD235,,,
,08-07-2026,,,,,Waiting,,,,,,8.17,,,RD241,,,
,08-07-2026,,,,,LU Loading,,,,,,3.1,,,RD241,,,
,08-07-2026,,,,,Waiting,,,,,,3.95,,,RD251,,,
,08-07-2026,,,,,LU Loading,,,,,,0.57,,,RD251,,,
,08-07-2026,,,,,Waiting,,,,,,1.57,,,RD251,,,
,08-07-2026,,,,,LU Loading,,,,,,1.57,,,RD251,,,
,08-07-2026,,,,,Waiting,,,,,,0.1,,,RD235,,,
,08-07-2026,,,,,LU Loading,,,,,,2.68,,,RD235,,,
,08-07-2026,,,,,Waiting,,,,,,0.47,,,RD242,,,
,08-07-2026,,,,,LU Loading,,,,,,2.02,,,RD242,,,
,08-07-2026,,,,,Waiting,,,,,,5.8,,,RD241,,,
,08-07-2026,,,,,LU Loading,,,,,,2.4,,,RD241,,,
,08-07-2026,,,,,Waiting,,,,,,8.45,,,RD251,,,
,08-07-2026,,,,,LU Loading,,,,,,2.92,,,RD251,,,
,08-07-2026,,,,,LU Loading,,,,,,3.42,,,RD235,,,
,08-07-2026,,,,,Waiting,,,,,,0.73,,,RD242,,,
,08-07-2026,,,,,LU Loading,,,,,,2.57,,,RD242,,,
,08-07-2026,,,,,Waiting,,,,,,1.33,,,RD241,,,
,08-07-2026,,,,,Spotting,,,,,,0.63,,,RD241,,,
,08-07-2026,,,,,LU Loading,,,,,,2.37,,,RD241,,,
,08-07-2026,,,,,Waiting,,,,,,9.63,,,RD251,,,
,08-07-2026,,,,,LU Loading,,,,,,3.27,,,RD251,,,
,08-07-2026,,,,,Waiting,,,,,,0.88,,,RD235,,,
,08-07-2026,,,,,Fuel Filling,,,,,,13.93,,,RD235,,,
,08-07-2026,,,,,LU Loading,,,,,,2.63,,,RD235,,,
,08-07-2026,,,,,Waiting,,,,,,1.22,,,RD242,,,
,08-07-2026,,,,,LU Loading,,,,,,1.98,,,RD242,,,
,08-07-2026,,,,,Waiting,,,,,,1,,,RD241,,,
,08-07-2026,,,,,LU Loading,,,,,,2.28,,,RD241,,,
,08-07-2026,,,,,Waiting,,,,,,0.25,,,RD251,,,
,08-07-2026,,,,,LU Loading,,,,,,2.8,,,RD251,,,
,08-07-2026,,,,,Waiting,,,,,,9.65,,,RD235,,,
,08-07-2026,,,,,LU Loading,,,,,,2.53,,,RD235,,,
,08-07-2026,,,,,Waiting,,,,,,0.65,,,RD242,,,
,08-07-2026,,,,,LU Loading,,,,,,2.32,,,RD242,,,
,08-07-2026,,,,,Waiting,,,,,,0.6,,,RD241,,,
,08-07-2026,,,,,LU Loading,,,,,,2.48,,,RD241,,,
,08-07-2026,,,,,Waiting,,,,,,4.05,,,RD251,,,
,08-07-2026,,,,,LU Loading,,,,,,2.55,,,RD251,,,
,08-07-2026,,,,,Waiting,,,,,,6.35,,,RD235,,,
,08-07-2026,,,,,LU Loading,,,,,,2.32,,,RD235,,,
,08-07-2026,,,,,Waiting,,,,,,1.63,,,RD242,,,
,08-07-2026,,,,,LU Loading,,,,,,2.03,,,RD242,,,
,08-07-2026,,,,,Waiting,,,,,,0.53,,,RD241,,,
,08-07-2026,,,,,LU Loading,,,,,,2.17,,,RD241,,,
,08-07-2026,,,,,Waiting,,,,,,8.88,,,RD251,,,
,08-07-2026,,,,,LU Loading,,,,,,2.3,,,RD251,,,
,08-07-2026,,,,,Waiting,,,,,,0.53,,,RD235,,,
,08-07-2026,,,,,LU Loading,,,,,,2.27,,,RD235,,,
,08-07-2026,,,,,Waiting,,,,,,1.98,,,RD242,,,
,08-07-2026,,,,,LU Loading,,,,,,2.17,,,RD242,,,
,08-07-2026,,,,,Waiting,,,,,,4.62,,,RD241,,,
,08-07-2026,,,,,LU Loading,,,,,,2.25,,,RD241,,,
,08-07-2026,,,,,Waiting,,,,,,4.5,,,RD251,,,
,08-07-2026,,,,,Spotting,,,,,,0.27,,,RD251,,,
,08-07-2026,,,,,LU Loading,,,,,,0.78,,,RD251,,,
,08-07-2026,,,,,Waiting,,,,,,6.55,,,RD235,,,
,08-07-2026,,,,,LU Loading,,,,,,2.23,,,RD235,,,
,08-07-2026,,,,,Waiting,,,,,,0.73,,,RD242,,,
,08-07-2026,,,,,LU Loading,,,,,,2.23,,,RD242,,,
,08-07-2026,,,,,Waiting,,,,,,0.73,,,RD241,,,
,08-07-2026,,,,,LU Loading,,,,,,2.38,,,RD241,,,
,08-07-2026,,,,,Waiting,,,,,,6.1,,,RD251,,,
,08-07-2026,,,,,Spotting,,,,,,0.33,,,RD251,,,
,08-07-2026,,,,,LU Loading,,,,,,2.58,,,RD251,,,
,08-07-2026,,,,,Waiting,,,,,,1.02,,,RD235,,,
,08-07-2026,,,,,LU Loading,,,,,,2.57,,,RD235,,,
,08-07-2026,,,,,Waiting,,,,,,1.43,,,RD242,,,
,08-07-2026,,,,,LU Loading,,,,,,2.28,,,RD242,,,
,08-07-2026,,,,,Waiting,,,,,,3.07,,,RD241,,,
,08-07-2026,,,,,LU Loading,,,,,,2.63,,,RD241,,,
,08-07-2026,,,,,Waiting,,,,,,7.68,,,RD235,,,
,08-07-2026,,,,,LU Loading,,,,,,2.05,,,RD235,,,
,08-07-2026,,,,,Waiting,,,,,,0.43,,,RD251,,,
,08-07-2026,,,,,LU Loading,,,,,,2.2,,,RD251,,,
,08-07-2026,,,,,Waiting,,,,,,17.73,,,RD241,,,
,08-07-2026,,,,,Shift Change,,,,,,22.47,,,RD241,,,
,08-07-2026,,,,,Shift Change,,,,,,66.27,,,RD241,,,
,08-07-2026,,,,,Waiting,,,,,,10.2,,,RD241,,,
,08-07-2026,,,,,LU Loading,,,,,,3.3,,,RD241,,,
,08-07-2026,,,,,Waiting,,,,,,4.47,,,RD245,,,
,08-07-2026,,,,,LU Loading,,,,,,3.1,,,RD245,,,
,08-07-2026,,,,,Waiting,,,,,,1.15,,,RD243,,,
,08-07-2026,,,,,LU Loading,,,,,,2.72,,,RD243,,,
,08-07-2026,,,,,Waiting,,,,,,10.63,,,RD250,,,
,08-07-2026,,,,,LU Loading,,,,,,2.88,,,RD250,,,
,08-07-2026,,,,,Waiting,,,,,,0.83,,,RD241,,,
,08-07-2026,,,,,LU Loading,,,,,,2.78,,,RD241,,,
,08-07-2026,,,,,Waiting,,,,,,3.03,,,RD245,,,
,08-07-2026,,,,,LU Loading,,,,,,2.85,,,RD245,,,
,08-07-2026,,,,,Waiting,,,,,,2.95,,,RD250,,,
,08-07-2026,,,,,LU Loading,,,,,,5.9,,,RD250,,,
,08-07-2026,,,,,Waiting,,,,,,1.47,,,RD241,,,
,08-07-2026,,,,,LU Loading,,,,,,4.05,,,RD241,,,
,08-07-2026,,,,,Waiting,,,,,,6.32,,,RD243,,,
,08-07-2026,,,,,Spotting,,,,,,0.12,,,RD243,,,
,08-07-2026,,,,,LU Loading,,,,,,4.57,,,RD243,,,
,08-07-2026,,,,,Waiting,,,,,,8.28,,,RD245,,,
,08-07-2026,,,,,LU Loading,,,,,,6.55,,,RD245,,,
,08-07-2026,,,,,Waiting,,,,,,1.07,,,RD250,,,
,08-07-2026,,,,,LU Loading,,,,,,3.85,,,RD250,,,
,08-07-2026,,,,,Waiting,,,,,,5.02,,,RD243,,,
,08-07-2026,,,,,Spotting,,,,,,0.45,,,RD243,,,
,08-07-2026,,,,,LU Loading,,,,,,3.47,,,RD243,,,
,08-07-2026,,,,,Waiting,,,,,,2.53,,,RD245,,,
,08-07-2026,,,,,Spotting,,,,,,0.12,,,RD245,,,
,08-07-2026,,,,,LU Loading,,,,,,3.67,,,RD245,,,
,08-07-2026,,,,,Waiting,,,,,,2.05,,,RD250,,,
,08-07-2026,,,,,LU Loading,,,,,,3.43,,,RD250,,,
,08-07-2026,,,,,Waiting,,,,,,6.9,,,RD243,,,
,08-07-2026,,,,,LU Loading,,,,,,4.7,,,RD243,,,
,08-07-2026,,,,,Waiting,,,,,,1.45,,,RD245,,,
,08-07-2026,,,,,Spotting,,,,,,0.12,,,RD245,,,
,08-07-2026,,,,,LU Loading,,,,,,3.97,,,RD245,,,
,08-07-2026,,,,,Waiting,,,,,,1.98,,,RD250,,,
,08-07-2026,,,,,Spotting,,,,,,3.12,,,RD250,,,
,08-07-2026,,,,,LU Loading,,,,,,16.37,,,RD250,,,
,08-07-2026,,,,,Waiting,,,,,,0.78,,,RD241,,,
,08-07-2026,,,,,Spotting,,,,,,0.42,,,RD241,,,
,08-07-2026,,,,,LU Loading,,,,,,5.47,,,RD241,,,
,08-07-2026,,,,,Waiting,,,,,,22.47,,,RD250,,,
,08-07-2026,,,,,Daily Service,,,,,,61.55,,,RD250,,,
,08-07-2026,,,,,Spotting,,,,,,0.08,,,RD250,,,
,08-07-2026,,,,,LU Loading,,,,,,2.47,,,RD250,,,
,08-07-2026,,,,,Waiting,,,,,,7.43,,,RD241,,,
,08-07-2026,,,,,LU Loading,,,,,,3.28,,,RD241,,,
,08-07-2026,,,,,Waiting,,,,,,15.65,,,RD241,,,
,08-07-2026,,,,,LU Loading,,,,,,4.02,,,RD241,,,
,08-07-2026,,,,,Waiting,,,,,,1.97,,,RD245,,,
,08-07-2026,,,,,LU Loading,,,,,,3.82,,,RD245,,,
,08-07-2026,,,,,Waiting,,,,,,2.82,,,RD243,,,
,08-07-2026,,,,,LU Loading,,,,,,0.07,,,RD243,,,
,08-07-2026,,,,,Waiting,,,,,,8.03,,,RD243,,,
,08-07-2026,,,,,LU Loading,,,,,,0.1,,,RD243,,,
,08-07-2026,,,,,Waiting,,,,,,1.43,,,RD241,,,
,08-07-2026,,,,,LU Loading,,,,,,3.7,,,RD241,,,
,08-07-2026,,,,,Waiting,,,,,,5.23,,,RD245,,,
,08-07-2026,,,,,Spotting,,,,,,0.18,,,RD245,,,
,08-07-2026,,,,,LU Loading,,,,,,3.25,,,RD245,,,
,08-07-2026,,,,,Waiting,,,,,,2.9,,,RD243,,,
,08-07-2026,,,,,Spotting,,,,,,0.88,,,RD243,,,
,08-07-2026,,,,,LU Loading,,,,,,2.23,,,RD243,,,
,08-07-2026,,,,,Waiting,,,,,,0.78,,,RD241,,,
,08-07-2026,,,,,LU Loading,,,,,,2.97,,,RD241,,,
,08-07-2026,,,,,Waiting,,,,,,9.62,,,RD245,,,
,08-07-2026,,,,,Spotting,,,,,,0.35,,,RD245,,,
,08-07-2026,,,,,LU Loading,,,,,,3.38,,,RD245,,,
,08-07-2026,,,,,Waiting,,,,,,0.93,,,RD243,,,
,08-07-2026,,,,,Spotting,,,,,,0.45,,,RD243,,,
,08-07-2026,,,,,LU Loading,,,,,,2.9,,,RD243,,,
,08-07-2026,,,,,Waiting,,,,,,0.55,,,RD241,,,
,08-07-2026,,,,,Spotting,,,,,,0.35,,,RD241,,,
,08-07-2026,,,,,LU Loading,,,,,,2.85,,,RD241,,,
,08-07-2026,,,,,Waiting,,,,,,9.73,,,RD245,,,
,08-07-2026,,,,,LU Loading,,,,,,3.55,,,RD245,,,
,08-07-2026,,,,,Waiting,,,,,,0.52,,,RD243,,,
,08-07-2026,,,,,LU Loading,,,,,,3.12,,,RD243,,,
,08-07-2026,,,,,Waiting,,,,,,0.37,,,RD241,,,
,08-07-2026,,,,,Spotting,,,,,,0.33,,,RD241,,,
,08-07-2026,,,,,LU Loading,,,,,,2.37,,,RD241,,,
,08-07-2026,,,,,Waiting,,,,,,12.47,,,RD243,,,
,08-07-2026,,,,,LU Loading,,,,,,3.22,,,RD243,,,
,08-07-2026,,,,,Waiting,,,,,,0.63,,,RD241,,,
,08-07-2026,,,,,LU Loading,,,,,,2.28,,,RD241,,,
,08-07-2026,,,,,Waiting,,,,,,12.15,,,RD247,,,
,08-07-2026,,,,,Shift Change,,,,,,25.23,,,RD247,,,
,08-07-2026,,,,,Shift Change,,,,,,48.4,,,RD247,,,
,08-07-2026,,,,,LU Loading,,,,,,3.1,,,RD247,,,
,08-07-2026,,,,,Waiting,,,,,,1.1,,,RD235,,,
,08-07-2026,,,,,LU Loading,,,,,,2.83,,,RD235,,,
,08-07-2026,,,,,Waiting,,,,,,11.65,,,RD253,,,
,08-07-2026,,,,,LU Loading,,,,,,3.22,,,RD253,,,
,08-07-2026,,,,,Waiting,,,,,,15,,,RD231,,,
,08-07-2026,,,,,LU Loading,,,,,,2.77,,,RD231,,,
,08-07-2026,,,,,Waiting,,,,,,0.85,,,RD235,,,
,08-07-2026,,,,,LU Loading,,,,,,2.68,,,RD235,,,
,08-07-2026,,,,,Waiting,,,,,,0.77,,,RD251,,,
,08-07-2026,,,,,LU Loading,,,,,,2.72,,,RD251,,,
,08-07-2026,,,,,Waiting,,,,,,4.42,,,RD253,,,
,08-07-2026,,,,,Spotting,,,,,,0.23,,,RD253,,,
,08-07-2026,,,,,LU Loading,,,,,,3.37,,,RD253,,,
,08-07-2026,,,,,Waiting,,,,,,1.03,,,RD244,,,
,08-07-2026,,,,,LU Loading,,,,,,0.37,,,RD244,,,
,08-07-2026,,,,,Waiting,,,,,,0.18,,,RD244,,,
,08-07-2026,,,,,LU Loading,,,,,,0.07,,,RD244,,,
,08-07-2026,,,,,Waiting,,,,,,7.38,,,RD235,,,
,08-07-2026,,,,,Spotting,,,,,,0.17,,,RD235,,,
,08-07-2026,,,,,LU Loading,,,,,,3.22,,,RD235,,,
,08-07-2026,,,,,Waiting,,,,,,2.13,,,RD247,,,
,08-07-2026,,,,,LU Loading,,,,,,2.48,,,RD247,,,
,09-07-2026,,,,,LU Loading,,,,,,3.62,,,RD244,,,
,09-07-2026,,,,,Waiting,,,,,,0.62,,,RD253,,,
,09-07-2026,,,,,LU Loading,,,,,,3.22,,,RD253,,,
,09-07-2026,,,,,Waiting,,,,,,7.67,,,RD247,,,
,09-07-2026,,,,,LU Loading,,,,,,2.7,,,RD247,,,
,09-07-2026,,,,,Waiting,,,,,,18.13,,,RD235,,,
,09-07-2026,,,,,LU Loading,,,,,,3.33,,,RD235,,,
,09-07-2026,,,,,Waiting,,,,,,1.1,,,RD244,,,
,09-07-2026,,,,,LU Loading,,,,,,2.48,,,RD244,,,
,09-07-2026,,,,,Waiting,,,,,,0.17,,,RD253,,,
,09-07-2026,,,,,Spotting,,,,,,0.33,,,RD253,,,
,09-07-2026,,,,,LU Loading,,,,,,2.32,,,RD253,,,
,09-07-2026,,,,,Waiting,,,,,,0.13,,,RD247,,,
,09-07-2026,,,,,LU Loading,,,,,,3.27,,,RD247,,,
,09-07-2026,,,,,Waiting,,,,,,11.02,,,RD235,,,
,09-07-2026,,,,,Spotting,,,,,,0.17,,,RD235,,,
,09-07-2026,,,,,LU Loading,,,,,,2.87,,,RD235,,,
,09-07-2026,,,,,Waiting,,,,,,0.28,,,RD244,,,
,09-07-2026,,,,,LU Loading,,,,,,2.65,,,RD244,,,
,09-07-2026,,,,,Waiting,,,,,,3.47,,,RD253,,,
,09-07-2026,,,,,Spotting,,,,,,0.72,,,RD253,,,
,09-07-2026,,,,,LU Loading,,,,,,2.7,,,RD253,,,
,09-07-2026,,,,,Waiting,,,,,,12.02,,,RD235,,,
,09-07-2026,,,,,LU Loading,,,,,,2.62,,,RD235,,,
,09-07-2026,,,,,Waiting,,,,,,7.63,,,RD244,,,
,09-07-2026,,,,,LU Loading,,,,,,2.92,,,RD244,,,
,09-07-2026,,,,,Waiting,,,,,,0.45,,,RD253,,,
,09-07-2026,,,,,LU Loading,,,,,,3.08,,,RD253,,,
,09-07-2026,,,,,Waiting,,,,,,19.73,,,RD244,,,
,09-07-2026,,,,,Spotting,,,,,,0.17,,,RD244,,,
,09-07-2026,,,,,LU Loading,,,,,,2.47,,,RD244,,,
,09-07-2026,,,,,Spotting,,,,,,0.42,,,RD253,,,
,09-07-2026,,,,,LU Loading,,,,,,2.32,,,RD253,,,
,09-07-2026,,,,,Waiting,,,,,,0.37,,,RD247,,,
,09-07-2026,,,,,LU Loading,,,,,,2.35,,,RD247,,,
,09-07-2026,,,,,Waiting,,,,,,0.7,,,RD235,,,
,09-07-2026,,,,,LU Loading,,,,,,2.57,,,RD235,,,
,09-07-2026,,,,,Waiting,,,,,,11.42,,,RD247,,,
,09-07-2026,,,,,LU Loading,,,,,,2.82,,,RD247,,,
,09-07-2026,,,,,Waiting,,,,,,0.37,,,RD244,,,
,09-07-2026,,,,,Spotting,,,,,,0.17,,,RD244,,,
,09-07-2026,,,,,LU Loading,,,,,,2.8,,,RD244,,,
,09-07-2026,,,,,Waiting,,,,,,3.45,,,RD235,,,
,09-07-2026,,,,,LU Loading,,,,,,2.73,,,RD235,,,
,09-07-2026,,,,,Waiting,,,,,,4.05,,,RD247,,,
,09-07-2026,,,,,LU Loading,,,,,,3.07,,,RD247,,,
,09-07-2026,,,,,Waiting,,,,,,2.52,,,RD244,,,
,09-07-2026,,,,,LU Loading,,,,,,3.12,,,RD244,,,
,09-07-2026,,,,,Waiting,,,,,,0.32,,,RD253,,,
,09-07-2026,,,,,LU Loading,,,,,,2.77,,,RD253,,,
,09-07-2026,,,,,Waiting,,,,,,6.48,,,RD235,,,
,09-07-2026,,,,,LU Loading,,,,,,3,,,RD235,,,
,09-07-2026,,,,,Waiting,,,,,,0.63,,,RD247,,,
,09-07-2026,,,,,LU Loading,,,,,,2.8,,,RD247,,,
,09-07-2026,,,,,Waiting,,,,,,4.8,,,RD253,,,
,09-07-2026,,,,,LU Loading,,,,,,2.63,,,RD253,,,
,09-07-2026,,,,,Waiting,,,,,,7.8,,,RD247,,,
,09-07-2026,,,,,LU Loading,,,,,,3.22,,,RD247,,,
,09-07-2026,,,,,Waiting,,,,,,0.18,,,RD235,,,
,09-07-2026,,,,,Spotting,,,,,,0.87,,,RD235,,,
,09-07-2026,,,,,LU Loading,,,,,,3.52,,,RD235,,,
,09-07-2026,,,,,Spotting,,,,,,1.02,,,RD253,,,
,09-07-2026,,,,,LU Loading,,,,,,4.57,,,RD253,,,
,09-07-2026,,,,,Waiting,,,,,,9,,,RD247,,,
,09-07-2026,,,,,Spotting,,,,,,0.4,,,RD247,,,
,09-07-2026,,,,,LU Loading,,,,,,3.12,,,RD247,,,
,09-07-2026,,,,,LU Loading,,,,,,3.32,,,RD244,,,
,09-07-2026,,,,,Spotting,,,,,,0.13,,,RD235,,,
,09-07-2026,,,,,LU Loading,,,,,,3.05,,,RD235,,,
,09-07-2026,,,,,Waiting,,,,,,0.4,,,RD253,,,
,09-07-2026,,,,,LU Loading,,,,,,3.35,,,RD253,,,
,09-07-2026,,,,,Waiting,,,,,,4.8,,,RD247,,,
,09-07-2026,,,,,LU Loading,,,,,,3.88,,,RD247,,,
,09-07-2026,,,,,Waiting,,,,,,3.95,,,RD244,,,
,09-07-2026,,,,,LU Loading,,,,,,4.13,,,RD244,,,
,09-07-2026,,,,,Waiting,,,,,,0.73,,,RD253,,,
,09-07-2026,,,,,Spotting,,,,,,0.58,,,RD253,,,
,09-07-2026,,,,,LU Loading,,,,,,2.52,,,RD253,,,
,09-07-2026,,,,,Spotting,,,,,,0.1,,,RD235,,,
,09-07-2026,,,,,LU Loading,,,,,,3.03,,,RD235,,,
,09-07-2026,,,,,Spotting,,,,,,1.13,,,RD247,,,
,09-07-2026,,,,,LU Loading,,,,,,2.57,,,RD247,,,
,09-07-2026,,,,,Waiting,,,,,,7.2,,,RD253,,,
,09-07-2026,,,,,LU Loading,,,,,,3.37,,,RD253,,,
,09-07-2026,,,,,Waiting,,,,,,0.3,,,RD244,,,
,09-07-2026,,,,,Spotting,,,,,,0.67,,,RD244,,,
,09-07-2026,,,,,LU Loading,,,,,,2.4,,,RD244,,,
,09-07-2026,,,,,Waiting,,,,,,2.12,,,RD251,,,
,09-07-2026,,,,,LU Loading,,,,,,3.02,,,RD251,,,
,09-07-2026,,,,,Spotting,,,,,,0.08,,,RD247,,,
,09-07-2026,,,,,LU Loading,,,,,,2.37,,,RD247,,,
,09-07-2026,,,,,Waiting,,,,,,0.38,,,RD231,,,
,09-07-2026,,,,,Spotting,,,,,,0.37,,,RD231,,,
,09-07-2026,,,,,LU Loading,,,,,,2.33,,,RD231,,,
,09-07-2026,,,,,Spotting,,,,,,0.42,,,RD235,,,
,09-07-2026,,,,,LU Loading,,,,,,2.63,,,RD235,,,
,09-07-2026,,,,,Waiting,,,,,,1,,,RD253,,,
,09-07-2026,,,,,LU Loading,,,,,,2.5,,,RD253,,,
,09-07-2026,,,,,Waiting,,,,,,1.88,,,RD251,,,
,09-07-2026,,,,,LU Loading,,,,,,3.52,,,RD251,,,
,09-07-2026,,,,,LU Loading,,,,,,2.52,,,RD247,,,
,09-07-2026,,,,,Waiting,,,,,,1.38,,,RD244,,,
,09-07-2026,,,,,Spotting,,,,,,0.22,,,RD244,,,
,09-07-2026,,,,,LU Loading,,,,,,2.8,,,RD244,,,
,09-07-2026,,,,,Waiting,,,,,,3.08,,,RD235,,,
,09-07-2026,,,,,LU Loading,,,,,,2.35,,,RD235,,,
,09-07-2026,,,,,Waiting,,,,,,3,,,RD247,,,
,09-07-2026,,,,,LU Loading,,,,,,2.68,,,RD247,,,
,09-07-2026,,,,,Waiting,,,,,,8.05,,,RD236,,,
,09-07-2026,,,,,Shift Change,,,,,,33.18,,,RD236,,,
,09-07-2026,,,,,,,,,,,,,,,,,
,Timestamp,,,,,Status Code,,Sub-Status Code,,,,"Duration
(min)",,,Hauling Unit,,,
,09-07-2026,,,,,Shift Change,,,,,,29.95,,,RD236,,,
,09-07-2026,,,,,Waiting,,,,,,2.77,,,RD236,,,
,09-07-2026,,,,,LU Loading,,,,,,2.17,,,RD236,,,
,09-07-2026,,,,,Waiting,,,,,,0.25,,,RD248,,,
,09-07-2026,,,,,LU Loading,,,,,,2.45,,,RD248,,,
,09-07-2026,,,,,Spotting,,,,,,0.72,,,RD253,,,
,09-07-2026,,,,,LU Loading,,,,,,3.07,,,RD253,,,
,09-07-2026,,,,,Spotting,,,,,,0.17,,,RD247,,,
,09-07-2026,,,,,LU Loading,,,,,,2.45,,,RD247,,,
,09-07-2026,,,,,Spotting,,,,,,0.35,,,RD245,,,
,09-07-2026,,,,,LU Loading,,,,,,2.98,,,RD245,,,
,09-07-2026,,,,,Waiting,,,,,,2,,,RD248,,,
,09-07-2026,,,,,LU Loading,,,,,,3.6,,,RD248,,,
,09-07-2026,,,,,Waiting,,,,,,0.2,,,RD236,,,
,09-07-2026,,,,,Spotting,,,,,,0.22,,,RD236,,,
,09-07-2026,,,,,LU Loading,,,,,,2.23,,,RD236,,,
,09-07-2026,,,,,Waiting,,,,,,1.78,,,RD253,,,
,09-07-2026,,,,,LU Loading,,,,,,4.18,,,RD253,,,
,09-07-2026,,,,,Waiting,,,,,,0.2,,,RD247,,,
,09-07-2026,,,,,LU Loading,,,,,,2.67,,,RD247,,,
,09-07-2026,,,,,Waiting,,,,,,0.08,,,RD245,,,
,09-07-2026,,,,,Spotting,,,,,,0.15,,,RD245,,,
,09-07-2026,,,,,LU Loading,,,,,,3.2,,,RD245,,,
,09-07-2026,,,,,Waiting,,,,,,0.2,,,RD248,,,
,09-07-2026,,,,,LU Loading,,,,,,2.35,,,RD248,,,
,09-07-2026,,,,,Waiting,,,,,,0.4,,,RD236,,,
,09-07-2026,,,,,LU Loading,,,,,,2.9,,,RD236,,,
,09-07-2026,,,,,Waiting,,,,,,1.2,,,RD253,,,
,09-07-2026,,,,,Spotting,,,,,,0.22,,,RD253,,,
,09-07-2026,,,,,LU Loading,,,,,,4.88,,,RD253,,,
,09-07-2026,,,,,LU Loading,,,,,,3.63,,,RD247,,,
,09-07-2026,,,,,Waiting,,,,,,0.17,,,RD245,,,
,09-07-2026,,,,,Spotting,,,,,,0.9,,,RD245,,,
,09-07-2026,,,,,LU Loading,,,,,,3.23,,,RD245,,,
,09-07-2026,,,,,Spotting,,,,,,0.18,,,RD248,,,
,09-07-2026,,,,,LU Loading,,,,,,3.48,,,RD248,,,
,09-07-2026,,,,,Waiting,,,,,,0.08,,,RD236,,,
,09-07-2026,,,,,Spotting,,,,,,0.35,,,RD236,,,
,09-07-2026,,,,,LU Loading,,,,,,3.32,,,RD236,,,
,09-07-2026,,,,,LU Loading,,,,,,7.42,,,RD253,,,
,09-07-2026,,,,,Spotting,,,,,,0.33,,,RD247,,,
,09-07-2026,,,,,LU Loading,,,,,,2.63,,,RD247,,,
,09-07-2026,,,,,Spotting,,,,,,0.47,,,RD245,,,
,09-07-2026,,,,,LU Loading,,,,,,3.78,,,RD245,,,
,09-07-2026,,,,,Waiting,,,,,,0.55,,,RD248,,,
,09-07-2026,,,,,LU Loading,,,,,,3.2,,,RD248,,,
,09-07-2026,,,,,Spotting,,,,,,0.33,,,RD236,,,
,09-07-2026,,,,,LU Loading,,,,,,3.48,,,RD236,,,
,09-07-2026,,,,,Spotting,,,,,,0.62,,,RD253,,,
,09-07-2026,,,,,LU Loading,,,,,,3.77,,,RD253,,,
,09-07-2026,,,,,Spotting,,,,,,0.22,,,RD247,,,
,09-07-2026,,,,,LU Loading,,,,,,3.28,,,RD247,,,
,09-07-2026,,,,,Spotting,,,,,,0.27,,,RD245,,,
,09-07-2026,,,,,LU Loading,,,,,,3.17,,,RD245,,,
,09-07-2026,,,,,Waiting,,,,,,0.18,,,RD248,,,
,09-07-2026,,,,,LU Loading,,,,,,3.5,,,RD248,,,
,09-07-2026,,,,,Waiting,,,,,,0.88,,,RD236,,,
,09-07-2026,,,,,Spotting,,,,,,0.22,,,RD236,,,
,09-07-2026,,,,,LU Loading,,,,,,3.12,,,RD236,,,
,09-07-2026,,,,,Spotting,,,,,,0.53,,,RD253,,,
,09-07-2026,,,,,LU Loading,,,,,,3.15,,,RD253,,,
,09-07-2026,,,,,Spotting,,,,,,0.23,,,RD247,,,
,09-07-2026,,,,,LU Loading,,,,,,2.78,,,RD247,,,
,09-07-2026,,,,,Spotting,,,,,,0.13,,,RD245,,,
,09-07-2026,,,,,LU Loading,,,,,,2.75,,,RD245,,,
,09-07-2026,,,,,Spotting,,,,,,0.37,,,RD248,,,
,09-07-2026,,,,,LU Loading,,,,,,2.95,,,RD248,,,
,09-07-2026,,,,,Waiting,,,,,,33.82,,,RD247,,,
,09-07-2026,,,,,Daily Service,,,,,,17.35,,,RD247,,,
,09-07-2026,,,,,Released from Maintanence,,,,,,16.15,,,RD247,,,
,09-07-2026,,,,,Waiting,,,,,,5.65,,,RD247,,,
,09-07-2026,,,,,LU Loading,,,,,,4.42,,,RD247,,,
,09-07-2026,,,,,Spotting,,,,,,0.1,,,RD248,,,
,09-07-2026,,,,,LU Loading,,,,,,4.08,,,RD248,,,
,09-07-2026,,,,,LU Loading,,,,,,3.12,,,RD236,,,
,09-07-2026,,,,,Spotting,,,,,,0.33,,,RD253,,,
,09-07-2026,,,,,LU Loading,,,,,,2.75,,,RD253,,,
,09-07-2026,,,,,Waiting,,,,,,3.78,,,RD247,,,
,09-07-2026,,,,,Fuel Filling,,,,,,12.13,,,RD247,,,
,09-07-2026,,,,,LU Loading,,,,,,3.65,,,RD247,,,
,09-07-2026,,,,,Waiting,,,,,,2.38,,,RD236,,,
,09-07-2026,,,,,LU Loading,,,,,,2.55,,,RD236,,,
,09-07-2026,,,,,Waiting,,,,,,0.25,,,RD253,,,
,09-07-2026,,,,,LU Loading,,,,,,3.28,,,RD253,,,
,09-07-2026,,,,,Waiting,,,,,,5.18,,,RD247,,,
,09-07-2026,,,,,LU Loading,,,,,,3.85,,,RD247,,,
,09-07-2026,,,,,LU Loading,,,,,,3.43,,,RD248,,,
,09-07-2026,,,,,Spotting,,,,,,0.63,,,RD236,,,
,09-07-2026,,,,,LU Loading,,,,,,2.38,,,RD236,,,
,09-07-2026,,,,,Spotting,,,,,,0.1,,,RD253,,,
,09-07-2026,,,,,LU Loading,,,,,,3.28,,,RD253,,,
,09-07-2026,,,,,Waiting,,,,,,2.68,,,RD247,,,
,09-07-2026,,,,,LU Loading,,,,,,3.13,,,RD247,,,
,09-07-2026,,,,,Waiting,,,,,,1.1,,,RD248,,,
,09-07-2026,,,,,LU Loading,,,,,,2.83,,,RD248,,,
,09-07-2026,,,,,Waiting,,,,,,0.43,,,RD236,,,
,09-07-2026,,,,,LU Loading,,,,,,2.92,,,RD236,,,
,09-07-2026,,,,,Spotting,,,,,,0.6,,,RD253,,,
,09-07-2026,,,,,LU Loading,,,,,,2.93,,,RD253,,,
,09-07-2026,,,,,Waiting,,,,,,0.8,,,RD247,,,
,09-07-2026,,,,,LU Loading,,,,,,3.27,,,RD247,,,
,09-07-2026,,,,,Waiting,,,,,,0.68,,,RD248,,,
,09-07-2026,,,,,LU Loading,,,,,,3.85,,,RD248,,,
,09-07-2026,,,,,Waiting,,,,,,0.78,,,RD236,,,
,09-07-2026,,,,,LU Loading,,,,,,3.1,,,RD236,,,
,09-07-2026,,,,,Waiting,,,,,,0.18,,,RD253,,,
,09-07-2026,,,,,Spotting,,,,,,0.65,,,RD253,,,
,09-07-2026,,,,,LU Loading,,,,,,3.42,,,RD253,,,
,09-07-2026,,,,,LU Loading,,,,,,2.65,,,RD247,,,
,09-07-2026,,,,,Spotting,,,,,,0.17,,,RD248,,,
,09-07-2026,,,,,LU Loading,,,,,,3.58,,,RD248,,,
,09-07-2026,,,,,Waiting,,,,,,2.87,,,RD236,,,
,09-07-2026,,,,,Spotting,,,,,,3.07,,,RD236,,,
,09-07-2026,,,,,LU Loading,,,,,,3.78,,,RD236,,,
,09-07-2026,,,,,Spotting,,,,,,0.52,,,RD253,,,
,09-07-2026,,,,,LU Loading,,,,,,2.98,,,RD253,,,
,09-07-2026,,,,,Waiting,,,,,,0.02,,,RD247,,,
,09-07-2026,,,,,LU Loading,,,,,,2.8,,,RD247,,,
,09-07-2026,,,,,Waiting,,,,,,0.5,,,RD248,,,
,09-07-2026,,,,,LU Loading,,,,,,2.95,,,RD248,,,
,09-07-2026,,,,,Waiting,,,,,,3.48,,,RD236,,,
,09-07-2026,,,,,LU Loading,,,,,,3.1,,,RD236,,,
,09-07-2026,,,,,LU Loading,,,,,,3.45,,,RD253,,,
,09-07-2026,,,,,Spotting,,,,,,1.03,,,RD247,,,
,09-07-2026,,,,,LU Loading,,,,,,3.18,,,RD247,,,
,09-07-2026,,,,,Waiting,,,,,,2.48,,,RD248,,,
,09-07-2026,,,,,Spotting,,,,,,0.45,,,RD248,,,
,09-07-2026,,,,,LU Loading,,,,,,2.35,,,RD248,,,
,09-07-2026,,,,,Waiting,,,,,,1.92,,,RD245,,,
,09-07-2026,,,,,LU Loading,,,,,,2.4,,,RD245,,,
,09-07-2026,,,,,Spotting,,,,,,0.35,,,RD253,,,
,09-07-2026,,,,,LU Loading,,,,,,3.4,,,RD253,,,
,09-07-2026,,,,,LU Loading,,,,,,3.28,,,RD247,,,
,09-07-2026,,,,,Spotting,,,,,,0.13,,,RD248,,,
,09-07-2026,,,,,LU Loading,,,,,,2.32,,,RD248,,,
,09-07-2026,,,,,Waiting,,,,,,2.68,,,RD245,,,
,09-07-2026,,,,,LU Loading,,,,,,2.5,,,RD245,,,
,09-07-2026,,,,,Waiting,,,,,,1.33,,,RD253,,,
,09-07-2026,,,,,LU Loading,,,,,,3.08,,,RD253,,,
,09-07-2026,,,,,Spotting,,,,,,0.1,,,RD247,,,
,09-07-2026,,,,,LU Loading,,,,,,2.43,,,RD247,,,
,09-07-2026,,,,,Waiting,,,,,,0.35,,,RD248,,,
,09-07-2026,,,,,LU Loading,,,,,,2.82,,,RD248,,,
,09-07-2026,,,,,Waiting,,,,,,1.6,,,RD245,,,
,09-07-2026,,,,,LU Loading,,,,,,2.4,,,RD245,,,
,09-07-2026,,,,,Waiting,,,,,,3.77,,,RD253,,,
,09-07-2026,,,,,LU Loading,,,,,,3.57,,,RD253,,,
,09-07-2026,,,,,LU Loading,,,,,,2.82,,,RD247,,,
,09-07-2026,,,,,Spotting,,,,,,0.27,,,RD248,,,
,09-07-2026,,,,,LU Loading,,,,,,2.8,,,RD248,,,
,09-07-2026,,,,,Waiting,,,,,,2.43,,,RD245,,,
,09-07-2026,,,,,LU Loading,,,,,,2.97,,,RD245,,,
,09-07-2026,,,,,Waiting,,,,,,3.23,,,RD247,,,
,09-07-2026,,,,,LU Loading,,,,,,4.1,,,RD247,,,
,09-07-2026,,,,,Spotting,,,,,,0.07,,,RD248,,,
,09-07-2026,,,,,LU Loading,,,,,,2.78,,,RD248,,,
,09-07-2026,,,,,Spotting,,,,,,0.5,,,RD253,,,
,09-07-2026,,,,,LU Loading,,,,,,2.87,,,RD253,,,
,09-07-2026,,,,,Waiting,,,,,,6.2,,,RD245,,,
,09-07-2026,,,,,LU Loading,,,,,,2.27,,,RD245,,,
,09-07-2026,,,,,Waiting,,,,,,4.57,,,RD241,,,
,09-07-2026,,,,,Marching,,,,,,16.13,,,RD241,,,
,09-07-2026,,,,,Shift Change,,,,,,22.47,,,RD241,,,
,09-07-2026,,,,,Shift Change,,,,,,13.07,,,RD241,,,
,09-07-2026,,,,,Blasting,,,,,,95.93,,,RD241,,,
,09-07-2026,,,,,Marching,,,,,,13.13,,,RD241,,,
,09-07-2026,,,,,LU Loading,,,,,,5.3,,,RD241,,,
,09-07-2026,,,,,Waiting,,,,,,0.92,,,RD228,,,
,09-07-2026,,,,,LU Loading,,,,,,4.22,,,RD228,,,
,09-07-2026,,,,,Waiting,,,,,,0.57,,,RD236,,,
,09-07-2026,,,,,LU Loading,,,,,,3.4,,,RD236,,,
,09-07-2026,,,,,LU Loading,,,,,,4.35,,,RD240,,,
,09-07-2026,,,,,Waiting,,,,,,1.35,,,RD247,,,
,09-07-2026,,,,,Spotting,,,,,,0.23,,,RD247,,,
,09-07-2026,,,,,LU Loading,,,,,,4.17,,,RD247,,,
,09-07-2026,,,,,Waiting,,,,,,4.9,,,RD236,,,
,09-07-2026,,,,,LU Loading,,,,,,3.87,,,RD236,,,
,09-07-2026,,,,,Waiting,,,,,,0.52,,,RD143,,,
,09-07-2026,,,,,LU Loading,,,,,,3.95,,,RD143,,,
,09-07-2026,,,,,Waiting,,,,,,0.18,,,RD228,,,
,09-07-2026,,,,,Spotting,,,,,,0.33,,,RD228,,,
,09-07-2026,,,,,LU Loading,,,,,,5.58,,,RD228,,,
,09-07-2026,,,,,Waiting,,,,,,0.23,,,RD241,,,
,09-07-2026,,,,,Spotting,,,,,,0.35,,,RD241,,,
,09-07-2026,,,,,LU Loading,,,,,,4.35,,,RD241,,,
,09-07-2026,,,,,Waiting,,,,,,0.47,,,RD240,,,
,09-07-2026,,,,,Spotting,,,,,,0.35,,,RD240,,,
,09-07-2026,,,,,LU Loading,,,,,,4.03,,,RD240,,,
,09-07-2026,,,,,Waiting,,,,,,0.62,,,RD236,,,
,09-07-2026,,,,,LU Loading,,,,,,3.37,,,RD236,,,
,09-07-2026,,,,,Waiting,,,,,,4.4,,,RD143,,,
,09-07-2026,,,,,LU Loading,,,,,,3.8,,,RD143,,,
,09-07-2026,,,,,Waiting,,,,,,0.88,,,RD228,,,
,09-07-2026,,,,,LU Loading,,,,,,4.6,,,RD228,,,
,09-07-2026,,,,,Waiting,,,,,,13.6,,,RD239,,,
,09-07-2026,,,,,Tea/ Breakfast / Snacks,,,,,,69.18,,,RD239,,,
,09-07-2026,,,,,LU Loading,,,,,,2.75,,,RD239,,,
,09-07-2026,,,,,Waiting,,,,,,0.4,,,RD236,,,
,09-07-2026,,,,,LU Loading,,,,,,2.22,,,RD236,,,
,09-07-2026,,,,,Waiting,,,,,,0.25,,,RD240,,,
,09-07-2026,,,,,LU Loading,,,,,,2.9,,,RD240,,,
,09-07-2026,,,,,Waiting,,,,,,10.77,,,RD228,,,
,09-07-2026,,,,,LU Loading,,,,,,3.42,,,RD228,,,
,09-07-2026,,,,,LU Loading,,,,,,3.95,,,RD236,,,
,09-07-2026,,,,,Waiting,,,,,,4.68,,,RD240,,,
,09-07-2026,,,,,LU Loading,,,,,,3.78,,,RD240,,,
,09-07-2026,,,,,Waiting,,,,,,6.27,,,RD228,,,
,09-07-2026,,,,,LU Loading,,,,,,3.13,,,RD228,,,
,09-07-2026,,,,,Spotting,,,,,,0.28,,,RD236,,,
,09-07-2026,,,,,LU Loading,,,,,,3.67,,,RD236,,,
,09-07-2026,,,,,Waiting,,,,,,6.67,,,RD240,,,
,09-07-2026,,,,,LU Loading,,,,,,0.33,,,RD240,,,
,09-07-2026,,,,,LU Loading,,,,,,3.63,,,RD240,,,
,09-07-2026,,,,,Waiting,,,,,,3.77,,,RD228,,,
,09-07-2026,,,,,LU Loading,,,,,,3.77,,,RD228,,,
,09-07-2026,,,,,Spotting,,,,,,0.6,,,RD236,,,
,09-07-2026,,,,,LU Loading,,,,,,3.2,,,RD236,,,
,09-07-2026,,,,,Waiting,,,,,,3.67,,,RD143,,,
,09-07-2026,,,,,LU Loading,,,,,,3.68,,,RD143,,,
,09-07-2026,,,,,Waiting,,,,,,0.18,,,RD240,,,
,09-07-2026,,,,,Spotting,,,,,,0.43,,,RD240,,,
,09-07-2026,,,,,LU Loading,,,,,,3.15,,,RD240,,,
,09-07-2026,,,,,Waiting,,,,,,3.87,,,RD228,,,
,09-07-2026,,,,,Spotting,,,,,,0.38,,,RD228,,,
,09-07-2026,,,,,LU Loading,,,,,,3.02,,,RD228,,,
,09-07-2026,,,,,Spotting,,,,,,0.43,,,RD236,,,
,09-07-2026,,,,,LU Loading,,,,,,3.35,,,RD236,,,
,09-07-2026,,,,,Waiting,,,,,,6.5,,,RD240,,,
,09-07-2026,,,,,Spotting,,,,,,0.32,,,RD240,,,
,09-07-2026,,,,,LU Loading,,,,,,3.65,,,RD240,,,
,09-07-2026,,,,,Waiting,,,,,,4.72,,,RD228,,,
,09-07-2026,,,,,LU Loading,,,,,,0.77,,,RD228,,,
,09-07-2026,,,,,LU Loading,,,,,,8.87,,,RD236,,,
,09-07-2026,,,,,Waiting,,,,,,5.2,,,RD240,,,
,09-07-2026,,,,,LU Loading,,,,,,2.85,,,RD240,,,
,09-07-2026,,,,,Waiting,,,,,,2.13,,,RD235,,,
,09-07-2026,,,,,Spotting,,,,,,0.35,,,RD235,,,
,09-07-2026,,,,,LU Loading,,,,,,2.97,,,RD235,,,
,09-07-2026,,,,,Waiting,,,,,,0.1,,,RD228,,,
,09-07-2026,,,,,Spotting,,,,,,1.07,,,RD228,,,
,09-07-2026,,,,,LU Loading,,,,,,0.98,,,RD228,,,
,09-07-2026,,,,,Waiting,,,,,,0.18,,,RD228,,,
,09-07-2026,,,,,LU Loading,,,,,,0.05,,,RD228,,,
,09-07-2026,,,,,Waiting,,,,,,0.28,,,RD228,,,
,09-07-2026,,,,,LU Loading,,,,,,1.13,,,RD228,,,
,09-07-2026,,,,,Waiting,,,,,,0.55,,,RD236,,,
,09-07-2026,,,,,LU Loading,,,,,,2.62,,,RD236,,,
,09-07-2026,,,,,Waiting,,,,,,0.17,,,RD143,,,
,09-07-2026,,,,,Spotting,,,,,,0.15,,,RD143,,,
,09-07-2026,,,,,LU Loading,,,,,,3.82,,,RD143,,,
,09-07-2026,,,,,Waiting,,,,,,5.57,,,RD240,,,
,09-07-2026,,,,,Spotting,,,,,,0.15,,,RD240,,,
,09-07-2026,,,,,LU Loading,,,,,,3.1,,,RD240,,,
,09-07-2026,,,,,Waiting,,,,,,0.37,,,RD235,,,
,09-07-2026,,,,,LU Loading,,,,,,3.12,,,RD235,,,
,09-07-2026,,,,,Waiting,,,,,,1.38,,,RD228,,,
,09-07-2026,,,,,LU Loading,,,,,,2.75,,,RD228,,,
,09-07-2026,,,,,Waiting,,,,,,3.2,,,RD228,,,
,09-07-2026,,,,,Spotting,,,,,,0.33,,,RD228,,,
,09-07-2026,,,,,LU Loading,,,,,,3.57,,,RD228,,,
,09-07-2026,,,,,Waiting,,,,,,24.42,,,RD229,,,
,09-07-2026,,,,,Shift Change,,,,,,13.83,,,RD229,,,
,09-07-2026,,,,,Shift Change,,,,,,32.5,,,RD229,,,
,09-07-2026,,,,,Waiting,,,,,,2.02,,,RD229,,,
,09-07-2026,,,,,LU Loading,,,,,,2.6,,,RD229,,,
,09-07-2026,,,,,Waiting,,,,,,12.85,,,RD247,,,
,09-07-2026,,,,,LU Loading,,,,,,2.97,,,RD247,,,
,09-07-2026,,,,,Waiting,,,,,,0.22,,,RD244,,,
,09-07-2026,,,,,LU Loading,,,,,,2.92,,,RD244,,,
,09-07-2026,,,,,Waiting,,,,,,0.48,,,RD231,,,
,09-07-2026,,,,,LU Loading,,,,,,3.28,,,RD231,,,
,09-07-2026,,,,,LU Loading,,,,,,3.75,,,RD229,,,
,09-07-2026,,,,,Waiting,,,,,,1.47,,,RD250,,,
,09-07-2026,,,,,LU Loading,,,,,,2.57,,,RD250,,,
,09-07-2026,,,,,Waiting,,,,,,3.88,,,RD247,,,
,09-07-2026,,,,,Spotting,,,,,,1.13,,,RD247,,,
,09-07-2026,,,,,LU Loading,,,,,,2.42,,,RD247,,,
,09-07-2026,,,,,Waiting,,,,,,3.18,,,RD244,,,
,09-07-2026,,,,,LU Loading,,,,,,2.55,,,RD244,,,
,09-07-2026,,,,,Waiting,,,,,,0.2,,,RD231,,,
,09-07-2026,,,,,LU Loading,,,,,,2.83,,,RD231,,,
,09-07-2026,,,,,Waiting,,,,,,2.6,,,RD229,,,
,09-07-2026,,,,,LU Loading,,,,,,2.83,,,RD229,,,
,09-07-2026,,,,,Waiting,,,,,,0.33,,,RD250,,,
,09-07-2026,,,,,LU Loading,,,,,,2.57,,,RD250,,,
,09-07-2026,,,,,Waiting,,,,,,0.52,,,RD247,,,
,09-07-2026,,,,,LU Loading,,,,,,2.9,,,RD247,,,
,09-07-2026,,,,,Waiting,,,,,,6.52,,,RD244,,,
,09-07-2026,,,,,LU Loading,,,,,,2.67,,,RD244,,,
,09-07-2026,,,,,Waiting,,,,,,3.45,,,RD250,,,
,09-07-2026,,,,,LU Loading,,,,,,2.93,,,RD250,,,
,09-07-2026,,,,,Waiting,,,,,,2.2,,,RD247,,,
,09-07-2026,,,,,Spotting,,,,,,0.17,,,RD247,,,
,09-07-2026,,,,,LU Loading,,,,,,2.5,,,RD247,,,
,09-07-2026,,,,,Spotting,,,,,,0.35,,,RD229,,,
,09-07-2026,,,,,LU Loading,,,,,,3.87,,,RD229,,,
,10-07-2026,,,,,Waiting,,,,,,6.28,,,RD244,,,
,10-07-2026,,,,,LU Loading,,,,,,2.57,,,RD244,,,
,10-07-2026,,,,,Waiting,,,,,,1.08,,,RD250,,,
,10-07-2026,,,,,LU Loading,,,,,,2.6,,,RD250,,,
,10-07-2026,,,,,Waiting,,,,,,0.32,,,RD247,,,
,10-07-2026,,,,,Spotting,,,,,,0.28,,,RD247,,,
,10-07-2026,,,,,LU Loading,,,,,,2.33,,,RD247,,,
,10-07-2026,,,,,Waiting,,,,,,5.9,,,RD229,,,
,10-07-2026,,,,,LU Loading,,,,,,2.77,,,RD229,,,
,10-07-2026,,,,,Waiting,,,,,,3.68,,,RD244,,,
,10-07-2026,,,,,LU Loading,,,,,,2.55,,,RD244,,,
,10-07-2026,,,,,Waiting,,,,,,0.4,,,RD250,,,
,10-07-2026,,,,,Spotting,,,,,,0.27,,,RD250,,,
,10-07-2026,,,,,LU Loading,,,,,,2.63,,,RD250,,,
,10-07-2026,,,,,Spotting,,,,,,0.52,,,RD247,,,
,10-07-2026,,,,,LU Loading,,,,,,2.42,,,RD247,,,
,10-07-2026,,,,,Waiting,,,,,,0.43,,,RD231,,,
,10-07-2026,,,,,LU Loading,,,,,,2.43,,,RD231,,,
,10-07-2026,,,,,Waiting,,,,,,6.93,,,RD229,,,
,10-07-2026,,,,,LU Loading,,,,,,2.67,,,RD229,,,
,10-07-2026,,,,,Waiting,,,,,,0.4,,,RD244,,,
,10-07-2026,,,,,LU Loading,,,,,,2.35,,,RD244,,,
,10-07-2026,,,,,Spotting,,,,,,0.45,,,RD250,,,
,10-07-2026,,,,,LU Loading,,,,,,2.55,,,RD250,,,
,10-07-2026,,,,,Waiting,,,,,,0.43,,,RD247,,,
,10-07-2026,,,,,Spotting,,,,,,0.63,,,RD247,,,
,10-07-2026,,,,,LU Loading,,,,,,2.37,,,RD247,,,
,10-07-2026,,,,,Waiting,,,,,,8.52,,,RD229,,,
,10-07-2026,,,,,LU Loading,,,,,,9.28,,,RD229,,,
,10-07-2026,,,,,Waiting,,,,,,0.4,,,RD244,,,
,10-07-2026,,,,,LU Loading,,,,,,2.93,,,RD244,,,
,10-07-2026,,,,,Spotting,,,,,,0.35,,,RD250,,,
,10-07-2026,,,,,LU Loading,,,,,,3.87,,,RD250,,,
,10-07-2026,,,,,Spotting,,,,,,0.52,,,RD247,,,
,10-07-2026,,,,,LU Loading,,,,,,3.17,,,RD247,,,
,10-07-2026,,,,,Waiting,,,,,,4.7,,,RD229,,,
,10-07-2026,,,,,Spotting,,,,,,0.37,,,RD229,,,
,10-07-2026,,,,,LU Loading,,,,,,3.62,,,RD229,,,
,10-07-2026,,,,,Waiting,,,,,,1.82,,,RD244,,,
,10-07-2026,,,,,LU Loading,,,,,,3.33,,,RD244,,,
,10-07-2026,,,,,Spotting,,,,,,0.55,,,RD250,,,
,10-07-2026,,,,,LU Loading,,,,,,2.83,,,RD250,,,
,10-07-2026,,,,,Spotting,,,,,,0.58,,,RD247,,,
,10-07-2026,,,,,LU Loading,,,,,,3.07,,,RD247,,,
,10-07-2026,,,,,Waiting,,,,,,10.77,,,RD244,,,
,10-07-2026,,,,,Spotting,,,,,,0.38,,,RD244,,,
,10-07-2026,,,,,LU Loading,,,,,,3.38,,,RD244,,,
,10-07-2026,,,,,Waiting,,,,,,0.85,,,RD250,,,
,10-07-2026,,,,,LU Loading,,,,,,2.9,,,RD250,,,
,10-07-2026,,,,,Spotting,,,,,,0.05,,,RD247,,,
,10-07-2026,,,,,LU Loading,,,,,,4.53,,,RD247,,,
,10-07-2026,,,,,Waiting,,,,,,6.32,,,RD244,,,
,10-07-2026,,,,,LU Loading,,,,,,3.8,,,RD244,,,
,10-07-2026,,,,,Waiting,,,,,,1.22,,,RD250,,,
,10-07-2026,,,,,LU Loading,,,,,,3.05,,,RD250,,,
,10-07-2026,,,,,Spotting,,,,,,0.65,,,RD247,,,
,10-07-2026,,,,,LU Loading,,,,,,2.5,,,RD247,,,
,10-07-2026,,,,,Waiting,,,,,,15.02,,,RD233,,,
,10-07-2026,,,,,LU Loading,,,,,,2.57,,,RD233,,,
,10-07-2026,,,,,Waiting,,,,,,0.28,,,RD247,,,
,10-07-2026,,,,,LU Loading,,,,,,3,,,RD247,,,
,10-07-2026,,,,,Waiting,,,,,,2.22,,,RD244,,,
,10-07-2026,,,,,LU Loading,,,,,,2.95,,,RD244,,,
,10-07-2026,,,,,Waiting,,,,,,6.67,,,RD233,,,
,10-07-2026,,,,,LU Loading,,,,,,2.95,,,RD233,,,
,10-07-2026,,,,,Waiting,,,,,,0.4,,,RD247,,,
,10-07-2026,,,,,Spotting,,,,,,0.63,,,RD247,,,
,10-07-2026,,,,,LU Loading,,,,,,2.5,,,RD247,,,
,10-07-2026,,,,,Waiting,,,,,,2.7,,,RD229,,,
,10-07-2026,,,,,LU Loading,,,,,,2.87,,,RD229,,,
,10-07-2026,,,,,Waiting,,,,,,0.17,,,RD244,,,
,10-07-2026,,,,,LU Loading,,,,,,3.7,,,RD244,,,
,10-07-2026,,,,,Waiting,,,,,,0.95,,,RD233,,,
,10-07-2026,,,,,LU Loading,,,,,,3.67,,,RD233,,,
,10-07-2026,,,,,Waiting,,,,,,10.53,,,RD229,,,
,10-07-2026,,,,,LU Loading,,,,,,2.95,,,RD229,,,
,10-07-2026,,,,,Waiting,,,,,,1.58,,,RD247,,,
,10-07-2026,,,,,Spotting,,,,,,0.18,,,RD247,,,
,10-07-2026,,,,,LU Loading,,,,,,2.88,,,RD247,,,
,10-07-2026,,,,,Waiting,,,,,,0.28,,,RD244,,,
,10-07-2026,,,,,Spotting,,,,,,0.2,,,RD244,,,
,10-07-2026,,,,,LU Loading,,,,,,2.98,,,RD244,,,
,10-07-2026,,,,,Waiting,,,,,,0.28,,,RD233,,,
,10-07-2026,,,,,LU Loading,,,,,,2.52,,,RD233,,,
,10-07-2026,,,,,Waiting,,,,,,0.3,,,RD250,,,
,10-07-2026,,,,,Spotting,,,,,,0.35,,,RD250,,,
,10-07-2026,,,,,LU Loading,,,,,,2.43,,,RD250,,,
,10-07-2026,,,,,Waiting,,,,,,4.57,,,RD229,,,
,10-07-2026,,,,,Spotting,,,,,,0.27,,,RD229,,,
,10-07-2026,,,,,LU Loading,,,,,,2.75,,,RD229,,,
,10-07-2026,,,,,Spotting,,,,,,0.77,,,RD247,,,
,10-07-2026,,,,,LU Loading,,,,,,2.72,,,RD247,,,
,10-07-2026,,,,,Waiting,,,,,,1.92,,,RD233,,,
,10-07-2026,,,,,LU Loading,,,,,,2.8,,,RD233,,,
,10-07-2026,,,,,Waiting,,,,,,0.35,,,RD250,,,
,10-07-2026,,,,,Spotting,,,,,,0.27,,,RD250,,,
,10-07-2026,,,,,LU Loading,,,,,,2.92,,,RD250,,,
,10-07-2026,,,,,Waiting,,,,,,0.72,,,RD244,,,
,10-07-2026,,,,,LU Loading,,,,,,2.78,,,RD244,,,
,10-07-2026,,,,,Waiting,,,,,,2.68,,,RD247,,,
,10-07-2026,,,,,Spotting,,,,,,0.28,,,RD247,,,
,10-07-2026,,,,,LU Loading,,,,,,2.65,,,RD247,,,
,10-07-2026,,,,,Waiting,,,,,,0.42,,,RD229,,,
,10-07-2026,,,,,Spotting,,,,,,0.45,,,RD229,,,
,10-07-2026,,,,,LU Loading,,,,,,2.72,,,RD229,,,
,10-07-2026,,,,,Waiting,,,,,,0.53,,,RD233,,,
,10-07-2026,,,,,LU Loading,,,,,,2.63,,,RD233,,,
,10-07-2026,,,,,Waiting,,,,,,0.35,,,RD250,,,
,10-07-2026,,,,,Spotting,,,,,,0.38,,,RD250,,,
,10-07-2026,,,,,LU Loading,,,,,,2.92,,,RD250,,,
,10-07-2026,,,,,Waiting,,,,,,3.32,,,RD247,,,
,10-07-2026,,,,,LU Loading,,,,,,3.65,,,RD247,,,
,10-07-2026,,,,,LU Loading,,,,,,4.15,,,RD244,,,
,10-07-2026,,,,,Waiting,,,,,,3.03,,,RD229,,,
,10-07-2026,,,,,Spotting,,,,,,1.37,,,RD229,,,
,10-07-2026,,,,,LU Loading,,,,,,5.18,,,RD229,,,
,10-07-2026,,,,,Spotting,,,,,,0.65,,,RD250,,,
,10-07-2026,,,,,LU Loading,,,,,,2.47,,,RD250,,,
,10-07-2026,,,,,Spotting,,,,,,0.43,,,RD247,,,
,10-07-2026,,,,,LU Loading,,,,,,2.5,,,RD247,,,
,10-07-2026,,,,,Waiting,,,,,,1.02,,,RD233,,,
,10-07-2026,,,,,LU Loading,,,,,,3.33,,,RD233,,,
,10-07-2026,,,,,Waiting,,,,,,1.83,,,RD233,,,
,10-07-2026,,,,,LU Loading,,,,,,2.92,,,RD233,,,
,10-07-2026,,,,,Waiting,,,,,,0.33,,,RD244,,,
,10-07-2026,,,,,LU Loading,,,,,,2.63,,,RD244,,,
,10-07-2026,,,,,Spotting,,,,,,0.55,,,RD229,,,
,10-07-2026,,,,,LU Loading,,,,,,2.75,,,RD229,,,
,10-07-2026,,,,,Waiting,,,,,,0.1,,,RD250,,,
,10-07-2026,,,,,Spotting,,,,,,0.33,,,RD250,,,
,10-07-2026,,,,,LU Loading,,,,,,2.73,,,RD250,,,
,10-07-2026,,,,,LU Loading,,,,,,3.88,,,RD247,,,
,10-07-2026,,,,,Waiting,,,,,,10.7,,,RD250,,,
,10-07-2026,,,,,LU Loading,,,,,,0.92,,,RD250,,,
,10-07-2026,,,,,Waiting,,,,,,4.32,,,RD249,,,
,10-07-2026,,,,,Shift Change,,,,,,26.58,,,RD249,,,
,10-07-2026,,,,,,,,,,,,,,,,,
,Timestamp,,,,,Status Code,,Sub-Status Code,,,,"Duration
(min)",,,Hauling Unit,,,
,10-07-2026,,,,,Shift Change,,,,,,33.48,,,RD249,,,
,10-07-2026,,,,,LU Loading,,,,,,3.8,,,RD249,,,
,10-07-2026,,,,,Waiting,,,,,,1.92,,,RD253,,,
,10-07-2026,,,,,Spotting,,,,,,0.2,,,RD253,,,
,10-07-2026,,,,,LU Loading,,,,,,3.95,,,RD253,,,
,10-07-2026,,,,,Spotting,,,,,,0.2,,,RD241,,,
,10-07-2026,,,,,LU Loading,,,,,,3.9,,,RD241,,,
,10-07-2026,,,,,Waiting,,,,,,1.05,,,RD229,,,
,10-07-2026,,,,,LU Loading,,,,,,3.23,,,RD229,,,
,10-07-2026,,,,,Spotting,,,,,,0.23,,,RD252,,,
,10-07-2026,,,,,LU Loading,,,,,,4.55,,,RD252,,,
,10-07-2026,,,,,Waiting,,,,,,1.82,,,RD249,,,
,10-07-2026,,,,,LU Loading,,,,,,3.52,,,RD249,,,
,10-07-2026,,,,,Waiting,,,,,,2.3,,,RD241,,,
,10-07-2026,,,,,LU Loading,,,,,,3.07,,,RD241,,,
,10-07-2026,,,,,Waiting,,,,,,0.42,,,RD242,,,
,10-07-2026,,,,,LU Loading,,,,,,3.27,,,RD242,,,
,10-07-2026,,,,,Waiting,,,,,,2.32,,,RD252,,,
,10-07-2026,,,,,LU Loading,,,,,,3.77,,,RD252,,,
,10-07-2026,,,,,Waiting,,,,,,0.95,,,RD249,,,
,10-07-2026,,,,,LU Loading,,,,,,3.82,,,RD249,,,
,10-07-2026,,,,,Waiting,,,,,,0.93,,,RD241,,,
,10-07-2026,,,,,LU Loading,,,,,,3.37,,,RD241,,,
,10-07-2026,,,,,Waiting,,,,,,0.5,,,RD242,,,
,10-07-2026,,,,,LU Loading,,,,,,3.3,,,RD242,,,
,10-07-2026,,,,,Waiting,,,,,,1.38,,,RD252,,,
,10-07-2026,,,,,Spotting,,,,,,1.45,,,RD252,,,
,10-07-2026,,,,,LU Loading,,,,,,2.9,,,RD252,,,
,10-07-2026,,,,,Waiting,,,,,,5.6,,,RD249,,,
,10-07-2026,,,,,LU Loading,,,,,,3.73,,,RD249,,,
,10-07-2026,,,,,Waiting,,,,,,0.07,,,RD242,,,
,10-07-2026,,,,,Spotting,,,,,,0.27,,,RD242,,,
,10-07-2026,,,,,LU Loading,,,,,,3.28,,,RD242,,,
,10-07-2026,,,,,Waiting,,,,,,0.35,,,RD227,,,
,10-07-2026,,,,,LU Loading,,,,,,3.52,,,RD227,,,
,10-07-2026,,,,,LU Loading,,,,,,4.37,,,RD241,,,
,10-07-2026,,,,,LU Loading,,,,,,3.68,,,RD252,,,
,10-07-2026,,,,,Waiting,,,,,,4.95,,,RD249,,,
,10-07-2026,,,,,Spotting,,,,,,0.22,,,RD249,,,
,10-07-2026,,,,,LU Loading,,,,,,3.55,,,RD249,,,
,10-07-2026,,,,,LU Loading,,,,,,3.73,,,RD242,,,
,10-07-2026,,,,,Waiting,,,,,,0.02,,,RD227,,,
,10-07-2026,,,,,LU Loading,,,,,,4.12,,,RD227,,,
,10-07-2026,,,,,Waiting,,,,,,0.15,,,RD241,,,
,10-07-2026,,,,,Spotting,,,,,,0.58,,,RD241,,,
,10-07-2026,,,,,LU Loading,,,,,,3.9,,,RD241,,,
,10-07-2026,,,,,Waiting,,,,,,9.87,,,RD249,,,
,10-07-2026,,,,,Tea/ Breakfast / Snacks,,,,,,63.07,,,RD249,,,
,10-07-2026,,,,,Waiting,,,,,,0.13,,,RD249,,,
,10-07-2026,,,,,LU Loading,,,,,,3.78,,,RD249,,,
,10-07-2026,,,,,Waiting,,,,,,0.02,,,RD241,,,
,10-07-2026,,,,,LU Loading,,,,,,3.85,,,RD241,,,
,10-07-2026,,,,,Waiting,,,,,,0.3,,,RD227,,,
,10-07-2026,,,,,LU Loading,,,,,,4.22,,,RD227,,,
,10-07-2026,,,,,Spotting,,,,,,0.98,,,RD252,,,
,10-07-2026,,,,,LU Loading,,,,,,4.52,,,RD252,,,
,10-07-2026,,,,,Waiting,,,,,,0.02,,,RD242,,,
,10-07-2026,,,,,Spotting,,,,,,0.15,,,RD242,,,
,10-07-2026,,,,,LU Loading,,,,,,4.15,,,RD242,,,
,10-07-2026,,,,,Waiting,,,,,,2.38,,,RD249,,,
,10-07-2026,,,,,Spotting,,,,,,0.83,,,RD249,,,
,10-07-2026,,,,,LU Loading,,,,,,2.62,,,RD249,,,
,10-07-2026,,,,,Spotting,,,,,,0.27,,,RD241,,,
,10-07-2026,,,,,LU Loading,,,,,,3.5,,,RD241,,,
,10-07-2026,,,,,Waiting,,,,,,0.6,,,RD227,,,
,10-07-2026,,,,,Spotting,,,,,,0.33,,,RD227,,,
,10-07-2026,,,,,LU Loading,,,,,,2.87,,,RD227,,,
,10-07-2026,,,,,Waiting,,,,,,0.58,,,RD252,,,
,10-07-2026,,,,,LU Loading,,,,,,3.33,,,RD252,,,
,10-07-2026,,,,,Waiting,,,,,,0.03,,,RD242,,,
,10-07-2026,,,,,Spotting,,,,,,0.42,,,RD242,,,
,10-07-2026,,,,,LU Loading,,,,,,3.5,,,RD242,,,
,10-07-2026,,,,,Waiting,,,,,,25.83,,,RD249,,,
,10-07-2026,,,,,LU Loading,,,,,,3.02,,,RD249,,,
,10-07-2026,,,,,Waiting,,,,,,0.38,,,RD241,,,
,10-07-2026,,,,,LU Loading,,,,,,2.95,,,RD241,,,
,10-07-2026,,,,,Waiting,,,,,,0.28,,,RD227,,,
,10-07-2026,,,,,LU Loading,,,,,,3,,,RD227,,,
,10-07-2026,,,,,Waiting,,,,,,0.22,,,RD252,,,
,10-07-2026,,,,,Spotting,,,,,,0.35,,,RD252,,,
,10-07-2026,,,,,LU Loading,,,,,,3.58,,,RD252,,,
,10-07-2026,,,,,Waiting,,,,,,0.63,,,RD242,,,
,10-07-2026,,,,,LU Loading,,,,,,3.27,,,RD242,,,
,10-07-2026,,,,,Waiting,,,,,,0.38,,,RD252,,,
,10-07-2026,,,,,LU Loading,,,,,,4.58,,,RD252,,,
,10-07-2026,,,,,Waiting,,,,,,0.02,,,RD249,,,
,10-07-2026,,,,,LU Loading,,,,,,3.1,,,RD249,,,
,10-07-2026,,,,,Waiting,,,,,,0.17,,,RD241,,,
,10-07-2026,,,,,LU Loading,,,,,,3.55,,,RD241,,,
,10-07-2026,,,,,Waiting,,,,,,4.27,,,RD242,,,
,10-07-2026,,,,,LU Loading,,,,,,4.08,,,RD242,,,
,10-07-2026,,,,,Waiting,,,,,,3.77,,,RD249,,,
,10-07-2026,,,,,LU Loading,,,,,,3.57,,,RD249,,,
,10-07-2026,,,,,Waiting,,,,,,0.6,,,RD241,,,
,10-07-2026,,,,,LU Loading,,,,,,3.2,,,RD241,,,
,10-07-2026,,,,,Waiting,,,,,,0.93,,,RD252,,,
,10-07-2026,,,,,LU Loading,,,,,,3.2,,,RD252,,,
,10-07-2026,,,,,Waiting,,,,,,1.88,,,RD242,,,
,10-07-2026,,,,,LU Loading,,,,,,2.7,,,RD242,,,
,10-07-2026,,,,,Waiting,,,,,,1.02,,,RD249,,,
,10-07-2026,,,,,Spotting,,,,,,0.2,,,RD249,,,
,10-07-2026,,,,,LU Loading,,,,,,3.48,,,RD249,,,
,10-07-2026,,,,,Waiting,,,,,,2.28,,,RD241,,,
,10-07-2026,,,,,LU Loading,,,,,,3.58,,,RD241,,,
,10-07-2026,,,,,Waiting,,,,,,1.6,,,RD252,,,
,10-07-2026,,,,,LU Loading,,,,,,3.4,,,RD252,,,
,10-07-2026,,,,,Waiting,,,,,,4.5,,,RD242,,,
,10-07-2026,,,,,LU Loading,,,,,,3.33,,,RD242,,,
,10-07-2026,,,,,Waiting,,,,,,0.68,,,RD249,,,
,10-07-2026,,,,,Spotting,,,,,,0.27,,,RD249,,,
,10-07-2026,,,,,LU Loading,,,,,,3.27,,,RD249,,,
,10-07-2026,,,,,Waiting,,,,,,0.28,,,RD241,,,
,10-07-2026,,,,,Spotting,,,,,,0.25,,,RD241,,,
,10-07-2026,,,,,LU Loading,,,,,,3.43,,,RD241,,,
,10-07-2026,,,,,Waiting,,,,,,1.97,,,RD252,,,
,10-07-2026,,,,,LU Loading,,,,,,3.17,,,RD252,,,
,10-07-2026,,,,,Waiting,,,,,,0.67,,,RD242,,,
,10-07-2026,,,,,Spotting,,,,,,0.67,,,RD242,,,
,10-07-2026,,,,,LU Loading,,,,,,3.12,,,RD242,,,
,10-07-2026,,,,,Waiting,,,,,,0.53,,,RD249,,,
,10-07-2026,,,,,LU Loading,,,,,,3.27,,,RD249,,,
,10-07-2026,,,,,Waiting,,,,,,2.57,,,RD241,,,
,10-07-2026,,,,,LU Loading,,,,,,3.48,,,RD241,,,
,10-07-2026,,,,,Waiting,,,,,,0.45,,,RD252,,,
,10-07-2026,,,,,LU Loading,,,,,,3.2,,,RD252,,,
,10-07-2026,,,,,Waiting,,,,,,1.57,,,RD242,,,
,10-07-2026,,,,,LU Loading,,,,,,3,,,RD242,,,
,10-07-2026,,,,,Waiting,,,,,,0.82,,,RD249,,,
,10-07-2026,,,,,LU Loading,,,,,,4.07,,,RD249,,,
,10-07-2026,,,,,Waiting,,,,,,0.92,,,RD241,,,
,10-07-2026,,,,,LU Loading,,,,,,2.95,,,RD241,,,
,10-07-2026,,,,,Waiting,,,,,,0.55,,,RD252,,,
,10-07-2026,,,,,LU Loading,,,,,,2.88,,,RD252,,,
,10-07-2026,,,,,Waiting,,,,,,1.83,,,RD242,,,
,10-07-2026,,,,,LU Loading,,,,,,3.25,,,RD242,,,
,10-07-2026,,,,,Waiting,,,,,,5.12,,,RD249,,,
,10-07-2026,,,,,LU Loading,,,,,,3.18,,,RD249,,,
,10-07-2026,,,,,Waiting,,,,,,0.58,,,RD241,,,
,10-07-2026,,,,,LU Loading,,,,,,3.02,,,RD241,,,
,10-07-2026,,,,,Waiting,,,,,,0.38,,,RD252,,,
,10-07-2026,,,,,LU Loading,,,,,,3.37,,,RD252,,,
,10-07-2026,,,,,Waiting,,,,,,0.63,,,RD242,,,
,10-07-2026,,,,,LU Loading,,,,,,2.8,,,RD242,,,
,10-07-2026,,,,,Waiting,,,,,,4.68,,,RD252,,,
,10-07-2026,,,,,Marching,,,,,,38.23,,,RD252,,,
,10-07-2026,,,,,Marching,,,,,,11.18,,,RD252,,,
,10-07-2026,,,,,Blasting,,,,,,77.18,,,RD252,,,
,10-07-2026,,,,,Marching,,,,,,8.98,,,RD252,,,
,10-07-2026,,,,,LU Loading,,,,,,8.23,,,RD252,,,
,10-07-2026,,,,,Waiting,,,,,,1.08,,,RD121,,,
,10-07-2026,,,,,LU Loading,,,,,,2.68,,,RD121,,,
,10-07-2026,,,,,Waiting,,,,,,0.83,,,RD235,,,
,10-07-2026,,,,,Spotting,,,,,,0.27,,,RD235,,,
,10-07-2026,,,,,LU Loading,,,,,,2.85,,,RD235,,,
,10-07-2026,,,,,Waiting,,,,,,0.55,,,RD237,,,
,10-07-2026,,,,,LU Loading,,,,,,2.63,,,RD237,,,
,10-07-2026,,,,,Waiting,,,,,,0.22,,,RD236,,,
,10-07-2026,,,,,Spotting,,,,,,0.38,,,RD236,,,
,10-07-2026,,,,,LU Loading,,,,,,2.92,,,RD236,,,
,10-07-2026,,,,,Waiting,,,,,,0.37,,,RD252,,,
,10-07-2026,,,,,Spotting,,,,,,0.42,,,RD252,,,
,10-07-2026,,,,,LU Loading,,,,,,2.52,,,RD252,,,
,10-07-2026,,,,,Waiting,,,,,,0.58,,,RD121,,,
,10-07-2026,,,,,Spotting,,,,,,0.37,,,RD121,,,
,10-07-2026,,,,,LU Loading,,,,,,3.55,,,RD121,,,
,10-07-2026,,,,,Waiting,,,,,,0.07,,,RD236,,,
,10-07-2026,,,,,LU Loading,,,,,,4,,,RD236,,,
,10-07-2026,,,,,Waiting,,,,,,4.07,,,RD252,,,
,10-07-2026,,,,,LU Loading,,,,,,3.52,,,RD252,,,
,10-07-2026,,,,,Waiting,,,,,,0.27,,,RD121,,,
,10-07-2026,,,,,Spotting,,,,,,0.32,,,RD121,,,
,10-07-2026,,,,,LU Loading,,,,,,3.53,,,RD121,,,
,10-07-2026,,,,,Waiting,,,,,,0.65,,,RD237,,,
,10-07-2026,,,,,LU Loading,,,,,,3.2,,,RD237,,,
,10-07-2026,,,,,Waiting,,,,,,1.17,,,RD235,,,
,10-07-2026,,,,,LU Loading,,,,,,4.42,,,RD235,,,
,10-07-2026,,,,,Waiting,,,,,,2.28,,,RD236,,,
,10-07-2026,,,,,LU Loading,,,,,,3.68,,,RD236,,,
,10-07-2026,,,,,Waiting,,,,,,0.78,,,RD252,,,
,10-07-2026,,,,,LU Loading,,,,,,3.32,,,RD252,,,
,10-07-2026,,,,,Waiting,,,,,,1.87,,,RD235,,,
,10-07-2026,,,,,Spotting,,,,,,0.97,,,RD235,,,
,10-07-2026,,,,,LU Loading,,,,,,4.02,,,RD235,,,
,10-07-2026,,,,,Waiting,,,,,,1.47,,,RD121,,,
,10-07-2026,,,,,LU Loading,,,,,,3.63,,,RD121,,,
,10-07-2026,,,,,Waiting,,,,,,3.9,,,RD237,,,
,10-07-2026,,,,,Spotting,,,,,,0.37,,,RD237,,,
,10-07-2026,,,,,LU Loading,,,,,,6.48,,,RD237,,,
,10-07-2026,,,,,Waiting,,,,,,4,,,RD121,,,
,10-07-2026,,,,,LU Loading,,,,,,3.53,,,RD121,,,
,10-07-2026,,,,,Waiting,,,,,,0.82,,,RD252,,,
,10-07-2026,,,,,LU Loading,,,,,,3.65,,,RD252,,,
,10-07-2026,,,,,Waiting,,,,,,3.75,,,RD237,,,
,10-07-2026,,,,,LU Loading,,,,,,2.65,,,RD237,,,
,10-07-2026,,,,,Waiting,,,,,,1.2,,,RD235,,,
,10-07-2026,,,,,LU Loading,,,,,,2.72,,,RD235,,,
,10-07-2026,,,,,Waiting,,,,,,1.15,,,RD121,,,
,10-07-2026,,,,,LU Loading,,,,,,2.5,,,RD121,,,
,10-07-2026,,,,,Waiting,,,,,,0.43,,,RD252,,,
,10-07-2026,,,,,Spotting,,,,,,0.37,,,RD252,,,
,10-07-2026,,,,,LU Loading,,,,,,2.47,,,RD252,,,
,10-07-2026,,,,,Waiting,,,,,,0.72,,,RD237,,,
,10-07-2026,,,,,LU Loading,,,,,,2.75,,,RD237,,,
,10-07-2026,,,,,Waiting,,,,,,3.78,,,RD235,,,
,10-07-2026,,,,,LU Loading,,,,,,2.98,,,RD235,,,
,10-07-2026,,,,,Waiting,,,,,,11.63,,,RD252,,,
,10-07-2026,,,,,LU Loading,,,,,,2.43,,,RD252,,,
,10-07-2026,,,,,Waiting,,,,,,11.52,,,RD252,,,
,10-07-2026,,,,,LU Loading,,,,,,1.95,,,RD252,,,
,10-07-2026,,,,,Waiting,,,,,,0.85,,,RD235,,,
,10-07-2026,,,,,LU Loading,,,,,,2.82,,,RD235,,,
,10-07-2026,,,,,Waiting,,,,,,4.75,,,RD237,,,
,10-07-2026,,,,,Spotting,,,,,,0.42,,,RD237,,,
,10-07-2026,,,,,LU Loading,,,,,,3.4,,,RD237,,,
,10-07-2026,,,,,Waiting,,,,,,0.25,,,RD252,,,
,10-07-2026,,,,,LU Loading,,,,,,3,,,RD252,,,
,10-07-2026,,,,,Waiting,,,,,,14.42,,,RD235,,,
,10-07-2026,,,,,LU Loading,,,,,,3.07,,,RD235,,,
,10-07-2026,,,,,Waiting,,,,,,6.67,,,RD237,,,
,10-07-2026,,,,,LU Loading,,,,,,3.9,,,RD237,,,
,10-07-2026,,,,,Waiting,,,,,,0.1,,,RD235,,,
,10-07-2026,,,,,Spotting,,,,,,0.53,,,RD235,,,
,10-07-2026,,,,,LU Loading,,,,,,3,,,RD235,,,
,10-07-2026,,,,,Waiting,,,,,,0.4,,,RD252,,,
,10-07-2026,,,,,Spotting,,,,,,0.42,,,RD252,,,
,10-07-2026,,,,,LU Loading,,,,,,2.83,,,RD252,,,
,10-07-2026,,,,,Waiting,,,,,,3.7,,,RD121,,,
,10-07-2026,,,,,LU Loading,,,,,,3.18,,,RD121,,,
,10-07-2026,,,,,Spotting,,,,,,0.37,,,RD235,,,
,10-07-2026,,,,,LU Loading,,,,,,2.8,,,RD235,,,
,10-07-2026,,,,,Waiting,,,,,,1.1,,,RD253,,,
,10-07-2026,,,,,LU Loading,,,,,,3.85,,,RD253,,,
,10-07-2026,,,,,Waiting,,,,,,1.45,,,RD237,,,
,10-07-2026,,,,,Spotting,,,,,,0.43,,,RD237,,,
,10-07-2026,,,,,LU Loading,,,,,,3.38,,,RD237,,,
,10-07-2026,,,,,Waiting,,,,,,12.98,,,RD121,,,
,10-07-2026,,,,,LU Loading,,,,,,3.6,,,RD121,,,
,10-07-2026,,,,,Waiting,,,,,,0.35,,,RD235,,,
,10-07-2026,,,,,Spotting,,,,,,0.48,,,RD235,,,
,10-07-2026,,,,,LU Loading,,,,,,2.47,,,RD235,,,
,10-07-2026,,,,,Waiting,,,,,,2.87,,,RD252,,,
,10-07-2026,,,,,Spotting,,,,,,0.4,,,RD252,,,
,10-07-2026,,,,,LU Loading,,,,,,3.03,,,RD252,,,
,10-07-2026,,,,,Waiting,,,,,,0.62,,,RD237,,,
,10-07-2026,,,,,LU Loading,,,,,,4.12,,,RD237,,,
,10-07-2026,,,,,Waiting,,,,,,15.63,,,RD121,,,
,10-07-2026,,,,,LU Loading,,,,,,3.27,,,RD121,,,
,10-07-2026,,,,,Waiting,,,,,,0.47,,,RD252,,,
,10-07-2026,,,,,Spotting,,,,,,0.37,,,RD252,,,
,10-07-2026,,,,,LU Loading,,,,,,2.97,,,RD252,,,
,10-07-2026,,,,,Waiting,,,,,,0.63,,,RD234,,,
,10-07-2026,,,,,LU Loading,,,,,,2.98,,,RD234,,,
,10-07-2026,,,,,Waiting,,,,,,0.75,,,RD235,,,
,10-07-2026,,,,,Spotting,,,,,,0.23,,,RD235,,,
,10-07-2026,,,,,LU Loading,,,,,,2.7,,,RD235,,,
,10-07-2026,,,,,Waiting,,,,,,0.38,,,RD237,,,
,10-07-2026,,,,,Spotting,,,,,,0.23,,,RD237,,,
,10-07-2026,,,,,LU Loading,,,,,,2.87,,,RD237,,,
,10-07-2026,,,,,Waiting,,,,,,10.2,,,RD252,,,
,10-07-2026,,,,,Spotting,,,,,,0.32,,,RD252,,,
,10-07-2026,,,,,LU Loading,,,,,,2.8,,,RD252,,,
,10-07-2026,,,,,Waiting,,,,,,0.6,,,RD234,,,
,10-07-2026,,,,,LU Loading,,,,,,3.33,,,RD234,,,
,10-07-2026,,,,,Waiting,,,,,,0.43,,,RD121,,,
,10-07-2026,,,,,LU Loading,,,,,,3.72,,,RD121,,,
,10-07-2026,,,,,Waiting,,,,,,1.6,,,RD237,,,
,10-07-2026,,,,,Spotting,,,,,,0.42,,,RD237,,,
,10-07-2026,,,,,LU Loading,,,,,,2.65,,,RD237,,,
,10-07-2026,,,,,Waiting,,,,,,5.87,,,RD252,,,
,10-07-2026,,,,,Spotting,,,,,,0.4,,,RD252,,,
,10-07-2026,,,,,LU Loading,,,,,,2.45,,,RD252,,,
,10-07-2026,,,,,Waiting,,,,,,4.83,,,RD235,,,
,10-07-2026,,,,,Spotting,,,,,,0.17,,,RD235,,,
,10-07-2026,,,,,LU Loading,,,,,,2.92,,,RD235,,,
,10-07-2026,,,,,Waiting,,,,,,0.03,,,RD234,,,
,10-07-2026,,,,,Spotting,,,,,,0.4,,,RD234,,,
,10-07-2026,,,,,LU Loading,,,,,,2.52,,,RD234,,,
,10-07-2026,,,,,Waiting,,,,,,0.32,,,RD235,,,
,10-07-2026,,,,,Spotting,,,,,,0.22,,,RD235,,,
,10-07-2026,,,,,LU Loading,,,,,,2.92,,,RD235,,,
,10-07-2026,,,,,Waiting,,,,,,0.18,,,RD237,,,
,10-07-2026,,,,,Spotting,,,,,,0.25,,,RD237,,,
,10-07-2026,,,,,LU Loading,,,,,,2.78,,,RD237,,,
,10-07-2026,,,,,Waiting,,,,,,12.3,,,RD244,,,
,10-07-2026,,,,,Shift Change,,,,,,27.13,,,RD244,,,
,10-07-2026,,,,,Shift Change,,,,,,26.82,,,RD244,,,
,10-07-2026,,,,,Waiting,,,,,,7.1,,,RD244,,,
,10-07-2026,,,,,LU Loading,,,,,,2.95,,,RD244,,,
,10-07-2026,,,,,Waiting,,,,,,0.22,,,RD252,,,
,10-07-2026,,,,,LU Loading,,,,,,3.22,,,RD252,,,
,10-07-2026,,,,,Waiting,,,,,,0.33,,,RD231,,,
,10-07-2026,,,,,LU Loading,,,,,,3.73,,,RD231,,,
,10-07-2026,,,,,Waiting,,,,,,7.18,,,RD234,,,
,10-07-2026,,,,,LU Loading,,,,,,2.93,,,RD234,,,
,10-07-2026,,,,,Waiting,,,,,,0.53,,,RD242,,,
,10-07-2026,,,,,LU Loading,,,,,,2.38,,,RD242,,,
,10-07-2026,,,,,Waiting,,,,,,2.6,,,RD252,,,
,10-07-2026,,,,,LU Loading,,,,,,2.47,,,RD252,,,
,10-07-2026,,,,,Waiting,,,,,,3.05,,,RD231,,,
,10-07-2026,,,,,LU Loading,,,,,,3.32,,,RD231,,,
,10-07-2026,,,,,Waiting,,,,,,3.58,,,RD234,,,
,10-07-2026,,,,,LU Loading,,,,,,3.25,,,RD234,,,
,10-07-2026,,,,,Waiting,,,,,,0.72,,,RD244,,,
,10-07-2026,,,,,LU Loading,,,,,,3,,,RD244,,,
,10-07-2026,,,,,Waiting,,,,,,0.48,,,RD242,,,
,10-07-2026,,,,,Spotting,,,,,,0.23,,,RD242,,,
,10-07-2026,,,,,LU Loading,,,,,,2.23,,,RD242,,,
,10-07-2026,,,,,Spotting,,,,,,0.48,,,RD252,,,
,10-07-2026,,,,,LU Loading,,,,,,3.32,,,RD252,,,
,10-07-2026,,,,,Waiting,,,,,,0.8,,,RD231,,,
,10-07-2026,,,,,LU Loading,,,,,,2.92,,,RD231,,,
,10-07-2026,,,,,Waiting,,,,,,2.3,,,RD234,,,
,10-07-2026,,,,,Spotting,,,,,,0.27,,,RD234,,,
,10-07-2026,,,,,LU Loading,,,,,,3.48,,,RD234,,,
,10-07-2026,,,,,Waiting,,,,,,4.93,,,RD242,,,
,10-07-2026,,,,,LU Loading,,,,,,3.53,,,RD242,,,
,10-07-2026,,,,,Waiting,,,,,,0.55,,,RD244,,,
,10-07-2026,,,,,LU Loading,,,,,,3.43,,,RD244,,,
,10-07-2026,,,,,Waiting,,,,,,0.5,,,RD252,,,
,10-07-2026,,,,,LU Loading,,,,,,2.73,,,RD252,,,
,10-07-2026,,,,,Waiting,,,,,,0.75,,,RD231,,,
,10-07-2026,,,,,LU Loading,,,,,,2.52,,,RD231,,,
,10-07-2026,,,,,Waiting,,,,,,0.28,,,RD234,,,
,10-07-2026,,,,,LU Loading,,,,,,3.25,,,RD234,,,
,10-07-2026,,,,,Waiting,,,,,,3.37,,,RD242,,,
,11-07-2026,,,,,Spotting,,,,,,0.25,,,RD242,,,
,11-07-2026,,,,,LU Loading,,,,,,2.67,,,RD242,,,
,11-07-2026,,,,,Waiting,,,,,,2.92,,,RD244,,,
,11-07-2026,,,,,LU Loading,,,,,,2.72,,,RD244,,,
,11-07-2026,,,,,Waiting,,,,,,0.62,,,RD231,,,
,11-07-2026,,,,,LU Loading,,,,,,2.22,,,RD231,,,
,11-07-2026,,,,,Waiting,,,,,,0.4,,,RD252,,,
,11-07-2026,,,,,LU Loading,,,,,,2.85,,,RD252,,,
,11-07-2026,,,,,Waiting,,,,,,7.37,,,RD242,,,
,11-07-2026,,,,,LU Loading,,,,,,2.55,,,RD242,,,
,11-07-2026,,,,,Waiting,,,,,,1.57,,,RD244,,,
,11-07-2026,,,,,LU Loading,,,,,,3.52,,,RD244,,,
,11-07-2026,,,,,Waiting,,,,,,0.47,,,RD231,,,
,11-07-2026,,,,,Spotting,,,,,,0.42,,,RD231,,,
,11-07-2026,,,,,LU Loading,,,,,,2.38,,,RD231,,,
,11-07-2026,,,,,Waiting,,,,,,0.37,,,RD252,,,
,11-07-2026,,,,,Spotting,,,,,,0.18,,,RD252,,,
,11-07-2026,,,,,LU Loading,,,,,,2.95,,,RD252,,,
,11-07-2026,,,,,Waiting,,,,,,5.75,,,RD242,,,
,11-07-2026,,,,,LU Loading,,,,,,2.4,,,RD242,,,
,11-07-2026,,,,,Waiting,,,,,,0.52,,,RD234,,,
,11-07-2026,,,,,LU Loading,,,,,,3.23,,,RD234,,,
,11-07-2026,,,,,Waiting,,,,,,0.6,,,RD231,,,
,11-07-2026,,,,,LU Loading,,,,,,3.37,,,RD231,,,
,11-07-2026,,,,,Waiting,,,,,,0.5,,,RD244,,,
,11-07-2026,,,,,Spotting,,,,,,0.3,,,RD244,,,
,11-07-2026,,,,,LU Loading,,,,,,3.13,,,RD244,,,
,11-07-2026,,,,,Waiting,,,,,,0.47,,,RD252,,,
,11-07-2026,,,,,LU Loading,,,,,,2.88,,,RD252,,,
,11-07-2026,,,,,Waiting,,,,,,3.4,,,RD242,,,
,11-07-2026,,,,,LU Loading,,,,,,3.08,,,RD242,,,
,11-07-2026,,,,,Waiting,,,,,,0.63,,,RD234,,,
,11-07-2026,,,,,LU Loading,,,,,,3.97,,,RD234,,,
,11-07-2026,,,,,Waiting,,,,,,0.17,,,RD231,,,
,11-07-2026,,,,,Spotting,,,,,,0.38,,,RD231,,,
,11-07-2026,,,,,LU Loading,,,,,,3.67,,,RD231,,,
,11-07-2026,,,,,Waiting,,,,,,3.33,,,RD252,,,
,11-07-2026,,,,,LU Loading,,,,,,3.33,,,RD252,,,
,11-07-2026,,,,,Waiting,,,,,,2.08,,,RD242,,,
,11-07-2026,,,,,LU Loading,,,,,,3.07,,,RD242,,,
,11-07-2026,,,,,Waiting,,,,,,0.08,,,RD244,,,
,11-07-2026,,,,,Spotting,,,,,,0.32,,,RD244,,,
,11-07-2026,,,,,LU Loading,,,,,,3.4,,,RD244,,,
,11-07-2026,,,,,Waiting,,,,,,5.82,,,RD231,,,
,11-07-2026,,,,,Spotting,,,,,,0.9,,,RD231,,,
,11-07-2026,,,,,LU Loading,,,,,,3.12,,,RD231,,,
,11-07-2026,,,,,Waiting,,,,,,0.2,,,RD252,,,
,11-07-2026,,,,,LU Loading,,,,,,3.35,,,RD252,,,
,11-07-2026,,,,,Waiting,,,,,,2.83,,,RD242,,,
,11-07-2026,,,,,LU Loading,,,,,,3.23,,,RD242,,,
,11-07-2026,,,,,Waiting,,,,,,32.9,,,RD231,,,
,11-07-2026,,,,,Tea/ Breakfast / Snacks,,,,,,37.47,,,RD231,,,
,11-07-2026,,,,,Spotting,,,,,,0.08,,,RD231,,,
,11-07-2026,,,,,LU Loading,,,,,,3.35,,,RD231,,,
,11-07-2026,,,,,Waiting,,,,,,0.65,,,RD244,,,
,11-07-2026,,,,,LU Loading,,,,,,2.95,,,RD244,,,
,11-07-2026,,,,,Waiting,,,,,,0.57,,,RD234,,,
,11-07-2026,,,,,LU Loading,,,,,,3.62,,,RD234,,,
,11-07-2026,,,,,Waiting,,,,,,0.63,,,RD242,,,
,11-07-2026,,,,,LU Loading,,,,,,3.02,,,RD242,,,
,11-07-2026,,,,,Waiting,,,,,,4.5,,,RD231,,,
,11-07-2026,,,,,LU Loading,,,,,,3.52,,,RD231,,,
,11-07-2026,,,,,Waiting,,,,,,4.05,,,RD244,,,
,11-07-2026,,,,,LU Loading,,,,,,2.55,,,RD244,,,
,11-07-2026,,,,,Waiting,,,,,,0.23,,,RD234,,,
,11-07-2026,,,,,Spotting,,,,,,0.17,,,RD234,,,
,11-07-2026,,,,,LU Loading,,,,,,2.68,,,RD234,,,
,11-07-2026,,,,,Waiting,,,,,,2.7,,,RD242,,,
,11-07-2026,,,,,LU Loading,,,,,,1.95,,,RD242,,,
,11-07-2026,,,,,Waiting,,,,,,2.85,,,RD231,,,
,11-07-2026,,,,,Spotting,,,,,,0.22,,,RD231,,,
,11-07-2026,,,,,LU Loading,,,,,,2.63,,,RD231,,,
,11-07-2026,,,,,Waiting,,,,,,0.07,,,RD252,,,
,11-07-2026,,,,,LU Loading,,,,,,2.42,,,RD252,,,
,11-07-2026,,,,,Waiting,,,,,,4.27,,,RD244,,,
,11-07-2026,,,,,LU Loading,,,,,,2.25,,,RD244,,,
,11-07-2026,,,,,Waiting,,,,,,0.23,,,RD234,,,
,11-07-2026,,,,,LU Loading,,,,,,3.32,,,RD234,,,
,11-07-2026,,,,,Waiting,,,,,,3.47,,,RD242,,,
,11-07-2026,,,,,Spotting,,,,,,0.37,,,RD242,,,
,11-07-2026,,,,,LU Loading,,,,,,2.67,,,RD242,,,
,11-07-2026,,,,,Waiting,,,,,,0.2,,,RD231,,,
,11-07-2026,,,,,Spotting,,,,,,0.35,,,RD231,,,
,11-07-2026,,,,,LU Loading,,,,,,2.22,,,RD231,,,
,11-07-2026,,,,,Waiting,,,,,,0.12,,,RD252,,,
,11-07-2026,,,,,Spotting,,,,,,0.33,,,RD252,,,
,11-07-2026,,,,,LU Loading,,,,,,2.3,,,RD252,,,
,11-07-2026,,,,,Waiting,,,,,,3.82,,,RD244,,,
,11-07-2026,,,,,LU Loading,,,,,,2.65,,,RD244,,,
,11-07-2026,,,,,Waiting,,,,,,0.18,,,RD234,,,
,11-07-2026,,,,,LU Loading,,,,,,2.55,,,RD234,,,
,11-07-2026,,,,,Waiting,,,,,,1.98,,,RD231,,,
,11-07-2026,,,,,LU Loading,,,,,,2.68,,,RD231,,,
,11-07-2026,,,,,Waiting,,,,,,0.53,,,RD242,,,
,11-07-2026,,,,,LU Loading,,,,,,2.63,,,RD242,,,
,11-07-2026,,,,,Waiting,,,,,,0.23,,,RD252,,,
,11-07-2026,,,,,LU Loading,,,,,,2.53,,,RD252,,,
,11-07-2026,,,,,Waiting,,,,,,7.72,,,RD234,,,
,11-07-2026,,,,,LU Loading,,,,,,2.98,,,RD234,,,
,11-07-2026,,,,,Waiting,,,,,,0.98,,,RD244,,,
,11-07-2026,,,,,LU Loading,,,,,,2.87,,,RD244,,,
,11-07-2026,,,,,Waiting,,,,,,0.15,,,RD231,,,
,11-07-2026,,,,,Spotting,,,,,,0.33,,,RD231,,,
,11-07-2026,,,,,LU Loading,,,,,,2.72,,,RD231,,,
,11-07-2026,,,,,Waiting,,,,,,0.3,,,RD242,,,
,11-07-2026,,,,,Spotting,,,,,,0.35,,,RD242,,,
,11-07-2026,,,,,LU Loading,,,,,,2.07,,,RD242,,,
,11-07-2026,,,,,Waiting,,,,,,0.47,,,RD252,,,
,11-07-2026,,,,,LU Loading,,,,,,3.05,,,RD252,,,
,11-07-2026,,,,,Waiting,,,,,,5.22,,,RD234,,,
,11-07-2026,,,,,LU Loading,,,,,,2.35,,,RD234,,,
,11-07-2026,,,,,Waiting,,,,,,0.95,,,RD231,,,
,11-07-2026,,,,,LU Loading,,,,,,3.2,,,RD231,,,
,11-07-2026,,,,,Waiting,,,,,,0.47,,,RD242,,,
,11-07-2026,,,,,LU Loading,,,,,,2.5,,,RD242,,,
,11-07-2026,,,,,Waiting,,,,,,1.72,,,RD244,,,
,11-07-2026,,,,,Spotting,,,,,,0.13,,,RD244,,,
,11-07-2026,,,,,LU Loading,,,,,,4.45,,,RD244,,,
,11-07-2026,,,,,Waiting,,,,,,0.17,,,RD252,,,
,11-07-2026,,,,,Spotting,,,,,,0.5,,,RD252,,,
,11-07-2026,,,,,LU Loading,,,,,,3.43,,,RD252,,,
,11-07-2026,,,,,Waiting,,,,,,1.28,,,RD231,,,
,11-07-2026,,,,,Spotting,,,,,,0.38,,,RD231,,,
,11-07-2026,,,,,LU Loading,,,,,,2.85,,,RD231,,,
,11-07-2026,,,,,Waiting,,,,,,2.05,,,RD231,,,
,11-07-2026,,,,,LU Loading,,,,,,2.87,,,RD231,,,
,11-07-2026,,,,,Waiting,,,,,,0.53,,,RD242,,,
,11-07-2026,,,,,LU Loading,,,,,,2.75,,,RD242,,,
,11-07-2026,,,,,Waiting,,,,,,22.23,,,RD237,,,
,11-07-2026,,,,,Shift Incharge Instruction,,,,,,0.13,,,RD237,,,
,11-07-2026,,,,,Shift Change,,,,,,6.53,,,RD237,,,
,11-07-2026,,,,,,,,,,,,,,,,,
,Timestamp,,,,,Status Code,,Sub-Status Code,,,,"Duration
(min)",,,Hauling Unit,,,
,11-07-2026,,,,,Shift Change,,,,,,33.87,,,RD237,,,
,11-07-2026,,,,,Marching,,,,,,140.77,,,RD237,,,
,11-07-2026,,,,,Tea/ Breakfast / Snacks,,,,,,61.37,,,RD237,,,
,11-07-2026,,,,,LU Loading,,,,,,1.75,,,RD237,,,
,11-07-2026,,,,,Waiting,,,,,,0.33,,,RD242,,,
,11-07-2026,,,,,LU Loading,,,,,,2.62,,,RD242,,,
,11-07-2026,,,,,Waiting,,,,,,0.4,,,RD247,,,
,11-07-2026,,,,,LU Loading,,,,,,7.13,,,RD247,,,
,11-07-2026,,,,,Waiting,,,,,,1.2,,,RD239,,,
,11-07-2026,,,,,LU Loading,,,,,,6.7,,,RD239,,,
,11-07-2026,,,,,Waiting,,,,,,5.78,,,RD237,,,
,11-07-2026,,,,,Spotting,,,,,,0.18,,,RD237,,,
,11-07-2026,,,,,LU Loading,,,,,,3.5,,,RD237,,,
,11-07-2026,,,,,Spotting,,,,,,0.63,,,RD242,,,
,11-07-2026,,,,,LU Loading,,,,,,4.3,,,RD242,,,
,11-07-2026,,,,,Spotting,,,,,,0.42,,,RD247,,,
,11-07-2026,,,,,LU Loading,,,,,,2.95,,,RD247,,,
,11-07-2026,,,,,Spotting,,,,,,0.67,,,RD239,,,
,11-07-2026,,,,,LU Loading,,,,,,3.58,,,RD239,,,
,11-07-2026,,,,,Spotting,,,,,,0.22,,,RD237,,,
,11-07-2026,,,,,LU Loading,,,,,,3.87,,,RD237,,,
,11-07-2026,,,,,Waiting,,,,,,4.2,,,RD242,,,
,11-07-2026,,,,,Spotting,,,,,,0.53,,,RD242,,,
,11-07-2026,,,,,LU Loading,,,,,,20.97,,,RD242,,,
,11-07-2026,,,,,Waiting,,,,,,5.77,,,RD247,,,
,11-07-2026,,,,,Spotting,,,,,,0.52,,,RD247,,,
,11-07-2026,,,,,LU Loading,,,,,,3.22,,,RD247,,,
,11-07-2026,,,,,Waiting,,,,,,5.52,,,RD237,,,
,11-07-2026,,,,,LU Loading,,,,,,2.12,,,RD237,,,
,11-07-2026,,,,,Waiting,,,,,,0.85,,,RD242,,,
,11-07-2026,,,,,LU Loading,,,,,,3.03,,,RD242,,,
,11-07-2026,,,,,Waiting,,,,,,0.85,,,RD239,,,
,11-07-2026,,,,,Spotting,,,,,,0.18,,,RD239,,,
,11-07-2026,,,,,LU Loading,,,,,,2.73,,,RD239,,,
,11-07-2026,,,,,Waiting,,,,,,0.75,,,RD247,,,
,11-07-2026,,,,,LU Loading,,,,,,4.08,,,RD247,,,
,11-07-2026,,,,,Waiting,,,,,,2.58,,,RD242,,,
,11-07-2026,,,,,LU Loading,,,,,,3.63,,,RD242,,,
,11-07-2026,,,,,Waiting,,,,,,3.52,,,RD239,,,
,11-07-2026,,,,,Spotting,,,,,,0.13,,,RD239,,,
,11-07-2026,,,,,LU Loading,,,,,,2.52,,,RD239,,,
,11-07-2026,,,,,Waiting,,,,,,0.62,,,RD247,,,
,11-07-2026,,,,,LU Loading,,,,,,3.12,,,RD247,,,
,11-07-2026,,,,,Waiting,,,,,,0.78,,,RD242,,,
,11-07-2026,,,,,LU Loading,,,,,,3.08,,,RD242,,,
,11-07-2026,,,,,Waiting,,,,,,5.6,,,RD239,,,
,11-07-2026,,,,,LU Loading,,,,,,2.87,,,RD239,,,
,11-07-2026,,,,,Waiting,,,,,,0.5,,,RD247,,,
,11-07-2026,,,,,Spotting,,,,,,0.27,,,RD247,,,
,11-07-2026,,,,,LU Loading,,,,,,3.35,,,RD247,,,
,11-07-2026,,,,,Waiting,,,,,,0.92,,,RD242,,,
,11-07-2026,,,,,LU Loading,,,,,,2.82,,,RD242,,,
,11-07-2026,,,,,Waiting,,,,,,0.68,,,RD237,,,
,11-07-2026,,,,,Spotting,,,,,,0.23,,,RD237,,,
,11-07-2026,,,,,LU Loading,,,,,,3.17,,,RD237,,,
,11-07-2026,,,,,Waiting,,,,,,0.72,,,RD239,,,
,11-07-2026,,,,,LU Loading,,,,,,2.25,,,RD239,,,
,11-07-2026,,,,,Waiting,,,,,,0.7,,,RD247,,,
,11-07-2026,,,,,LU Loading,,,,,,2.43,,,RD247,,,
,11-07-2026,,,,,Waiting,,,,,,4.12,,,RD242,,,
,11-07-2026,,,,,LU Loading,,,,,,2.23,,,RD242,,,
,11-07-2026,,,,,Waiting,,,,,,1.23,,,RD237,,,
,11-07-2026,,,,,LU Loading,,,,,,2.25,,,RD237,,,
,11-07-2026,,,,,Waiting,,,,,,1.42,,,RD239,,,
,11-07-2026,,,,,LU Loading,,,,,,2.68,,,RD239,,,
,11-07-2026,,,,,Waiting,,,,,,0.75,,,RD247,,,
,11-07-2026,,,,,LU Loading,,,,,,2.65,,,RD247,,,
,11-07-2026,,,,,Waiting,,,,,,0.68,,,RD242,,,
,11-07-2026,,,,,LU Loading,,,,,,2.2,,,RD242,,,
,11-07-2026,,,,,Waiting,,,,,,0.93,,,RD237,,,
,11-07-2026,,,,,LU Loading,,,,,,2.27,,,RD237,,,
,11-07-2026,,,,,Waiting,,,,,,1.88,,,RD239,,,
,11-07-2026,,,,,LU Loading,,,,,,2.38,,,RD239,,,
,11-07-2026,,,,,Waiting,,,,,,0.55,,,RD247,,,
,11-07-2026,,,,,LU Loading,,,,,,2.37,,,RD247,,,
,11-07-2026,,,,,Waiting,,,,,,0.62,,,RD242,,,
,11-07-2026,,,,,LU Loading,,,,,,2.4,,,RD242,,,
,11-07-2026,,,,,Waiting,,,,,,1.7,,,RD237,,,
,11-07-2026,,,,,LU Loading,,,,,,2.37,,,RD237,,,
,11-07-2026,,,,,Waiting,,,,,,1.02,,,RD239,,,
,11-07-2026,,,,,LU Loading,,,,,,3.05,,,RD239,,,
,11-07-2026,,,,,Waiting,,,,,,0.8,,,RD247,,,
,11-07-2026,,,,,LU Loading,,,,,,2.32,,,RD247,,,
,11-07-2026,,,,,Waiting,,,,,,0.47,,,RD242,,,
,11-07-2026,,,,,LU Loading,,,,,,2.13,,,RD242,,,
,11-07-2026,,,,,Waiting,,,,,,1.25,,,RD237,,,
,11-07-2026,,,,,LU Loading,,,,,,2.33,,,RD237,,,
,11-07-2026,,,,,Waiting,,,,,,1.13,,,RD239,,,
,11-07-2026,,,,,LU Loading,,,,,,2.37,,,RD239,,,
,11-07-2026,,,,,Waiting,,,,,,1.08,,,RD252,,,
,11-07-2026,,,,,LU Loading,,,,,,2.15,,,RD252,,,
,11-07-2026,,,,,Waiting,,,,,,0.55,,,RD247,,,
,11-07-2026,,,,,LU Loading,,,,,,2.33,,,RD247,,,
,11-07-2026,,,,,Waiting,,,,,,9.88,,,RD242,,,
,11-07-2026,,,,,Shift Change,,,,,,25.42,,,RD242,,,
,11-07-2026,,,,,Shift Change,,,,,,91.3,,,RD242,,,
,11-07-2026,,,,,Marching,,,,,,0.57,,,RD242,,,
,11-07-2026,,,,,Waiting,,,,,,24.88,,,RD242,,,
,11-07-2026,,,,,Spotting,,,,,,0.25,,,RD242,,,
,11-07-2026,,,,,LU Loading,,,,,,2.77,,,RD242,,,
,11-07-2026,,,,,Waiting,,,,,,1.13,,,RD249,,,
,11-07-2026,,,,,Spotting,,,,,,0.18,,,RD249,,,
,11-07-2026,,,,,LU Loading,,,,,,3.03,,,RD249,,,
,11-07-2026,,,,,Waiting,,,,,,6.47,,,RD247,,,
,11-07-2026,,,,,Side Casting,,,,,,1.93,,,RD247,,,
,11-07-2026,,,,,LU Loading,,,,,,3.72,,,RD247,,,
,11-07-2026,,,,,Waiting,,,,,,0.87,,,RD242,,,
,11-07-2026,,,,,LU Loading,,,,,,2.53,,,RD242,,,
,11-07-2026,,,,,Waiting,,,,,,1.38,,,RD249,,,
,11-07-2026,,,,,LU Loading,,,,,,2.65,,,RD249,,,
,11-07-2026,,,,,Waiting,,,,,,4.05,,,RD247,,,
,11-07-2026,,,,,Spotting,,,,,,0.17,,,RD247,,,
,11-07-2026,,,,,LU Loading,,,,,,2.87,,,RD247,,,
,11-07-2026,,,,,Waiting,,,,,,0.87,,,RD242,,,
,11-07-2026,,,,,LU Loading,,,,,,2.77,,,RD242,,,
,11-07-2026,,,,,Waiting,,,,,,0.75,,,RD232,,,
,11-07-2026,,,,,LU Loading,,,,,,2.7,,,RD232,,,
,11-07-2026,,,,,Waiting,,,,,,0.95,,,RD249,,,
,11-07-2026,,,,,LU Loading,,,,,,2.8,,,RD249,,,
,11-07-2026,,,,,Waiting,,,,,,0.82,,,RD247,,,
,11-07-2026,,,,,Spotting,,,,,,0.13,,,RD247,,,
,11-07-2026,,,,,LU Loading,,,,,,3.05,,,RD247,,,
,11-07-2026,,,,,Waiting,,,,,,3.05,,,RD232,,,
,11-07-2026,,,,,LU Loading,,,,,,2.63,,,RD232,,,
,11-07-2026,,,,,Waiting,,,,,,2.62,,,RD249,,,
,11-07-2026,,,,,LU Loading,,,,,,2.35,,,RD249,,,
,11-07-2026,,,,,Waiting,,,,,,0.93,,,RD247,,,
,11-07-2026,,,,,Spotting,,,,,,0.32,,,RD247,,,
,11-07-2026,,,,,LU Loading,,,,,,2.33,,,RD247,,,
,11-07-2026,,,,,Waiting,,,,,,2.23,,,RD232,,,
,11-07-2026,,,,,Spotting,,,,,,0.13,,,RD232,,,
,11-07-2026,,,,,LU Loading,,,,,,2.82,,,RD232,,,
,11-07-2026,,,,,Waiting,,,,,,4.58,,,RD247,,,
,11-07-2026,,,,,LU Loading,,,,,,2.37,,,RD247,,,
,11-07-2026,,,,,Waiting,,,,,,0.68,,,RD249,,,
,11-07-2026,,,,,Spotting,,,,,,0.15,,,RD249,,,
,11-07-2026,,,,,LU Loading,,,,,,2.5,,,RD249,,,
,11-07-2026,,,,,Waiting,,,,,,1.52,,,RD232,,,
,11-07-2026,,,,,Spotting,,,,,,0.1,,,RD232,,,
,11-07-2026,,,,,LU Loading,,,,,,2.62,,,RD232,,,
,11-07-2026,,,,,Waiting,,,,,,3.42,,,RD247,,,
,11-07-2026,,,,,Spotting,,,,,,0.47,,,RD247,,,
,11-07-2026,,,,,LU Loading,,,,,,15.4,,,RD247,,,
,11-07-2026,,,,,Waiting,,,,,,16.55,,,RD249,,,
,11-07-2026,,,,,LU Loading,,,,,,4.97,,,RD249,,,
,11-07-2026,,,,,Waiting,,,,,,0.88,,,RD252,,,
,11-07-2026,,,,,LU Loading,,,,,,3.15,,,RD252,,,
,11-07-2026,,,,,Waiting,,,,,,14.05,,,RD242,,,
,11-07-2026,,,,,Spotting,,,,,,0.17,,,RD242,,,
,11-07-2026,,,,,LU Loading,,,,,,2.62,,,RD242,,,
,11-07-2026,,,,,Waiting,,,,,,0.3,,,RD252,,,
,11-07-2026,,,,,Spotting,,,,,,0.37,,,RD252,,,
,11-07-2026,,,,,LU Loading,,,,,,2.65,,,RD252,,,
,11-07-2026,,,,,Waiting,,,,,,5.62,,,RD249,,,
,11-07-2026,,,,,Spotting,,,,,,0.12,,,RD249,,,
,11-07-2026,,,,,LU Loading,,,,,,2.53,,,RD249,,,
,11-07-2026,,,,,Waiting,,,,,,0.55,,,RD242,,,
,11-07-2026,,,,,Spotting,,,,,,0.2,,,RD242,,,
,11-07-2026,,,,,LU Loading,,,,,,3.63,,,RD242,,,
,11-07-2026,,,,,Waiting,,,,,,1,,,RD252,,,
,11-07-2026,,,,,Spotting,,,,,,0.4,,,RD252,,,
,11-07-2026,,,,,LU Loading,,,,,,4.68,,,RD252,,,
,11-07-2026,,,,,Waiting,,,,,,1.1,,,RD235,,,
,11-07-2026,,,,,LU Loading,,,,,,2.32,,,RD235,,,
,11-07-2026,,,,,Waiting,,,,,,1.63,,,RD232,,,
,11-07-2026,,,,,Spotting,,,,,,0.6,,,RD232,,,
,11-07-2026,,,,,LU Loading,,,,,,2.65,,,RD232,,,
,11-07-2026,,,,,Waiting,,,,,,1.57,,,RD242,,,
,11-07-2026,,,,,Spotting,,,,,,0.1,,,RD242,,,
,11-07-2026,,,,,LU Loading,,,,,,2.87,,,RD242,,,
,11-07-2026,,,,,Waiting,,,,,,0.7,,,RD252,,,
,11-07-2026,,,,,Spotting,,,,,,0.87,,,RD252,,,
,11-07-2026,,,,,LU Loading,,,,,,4.15,,,RD252,,,
,11-07-2026,,,,,Waiting,,,,,,4.12,,,RD235,,,
,11-07-2026,,,,,Spotting,,,,,,0.33,,,RD235,,,
,11-07-2026,,,,,LU Loading,,,,,,2.13,,,RD235,,,
,11-07-2026,,,,,Waiting,,,,,,0.62,,,RD232,,,
,11-07-2026,,,,,Spotting,,,,,,0.18,,,RD232,,,
,11-07-2026,,,,,LU Loading,,,,,,2.65,,,RD232,,,
,11-07-2026,,,,,Waiting,,,,,,0.22,,,RD242,,,
,11-07-2026,,,,,Spotting,,,,,,0.08,,,RD242,,,
,11-07-2026,,,,,LU Loading,,,,,,2.73,,,RD242,,,
,11-07-2026,,,,,Waiting,,,,,,0.58,,,RD247,,,
,11-07-2026,,,,,Spotting,,,,,,0.23,,,RD247,,,
,11-07-2026,,,,,LU Loading,,,,,,2.97,,,RD247,,,
,11-07-2026,,,,,Waiting,,,,,,0.6,,,RD252,,,
,11-07-2026,,,,,Spotting,,,,,,0.12,,,RD252,,,
,11-07-2026,,,,,LU Loading,,,,,,3.33,,,RD252,,,
,11-07-2026,,,,,Waiting,,,,,,0.17,,,RD235,,,
,11-07-2026,,,,,Spotting,,,,,,0.42,,,RD235,,,
,11-07-2026,,,,,LU Loading,,,,,,2.88,,,RD235,,,
,11-07-2026,,,,,LU Loading,,,,,,3.28,,,RD232,,,
,11-07-2026,,,,,Waiting,,,,,,1.13,,,RD242,,,
,11-07-2026,,,,,LU Loading,,,,,,3.12,,,RD242,,,
,11-07-2026,,,,,Spotting,,,,,,0.53,,,RD247,,,
,11-07-2026,,,,,LU Loading,,,,,,2.3,,,RD247,,,
,11-07-2026,,,,,Waiting,,,,,,1.17,,,RD252,,,
,11-07-2026,,,,,Spotting,,,,,,0.15,,,RD252,,,
,11-07-2026,,,,,LU Loading,,,,,,2.8,,,RD252,,,
,11-07-2026,,,,,Waiting,,,,,,2.07,,,RD235,,,
,11-07-2026,,,,,Spotting,,,,,,1.13,,,RD235,,,
,11-07-2026,,,,,LU Loading,,,,,,1.13,,,RD235,,,
,11-07-2026,,,,,Waiting,,,,,,0.67,,,RD242,,,
,11-07-2026,,,,,Spotting,,,,,,0.07,,,RD242,,,
,11-07-2026,,,,,LU Loading,,,,,,2.47,,,RD242,,,
,11-07-2026,,,,,Waiting,,,,,,1,,,RD232,,,
,11-07-2026,,,,,Spotting,,,,,,0.9,,,RD232,,,
,11-07-2026,,,,,LU Loading,,,,,,4.43,,,RD232,,,
,11-07-2026,,,,,Waiting,,,,,,0.42,,,RD247,,,
,11-07-2026,,,,,Spotting,,,,,,0.2,,,RD247,,,
,11-07-2026,,,,,LU Loading,,,,,,2.77,,,RD247,,,
,11-07-2026,,,,,Waiting,,,,,,1.38,,,RD252,,,
,11-07-2026,,,,,LU Loading,,,,,,4.97,,,RD252,,,
,11-07-2026,,,,,Waiting,,,,,,7.85,,,RD249,,,
,11-07-2026,,,,,Spotting,,,,,,0.38,,,RD249,,,
,11-07-2026,,,,,LU Loading,,,,,,2.6,,,RD249,,,
,11-07-2026,,,,,Waiting,,,,,,4.43,,,RD242,,,
,11-07-2026,,,,,Spotting,,,,,,0.25,,,RD242,,,
,11-07-2026,,,,,LU Loading,,,,,,1.97,,,RD242,,,
,11-07-2026,,,,,Waiting,,,,,,1.42,,,RD232,,,
,11-07-2026,,,,,Spotting,,,,,,0.83,,,RD232,,,
,11-07-2026,,,,,LU Loading,,,,,,3.1,,,RD232,,,
,11-07-2026,,,,,Waiting,,,,,,0.53,,,RD247,,,
,11-07-2026,,,,,LU Loading,,,,,,2.73,,,RD247,,,
,11-07-2026,,,,,Waiting,,,,,,0.55,,,RD249,,,
,11-07-2026,,,,,LU Loading,,,,,,3.13,,,RD249,,,
,11-07-2026,,,,,Waiting,,,,,,0.17,,,RD242,,,
,11-07-2026,,,,,Spotting,,,,,,0.18,,,RD242,,,
,11-07-2026,,,,,LU Loading,,,,,,2.68,,,RD242,,,
,11-07-2026,,,,,Waiting,,,,,,5.12,,,RD232,,,
,11-07-2026,,,,,Spotting,,,,,,0.28,,,RD232,,,
,11-07-2026,,,,,LU Loading,,,,,,2.6,,,RD232,,,
,11-07-2026,,,,,Waiting,,,,,,0.25,,,RD247,,,
,11-07-2026,,,,,Spotting,,,,,,0.13,,,RD247,,,
,11-07-2026,,,,,LU Loading,,,,,,2.58,,,RD247,,,
,11-07-2026,,,,,Waiting,,,,,,0.5,,,RD249,,,
,11-07-2026,,,,,LU Loading,,,,,,2.55,,,RD249,,,
,11-07-2026,,,,,Waiting,,,,,,0.95,,,RD242,,,
,11-07-2026,,,,,Spotting,,,,,,0.52,,,RD242,,,
,11-07-2026,,,,,LU Loading,,,,,,3.15,,,RD242,,,
,11-07-2026,,,,,Waiting,,,,,,5.13,,,RD232,,,
,11-07-2026,,,,,Spotting,,,,,,0.2,,,RD232,,,
,11-07-2026,,,,,LU Loading,,,,,,3.57,,,RD232,,,
,11-07-2026,,,,,LU Loading,,,,,,2.72,,,RD247,,,
,11-07-2026,,,,,Waiting,,,,,,2.33,,,RD242,,,
,11-07-2026,,,,,LU Loading,,,,,,2.58,,,RD242,,,
,11-07-2026,,,,,Waiting,,,,,,0.37,,,RD249,,,
,11-07-2026,,,,,LU Loading,,,,,,2.5,,,RD249,,,
,11-07-2026,,,,,Waiting,,,,,,5.13,,,RD247,,,
,11-07-2026,,,,,LU Loading,,,,,,2.38,,,RD247,,,
,11-07-2026,,,,,Waiting,,,,,,17.67,,,RD234,,,
,11-07-2026,,,,,Shift Change,,,,,,19.73,,,RD234,,,
,11-07-2026,,,,,Shift Change,,,,,,33.75,,,RD234,,,
,11-07-2026,,,,,Waiting,,,,,,7.8,,,RD234,,,
,11-07-2026,,,,,LU Loading,,,,,,1.57,,,RD234,,,
,11-07-2026,,,,,Marching,,,,,,10.18,,,RD235,,,
,11-07-2026,,,,,LU Loading,,,,,,3.43,,,RD235,,,
,11-07-2026,,,,,Waiting,,,,,,1.28,,,RD234,,,
,11-07-2026,,,,,LU Loading,,,,,,3.02,,,RD234,,,
,11-07-2026,,,,,Waiting,,,,,,1.6,,,RD247,,,
,11-07-2026,,,,,LU Loading,,,,,,2.82,,,RD247,,,
,11-07-2026,,,,,Waiting,,,,,,7.12,,,RD233,,,
,11-07-2026,,,,,LU Loading,,,,,,2.88,,,RD233,,,
,11-07-2026,,,,,Waiting,,,,,,1.12,,,RD235,,,
,11-07-2026,,,,,Spotting,,,,,,0.12,,,RD235,,,
,11-07-2026,,,,,LU Loading,,,,,,2.72,,,RD235,,,
,11-07-2026,,,,,Waiting,,,,,,1.15,,,RD234,,,
,11-07-2026,,,,,Spotting,,,,,,0.78,,,RD234,,,
,11-07-2026,,,,,LU Loading,,,,,,2.62,,,RD234,,,
,11-07-2026,,,,,Waiting,,,,,,1.58,,,RD247,,,
,11-07-2026,,,,,Spotting,,,,,,0.12,,,RD247,,,
,11-07-2026,,,,,LU Loading,,,,,,2.83,,,RD247,,,
,11-07-2026,,,,,Waiting,,,,,,2.02,,,RD233,,,
,11-07-2026,,,,,LU Loading,,,,,,2.98,,,RD233,,,
,11-07-2026,,,,,Waiting,,,,,,1.13,,,RD235,,,
,11-07-2026,,,,,Spotting,,,,,,1.13,,,RD235,,,
,11-07-2026,,,,,LU Loading,,,,,,2.83,,,RD235,,,
,11-07-2026,,,,,Waiting,,,,,,11.82,,,RD245,,,
,11-07-2026,,,,,Spotting,,,,,,0.27,,,RD245,,,
,11-07-2026,,,,,LU Loading,,,,,,3.25,,,RD245,,,
,11-07-2026,,,,,Waiting,,,,,,1.35,,,RD234,,,
,11-07-2026,,,,,Spotting,,,,,,0.27,,,RD234,,,
,11-07-2026,,,,,LU Loading,,,,,,2.95,,,RD234,,,
,11-07-2026,,,,,Waiting,,,,,,0.07,,,RD247,,,
,11-07-2026,,,,,Spotting,,,,,,1.23,,,RD247,,,
,11-07-2026,,,,,LU Loading,,,,,,3.18,,,RD247,,,
,12-07-2026,,,,,Waiting,,,,,,0.67,,,RD233,,,
,12-07-2026,,,,,Spotting,,,,,,0.2,,,RD233,,,
,12-07-2026,,,,,LU Loading,,,,,,2.85,,,RD233,,,
,12-07-2026,,,,,Waiting,,,,,,0.77,,,RD235,,,
,12-07-2026,,,,,Spotting,,,,,,0.18,,,RD235,,,
,12-07-2026,,,,,LU Loading,,,,,,2.7,,,RD235,,,
,12-07-2026,,,,,Waiting,,,,,,1.32,,,RD245,,,
,12-07-2026,,,,,LU Loading,,,,,,3.23,,,RD245,,,
,12-07-2026,,,,,Waiting,,,,,,0.4,,,RD234,,,
,12-07-2026,,,,,Spotting,,,,,,0.72,,,RD234,,,
,12-07-2026,,,,,LU Loading,,,,,,3.07,,,RD234,,,
,12-07-2026,,,,,Waiting,,,,,,0.25,,,RD233,,,
,12-07-2026,,,,,Spotting,,,,,,0.38,,,RD233,,,
,12-07-2026,,,,,LU Loading,,,,,,7.08,,,RD233,,,
,12-07-2026,,,,,Waiting,,,,,,11.05,,,RD245,,,
,12-07-2026,,,,,Face Prep,,,,,,11.12,,,RD245,,,
,12-07-2026,,,,,LU Loading,,,,,,7.65,,,RD245,,,
,12-07-2026,,,,,Waiting,,,,,,1.1,,,RD234,,,
,12-07-2026,,,,,LU Loading,,,,,,2.87,,,RD234,,,
,12-07-2026,,,,,Waiting,,,,,,0.25,,,RD233,,,
,12-07-2026,,,,,Spotting,,,,,,0.17,,,RD233,,,
,12-07-2026,,,,,LU Loading,,,,,,4.13,,,RD233,,,
,12-07-2026,,,,,Waiting,,,,,,6.5,,,RD245,,,
,12-07-2026,,,,,Spotting,,,,,,0.18,,,RD245,,,
,12-07-2026,,,,,LU Loading,,,,,,3.1,,,RD245,,,
,12-07-2026,,,,,Waiting,,,,,,0.95,,,RD234,,,
,12-07-2026,,,,,LU Loading,,,,,,3.37,,,RD234,,,
,12-07-2026,,,,,LU Loading,,,,,,8,,,RD233,,,
,12-07-2026,,,,,Waiting,,,,,,2.07,,,RD234,,,
,12-07-2026,,,,,Spotting,,,,,,1.2,,,RD234,,,
,12-07-2026,,,,,LU Loading,,,,,,2.68,,,RD234,,,
,12-07-2026,,,,,Waiting,,,,,,5.87,,,RD245,,,
,12-07-2026,,,,,Spotting,,,,,,0.27,,,RD245,,,
,12-07-2026,,,,,LU Loading,,,,,,3.52,,,RD245,,,
,12-07-2026,,,,,LU Loading,,,,,,3.25,,,RD233,,,
,12-07-2026,,,,,Waiting,,,,,,9.48,,,RD245,,,
,12-07-2026,,,,,LU Loading,,,,,,3.68,,,RD245,,,
,12-07-2026,,,,,Spotting,,,,,,0.88,,,RD233,,,
,12-07-2026,,,,,LU Loading,,,,,,2.35,,,RD233,,,
,12-07-2026,,,,,Waiting,,,,,,7.05,,,RD245,,,
,12-07-2026,,,,,LU Loading,,,,,,3.05,,,RD245,,,
,12-07-2026,,,,,Waiting,,,,,,13.12,,,RD233,,,
,12-07-2026,,,,,LU Loading,,,,,,3.32,,,RD233,,,
,12-07-2026,,,,,Waiting,,,,,,0.68,,,RD234,,,
,12-07-2026,,,,,Spotting,,,,,,0.28,,,RD234,,,
,12-07-2026,,,,,LU Loading,,,,,,3.13,,,RD234,,,
,12-07-2026,,,,,Waiting,,,,,,1.1,,,RD247,,,
,12-07-2026,,,,,LU Loading,,,,,,2.33,,,RD247,,,
,12-07-2026,,,,,Waiting,,,,,,3.03,,,RD233,,,
,12-07-2026,,,,,LU Loading,,,,,,3.85,,,RD233,,,
,12-07-2026,,,,,Waiting,,,,,,2.25,,,RD234,,,
,12-07-2026,,,,,LU Loading,,,,,,2.7,,,RD234,,,
,12-07-2026,,,,,Waiting,,,,,,0.85,,,RD247,,,
,12-07-2026,,,,,LU Loading,,,,,,2.48,,,RD247,,,
,12-07-2026,,,,,Waiting,,,,,,9.45,,,RD234,,,
,12-07-2026,,,,,Spotting,,,,,,0.12,,,RD234,,,
,12-07-2026,,,,,LU Loading,,,,,,3,,,RD234,,,
,12-07-2026,,,,,Waiting,,,,,,0.55,,,RD247,,,
,12-07-2026,,,,,Spotting,,,,,,0.17,,,RD247,,,
,12-07-2026,,,,,LU Loading,,,,,,2.48,,,RD247,,,
,12-07-2026,,,,,Waiting,,,,,,5.8,,,RD245,,,
,12-07-2026,,,,,Spotting,,,,,,0.2,,,RD245,,,
,12-07-2026,,,,,LU Loading,,,,,,3.2,,,RD245,,,
,12-07-2026,,,,,Waiting,,,,,,0.23,,,RD234,,,
,12-07-2026,,,,,Spotting,,,,,,0.55,,,RD234,,,
,12-07-2026,,,,,LU Loading,,,,,,1.97,,,RD234,,,
,12-07-2026,,,,,Waiting,,,,,,0.8,,,RD247,,,
,12-07-2026,,,,,LU Loading,,,,,,2.27,,,RD247,,,
,12-07-2026,,,,,Waiting,,,,,,7.12,,,RD245,,,
,12-07-2026,,,,,Spotting,,,,,,0.2,,,RD245,,,
,12-07-2026,,,,,LU Loading,,,,,,2.57,,,RD245,,,
,12-07-2026,,,,,Waiting,,,,,,0.28,,,RD234,,,
,12-07-2026,,,,,Spotting,,,,,,0.3,,,RD234,,,
,12-07-2026,,,,,LU Loading,,,,,,2.18,,,RD234,,,
,12-07-2026,,,,,Waiting,,,,,,4.2,,,RD247,,,
,12-07-2026,,,,,LU Loading,,,,,,2.7,,,RD247,,,
,12-07-2026,,,,,Waiting,,,,,,3.97,,,RD233,,,
,12-07-2026,,,,,Spotting,,,,,,0.22,,,RD233,,,
,12-07-2026,,,,,LU Loading,,,,,,2.15,,,RD233,,,
,12-07-2026,,,,,Waiting,,,,,,1.23,,,RD245,,,
,12-07-2026,,,,,Spotting,,,,,,0.32,,,RD245,,,
,12-07-2026,,,,,LU Loading,,,,,,2.3,,,RD245,,,
,12-07-2026,,,,,Waiting,,,,,,0.38,,,RD234,,,
,12-07-2026,,,,,Spotting,,,,,,0.37,,,RD234,,,
,12-07-2026,,,,,LU Loading,,,,,,2.32,,,RD234,,,
,12-07-2026,,,,,Waiting,,,,,,0.75,,,RD247,,,
,12-07-2026,,,,,LU Loading,,,,,,2.33,,,RD247,,,
,12-07-2026,,,,,Waiting,,,,,,3.62,,,RD233,,,
,12-07-2026,,,,,LU Loading,,,,,,2.12,,,RD233,,,
,12-07-2026,,,,,Waiting,,,,,,3.37,,,RD245,,,
,12-07-2026,,,,,Spotting,,,,,,0.47,,,RD245,,,
,12-07-2026,,,,,LU Loading,,,,,,2.25,,,RD245,,,
,12-07-2026,,,,,Waiting,,,,,,0.43,,,RD234,,,
,12-07-2026,,,,,Spotting,,,,,,0.33,,,RD234,,,
,12-07-2026,,,,,LU Loading,,,,,,2.25,,,RD234,,,
,12-07-2026,,,,,Waiting,,,,,,0.58,,,RD247,,,
,12-07-2026,,,,,LU Loading,,,,,,2.32,,,RD247,,,
,12-07-2026,,,,,Waiting,,,,,,0.42,,,RD233,,,
,12-07-2026,,,,,Spotting,,,,,,0.12,,,RD233,,,
,12-07-2026,,,,,LU Loading,,,,,,2.15,,,RD233,,,
,12-07-2026,,,,,Waiting,,,,,,4.92,,,RD245,,,
,12-07-2026,,,,,Spotting,,,,,,0.48,,,RD245,,,
,12-07-2026,,,,,LU Loading,,,,,,3.13,,,RD245,,,
,12-07-2026,,,,,Waiting,,,,,,0.35,,,RD234,,,
,12-07-2026,,,,,Spotting,,,,,,0.42,,,RD234,,,
,12-07-2026,,,,,LU Loading,,,,,,2.08,,,RD234,,,
,12-07-2026,,,,,Waiting,,,,,,0.52,,,RD247,,,
,12-07-2026,,,,,Spotting,,,,,,0.12,,,RD247,,,
,12-07-2026,,,,,LU Loading,,,,,,2.23,,,RD247,,,
,12-07-2026,,,,,Waiting,,,,,,0.48,,,RD233,,,
,12-07-2026,,,,,Spotting,,,,,,0.25,,,RD233,,,
,12-07-2026,,,,,LU Loading,,,,,,2.05,,,RD233,,,
,12-07-2026,,,,,Waiting,,,,,,0.6,,,RD242,,,
,12-07-2026,,,,,LU Loading,,,,,,2,,,RD242,,,
,12-07-2026,,,,,Waiting,,,,,,4.58,,,RD234,,,
,12-07-2026,,,,,Spotting,,,,,,0.28,,,RD234,,,
,12-07-2026,,,,,LU Loading,,,,,,2.1,,,RD234,,,
,12-07-2026,,,,,Waiting,,,,,,0.43,,,RD247,,,
,12-07-2026,,,,,Spotting,,,,,,0.43,,,RD247,,,
,12-07-2026,,,,,LU Loading,,,,,,2.33,,,RD247,,,
,12-07-2026,,,,,Waiting,,,,,,1.53,,,RD242,,,
,12-07-2026,,,,,LU Loading,,,,,,1.98,,,RD242,,,
,12-07-2026,,,,,Waiting,,,,,,0.62,,,RD233,,,
,12-07-2026,,,,,LU Loading,,,,,,2.5,,,RD233,,,
,12-07-2026,,,,,Waiting,,,,,,2.3,,,RD234,,,
,12-07-2026,,,,,LU Loading,,,,,,2.32,,,RD234,,,
,12-07-2026,,,,,Waiting,,,,,,0.18,,,RD247,,,
,12-07-2026,,,,,Spotting,,,,,,0.25,,,RD247,,,
,12-07-2026,,,,,LU Loading,,,,,,2.15,,,RD247,,,
,12-07-2026,,,,,Waiting,,,,,,4.35,,,RD242,,,
,12-07-2026,,,,,LU Loading,,,,,,2.13,,,RD242,,,
,12-07-2026,,,,,Spotting,,,,,,0.43,,,RD233,,,
,12-07-2026,,,,,LU Loading,,,,,,2.62,,,RD233,,,
,12-07-2026,,,,,Waiting,,,,,,0.6,,,RD234,,,
,12-07-2026,,,,,LU Loading,,,,,,2.03,,,RD234,,,
,12-07-2026,,,,,Spotting,,,,,,0.58,,,RD247,,,
,12-07-2026,,,,,LU Loading,,,,,,2.13,,,RD247,,,
,12-07-2026,,,,,Waiting,,,,,,2.33,,,RD233,,,
,12-07-2026,,,,,LU Loading,,,,,,2.35,,,RD233,,,
,12-07-2026,,,,,Waiting,,,,,,4.13,,,RD232,,,
,12-07-2026,,,,,Shift Change,,,,,,33.88,,,RD232,,,
,12-07-2026,,,,,,,,,,,,,,,,,
,Timestamp,,,,,Status Code,,Sub-Status Code,,,,"Duration
(min)",,,Hauling Unit,,,
,12-07-2026,,,,,Shift Change,,,,,,47.55,,,RD232,,,
,12-07-2026,,,,,LU Loading,,,,,,3.12,,,RD232,,,
,12-07-2026,,,,,Waiting,,,,,,1.65,,,RD240,,,
,12-07-2026,,,,,LU Loading,,,,,,3.33,,,RD240,,,
,12-07-2026,,,,,Waiting,,,,,,1.5,,,RD239,,,
,12-07-2026,,,,,Spotting,,,,,,6.65,,,RD239,,,
,12-07-2026,,,,,LU Loading,,,,,,2.17,,,RD239,,,
,12-07-2026,,,,,Waiting,,,,,,0.92,,,RD239,,,
,12-07-2026,,,,,LU Loading,,,,,,2.9,,,RD239,,,
,12-07-2026,,,,,Spotting,,,,,,0.15,,,RD232,,,
,12-07-2026,,,,,LU Loading,,,,,,2.47,,,RD232,,,
,12-07-2026,,,,,Waiting,,,,,,0.7,,,RD240,,,
,12-07-2026,,,,,LU Loading,,,,,,0.83,,,RD240,,,
,12-07-2026,,,,,Waiting,,,,,,7.98,,,RD239,,,
,12-07-2026,,,,,Spotting,,,,,,0.37,,,RD239,,,
,12-07-2026,,,,,LU Loading,,,,,,3.1,,,RD239,,,
,12-07-2026,,,,,Waiting,,,,,,0.22,,,RD232,,,
,12-07-2026,,,,,LU Loading,,,,,,3.72,,,RD232,,,
,12-07-2026,,,,,Waiting,,,,,,0.67,,,RD240,,,
,12-07-2026,,,,,LU Loading,,,,,,3.47,,,RD240,,,
,12-07-2026,,,,,Waiting,,,,,,2.82,,,RD252,,,
,12-07-2026,,,,,LU Loading,,,,,,2.78,,,RD252,,,
,12-07-2026,,,,,Waiting,,,,,,0.57,,,RD239,,,
,12-07-2026,,,,,LU Loading,,,,,,3.27,,,RD239,,,
,12-07-2026,,,,,Waiting,,,,,,1.3,,,RD251,,,
,12-07-2026,,,,,LU Loading,,,,,,2.37,,,RD251,,,
,12-07-2026,,,,,Spotting,,,,,,0.27,,,RD232,,,
,12-07-2026,,,,,LU Loading,,,,,,3.18,,,RD232,,,
,12-07-2026,,,,,Waiting,,,,,,2.35,,,RD240,,,
,12-07-2026,,,,,LU Loading,,,,,,3.07,,,RD240,,,
,12-07-2026,,,,,LU Loading,,,,,,2.95,,,RD252,,,
,12-07-2026,,,,,Spotting,,,,,,0.27,,,RD239,,,
,12-07-2026,,,,,LU Loading,,,,,,4.87,,,RD239,,,
,12-07-2026,,,,,Waiting,,,,,,0.63,,,RD251,,,
,12-07-2026,,,,,Spotting,,,,,,0.45,,,RD251,,,
,12-07-2026,,,,,LU Loading,,,,,,7.47,,,RD251,,,
,12-07-2026,,,,,Waiting,,,,,,1.22,,,RD232,,,
,12-07-2026,,,,,LU Loading,,,,,,3.5,,,RD232,,,
,12-07-2026,,,,,Waiting,,,,,,0.88,,,RD240,,,
,12-07-2026,,,,,Spotting,,,,,,0.4,,,RD240,,,
,12-07-2026,,,,,LU Loading,,,,,,3.43,,,RD240,,,
,12-07-2026,,,,,Spotting,,,,,,0.18,,,RD252,,,
,12-07-2026,,,,,LU Loading,,,,,,3.17,,,RD252,,,
,12-07-2026,,,,,LU Loading,,,,,,3.97,,,RD239,,,
,12-07-2026,,,,,Spotting,,,,,,0.17,,,RD251,,,
,12-07-2026,,,,,LU Loading,,,,,,4.4,,,RD251,,,
,12-07-2026,,,,,LU Loading,,,,,,5.47,,,RD232,,,
,12-07-2026,,,,,Spotting,,,,,,0.9,,,RD240,,,
,12-07-2026,,,,,LU Loading,,,,,,3.57,,,RD240,,,
,12-07-2026,,,,,Spotting,,,,,,0.67,,,RD239,,,
,12-07-2026,,,,,LU Loading,,,,,,3.42,,,RD239,,,
,12-07-2026,,,,,Spotting,,,,,,0.53,,,RD251,,,
,12-07-2026,,,,,LU Loading,,,,,,4.18,,,RD251,,,
,12-07-2026,,,,,Waiting,,,,,,1.07,,,RD232,,,
,12-07-2026,,,,,LU Loading,,,,,,4.3,,,RD232,,,
,12-07-2026,,,,,Waiting,,,,,,0.62,,,RD240,,,
,12-07-2026,,,,,Spotting,,,,,,0.43,,,RD240,,,
,12-07-2026,,,,,LU Loading,,,,,,4.02,,,RD240,,,
,12-07-2026,,,,,LU Loading,,,,,,4.4,,,RD239,,,
,12-07-2026,,,,,LU Loading,,,,,,5.45,,,RD251,,,
,12-07-2026,,,,,Waiting,,,,,,3.13,,,RD232,,,
,12-07-2026,,,,,LU Loading,,,,,,5.02,,,RD232,,,
,12-07-2026,,,,,LU Loading,,,,,,3.45,,,RD240,,,
,12-07-2026,,,,,Waiting,,,,,,1.37,,,RD239,,,
,12-07-2026,,,,,Spotting,,,,,,0.4,,,RD239,,,
,12-07-2026,,,,,LU Loading,,,,,,4.27,,,RD239,,,
,12-07-2026,,,,,Waiting,,,,,,1.57,,,RD251,,,
,12-07-2026,,,,,LU Loading,,,,,,4.93,,,RD251,,,
,12-07-2026,,,,,Waiting,,,,,,1,,,RD232,,,
,12-07-2026,,,,,LU Loading,,,,,,5.7,,,RD232,,,
,12-07-2026,,,,,Waiting,,,,,,2.02,,,RD240,,,
,12-07-2026,,,,,Spotting,,,,,,1.12,,,RD240,,,
,12-07-2026,,,,,LU Loading,,,,,,3.57,,,RD240,,,
,12-07-2026,,,,,LU Loading,,,,,,4.35,,,RD239,,,
,12-07-2026,,,,,LU Loading,,,,,,5.93,,,RD251,,,
,12-07-2026,,,,,Waiting,,,,,,4.62,,,RD240,,,
,12-07-2026,,,,,LU Loading,,,,,,4.28,,,RD240,,,
,12-07-2026,,,,,Waiting,,,,,,2.65,,,RD239,,,
,12-07-2026,,,,,Spotting,,,,,,0.87,,,RD239,,,
,12-07-2026,,,,,LU Loading,,,,,,2.28,,,RD239,,,
,12-07-2026,,,,,Spotting,,,,,,0.05,,,RD251,,,
,12-07-2026,,,,,LU Loading,,,,,,3.4,,,RD251,,,
,12-07-2026,,,,,Waiting,,,,,,0.45,,,RD232,,,
,12-07-2026,,,,,LU Loading,,,,,,2.42,,,RD232,,,
,12-07-2026,,,,,Waiting,,,,,,1.65,,,RD240,,,
,12-07-2026,,,,,Spotting,,,,,,0.88,,,RD240,,,
,12-07-2026,,,,,LU Loading,,,,,,2.65,,,RD240,,,
,12-07-2026,,,,,Waiting,,,,,,2.25,,,RD239,,,
,12-07-2026,,,,,Spotting,,,,,,1.55,,,RD239,,,
,12-07-2026,,,,,LU Loading,,,,,,2.95,,,RD239,,,
,12-07-2026,,,,,Waiting,,,,,,2.62,,,RD251,,,
,12-07-2026,,,,,LU Loading,,,,,,2.4,,,RD251,,,
,12-07-2026,,,,,Waiting,,,,,,0.4,,,RD232,,,
,12-07-2026,,,,,Spotting,,,,,,0.38,,,RD232,,,
,12-07-2026,,,,,LU Loading,,,,,,2.63,,,RD232,,,
,12-07-2026,,,,,Waiting,,,,,,0.27,,,RD240,,,
,12-07-2026,,,,,Spotting,,,,,,0.45,,,RD240,,,
,12-07-2026,,,,,LU Loading,,,,,,2.38,,,RD240,,,
,12-07-2026,,,,,Waiting,,,,,,0.2,,,RD239,,,
,12-07-2026,,,,,Spotting,,,,,,0.52,,,RD239,,,
,12-07-2026,,,,,LU Loading,,,,,,2.72,,,RD239,,,
,12-07-2026,,,,,Waiting,,,,,,3.92,,,RD251,,,
,12-07-2026,,,,,LU Loading,,,,,,2.63,,,RD251,,,
,12-07-2026,,,,,Waiting,,,,,,1,,,RD232,,,
,12-07-2026,,,,,LU Loading,,,,,,2.77,,,RD232,,,
,12-07-2026,,,,,Waiting,,,,,,0.73,,,RD240,,,
,12-07-2026,,,,,Spotting,,,,,,0.58,,,RD240,,,
,12-07-2026,,,,,LU Loading,,,,,,2.53,,,RD240,,,
,12-07-2026,,,,,Waiting,,,,,,0.4,,,RD239,,,
,12-07-2026,,,,,Spotting,,,,,,0.33,,,RD239,,,
,12-07-2026,,,,,LU Loading,,,,,,2.68,,,RD239,,,
,12-07-2026,,,,,Waiting,,,,,,4.45,,,RD232,,,
,12-07-2026,,,,,Spotting,,,,,,0.47,,,RD232,,,
,12-07-2026,,,,,LU Loading,,,,,,2.78,,,RD232,,,
,12-07-2026,,,,,Waiting,,,,,,0.32,,,RD240,,,
,12-07-2026,,,,,Spotting,,,,,,0.45,,,RD240,,,
,12-07-2026,,,,,LU Loading,,,,,,3.42,,,RD240,,,
,12-07-2026,,,,,Waiting,,,,,,3.47,,,RD239,,,
,12-07-2026,,,,,Fuel Filling,,,,,,2.88,,,RD239,,,
,12-07-2026,,,,,LU Loading,,,,,,13.15,,,RD239,,,
,12-07-2026,,,,,Waiting,,,,,,0.7,,,RD232,,,
,12-07-2026,,,,,LU Loading,,,,,,2.25,,,RD232,,,
,12-07-2026,,,,,Waiting,,,,,,0.57,,,RD240,,,
,12-07-2026,,,,,LU Loading,,,,,,2.63,,,RD240,,,
,12-07-2026,,,,,Waiting,,,,,,1.18,,,RD246,,,
,12-07-2026,,,,,LU Loading,,,,,,2.72,,,RD246,,,
,12-07-2026,,,,,Waiting,,,,,,3.6,,,RD239,,,
,12-07-2026,,,,,LU Loading,,,,,,2.42,,,RD239,,,
,12-07-2026,,,,,Waiting,,,,,,0.52,,,RD232,,,
,12-07-2026,,,,,LU Loading,,,,,,2.62,,,RD232,,,
,12-07-2026,,,,,Waiting,,,,,,0.52,,,RD240,,,
,12-07-2026,,,,,LU Loading,,,,,,2.82,,,RD240,,,
,12-07-2026,,,,,Waiting,,,,,,0.63,,,RD246,,,
,12-07-2026,,,,,Spotting,,,,,,0.38,,,RD246,,,
,12-07-2026,,,,,LU Loading,,,,,,2.92,,,RD246,,,
,12-07-2026,,,,,Waiting,,,,,,2.35,,,RD239,,,
,12-07-2026,,,,,LU Loading,,,,,,3.85,,,RD239,,,
,12-07-2026,,,,,Waiting,,,,,,0.35,,,RD232,,,
,12-07-2026,,,,,LU Loading,,,,,,2.17,,,RD232,,,
,12-07-2026,,,,,Waiting,,,,,,0.42,,,RD251,,,
,12-07-2026,,,,,LU Loading,,,,,,2.75,,,RD251,,,
,12-07-2026,,,,,Waiting,,,,,,0.25,,,RD240,,,
,12-07-2026,,,,,Spotting,,,,,,0.27,,,RD240,,,
,12-07-2026,,,,,LU Loading,,,,,,2.23,,,RD240,,,
,12-07-2026,,,,,Waiting,,,,,,0.4,,,RD246,,,
,12-07-2026,,,,,Spotting,,,,,,0.4,,,RD246,,,
,12-07-2026,,,,,LU Loading,,,,,,3.38,,,RD246,,,
,12-07-2026,,,,,LU Loading,,,,,,2.2,,,RD239,,,
,12-07-2026,,,,,Waiting,,,,,,1.08,,,RD232,,,
,12-07-2026,,,,,Spotting,,,,,,0.27,,,RD232,,,
,12-07-2026,,,,,LU Loading,,,,,,2.37,,,RD232,,,
,12-07-2026,,,,,Waiting,,,,,,0.65,,,RD251,,,
,12-07-2026,,,,,LU Loading,,,,,,2.23,,,RD251,,,
,12-07-2026,,,,,Waiting,,,,,,4.63,,,RD240,,,
,12-07-2026,,,,,LU Loading,,,,,,2.1,,,RD240,,,
,12-07-2026,,,,,Waiting,,,,,,0.3,,,RD246,,,
,12-07-2026,,,,,Spotting,,,,,,0.45,,,RD246,,,
,12-07-2026,,,,,LU Loading,,,,,,2.65,,,RD246,,,
,12-07-2026,,,,,Waiting,,,,,,0.67,,,RD239,,,
,12-07-2026,,,,,LU Loading,,,,,,2.55,,,RD239,,,
,12-07-2026,,,,,Waiting,,,,,,0.68,,,RD252,,,
,12-07-2026,,,,,LU Loading,,,,,,1.88,,,RD252,,,
,12-07-2026,,,,,Waiting,,,,,,0.47,,,RD232,,,
,12-07-2026,,,,,LU Loading,,,,,,1.87,,,RD232,,,
,12-07-2026,,,,,Waiting,,,,,,0.58,,,RD251,,,
,12-07-2026,,,,,LU Loading,,,,,,2.57,,,RD251,,,
,12-07-2026,,,,,Waiting,,,,,,0.65,,,RD240,,,
,12-07-2026,,,,,LU Loading,,,,,,3.22,,,RD240,,,
,12-07-2026,,,,,Waiting,,,,,,0.65,,,RD246,,,
,12-07-2026,,,,,Spotting,,,,,,0.4,,,RD246,,,
,12-07-2026,,,,,LU Loading,,,,,,2.47,,,RD246,,,
,12-07-2026,,,,,Waiting,,,,,,0.62,,,RD239,,,
,12-07-2026,,,,,LU Loading,,,,,,2.13,,,RD239,,,
,12-07-2026,,,,,Waiting,,,,,,1.08,,,RD252,,,
,12-07-2026,,,,,LU Loading,,,,,,1.92,,,RD252,,,
,12-07-2026,,,,,Waiting,,,,,,1.47,,,RD232,,,
,12-07-2026,,,,,LU Loading,,,,,,2.28,,,RD232,,,
,12-07-2026,,,,,Waiting,,,,,,0.33,,,RD251,,,
,12-07-2026,,,,,Spotting,,,,,,0.45,,,RD251,,,
,12-07-2026,,,,,LU Loading,,,,,,2.53,,,RD251,,,
,12-07-2026,,,,,Waiting,,,,,,0.5,,,RD240,,,
,12-07-2026,,,,,LU Loading,,,,,,2.5,,,RD240,,,
,12-07-2026,,,,,Waiting,,,,,,0.38,,,RD246,,,
,12-07-2026,,,,,Spotting,,,,,,0.47,,,RD246,,,
,12-07-2026,,,,,LU Loading,,,,,,2.52,,,RD246,,,
,12-07-2026,,,,,Waiting,,,,,,0.57,,,RD239,,,
,12-07-2026,,,,,LU Loading,,,,,,1.92,,,RD239,,,
,12-07-2026,,,,,Waiting,,,,,,0.22,,,RD252,,,
,12-07-2026,,,,,LU Loading,,,,,,2.15,,,RD252,,,
,12-07-2026,,,,,Waiting,,,,,,0.38,,,RD236,,,
,12-07-2026,,,,,Marching,,,,,,19.73,,,RD236,,,
,12-07-2026,,,,,Shift Change,,,,,,15.9,,,RD236,,,
,12-07-2026,,,,,Shift Change,,,,,,85.22,,,RD236,,,
,12-07-2026,,,,,Waiting,,,,,,2.63,,,RD236,,,
,12-07-2026,,,,,Spotting,,,,,,0.65,,,RD236,,,
,12-07-2026,,,,,LU Loading,,,,,,7.55,,,RD236,,,
,12-07-2026,,,,,Waiting,,,,,,0.85,,,RD237,,,
,12-07-2026,,,,,LU Loading,,,,,,2.25,,,RD237,,,
,12-07-2026,,,,,Waiting,,,,,,0.75,,,RD230,,,
,12-07-2026,,,,,Spotting,,,,,,0.2,,,RD230,,,
,12-07-2026,,,,,LU Loading,,,,,,2.67,,,RD230,,,
,12-07-2026,,,,,Waiting,,,,,,5.22,,,RD236,,,
,12-07-2026,,,,,Spotting,,,,,,0.35,,,RD236,,,
,12-07-2026,,,,,LU Loading,,,,,,2.52,,,RD236,,,
,12-07-2026,,,,,Waiting,,,,,,0.78,,,RD237,,,
,12-07-2026,,,,,LU Loading,,,,,,2.98,,,RD237,,,
,12-07-2026,,,,,Waiting,,,,,,2.9,,,RD230,,,
,12-07-2026,,,,,Spotting,,,,,,0.33,,,RD230,,,
,12-07-2026,,,,,LU Loading,,,,,,2.6,,,RD230,,,
,12-07-2026,,,,,Waiting,,,,,,1.6,,,RD236,,,
,12-07-2026,,,,,Spotting,,,,,,0.35,,,RD236,,,
,12-07-2026,,,,,LU Loading,,,,,,2.43,,,RD236,,,
,12-07-2026,,,,,Waiting,,,,,,5.62,,,RD237,,,
,12-07-2026,,,,,LU Loading,,,,,,2.47,,,RD237,,,
,12-07-2026,,,,,Waiting,,,,,,0.55,,,RD230,,,
,12-07-2026,,,,,LU Loading,,,,,,2.48,,,RD230,,,
,12-07-2026,,,,,Waiting,,,,,,0.13,,,RD236,,,
,12-07-2026,,,,,Spotting,,,,,,0.38,,,RD236,,,
,12-07-2026,,,,,LU Loading,,,,,,2.4,,,RD236,,,
,12-07-2026,,,,,Waiting,,,,,,4.72,,,RD237,,,
,12-07-2026,,,,,Spotting,,,,,,0.27,,,RD237,,,
,12-07-2026,,,,,LU Loading,,,,,,2.28,,,RD237,,,
,12-07-2026,,,,,Waiting,,,,,,0.3,,,RD245,,,
,12-07-2026,,,,,Spotting,,,,,,0.35,,,RD245,,,
,12-07-2026,,,,,LU Loading,,,,,,2.67,,,RD245,,,
,12-07-2026,,,,,Waiting,,,,,,0.42,,,RD230,,,
,12-07-2026,,,,,Spotting,,,,,,0.1,,,RD230,,,
,12-07-2026,,,,,LU Loading,,,,,,2.43,,,RD230,,,
,12-07-2026,,,,,Waiting,,,,,,0.67,,,RD236,,,
,12-07-2026,,,,,LU Loading,,,,,,3.05,,,RD236,,,
,12-07-2026,,,,,Waiting,,,,,,1.15,,,RD237,,,
,12-07-2026,,,,,Spotting,,,,,,0.97,,,RD237,,,
,12-07-2026,,,,,LU Loading,,,,,,2.7,,,RD237,,,
,12-07-2026,,,,,Waiting,,,,,,3.23,,,RD245,,,
,12-07-2026,,,,,Spotting,,,,,,0.32,,,RD245,,,
,12-07-2026,,,,,LU Loading,,,,,,3.02,,,RD245,,,
,12-07-2026,,,,,Waiting,,,,,,0.7,,,RD230,,,
,12-07-2026,,,,,LU Loading,,,,,,2.4,,,RD230,,,
,12-07-2026,,,,,Waiting,,,,,,0.62,,,RD236,,,
,12-07-2026,,,,,LU Loading,,,,,,3.5,,,RD236,,,
,12-07-2026,,,,,Waiting,,,,,,0.23,,,RD237,,,
,12-07-2026,,,,,Spotting,,,,,,0.45,,,RD237,,,
,12-07-2026,,,,,LU Loading,,,,,,2.55,,,RD237,,,
,12-07-2026,,,,,Waiting,,,,,,8.27,,,RD245,,,
,12-07-2026,,,,,Spotting,,,,,,0.35,,,RD245,,,
,12-07-2026,,,,,LU Loading,,,,,,2.83,,,RD245,,,
,12-07-2026,,,,,Waiting,,,,,,0.65,,,RD230,,,
,12-07-2026,,,,,LU Loading,,,,,,2.32,,,RD230,,,
,12-07-2026,,,,,Waiting,,,,,,0.62,,,RD236,,,
,12-07-2026,,,,,LU Loading,,,,,,2.42,,,RD236,,,
,12-07-2026,,,,,Spotting,,,,,,0.4,,,RD237,,,
,12-07-2026,,,,,LU Loading,,,,,,2.5,,,RD237,,,
,12-07-2026,,,,,Waiting,,,,,,9.45,,,RD236,,,
,12-07-2026,,,,,LU Loading,,,,,,2.35,,,RD236,,,
,12-07-2026,,,,,Waiting,,,,,,0.48,,,RD237,,,
,12-07-2026,,,,,LU Loading,,,,,,3.58,,,RD237,,,
,12-07-2026,,,,,LU Loading,,,,,,2.63,,,RD245,,,
,12-07-2026,,,,,Waiting,,,,,,3.28,,,RD248,,,
,12-07-2026,,,,,LU Loading,,,,,,3.03,,,RD248,,,
,12-07-2026,,,,,Waiting,,,,,,0.18,,,RD236,,,
,12-07-2026,,,,,Spotting,,,,,,0.35,,,RD236,,,
,12-07-2026,,,,,LU Loading,,,,,,2.33,,,RD236,,,
,12-07-2026,,,,,Waiting,,,,,,0.45,,,RD237,,,
,12-07-2026,,,,,LU Loading,,,,,,2.32,,,RD237,,,
,12-07-2026,,,,,Waiting,,,,,,4.23,,,RD245,,,
,12-07-2026,,,,,Spotting,,,,,,0.48,,,RD245,,,
,12-07-2026,,,,,LU Loading,,,,,,2.55,,,RD245,,,
,12-07-2026,,,,,Waiting,,,,,,8.78,,,RD248,,,
,12-07-2026,,,,,Tea/ Breakfast / Snacks,,,,,,68.77,,,RD248,,,
,12-07-2026,,,,,Waiting,,,,,,8.98,,,RD248,,,
,12-07-2026,,,,,Spotting,,,,,,0.33,,,RD248,,,
,12-07-2026,,,,,LU Loading,,,,,,2.78,,,RD248,,,
,12-07-2026,,,,,Waiting,,,,,,3.95,,,RD236,,,
,12-07-2026,,,,,LU Loading,,,,,,2.42,,,RD236,,,
,12-07-2026,,,,,Waiting,,,,,,3.88,,,RD245,,,
,12-07-2026,,,,,LU Loading,,,,,,2.4,,,RD245,,,
,12-07-2026,,,,,Waiting,,,,,,0.58,,,RD232,,,
,12-07-2026,,,,,LU Loading,,,,,,2.07,,,RD232,,,
,12-07-2026,,,,,Waiting,,,,,,0.25,,,RD248,,,
,12-07-2026,,,,,Spotting,,,,,,0.37,,,RD248,,,
,12-07-2026,,,,,LU Loading,,,,,,2.73,,,RD248,,,
,12-07-2026,,,,,Waiting,,,,,,0.42,,,RD236,,,
,12-07-2026,,,,,LU Loading,,,,,,2.67,,,RD236,,,
,12-07-2026,,,,,Waiting,,,,,,0.43,,,RD237,,,
,12-07-2026,,,,,LU Loading,,,,,,2.7,,,RD237,,,
,12-07-2026,,,,,Waiting,,,,,,0.67,,,RD245,,,
,12-07-2026,,,,,Spotting,,,,,,0.35,,,RD245,,,
,12-07-2026,,,,,LU Loading,,,,,,2.08,,,RD245,,,
,12-07-2026,,,,,Waiting,,,,,,0.98,,,RD232,,,
,12-07-2026,,,,,Spotting,,,,,,0.17,,,RD232,,,
,12-07-2026,,,,,LU Loading,,,,,,2.75,,,RD232,,,
,12-07-2026,,,,,Waiting,,,,,,1.03,,,RD248,,,
,12-07-2026,,,,,Spotting,,,,,,0.35,,,RD248,,,
,12-07-2026,,,,,LU Loading,,,,,,2.58,,,RD248,,,
,12-07-2026,,,,,Waiting,,,,,,0.08,,,RD236,,,
,12-07-2026,,,,,Spotting,,,,,,0.33,,,RD236,,,
,12-07-2026,,,,,LU Loading,,,,,,3.05,,,RD236,,,
,12-07-2026,,,,,Waiting,,,,,,0.35,,,RD230,,,
,12-07-2026,,,,,Spotting,,,,,,0.15,,,RD230,,,
,12-07-2026,,,,,LU Loading,,,,,,2.58,,,RD230,,,
,12-07-2026,,,,,Waiting,,,,,,0.37,,,RD237,,,
,12-07-2026,,,,,Spotting,,,,,,0.83,,,RD237,,,
,12-07-2026,,,,,LU Loading,,,,,,2.47,,,RD237,,,
,12-07-2026,,,,,Waiting,,,,,,1.3,,,RD245,,,
,12-07-2026,,,,,LU Loading,,,,,,3.17,,,RD245,,,
,12-07-2026,,,,,Waiting,,,,,,1.15,,,RD232,,,
,12-07-2026,,,,,Spotting,,,,,,0.15,,,RD232,,,
,12-07-2026,,,,,LU Loading,,,,,,2.28,,,RD232,,,
,12-07-2026,,,,,Waiting,,,,,,0.43,,,RD248,,,
,12-07-2026,,,,,LU Loading,,,,,,2.78,,,RD248,,,
,12-07-2026,,,,,Spotting,,,,,,0.28,,,RD236,,,
,12-07-2026,,,,,LU Loading,,,,,,2.7,,,RD236,,,
,12-07-2026,,,,,Waiting,,,,,,0.52,,,RD230,,,
,12-07-2026,,,,,LU Loading,,,,,,0.13,,,RD230,,,
,12-07-2026,,,,,LU Loading,,,,,,2.58,,,RD230,,,
,12-07-2026,,,,,Waiting,,,,,,0.3,,,RD237,,,
,12-07-2026,,,,,LU Loading,,,,,,2.55,,,RD237,,,
,12-07-2026,,,,,Waiting,,,,,,0.28,,,RD245,,,
,12-07-2026,,,,,Spotting,,,,,,0.37,,,RD245,,,
,12-07-2026,,,,,LU Loading,,,,,,2.3,,,RD245,,,
,12-07-2026,,,,,Waiting,,,,,,0.38,,,RD232,,,
,12-07-2026,,,,,Spotting,,,,,,0.38,,,RD232,,,
,12-07-2026,,,,,LU Loading,,,,,,2.3,,,RD232,,,
,12-07-2026,,,,,Waiting,,,,,,0.28,,,RD248,,,
,12-07-2026,,,,,Spotting,,,,,,0.52,,,RD248,,,
,12-07-2026,,,,,LU Loading,,,,,,2.97,,,RD248,,,
,12-07-2026,,,,,Spotting,,,,,,0.57,,,RD236,,,
,12-07-2026,,,,,LU Loading,,,,,,2.93,,,RD236,,,
,12-07-2026,,,,,Waiting,,,,,,0.48,,,RD230,,,
,12-07-2026,,,,,Spotting,,,,,,0.3,,,RD230,,,
,12-07-2026,,,,,LU Loading,,,,,,2.47,,,RD230,,,
,12-07-2026,,,,,Waiting,,,,,,0.3,,,RD237,,,
,12-07-2026,,,,,LU Loading,,,,,,2.62,,,RD237,,,
,12-07-2026,,,,,Waiting,,,,,,0.23,,,RD245,,,
,12-07-2026,,,,,Spotting,,,,,,0.4,,,RD245,,,
,12-07-2026,,,,,LU Loading,,,,,,2.43,,,RD245,,,
,12-07-2026,,,,,Waiting,,,,,,1.87,,,RD248,,,
,12-07-2026,,,,,LU Loading,,,,,,3.02,,,RD248,,,
,12-07-2026,,,,,LU Loading,,,,,,2.77,,,RD236,,,
,12-07-2026,,,,,Waiting,,,,,,1.03,,,RD230,,,
,12-07-2026,,,,,LU Loading,,,,,,2.67,,,RD230,,,
,12-07-2026,,,,,Waiting,,,,,,0.4,,,RD237,,,
,12-07-2026,,,,,LU Loading,,,,,,2.5,,,RD237,,,
,12-07-2026,,,,,Waiting,,,,,,0.27,,,RD245,,,
,12-07-2026,,,,,Spotting,,,,,,0.27,,,RD245,,,
,12-07-2026,,,,,LU Loading,,,,,,2.87,,,RD245,,,
,12-07-2026,,,,,Waiting,,,,,,0.43,,,RD248,,,
,12-07-2026,,,,,LU Loading,,,,,,2.85,,,RD248,,,
,12-07-2026,,,,,Waiting,,,,,,0.42,,,RD236,,,
,12-07-2026,,,,,LU Loading,,,,,,2.78,,,RD236,,,
,12-07-2026,,,,,Waiting,,,,,,0.32,,,RD230,,,
,12-07-2026,,,,,Spotting,,,,,,0.52,,,RD230,,,
,12-07-2026,,,,,LU Loading,,,,,,2.48,,,RD230,,,
,12-07-2026,,,,,Waiting,,,,,,9.8,,,RD239,,,
,12-07-2026,,,,,Shift Change,,,,,,28.18,,,RD239,,,
,12-07-2026,,,,,Shift Change,,,,,,42.83,,,RD239,,,
,12-07-2026,,,,,Waiting,,,,,,4.02,,,RD239,,,
,12-07-2026,,,,,LU Loading,,,,,,3.3,,,RD239,,,
,12-07-2026,,,,,Waiting,,,,,,1.83,,,RD235,,,
,12-07-2026,,,,,LU Loading,,,,,,3.4,,,RD235,,,
,12-07-2026,,,,,Waiting,,,,,,2.02,,,RD229,,,
,12-07-2026,,,,,LU Loading,,,,,,4.32,,,RD229,,,
,12-07-2026,,,,,Waiting,,,,,,2.25,,,RD239,,,
,12-07-2026,,,,,LU Loading,,,,,,2.58,,,RD239,,,
,12-07-2026,,,,,Waiting,,,,,,1.6,,,RD235,,,
,12-07-2026,,,,,Spotting,,,,,,0.27,,,RD235,,,
,12-07-2026,,,,,LU Loading,,,,,,3.23,,,RD235,,,
,12-07-2026,,,,,Spotting,,,,,,0.63,,,RD230,,,
,12-07-2026,,,,,LU Loading,,,,,,2.77,,,RD230,,,
,12-07-2026,,,,,Waiting,,,,,,1.93,,,RD229,,,
,12-07-2026,,,,,LU Loading,,,,,,2.5,,,RD229,,,
,12-07-2026,,,,,Waiting,,,,,,0.32,,,RD239,,,
,12-07-2026,,,,,LU Loading,,,,,,3.52,,,RD239,,,
,12-07-2026,,,,,Waiting,,,,,,1.47,,,RD235,,,
,12-07-2026,,,,,Spotting,,,,,,0.32,,,RD235,,,
,12-07-2026,,,,,LU Loading,,,,,,3.32,,,RD235,,,
,12-07-2026,,,,,Waiting,,,,,,0.1,,,RD229,,,
,12-07-2026,,,,,Spotting,,,,,,0.73,,,RD229,,,
,12-07-2026,,,,,LU Loading,,,,,,2.78,,,RD229,,,
,12-07-2026,,,,,Waiting,,,,,,1.63,,,RD230,,,
,12-07-2026,,,,,LU Loading,,,,,,3.63,,,RD230,,,
,12-07-2026,,,,,Waiting,,,,,,0.47,,,RD239,,,
,12-07-2026,,,,,Spotting,,,,,,0.95,,,RD239,,,
,12-07-2026,,,,,LU Loading,,,,,,3.85,,,RD239,,,
,12-07-2026,,,,,LU Loading,,,,,,7.75,,,RD235,,,
,12-07-2026,,,,,Waiting,,,,,,0.07,,,RD229,,,
,12-07-2026,,,,,Face Prep,,,,,,24.88,,,RD229,,,
,13-07-2026,,,,,LU Loading,,,,,,3.75,,,RD229,,,
,13-07-2026,,,,,Waiting,,,,,,3.93,,,RD230,,,
,13-07-2026,,,,,Spotting,,,,,,0.22,,,RD230,,,
,13-07-2026,,,,,LU Loading,,,,,,2.82,,,RD230,,,
,13-07-2026,,,,,Waiting,,,,,,1.08,,,RD229,,,
,13-07-2026,,,,,LU Loading,,,,,,3.67,,,RD229,,,
,13-07-2026,,,,,Waiting,,,,,,1.68,,,RD239,,,
,13-07-2026,,,,,LU Loading,,,,,,2.48,,,RD239,,,
,13-07-2026,,,,,Waiting,,,,,,1.73,,,RD235,,,
,13-07-2026,,,,,LU Loading,,,,,,3.62,,,RD235,,,
,13-07-2026,,,,,Spotting,,,,,,3.32,,,RD230,,,
,13-07-2026,,,,,LU Loading,,,,,,7.48,,,RD230,,,
,13-07-2026,,,,,LU Loading,,,,,,4,,,RD235,,,
,13-07-2026,,,,,Spotting,,,,,,0.38,,,RD230,,,
,13-07-2026,,,,,LU Loading,,,,,,2.55,,,RD230,,,
,13-07-2026,,,,,Waiting,,,,,,0.32,,,RD229,,,
,13-07-2026,,,,,Spotting,,,,,,2.62,,,RD229,,,
,13-07-2026,,,,,LU Loading,,,,,,2.72,,,RD229,,,
,13-07-2026,,,,,Waiting,,,,,,0.28,,,RD239,,,
,13-07-2026,,,,,LU Loading,,,,,,2.35,,,RD239,,,
,13-07-2026,,,,,Waiting,,,,,,1.82,,,RD235,,,
,13-07-2026,,,,,Spotting,,,,,,1.18,,,RD235,,,
,13-07-2026,,,,,LU Loading,,,,,,2.55,,,RD235,,,
,13-07-2026,,,,,Waiting,,,,,,1.98,,,RD230,,,
,13-07-2026,,,,,Spotting,,,,,,3.35,,,RD230,,,
,13-07-2026,,,,,LU Loading,,,,,,2.5,,,RD230,,,
,13-07-2026,,,,,Waiting,,,,,,5.58,,,RD239,,,
,13-07-2026,,,,,Spotting,,,,,,1.13,,,RD239,,,
,13-07-2026,,,,,LU Loading,,,,,,3.35,,,RD239,,,
,13-07-2026,,,,,Spotting,,,,,,0.23,,,RD229,,,
,13-07-2026,,,,,LU Loading,,,,,,3.2,,,RD229,,,
,13-07-2026,,,,,Spotting,,,,,,0.02,,,RD235,,,
,13-07-2026,,,,,LU Loading,,,,,,4.23,,,RD235,,,
,13-07-2026,,,,,Spotting,,,,,,1.12,,,RD230,,,
,13-07-2026,,,,,LU Loading,,,,,,2.38,,,RD230,,,
,13-07-2026,,,,,Waiting,,,,,,4.2,,,RD239,,,
,13-07-2026,,,,,Spotting,,,,,,0.38,,,RD239,,,
,13-07-2026,,,,,LU Loading,,,,,,2.68,,,RD239,,,
,13-07-2026,,,,,Waiting,,,,,,3.27,,,RD235,,,
,13-07-2026,,,,,LU Loading,,,,,,3.42,,,RD235,,,
,13-07-2026,,,,,Waiting,,,,,,1.83,,,RD230,,,
,13-07-2026,,,,,Spotting,,,,,,0.73,,,RD230,,,
,13-07-2026,,,,,LU Loading,,,,,,3.27,,,RD230,,,
,13-07-2026,,,,,Waiting,,,,,,9.08,,,RD239,,,
,13-07-2026,,,,,Spotting,,,,,,0.52,,,RD239,,,
,13-07-2026,,,,,LU Loading,,,,,,2.73,,,RD239,,,
,13-07-2026,,,,,Waiting,,,,,,1.08,,,RD235,,,
,13-07-2026,,,,,Spotting,,,,,,0.32,,,RD235,,,
,13-07-2026,,,,,LU Loading,,,,,,2.82,,,RD235,,,
,13-07-2026,,,,,Waiting,,,,,,1.7,,,RD230,,,
,13-07-2026,,,,,LU Loading,,,,,,2.35,,,RD230,,,
,13-07-2026,,,,,Waiting,,,,,,9.13,,,RD229,,,
,13-07-2026,,,,,Spotting,,,,,,0.63,,,RD229,,,
,13-07-2026,,,,,LU Loading,,,,,,2.67,,,RD229,,,
,13-07-2026,,,,,Waiting,,,,,,0.2,,,RD239,,,
,13-07-2026,,,,,LU Loading,,,,,,4.02,,,RD239,,,
,13-07-2026,,,,,Waiting,,,,,,9.82,,,RD229,,,
,13-07-2026,,,,,Spotting,,,,,,0.65,,,RD229,,,
,13-07-2026,,,,,LU Loading,,,,,,1.47,,,RD229,,,
,13-07-2026,,,,,Spotting,,,,,,0.8,,,RD239,,,
,13-07-2026,,,,,LU Loading,,,,,,4.13,,,RD239,,,
,13-07-2026,,,,,Waiting,,,,,,13.7,,,RD235,,,
,13-07-2026,,,,,Spotting,,,,,,0.37,,,RD235,,,
,13-07-2026,,,,,LU Loading,,,,,,2.47,,,RD235,,,
,13-07-2026,,,,,Waiting,,,,,,1.45,,,RD229,,,
,13-07-2026,,,,,Spotting,,,,,,1.92,,,RD229,,,
,13-07-2026,,,,,LU Loading,,,,,,5.2,,,RD229,,,
,13-07-2026,,,,,Waiting,,,,,,3.57,,,RD235,,,
,13-07-2026,,,,,Spotting,,,,,,0.25,,,RD235,,,
,13-07-2026,,,,,LU Loading,,,,,,7.87,,,RD235,,,
,13-07-2026,,,,,Waiting,,,,,,8.05,,,RD229,,,
,13-07-2026,,,,,LU Loading,,,,,,2.82,,,RD229,,,
,13-07-2026,,,,,Waiting,,,,,,2.17,,,RD235,,,
,13-07-2026,,,,,Spotting,,,,,,0.17,,,RD235,,,
,13-07-2026,,,,,LU Loading,,,,,,2.12,,,RD235,,,
,13-07-2026,,,,,Waiting,,,,,,0.73,,,RD239,,,
,13-07-2026,,,,,LU Loading,,,,,,2.8,,,RD239,,,
,13-07-2026,,,,,Waiting,,,,,,0.98,,,RD230,,,
,13-07-2026,,,,,LU Loading,,,,,,0.12,,,RD230,,,
,13-07-2026,,,,,LU Loading,,,,,,2.47,,,RD230,,,
,13-07-2026,,,,,Waiting,,,,,,5.48,,,RD235,,,
,13-07-2026,,,,,Spotting,,,,,,0.42,,,RD235,,,
,13-07-2026,,,,,LU Loading,,,,,,2.42,,,RD235,,,
,13-07-2026,,,,,Waiting,,,,,,1.58,,,RD229,,,
,13-07-2026,,,,,LU Loading,,,,,,2.65,,,RD229,,,
,13-07-2026,,,,,Waiting,,,,,,1.52,,,RD239,,,
,13-07-2026,,,,,Spotting,,,,,,0.38,,,RD239,,,
,13-07-2026,,,,,LU Loading,,,,,,2.17,,,RD239,,,
,13-07-2026,,,,,Waiting,,,,,,0.58,,,RD230,,,
,13-07-2026,,,,,Spotting,,,,,,0.13,,,RD230,,,
,13-07-2026,,,,,LU Loading,,,,,,1.7,,,RD230,,,
,13-07-2026,,,,,Waiting,,,,,,2.68,,,RD235,,,
,13-07-2026,,,,,Spotting,,,,,,0.27,,,RD235,,,
,13-07-2026,,,,,LU Loading,,,,,,2.53,,,RD235,,,
,13-07-2026,,,,,Waiting,,,,,,5.77,,,RD239,,,
,13-07-2026,,,,,Spotting,,,,,,0.77,,,RD239,,,
,13-07-2026,,,,,LU Loading,,,,,,2.43,,,RD239,,,
,13-07-2026,,,,,Waiting,,,,,,2.22,,,RD230,,,
,13-07-2026,,,,,LU Loading,,,,,,3.47,,,RD230,,,
,13-07-2026,,,,,Waiting,,,,,,2.28,,,RD229,,,
,13-07-2026,,,,,LU Loading,,,,,,2.72,,,RD229,,,
,13-07-2026,,,,,Waiting,,,,,,0.78,,,RD235,,,
,13-07-2026,,,,,Spotting,,,,,,0.22,,,RD235,,,
,13-07-2026,,,,,LU Loading,,,,,,2.97,,,RD235,,,
,13-07-2026,,,,,Waiting,,,,,,0.6,,,RD239,,,
,13-07-2026,,,,,LU Loading,,,,,,2.57,,,RD239,,,
,13-07-2026,,,,,Waiting,,,,,,1.97,,,RD230,,,
,13-07-2026,,,,,LU Loading,,,,,,2.9,,,RD230,,,
,13-07-2026,,,,,Waiting,,,,,,4.27,,,RD229,,,
,13-07-2026,,,,,Spotting,,,,,,0.42,,,RD229,,,
,13-07-2026,,,,,LU Loading,,,,,,2.67,,,RD229,,,
,13-07-2026,,,,,Waiting,,,,,,2.92,,,RD239,,,
,13-07-2026,,,,,LU Loading,,,,,,2.37,,,RD239,,,
,13-07-2026,,,,,Waiting,,,,,,2.37,,,RD235,,,
,13-07-2026,,,,,Spotting,,,,,,0.42,,,RD235,,,
,13-07-2026,,,,,LU Loading,,,,,,3.13,,,RD235,,,
,13-07-2026,,,,,Waiting,,,,,,1.38,,,RD230,,,
,13-07-2026,,,,,Spotting,,,,,,0.38,,,RD230,,,
,13-07-2026,,,,,LU Loading,,,,,,3.05,,,RD230,,,
,13-07-2026,,,,,Waiting,,,,,,1.32,,,RD239,,,
,13-07-2026,,,,,LU Loading,,,,,,3,,,RD239,,,
,13-07-2026,,,,,Waiting,,,,,,16.27,,,RD236,,,
,13-07-2026,,,,,Shift Change,,,,,,25.88,,,RD236,,,
,13-07-2026,,,,,,,,,,,,,,,,,
,Timestamp,,,,,Status Code,,Sub-Status Code,,,,"Duration
(min)",,,Hauling Unit,,,
,13-07-2026,,,,,Shift Change,,,,,,35.37,,,RD236,,,
,13-07-2026,,,,,Fuel Filling,,,,,,19.73,,,RD236,,,
,13-07-2026,,,,,Waiting,,,,,,5.65,,,RD236,,,
,13-07-2026,,,,,LU Loading,,,,,,1.17,,,RD236,,,
,13-07-2026,,,,,Marching,,,,,,0.42,,,RD236,,,
,13-07-2026,,,,,LU Loading,,,,,,2.03,,,RD236,,,
,13-07-2026,,,,,Waiting,,,,,,0.75,,,RD244,,,
,13-07-2026,,,,,LU Loading,,,,,,3.32,,,RD244,,,
,13-07-2026,,,,,Waiting,,,,,,0.33,,,RD239,,,
,13-07-2026,,,,,LU Loading,,,,,,4.42,,,RD239,,,
,13-07-2026,,,,,Waiting,,,,,,5.2,,,RD252,,,
,13-07-2026,,,,,LU Loading,,,,,,0.55,,,RD252,,,
,13-07-2026,,,,,Waiting,,,,,,0.72,,,RD236,,,
,13-07-2026,,,,,Spotting,,,,,,0.17,,,RD236,,,
,13-07-2026,,,,,LU Loading,,,,,,2.13,,,RD236,,,
,13-07-2026,,,,,Waiting,,,,,,0.45,,,RD244,,,
,13-07-2026,,,,,Spotting,,,,,,0.17,,,RD244,,,
,13-07-2026,,,,,LU Loading,,,,,,2.92,,,RD244,,,
,13-07-2026,,,,,Waiting,,,,,,0.48,,,RD239,,,
,13-07-2026,,,,,LU Loading,,,,,,3,,,RD239,,,
,13-07-2026,,,,,Waiting,,,,,,10.97,,,RD252,,,
,13-07-2026,,,,,LU Loading,,,,,,2.67,,,RD252,,,
,13-07-2026,,,,,Waiting,,,,,,0.55,,,RD236,,,
,13-07-2026,,,,,LU Loading,,,,,,2.18,,,RD236,,,
,13-07-2026,,,,,Waiting,,,,,,0.35,,,RD244,,,
,13-07-2026,,,,,LU Loading,,,,,,2.52,,,RD244,,,
,13-07-2026,,,,,Waiting,,,,,,1.4,,,RD239,,,
,13-07-2026,,,,,LU Loading,,,,,,3.7,,,RD239,,,
,13-07-2026,,,,,Waiting,,,,,,0.62,,,RD252,,,
,13-07-2026,,,,,LU Loading,,,,,,2.43,,,RD252,,,
,13-07-2026,,,,,Waiting,,,,,,1.83,,,RD236,,,
,13-07-2026,,,,,LU Loading,,,,,,1.88,,,RD236,,,
,13-07-2026,,,,,Waiting,,,,,,1.1,,,RD244,,,
,13-07-2026,,,,,LU Loading,,,,,,2.27,,,RD244,,,
,13-07-2026,,,,,Waiting,,,,,,1.83,,,RD239,,,
,13-07-2026,,,,,LU Loading,,,,,,2.55,,,RD239,,,
,13-07-2026,,,,,Waiting,,,,,,1.23,,,RD252,,,
,13-07-2026,,,,,LU Loading,,,,,,2.27,,,RD252,,,
,13-07-2026,,,,,Waiting,,,,,,0.48,,,RD236,,,
,13-07-2026,,,,,LU Loading,,,,,,1.93,,,RD236,,,
,13-07-2026,,,,,Waiting,,,,,,0.4,,,RD244,,,
,13-07-2026,,,,,LU Loading,,,,,,2.53,,,RD244,,,
,13-07-2026,,,,,Waiting,,,,,,2.33,,,RD239,,,
,13-07-2026,,,,,LU Loading,,,,,,2.02,,,RD239,,,
,13-07-2026,,,,,Waiting,,,,,,0.97,,,RD252,,,
,13-07-2026,,,,,LU Loading,,,,,,2.58,,,RD252,,,
,13-07-2026,,,,,Waiting,,,,,,0.7,,,RD236,,,
,13-07-2026,,,,,LU Loading,,,,,,2.25,,,RD236,,,
,13-07-2026,,,,,Waiting,,,,,,0.45,,,RD244,,,
,13-07-2026,,,,,LU Loading,,,,,,2.53,,,RD244,,,
,13-07-2026,,,,,Waiting,,,,,,5.17,,,RD239,,,
,13-07-2026,,,,,LU Loading,,,,,,2.5,,,RD239,,,
,13-07-2026,,,,,Waiting,,,,,,0.67,,,RD252,,,
,13-07-2026,,,,,LU Loading,,,,,,2.93,,,RD252,,,
,13-07-2026,,,,,Waiting,,,,,,0.4,,,RD244,,,
,13-07-2026,,,,,LU Loading,,,,,,6.58,,,RD244,,,
,13-07-2026,,,,,LU Loading,,,,,,2.57,,,RD239,,,
,13-07-2026,,,,,Waiting,,,,,,3.68,,,RD252,,,
,13-07-2026,,,,,Spotting,,,,,,0.05,,,RD252,,,
,13-07-2026,,,,,LU Loading,,,,,,2.45,,,RD252,,,
,13-07-2026,,,,,Waiting,,,,,,3.43,,,RD244,,,
,13-07-2026,,,,,LU Loading,,,,,,2.73,,,RD244,,,
,13-07-2026,,,,,Waiting,,,,,,0.52,,,RD239,,,
,13-07-2026,,,,,LU Loading,,,,,,2.68,,,RD239,,,
,13-07-2026,,,,,Waiting,,,,,,8.73,,,RD252,,,
,13-07-2026,,,,,Spotting,,,,,,0.15,,,RD252,,,
,13-07-2026,,,,,LU Loading,,,,,,3.8,,,RD252,,,
,13-07-2026,,,,,Waiting,,,,,,0.27,,,RD244,,,
,13-07-2026,,,,,LU Loading,,,,,,3.43,,,RD244,,,
,13-07-2026,,,,,Waiting,,,,,,0.72,,,RD235,,,
,13-07-2026,,,,,LU Loading,,,,,,3.15,,,RD235,,,
,13-07-2026,,,,,Waiting,,,,,,2.77,,,RD233,,,
,13-07-2026,,,,,LU Loading,,,,,,2.87,,,RD233,,,
,13-07-2026,,,,,Waiting,,,,,,0.63,,,RD252,,,
,13-07-2026,,,,,LU Loading,,,,,,2.4,,,RD252,,,
,13-07-2026,,,,,Waiting,,,,,,3.42,,,RD235,,,
,13-07-2026,,,,,LU Loading,,,,,,2.57,,,RD235,,,
,13-07-2026,,,,,Waiting,,,,,,0.57,,,RD233,,,
,13-07-2026,,,,,LU Loading,,,,,,2.43,,,RD233,,,
,13-07-2026,,,,,Waiting,,,,,,3.73,,,RD236,,,
,13-07-2026,,,,,LU Loading,,,,,,3.07,,,RD236,,,
,13-07-2026,,,,,Waiting,,,,,,0.58,,,RD239,,,
,13-07-2026,,,,,LU Loading,,,,,,2.68,,,RD239,,,
,13-07-2026,,,,,Waiting,,,,,,0.52,,,RD235,,,
,13-07-2026,,,,,LU Loading,,,,,,2.2,,,RD235,,,
,13-07-2026,,,,,Waiting,,,,,,4.82,,,RD236,,,
,13-07-2026,,,,,LU Loading,,,,,,3.08,,,RD236,,,
,13-07-2026,,,,,Waiting,,,,,,0.52,,,RD239,,,
,13-07-2026,,,,,LU Loading,,,,,,2.5,,,RD239,,,
,13-07-2026,,,,,Waiting,,,,,,0.95,,,RD235,,,
,13-07-2026,,,,,LU Loading,,,,,,2.7,,,RD235,,,
,13-07-2026,,,,,Waiting,,,,,,3.93,,,RD236,,,
,13-07-2026,,,,,LU Loading,,,,,,2.63,,,RD236,,,
,13-07-2026,,,,,Waiting,,,,,,0.65,,,RD244,,,
,13-07-2026,,,,,LU Loading,,,,,,2.13,,,RD244,,,
,13-07-2026,,,,,Waiting,,,,,,2.37,,,RD235,,,
,13-07-2026,,,,,LU Loading,,,,,,2.75,,,RD235,,,
,13-07-2026,,,,,Waiting,,,,,,0.85,,,RD252,,,
,13-07-2026,,,,,LU Loading,,,,,,2.42,,,RD252,,,
,13-07-2026,,,,,Waiting,,,,,,0.67,,,RD236,,,
,13-07-2026,,,,,Spotting,,,,,,0.17,,,RD236,,,
,13-07-2026,,,,,LU Loading,,,,,,2.15,,,RD236,,,
,13-07-2026,,,,,Spotting,,,,,,0.57,,,RD244,,,
,13-07-2026,,,,,LU Loading,,,,,,2.58,,,RD244,,,
,13-07-2026,,,,,Waiting,,,,,,1.15,,,RD235,,,
,13-07-2026,,,,,LU Loading,,,,,,2.52,,,RD235,,,
,13-07-2026,,,,,Waiting,,,,,,2.88,,,RD252,,,
,13-07-2026,,,,,Spotting,,,,,,1.13,,,RD252,,,
,13-07-2026,,,,,LU Loading,,,,,,2.98,,,RD252,,,
,13-07-2026,,,,,Waiting,,,,,,0.6,,,RD236,,,
,13-07-2026,,,,,LU Loading,,,,,,2.28,,,RD236,,,
,13-07-2026,,,,,Waiting,,,,,,0.42,,,RD244,,,
,13-07-2026,,,,,LU Loading,,,,,,2.65,,,RD244,,,
,13-07-2026,,,,,Waiting,,,,,,0.6,,,RD239,,,
,13-07-2026,,,,,Spotting,,,,,,0.33,,,RD239,,,
,13-07-2026,,,,,LU Loading,,,,,,2.98,,,RD239,,,
,13-07-2026,,,,,Waiting,,,,,,0.43,,,RD235,,,
,13-07-2026,,,,,LU Loading,,,,,,2.33,,,RD235,,,
,13-07-2026,,,,,Waiting,,,,,,0.47,,,RD252,,,
,13-07-2026,,,,,LU Loading,,,,,,2.03,,,RD252,,,
,13-07-2026,,,,,Waiting,,,,,,0.47,,,RD236,,,
,13-07-2026,,,,,LU Loading,,,,,,2.13,,,RD236,,,
,13-07-2026,,,,,Waiting,,,,,,0.5,,,RD244,,,
,13-07-2026,,,,,LU Loading,,,,,,3.1,,,RD244,,,
,13-07-2026,,,,,Waiting,,,,,,1.52,,,RD239,,,
,13-07-2026,,,,,LU Loading,,,,,,3.63,,,RD239,,,
,13-07-2026,,,,,Waiting,,,,,,0.22,,,RD235,,,
,13-07-2026,,,,,Spotting,,,,,,0.53,,,RD235,,,
,13-07-2026,,,,,LU Loading,,,,,,2.38,,,RD235,,,
,13-07-2026,,,,,Waiting,,,,,,0.67,,,RD236,,,
,13-07-2026,,,,,LU Loading,,,,,,2.37,,,RD236,,,
,13-07-2026,,,,,Waiting,,,,,,0.68,,,RD244,,,
,13-07-2026,,,,,Spotting,,,,,,0.48,,,RD244,,,
,13-07-2026,,,,,LU Loading,,,,,,2.62,,,RD244,,,
,13-07-2026,,,,,Waiting,,,,,,2.18,,,RD239,,,
,13-07-2026,,,,,LU Loading,,,,,,3.85,,,RD239,,,
,13-07-2026,,,,,Waiting,,,,,,0.95,,,RD235,,,
,13-07-2026,,,,,LU Loading,,,,,,2.8,,,RD235,,,
,13-07-2026,,,,,Waiting,,,,,,0.7,,,RD236,,,
,13-07-2026,,,,,Spotting,,,,,,0.17,,,RD236,,,
,13-07-2026,,,,,LU Loading,,,,,,2.78,,,RD236,,,
,13-07-2026,,,,,Waiting,,,,,,1.48,,,RD244,,,
,13-07-2026,,,,,LU Loading,,,,,,2.43,,,RD244,,,
,13-07-2026,,,,,Waiting,,,,,,1.28,,,RD239,,,
,13-07-2026,,,,,LU Loading,,,,,,3.45,,,RD239,,,
,13-07-2026,,,,,Waiting,,,,,,3.63,,,RD236,,,
,13-07-2026,,,,,LU Loading,,,,,,2.2,,,RD236,,,
,13-07-2026,,,,,Waiting,,,,,,0.42,,,RD244,,,
,13-07-2026,,,,,LU Loading,,,,,,2.32,,,RD244,,,
,13-07-2026,,,,,Waiting,,,,,,1,,,RD235,,,
,13-07-2026,,,,,LU Loading,,,,,,3.2,,,RD235,,,
,13-07-2026,,,,,Waiting,,,,,,0.43,,,RD239,,,
,13-07-2026,,,,,LU Loading,,,,,,2.77,,,RD239,,,
,13-07-2026,,,,,Waiting,,,,,,1.95,,,RD236,,,
,13-07-2026,,,,,Spotting,,,,,,0.67,,,RD236,,,
,13-07-2026,,,,,LU Loading,,,,,,2.23,,,RD236,,,
,13-07-2026,,,,,Waiting,,,,,,0.4,,,RD244,,,
,13-07-2026,,,,,Spotting,,,,,,0.22,,,RD244,,,
,13-07-2026,,,,,LU Loading,,,,,,3,,,RD244,,,
,13-07-2026,,,,,Waiting,,,,,,0.95,,,RD235,,,
,13-07-2026,,,,,LU Loading,,,,,,2.92,,,RD235,,,
,13-07-2026,,,,,Waiting,,,,,,0.73,,,RD239,,,
,13-07-2026,,,,,LU Loading,,,,,,2.28,,,RD239,,,
,13-07-2026,,,,,Waiting,,,,,,1.85,,,RD236,,,
,13-07-2026,,,,,LU Loading,,,,,,2.17,,,RD236,,,
,13-07-2026,,,,,Waiting,,,,,,0.52,,,RD244,,,
,13-07-2026,,,,,LU Loading,,,,,,2.95,,,RD244,,,
,13-07-2026,,,,,Waiting,,,,,,1.52,,,RD235,,,
,13-07-2026,,,,,LU Loading,,,,,,2.43,,,RD235,,,
,13-07-2026,,,,,Waiting,,,,,,1.1,,,RD239,,,
,13-07-2026,,,,,Spotting,,,,,,0.38,,,RD239,,,
,13-07-2026,,,,,LU Loading,,,,,,2.93,,,RD239,,,
,13-07-2026,,,,,Waiting,,,,,,1.23,,,RD236,,,
,13-07-2026,,,,,LU Loading,,,,,,2.48,,,RD236,,,
,13-07-2026,,,,,Waiting,,,,,,0.5,,,RD244,,,
,13-07-2026,,,,,LU Loading,,,,,,2.82,,,RD244,,,
,13-07-2026,,,,,Waiting,,,,,,0.5,,,RD235,,,
,13-07-2026,,,,,LU Loading,,,,,,2.4,,,RD235,,,
,13-07-2026,,,,,Waiting,,,,,,1.37,,,RD239,,,
,13-07-2026,,,,,LU Loading,,,,,,2.65,,,RD239,,,
,13-07-2026,,,,,Waiting,,,,,,1.88,,,RD236,,,
,13-07-2026,,,,,LU Loading,,,,,,2.17,,,RD236,,,
,13-07-2026,,,,,Waiting,,,,,,0.83,,,RD244,,,
,13-07-2026,,,,,LU Loading,,,,,,2.27,,,RD244,,,
,13-07-2026,,,,,Waiting,,,,,,6.6,,,RD239,,,
,13-07-2026,,,,,LU Loading,,,,,,2.6,,,RD239,,,
,13-07-2026,,,,,Waiting,,,,,,0.53,,,RD236,,,
,13-07-2026,,,,,LU Loading,,,,,,2.82,,,RD236,,,
,13-07-2026,,,,,Waiting,,,,,,0.82,,,RD244,,,
,13-07-2026,,,,,LU Loading,,,,,,2.73,,,RD244,,,
,13-07-2026,,,,,Waiting,,,,,,0.8,,,RD235,,,
,13-07-2026,,,,,LU Loading,,,,,,2.38,,,RD235,,,
,13-07-2026,,,,,Waiting,,,,,,3.35,,,RD239,,,
,13-07-2026,,,,,LU Loading,,,,,,2.05,,,RD239,,,
,13-07-2026,,,,,Waiting,,,,,,0.45,,,RD236,,,
,13-07-2026,,,,,LU Loading,,,,,,3.58,,,RD236,,,
,13-07-2026,,,,,Waiting,,,,,,6.28,,,RD249,,,
,13-07-2026,,,,,Shift Change,,,,,,0.12,,,RD249,,,
,13-07-2026,,,,,Marching,,,,,,5.48,,,RD249,,,
,13-07-2026,,,,,Shift Change,,,,,,25.97,,,RD249,,,
,13-07-2026,,,,,Shift Change,,,,,,73.25,,,RD249,,,
,13-07-2026,,,,,Marching,,,,,,5.33,,,RD249,,,
,13-07-2026,,,,,Waiting,,,,,,2.72,,,RD249,,,
,13-07-2026,,,,,LU Loading,,,,,,2.43,,,RD249,,,
,13-07-2026,,,,,Waiting,,,,,,3.15,,,RD235,,,
,13-07-2026,,,,,LU Loading,,,,,,2.5,,,RD235,,,
,13-07-2026,,,,,Waiting,,,,,,7.25,,,RD242,,,
,13-07-2026,,,,,LU Loading,,,,,,2.53,,,RD242,,,
,13-07-2026,,,,,Waiting,,,,,,0.73,,,RD237,,,
,13-07-2026,,,,,LU Loading,,,,,,2.93,,,RD237,,,
,13-07-2026,,,,,Waiting,,,,,,0.73,,,RD246,,,
,13-07-2026,,,,,LU Loading,,,,,,3.33,,,RD246,,,
,13-07-2026,,,,,Waiting,,,,,,0.78,,,RD253,,,
,13-07-2026,,,,,LU Loading,,,,,,3.42,,,RD253,,,
,13-07-2026,,,,,Waiting,,,,,,0.13,,,RD249,,,
,13-07-2026,,,,,Spotting,,,,,,0.38,,,RD249,,,
,13-07-2026,,,,,LU Loading,,,,,,4.08,,,RD249,,,
,13-07-2026,,,,,Waiting,,,,,,0.08,,,RD235,,,
,13-07-2026,,,,,Spotting,,,,,,0.43,,,RD235,,,
,13-07-2026,,,,,LU Loading,,,,,,2.25,,,RD235,,,
,13-07-2026,,,,,Waiting,,,,,,6.58,,,RD242,,,
,13-07-2026,,,,,Spotting,,,,,,1.33,,,RD242,,,
,13-07-2026,,,,,LU Loading,,,,,,11.95,,,RD242,,,
,13-07-2026,,,,,Waiting,,,,,,2.95,,,RD242,,,
,13-07-2026,,,,,Side Casting,,,,,,6.2,,,RD242,,,
,13-07-2026,,,,,LU Loading,,,,,,2.37,,,RD242,,,
,13-07-2026,,,,,Waiting,,,,,,0.73,,,RD237,,,
,13-07-2026,,,,,LU Loading,,,,,,2.38,,,RD237,,,
,13-07-2026,,,,,Waiting,,,,,,0.78,,,RD246,,,
,13-07-2026,,,,,LU Loading,,,,,,2.43,,,RD246,,,
,13-07-2026,,,,,Waiting,,,,,,0.4,,,RD253,,,
,13-07-2026,,,,,Spotting,,,,,,0.18,,,RD253,,,
,13-07-2026,,,,,LU Loading,,,,,,2.57,,,RD253,,,
,13-07-2026,,,,,Waiting,,,,,,0.58,,,RD249,,,
,13-07-2026,,,,,LU Loading,,,,,,2.1,,,RD249,,,
,13-07-2026,,,,,Waiting,,,,,,0.4,,,RD235,,,
,13-07-2026,,,,,LU Loading,,,,,,1.98,,,RD235,,,
,13-07-2026,,,,,Waiting,,,,,,1.02,,,RD242,,,
,13-07-2026,,,,,LU Loading,,,,,,2.88,,,RD242,,,
,13-07-2026,,,,,Waiting,,,,,,3.83,,,RD237,,,
,13-07-2026,,,,,LU Loading,,,,,,2.73,,,RD237,,,
,13-07-2026,,,,,Waiting,,,,,,0.78,,,RD246,,,
,13-07-2026,,,,,Spotting,,,,,,0.17,,,RD246,,,
,13-07-2026,,,,,LU Loading,,,,,,2.75,,,RD246,,,
,13-07-2026,,,,,Waiting,,,,,,0.63,,,RD253,,,
,13-07-2026,,,,,LU Loading,,,,,,2.48,,,RD253,,,
,13-07-2026,,,,,Waiting,,,,,,0.53,,,RD249,,,
,13-07-2026,,,,,Spotting,,,,,,0.1,,,RD249,,,
,13-07-2026,,,,,LU Loading,,,,,,2.2,,,RD249,,,
,13-07-2026,,,,,Waiting,,,,,,0.55,,,RD235,,,
,13-07-2026,,,,,LU Loading,,,,,,3.1,,,RD235,,,
,13-07-2026,,,,,LU Loading,,,,,,2.52,,,RD242,,,
,13-07-2026,,,,,Waiting,,,,,,0.53,,,RD237,,,
,13-07-2026,,,,,LU Loading,,,,,,1.98,,,RD237,,,
,13-07-2026,,,,,Waiting,,,,,,0.55,,,RD246,,,
,13-07-2026,,,,,Spotting,,,,,,3.85,,,RD246,,,
,13-07-2026,,,,,LU Loading,,,,,,2.77,,,RD246,,,
,13-07-2026,,,,,Waiting,,,,,,0.65,,,RD253,,,
,13-07-2026,,,,,LU Loading,,,,,,2.95,,,RD253,,,
,13-07-2026,,,,,Waiting,,,,,,0.6,,,RD249,,,
,13-07-2026,,,,,LU Loading,,,,,,2.82,,,RD249,,,
,13-07-2026,,,,,Waiting,,,,,,0.43,,,RD235,,,
,13-07-2026,,,,,LU Loading,,,,,,2.58,,,RD235,,,
,13-07-2026,,,,,Waiting,,,,,,0.52,,,RD237,,,
,13-07-2026,,,,,LU Loading,,,,,,2.5,,,RD237,,,
,13-07-2026,,,,,Waiting,,,,,,0.88,,,RD242,,,
,13-07-2026,,,,,LU Loading,,,,,,2.38,,,RD242,,,
,13-07-2026,,,,,Waiting,,,,,,0.45,,,RD246,,,
,13-07-2026,,,,,LU Loading,,,,,,2.42,,,RD246,,,
,13-07-2026,,,,,Waiting,,,,,,0.75,,,RD253,,,
,13-07-2026,,,,,Spotting,,,,,,0.6,,,RD253,,,
,13-07-2026,,,,,LU Loading,,,,,,2.48,,,RD253,,,
,13-07-2026,,,,,Waiting,,,,,,0.77,,,RD249,,,
,13-07-2026,,,,,LU Loading,,,,,,3,,,RD249,,,
,13-07-2026,,,,,Waiting,,,,,,0.47,,,RD235,,,
,13-07-2026,,,,,LU Loading,,,,,,3.12,,,RD235,,,
,13-07-2026,,,,,Waiting,,,,,,0.5,,,RD237,,,
,13-07-2026,,,,,LU Loading,,,,,,2.62,,,RD237,,,
,13-07-2026,,,,,Waiting,,,,,,0.83,,,RD242,,,
,13-07-2026,,,,,LU Loading,,,,,,4.15,,,RD242,,,
,13-07-2026,,,,,Waiting,,,,,,0.6,,,RD246,,,
,13-07-2026,,,,,LU Loading,,,,,,2.55,,,RD246,,,
,13-07-2026,,,,,Waiting,,,,,,1.58,,,RD249,,,
,13-07-2026,,,,,Spotting,,,,,,0.12,,,RD249,,,
,13-07-2026,,,,,LU Loading,,,,,,3.05,,,RD249,,,
,13-07-2026,,,,,Waiting,,,,,,0.65,,,RD235,,,
,13-07-2026,,,,,LU Loading,,,,,,2.33,,,RD235,,,
,13-07-2026,,,,,Waiting,,,,,,5.43,,,RD246,,,
,13-07-2026,,,,,Spotting,,,,,,0.92,,,RD246,,,
,13-07-2026,,,,,LU Loading,,,,,,3.28,,,RD246,,,
,13-07-2026,,,,,Waiting,,,,,,3.47,,,RD237,,,
,13-07-2026,,,,,LU Loading,,,,,,2.27,,,RD237,,,
,13-07-2026,,,,,Waiting,,,,,,0.62,,,RD249,,,
,13-07-2026,,,,,LU Loading,,,,,,2.37,,,RD249,,,
,13-07-2026,,,,,Waiting,,,,,,0.45,,,RD253,,,
,13-07-2026,,,,,LU Loading,,,,,,2.72,,,RD253,,,
,13-07-2026,,,,,Waiting,,,,,,8.85,,,RD237,,,
,13-07-2026,,,,,LU Loading,,,,,,2.2,,,RD237,,,
,13-07-2026,,,,,Waiting,,,,,,0.38,,,RD253,,,
,13-07-2026,,,,,LU Loading,,,,,,2.62,,,RD253,,,
,13-07-2026,,,,,Waiting,,,,,,10.35,,,RD253,,,
,13-07-2026,,,,,LU Loading,,,,,,3,,,RD253,,,
,13-07-2026,,,,,Waiting,,,,,,3.6,,,RD246,,,
,13-07-2026,,,,,LU Loading,,,,,,2.78,,,RD246,,,
,13-07-2026,,,,,Waiting,,,,,,4.32,,,RD253,,,
,13-07-2026,,,,,LU Loading,,,,,,2.18,,,RD253,,,
,13-07-2026,,,,,Waiting,,,,,,1.05,,,RD249,,,
,13-07-2026,,,,,LU Loading,,,,,,2.35,,,RD249,,,
,13-07-2026,,,,,Waiting,,,,,,1.47,,,RD246,,,
,13-07-2026,,,,,Spotting,,,,,,0.13,,,RD246,,,
,13-07-2026,,,,,LU Loading,,,,,,3.03,,,RD246,,,
,13-07-2026,,,,,Waiting,,,,,,2.32,,,RD253,,,
,13-07-2026,,,,,Spotting,,,,,,0.88,,,RD253,,,
,13-07-2026,,,,,LU Loading,,,,,,2.78,,,RD253,,,
,13-07-2026,,,,,Waiting,,,,,,0.62,,,RD249,,,
,13-07-2026,,,,,Spotting,,,,,,0.37,,,RD249,,,
,13-07-2026,,,,,LU Loading,,,,,,3.02,,,RD249,,,
,13-07-2026,,,,,Waiting,,,,,,0.52,,,RD237,,,
,13-07-2026,,,,,LU Loading,,,,,,2.47,,,RD237,,,
,13-07-2026,,,,,Waiting,,,,,,3.15,,,RD246,,,
,13-07-2026,,,,,Spotting,,,,,,0.43,,,RD246,,,
,13-07-2026,,,,,LU Loading,,,,,,3.1,,,RD246,,,
,13-07-2026,,,,,LU Loading,,,,,,3.23,,,RD253,,,
,13-07-2026,,,,,Waiting,,,,,,0.58,,,RD249,,,
,13-07-2026,,,,,LU Loading,,,,,,2.63,,,RD249,,,
,13-07-2026,,,,,Spotting,,,,,,0.45,,,RD237,,,
,13-07-2026,,,,,LU Loading,,,,,,3.07,,,RD237,,,
,13-07-2026,,,,,Waiting,,,,,,0.35,,,RD235,,,
,13-07-2026,,,,,Spotting,,,,,,0.3,,,RD235,,,
,13-07-2026,,,,,LU Loading,,,,,,2.42,,,RD235,,,
,13-07-2026,,,,,Waiting,,,,,,0.03,,,RD246,,,
,13-07-2026,,,,,Spotting,,,,,,0.82,,,RD246,,,
,13-07-2026,,,,,LU Loading,,,,,,2.8,,,RD246,,,
,13-07-2026,,,,,Waiting,,,,,,0.63,,,RD253,,,
,13-07-2026,,,,,LU Loading,,,,,,2.25,,,RD253,,,
,13-07-2026,,,,,Waiting,,,,,,0.03,,,RD249,,,
,13-07-2026,,,,,Spotting,,,,,,0.32,,,RD249,,,
,13-07-2026,,,,,LU Loading,,,,,,3.48,,,RD249,,,
,13-07-2026,,,,,Waiting,,,,,,2,,,RD237,,,
,13-07-2026,,,,,Spotting,,,,,,0.4,,,RD237,,,
,13-07-2026,,,,,LU Loading,,,,,,2.33,,,RD237,,,
,13-07-2026,,,,,Waiting,,,,,,0.13,,,RD235,,,
,13-07-2026,,,,,Spotting,,,,,,0.35,,,RD235,,,
,13-07-2026,,,,,LU Loading,,,,,,2.47,,,RD235,,,
,13-07-2026,,,,,Waiting,,,,,,0.3,,,RD246,,,
,13-07-2026,,,,,Spotting,,,,,,0.13,,,RD246,,,
,13-07-2026,,,,,LU Loading,,,,,,2.88,,,RD246,,,
,13-07-2026,,,,,Waiting,,,,,,0.48,,,RD253,,,
,13-07-2026,,,,,LU Loading,,,,,,2.38,,,RD253,,,
,13-07-2026,,,,,Spotting,,,,,,0.38,,,RD249,,,
,13-07-2026,,,,,LU Loading,,,,,,2.83,,,RD249,,,
,13-07-2026,,,,,Spotting,,,,,,0.75,,,RD237,,,
,13-07-2026,,,,,LU Loading,,,,,,2.77,,,RD237,,,
,13-07-2026,,,,,Waiting,,,,,,0.13,,,RD235,,,
,13-07-2026,,,,,Spotting,,,,,,0.38,,,RD235,,,
,13-07-2026,,,,,LU Loading,,,,,,3.17,,,RD235,,,
,13-07-2026,,,,,Waiting,,,,,,0.2,,,RD246,,,
,13-07-2026,,,,,Spotting,,,,,,0.3,,,RD246,,,
,13-07-2026,,,,,LU Loading,,,,,,3.35,,,RD246,,,
,13-07-2026,,,,,Waiting,,,,,,0.57,,,RD253,,,
,13-07-2026,,,,,LU Loading,,,,,,2.37,,,RD253,,,
,13-07-2026,,,,,Spotting,,,,,,0.35,,,RD249,,,
,13-07-2026,,,,,LU Loading,,,,,,2.62,,,RD249,,,
,13-07-2026,,,,,Waiting,,,,,,0.12,,,RD237,,,
,13-07-2026,,,,,Spotting,,,,,,0.35,,,RD237,,,
,13-07-2026,,,,,LU Loading,,,,,,2.48,,,RD237,,,
,13-07-2026,,,,,Waiting,,,,,,0.23,,,RD235,,,
,13-07-2026,,,,,Spotting,,,,,,0.32,,,RD235,,,
,13-07-2026,,,,,LU Loading,,,,,,3.12,,,RD235,,,
,13-07-2026,,,,,LU Loading,,,,,,3.9,,,RD246,,,
,13-07-2026,,,,,Waiting,,,,,,0.35,,,RD253,,,
,13-07-2026,,,,,Spotting,,,,,,0.43,,,RD253,,,
,13-07-2026,,,,,LU Loading,,,,,,2.38,,,RD253,,,
,13-07-2026,,,,,Spotting,,,,,,0.4,,,RD249,,,
,13-07-2026,,,,,LU Loading,,,,,,2.52,,,RD249,,,
,13-07-2026,,,,,Waiting,,,,,,0.4,,,RD237,,,
,13-07-2026,,,,,LU Loading,,,,,,2.63,,,RD237,,,
,13-07-2026,,,,,Waiting,,,,,,0.6,,,RD235,,,
,13-07-2026,,,,,LU Loading,,,,,,2.85,,,RD235,,,
,13-07-2026,,,,,Spotting,,,,,,0.33,,,RD246,,,
,13-07-2026,,,,,LU Loading,,,,,,3.1,,,RD246,,,
,13-07-2026,,,,,Waiting,,,,,,0.17,,,RD253,,,
,13-07-2026,,,,,Spotting,,,,,,0.25,,,RD253,,,
,13-07-2026,,,,,LU Loading,,,,,,3.02,,,RD253,,,
,13-07-2026,,,,,Spotting,,,,,,0.15,,,RD249,,,
,13-07-2026,,,,,LU Loading,,,,,,2.77,,,RD249,,,
,13-07-2026,,,,,LU Loading,,,,,,2.7,,,RD237,,,
,13-07-2026,,,,,Waiting,,,,,,0.27,,,RD235,,,
,13-07-2026,,,,,Spotting,,,,,,0.47,,,RD235,,,
,13-07-2026,,,,,LU Loading,,,,,,2.37,,,RD235,,,
,13-07-2026,,,,,Waiting,,,,,,0.1,,,RD246,,,
,13-07-2026,,,,,Spotting,,,,,,0.62,,,RD246,,,
,13-07-2026,,,,,LU Loading,,,,,,3.02,,,RD246,,,
,13-07-2026,,,,,Waiting,,,,,,7.43,,,RD235,,,
,13-07-2026,,,,,LU Loading,,,,,,2.15,,,RD235,,,
,13-07-2026,,,,,Waiting,,,,,,5.55,,,RD247,,,
,13-07-2026,,,,,Shift Change,,,,,,25.83,,,RD247,,,
,13-07-2026,,,,,Shift Change,,,,,,32.53,,,RD247,,,
,13-07-2026,,,,,Waiting,,,,,,6.3,,,RD247,,,
,13-07-2026,,,,,Spotting,,,,,,0.33,,,RD247,,,
,13-07-2026,,,,,LU Loading,,,,,,3.02,,,RD247,,,
,13-07-2026,,,,,Waiting,,,,,,11.38,,,RD234,,,
,13-07-2026,,,,,LU Loading,,,,,,2.83,,,RD234,,,
,13-07-2026,,,,,Waiting,,,,,,0.45,,,RD247,,,
,13-07-2026,,,,,LU Loading,,,,,,3.55,,,RD247,,,
,13-07-2026,,,,,Waiting,,,,,,6.85,,,RD234,,,
,13-07-2026,,,,,Spotting,,,,,,0.35,,,RD234,,,
,13-07-2026,,,,,LU Loading,,,,,,3.53,,,RD234,,,
,13-07-2026,,,,,Spotting,,,,,,0.22,,,RD233,,,
,13-07-2026,,,,,LU Loading,,,,,,3.77,,,RD233,,,
,13-07-2026,,,,,Spotting,,,,,,0.1,,,RD243,,,
,13-07-2026,,,,,LU Loading,,,,,,4.75,,,RD243,,,
,13-07-2026,,,,,Waiting,,,,,,0.78,,,RD247,,,
,13-07-2026,,,,,LU Loading,,,,,,3.08,,,RD247,,,
,13-07-2026,,,,,Spotting,,,,,,0.42,,,RD234,,,
,13-07-2026,,,,,LU Loading,,,,,,3.02,,,RD234,,,
,13-07-2026,,,,,Waiting,,,,,,0.63,,,RD233,,,
,13-07-2026,,,,,LU Loading,,,,,,4.75,,,RD233,,,
,13-07-2026,,,,,Waiting,,,,,,0.02,,,RD243,,,
,13-07-2026,,,,,LU Loading,,,,,,3.22,,,RD243,,,
,13-07-2026,,,,,Waiting,,,,,,0.45,,,RD233,,,
,13-07-2026,,,,,LU Loading,,,,,,2.63,,,RD233,,,
,13-07-2026,,,,,Waiting,,,,,,0.28,,,RD247,,,
,13-07-2026,,,,,LU Loading,,,,,,2.63,,,RD247,,,
,13-07-2026,,,,,Waiting,,,,,,0.38,,,RD234,,,
,13-07-2026,,,,,LU Loading,,,,,,2.77,,,RD234,,,
,13-07-2026,,,,,Waiting,,,,,,3.92,,,RD243,,,
,13-07-2026,,,,,LU Loading,,,,,,2.7,,,RD243,,,
,13-07-2026,,,,,Waiting,,,,,,0.38,,,RD233,,,
,13-07-2026,,,,,LU Loading,,,,,,3.03,,,RD233,,,
,13-07-2026,,,,,Waiting,,,,,,0.2,,,RD247,,,
,13-07-2026,,,,,LU Loading,,,,,,3.72,,,RD247,,,
,13-07-2026,,,,,Waiting,,,,,,0.32,,,RD234,,,
,13-07-2026,,,,,LU Loading,,,,,,3.77,,,RD234,,,
,14-07-2026,,,,,Waiting,,,,,,1.48,,,RD243,,,
,14-07-2026,,,,,LU Loading,,,,,,5.77,,,RD243,,,
,14-07-2026,,,,,LU Loading,,,,,,3.18,,,RD233,,,
,14-07-2026,,,,,Waiting,,,,,,0.4,,,RD247,,,
,14-07-2026,,,,,LU Loading,,,,,,2.9,,,RD247,,,
,14-07-2026,,,,,Waiting,,,,,,0.78,,,RD234,,,
,14-07-2026,,,,,LU Loading,,,,,,3.57,,,RD234,,,
,14-07-2026,,,,,Waiting,,,,,,2.25,,,RD243,,,
,14-07-2026,,,,,LU Loading,,,,,,3.05,,,RD243,,,
,14-07-2026,,,,,Waiting,,,,,,0.07,,,RD233,,,
,14-07-2026,,,,,LU Loading,,,,,,3.67,,,RD233,,,
,14-07-2026,,,,,Waiting,,,,,,0.42,,,RD247,,,
,14-07-2026,,,,,LU Loading,,,,,,2.58,,,RD247,,,
,14-07-2026,,,,,Waiting,,,,,,0.82,,,RD234,,,
,14-07-2026,,,,,LU Loading,,,,,,2.95,,,RD234,,,
,14-07-2026,,,,,Waiting,,,,,,2.17,,,RD243,,,
,14-07-2026,,,,,LU Loading,,,,,,2.87,,,RD243,,,
,14-07-2026,,,,,Waiting,,,,,,0.85,,,RD233,,,
,14-07-2026,,,,,LU Loading,,,,,,2.63,,,RD233,,,
,14-07-2026,,,,,Waiting,,,,,,0.35,,,RD247,,,
,14-07-2026,,,,,LU Loading,,,,,,2.73,,,RD247,,,
,14-07-2026,,,,,Waiting,,,,,,0.78,,,RD234,,,
,14-07-2026,,,,,LU Loading,,,,,,2.57,,,RD234,,,
,14-07-2026,,,,,Waiting,,,,,,2.4,,,RD243,,,
,14-07-2026,,,,,LU Loading,,,,,,2.52,,,RD243,,,
,14-07-2026,,,,,Waiting,,,,,,0.5,,,RD233,,,
,14-07-2026,,,,,LU Loading,,,,,,3.03,,,RD233,,,
,14-07-2026,,,,,Waiting,,,,,,1,,,RD247,,,
,14-07-2026,,,,,LU Loading,,,,,,3.25,,,RD247,,,
,14-07-2026,,,,,LU Loading,,,,,,4.25,,,RD234,,,
,14-07-2026,,,,,Waiting,,,,,,0.6,,,RD243,,,
,14-07-2026,,,,,LU Loading,,,,,,2.92,,,RD243,,,
,14-07-2026,,,,,Waiting,,,,,,0.93,,,RD233,,,
,14-07-2026,,,,,LU Loading,,,,,,2.58,,,RD233,,,
,14-07-2026,,,,,Waiting,,,,,,1.12,,,RD247,,,
,14-07-2026,,,,,LU Loading,,,,,,2.75,,,RD247,,,
,14-07-2026,,,,,Waiting,,,,,,0.5,,,RD234,,,
,14-07-2026,,,,,LU Loading,,,,,,3,,,RD234,,,
,14-07-2026,,,,,LU Loading,,,,,,3.05,,,RD243,,,
,14-07-2026,,,,,Waiting,,,,,,8.3,,,RD243,,,
,14-07-2026,,,,,Daily Service,,,,,,84.47,,,RD243,,,
,14-07-2026,,,,,Waiting,,,,,,0.25,,,RD243,,,
,14-07-2026,,,,,LU Loading,,,,,,1.08,,,RD243,,,
,14-07-2026,,,,,Spotting,,,,,,0.27,,,RD247,,,
,14-07-2026,,,,,LU Loading,,,,,,3.08,,,RD247,,,
,14-07-2026,,,,,LU Loading,,,,,,4.17,,,RD233,,,
,14-07-2026,,,,,Waiting,,,,,,0.58,,,RD234,,,
,14-07-2026,,,,,Spotting,,,,,,10.9,,,RD234,,,
,14-07-2026,,,,,LU Loading,,,,,,3.57,,,RD234,,,
,14-07-2026,,,,,Waiting,,,,,,0.37,,,RD243,,,
,14-07-2026,,,,,Spotting,,,,,,0.9,,,RD243,,,
,14-07-2026,,,,,LU Loading,,,,,,2.78,,,RD243,,,
,14-07-2026,,,,,Waiting,,,,,,0.75,,,RD247,,,
,14-07-2026,,,,,LU Loading,,,,,,3.6,,,RD247,,,
,14-07-2026,,,,,Waiting,,,,,,0.17,,,RD233,,,
,14-07-2026,,,,,Spotting,,,,,,0.45,,,RD233,,,
,14-07-2026,,,,,LU Loading,,,,,,3.55,,,RD233,,,
,14-07-2026,,,,,Waiting,,,,,,0.28,,,RD234,,,
,14-07-2026,,,,,Spotting,,,,,,0.47,,,RD234,,,
,14-07-2026,,,,,LU Loading,,,,,,3.38,,,RD234,,,
,14-07-2026,,,,,Waiting,,,,,,0.33,,,RD243,,,
,14-07-2026,,,,,Spotting,,,,,,0.55,,,RD243,,,
,14-07-2026,,,,,LU Loading,,,,,,2.98,,,RD243,,,
,14-07-2026,,,,,Waiting,,,,,,4.62,,,RD247,,,
,14-07-2026,,,,,Spotting,,,,,,0.15,,,RD247,,,
,14-07-2026,,,,,LU Loading,,,,,,3.22,,,RD247,,,
,14-07-2026,,,,,Waiting,,,,,,0.47,,,RD233,,,
,14-07-2026,,,,,Spotting,,,,,,0.43,,,RD233,,,
,14-07-2026,,,,,LU Loading,,,,,,2.93,,,RD233,,,
,14-07-2026,,,,,Waiting,,,,,,0.28,,,RD234,,,
,14-07-2026,,,,,Spotting,,,,,,0.42,,,RD234,,,
,14-07-2026,,,,,LU Loading,,,,,,3.4,,,RD234,,,
,14-07-2026,,,,,Waiting,,,,,,1.07,,,RD243,,,
,14-07-2026,,,,,Spotting,,,,,,0.42,,,RD243,,,
,14-07-2026,,,,,LU Loading,,,,,,3.38,,,RD243,,,
,14-07-2026,,,,,Waiting,,,,,,0.57,,,RD247,,,
,14-07-2026,,,,,LU Loading,,,,,,2.6,,,RD247,,,
,14-07-2026,,,,,Waiting,,,,,,0.6,,,RD233,,,
,14-07-2026,,,,,LU Loading,,,,,,2.92,,,RD233,,,
,14-07-2026,,,,,Waiting,,,,,,0.52,,,RD234,,,
,14-07-2026,,,,,Spotting,,,,,,0.57,,,RD234,,,
,14-07-2026,,,,,LU Loading,,,,,,2.93,,,RD234,,,
,14-07-2026,,,,,Waiting,,,,,,1.6,,,RD243,,,
,14-07-2026,,,,,LU Loading,,,,,,2.68,,,RD243,,,
,14-07-2026,,,,,Spotting,,,,,,1.5,,,RD247,,,
,14-07-2026,,,,,LU Loading,,,,,,3.02,,,RD247,,,
,14-07-2026,,,,,Waiting,,,,,,0.08,,,RD233,,,
,14-07-2026,,,,,Spotting,,,,,,0.5,,,RD233,,,
,14-07-2026,,,,,LU Loading,,,,,,3.85,,,RD233,,,
,14-07-2026,,,,,Spotting,,,,,,0.12,,,RD234,,,
,14-07-2026,,,,,LU Loading,,,,,,3.1,,,RD234,,,
,14-07-2026,,,,,Waiting,,,,,,1.42,,,RD243,,,
,14-07-2026,,,,,LU Loading,,,,,,3.63,,,RD243,,,
,14-07-2026,,,,,Spotting,,,,,,0.8,,,RD247,,,
,14-07-2026,,,,,LU Loading,,,,,,3.35,,,RD247,,,
,14-07-2026,,,,,Waiting,,,,,,0.03,,,RD233,,,
,14-07-2026,,,,,Spotting,,,,,,0.57,,,RD233,,,
,14-07-2026,,,,,LU Loading,,,,,,3.13,,,RD233,,,
,14-07-2026,,,,,Spotting,,,,,,0.75,,,RD234,,,
,14-07-2026,,,,,LU Loading,,,,,,3.63,,,RD234,,,
,14-07-2026,,,,,Waiting,,,,,,1,,,RD243,,,
,14-07-2026,,,,,LU Loading,,,,,,3.88,,,RD243,,,
,14-07-2026,,,,,Spotting,,,,,,2.73,,,RD247,,,
,14-07-2026,,,,,LU Loading,,,,,,3.82,,,RD247,,,
,14-07-2026,,,,,Spotting,,,,,,0.4,,,RD233,,,
,14-07-2026,,,,,LU Loading,,,,,,3.08,,,RD233,,,
,14-07-2026,,,,,Waiting,,,,,,0.53,,,RD234,,,
,14-07-2026,,,,,LU Loading,,,,,,2.65,,,RD234,,,
,14-07-2026,,,,,Waiting,,,,,,0.5,,,RD243,,,
,14-07-2026,,,,,Spotting,,,,,,0.27,,,RD243,,,
,14-07-2026,,,,,LU Loading,,,,,,3.88,,,RD243,,,
,14-07-2026,,,,,Waiting,,,,,,0.67,,,RD247,,,
,14-07-2026,,,,,LU Loading,,,,,,3.57,,,RD247,,,
,14-07-2026,,,,,Waiting,,,,,,0.13,,,RD233,,,
,14-07-2026,,,,,LU Loading,,,,,,3.4,,,RD233,,,
,14-07-2026,,,,,Waiting,,,,,,0.27,,,RD234,,,
,14-07-2026,,,,,LU Loading,,,,,,3.18,,,RD234,,,
,14-07-2026,,,,,Waiting,,,,,,0.3,,,RD243,,,
,14-07-2026,,,,,LU Loading,,,,,,2.7,,,RD243,,,
,14-07-2026,,,,,Waiting,,,,,,3.18,,,RD245,,,
,14-07-2026,,,,,Shift Change,,,,,,31.07,,,RD245,,,
,14-07-2026,,,,,,,,,,,,,,,,,
,Timestamp,,,,,Status Code,,Sub-Status Code,,,,"Duration
(min)",,,Hauling Unit,,,
,14-07-2026,,,,,Shift Change,,,,,,42.25,,,RD245,,,
,14-07-2026,,,,,Waiting,,,,,,4.97,,,RD245,,,
,14-07-2026,,,,,LU Loading,,,,,,3.27,,,RD245,,,
,14-07-2026,,,,,Waiting,,,,,,2.7,,,RD247,,,
,14-07-2026,,,,,Fuel Filling,,,,,,11.95,,,RD247,,,
,14-07-2026,,,,,LU Loading,,,,,,2.87,,,RD247,,,
,14-07-2026,,,,,Waiting,,,,,,0.55,,,RD245,,,
,14-07-2026,,,,,LU Loading,,,,,,3.13,,,RD245,,,
,14-07-2026,,,,,Waiting,,,,,,0.43,,,RD236,,,
,14-07-2026,,,,,LU Loading,,,,,,3.83,,,RD236,,,
,14-07-2026,,,,,Waiting,,,,,,4.77,,,RD250,,,
,14-07-2026,,,,,LU Loading,,,,,,2.92,,,RD250,,,
,14-07-2026,,,,,Spotting,,,,,,0.48,,,RD247,,,
,14-07-2026,,,,,LU Loading,,,,,,2.37,,,RD247,,,
,14-07-2026,,,,,Waiting,,,,,,0.27,,,RD245,,,
,14-07-2026,,,,,Spotting,,,,,,0.28,,,RD245,,,
,14-07-2026,,,,,LU Loading,,,,,,2.27,,,RD245,,,
,14-07-2026,,,,,LU Loading,,,,,,2.5,,,RD236,,,
,14-07-2026,,,,,Waiting,,,,,,3.67,,,RD250,,,
,14-07-2026,,,,,Spotting,,,,,,0.52,,,RD250,,,
,14-07-2026,,,,,LU Loading,,,,,,3.07,,,RD250,,,
,14-07-2026,,,,,Waiting,,,,,,1.45,,,RD247,,,
,14-07-2026,,,,,LU Loading,,,,,,2.88,,,RD247,,,
,14-07-2026,,,,,LU Loading,,,,,,2.35,,,RD245,,,
,14-07-2026,,,,,Waiting,,,,,,0.02,,,RD236,,,
,14-07-2026,,,,,LU Loading,,,,,,2.65,,,RD236,,,
,14-07-2026,,,,,Waiting,,,,,,1.93,,,RD250,,,
,14-07-2026,,,,,LU Loading,,,,,,3.12,,,RD250,,,
,14-07-2026,,,,,Waiting,,,,,,3.32,,,RD245,,,
,14-07-2026,,,,,Spotting,,,,,,0.32,,,RD245,,,
,14-07-2026,,,,,LU Loading,,,,,,2.67,,,RD245,,,
,14-07-2026,,,,,Spotting,,,,,,0.25,,,RD247,,,
,14-07-2026,,,,,LU Loading,,,,,,2.45,,,RD247,,,
,14-07-2026,,,,,Waiting,,,,,,0.15,,,RD236,,,
,14-07-2026,,,,,LU Loading,,,,,,2.33,,,RD236,,,
,14-07-2026,,,,,Waiting,,,,,,1.1,,,RD250,,,
,14-07-2026,,,,,LU Loading,,,,,,3.97,,,RD250,,,
,14-07-2026,,,,,Waiting,,,,,,2.42,,,RD245,,,
,14-07-2026,,,,,Spotting,,,,,,0.88,,,RD245,,,
,14-07-2026,,,,,LU Loading,,,,,,3.02,,,RD245,,,
,14-07-2026,,,,,Waiting,,,,,,0.07,,,RD236,,,
,14-07-2026,,,,,Spotting,,,,,,0.35,,,RD236,,,
,14-07-2026,,,,,LU Loading,,,,,,2.23,,,RD236,,,
,14-07-2026,,,,,Waiting,,,,,,0.6,,,RD247,,,
,14-07-2026,,,,,Spotting,,,,,,0.28,,,RD247,,,
,14-07-2026,,,,,LU Loading,,,,,,3.25,,,RD247,,,
,14-07-2026,,,,,Spotting,,,,,,0.13,,,RD250,,,
,14-07-2026,,,,,LU Loading,,,,,,12.98,,,RD250,,,
,14-07-2026,,,,,Waiting,,,,,,3.97,,,RD245,,,
,14-07-2026,,,,,Spotting,,,,,,0.32,,,RD245,,,
,14-07-2026,,,,,LU Loading,,,,,,5.32,,,RD245,,,
,14-07-2026,,,,,Waiting,,,,,,0.3,,,RD236,,,
,14-07-2026,,,,,Spotting,,,,,,0.63,,,RD236,,,
,14-07-2026,,,,,LU Loading,,,,,,3.43,,,RD236,,,
,14-07-2026,,,,,Waiting,,,,,,0.88,,,RD247,,,
,14-07-2026,,,,,LU Loading,,,,,,3.28,,,RD247,,,
,14-07-2026,,,,,Waiting,,,,,,0.33,,,RD250,,,
,14-07-2026,,,,,Spotting,,,,,,0.35,,,RD250,,,
,14-07-2026,,,,,LU Loading,,,,,,3.37,,,RD250,,,
,14-07-2026,,,,,Waiting,,,,,,1.2,,,RD245,,,
,14-07-2026,,,,,LU Loading,,,,,,3.35,,,RD245,,,
,14-07-2026,,,,,Waiting,,,,,,0.45,,,RD236,,,
,14-07-2026,,,,,LU Loading,,,,,,2.5,,,RD236,,,
,14-07-2026,,,,,Waiting,,,,,,1.82,,,RD247,,,
,14-07-2026,,,,,Spotting,,,,,,0.63,,,RD247,,,
,14-07-2026,,,,,LU Loading,,,,,,3.25,,,RD247,,,
,14-07-2026,,,,,Waiting,,,,,,0.52,,,RD250,,,
,14-07-2026,,,,,LU Loading,,,,,,2.42,,,RD250,,,
,14-07-2026,,,,,Waiting,,,,,,6.55,,,RD236,,,
,14-07-2026,,,,,Spotting,,,,,,0.42,,,RD236,,,
,14-07-2026,,,,,LU Loading,,,,,,2.57,,,RD236,,,
,14-07-2026,,,,,Waiting,,,,,,5.15,,,RD247,,,
,14-07-2026,,,,,Spotting,,,,,,0.38,,,RD247,,,
,14-07-2026,,,,,LU Loading,,,,,,3.38,,,RD247,,,
,14-07-2026,,,,,Waiting,,,,,,4.93,,,RD236,,,
,14-07-2026,,,,,LU Loading,,,,,,2.58,,,RD236,,,
,14-07-2026,,,,,Waiting,,,,,,2.05,,,RD247,,,
,14-07-2026,,,,,LU Loading,,,,,,3.08,,,RD247,,,
,14-07-2026,,,,,Waiting,,,,,,5,,,RD250,,,
,14-07-2026,,,,,LU Loading,,,,,,2.67,,,RD250,,,
,14-07-2026,,,,,Spotting,,,,,,0.43,,,RD245,,,
,14-07-2026,,,,,LU Loading,,,,,,3.17,,,RD245,,,
,14-07-2026,,,,,Waiting,,,,,,0.37,,,RD236,,,
,14-07-2026,,,,,LU Loading,,,,,,3.28,,,RD236,,,
,14-07-2026,,,,,Waiting,,,,,,0.27,,,RD247,,,
,14-07-2026,,,,,Spotting,,,,,,0.37,,,RD247,,,
,14-07-2026,,,,,LU Loading,,,,,,3.55,,,RD247,,,
,14-07-2026,,,,,Waiting,,,,,,0.43,,,RD250,,,
,14-07-2026,,,,,LU Loading,,,,,,2.35,,,RD250,,,
,14-07-2026,,,,,Waiting,,,,,,0.88,,,RD245,,,
,14-07-2026,,,,,LU Loading,,,,,,3.25,,,RD245,,,
,14-07-2026,,,,,Waiting,,,,,,8.53,,,RD250,,,
,14-07-2026,,,,,LU Loading,,,,,,2.98,,,RD250,,,
,14-07-2026,,,,,Spotting,,,,,,0.35,,,RD245,,,
,14-07-2026,,,,,LU Loading,,,,,,3.63,,,RD245,,,
,14-07-2026,,,,,Waiting,,,,,,10.6,,,RD250,,,
,14-07-2026,,,,,LU Loading,,,,,,2.87,,,RD250,,,
,14-07-2026,,,,,Spotting,,,,,,0.35,,,RD236,,,
,14-07-2026,,,,,LU Loading,,,,,,2.85,,,RD236,,,
,14-07-2026,,,,,Waiting,,,,,,0.1,,,RD245,,,
,14-07-2026,,,,,Spotting,,,,,,0.37,,,RD245,,,
,14-07-2026,,,,,LU Loading,,,,,,2.25,,,RD245,,,
,14-07-2026,,,,,Waiting,,,,,,4.13,,,RD246,,,
,14-07-2026,,,,,LU Loading,,,,,,3.22,,,RD246,,,
,14-07-2026,,,,,Spotting,,,,,,0.43,,,RD250,,,
,14-07-2026,,,,,LU Loading,,,,,,3.45,,,RD250,,,
,14-07-2026,,,,,Spotting,,,,,,0.37,,,RD236,,,
,14-07-2026,,,,,LU Loading,,,,,,2.67,,,RD236,,,
,14-07-2026,,,,,Spotting,,,,,,0.43,,,RD245,,,
,14-07-2026,,,,,LU Loading,,,,,,2.67,,,RD245,,,
,14-07-2026,,,,,Waiting,,,,,,3.83,,,RD246,,,
,14-07-2026,,,,,LU Loading,,,,,,4.38,,,RD246,,,
,14-07-2026,,,,,Spotting,,,,,,0.23,,,RD250,,,
,14-07-2026,,,,,LU Loading,,,,,,3.62,,,RD250,,,
,14-07-2026,,,,,Spotting,,,,,,0.55,,,RD247,,,
,14-07-2026,,,,,LU Loading,,,,,,2.82,,,RD247,,,
,14-07-2026,,,,,Spotting,,,,,,0.38,,,RD236,,,
,14-07-2026,,,,,LU Loading,,,,,,2.72,,,RD236,,,
,14-07-2026,,,,,Spotting,,,,,,0.18,,,RD245,,,
,14-07-2026,,,,,LU Loading,,,,,,2.58,,,RD245,,,
,14-07-2026,,,,,LU Loading,,,,,,3.68,,,RD246,,,
,14-07-2026,,,,,Spotting,,,,,,0.7,,,RD250,,,
,14-07-2026,,,,,LU Loading,,,,,,2.62,,,RD250,,,
,14-07-2026,,,,,Waiting,,,,,,1.77,,,RD247,,,
,14-07-2026,,,,,LU Loading,,,,,,3.4,,,RD247,,,
,14-07-2026,,,,,Waiting,,,,,,0.42,,,RD236,,,
,14-07-2026,,,,,LU Loading,,,,,,2.83,,,RD236,,,
,14-07-2026,,,,,LU Loading,,,,,,3.78,,,RD245,,,
,14-07-2026,,,,,Waiting,,,,,,3.67,,,RD246,,,
,14-07-2026,,,,,LU Loading,,,,,,2.78,,,RD246,,,
,14-07-2026,,,,,Spotting,,,,,,0.35,,,RD250,,,
,14-07-2026,,,,,LU Loading,,,,,,3.82,,,RD250,,,
,14-07-2026,,,,,Waiting,,,,,,0.43,,,RD247,,,
,14-07-2026,,,,,LU Loading,,,,,,2.6,,,RD247,,,
,14-07-2026,,,,,Waiting,,,,,,0.18,,,RD236,,,
,14-07-2026,,,,,Spotting,,,,,,0.37,,,RD236,,,
,14-07-2026,,,,,LU Loading,,,,,,3.08,,,RD236,,,
,14-07-2026,,,,,Waiting,,,,,,0.33,,,RD245,,,
,14-07-2026,,,,,LU Loading,,,,,,2.6,,,RD245,,,
,14-07-2026,,,,,Waiting,,,,,,3.65,,,RD250,,,
,14-07-2026,,,,,LU Loading,,,,,,2.53,,,RD250,,,
,14-07-2026,,,,,Spotting,,,,,,1.02,,,RD246,,,
,14-07-2026,,,,,LU Loading,,,,,,2.08,,,RD246,,,
,14-07-2026,,,,,Waiting,,,,,,0.57,,,RD247,,,
,14-07-2026,,,,,LU Loading,,,,,,2.62,,,RD247,,,
,14-07-2026,,,,,Waiting,,,,,,0.3,,,RD236,,,
,14-07-2026,,,,,LU Loading,,,,,,3.22,,,RD236,,,
,14-07-2026,,,,,Waiting,,,,,,2,,,RD245,,,
,14-07-2026,,,,,LU Loading,,,,,,3.27,,,RD245,,,
,14-07-2026,,,,,Waiting,,,,,,0.07,,,RD246,,,
,14-07-2026,,,,,LU Loading,,,,,,3.8,,,RD246,,,
,14-07-2026,,,,,Spotting,,,,,,0.07,,,RD250,,,
,14-07-2026,,,,,LU Loading,,,,,,4.22,,,RD250,,,
,14-07-2026,,,,,Waiting,,,,,,0.37,,,RD236,,,
,14-07-2026,,,,,LU Loading,,,,,,2.83,,,RD236,,,
,14-07-2026,,,,,Spotting,,,,,,0.42,,,RD247,,,
,14-07-2026,,,,,LU Loading,,,,,,3.35,,,RD247,,,
,14-07-2026,,,,,Spotting,,,,,,0.87,,,RD245,,,
,14-07-2026,,,,,LU Loading,,,,,,2.85,,,RD245,,,
,14-07-2026,,,,,Waiting,,,,,,1.83,,,RD246,,,
,14-07-2026,,,,,LU Loading,,,,,,2.58,,,RD246,,,
,14-07-2026,,,,,Spotting,,,,,,0.93,,,RD250,,,
,14-07-2026,,,,,LU Loading,,,,,,1.88,,,RD250,,,
,14-07-2026,,,,,Spotting,,,,,,0.25,,,RD236,,,
,14-07-2026,,,,,LU Loading,,,,,,2.28,,,RD236,,,
,14-07-2026,,,,,Spotting,,,,,,0.25,,,RD247,,,
,14-07-2026,,,,,LU Loading,,,,,,2.52,,,RD247,,,
,14-07-2026,,,,,Waiting,,,,,,4.3,,,RD245,,,
,14-07-2026,,,,,LU Loading,,,,,,2.37,,,RD245,,,
,14-07-2026,,,,,Waiting,,,,,,0.5,,,RD246,,,
,14-07-2026,,,,,LU Loading,,,,,,3.15,,,RD246,,,
,14-07-2026,,,,,Spotting,,,,,,0.92,,,RD250,,,
,14-07-2026,,,,,LU Loading,,,,,,2.55,,,RD250,,,
,14-07-2026,,,,,Spotting,,,,,,0.35,,,RD236,,,
,14-07-2026,,,,,LU Loading,,,,,,2.4,,,RD236,,,
,14-07-2026,,,,,Spotting,,,,,,0.33,,,RD247,,,
,14-07-2026,,,,,LU Loading,,,,,,2.23,,,RD247,,,
,14-07-2026,,,,,LU Loading,,,,,,2.6,,,RD245,,,
,14-07-2026,,,,,Waiting,,,,,,0.15,,,RD246,,,
,14-07-2026,,,,,Spotting,,,,,,0.5,,,RD246,,,
,14-07-2026,,,,,LU Loading,,,,,,3.43,,,RD246,,,
,14-07-2026,,,,,Waiting,,,,,,9.13,,,RD244,,,
,14-07-2026,,,,,Marching,,,,,,27.85,,,RD244,,,
,14-07-2026,,,,,Blasting,,,,,,74.52,,,RD244,,,
,14-07-2026,,,,,Blasting,,,,,,25.53,,,RD244,,,
,14-07-2026,,,,,Meeting,,,,,,0.07,,,RD244,,,
,14-07-2026,,,,,Marching,,,,,,7.85,,,RD244,,,
,14-07-2026,,,,,LU Loading,,,,,,0.92,,,RD244,,,
,14-07-2026,,,,,Waiting,,,,,,0.08,,,RD244,,,
,14-07-2026,,,,,Marching,,,,,,7.53,,,RD244,,,
,14-07-2026,,,,,LU Loading,,,,,,4.08,,,RD244,,,
,14-07-2026,,,,,Waiting,,,,,,0.53,,,RD228,,,
,14-07-2026,,,,,LU Loading,,,,,,3.1,,,RD228,,,
,14-07-2026,,,,,Waiting,,,,,,1.32,,,RD245,,,
,14-07-2026,,,,,Spotting,,,,,,0.4,,,RD245,,,
,14-07-2026,,,,,LU Loading,,,,,,3.02,,,RD245,,,
,14-07-2026,,,,,Waiting,,,,,,5.77,,,RD244,,,
,14-07-2026,,,,,LU Loading,,,,,,3.88,,,RD244,,,
,14-07-2026,,,,,Waiting,,,,,,1.25,,,RD228,,,
,14-07-2026,,,,,LU Loading,,,,,,3.8,,,RD228,,,
,14-07-2026,,,,,Waiting,,,,,,0.42,,,RD241,,,
,14-07-2026,,,,,LU Loading,,,,,,5.07,,,RD241,,,
,14-07-2026,,,,,Spotting,,,,,,0.27,,,RD245,,,
,14-07-2026,,,,,LU Loading,,,,,,7.23,,,RD245,,,
,14-07-2026,,,,,Spotting,,,,,,0.15,,,RD239,,,
,14-07-2026,,,,,LU Loading,,,,,,5.73,,,RD239,,,
,14-07-2026,,,,,Waiting,,,,,,1.02,,,RD228,,,
,14-07-2026,,,,,Spotting,,,,,,0.42,,,RD228,,,
,14-07-2026,,,,,LU Loading,,,,,,3.4,,,RD228,,,
,14-07-2026,,,,,Spotting,,,,,,0.88,,,RD244,,,
,14-07-2026,,,,,LU Loading,,,,,,4.28,,,RD244,,,
,14-07-2026,,,,,Waiting,,,,,,0.2,,,RD241,,,
,14-07-2026,,,,,Spotting,,,,,,0.48,,,RD241,,,
,14-07-2026,,,,,LU Loading,,,,,,3.07,,,RD241,,,
,14-07-2026,,,,,Waiting,,,,,,1.12,,,RD239,,,
,14-07-2026,,,,,Spotting,,,,,,0.43,,,RD239,,,
,14-07-2026,,,,,LU Loading,,,,,,3.82,,,RD239,,,
,14-07-2026,,,,,Waiting,,,,,,0.62,,,RD228,,,
,14-07-2026,,,,,Spotting,,,,,,0.23,,,RD228,,,
,14-07-2026,,,,,LU Loading,,,,,,3.27,,,RD228,,,
,14-07-2026,,,,,Waiting,,,,,,0.17,,,RD244,,,
,14-07-2026,,,,,Spotting,,,,,,0.53,,,RD244,,,
,14-07-2026,,,,,LU Loading,,,,,,3.02,,,RD244,,,
,14-07-2026,,,,,Waiting,,,,,,0.18,,,RD241,,,
,14-07-2026,,,,,Spotting,,,,,,0.3,,,RD241,,,
,14-07-2026,,,,,LU Loading,,,,,,3.22,,,RD241,,,
,14-07-2026,,,,,Waiting,,,,,,2.98,,,RD239,,,
,14-07-2026,,,,,Spotting,,,,,,1.9,,,RD239,,,
,14-07-2026,,,,,LU Loading,,,,,,3.08,,,RD239,,,
,14-07-2026,,,,,Waiting,,,,,,0.08,,,RD228,,,
,14-07-2026,,,,,Spotting,,,,,,0.13,,,RD228,,,
,14-07-2026,,,,,LU Loading,,,,,,3.02,,,RD228,,,
,14-07-2026,,,,,Spotting,,,,,,0.57,,,RD241,,,
,14-07-2026,,,,,LU Loading,,,,,,3.4,,,RD241,,,
,14-07-2026,,,,,Spotting,,,,,,0.35,,,RD244,,,
,14-07-2026,,,,,LU Loading,,,,,,3.15,,,RD244,,,
,14-07-2026,,,,,Waiting,,,,,,3.08,,,RD239,,,
,14-07-2026,,,,,LU Loading,,,,,,4.13,,,RD239,,,
,14-07-2026,,,,,Waiting,,,,,,0.05,,,RD228,,,
,14-07-2026,,,,,Spotting,,,,,,0.17,,,RD228,,,
,14-07-2026,,,,,LU Loading,,,,,,2.82,,,RD228,,,
,14-07-2026,,,,,Spotting,,,,,,0.27,,,RD241,,,
,14-07-2026,,,,,LU Loading,,,,,,4.87,,,RD241,,,
,14-07-2026,,,,,Spotting,,,,,,0.58,,,RD244,,,
,14-07-2026,,,,,LU Loading,,,,,,3.12,,,RD244,,,
,14-07-2026,,,,,Waiting,,,,,,13.53,,,RD241,,,
,14-07-2026,,,,,Tea/ Breakfast / Snacks,,,,,,72.55,,,RD241,,,
,14-07-2026,,,,,LU Loading,,,,,,3.62,,,RD241,,,
,14-07-2026,,,,,Waiting,,,,,,0.57,,,RD228,,,
,14-07-2026,,,,,LU Loading,,,,,,5.18,,,RD228,,,
,14-07-2026,,,,,Spotting,,,,,,1.43,,,RD244,,,
,14-07-2026,,,,,LU Loading,,,,,,4.55,,,RD244,,,
,14-07-2026,,,,,Waiting,,,,,,1.37,,,RD241,,,
,14-07-2026,,,,,LU Loading,,,,,,4.17,,,RD241,,,
,14-07-2026,,,,,Waiting,,,,,,1.55,,,RD228,,,
,14-07-2026,,,,,LU Loading,,,,,,2.92,,,RD228,,,
,14-07-2026,,,,,Waiting,,,,,,6.88,,,RD244,,,
,14-07-2026,,,,,LU Loading,,,,,,5.08,,,RD244,,,
,14-07-2026,,,,,LU Loading,,,,,,5.03,,,RD241,,,
,14-07-2026,,,,,Waiting,,,,,,0.18,,,RD228,,,
,14-07-2026,,,,,Spotting,,,,,,0.22,,,RD228,,,
,14-07-2026,,,,,LU Loading,,,,,,4.27,,,RD228,,,
,14-07-2026,,,,,Waiting,,,,,,4.65,,,RD244,,,
,14-07-2026,,,,,LU Loading,,,,,,4.4,,,RD244,,,
,14-07-2026,,,,,Spotting,,,,,,0.08,,,RD241,,,
,14-07-2026,,,,,LU Loading,,,,,,4.82,,,RD241,,,
,14-07-2026,,,,,Waiting,,,,,,0.75,,,RD228,,,
,14-07-2026,,,,,Spotting,,,,,,0.22,,,RD228,,,
,14-07-2026,,,,,LU Loading,,,,,,3.87,,,RD228,,,
,14-07-2026,,,,,Waiting,,,,,,8.82,,,RD244,,,
,14-07-2026,,,,,LU Loading,,,,,,3.57,,,RD244,,,
,14-07-2026,,,,,Spotting,,,,,,0.23,,,RD241,,,
,14-07-2026,,,,,LU Loading,,,,,,3.72,,,RD241,,,
,14-07-2026,,,,,Spotting,,,,,,0.25,,,RD228,,,
,14-07-2026,,,,,LU Loading,,,,,,5.67,,,RD228,,,
,14-07-2026,,,,,Waiting,,,,,,4.52,,,RD244,,,
,14-07-2026,,,,,LU Loading,,,,,,3,,,RD244,,,
,14-07-2026,,,,,Spotting,,,,,,0.13,,,RD241,,,
,14-07-2026,,,,,LU Loading,,,,,,3.22,,,RD241,,,
,14-07-2026,,,,,Waiting,,,,,,2.9,,,RD228,,,
,14-07-2026,,,,,LU Loading,,,,,,4.85,,,RD228,,,
,14-07-2026,,,,,Waiting,,,,,,3.53,,,RD244,,,
,14-07-2026,,,,,LU Loading,,,,,,4.25,,,RD244,,,
,14-07-2026,,,,,Spotting,,,,,,0.3,,,RD241,,,
,14-07-2026,,,,,LU Loading,,,,,,3.85,,,RD241,,,
,14-07-2026,,,,,Waiting,,,,,,10.1,,,RD244,,,
,14-07-2026,,,,,LU Loading,,,,,,3.43,,,RD244,,,
,14-07-2026,,,,,Waiting,,,,,,5.1,,,RD248,,,
,14-07-2026,,,,,Shift Change,,,,,,25.77,,,RD248,,,
,14-07-2026,,,,,Shift Change,,,,,,34.53,,,RD248,,,
,14-07-2026,,,,,Waiting,,,,,,1.27,,,RD248,,,
,14-07-2026,,,,,Spotting,,,,,,0.72,,,RD248,,,
,14-07-2026,,,,,LU Loading,,,,,,3.55,,,RD248,,,
,14-07-2026,,,,,Waiting,,,,,,1.62,,,RD243,,,
,14-07-2026,,,,,Spotting,,,,,,0.28,,,RD243,,,
,14-07-2026,,,,,LU Loading,,,,,,4.22,,,RD243,,,
,14-07-2026,,,,,Waiting,,,,,,2.53,,,RD248,,,
,14-07-2026,,,,,Spotting,,,,,,0.18,,,RD248,,,
,14-07-2026,,,,,LU Loading,,,,,,4.73,,,RD248,,,
,14-07-2026,,,,,Spotting,,,,,,0.9,,,RD230,,,
,14-07-2026,,,,,LU Loading,,,,,,4.67,,,RD230,,,
,14-07-2026,,,,,Spotting,,,,,,0.2,,,RD243,,,
,14-07-2026,,,,,LU Loading,,,,,,3.43,,,RD243,,,
,14-07-2026,,,,,Waiting,,,,,,1.07,,,RD235,,,
,14-07-2026,,,,,LU Loading,,,,,,4.18,,,RD235,,,
,14-07-2026,,,,,Spotting,,,,,,0.43,,,RD248,,,
,14-07-2026,,,,,LU Loading,,,,,,3.55,,,RD248,,,
,14-07-2026,,,,,LU Loading,,,,,,4.22,,,RD251,,,
,14-07-2026,,,,,Waiting,,,,,,0.47,,,RD230,,,
,14-07-2026,,,,,Spotting,,,,,,2.62,,,RD230,,,
,14-07-2026,,,,,LU Loading,,,,,,3.25,,,RD230,,,
,14-07-2026,,,,,Spotting,,,,,,0.63,,,RD243,,,
,14-07-2026,,,,,LU Loading,,,,,,2.9,,,RD243,,,
,14-07-2026,,,,,Spotting,,,,,,1,,,RD235,,,
,14-07-2026,,,,,LU Loading,,,,,,3.18,,,RD235,,,
,14-07-2026,,,,,Spotting,,,,,,0.05,,,RD248,,,
,14-07-2026,,,,,LU Loading,,,,,,2.77,,,RD248,,,
,14-07-2026,,,,,Waiting,,,,,,0.45,,,RD251,,,
,14-07-2026,,,,,LU Loading,,,,,,2.85,,,RD251,,,
,14-07-2026,,,,,Waiting,,,,,,0.63,,,RD230,,,
,14-07-2026,,,,,LU Loading,,,,,,3.4,,,RD230,,,
,14-07-2026,,,,,Waiting,,,,,,1.22,,,RD243,,,
,14-07-2026,,,,,LU Loading,,,,,,2.47,,,RD243,,,
,14-07-2026,,,,,Waiting,,,,,,0.23,,,RD235,,,
,14-07-2026,,,,,LU Loading,,,,,,2.75,,,RD235,,,
,14-07-2026,,,,,Waiting,,,,,,2.33,,,RD251,,,
,14-07-2026,,,,,LU Loading,,,,,,3.55,,,RD251,,,
,14-07-2026,,,,,Waiting,,,,,,7.15,,,RD230,,,
,15-07-2026,,,,,LU Loading,,,,,,6.02,,,RD230,,,
,15-07-2026,,,,,LU Loading,,,,,,5.28,,,RD243,,,
,15-07-2026,,,,,Waiting,,,,,,3.07,,,RD235,,,
,15-07-2026,,,,,LU Loading,,,,,,3.57,,,RD235,,,
,15-07-2026,,,,,Waiting,,,,,,1.35,,,RD251,,,
,15-07-2026,,,,,LU Loading,,,,,,4.63,,,RD251,,,
,15-07-2026,,,,,Waiting,,,,,,0.37,,,RD230,,,
,15-07-2026,,,,,LU Loading,,,,,,5.53,,,RD230,,,
,15-07-2026,,,,,Waiting,,,,,,0.65,,,RD243,,,
,15-07-2026,,,,,LU Loading,,,,,,4.23,,,RD243,,,
,15-07-2026,,,,,Waiting,,,,,,2.43,,,RD235,,,
,15-07-2026,,,,,LU Loading,,,,,,2.98,,,RD235,,,
,15-07-2026,,,,,Waiting,,,,,,0.58,,,RD251,,,
,15-07-2026,,,,,LU Loading,,,,,,3.27,,,RD251,,,
,15-07-2026,,,,,Waiting,,,,,,1.13,,,RD230,,,
,15-07-2026,,,,,LU Loading,,,,,,2.8,,,RD230,,,
,15-07-2026,,,,,Waiting,,,,,,1.03,,,RD243,,,
,15-07-2026,,,,,LU Loading,,,,,,2.73,,,RD243,,,
,15-07-2026,,,,,Waiting,,,,,,1.8,,,RD235,,,
,15-07-2026,,,,,LU Loading,,,,,,2.7,,,RD235,,,
,15-07-2026,,,,,Waiting,,,,,,1.65,,,RD251,,,
,15-07-2026,,,,,LU Loading,,,,,,3.12,,,RD251,,,
,15-07-2026,,,,,Waiting,,,,,,1.87,,,RD230,,,
,15-07-2026,,,,,LU Loading,,,,,,3.1,,,RD230,,,
,15-07-2026,,,,,LU Loading,,,,,,6.23,,,RD243,,,
,15-07-2026,,,,,Waiting,,,,,,0.75,,,RD235,,,
,15-07-2026,,,,,LU Loading,,,,,,4.38,,,RD235,,,
,15-07-2026,,,,,Waiting,,,,,,0.87,,,RD251,,,
,15-07-2026,,,,,LU Loading,,,,,,2.93,,,RD251,,,
,15-07-2026,,,,,Waiting,,,,,,4.47,,,RD243,,,
,15-07-2026,,,,,LU Loading,,,,,,3.45,,,RD243,,,
,15-07-2026,,,,,LU Loading,,,,,,4.4,,,RD230,,,
,15-07-2026,,,,,Waiting,,,,,,4.75,,,RD248,,,
,15-07-2026,,,,,LU Loading,,,,,,0.72,,,RD248,,,
,15-07-2026,,,,,Waiting,,,,,,29.03,,,RD248,,,
,15-07-2026,,,,,LU Loading,,,,,,2.28,,,RD248,,,
,15-07-2026,,,,,Waiting,,,,,,19.23,,,RD248,,,
,15-07-2026,,,,,LU Loading,,,,,,0.57,,,RD248,,,
,15-07-2026,,,,,Waiting,,,,,,10.95,,,RD248,,,
,15-07-2026,,,,,LU Loading,,,,,,0.08,,,RD248,,,
,15-07-2026,,,,,Waiting,,,,,,3.48,,,RD243,,,
,15-07-2026,,,,,LU Loading,,,,,,1.28,,,RD243,,,
,15-07-2026,,,,,Waiting,,,,,,6.38,,,RD248,,,
,15-07-2026,,,,,LU Loading,,,,,,0.27,,,RD248,,,
,15-07-2026,,,,,Waiting,,,,,,18.48,,,RD248,,,
,15-07-2026,,,,,LU Loading,,,,,,1.18,,,RD248,,,
,15-07-2026,,,,,Waiting,,,,,,3.03,,,RD243,,,
,15-07-2026,,,,,LU Loading,,,,,,1.07,,,RD243,,,
,15-07-2026,,,,,Waiting,,,,,,13.6,,,RD235,,,
,15-07-2026,,,,,LU Loading,,,,,,3.8,,,RD235,,,
,15-07-2026,,,,,Waiting,,,,,,0.13,,,RD248,,,
,15-07-2026,,,,,Spotting,,,,,,0.33,,,RD248,,,
,15-07-2026,,,,,LU Loading,,,,,,2.73,,,RD248,,,
,15-07-2026,,,,,Waiting,,,,,,6.42,,,RD230,,,
,15-07-2026,,,,,LU Loading,,,,,,2.82,,,RD230,,,
,15-07-2026,,,,,Waiting,,,,,,0.27,,,RD243,,,
,15-07-2026,,,,,LU Loading,,,,,,3.87,,,RD243,,,
,15-07-2026,,,,,Waiting,,,,,,0.1,,,RD235,,,
,15-07-2026,,,,,Spotting,,,,,,0.78,,,RD235,,,
,15-07-2026,,,,,LU Loading,,,,,,0.68,,,RD235,,,
,15-07-2026,,,,,Waiting,,,,,,0.8,,,RD235,,,
,15-07-2026,,,,,LU Loading,,,,,,1.28,,,RD235,,,
,15-07-2026,,,,,Waiting,,,,,,0.08,,,RD248,,,
,15-07-2026,,,,,Spotting,,,,,,0.38,,,RD248,,,
,15-07-2026,,,,,LU Loading,,,,,,3.78,,,RD248,,,
,15-07-2026,,,,,Waiting,,,,,,1.15,,,RD230,,,
,15-07-2026,,,,,LU Loading,,,,,,2.52,,,RD230,,,
,15-07-2026,,,,,Waiting,,,,,,0.17,,,RD243,,,
,15-07-2026,,,,,LU Loading,,,,,,4.07,,,RD243,,,
,15-07-2026,,,,,Waiting,,,,,,2.05,,,RD235,,,
,15-07-2026,,,,,LU Loading,,,,,,0.08,,,RD235,,,
,15-07-2026,,,,,Waiting,,,,,,4.25,,,RD248,,,
,15-07-2026,,,,,LU Loading,,,,,,3.05,,,RD248,,,
,15-07-2026,,,,,Waiting,,,,,,0.13,,,RD230,,,
,15-07-2026,,,,,LU Loading,,,,,,4.28,,,RD230,,,
,15-07-2026,,,,,Spotting,,,,,,1.28,,,RD243,,,
,15-07-2026,,,,,LU Loading,,,,,,5.68,,,RD243,,,
,15-07-2026,,,,,LU Loading,,,,,,0.27,,,RD235,,,
,15-07-2026,,,,,Waiting,,,,,,1.27,,,RD235,,,
,15-07-2026,,,,,Spotting,,,,,,1.37,,,RD235,,,
,15-07-2026,,,,,LU Loading,,,,,,1.65,,,RD235,,,
,15-07-2026,,,,,Waiting,,,,,,5.32,,,RD235,,,
,15-07-2026,,,,,LU Loading,,,,,,2.92,,,RD235,,,
,15-07-2026,,,,,Waiting,,,,,,0.97,,,RD248,,,
,15-07-2026,,,,,LU Loading,,,,,,3.7,,,RD248,,,
,15-07-2026,,,,,Waiting,,,,,,0.47,,,RD230,,,
,15-07-2026,,,,,LU Loading,,,,,,4.6,,,RD230,,,
,15-07-2026,,,,,Waiting,,,,,,0.28,,,RD243,,,
,15-07-2026,,,,,Spotting,,,,,,0.35,,,RD243,,,
,15-07-2026,,,,,LU Loading,,,,,,2.65,,,RD243,,,
,15-07-2026,,,,,Waiting,,,,,,3.67,,,RD235,,,
,15-07-2026,,,,,LU Loading,,,,,,0.1,,,RD235,,,
,15-07-2026,,,,,Waiting,,,,,,6.07,,,RD248,,,
,15-07-2026,,,,,LU Loading,,,,,,2.85,,,RD248,,,
,15-07-2026,,,,,Spotting,,,,,,0.37,,,RD230,,,
,15-07-2026,,,,,LU Loading,,,,,,3,,,RD230,,,
,15-07-2026,,,,,Spotting,,,,,,0.23,,,RD243,,,
,15-07-2026,,,,,LU Loading,,,,,,1.57,,,RD243,,,
,15-07-2026,,,,,Waiting,,,,,,0.15,,,RD243,,,
,15-07-2026,,,,,LU Loading,,,,,,1.27,,,RD243,,,
,15-07-2026,,,,,Waiting,,,,,,4.65,,,RD248,,,
,15-07-2026,,,,,LU Loading,,,,,,3.25,,,RD248,,,
,15-07-2026,,,,,Waiting,,,,,,1.87,,,RD230,,,
,15-07-2026,,,,,LU Loading,,,,,,0.07,,,RD230,,,
,15-07-2026,,,,,Waiting,,,,,,0.25,,,RD230,,,
,15-07-2026,,,,,LU Loading,,,,,,4.02,,,RD230,,,
,15-07-2026,,,,,Waiting,,,,,,0.13,,,RD248,,,
,15-07-2026,,,,,LU Loading,,,,,,2.63,,,RD248,,,
,15-07-2026,,,,,Waiting,,,,,,0.3,,,RD248,,,
,15-07-2026,,,,,LU Loading,,,,,,0.97,,,RD248,,,
,15-07-2026,,,,,Waiting,,,,,,4.32,,,RD231,,,
,15-07-2026,,,,,Shift Change,,,,,,25.53,,,RD231,,,
,15-07-2026,,,,,,,,,,,,,,,,,
,Timestamp,,,,,Status Code,,Sub-Status Code,,,,"Duration
(min)",,,Hauling Unit,,,
,15-07-2026,,,,,Shift Change,,,,,,40.18,,,RD231,,,
,15-07-2026,,,,,Waiting,,,,,,16.07,,,RD231,,,
,15-07-2026,,,,,LU Loading,,,,,,2.45,,,RD231,,,
,15-07-2026,,,,,Waiting,,,,,,0.85,,,RD235,,,
,15-07-2026,,,,,Fuel Filling,,,,,,11.47,,,RD235,,,
,15-07-2026,,,,,LU Loading,,,,,,2.63,,,RD235,,,
,15-07-2026,,,,,Waiting,,,,,,0.25,,,RD252,,,
,15-07-2026,,,,,LU Loading,,,,,,2.73,,,RD252,,,
,15-07-2026,,,,,LU Loading,,,,,,2.17,,,RD233,,,
,15-07-2026,,,,,Waiting,,,,,,1.4,,,RD231,,,
,15-07-2026,,,,,LU Loading,,,,,,2.03,,,RD231,,,
,15-07-2026,,,,,Waiting,,,,,,1.52,,,RD235,,,
,15-07-2026,,,,,Spotting,,,,,,0.42,,,RD235,,,
,15-07-2026,,,,,LU Loading,,,,,,2.33,,,RD235,,,
,15-07-2026,,,,,Waiting,,,,,,0.97,,,RD252,,,
,15-07-2026,,,,,LU Loading,,,,,,2.18,,,RD252,,,
,15-07-2026,,,,,Waiting,,,,,,0.27,,,RD233,,,
,15-07-2026,,,,,LU Loading,,,,,,2.15,,,RD233,,,
,15-07-2026,,,,,Spotting,,,,,,0.25,,,RD231,,,
,15-07-2026,,,,,LU Loading,,,,,,2.47,,,RD231,,,
,15-07-2026,,,,,Waiting,,,,,,1.57,,,RD235,,,
,15-07-2026,,,,,Spotting,,,,,,0.5,,,RD235,,,
,15-07-2026,,,,,LU Loading,,,,,,2.6,,,RD235,,,
,15-07-2026,,,,,Spotting,,,,,,0.35,,,RD252,,,
,15-07-2026,,,,,LU Loading,,,,,,2.13,,,RD252,,,
,15-07-2026,,,,,Waiting,,,,,,0.32,,,RD233,,,
,15-07-2026,,,,,LU Loading,,,,,,2.22,,,RD233,,,
,15-07-2026,,,,,Spotting,,,,,,0.43,,,RD231,,,
,15-07-2026,,,,,LU Loading,,,,,,2.72,,,RD231,,,
,15-07-2026,,,,,Waiting,,,,,,1.73,,,RD252,,,
,15-07-2026,,,,,LU Loading,,,,,,3,,,RD252,,,
,15-07-2026,,,,,Waiting,,,,,,0.08,,,RD235,,,
,15-07-2026,,,,,LU Loading,,,,,,2.58,,,RD235,,,
,15-07-2026,,,,,LU Loading,,,,,,2.43,,,RD233,,,
,15-07-2026,,,,,Waiting,,,,,,1.02,,,RD231,,,
,15-07-2026,,,,,LU Loading,,,,,,3.48,,,RD231,,,
,15-07-2026,,,,,Spotting,,,,,,0.27,,,RD252,,,
,15-07-2026,,,,,LU Loading,,,,,,2.63,,,RD252,,,
,15-07-2026,,,,,Waiting,,,,,,0.87,,,RD235,,,
,15-07-2026,,,,,LU Loading,,,,,,2.82,,,RD235,,,
,15-07-2026,,,,,Waiting,,,,,,0.13,,,RD233,,,
,15-07-2026,,,,,LU Loading,,,,,,2.55,,,RD233,,,
,15-07-2026,,,,,Waiting,,,,,,1.95,,,RD231,,,
,15-07-2026,,,,,LU Loading,,,,,,3.07,,,RD231,,,
,15-07-2026,,,,,Waiting,,,,,,7.08,,,RD252,,,
,15-07-2026,,,,,LU Loading,,,,,,2.53,,,RD252,,,
,15-07-2026,,,,,LU Loading,,,,,,4.37,,,RD235,,,
,15-07-2026,,,,,Waiting,,,,,,1.93,,,RD233,,,
,15-07-2026,,,,,LU Loading,,,,,,3.12,,,RD233,,,
,15-07-2026,,,,,Waiting,,,,,,0.37,,,RD231,,,
,15-07-2026,,,,,LU Loading,,,,,,3.02,,,RD231,,,
,15-07-2026,,,,,Waiting,,,,,,0.28,,,RD252,,,
,15-07-2026,,,,,Spotting,,,,,,0.67,,,RD252,,,
,15-07-2026,,,,,LU Loading,,,,,,3.13,,,RD252,,,
,15-07-2026,,,,,LU Loading,,,,,,5.48,,,RD235,,,
,15-07-2026,,,,,Waiting,,,,,,0.22,,,RD233,,,
,15-07-2026,,,,,LU Loading,,,,,,4.77,,,RD233,,,
,15-07-2026,,,,,Waiting,,,,,,1.75,,,RD252,,,
,15-07-2026,,,,,LU Loading,,,,,,2.95,,,RD252,,,
,15-07-2026,,,,,Waiting,,,,,,0.2,,,RD235,,,
,15-07-2026,,,,,LU Loading,,,,,,4,,,RD235,,,
,15-07-2026,,,,,Waiting,,,,,,1.75,,,RD233,,,
,15-07-2026,,,,,LU Loading,,,,,,4.17,,,RD233,,,
,15-07-2026,,,,,Waiting,,,,,,6.32,,,RD235,,,
,15-07-2026,,,,,LU Loading,,,,,,3.97,,,RD235,,,
,15-07-2026,,,,,Waiting,,,,,,1.43,,,RD233,,,
,15-07-2026,,,,,LU Loading,,,,,,3.2,,,RD233,,,
,15-07-2026,,,,,Waiting,,,,,,6.92,,,RD235,,,
,15-07-2026,,,,,LU Loading,,,,,,2.65,,,RD235,,,
,15-07-2026,,,,,Waiting,,,,,,0.18,,,RD233,,,
,15-07-2026,,,,,LU Loading,,,,,,3.63,,,RD233,,,
,15-07-2026,,,,,Waiting,,,,,,0.08,,,RD252,,,
,15-07-2026,,,,,LU Loading,,,,,,4.07,,,RD252,,,
,15-07-2026,,,,,Spotting,,,,,,0.15,,,RD251,,,
,15-07-2026,,,,,LU Loading,,,,,,3.75,,,RD251,,,
,15-07-2026,,,,,Waiting,,,,,,2.63,,,RD235,,,
,15-07-2026,,,,,LU Loading,,,,,,4.32,,,RD235,,,
,15-07-2026,,,,,Spotting,,,,,,0.9,,,RD252,,,
,15-07-2026,,,,,LU Loading,,,,,,2.73,,,RD252,,,
,15-07-2026,,,,,Spotting,,,,,,0.13,,,RD251,,,
,15-07-2026,,,,,LU Loading,,,,,,2.7,,,RD251,,,
,15-07-2026,,,,,Waiting,,,,,,2.43,,,RD235,,,
,15-07-2026,,,,,LU Loading,,,,,,2.4,,,RD235,,,
,15-07-2026,,,,,Waiting,,,,,,1.12,,,RD252,,,
,15-07-2026,,,,,LU Loading,,,,,,2.92,,,RD252,,,
,15-07-2026,,,,,Waiting,,,,,,0.12,,,RD251,,,
,15-07-2026,,,,,LU Loading,,,,,,1.97,,,RD251,,,
,15-07-2026,,,,,Spotting,,,,,,0.18,,,RD233,,,
,15-07-2026,,,,,LU Loading,,,,,,2.1,,,RD233,,,
,15-07-2026,,,,,Waiting,,,,,,1.15,,,RD235,,,
,15-07-2026,,,,,LU Loading,,,,,,2.42,,,RD235,,,
,15-07-2026,,,,,Waiting,,,,,,1,,,RD252,,,
,15-07-2026,,,,,LU Loading,,,,,,2.5,,,RD252,,,
,15-07-2026,,,,,Waiting,,,,,,0.12,,,RD251,,,
,15-07-2026,,,,,LU Loading,,,,,,2.83,,,RD251,,,
,15-07-2026,,,,,Waiting,,,,,,0.22,,,RD233,,,
,15-07-2026,,,,,LU Loading,,,,,,2,,,RD233,,,
,15-07-2026,,,,,Waiting,,,,,,3.58,,,RD252,,,
,15-07-2026,,,,,LU Loading,,,,,,2.62,,,RD252,,,
,15-07-2026,,,,,Waiting,,,,,,0.73,,,RD251,,,
,15-07-2026,,,,,LU Loading,,,,,,2.33,,,RD251,,,
,15-07-2026,,,,,Waiting,,,,,,0.03,,,RD233,,,
,15-07-2026,,,,,Spotting,,,,,,0.42,,,RD233,,,
,15-07-2026,,,,,LU Loading,,,,,,2.63,,,RD233,,,
,15-07-2026,,,,,Waiting,,,,,,0.8,,,RD240,,,
,15-07-2026,,,,,LU Loading,,,,,,2.18,,,RD240,,,
,15-07-2026,,,,,Spotting,,,,,,0.22,,,RD252,,,
,15-07-2026,,,,,LU Loading,,,,,,2.78,,,RD252,,,
,15-07-2026,,,,,LU Loading,,,,,,3.48,,,RD251,,,
,15-07-2026,,,,,Waiting,,,,,,0.15,,,RD233,,,
,15-07-2026,,,,,Spotting,,,,,,0.58,,,RD233,,,
,15-07-2026,,,,,LU Loading,,,,,,2.1,,,RD233,,,
,15-07-2026,,,,,Waiting,,,,,,10.02,,,RD228,,,
,15-07-2026,,,,, Down,,,,,,182.08,,,RD228,,,
,15-07-2026,,,,, Down,,,,,,165.67,,,RD228,,,
,15-07-2026,,,,,Marching,,,,,,168.37,,,RD228,,,
,15-07-2026,,,,, Down,,,,,,145.97,,,RD228,,,
,15-07-2026,,,,, Down,,,,,,480,,,RD228,,,
,16-07-2026,,,,,,,,,,,,,,,,,
,Timestamp,,,,,Status Code,,Sub-Status Code,,,,"Duration
(min)",,,Hauling Unit,,,
,16-07-2026,,,,, Down,,,,,,480,,,RD228,,,
,16-07-2026,,,,, Down,,,,,,480,,,RD228,,,
,16-07-2026,,,,, Down,,,,,,480,,,RD228,,,
,17-07-2026,,,,,,,,,,,,,,,,,
,Timestamp,,,,,Status Code,,Sub-Status Code,,,,"Duration
(min)",,,Hauling Unit,,,
,17-07-2026,,,,, Down,,,,,,480,,,RD228,,,
,17-07-2026,,,,, Down,,,,,,480,,,RD228,,,
,17-07-2026,,,,, Down,,,,,,451.02,,,RD228,,,
,18-07-2026,,,,,Schedule No Work,,,,,,7.18,,,RD228,,,
,18-07-2026,,,,,Marching,,,,,,21.8,,,RD228,,,
,18-07-2026,,,,,,,,,,,,,,,,,
,Timestamp,,,,,Status Code,,Sub-Status Code,,,,"Duration
(min)",,,Hauling Unit,,,
,18-07-2026,,,,,Marching,,,,,,98.03,,,RD228,,,
,18-07-2026,,,,,Schedule No Work,,,,,,163.38,,,RD228,,,
,18-07-2026,,,,,Shift Incharge Instruction,,,,,,15.95,,,RD228,,,
,18-07-2026,,,,,LU Loading,,,,,,4.6,,,RD228,,,
,18-07-2026,,,,,Waiting,,,,,,1.37,,,RD244,,,
,18-07-2026,,,,,LU Loading,,,,,,5.63,,,RD244,,,
,18-07-2026,,,,,Waiting,,,,,,15.83,,,RD231,,,
,18-07-2026,,,,,LU Loading,,,,,,0.02,,,RD231,,,
,18-07-2026,,,,,Waiting,,,,,,0.13,,,RD231,,,
,18-07-2026,,,,,LU Loading,,,,,,2.03,,,RD231,,,
,18-07-2026,,,,,Waiting,,,,,,0.5,,,RD240,,,
,18-07-2026,,,,, Down,,,,,,79.08,,,RD240,,,
,18-07-2026,,,,,Schedule No Work,,,,,,14.3,,,RD240,,,
,18-07-2026,,,,,Waiting,,,,,,0.25,,,RD240,,,
,18-07-2026,,,,,LU Loading,,,,,,4.9,,,RD240,,,
,18-07-2026,,,,,Waiting,,,,,,0.3,,,RD244,,,
,18-07-2026,,,,,LU Loading,,,,,,5.52,,,RD244,,,
,18-07-2026,,,,,Waiting,,,,,,5.13,,,RD252,,,
,18-07-2026,,,,,LU Loading,,,,,,1.42,,,RD252,,,
,18-07-2026,,,,,Waiting,,,,,,2.47,,,RD233,,,
,18-07-2026,,,,,LU Loading,,,,,,4.12,,,RD233,,,
,18-07-2026,,,,,Waiting,,,,,,0.72,,,RD240,,,
,18-07-2026,,,,,LU Loading,,,,,,4.88,,,RD240,,,
,18-07-2026,,,,,LU Loading,,,,,,6.72,,,RD244,,,
,18-07-2026,,,,,Spotting,,,,,,0.38,,,RD233,,,
,18-07-2026,,,,,LU Loading,,,,,,3.98,,,RD233,,,
,18-07-2026,,,,,Waiting,,,,,,14.57,,,RD121,,,
,18-07-2026,,,,,Shift Change,,,,,,23.78,,,RD121,,,
,18-07-2026,,,,,Shift Change,,,,,,51.52,,,RD121,,,
,18-07-2026,,,,,Waiting,,,,,,25.2,,,RD121,,,
,18-07-2026,,,,,Marching,,,,,,39.5,,,RD121,,,
,18-07-2026,,,,,Waiting,,,,,,4.42,,,RD121,,,
,18-07-2026,,,,,LU Loading,,,,,,0.02,,,RD121,,,
,18-07-2026,,,,,Waiting,,,,,,0.68,,,RD229,,,
,18-07-2026,,,,,Spotting,,,,,,0.75,,,RD229,,,
,18-07-2026,,,,,LU Loading,,,,,,2.22,,,RD229,,,
,18-07-2026,,,,,Waiting,,,,,,8.48,,,RD141,,,
,18-07-2026,,,,,LU Loading,,,,,,3.05,,,RD141,,,
,18-07-2026,,,,,Waiting,,,,,,5.87,,,RD251,,,
,18-07-2026,,,,,LU Loading,,,,,,2.5,,,RD251,,,
,18-07-2026,,,,,Waiting,,,,,,9.95,,,RD252,,,
,18-07-2026,,,,,LU Loading,,,,,,3.23,,,RD252,,,
,18-07-2026,,,,,Waiting,,,,,,1.2,,,RD126,,,
,18-07-2026,,,,,LU Loading,,,,,,3.35,,,RD126,,,
,18-07-2026,,,,,Waiting,,,,,,3.78,,,RD121,,,
,18-07-2026,,,,,Spotting,,,,,,0.73,,,RD121,,,
,18-07-2026,,,,,LU Loading,,,,,,5.97,,,RD121,,,
,18-07-2026,,,,,LU Loading,,,,,,2.13,,,RD244,,,
,18-07-2026,,,,,Waiting,,,,,,0.4,,,RD229,,,
,18-07-2026,,,,,LU Loading,,,,,,2.57,,,RD229,,,
,18-07-2026,,,,,Waiting,,,,,,0.63,,,RD141,,,
,18-07-2026,,,,,Spotting,,,,,,0.27,,,RD141,,,
,18-07-2026,,,,,LU Loading,,,,,,2.15,,,RD141,,,
,18-07-2026,,,,,Waiting,,,,,,0.98,,,RD251,,,
,18-07-2026,,,,,LU Loading,,,,,,3.58,,,RD251,,,
,18-07-2026,,,,,Waiting,,,,,,0.1,,,RD243,,,
,18-07-2026,,,,,LU Loading,,,,,,0.05,,,RD243,,,
,18-07-2026,,,,,Waiting,,,,,,12.58,,,RD227,,,
,18-07-2026,,,,,LU Loading,,,,,,2.92,,,RD227,,,
,18-07-2026,,,,,Waiting,,,,,,2.32,,,RD252,,,
,18-07-2026,,,,,LU Loading,,,,,,2.92,,,RD252,,,
,18-07-2026,,,,,Waiting,,,,,,7.75,,,RD243,,,
,18-07-2026,,,,,LU Loading,,,,,,2.58,,,RD243,,,
,18-07-2026,,,,,Waiting,,,,,,0.53,,,RD121,,,
,18-07-2026,,,,,Spotting,,,,,,0.28,,,RD121,,,
,18-07-2026,,,,,LU Loading,,,,,,2.55,,,RD121,,,
,18-07-2026,,,,,Waiting,,,,,,4.87,,,RD141,,,
,18-07-2026,,,,,Spotting,,,,,,0.25,,,RD141,,,
,18-07-2026,,,,,LU Loading,,,,,,2.87,,,RD141,,,
,18-07-2026,,,,,Waiting,,,,,,11.48,,,RD229,,,
,18-07-2026,,,,,Spotting,,,,,,0.57,,,RD229,,,
,18-07-2026,,,,,LU Loading,,,,,,3.3,,,RD229,,,
,18-07-2026,,,,,Waiting,,,,,,0.52,,,RD243,,,
,18-07-2026,,,,,Spotting,,,,,,0.33,,,RD243,,,
,18-07-2026,,,,,LU Loading,,,,,,3.28,,,RD243,,,
,18-07-2026,,,,,Waiting,,,,,,0.5,,,RD251,,,
,18-07-2026,,,,,Spotting,,,,,,0.68,,,RD251,,,
,18-07-2026,,,,,LU Loading,,,,,,3.45,,,RD251,,,
,18-07-2026,,,,,Spotting,,,,,,0.53,,,RD121,,,
,18-07-2026,,,,,LU Loading,,,,,,7.5,,,RD121,,,
,18-07-2026,,,,,Waiting,,,,,,0.75,,,RD227,,,
,18-07-2026,,,,,LU Loading,,,,,,3.9,,,RD227,,,
,18-07-2026,,,,,Waiting,,,,,,0.85,,,RD252,,,
,18-07-2026,,,,,LU Loading,,,,,,3.75,,,RD252,,,
,18-07-2026,,,,,Waiting,,,,,,13.7,,,RD243,,,
,18-07-2026,,,,,LU Loading,,,,,,3.65,,,RD243,,,
,18-07-2026,,,,,Waiting,,,,,,0.67,,,RD229,,,
,18-07-2026,,,,,LU Loading,,,,,,2.4,,,RD229,,,
,18-07-2026,,,,,Waiting,,,,,,3.28,,,RD227,,,
,18-07-2026,,,,,LU Loading,,,,,,3.82,,,RD227,,,
,18-07-2026,,,,,Waiting,,,,,,2.02,,,RD252,,,
,18-07-2026,,,,,LU Loading,,,,,,3.07,,,RD252,,,
,18-07-2026,,,,,Waiting,,,,,,7.18,,,RD141,,,
,18-07-2026,,,,,LU Loading,,,,,,2.9,,,RD141,,,
,18-07-2026,,,,,Waiting,,,,,,1.57,,,RD251,,,
,18-07-2026,,,,,LU Loading,,,,,,3.43,,,RD251,,,
,18-07-2026,,,,,Waiting,,,,,,1.3,,,RD229,,,
,18-07-2026,,,,,LU Loading,,,,,,3.13,,,RD229,,,
,18-07-2026,,,,,Waiting,,,,,,4.27,,,RD227,,,
,18-07-2026,,,,,LU Loading,,,,,,3.63,,,RD227,,,
,18-07-2026,,,,,Waiting,,,,,,0.87,,,RD252,,,
,18-07-2026,,,,,LU Loading,,,,,,3.28,,,RD252,,,
,18-07-2026,,,,,Waiting,,,,,,5.83,,,RD141,,,
,18-07-2026,,,,,LU Loading,,,,,,2.82,,,RD141,,,
,18-07-2026,,,,,Waiting,,,,,,2.12,,,RD251,,,
,18-07-2026,,,,,LU Loading,,,,,,2.47,,,RD251,,,
,18-07-2026,,,,,Waiting,,,,,,1.07,,,RD229,,,
,18-07-2026,,,,,LU Loading,,,,,,3.25,,,RD229,,,
,18-07-2026,,,,,Waiting,,,,,,0.87,,,RD243,,,
,18-07-2026,,,,,LU Loading,,,,,,4.13,,,RD243,,,
,18-07-2026,,,,,Waiting,,,,,,4.7,,,RD227,,,
,18-07-2026,,,,,LU Loading,,,,,,2.8,,,RD227,,,
,18-07-2026,,,,,Waiting,,,,,,1.17,,,RD121,,,
,18-07-2026,,,,,LU Loading,,,,,,3.03,,,RD121,,,
,18-07-2026,,,,,Waiting,,,,,,0.92,,,RD252,,,
,18-07-2026,,,,,LU Loading,,,,,,3.55,,,RD252,,,
,18-07-2026,,,,,Waiting,,,,,,60.92,,,RD227,,,
,18-07-2026,,,,,LU Loading,,,,,,0.85,,,RD227,,,
,18-07-2026,,,,,Waiting,,,,,,13.52,,,RD236,,,
,18-07-2026,,,,,Shift Change,,,,,,32.73,,,RD236,,,
,18-07-2026,,,,,Shift Change,,,,,,35.63,,,RD236,,,
,18-07-2026,,,,,Waiting,,,,,,5.02,,,RD236,,,
,18-07-2026,,,,,Spotting,,,,,,0.25,,,RD236,,,
,18-07-2026,,,,,LU Loading,,,,,,3.48,,,RD236,,,
,18-07-2026,,,,,Waiting,,,,,,3.58,,,RD230,,,
,18-07-2026,,,,,LU Loading,,,,,,0.02,,,RD230,,,
,18-07-2026,,,,,Waiting,,,,,,3.05,,,RD235,,,
,18-07-2026,,,,,Spotting,,,,,,0.25,,,RD235,,,
,18-07-2026,,,,,LU Loading,,,,,,4.28,,,RD235,,,
,18-07-2026,,,,,Waiting,,,,,,2.35,,,RD121,,,
,18-07-2026,,,,,LU Loading,,,,,,4.77,,,RD121,,,
,18-07-2026,,,,,LU Loading,,,,,,2.92,,,RD233,,,
,18-07-2026,,,,,Waiting,,,,,,0.27,,,RD236,,,
,18-07-2026,,,,,LU Loading,,,,,,3.85,,,RD236,,,
,18-07-2026,,,,,Waiting,,,,,,0.4,,,RD227,,,
,18-07-2026,,,,,LU Loading,,,,,,4.72,,,RD227,,,
,18-07-2026,,,,,Waiting,,,,,,3.77,,,RD251,,,
,18-07-2026,,,,,LU Loading,,,,,,5.93,,,RD251,,,
,18-07-2026,,,,,Waiting,,,,,,0.47,,,RD230,,,
,18-07-2026,,,,,LU Loading,,,,,,3.77,,,RD230,,,
,18-07-2026,,,,,Waiting,,,,,,0.57,,,RD235,,,
,18-07-2026,,,,,LU Loading,,,,,,3.53,,,RD235,,,
,18-07-2026,,,,,Waiting,,,,,,0.35,,,RD121,,,
,18-07-2026,,,,,LU Loading,,,,,,5.98,,,RD121,,,
,18-07-2026,,,,,Spotting,,,,,,0.15,,,RD233,,,
,18-07-2026,,,,,LU Loading,,,,,,3.72,,,RD233,,,
,18-07-2026,,,,,Waiting,,,,,,4.58,,,RD227,,,
,18-07-2026,,,,,LU Loading,,,,,,4.37,,,RD227,,,
,18-07-2026,,,,,Waiting,,,,,,0.23,,,RD236,,,
,18-07-2026,,,,,LU Loading,,,,,,3.95,,,RD236,,,
,18-07-2026,,,,,Waiting,,,,,,0.33,,,RD251,,,
,18-07-2026,,,,,LU Loading,,,,,,4.3,,,RD251,,,
,19-07-2026,,,,,Waiting,,,,,,0.37,,,RD230,,,
,19-07-2026,,,,,LU Loading,,,,,,4.47,,,RD230,,,
,19-07-2026,,,,,Waiting,,,,,,0.5,,,RD235,,,
,19-07-2026,,,,,Spotting,,,,,,0.27,,,RD235,,,
,19-07-2026,,,,,LU Loading,,,,,,4.57,,,RD235,,,
,19-07-2026,,,,,Waiting,,,,,,0.9,,,RD121,,,
,19-07-2026,,,,,LU Loading,,,,,,3.22,,,RD121,,,
,19-07-2026,,,,,Waiting,,,,,,4.53,,,RD233,,,
,19-07-2026,,,,,LU Loading,,,,,,3.28,,,RD233,,,
,19-07-2026,,,,,Waiting,,,,,,0.17,,,RD236,,,
,19-07-2026,,,,,Spotting,,,,,,0.28,,,RD236,,,
,19-07-2026,,,,,LU Loading,,,,,,2.93,,,RD236,,,
,19-07-2026,,,,,Waiting,,,,,,0.37,,,RD227,,,
,19-07-2026,,,,,LU Loading,,,,,,3.63,,,RD227,,,
,19-07-2026,,,,,Waiting,,,,,,16.08,,,RD251,,,
,19-07-2026,,,,,LU Loading,,,,,,2.43,,,RD251,,,
,19-07-2026,,,,,Waiting,,,,,,0.83,,,RD230,,,
,19-07-2026,,,,,Spotting,,,,,,0.53,,,RD230,,,
,19-07-2026,,,,,LU Loading,,,,,,2.82,,,RD230,,,
,19-07-2026,,,,,Waiting,,,,,,0.35,,,RD235,,,
,19-07-2026,,,,,Spotting,,,,,,0.42,,,RD235,,,
,19-07-2026,,,,,LU Loading,,,,,,3.48,,,RD235,,,
,19-07-2026,,,,,Waiting,,,,,,0.5,,,RD121,,,
,19-07-2026,,,,,LU Loading,,,,,,3.65,,,RD121,,,
,19-07-2026,,,,,Waiting,,,,,,0.68,,,RD236,,,
,19-07-2026,,,,,LU Loading,,,,,,5.17,,,RD236,,,
,19-07-2026,,,,,Waiting,,,,,,0.4,,,RD233,,,
,19-07-2026,,,,,Spotting,,,,,,0.6,,,RD233,,,
,19-07-2026,,,,,LU Loading,,,,,,2.53,,,RD233,,,
,19-07-2026,,,,,Waiting,,,,,,0.38,,,RD227,,,
,19-07-2026,,,,,LU Loading,,,,,,4.08,,,RD227,,,
,19-07-2026,,,,,Waiting,,,,,,1.03,,,RD126,,,
,19-07-2026,,,,,LU Loading,,,,,,2.87,,,RD126,,,
,19-07-2026,,,,,Waiting,,,,,,1.43,,,RD251,,,
,19-07-2026,,,,,Spotting,,,,,,0.7,,,RD251,,,
,19-07-2026,,,,,LU Loading,,,,,,1.62,,,RD251,,,
,19-07-2026,,,,,Waiting,,,,,,0.28,,,RD230,,,
,19-07-2026,,,,,Spotting,,,,,,0.23,,,RD230,,,
,19-07-2026,,,,,LU Loading,,,,,,2.45,,,RD230,,,
,19-07-2026,,,,,Waiting,,,,,,2.45,,,RD236,,,
,19-07-2026,,,,,Spotting,,,,,,0.28,,,RD236,,,
,19-07-2026,,,,,LU Loading,,,,,,2.98,,,RD236,,,
,19-07-2026,,,,,Waiting,,,,,,1,,,RD121,,,
,19-07-2026,,,,,LU Loading,,,,,,3.27,,,RD121,,,
,19-07-2026,,,,,Waiting,,,,,,2.68,,,RD233,,,
,19-07-2026,,,,,Spotting,,,,,,0.12,,,RD233,,,
,19-07-2026,,,,,LU Loading,,,,,,2.35,,,RD233,,,
,19-07-2026,,,,,Waiting,,,,,,5.45,,,RD227,,,
,19-07-2026,,,,,Spotting,,,,,,0.3,,,RD227,,,
,19-07-2026,,,,,LU Loading,,,,,,5.33,,,RD227,,,
,19-07-2026,,,,,Spotting,,,,,,0.23,,,RD126,,,
,19-07-2026,,,,,LU Loading,,,,,,0.48,,,RD126,,,
,19-07-2026,,,,,LU Loading,,,,,,4.92,,,RD251,,,
,19-07-2026,,,,,Waiting,,,,,,0.75,,,RD236,,,
,19-07-2026,,,,,Spotting,,,,,,0.1,,,RD236,,,
,19-07-2026,,,,,LU Loading,,,,,,3.02,,,RD236,,,
,19-07-2026,,,,,Waiting,,,,,,2.1,,,RD230,,,
,19-07-2026,,,,,Spotting,,,,,,0.17,,,RD230,,,
,19-07-2026,,,,,LU Loading,,,,,,2.9,,,RD230,,,
,19-07-2026,,,,,Waiting,,,,,,3.27,,,RD233,,,
,19-07-2026,,,,,Spotting,,,,,,0.13,,,RD233,,,
,19-07-2026,,,,,LU Loading,,,,,,2.07,,,RD233,,,
,19-07-2026,,,,,Waiting,,,,,,3.77,,,RD126,,,
,19-07-2026,,,,,Spotting,,,,,,0.7,,,RD126,,,
,19-07-2026,,,,,LU Loading,,,,,,1.88,,,RD126,,,
,19-07-2026,,,,,Waiting,,,,,,0.85,,,RD227,,,
,19-07-2026,,,,,LU Loading,,,,,,3.42,,,RD227,,,
,19-07-2026,,,,,Waiting,,,,,,1.88,,,RD236,,,
,19-07-2026,,,,,LU Loading,,,,,,2.97,,,RD236,,,
,19-07-2026,,,,,Waiting,,,,,,0.37,,,RD235,,,
,19-07-2026,,,,,LU Loading,,,,,,2.78,,,RD235,,,
,19-07-2026,,,,,Waiting,,,,,,0.58,,,RD230,,,
,19-07-2026,,,,,LU Loading,,,,,,2.8,,,RD230,,,
,19-07-2026,,,,,Waiting,,,,,,3.83,,,RD251,,,
,19-07-2026,,,,,LU Loading,,,,,,2.2,,,RD251,,,
,19-07-2026,,,,,Waiting,,,,,,7.28,,,RD227,,,
,19-07-2026,,,,,LU Loading,,,,,,3.05,,,RD227,,,
,19-07-2026,,,,,Waiting,,,,,,13.17,,,RD235,,,
,19-07-2026,,,,,LU Loading,,,,,,4.33,,,RD235,,,
,19-07-2026,,,,,Waiting,,,,,,0.27,,,RD230,,,
,19-07-2026,,,,,LU Loading,,,,,,3.87,,,RD230,,,
,19-07-2026,,,,,Waiting,,,,,,1,,,RD236,,,
,19-07-2026,,,,,LU Loading,,,,,,2.38,,,RD236,,,
,19-07-2026,,,,,Waiting,,,,,,1.12,,,RD251,,,
,19-07-2026,,,,,LU Loading,,,,,,4.1,,,RD251,,,
,19-07-2026,,,,,Waiting,,,,,,11.17,,,RD235,,,
,19-07-2026,,,,,LU Loading,,,,,,4.7,,,RD235,,,
,19-07-2026,,,,,Waiting,,,,,,0.87,,,RD230,,,
,19-07-2026,,,,,Spotting,,,,,,0.18,,,RD230,,,
,19-07-2026,,,,,LU Loading,,,,,,3.15,,,RD230,,,
,19-07-2026,,,,,Waiting,,,,,,0.6,,,RD236,,,
,19-07-2026,,,,,LU Loading,,,,,,4.23,,,RD236,,,
,19-07-2026,,,,,Waiting,,,,,,0.78,,,RD233,,,
,19-07-2026,,,,,Spotting,,,,,,0.32,,,RD233,,,
,19-07-2026,,,,,LU Loading,,,,,,4.03,,,RD233,,,
,19-07-2026,,,,,Waiting,,,,,,4.13,,,RD251,,,
,19-07-2026,,,,,Spotting,,,,,,0.67,,,RD251,,,
,19-07-2026,,,,,LU Loading,,,,,,4.38,,,RD251,,,
,19-07-2026,,,,,Waiting,,,,,,0.73,,,RD235,,,
,19-07-2026,,,,,LU Loading,,,,,,4.1,,,RD235,,,
,19-07-2026,,,,,Waiting,,,,,,0.42,,,RD236,,,
,19-07-2026,,,,,Spotting,,,,,,0.13,,,RD236,,,
,19-07-2026,,,,,LU Loading,,,,,,6.93,,,RD236,,,
,19-07-2026,,,,,Waiting,,,,,,4.22,,,RD230,,,
,19-07-2026,,,,,Spotting,,,,,,0.32,,,RD230,,,
,19-07-2026,,,,,LU Loading,,,,,,3.28,,,RD230,,,
,19-07-2026,,,,,Spotting,,,,,,0.02,,,RD233,,,
,19-07-2026,,,,,LU Loading,,,,,,3.27,,,RD233,,,
,19-07-2026,,,,,Waiting,,,,,,0.15,,,RD121,,,
,19-07-2026,,,,,Spotting,,,,,,0.3,,,RD121,,,
,19-07-2026,,,,,LU Loading,,,,,,4.98,,,RD121,,,
,19-07-2026,,,,,LU Loading,,,,,,3.13,,,RD226,,,
,19-07-2026,,,,,Waiting,,,,,,0.32,,,RD251,,,
,19-07-2026,,,,,LU Loading,,,,,,4.05,,,RD251,,,
,19-07-2026,,,,,Spotting,,,,,,0.83,,,RD235,,,
,19-07-2026,,,,,LU Loading,,,,,,3.92,,,RD235,,,
,19-07-2026,,,,,Waiting,,,,,,0.67,,,RD236,,,
,19-07-2026,,,,,Spotting,,,,,,0.4,,,RD236,,,
,19-07-2026,,,,,LU Loading,,,,,,4.5,,,RD236,,,
,19-07-2026,,,,,Waiting,,,,,,2.62,,,RD132,,,
,19-07-2026,,,,,LU Loading,,,,,,1.17,,,RD132,,,
,19-07-2026,,,,,Waiting,,,,,,0.53,,,RD230,,,
,19-07-2026,,,,,Spotting,,,,,,0.42,,,RD230,,,
,19-07-2026,,,,,LU Loading,,,,,,4.3,,,RD230,,,
,19-07-2026,,,,,Waiting,,,,,,0.97,,,RD233,,,
,19-07-2026,,,,,Spotting,,,,,,0.42,,,RD233,,,
,19-07-2026,,,,,LU Loading,,,,,,4.03,,,RD233,,,
,19-07-2026,,,,,Waiting,,,,,,3.6,,,RD121,,,
,19-07-2026,,,,,LU Loading,,,,,,0.9,,,RD121,,,
,19-07-2026,,,,,LU Loading,,,,,,2.85,,,RD226,,,
,19-07-2026,,,,,Waiting,,,,,,1.8,,,RD251,,,
,19-07-2026,,,,,Spotting,,,,,,1.17,,,RD251,,,
,19-07-2026,,,,,LU Loading,,,,,,3.47,,,RD251,,,
,19-07-2026,,,,,Waiting,,,,,,0.37,,,RD235,,,
,19-07-2026,,,,,Spotting,,,,,,0.37,,,RD235,,,
,19-07-2026,,,,,LU Loading,,,,,,3.25,,,RD235,,,
,19-07-2026,,,,,Waiting,,,,,,14.77,,,RD245,,,
,19-07-2026,,,,,Shift Change,,,,,,26.3,,,RD245,,,
,19-07-2026,,,,,,,,,,,,,,,,,
,Timestamp,,,,,Status Code,,Sub-Status Code,,,,"Duration
(min)",,,Hauling Unit,,,
,19-07-2026,,,,,Shift Change,,,,,,47.55,,,RD245,,,
,19-07-2026,,,,,LU Loading,,,,,,2.67,,,RD245,,,
,19-07-2026,,,,,Spotting,,,,,,0.15,,,RD121,,,
,19-07-2026,,,,,LU Loading,,,,,,3.25,,,RD121,,,
,19-07-2026,,,,,Waiting,,,,,,6.47,,,RD239,,,
,19-07-2026,,,,,LU Loading,,,,,,3.98,,,RD239,,,
,19-07-2026,,,,,Waiting,,,,,,1.12,,,RD126,,,
,19-07-2026,,,,,Spotting,,,,,,0.27,,,RD126,,,
,19-07-2026,,,,,LU Loading,,,,,,3.72,,,RD126,,,
,19-07-2026,,,,,Waiting,,,,,,2.32,,,RD141,,,
,19-07-2026,,,,,LU Loading,,,,,,3.87,,,RD141,,,
,19-07-2026,,,,,Waiting,,,,,,0.98,,,RD233,,,
,19-07-2026,,,,,LU Loading,,,,,,3.53,,,RD233,,,
,19-07-2026,,,,,Spotting,,,,,,0.68,,,RD121,,,
,19-07-2026,,,,,LU Loading,,,,,,3.7,,,RD121,,,
,19-07-2026,,,,,LU Loading,,,,,,0.02,,,RD245,,,
,19-07-2026,,,,,LU Loading,,,,,,3.73,,,RD245,,,
,19-07-2026,,,,,Waiting,,,,,,2.05,,,RD239,,,
,19-07-2026,,,,,LU Loading,,,,,,3.72,,,RD239,,,
,19-07-2026,,,,,Waiting,,,,,,3.22,,,RD248,,,
,19-07-2026,,,,,Spotting,,,,,,0.32,,,RD248,,,
,19-07-2026,,,,,LU Loading,,,,,,4.43,,,RD248,,,
,19-07-2026,,,,,Spotting,,,,,,1.8,,,RD243,,,
,19-07-2026,,,,,LU Loading,,,,,,3,,,RD243,,,
,19-07-2026,,,,,Spotting,,,,,,0.03,,,RD246,,,
,19-07-2026,,,,,LU Loading,,,,,,3.42,,,RD246,,,
,19-07-2026,,,,,Waiting,,,,,,2.33,,,RD233,,,
,19-07-2026,,,,,LU Loading,,,,,,3.73,,,RD233,,,
,19-07-2026,,,,,Spotting,,,,,,1.08,,,RD121,,,
,19-07-2026,,,,,LU Loading,,,,,,3.92,,,RD121,,,
,19-07-2026,,,,,LU Loading,,,,,,0.02,,,RD126,,,
,19-07-2026,,,,,LU Loading,,,,,,3.53,,,RD126,,,
,19-07-2026,,,,,Spotting,,,,,,0.98,,,RD245,,,
,19-07-2026,,,,,LU Loading,,,,,,3.22,,,RD245,,,
,19-07-2026,,,,,Waiting,,,,,,0.63,,,RD141,,,
,19-07-2026,,,,,LU Loading,,,,,,2.95,,,RD141,,,
,19-07-2026,,,,,Waiting,,,,,,0.65,,,RD239,,,
,19-07-2026,,,,,Spotting,,,,,,0.88,,,RD239,,,
,19-07-2026,,,,,LU Loading,,,,,,2.92,,,RD239,,,
,19-07-2026,,,,,Spotting,,,,,,0.13,,,RD246,,,
,19-07-2026,,,,,LU Loading,,,,,,2.97,,,RD246,,,
,19-07-2026,,,,,Spotting,,,,,,0.52,,,RD233,,,
,19-07-2026,,,,,LU Loading,,,,,,2.72,,,RD233,,,
,19-07-2026,,,,,Spotting,,,,,,0.8,,,RD248,,,
,19-07-2026,,,,,LU Loading,,,,,,2.9,,,RD248,,,
,19-07-2026,,,,,LU Loading,,,,,,3.12,,,RD243,,,
,19-07-2026,,,,,Waiting,,,,,,0.38,,,RD121,,,
,19-07-2026,,,,,Spotting,,,,,,0.4,,,RD121,,,
,19-07-2026,,,,,LU Loading,,,,,,3.13,,,RD121,,,
,19-07-2026,,,,,Spotting,,,,,,0.3,,,RD126,,,
,19-07-2026,,,,,LU Loading,,,,,,3.58,,,RD126,,,
,19-07-2026,,,,,Waiting,,,,,,10.2,,,RD245,,,
,19-07-2026,,,,,Spotting,,,,,,0.37,,,RD245,,,
,19-07-2026,,,,,LU Loading,,,,,,3.62,,,RD245,,,
,19-07-2026,,,,,Waiting,,,,,,6.12,,,RD141,,,
,19-07-2026,,,,,Spotting,,,,,,0.42,,,RD141,,,
,19-07-2026,,,,,LU Loading,,,,,,2.48,,,RD141,,,
,19-07-2026,,,,,Waiting,,,,,,0.65,,,RD239,,,
,19-07-2026,,,,,Spotting,,,,,,0.32,,,RD239,,,
,19-07-2026,,,,,LU Loading,,,,,,2.58,,,RD239,,,
,19-07-2026,,,,,Waiting,,,,,,0.68,,,RD233,,,
,19-07-2026,,,,,Spotting,,,,,,0.25,,,RD233,,,
,19-07-2026,,,,,LU Loading,,,,,,2.93,,,RD233,,,
,19-07-2026,,,,,Spotting,,,,,,0.17,,,RD248,,,
,19-07-2026,,,,,LU Loading,,,,,,3.92,,,RD248,,,
,19-07-2026,,,,,Spotting,,,,,,0.43,,,RD246,,,
,19-07-2026,,,,,LU Loading,,,,,,2.8,,,RD246,,,
,19-07-2026,,,,,Spotting,,,,,,0.42,,,RD243,,,
,19-07-2026,,,,,LU Loading,,,,,,2.53,,,RD243,,,
,19-07-2026,,,,,Spotting,,,,,,0.6,,,RD126,,,
,19-07-2026,,,,,LU Loading,,,,,,3.35,,,RD126,,,
,19-07-2026,,,,,Waiting,,,,,,0.55,,,RD141,,,
,19-07-2026,,,,,LU Loading,,,,,,3.1,,,RD141,,,
,19-07-2026,,,,,Waiting,,,,,,6.57,,,RD239,,,
,19-07-2026,,,,,Spotting,,,,,,0.37,,,RD239,,,
,19-07-2026,,,,,LU Loading,,,,,,3,,,RD239,,,
,19-07-2026,,,,,Spotting,,,,,,0.23,,,RD121,,,
,19-07-2026,,,,,LU Loading,,,,,,2.42,,,RD121,,,
,19-07-2026,,,,,Spotting,,,,,,0.37,,,RD248,,,
,19-07-2026,,,,,LU Loading,,,,,,4.3,,,RD248,,,
,19-07-2026,,,,,Waiting,,,,,,0.22,,,RD245,,,
,19-07-2026,,,,,LU Loading,,,,,,2.47,,,RD245,,,
,19-07-2026,,,,,Waiting,,,,,,0.45,,,RD243,,,
,19-07-2026,,,,,LU Loading,,,,,,3.23,,,RD243,,,
,19-07-2026,,,,,Spotting,,,,,,0.27,,,RD246,,,
,19-07-2026,,,,,LU Loading,,,,,,3.03,,,RD246,,,
,19-07-2026,,,,,LU Loading,,,,,,3.43,,,RD233,,,
,19-07-2026,,,,,Waiting,,,,,,0.3,,,RD141,,,
,19-07-2026,,,,,LU Loading,,,,,,2.95,,,RD141,,,
,19-07-2026,,,,,Waiting,,,,,,2.97,,,RD121,,,
,19-07-2026,,,,,LU Loading,,,,,,0.18,,,RD121,,,
,19-07-2026,,,,,Waiting,,,,,,0.45,,,RD239,,,
,19-07-2026,,,,,Spotting,,,,,,2.25,,,RD239,,,
,19-07-2026,,,,,LU Loading,,,,,,2.88,,,RD239,,,
,19-07-2026,,,,,Waiting,,,,,,0.13,,,RD248,,,
,19-07-2026,,,,,Spotting,,,,,,0.33,,,RD248,,,
,19-07-2026,,,,,LU Loading,,,,,,4.05,,,RD248,,,
,19-07-2026,,,,,LU Loading,,,,,,3.68,,,RD245,,,
,19-07-2026,,,,,Waiting,,,,,,0.25,,,RD243,,,
,19-07-2026,,,,,Spotting,,,,,,1.45,,,RD243,,,
,19-07-2026,,,,,LU Loading,,,,,,2.45,,,RD243,,,
,19-07-2026,,,,,Spotting,,,,,,0.18,,,RD246,,,
,19-07-2026,,,,,LU Loading,,,,,,3.02,,,RD246,,,
,19-07-2026,,,,,LU Loading,,,,,,2.88,,,RD126,,,
,19-07-2026,,,,,Spotting,,,,,,0.53,,,RD141,,,
,19-07-2026,,,,,LU Loading,,,,,,2.45,,,RD141,,,
,19-07-2026,,,,,Spotting,,,,,,0.35,,,RD233,,,
,19-07-2026,,,,,LU Loading,,,,,,3.23,,,RD233,,,
,19-07-2026,,,,,Waiting,,,,,,0.2,,,RD121,,,
,19-07-2026,,,,,LU Loading,,,,,,2.4,,,RD121,,,
,19-07-2026,,,,,Waiting,,,,,,0.72,,,RD239,,,
,19-07-2026,,,,,Spotting,,,,,,1.88,,,RD239,,,
,19-07-2026,,,,,LU Loading,,,,,,2.68,,,RD239,,,
,19-07-2026,,,,,Spotting,,,,,,0.15,,,RD248,,,
,19-07-2026,,,,,LU Loading,,,,,,4.33,,,RD248,,,
,19-07-2026,,,,,LU Loading,,,,,,2.48,,,RD245,,,
,19-07-2026,,,,,Spotting,,,,,,0.98,,,RD246,,,
,19-07-2026,,,,,LU Loading,,,,,,7.82,,,RD246,,,
,19-07-2026,,,,,Waiting,,,,,,1.22,,,RD243,,,
,19-07-2026,,,,,Spotting,,,,,,0.82,,,RD243,,,
,19-07-2026,,,,,LU Loading,,,,,,3.77,,,RD243,,,
,19-07-2026,,,,,Spotting,,,,,,0.78,,,RD126,,,
,19-07-2026,,,,,LU Loading,,,,,,2.95,,,RD126,,,
,19-07-2026,,,,,Waiting,,,,,,0.6,,,RD121,,,
,19-07-2026,,,,,LU Loading,,,,,,4.58,,,RD121,,,
,19-07-2026,,,,,LU Loading,,,,,,1,,,RD233,,,
,19-07-2026,,,,,LU Loading,,,,,,1.92,,,RD233,,,
,19-07-2026,,,,,Waiting,,,,,,5.58,,,RD239,,,
,19-07-2026,,,,,LU Loading,,,,,,4.03,,,RD239,,,
,19-07-2026,,,,,Spotting,,,,,,0.53,,,RD248,,,
,19-07-2026,,,,,LU Loading,,,,,,3.67,,,RD248,,,
,19-07-2026,,,,,LU Loading,,,,,,4.28,,,RD245,,,
,19-07-2026,,,,,LU Loading,,,,,,3.63,,,RD246,,,
,19-07-2026,,,,,Waiting,,,,,,0.13,,,RD243,,,
,19-07-2026,,,,,LU Loading,,,,,,7.45,,,RD243,,,
,19-07-2026,,,,,Waiting,,,,,,0.8,,,RD233,,,
,19-07-2026,,,,,Spotting,,,,,,0.82,,,RD233,,,
,19-07-2026,,,,,LU Loading,,,,,,16.82,,,RD233,,,
,19-07-2026,,,,,Waiting,,,,,,1.17,,,RD239,,,
,19-07-2026,,,,,LU Loading,,,,,,3.43,,,RD239,,,
,19-07-2026,,,,,LU Loading,,,,,,4.7,,,RD248,,,
,19-07-2026,,,,,Spotting,,,,,,0.17,,,RD246,,,
,19-07-2026,,,,,LU Loading,,,,,,3.47,,,RD246,,,
,19-07-2026,,,,,LU Loading,,,,,,3.53,,,RD141,,,
,19-07-2026,,,,,LU Loading,,,,,,3.53,,,RD243,,,
,19-07-2026,,,,,Waiting,,,,,,0.47,,,RD245,,,
,19-07-2026,,,,,LU Loading,,,,,,3.38,,,RD245,,,
,19-07-2026,,,,,Waiting,,,,,,0.17,,,RD121,,,
,19-07-2026,,,,,LU Loading,,,,,,4.03,,,RD121,,,
,19-07-2026,,,,,LU Loading,,,,,,1.4,,,RD233,,,
,19-07-2026,,,,,LU Loading,,,,,,1.02,,,RD233,,,
,19-07-2026,,,,,Waiting,,,,,,4.3,,,RD239,,,
,19-07-2026,,,,,Spotting,,,,,,0.95,,,RD239,,,
,19-07-2026,,,,,LU Loading,,,,,,3.65,,,RD239,,,
,19-07-2026,,,,,Waiting,,,,,,0.6,,,RD226,,,
,19-07-2026,,,,,LU Loading,,,,,,3.38,,,RD226,,,
,19-07-2026,,,,,Spotting,,,,,,0.15,,,RD248,,,
,19-07-2026,,,,,LU Loading,,,,,,4.47,,,RD248,,,
,19-07-2026,,,,,LU Loading,,,,,,3.58,,,RD246,,,
,19-07-2026,,,,,Spotting,,,,,,0.48,,,RD243,,,
,19-07-2026,,,,,LU Loading,,,,,,4.03,,,RD243,,,
,19-07-2026,,,,,Spotting,,,,,,0.12,,,RD245,,,
,19-07-2026,,,,,LU Loading,,,,,,2.53,,,RD245,,,
,19-07-2026,,,,,Waiting,,,,,,0.25,,,RD141,,,
,19-07-2026,,,,,LU Loading,,,,,,2.7,,,RD141,,,
,19-07-2026,,,,,Waiting,,,,,,1.25,,,RD233,,,
,19-07-2026,,,,,LU Loading,,,,,,3.17,,,RD233,,,
,19-07-2026,,,,,Waiting,,,,,,1.37,,,RD141,,,
,19-07-2026,,,,,Marching,,,,,,27.7,,,RD141,,,
,19-07-2026,,,,,Shift Change,,,,,,22.22,,,RD141,,,
,19-07-2026,,,,,Shift Change,,,,,,34.73,,,RD141,,,
,19-07-2026,,,,,Blasting,,,,,,175.03,,,RD141,,,
,19-07-2026,,,,,Marching,,,,,,19.52,,,RD141,,,
,19-07-2026,,,,,LU Loading,,,,,,3.5,,,RD141,,,
,19-07-2026,,,,,Waiting,,,,,,0.58,,,RD141,,,
,19-07-2026,,,,,LU Loading,,,,,,1.93,,,RD141,,,
,19-07-2026,,,,,Waiting,,,,,,4.75,,,RD132,,,
,19-07-2026,,,,,LU Loading,,,,,,0.02,,,RD132,,,
,19-07-2026,,,,,Waiting,,,,,,0.02,,,RD132,,,
,19-07-2026,,,,,LU Loading,,,,,,0.03,,,RD132,,,
,19-07-2026,,,,,Waiting,,,,,,8.52,,,RD241,,,
,19-07-2026,,,,,LU Loading,,,,,,2.78,,,RD241,,,
,19-07-2026,,,,,Waiting,,,,,,0.12,,,RD242,,,
,19-07-2026,,,,,Spotting,,,,,,0.23,,,RD242,,,
,19-07-2026,,,,,LU Loading,,,,,,2.9,,,RD242,,,
,19-07-2026,,,,,Waiting,,,,,,1.38,,,RD237,,,
,19-07-2026,,,,,Spotting,,,,,,0.65,,,RD237,,,
,19-07-2026,,,,,LU Loading,,,,,,2.92,,,RD237,,,
,19-07-2026,,,,,Spotting,,,,,,0.65,,,RD226,,,
,19-07-2026,,,,,LU Loading,,,,,,3.08,,,RD226,,,
,19-07-2026,,,,,LU Loading,,,,,,1.75,,,RD141,,,
,19-07-2026,,,,,Waiting,,,,,,0.55,,,RD121,,,
,19-07-2026,,,,,LU Loading,,,,,,2.15,,,RD121,,,
,19-07-2026,,,,,Waiting,,,,,,0.53,,,RD132,,,
,19-07-2026,,,,,LU Loading,,,,,,0.12,,,RD132,,,
,19-07-2026,,,,,LU Loading,,,,,,1.82,,,RD132,,,
,19-07-2026,,,,,Waiting,,,,,,0.82,,,RD246,,,
,19-07-2026,,,,,LU Loading,,,,,,2.85,,,RD246,,,
,19-07-2026,,,,,Waiting,,,,,,0.03,,,RD241,,,
,19-07-2026,,,,,Spotting,,,,,,0.13,,,RD241,,,
,19-07-2026,,,,,LU Loading,,,,,,3.87,,,RD241,,,
,19-07-2026,,,,,LU Loading,,,,,,0.02,,,RD242,,,
,19-07-2026,,,,,LU Loading,,,,,,3.23,,,RD242,,,
,19-07-2026,,,,,Waiting,,,,,,4.75,,,RD226,,,
,19-07-2026,,,,,LU Loading,,,,,,2.27,,,RD226,,,
,19-07-2026,,,,,Waiting,,,,,,1.62,,,RD141,,,
,19-07-2026,,,,,LU Loading,,,,,,3.3,,,RD141,,,
,19-07-2026,,,,,Waiting,,,,,,0.67,,,RD121,,,
,19-07-2026,,,,,LU Loading,,,,,,3.2,,,RD121,,,
,19-07-2026,,,,,Waiting,,,,,,5.03,,,RD234,,,
,19-07-2026,,,,,LU Loading,,,,,,3.3,,,RD234,,,
,19-07-2026,,,,,LU Loading,,,,,,4.47,,,RD246,,,
,19-07-2026,,,,,Waiting,,,,,,0.17,,,RD241,,,
,19-07-2026,,,,,Spotting,,,,,,0.4,,,RD241,,,
,19-07-2026,,,,,LU Loading,,,,,,3.25,,,RD241,,,
,19-07-2026,,,,,Waiting,,,,,,3.22,,,RD230,,,
,19-07-2026,,,,,LU Loading,,,,,,4.13,,,RD230,,,
,19-07-2026,,,,,Spotting,,,,,,0.92,,,RD242,,,
,19-07-2026,,,,,LU Loading,,,,,,2.55,,,RD242,,,
,19-07-2026,,,,,Waiting,,,,,,0.4,,,RD242,,,
,19-07-2026,,,,,LU Loading,,,,,,0.07,,,RD242,,,
,19-07-2026,,,,,LU Loading,,,,,,5.15,,,RD226,,,
,19-07-2026,,,,,Waiting,,,,,,4.22,,,RD141,,,
,19-07-2026,,,,,LU Loading,,,,,,3.65,,,RD141,,,
,19-07-2026,,,,,Waiting,,,,,,1.97,,,RD121,,,
,19-07-2026,,,,,LU Loading,,,,,,3.58,,,RD121,,,
,19-07-2026,,,,,LU Loading,,,,,,7.05,,,RD234,,,
,19-07-2026,,,,,LU Loading,,,,,,6.03,,,RD132,,,
,19-07-2026,,,,,Waiting,,,,,,4.6,,,RD241,,,
,19-07-2026,,,,,LU Loading,,,,,,2.32,,,RD241,,,
,19-07-2026,,,,,Waiting,,,,,,1.8,,,RD230,,,
,19-07-2026,,,,,Spotting,,,,,,0.12,,,RD230,,,
,19-07-2026,,,,,LU Loading,,,,,,3.18,,,RD230,,,
,19-07-2026,,,,,Waiting,,,,,,0.77,,,RD242,,,
,19-07-2026,,,,,Spotting,,,,,,0.17,,,RD242,,,
,19-07-2026,,,,,LU Loading,,,,,,2.38,,,RD242,,,
,19-07-2026,,,,,Waiting,,,,,,1.75,,,RD226,,,
,19-07-2026,,,,,LU Loading,,,,,,2.67,,,RD226,,,
,19-07-2026,,,,,Spotting,,,,,,0.18,,,RD141,,,
,19-07-2026,,,,,LU Loading,,,,,,2.73,,,RD141,,,
,19-07-2026,,,,,Spotting,,,,,,0.53,,,RD121,,,
,19-07-2026,,,,,LU Loading,,,,,,2.9,,,RD121,,,
,19-07-2026,,,,,LU Loading,,,,,,8.08,,,RD246,,,
,19-07-2026,,,,,Waiting,,,,,,1.25,,,RD241,,,
,19-07-2026,,,,,Spotting,,,,,,0.43,,,RD241,,,
,19-07-2026,,,,,LU Loading,,,,,,5.57,,,RD241,,,
,19-07-2026,,,,,Waiting,,,,,,0.5,,,RD230,,,
,19-07-2026,,,,,LU Loading,,,,,,3.15,,,RD230,,,
,19-07-2026,,,,,Waiting,,,,,,0.15,,,RD242,,,
,19-07-2026,,,,,Spotting,,,,,,0.4,,,RD242,,,
,19-07-2026,,,,,LU Loading,,,,,,1.78,,,RD242,,,
,19-07-2026,,,,,Waiting,,,,,,1.02,,,RD242,,,
,19-07-2026,,,,,LU Loading,,,,,,0.42,,,RD242,,,
,19-07-2026,,,,,Waiting,,,,,,2.42,,,RD226,,,
,19-07-2026,,,,,LU Loading,,,,,,3.38,,,RD226,,,
,19-07-2026,,,,,LU Loading,,,,,,5.1,,,RD141,,,
,19-07-2026,,,,,Waiting,,,,,,0.6,,,RD121,,,
,19-07-2026,,,,,LU Loading,,,,,,2.38,,,RD121,,,
,19-07-2026,,,,,Spotting,,,,,,0.8,,,RD234,,,
,19-07-2026,,,,,LU Loading,,,,,,4.63,,,RD234,,,
,19-07-2026,,,,,Waiting,,,,,,0.02,,,RD246,,,
,19-07-2026,,,,,Spotting,,,,,,0.92,,,RD246,,,
,19-07-2026,,,,,LU Loading,,,,,,3.5,,,RD246,,,
,19-07-2026,,,,,LU Loading,,,,,,3.17,,,RD132,,,
,19-07-2026,,,,,Waiting,,,,,,0.02,,,RD230,,,
,19-07-2026,,,,,LU Loading,,,,,,5.27,,,RD230,,,
,19-07-2026,,,,,LU Loading,,,,,,3.42,,,RD242,,,
,19-07-2026,,,,,Waiting,,,,,,0.52,,,RD226,,,
,19-07-2026,,,,,LU Loading,,,,,,2.77,,,RD226,,,
,19-07-2026,,,,,Spotting,,,,,,0.23,,,RD141,,,
,19-07-2026,,,,,LU Loading,,,,,,3.63,,,RD141,,,
,19-07-2026,,,,,Waiting,,,,,,0.63,,,RD233,,,
,19-07-2026,,,,,LU Loading,,,,,,5.3,,,RD233,,,
,19-07-2026,,,,,LU Loading,,,,,,3.3,,,RD234,,,
,19-07-2026,,,,,Waiting,,,,,,1.95,,,RD244,,,
,19-07-2026,,,,,LU Loading,,,,,,2,,,RD244,,,
,19-07-2026,,,,,Waiting,,,,,,0.63,,,RD244,,,
,19-07-2026,,,,,LU Loading,,,,,,3.35,,,RD244,,,
,19-07-2026,,,,,Waiting,,,,,,4.85,,,RD236,,,
,19-07-2026,,,,,LU Loading,,,,,,3.9,,,RD236,,,
,19-07-2026,,,,,LU Loading,,,,,,3.2,,,RD141,,,
,19-07-2026,,,,,LU Loading,,,,,,2.7,,,RD233,,,
,19-07-2026,,,,,LU Loading,,,,,,1.18,,,RD233,,,
,19-07-2026,,,,,Waiting,,,,,,1.5,,,RD234,,,
,19-07-2026,,,,,LU Loading,,,,,,5.8,,,RD234,,,
,19-07-2026,,,,,Waiting,,,,,,1.38,,,RD235,,,
,19-07-2026,,,,,LU Loading,,,,,,4.2,,,RD235,,,
,19-07-2026,,,,,LU Loading,,,,,,3.67,,,RD244,,,
,19-07-2026,,,,,Waiting,,,,,,1.07,,,RD141,,,
,19-07-2026,,,,,LU Loading,,,,,,3.47,,,RD141,,,
,19-07-2026,,,,,Waiting,,,,,,9.55,,,RD227,,,
,19-07-2026,,,,,LU Loading,,,,,,9.93,,,RD227,,,
,19-07-2026,,,,,Waiting,,,,,,2.13,,,RD238,,,
,19-07-2026,,,,,LU Loading,,,,,,6.33,,,RD238,,,
,19-07-2026,,,,,Spotting,,,,,,0.02,,,RD239,,,
,19-07-2026,,,,,LU Loading,,,,,,5.48,,,RD239,,,
,19-07-2026,,,,,Waiting,,,,,,0.68,,,RD226,,,
,19-07-2026,,,,,LU Loading,,,,,,4.18,,,RD226,,,
,19-07-2026,,,,,LU Loading,,,,,,5.03,,,RD252,,,
,19-07-2026,,,,,LU Loading,,,,,,7.07,,,RD121,,,
,19-07-2026,,,,,LU Loading,,,,,,5.47,,,RD248,,,
,19-07-2026,,,,,Waiting,,,,,,2.28,,,RD230,,,
,19-07-2026,,,,,LU Loading,,,,,,4.03,,,RD230,,,
,19-07-2026,,,,,Waiting,,,,,,1.53,,,RD227,,,
,19-07-2026,,,,,LU Loading,,,,,,4.32,,,RD227,,,
,19-07-2026,,,,,Waiting,,,,,,1.3,,,RD238,,,
,19-07-2026,,,,,LU Loading,,,,,,5.35,,,RD238,,,
,19-07-2026,,,,,Waiting,,,,,,10.32,,,RD239,,,
,19-07-2026,,,,,LU Loading,,,,,,5.72,,,RD239,,,
,19-07-2026,,,,,Waiting,,,,,,1.45,,,RD226,,,
,19-07-2026,,,,,LU Loading,,,,,,5.48,,,RD226,,,
,19-07-2026,,,,,Waiting,,,,,,1.4,,,RD252,,,
,20-07-2026,,,,,LU Loading,,,,,,5.97,,,RD252,,,
,20-07-2026,,,,,Waiting,,,,,,1.7,,,RD141,,,
,20-07-2026,,,,,Spotting,,,,,,0.8,,,RD141,,,
,20-07-2026,,,,,LU Loading,,,,,,14.85,,,RD141,,,
,20-07-2026,,,,,Waiting,,,,,,2.37,,,RD230,,,
,20-07-2026,,,,,LU Loading,,,,,,4.02,,,RD230,,,
,20-07-2026,,,,,Waiting,,,,,,1.38,,,RD233,,,
,20-07-2026,,,,,Spotting,,,,,,0.25,,,RD233,,,
,20-07-2026,,,,,LU Loading,,,,,,5.32,,,RD233,,,
,20-07-2026,,,,,Waiting,,,,,,12.62,,,RD227,,,
,20-07-2026,,,,,LU Loading,,,,,,6.12,,,RD227,,,
,20-07-2026,,,,,Waiting,,,,,,2.25,,,RD141,,,
,20-07-2026,,,,,Spotting,,,,,,0.47,,,RD141,,,
,20-07-2026,,,,,LU Loading,,,,,,3.75,,,RD141,,,
,20-07-2026,,,,,Waiting,,,,,,1.55,,,RD238,,,
,20-07-2026,,,,,LU Loading,,,,,,3.78,,,RD238,,,
,20-07-2026,,,,,Waiting,,,,,,1.42,,,RD226,,,
,20-07-2026,,,,,LU Loading,,,,,,4.4,,,RD226,,,
,20-07-2026,,,,,Waiting,,,,,,2.67,,,RD239,,,
,20-07-2026,,,,,LU Loading,,,,,,4.78,,,RD239,,,
,20-07-2026,,,,,Waiting,,,,,,1.35,,,RD233,,,
,20-07-2026,,,,,LU Loading,,,,,,4.43,,,RD233,,,
,20-07-2026,,,,,Waiting,,,,,,4.07,,,RD227,,,
,20-07-2026,,,,,LU Loading,,,,,,3.98,,,RD227,,,
,20-07-2026,,,,,Waiting,,,,,,1.13,,,RD252,,,
,20-07-2026,,,,,LU Loading,,,,,,3.57,,,RD252,,,
,20-07-2026,,,,,Waiting,,,,,,1.52,,,RD238,,,
,20-07-2026,,,,,LU Loading,,,,,,3.93,,,RD238,,,
,20-07-2026,,,,,Waiting,,,,,,13.52,,,RD230,,,
,20-07-2026,,,,,Face Prep,,,,,,6.77,,,RD230,,,
,20-07-2026,,,,,LU Loading,,,,,,3.68,,,RD230,,,
,20-07-2026,,,,,Waiting,,,,,,2.4,,,RD227,,,
,20-07-2026,,,,,LU Loading,,,,,,3.32,,,RD227,,,
,20-07-2026,,,,,Waiting,,,,,,1.83,,,RD226,,,
,20-07-2026,,,,,LU Loading,,,,,,2.67,,,RD226,,,
,20-07-2026,,,,,Waiting,,,,,,0.02,,,RD239,,,
,20-07-2026,,,,,LU Loading,,,,,,3.53,,,RD239,,,
,20-07-2026,,,,,LU Loading,,,,,,2.43,,,RD141,,,
,20-07-2026,,,,,Waiting,,,,,,0.43,,,RD238,,,
,20-07-2026,,,,,LU Loading,,,,,,3.3,,,RD238,,,
,20-07-2026,,,,,Waiting,,,,,,1.15,,,RD233,,,
,20-07-2026,,,,,LU Loading,,,,,,0.53,,,RD233,,,
,20-07-2026,,,,,Waiting,,,,,,0.35,,,RD233,,,
,20-07-2026,,,,,LU Loading,,,,,,2.72,,,RD233,,,
,20-07-2026,,,,,Waiting,,,,,,4.55,,,RD230,,,
,20-07-2026,,,,,LU Loading,,,,,,3.48,,,RD230,,,
,20-07-2026,,,,,Waiting,,,,,,7.98,,,RD239,,,
,20-07-2026,,,,,LU Loading,,,,,,2.43,,,RD239,,,
,20-07-2026,,,,,LU Loading,,,,,,3.07,,,RD141,,,
,20-07-2026,,,,,Waiting,,,,,,0.35,,,RD227,,,
,20-07-2026,,,,,LU Loading,,,,,,2.98,,,RD227,,,
,20-07-2026,,,,,Waiting,,,,,,4.25,,,RD238,,,
,20-07-2026,,,,,LU Loading,,,,,,2.05,,,RD238,,,
,20-07-2026,,,,,LU Loading,,,,,,3.33,,,RD233,,,
,20-07-2026,,,,,Spotting,,,,,,0.12,,,RD226,,,
,20-07-2026,,,,,LU Loading,,,,,,3.48,,,RD226,,,
,20-07-2026,,,,,LU Loading,,,,,,3.22,,,RD230,,,
,20-07-2026,,,,,Waiting,,,,,,0.48,,,RD252,,,
,20-07-2026,,,,,Spotting,,,,,,0.47,,,RD252,,,
,20-07-2026,,,,,LU Loading,,,,,,3.67,,,RD252,,,
,20-07-2026,,,,,LU Loading,,,,,,2.85,,,RD239,,,
,20-07-2026,,,,,Waiting,,,,,,4.48,,,RD141,,,
,20-07-2026,,,,,LU Loading,,,,,,2.6,,,RD141,,,
,20-07-2026,,,,,Waiting,,,,,,2.82,,,RD227,,,
,20-07-2026,,,,,LU Loading,,,,,,2.57,,,RD227,,,
,20-07-2026,,,,,Waiting,,,,,,3.78,,,RD233,,,
,20-07-2026,,,,,Spotting,,,,,,0.18,,,RD233,,,
,20-07-2026,,,,,LU Loading,,,,,,2.35,,,RD233,,,
,20-07-2026,,,,,Waiting,,,,,,0.03,,,RD226,,,
,20-07-2026,,,,,LU Loading,,,,,,3.5,,,RD226,,,
,20-07-2026,,,,,Waiting,,,,,,2.52,,,RD230,,,
,20-07-2026,,,,,LU Loading,,,,,,4.22,,,RD230,,,
,20-07-2026,,,,,Waiting,,,,,,0.05,,,RD238,,,
,20-07-2026,,,,,LU Loading,,,,,,4.12,,,RD238,,,
,20-07-2026,,,,,LU Loading,,,,,,3.15,,,RD252,,,
,20-07-2026,,,,,Waiting,,,,,,4.95,,,RD227,,,
,20-07-2026,,,,,Spotting,,,,,,0.12,,,RD227,,,
,20-07-2026,,,,,LU Loading,,,,,,3.35,,,RD227,,,
,20-07-2026,,,,,LU Loading,,,,,,3.23,,,RD239,,,
,20-07-2026,,,,,Waiting,,,,,,3.02,,,RD141,,,
,20-07-2026,,,,,LU Loading,,,,,,2.27,,,RD141,,,
,20-07-2026,,,,,Spotting,,,,,,0.42,,,RD233,,,
,20-07-2026,,,,,LU Loading,,,,,,5.22,,,RD233,,,
,20-07-2026,,,,,Waiting,,,,,,0.05,,,RD226,,,
,20-07-2026,,,,,LU Loading,,,,,,3.83,,,RD226,,,
,20-07-2026,,,,,Waiting,,,,,,0.08,,,RD252,,,
,20-07-2026,,,,,Spotting,,,,,,0.15,,,RD252,,,
,20-07-2026,,,,,LU Loading,,,,,,4.15,,,RD252,,,
,20-07-2026,,,,,LU Loading,,,,,,3.12,,,RD245,,,
,20-07-2026,,,,,Spotting,,,,,,0.9,,,RD230,,,
,20-07-2026,,,,,LU Loading,,,,,,3.67,,,RD230,,,
,20-07-2026,,,,,Waiting,,,,,,0.23,,,RD238,,,
,20-07-2026,,,,,Spotting,,,,,,0.15,,,RD238,,,
,20-07-2026,,,,,LU Loading,,,,,,3.82,,,RD238,,,
,20-07-2026,,,,,Waiting,,,,,,3,,,RD227,,,
,20-07-2026,,,,,Spotting,,,,,,0.23,,,RD227,,,
,20-07-2026,,,,,LU Loading,,,,,,2.75,,,RD227,,,
,20-07-2026,,,,,Waiting,,,,,,1.77,,,RD239,,,
,20-07-2026,,,,,Spotting,,,,,,0.35,,,RD239,,,
,20-07-2026,,,,,LU Loading,,,,,,3.22,,,RD239,,,
,20-07-2026,,,,,Waiting,,,,,,2.78,,,RD141,,,
,20-07-2026,,,,,LU Loading,,,,,,2.23,,,RD141,,,
,20-07-2026,,,,,Waiting,,,,,,1.23,,,RD226,,,
,20-07-2026,,,,,LU Loading,,,,,,4,,,RD226,,,
,20-07-2026,,,,,LU Loading,,,,,,3.48,,,RD233,,,
,20-07-2026,,,,,LU Loading,,,,,,3.27,,,RD245,,,
,20-07-2026,,,,,Waiting,,,,,,0.13,,,RD252,,,
,20-07-2026,,,,,LU Loading,,,,,,3.28,,,RD252,,,
,20-07-2026,,,,,Waiting,,,,,,2.03,,,RD230,,,
,20-07-2026,,,,,LU Loading,,,,,,3.23,,,RD230,,,
,20-07-2026,,,,,Spotting,,,,,,0.02,,,RD238,,,
,20-07-2026,,,,,LU Loading,,,,,,3.42,,,RD238,,,
,20-07-2026,,,,,Waiting,,,,,,1.43,,,RD227,,,
,20-07-2026,,,,,LU Loading,,,,,,3.25,,,RD227,,,
,20-07-2026,,,,,Waiting,,,,,,10.83,,,RD245,,,
,20-07-2026,,,,,Shift Change,,,,,,21.78,,,RD245,,,
,20-07-2026,,,,,,,,,,,,,,,,,
,Timestamp,,,,,Status Code,,Sub-Status Code,,,,"Duration
(min)",,,Hauling Unit,,,
,20-07-2026,,,,,Shift Change,,,,,,35.57,,,RD245,,,
,20-07-2026,,,,,Waiting,,,,,,8.78,,,RD245,,,
,20-07-2026,,,,,LU Loading,,,,,,2.22,,,RD245,,,
,20-07-2026,,,,,Waiting,,,,,,6.6,,,RD240,,,
,20-07-2026,,,,,LU Loading,,,,,,2.53,,,RD240,,,
,20-07-2026,,,,,Waiting,,,,,,3.47,,,RD226,,,
,20-07-2026,,,,,LU Loading,,,,,,2.15,,,RD226,,,
,20-07-2026,,,,,Waiting,,,,,,0.38,,,RD229,,,
,20-07-2026,,,,,LU Loading,,,,,,1.93,,,RD229,,,
,20-07-2026,,,,,Waiting,,,,,,6.62,,,RD141,,,
,20-07-2026,,,,,Spotting,,,,,,0.55,,,RD141,,,
,20-07-2026,,,,,LU Loading,,,,,,1.8,,,RD141,,,
,20-07-2026,,,,,Waiting,,,,,,1.83,,,RD228,,,
,20-07-2026,,,,,LU Loading,,,,,,2.48,,,RD228,,,
,20-07-2026,,,,,Waiting,,,,,,5,,,RD227,,,
,20-07-2026,,,,,LU Loading,,,,,,3.77,,,RD227,,,
,20-07-2026,,,,,Waiting,,,,,,3.85,,,RD245,,,
,20-07-2026,,,,,LU Loading,,,,,,4.42,,,RD245,,,
,20-07-2026,,,,,Waiting,,,,,,2.5,,,RD245,,,
,20-07-2026,,,,,LU Loading,,,,,,3.77,,,RD245,,,
,20-07-2026,,,,,Waiting,,,,,,3.08,,,RD121,,,
,20-07-2026,,,,,Spotting,,,,,,0.4,,,RD121,,,
,20-07-2026,,,,,LU Loading,,,,,,3.03,,,RD121,,,
,20-07-2026,,,,,Waiting,,,,,,0.5,,,RD240,,,
,20-07-2026,,,,,LU Loading,,,,,,0.02,,,RD240,,,
,20-07-2026,,,,,LU Loading,,,,,,3.18,,,RD240,,,
,20-07-2026,,,,,LU Loading,,,,,,2.58,,,RD226,,,
,20-07-2026,,,,,Waiting,,,,,,0.38,,,RD229,,,
,20-07-2026,,,,,LU Loading,,,,,,2.55,,,RD229,,,
,20-07-2026,,,,,Waiting,,,,,,0.65,,,RD228,,,
,20-07-2026,,,,,LU Loading,,,,,,3.28,,,RD228,,,
,20-07-2026,,,,,Waiting,,,,,,0.55,,,RD141,,,
,20-07-2026,,,,,LU Loading,,,,,,2.58,,,RD141,,,
,20-07-2026,,,,,Waiting,,,,,,0.62,,,RD227,,,
,20-07-2026,,,,,Spotting,,,,,,0.52,,,RD227,,,
,20-07-2026,,,,,LU Loading,,,,,,2.52,,,RD227,,,
,20-07-2026,,,,,Waiting,,,,,,5.95,,,RD245,,,
,20-07-2026,,,,,LU Loading,,,,,,2.18,,,RD245,,,
,20-07-2026,,,,,Waiting,,,,,,4.47,,,RD121,,,
,20-07-2026,,,,,Spotting,,,,,,0.18,,,RD121,,,
,20-07-2026,,,,,LU Loading,,,,,,3.82,,,RD121,,,
,20-07-2026,,,,,LU Loading,,,,,,1.9,,,RD229,,,
,20-07-2026,,,,,Waiting,,,,,,2.8,,,RD240,,,
,20-07-2026,,,,,Spotting,,,,,,0.43,,,RD240,,,
,20-07-2026,,,,,LU Loading,,,,,,4.17,,,RD240,,,
,20-07-2026,,,,,Waiting,,,,,,0.4,,,RD226,,,
,20-07-2026,,,,,LU Loading,,,,,,2.67,,,RD226,,,
,20-07-2026,,,,,LU Loading,,,,,,3.92,,,RD228,,,
,20-07-2026,,,,,Waiting,,,,,,1.17,,,RD227,,,
,20-07-2026,,,,,LU Loading,,,,,,3.75,,,RD227,,,
,20-07-2026,,,,,Waiting,,,,,,2.65,,,RD141,,,
,20-07-2026,,,,,LU Loading,,,,,,3.15,,,RD141,,,
,20-07-2026,,,,,Waiting,,,,,,17.13,,,RD240,,,
,20-07-2026,,,,,Daily Service,,,,,,34.7,,,RD240,,,
,20-07-2026,,,,,LU Loading,,,,,,0.05,,,RD240,,,
,20-07-2026,,,,,Waiting,,,,,,36.43,,,RD231,,,
,20-07-2026,,,,,Daily Service,,,,,,32.6,,,RD231,,,
,20-07-2026,,,,,Marching,,,,,,33.65,,,RD231,,,
,20-07-2026,,,,,LU Loading,,,,,,4.47,,,RD231,,,
,20-07-2026,,,,,Waiting,,,,,,2.18,,,RD246,,,
,20-07-2026,,,,,LU Loading,,,,,,5.53,,,RD246,,,
,20-07-2026,,,,,Waiting,,,,,,0.95,,,RD240,,,
,20-07-2026,,,,,Spotting,,,,,,0.15,,,RD240,,,
,20-07-2026,,,,,LU Loading,,,,,,4.15,,,RD240,,,
,20-07-2026,,,,,Waiting,,,,,,6.33,,,RD231,,,
,20-07-2026,,,,,Spotting,,,,,,1.17,,,RD231,,,
,20-07-2026,,,,,LU Loading,,,,,,6.17,,,RD231,,,
,20-07-2026,,,,,Waiting,,,,,,1.12,,,RD240,,,
,20-07-2026,,,,,LU Loading,,,,,,3.43,,,RD240,,,
,20-07-2026,,,,,Waiting,,,,,,7.77,,,RD240,,,
,20-07-2026,,,,,LU Loading,,,,,,3.62,,,RD240,,,
,20-07-2026,,,,,LU Loading,,,,,,3.65,,,RD233,,,
,20-07-2026,,,,,Waiting,,,,,,1.75,,,RD231,,,
,20-07-2026,,,,,LU Loading,,,,,,3.22,,,RD231,,,
,20-07-2026,,,,,Waiting,,,,,,2.07,,,RD240,,,
,20-07-2026,,,,,Face Prep,,,,,,15.53,,,RD240,,,
,20-07-2026,,,,,LU Loading,,,,,,6.4,,,RD240,,,
,20-07-2026,,,,,LU Loading,,,,,,4.2,,,RD233,,,
,20-07-2026,,,,,Waiting,,,,,,1.28,,,RD231,,,
,20-07-2026,,,,,LU Loading,,,,,,4.35,,,RD231,,,
,20-07-2026,,,,,Waiting,,,,,,1.03,,,RD240,,,
,20-07-2026,,,,,LU Loading,,,,,,4.17,,,RD240,,,
,20-07-2026,,,,,Waiting,,,,,,0.85,,,RD233,,,
,20-07-2026,,,,,LU Loading,,,,,,3.77,,,RD233,,,
,20-07-2026,,,,,Waiting,,,,,,1.23,,,RD231,,,
,20-07-2026,,,,,LU Loading,,,,,,3.85,,,RD231,,,
,20-07-2026,,,,,Waiting,,,,,,1.05,,,RD240,,,
,20-07-2026,,,,,LU Loading,,,,,,3.68,,,RD240,,,
,20-07-2026,,,,,Waiting,,,,,,3.48,,,RD231,,,
,20-07-2026,,,,,LU Loading,,,,,,3.83,,,RD231,,,
,20-07-2026,,,,,Waiting,,,,,,1.07,,,RD233,,,
,20-07-2026,,,,,LU Loading,,,,,,1.88,,,RD233,,,
,20-07-2026,,,,,Waiting,,,,,,0.42,,,RD240,,,
,20-07-2026,,,,,LU Loading,,,,,,2.67,,,RD240,,,
,20-07-2026,,,,,Waiting,,,,,,3.5,,,RD245,,,
,20-07-2026,,,,,Shift Change,,,,,,29.2,,,RD245,,,
,20-07-2026,,,,,Shift Change,,,,,,33.72,,,RD245,,,
,20-07-2026,,,,,Marching,,,,,,22.1,,,RD245,,,
,20-07-2026,,,,,LU Loading,,,,,,6.07,,,RD245,,,
,20-07-2026,,,,,Side Casting,,,,,,3.07,,,RD245,,,
,20-07-2026,,,,,LU Loading,,,,,,2.72,,,RD245,,,
,20-07-2026,,,,,Waiting,,,,,,3.48,,,RD228,,,
,20-07-2026,,,,,LU Loading,,,,,,4.07,,,RD228,,,
,20-07-2026,,,,,Waiting,,,,,,6.67,,,RD228,,,
,20-07-2026,,,,,Side Casting,,,,,,18.48,,,RD228,,,
,20-07-2026,,,,,LU Loading,,,,,,10.98,,,RD228,,,
,20-07-2026,,,,,LU Loading,,,,,,0.37,,,RD245,,,
,20-07-2026,,,,,Waiting,,,,,,0.92,,,RD228,,,
,20-07-2026,,,,,LU Loading,,,,,,0.15,,,RD228,,,
,20-07-2026,,,,,Waiting,,,,,,0.48,,,RD245,,,
,20-07-2026,,,,,LU Loading,,,,,,5.55,,,RD245,,,
,20-07-2026,,,,,LU Loading,,,,,,4.5,,,RD253,,,
,20-07-2026,,,,,Spotting,,,,,,0.35,,,RD233,,,
,20-07-2026,,,,,LU Loading,,,,,,3.92,,,RD233,,,
,20-07-2026,,,,,Waiting,,,,,,0.23,,,RD245,,,
,20-07-2026,,,,,LU Loading,,,,,,7.52,,,RD245,,,
,20-07-2026,,,,,LU Loading,,,,,,0.02,,,RD231,,,
,20-07-2026,,,,,Waiting,,,,,,0.02,,,RD231,,,
,20-07-2026,,,,,LU Loading,,,,,,4.02,,,RD231,,,
,20-07-2026,,,,,LU Loading,,,,,,4.33,,,RD253,,,
,20-07-2026,,,,,LU Loading,,,,,,5.02,,,RD233,,,
,20-07-2026,,,,,LU Loading,,,,,,4.17,,,RD231,,,
,20-07-2026,,,,,Spotting,,,,,,0.07,,,RD253,,,
,20-07-2026,,,,,LU Loading,,,,,,4.32,,,RD253,,,
,20-07-2026,,,,,LU Loading,,,,,,2.42,,,RD233,,,
,20-07-2026,,,,,LU Loading,,,,,,5.75,,,RD231,,,
,20-07-2026,,,,,LU Loading,,,,,,4.12,,,RD253,,,
,20-07-2026,,,,,LU Loading,,,,,,3.82,,,RD233,,,
,20-07-2026,,,,,Spotting,,,,,,0.15,,,RD231,,,
,20-07-2026,,,,,LU Loading,,,,,,4.38,,,RD231,,,
,20-07-2026,,,,,Waiting,,,,,,2.45,,,RD253,,,
,20-07-2026,,,,,LU Loading,,,,,,4.65,,,RD253,,,
,20-07-2026,,,,,LU Loading,,,,,,3.9,,,RD233,,,
,20-07-2026,,,,,LU Loading,,,,,,3.2,,,RD245,,,
,20-07-2026,,,,,Waiting,,,,,,0.22,,,RD231,,,
,20-07-2026,,,,,Spotting,,,,,,0.25,,,RD231,,,
,20-07-2026,,,,,LU Loading,,,,,,4.5,,,RD231,,,
,20-07-2026,,,,,LU Loading,,,,,,4.02,,,RD233,,,
,20-07-2026,,,,,LU Loading,,,,,,4.05,,,RD253,,,
,20-07-2026,,,,,Waiting,,,,,,0.37,,,RD231,,,
,20-07-2026,,,,,LU Loading,,,,,,3.65,,,RD231,,,
,20-07-2026,,,,,Waiting,,,,,,0.07,,,RD233,,,
,20-07-2026,,,,,LU Loading,,,,,,3.1,,,RD233,,,
,20-07-2026,,,,,Waiting,,,,,,0.72,,,RD253,,,
,20-07-2026,,,,,LU Loading,,,,,,3.32,,,RD253,,,
,20-07-2026,,,,,Waiting,,,,,,0.17,,,RD233,,,
,20-07-2026,,,,,Spotting,,,,,,0.48,,,RD233,,,
,20-07-2026,,,,,LU Loading,,,,,,4.73,,,RD233,,,
,20-07-2026,,,,,LU Loading,,,,,,3.77,,,RD231,,,
,20-07-2026,,,,,LU Loading,,,,,,3.22,,,RD253,,,
,20-07-2026,,,,,Waiting,,,,,,0.15,,,RD233,,,
,20-07-2026,,,,,LU Loading,,,,,,3.53,,,RD233,,,
,20-07-2026,,,,,LU Loading,,,,,,3.8,,,RD231,,,
,20-07-2026,,,,,LU Loading,,,,,,3.23,,,RD251,,,
,20-07-2026,,,,,Waiting,,,,,,0.05,,,RD253,,,
,20-07-2026,,,,,Spotting,,,,,,0.8,,,RD253,,,
,20-07-2026,,,,,LU Loading,,,,,,3.95,,,RD253,,,
,20-07-2026,,,,,Waiting,,,,,,0.15,,,RD233,,,
,20-07-2026,,,,,Spotting,,,,,,0.12,,,RD233,,,
,20-07-2026,,,,,LU Loading,,,,,,3.67,,,RD233,,,
,20-07-2026,,,,,LU Loading,,,,,,3.05,,,RD251,,,
,20-07-2026,,,,,Waiting,,,,,,3.03,,,RD233,,,
,20-07-2026,,,,,LU Loading,,,,,,4.42,,,RD233,,,
,20-07-2026,,,,,Waiting,,,,,,0.02,,,RD251,,,
,20-07-2026,,,,,LU Loading,,,,,,4.2,,,RD251,,,
,20-07-2026,,,,,Waiting,,,,,,1.55,,,RD233,,,
,20-07-2026,,,,,Spotting,,,,,,0.85,,,RD233,,,
,20-07-2026,,,,,LU Loading,,,,,,3.43,,,RD233,,,
,20-07-2026,,,,,Waiting,,,,,,0.48,,,RD251,,,
,20-07-2026,,,,,Spotting,,,,,,0.33,,,RD251,,,
,20-07-2026,,,,,LU Loading,,,,,,3.65,,,RD251,,,
,20-07-2026,,,,,Waiting,,,,,,4.18,,,RD233,,,
,20-07-2026,,,,,LU Loading,,,,,,3.08,,,RD233,,,
,20-07-2026,,,,,Waiting,,,,,,0.02,,,RD251,,,
,20-07-2026,,,,,LU Loading,,,,,,0.27,,,RD251,,,
,20-07-2026,,,,,LU Loading,,,,,,2.53,,,RD251,,,
,20-07-2026,,,,,Waiting,,,,,,5.6,,,RD251,,,
,20-07-2026,,,,,LU Loading,,,,,,2.68,,,RD251,,,
,20-07-2026,,,,,Spotting,,,,,,0.03,,,RD231,,,
,20-07-2026,,,,,LU Loading,,,,,,3.45,,,RD231,,,
,20-07-2026,,,,,Waiting,,,,,,2.07,,,RD251,,,
,20-07-2026,,,,,LU Loading,,,,,,2.68,,,RD251,,,
,20-07-2026,,,,,Waiting,,,,,,2.92,,,RD231,,,
,20-07-2026,,,,,LU Loading,,,,,,3,,,RD231,,,
,20-07-2026,,,,,Waiting,,,,,,1.43,,,RD251,,,
,20-07-2026,,,,,LU Loading,,,,,,4.13,,,RD251,,,
,20-07-2026,,,,,LU Loading,,,,,,2.97,,,RD233,,,
,20-07-2026,,,,,Spotting,,,,,,0.13,,,RD231,,,
,20-07-2026,,,,,LU Loading,,,,,,3.18,,,RD231,,,
,20-07-2026,,,,,Waiting,,,,,,0.07,,,RD251,,,
,20-07-2026,,,,,LU Loading,,,,,,2.83,,,RD251,,,
,20-07-2026,,,,,Spotting,,,,,,0.23,,,RD233,,,
,20-07-2026,,,,,LU Loading,,,,,,2.53,,,RD233,,,
,20-07-2026,,,,,LU Loading,,,,,,2.82,,,RD250,,,
,20-07-2026,,,,,LU Loading,,,,,,3.47,,,RD231,,,
,20-07-2026,,,,,LU Loading,,,,,,2.68,,,RD251,,,
,20-07-2026,,,,,LU Loading,,,,,,2.55,,,RD233,,,
,20-07-2026,,,,,Waiting,,,,,,1.37,,,RD250,,,
,20-07-2026,,,,,Spotting,,,,,,1.43,,,RD250,,,
,20-07-2026,,,,,LU Loading,,,,,,12.52,,,RD250,,,
,20-07-2026,,,,,Spotting,,,,,,0.02,,,RD231,,,
,20-07-2026,,,,,LU Loading,,,,,,4.37,,,RD231,,,
,20-07-2026,,,,,LU Loading,,,,,,3.85,,,RD251,,,
,20-07-2026,,,,,Spotting,,,,,,0.15,,,RD233,,,
,20-07-2026,,,,,LU Loading,,,,,,4.2,,,RD233,,,
,20-07-2026,,,,,Spotting,,,,,,0.27,,,RD250,,,
,20-07-2026,,,,,LU Loading,,,,,,3,,,RD250,,,
,20-07-2026,,,,,Waiting,,,,,,0.17,,,RD231,,,
,20-07-2026,,,,,Spotting,,,,,,0.22,,,RD231,,,
,20-07-2026,,,,,LU Loading,,,,,,4.17,,,RD231,,,
,20-07-2026,,,,,LU Loading,,,,,,5.28,,,RD251,,,
,20-07-2026,,,,,Waiting,,,,,,0.05,,,RD233,,,
,20-07-2026,,,,,Spotting,,,,,,0.2,,,RD233,,,
,20-07-2026,,,,,LU Loading,,,,,,3.57,,,RD233,,,
,20-07-2026,,,,,Waiting,,,,,,0.73,,,RD250,,,
,20-07-2026,,,,,LU Loading,,,,,,3.72,,,RD250,,,
,20-07-2026,,,,,LU Loading,,,,,,3.53,,,RD231,,,
,20-07-2026,,,,,LU Loading,,,,,,4.27,,,RD233,,,
,20-07-2026,,,,,Waiting,,,,,,0.97,,,RD250,,,
,20-07-2026,,,,,Spotting,,,,,,0.33,,,RD250,,,
,20-07-2026,,,,,LU Loading,,,,,,3.32,,,RD250,,,
,20-07-2026,,,,,Waiting,,,,,,0.13,,,RD231,,,
,20-07-2026,,,,,LU Loading,,,,,,4.27,,,RD231,,,
,20-07-2026,,,,,Spotting,,,,,,0.07,,,RD233,,,
,20-07-2026,,,,,LU Loading,,,,,,3.78,,,RD233,,,
,20-07-2026,,,,,Waiting,,,,,,0.13,,,RD250,,,
,20-07-2026,,,,,LU Loading,,,,,,5.8,,,RD250,,,
,20-07-2026,,,,,LU Loading,,,,,,0.08,,,RD233,,,
,20-07-2026,,,,,Waiting,,,,,,1.05,,,RD233,,,
,20-07-2026,,,,,LU Loading,,,,,,3.27,,,RD233,,,
,20-07-2026,,,,,Spotting,,,,,,0.7,,,RD231,,,
,20-07-2026,,,,,LU Loading,,,,,,4.9,,,RD231,,,
,20-07-2026,,,,,Waiting,,,,,,0.15,,,RD233,,,
,20-07-2026,,,,,LU Loading,,,,,,3.43,,,RD233,,,
,20-07-2026,,,,,Spotting,,,,,,0.33,,,RD250,,,
,20-07-2026,,,,,LU Loading,,,,,,3.25,,,RD250,,,
,20-07-2026,,,,,LU Loading,,,,,,4.85,,,RD231,,,
,20-07-2026,,,,,Spotting,,,,,,0.67,,,RD233,,,
,20-07-2026,,,,,LU Loading,,,,,,3.67,,,RD233,,,
,20-07-2026,,,,,LU Loading,,,,,,4.77,,,RD250,,,
,20-07-2026,,,,,LU Loading,,,,,,4.83,,,RD231,,,
,20-07-2026,,,,,Waiting,,,,,,5.65,,,RD236,,,
,20-07-2026,,,,,Shift Change,,,,,,27.78,,,RD236,,,
,20-07-2026,,,,,Shift Change,,,,,,39.33,,,RD236,,,
,20-07-2026,,,,,Waiting,,,,,,6.7,,,RD236,,,
,20-07-2026,,,,,Spotting,,,,,,0.13,,,RD236,,,
,20-07-2026,,,,,LU Loading,,,,,,3.1,,,RD236,,,
,20-07-2026,,,,,Waiting,,,,,,5.8,,,RD236,,,
,20-07-2026,,,,,Spotting,,,,,,0.12,,,RD236,,,
,20-07-2026,,,,,LU Loading,,,,,,3.45,,,RD236,,,
,20-07-2026,,,,,Waiting,,,,,,0.02,,,RD240,,,
,20-07-2026,,,,,LU Loading,,,,,,3.73,,,RD240,,,
,20-07-2026,,,,,Waiting,,,,,,0.37,,,RD245,,,
,20-07-2026,,,,,LU Loading,,,,,,3.62,,,RD245,,,
,20-07-2026,,,,,Waiting,,,,,,2.58,,,RD240,,,
,20-07-2026,,,,,LU Loading,,,,,,4.72,,,RD240,,,
,20-07-2026,,,,,LU Loading,,,,,,3.18,,,RD245,,,
,20-07-2026,,,,,Waiting,,,,,,1.57,,,RD233,,,
,20-07-2026,,,,,LU Loading,,,,,,2.67,,,RD233,,,
,20-07-2026,,,,,LU Loading,,,,,,2.68,,,RD240,,,
,20-07-2026,,,,,Waiting,,,,,,1.07,,,RD245,,,
,20-07-2026,,,,,Spotting,,,,,,0.13,,,RD245,,,
,20-07-2026,,,,,LU Loading,,,,,,2.9,,,RD245,,,
,20-07-2026,,,,,Waiting,,,,,,0.38,,,RD233,,,
,20-07-2026,,,,,LU Loading,,,,,,3.13,,,RD233,,,
,20-07-2026,,,,,LU Loading,,,,,,2.98,,,RD240,,,
,20-07-2026,,,,,Waiting,,,,,,0.35,,,RD249,,,
,20-07-2026,,,,,LU Loading,,,,,,2.63,,,RD249,,,
,20-07-2026,,,,,LU Loading,,,,,,2.63,,,RD245,,,
,20-07-2026,,,,,Spotting,,,,,,0.12,,,RD233,,,
,20-07-2026,,,,,LU Loading,,,,,,3.17,,,RD233,,,
,20-07-2026,,,,,Waiting,,,,,,0.3,,,RD240,,,
,20-07-2026,,,,,LU Loading,,,,,,3.37,,,RD240,,,
,20-07-2026,,,,,Waiting,,,,,,1.35,,,RD249,,,
,20-07-2026,,,,,LU Loading,,,,,,2.77,,,RD249,,,
,20-07-2026,,,,,LU Loading,,,,,,3.87,,,RD245,,,
,20-07-2026,,,,,LU Loading,,,,,,2.73,,,RD233,,,
,20-07-2026,,,,,Spotting,,,,,,0.55,,,RD240,,,
,20-07-2026,,,,,LU Loading,,,,,,3.25,,,RD240,,,
,21-07-2026,,,,,Waiting,,,,,,1.1,,,RD249,,,
,21-07-2026,,,,,LU Loading,,,,,,2.72,,,RD249,,,
,21-07-2026,,,,,LU Loading,,,,,,3.45,,,RD245,,,
,21-07-2026,,,,,LU Loading,,,,,,2.75,,,RD233,,,
,21-07-2026,,,,,Waiting,,,,,,0.02,,,RD240,,,
,21-07-2026,,,,,LU Loading,,,,,,2.62,,,RD240,,,
,21-07-2026,,,,,Spotting,,,,,,0.13,,,RD249,,,
,21-07-2026,,,,,LU Loading,,,,,,2.87,,,RD249,,,
,21-07-2026,,,,,LU Loading,,,,,,0.98,,,RD245,,,
,21-07-2026,,,,,Waiting,,,,,,2.18,,,RD233,,,
,21-07-2026,,,,,Spotting,,,,,,8.88,,,RD233,,,
,21-07-2026,,,,,LU Loading,,,,,,3.17,,,RD233,,,
,21-07-2026,,,,,LU Loading,,,,,,2.72,,,RD240,,,
,21-07-2026,,,,,Waiting,,,,,,1.2,,,RD240,,,
,21-07-2026,,,,,LU Loading,,,,,,5.03,,,RD240,,,
,21-07-2026,,,,,LU Loading,,,,,,2.25,,,RD233,,,
,21-07-2026,,,,,Waiting,,,,,,0.02,,,RD240,,,
,21-07-2026,,,,,LU Loading,,,,,,2.63,,,RD240,,,
,21-07-2026,,,,,LU Loading,,,,,,3.4,,,RD249,,,
,21-07-2026,,,,,LU Loading,,,,,,0.77,,,RD245,,,
,21-07-2026,,,,,LU Loading,,,,,,0.1,,,RD233,,,
,21-07-2026,,,,,LU Loading,,,,,,2.55,,,RD245,,,
,21-07-2026,,,,,LU Loading,,,,,,2.35,,,RD233,,,
,21-07-2026,,,,,Waiting,,,,,,0.17,,,RD240,,,
,21-07-2026,,,,,LU Loading,,,,,,2.68,,,RD240,,,
,21-07-2026,,,,,Waiting,,,,,,7.38,,,RD245,,,
,21-07-2026,,,,,Spotting,,,,,,1.57,,,RD245,,,
,21-07-2026,,,,,LU Loading,,,,,,3.88,,,RD245,,,
,21-07-2026,,,,,Waiting,,,,,,1.35,,,RD249,,,
,21-07-2026,,,,,LU Loading,,,,,,3.53,,,RD249,,,
,21-07-2026,,,,,Waiting,,,,,,0.7,,,RD245,,,
,21-07-2026,,,,,LU Loading,,,,,,7.72,,,RD245,,,
,21-07-2026,,,,,LU Loading,,,,,,7.8,,,RD249,,,
,21-07-2026,,,,,Waiting,,,,,,0.28,,,RD249,,,
,21-07-2026,,,,,LU Loading,,,,,,0.97,,,RD249,,,
,21-07-2026,,,,,Waiting,,,,,,0.58,,,RD245,,,
,21-07-2026,,,,,LU Loading,,,,,,1.47,,,RD245,,,
,21-07-2026,,,,,LU Loading,,,,,,0.1,,,RD233,,,
,21-07-2026,,,,,Waiting,,,,,,0.12,,,RD245,,,
,21-07-2026,,,,,LU Loading,,,,,,1.02,,,RD245,,,
,21-07-2026,,,,,Waiting,,,,,,0.52,,,RD245,,,
,21-07-2026,,,,,LU Loading,,,,,,3.63,,,RD245,,,
,21-07-2026,,,,,Waiting,,,,,,0.45,,,RD240,,,
,21-07-2026,,,,,LU Loading,,,,,,4.22,,,RD240,,,
,21-07-2026,,,,,Spotting,,,,,,0.22,,,RD233,,,
,21-07-2026,,,,,LU Loading,,,,,,3.17,,,RD233,,,
,21-07-2026,,,,,Waiting,,,,,,0.42,,,RD249,,,
,21-07-2026,,,,,LU Loading,,,,,,3.62,,,RD249,,,
,21-07-2026,,,,,Waiting,,,,,,0.72,,,RD245,,,
,21-07-2026,,,,,LU Loading,,,,,,4.32,,,RD245,,,
,21-07-2026,,,,,Waiting,,,,,,0.33,,,RD240,,,
,21-07-2026,,,,,LU Loading,,,,,,4.22,,,RD240,,,
,21-07-2026,,,,,LU Loading,,,,,,3.57,,,RD233,,,
,21-07-2026,,,,,Waiting,,,,,,0.08,,,RD249,,,
,21-07-2026,,,,,LU Loading,,,,,,4.97,,,RD249,,,
,21-07-2026,,,,,Waiting,,,,,,0.45,,,RD245,,,
,21-07-2026,,,,,LU Loading,,,,,,4.42,,,RD245,,,
,21-07-2026,,,,,Waiting,,,,,,0.35,,,RD240,,,
,21-07-2026,,,,,LU Loading,,,,,,4.4,,,RD240,,,
,21-07-2026,,,,,Waiting,,,,,,0.03,,,RD233,,,
,21-07-2026,,,,,Spotting,,,,,,0.22,,,RD233,,,
,21-07-2026,,,,,LU Loading,,,,,,4.02,,,RD233,,,
,21-07-2026,,,,,Waiting,,,,,,0.37,,,RD249,,,
,21-07-2026,,,,,LU Loading,,,,,,4.58,,,RD249,,,
,21-07-2026,,,,,Waiting,,,,,,0.68,,,RD245,,,
,21-07-2026,,,,,LU Loading,,,,,,4.33,,,RD245,,,
,21-07-2026,,,,,Waiting,,,,,,0.57,,,RD240,,,
,21-07-2026,,,,,LU Loading,,,,,,5.2,,,RD240,,,
,21-07-2026,,,,,Waiting,,,,,,5.37,,,RD233,,,
,21-07-2026,,,,,LU Loading,,,,,,8.83,,,RD233,,,
,21-07-2026,,,,,Waiting,,,,,,0.28,,,RD249,,,
,21-07-2026,,,,,LU Loading,,,,,,6.68,,,RD249,,,
,21-07-2026,,,,,Waiting,,,,,,0.05,,,RD245,,,
,21-07-2026,,,,,LU Loading,,,,,,7.6,,,RD245,,,
,21-07-2026,,,,,LU Loading,,,,,,4.88,,,RD240,,,
,21-07-2026,,,,,Waiting,,,,,,0.23,,,RD233,,,
,21-07-2026,,,,,LU Loading,,,,,,4.4,,,RD233,,,
,21-07-2026,,,,,Spotting,,,,,,0.98,,,RD249,,,
,21-07-2026,,,,,LU Loading,,,,,,10.42,,,RD249,,,
,21-07-2026,,,,,LU Loading,,,,,,0.6,,,RD240,,,
,21-07-2026,,,,,LU Loading,,,,,,3.73,,,RD245,,,
,21-07-2026,,,,,LU Loading,,,,,,5.03,,,RD240,,,
,21-07-2026,,,,,Waiting,,,,,,0.2,,,RD233,,,
,21-07-2026,,,,,LU Loading,,,,,,0.8,,,RD233,,,
,21-07-2026,,,,,LU Loading,,,,,,4.12,,,RD233,,,
,21-07-2026,,,,,LU Loading,,,,,,6.25,,,RD249,,,
,21-07-2026,,,,,Waiting,,,,,,0.02,,,RD245,,,
,21-07-2026,,,,,LU Loading,,,,,,4.37,,,RD245,,,
,21-07-2026,,,,,Spotting,,,,,,0.32,,,RD240,,,
,21-07-2026,,,,,LU Loading,,,,,,4.78,,,RD240,,,
,21-07-2026,,,,,Waiting,,,,,,3.5,,,RD249,,,
,21-07-2026,,,,,Spotting,,,,,,4.77,,,RD249,,,
,21-07-2026,,,,,LU Loading,,,,,,4.33,,,RD249,,,
,21-07-2026,,,,,LU Loading,,,,,,6.55,,,RD245,,,
,21-07-2026,,,,,Spotting,,,,,,1.87,,,RD240,,,
,21-07-2026,,,,,LU Loading,,,,,,3.37,,,RD240,,,
,21-07-2026,,,,,Waiting,,,,,,1,,,RD249,,,
,21-07-2026,,,,,Spotting,,,,,,0.68,,,RD249,,,
,21-07-2026,,,,,LU Loading,,,,,,3.03,,,RD249,,,
,21-07-2026,,,,,LU Loading,,,,,,4.65,,,RD245,,,
,21-07-2026,,,,,LU Loading,,,,,,3.5,,,RD240,,,
,21-07-2026,,,,,Waiting,,,,,,1.07,,,RD249,,,
,21-07-2026,,,,,Spotting,,,,,,0.27,,,RD249,,,
,21-07-2026,,,,,LU Loading,,,,,,3.6,,,RD249,,,
,21-07-2026,,,,,Waiting,,,,,,0.82,,,RD233,,,
,21-07-2026,,,,,LU Loading,,,,,,2.83,,,RD233,,,
,21-07-2026,,,,,Waiting,,,,,,0.75,,,RD240,,,
,21-07-2026,,,,,Spotting,,,,,,0.13,,,RD240,,,
,21-07-2026,,,,,LU Loading,,,,,,3.72,,,RD240,,,
,21-07-2026,,,,,Waiting,,,,,,1.13,,,RD245,,,
,21-07-2026,,,,,LU Loading,,,,,,3.85,,,RD245,,,
,21-07-2026,,,,,Waiting,,,,,,1.2,,,RD249,,,
,21-07-2026,,,,,LU Loading,,,,,,3.52,,,RD249,,,
,21-07-2026,,,,,LU Loading,,,,,,4.68,,,RD233,,,
,21-07-2026,,,,,Waiting,,,,,,0.8,,,RD240,,,
,21-07-2026,,,,,LU Loading,,,,,,2.58,,,RD240,,,
,21-07-2026,,,,,Waiting,,,,,,1.08,,,RD249,,,
,21-07-2026,,,,,LU Loading,,,,,,3.67,,,RD249,,,
,21-07-2026,,,,,Waiting,,,,,,1.02,,,RD245,,,
,21-07-2026,,,,,LU Loading,,,,,,2.63,,,RD245,,,
,21-07-2026,,,,,Waiting,,,,,,0.78,,,RD233,,,
,21-07-2026,,,,,LU Loading,,,,,,2.33,,,RD233,,,
,21-07-2026,,,,,Waiting,,,,,,0.67,,,RD240,,,
,21-07-2026,,,,,LU Loading,,,,,,2.62,,,RD240,,,
,21-07-2026,,,,,Waiting,,,,,,2.62,,,RD233,,,
,21-07-2026,,,,,Spotting,,,,,,0.35,,,RD233,,,
,21-07-2026,,,,,LU Loading,,,,,,2.93,,,RD233,,,
,21-07-2026,,,,,Waiting,,,,,,11.32,,,RD237,,,
,21-07-2026,,,,,Shift Change,,,,,,19.13,,,RD237,,,
,21-07-2026,,,,,,,,,,,,,,,,,
,Timestamp,,,,,Status Code,,Sub-Status Code,,,,"Duration
(min)",,,Hauling Unit,,,
,21-07-2026,,,,,Shift Change,,,,,,39.57,,,RD237,,,
,21-07-2026,,,,,Waiting,,,,,,1.53,,,RD237,,,
,21-07-2026,,,,, Down,,,,,,48.08,,,RD237,,,
,21-07-2026,,,,,Waiting,,,,,,4.85,,,RD237,,,
,21-07-2026,,,,,LU Loading,,,,,,4.77,,,RD237,,,
,21-07-2026,,,,,Waiting,,,,,,0.88,,,RD253,,,
,21-07-2026,,,,,LU Loading,,,,,,3.83,,,RD253,,,
,21-07-2026,,,,,Waiting,,,,,,0.77,,,RD246,,,
,21-07-2026,,,,,Spotting,,,,,,0.2,,,RD246,,,
,21-07-2026,,,,,LU Loading,,,,,,5.27,,,RD246,,,
,21-07-2026,,,,,Waiting,,,,,,1.08,,,RD242,,,
,21-07-2026,,,,,Spotting,,,,,,0.18,,,RD242,,,
,21-07-2026,,,,,LU Loading,,,,,,3.98,,,RD242,,,
,21-07-2026,,,,,Waiting,,,,,,0.7,,,RD237,,,
,21-07-2026,,,,,Spotting,,,,,,0.15,,,RD237,,,
,21-07-2026,,,,,LU Loading,,,,,,4.57,,,RD237,,,
,21-07-2026,,,,,Waiting,,,,,,0.7,,,RD253,,,
,21-07-2026,,,,,LU Loading,,,,,,3.62,,,RD253,,,
,21-07-2026,,,,,Waiting,,,,,,0.63,,,RD246,,,
,21-07-2026,,,,,Spotting,,,,,,0.17,,,RD246,,,
,21-07-2026,,,,,LU Loading,,,,,,3.7,,,RD246,,,
,21-07-2026,,,,,Waiting,,,,,,9.4,,,RD242,,,
,21-07-2026,,,,,LU Loading,,,,,,4.32,,,RD242,,,
,21-07-2026,,,,,Waiting,,,,,,9.87,,,RD246,,,
,21-07-2026,,,,,Spotting,,,,,,0.22,,,RD246,,,
,21-07-2026,,,,,LU Loading,,,,,,1.42,,,RD246,,,
,21-07-2026,,,,,Marching,,,,,,10.47,,,RD242,,,
,21-07-2026,,,,,LU Loading,,,,,,0.52,,,RD242,,,
,21-07-2026,,,,,Waiting,,,,,,0.45,,,RD253,,,
,21-07-2026,,,,,Marching,,,,,,0.83,,,RD253,,,
,21-07-2026,,,,,LU Loading,,,,,,1.43,,,RD253,,,
,21-07-2026,,,,,Marching,,,,,,0.68,,,RD229,,,
,21-07-2026,,,,,LU Loading,,,,,,1.72,,,RD229,,,
,21-07-2026,,,,,LU Loading,,,,,,0.83,,,RD253,,,
,21-07-2026,,,,,LU Loading,,,,,,0.13,,,RD229,,,
,21-07-2026,,,,,Marching,,,,,,4.43,,,RD249,,,
,21-07-2026,,,,,Side Casting,,,,,,0.33,,,RD249,,,
,21-07-2026,,,,,Tea/ Breakfast / Snacks,,,,,,0.22,,,RD249,,,
,21-07-2026,,,,,Fuel Filling,,,,,,7.62,,,RD249,,,
,21-07-2026,,,,,Side Casting,,,,,,15.58,,,RD249,,,
,21-07-2026,,,,,LU Loading,,,,,,6.72,,,RD249,,,
,21-07-2026,,,,,Waiting,,,,,,4.28,,,RD229,,,
,21-07-2026,,,,,LU Loading,,,,,,2.82,,,RD229,,,
,21-07-2026,,,,,Waiting,,,,,,9.23,,,RD227,,,
,21-07-2026,,,,,Spotting,,,,,,0.27,,,RD227,,,
,21-07-2026,,,,,LU Loading,,,,,,5.3,,,RD227,,,
,21-07-2026,,,,,LU Loading,,,,,,5.58,,,RD121,,,
,21-07-2026,,,,,LU Loading,,,,,,0.02,,,RD245,,,
,21-07-2026,,,,,Waiting,,,,,,0.02,,,RD245,,,
,21-07-2026,,,,,LU Loading,,,,,,2.38,,,RD245,,,
,21-07-2026,,,,,Waiting,,,,,,0.07,,,RD226,,,
,21-07-2026,,,,,LU Loading,,,,,,6.33,,,RD226,,,
,21-07-2026,,,,,Spotting,,,,,,0.48,,,RD141,,,
,21-07-2026,,,,,LU Loading,,,,,,5.25,,,RD141,,,
,21-07-2026,,,,,Spotting,,,,,,0.3,,,RD246,,,
,21-07-2026,,,,,LU Loading,,,,,,5.87,,,RD246,,,
,21-07-2026,,,,,LU Loading,,,,,,3.55,,,RD229,,,
,21-07-2026,,,,,Waiting,,,,,,0.72,,,RD231,,,
,21-07-2026,,,,,LU Loading,,,,,,3.12,,,RD231,,,
,21-07-2026,,,,,Waiting,,,,,,0.12,,,RD251,,,
,21-07-2026,,,,,LU Loading,,,,,,4.5,,,RD251,,,
,21-07-2026,,,,,LU Loading,,,,,,4.25,,,RD249,,,
,21-07-2026,,,,,Waiting,,,,,,0.08,,,RD121,,,
,21-07-2026,,,,,LU Loading,,,,,,4.73,,,RD121,,,
,21-07-2026,,,,,LU Loading,,,,,,3.13,,,RD227,,,
,21-07-2026,,,,,Waiting,,,,,,0.22,,,RD245,,,
,21-07-2026,,,,,LU Loading,,,,,,4.72,,,RD245,,,
,21-07-2026,,,,,Waiting,,,,,,0.43,,,RD228,,,
,21-07-2026,,,,,LU Loading,,,,,,3.68,,,RD228,,,
,21-07-2026,,,,,Waiting,,,,,,1.15,,,RD226,,,
,21-07-2026,,,,,LU Loading,,,,,,2.92,,,RD226,,,
,21-07-2026,,,,,Waiting,,,,,,0.27,,,RD141,,,
,21-07-2026,,,,,LU Loading,,,,,,2.5,,,RD141,,,
,21-07-2026,,,,,Waiting,,,,,,1.33,,,RD246,,,
,21-07-2026,,,,,LU Loading,,,,,,3.97,,,RD246,,,
,21-07-2026,,,,,Waiting,,,,,,2.28,,,RD248,,,
,21-07-2026,,,,,LU Loading,,,,,,3.23,,,RD248,,,
,21-07-2026,,,,,Waiting,,,,,,6.95,,,RD229,,,
,21-07-2026,,,,,LU Loading,,,,,,2.18,,,RD229,,,
,21-07-2026,,,,,Waiting,,,,,,0.5,,,RD231,,,
,21-07-2026,,,,,LU Loading,,,,,,2.5,,,RD231,,,
,21-07-2026,,,,,Waiting,,,,,,0.72,,,RD249,,,
,21-07-2026,,,,,LU Loading,,,,,,1.97,,,RD249,,,
,21-07-2026,,,,,Waiting,,,,,,0.47,,,RD251,,,
,21-07-2026,,,,,LU Loading,,,,,,2.57,,,RD251,,,
,21-07-2026,,,,,LU Loading,,,,,,2.77,,,RD121,,,
,21-07-2026,,,,,Waiting,,,,,,0.72,,,RD227,,,
,21-07-2026,,,,,LU Loading,,,,,,2.95,,,RD227,,,
,21-07-2026,,,,,Waiting,,,,,,0.25,,,RD228,,,
,21-07-2026,,,,,Spotting,,,,,,0.18,,,RD228,,,
,21-07-2026,,,,,LU Loading,,,,,,2.85,,,RD228,,,
,21-07-2026,,,,,Spotting,,,,,,0.77,,,RD245,,,
,21-07-2026,,,,,LU Loading,,,,,,2.83,,,RD245,,,
,21-07-2026,,,,,Waiting,,,,,,5.53,,,RD226,,,
,21-07-2026,,,,,LU Loading,,,,,,2.9,,,RD226,,,
,21-07-2026,,,,,Waiting,,,,,,0.9,,,RD248,,,
,21-07-2026,,,,,Spotting,,,,,,0.17,,,RD248,,,
,21-07-2026,,,,,LU Loading,,,,,,2.58,,,RD248,,,
,21-07-2026,,,,,Waiting,,,,,,0.47,,,RD229,,,
,21-07-2026,,,,,Spotting,,,,,,0.25,,,RD229,,,
,21-07-2026,,,,,LU Loading,,,,,,2.65,,,RD229,,,
,21-07-2026,,,,,Waiting,,,,,,0.75,,,RD141,,,
,21-07-2026,,,,,Spotting,,,,,,0.3,,,RD141,,,
,21-07-2026,,,,,LU Loading,,,,,,2.27,,,RD141,,,
,21-07-2026,,,,,Waiting,,,,,,1.32,,,RD249,,,
,21-07-2026,,,,,LU Loading,,,,,,2.32,,,RD249,,,
,21-07-2026,,,,,Waiting,,,,,,0.82,,,RD231,,,
,21-07-2026,,,,,Spotting,,,,,,0.13,,,RD231,,,
,21-07-2026,,,,,LU Loading,,,,,,2.27,,,RD231,,,
,21-07-2026,,,,,Waiting,,,,,,0.28,,,RD227,,,
,21-07-2026,,,,,Spotting,,,,,,0.28,,,RD227,,,
,21-07-2026,,,,,LU Loading,,,,,,2.5,,,RD227,,,
,21-07-2026,,,,,Waiting,,,,,,0.42,,,RD245,,,
,21-07-2026,,,,,LU Loading,,,,,,3.13,,,RD245,,,
,21-07-2026,,,,,Waiting,,,,,,0.58,,,RD226,,,
,21-07-2026,,,,,Spotting,,,,,,0.12,,,RD226,,,
,21-07-2026,,,,,LU Loading,,,,,,3.48,,,RD226,,,
,21-07-2026,,,,,Waiting,,,,,,0.65,,,RD248,,,
,21-07-2026,,,,,Spotting,,,,,,0.13,,,RD248,,,
,21-07-2026,,,,,LU Loading,,,,,,3.73,,,RD248,,,
,21-07-2026,,,,,Waiting,,,,,,0.6,,,RD249,,,
,21-07-2026,,,,,LU Loading,,,,,,2.27,,,RD249,,,
,21-07-2026,,,,,Waiting,,,,,,5.55,,,RD227,,,
,21-07-2026,,,,,LU Loading,,,,,,3.68,,,RD227,,,
,21-07-2026,,,,,Waiting,,,,,,0.82,,,RD141,,,
,21-07-2026,,,,,LU Loading,,,,,,2.28,,,RD141,,,
,21-07-2026,,,,,Waiting,,,,,,2.42,,,RD229,,,
,21-07-2026,,,,,LU Loading,,,,,,2.48,,,RD229,,,
,21-07-2026,,,,,Waiting,,,,,,0.25,,,RD231,,,
,21-07-2026,,,,,Spotting,,,,,,0.25,,,RD231,,,
,21-07-2026,,,,,LU Loading,,,,,,2.82,,,RD231,,,
,21-07-2026,,,,,LU Loading,,,,,,3.65,,,RD245,,,
,21-07-2026,,,,,Waiting,,,,,,0.62,,,RD249,,,
,21-07-2026,,,,,LU Loading,,,,,,3.07,,,RD249,,,
,21-07-2026,,,,,Waiting,,,,,,0.82,,,RD248,,,
,21-07-2026,,,,,LU Loading,,,,,,4.62,,,RD248,,,
,21-07-2026,,,,,LU Loading,,,,,,3.85,,,RD226,,,
,21-07-2026,,,,,Waiting,,,,,,0.43,,,RD227,,,
,21-07-2026,,,,,LU Loading,,,,,,2.87,,,RD227,,,
,21-07-2026,,,,,Waiting,,,,,,0.25,,,RD141,,,
,21-07-2026,,,,,LU Loading,,,,,,2.7,,,RD141,,,
,21-07-2026,,,,,Waiting,,,,,,2.23,,,RD249,,,
,21-07-2026,,,,,LU Loading,,,,,,2.45,,,RD249,,,
,21-07-2026,,,,,Waiting,,,,,,3.48,,,RD231,,,
,21-07-2026,,,,,LU Loading,,,,,,2.55,,,RD231,,,
,21-07-2026,,,,,Waiting,,,,,,6.63,,,RD233,,,
,21-07-2026,,,,,Marching,,,,,,13.48,,,RD233,,,
,21-07-2026,,,,,Shift Change,,,,,,25.27,,,RD233,,,
,21-07-2026,,,,,Shift Change,,,,,,36.03,,,RD233,,,
,21-07-2026,,,,,Marching,,,,,,14.02,,,RD233,,,
,21-07-2026,,,,,LU Loading,,,,,,3.92,,,RD233,,,
,21-07-2026,,,,,LU Loading,,,,,,4.32,,,RD242,,,
,21-07-2026,,,,,Waiting,,,,,,1.05,,,RD241,,,
,21-07-2026,,,,,LU Loading,,,,,,2.63,,,RD241,,,
,21-07-2026,,,,,LU Loading,,,,,,4.28,,,RD141,,,
,21-07-2026,,,,,Waiting,,,,,,1,,,RD226,,,
,21-07-2026,,,,,LU Loading,,,,,,3.17,,,RD226,,,
,21-07-2026,,,,,Waiting,,,,,,14.67,,,RD143,,,
,21-07-2026,,,,,LU Loading,,,,,,4.43,,,RD143,,,
,21-07-2026,,,,,LU Loading,,,,,,3.62,,,RD233,,,
,21-07-2026,,,,,Waiting,,,,,,8.05,,,RD234,,,
,21-07-2026,,,,,LU Loading,,,,,,5.78,,,RD234,,,
,21-07-2026,,,,,Waiting,,,,,,0.7,,,RD242,,,
,21-07-2026,,,,,LU Loading,,,,,,4.32,,,RD242,,,
,21-07-2026,,,,,Waiting,,,,,,0.77,,,RD244,,,
,21-07-2026,,,,,LU Loading,,,,,,3.48,,,RD244,,,
,21-07-2026,,,,,Waiting,,,,,,0.32,,,RD141,,,
,21-07-2026,,,,,LU Loading,,,,,,4.17,,,RD141,,,
,21-07-2026,,,,,Waiting,,,,,,0.62,,,RD226,,,
,21-07-2026,,,,,LU Loading,,,,,,3.95,,,RD226,,,
,21-07-2026,,,,,Waiting,,,,,,4.08,,,RD132,,,
,21-07-2026,,,,,Spotting,,,,,,0.47,,,RD132,,,
,21-07-2026,,,,,LU Loading,,,,,,6.85,,,RD132,,,
,21-07-2026,,,,,Spotting,,,,,,0.23,,,RD234,,,
,21-07-2026,,,,,LU Loading,,,,,,5.03,,,RD234,,,
,21-07-2026,,,,,Waiting,,,,,,0.28,,,RD242,,,
,21-07-2026,,,,,LU Loading,,,,,,4.8,,,RD242,,,
,21-07-2026,,,,,Waiting,,,,,,0.55,,,RD141,,,
,21-07-2026,,,,,LU Loading,,,,,,3.33,,,RD141,,,
,21-07-2026,,,,,Waiting,,,,,,0.92,,,RD244,,,
,21-07-2026,,,,,LU Loading,,,,,,4.17,,,RD244,,,
,21-07-2026,,,,,Waiting,,,,,,0.5,,,RD226,,,
,21-07-2026,,,,,Spotting,,,,,,0.97,,,RD226,,,
,21-07-2026,,,,,LU Loading,,,,,,2.78,,,RD226,,,
,21-07-2026,,,,,Spotting,,,,,,1.68,,,RD233,,,
,21-07-2026,,,,,LU Loading,,,,,,3.28,,,RD233,,,
,21-07-2026,,,,,Waiting,,,,,,1.4,,,RD132,,,
,21-07-2026,,,,,LU Loading,,,,,,2.98,,,RD132,,,
,21-07-2026,,,,,Waiting,,,,,,0.63,,,RD242,,,
,21-07-2026,,,,,LU Loading,,,,,,5.9,,,RD242,,,
,21-07-2026,,,,,Waiting,,,,,,0.43,,,RD234,,,
,21-07-2026,,,,,LU Loading,,,,,,4.08,,,RD234,,,
,21-07-2026,,,,,Waiting,,,,,,0.87,,,RD141,,,
,21-07-2026,,,,,LU Loading,,,,,,8.83,,,RD141,,,
,21-07-2026,,,,,Waiting,,,,,,3.37,,,RD226,,,
,21-07-2026,,,,,LU Loading,,,,,,3.12,,,RD226,,,
,21-07-2026,,,,,Waiting,,,,,,0.48,,,RD242,,,
,21-07-2026,,,,,LU Loading,,,,,,4.83,,,RD242,,,
,21-07-2026,,,,,Waiting,,,,,,0.4,,,RD233,,,
,21-07-2026,,,,,Spotting,,,,,,0.92,,,RD233,,,
,21-07-2026,,,,,LU Loading,,,,,,3.6,,,RD233,,,
,21-07-2026,,,,,Waiting,,,,,,5.98,,,RD121,,,
,21-07-2026,,,,,Spotting,,,,,,0.25,,,RD121,,,
,21-07-2026,,,,,LU Loading,,,,,,4.12,,,RD121,,,
,21-07-2026,,,,,Waiting,,,,,,6.27,,,RD141,,,
,21-07-2026,,,,,LU Loading,,,,,,8.48,,,RD141,,,
,21-07-2026,,,,,Spotting,,,,,,0.3,,,RD234,,,
,21-07-2026,,,,,LU Loading,,,,,,4.73,,,RD234,,,
,21-07-2026,,,,,LU Loading,,,,,,4.77,,,RD242,,,
,21-07-2026,,,,,LU Loading,,,,,,4.57,,,RD226,,,
,21-07-2026,,,,,LU Loading,,,,,,5.93,,,RD233,,,
,21-07-2026,,,,,Waiting,,,,,,1.03,,,RD121,,,
,21-07-2026,,,,,LU Loading,,,,,,3.73,,,RD121,,,
,21-07-2026,,,,,Waiting,,,,,,5.05,,,RD239,,,
,21-07-2026,,,,,LU Loading,,,,,,3.47,,,RD239,,,
,21-07-2026,,,,,Waiting,,,,,,0.45,,,RD234,,,
,21-07-2026,,,,,LU Loading,,,,,,8.73,,,RD234,,,
,21-07-2026,,,,,Waiting,,,,,,2.22,,,RD226,,,
,21-07-2026,,,,,LU Loading,,,,,,2.8,,,RD226,,,
,21-07-2026,,,,,LU Loading,,,,,,4.78,,,RD233,,,
,21-07-2026,,,,,Waiting,,,,,,1.38,,,RD141,,,
,21-07-2026,,,,,Spotting,,,,,,0.35,,,RD141,,,
,21-07-2026,,,,,LU Loading,,,,,,3.2,,,RD141,,,
,21-07-2026,,,,,Waiting,,,,,,2.15,,,RD121,,,
,21-07-2026,,,,,LU Loading,,,,,,3.12,,,RD121,,,
,21-07-2026,,,,,Waiting,,,,,,0.42,,,RD242,,,
,21-07-2026,,,,,LU Loading,,,,,,4.68,,,RD242,,,
,21-07-2026,,,,,Waiting,,,,,,2.13,,,RD126,,,
,21-07-2026,,,,,LU Loading,,,,,,7.25,,,RD126,,,
,21-07-2026,,,,,Waiting,,,,,,11.32,,,RD239,,,
,21-07-2026,,,,,LU Loading,,,,,,4.32,,,RD239,,,
,21-07-2026,,,,,LU Loading,,,,,,3.15,,,RD234,,,
,21-07-2026,,,,,Waiting,,,,,,0.42,,,RD226,,,
,21-07-2026,,,,,LU Loading,,,,,,3.73,,,RD226,,,
,21-07-2026,,,,,LU Loading,,,,,,4.63,,,RD233,,,
,21-07-2026,,,,,Waiting,,,,,,0.63,,,RD141,,,
,21-07-2026,,,,,Spotting,,,,,,0.22,,,RD141,,,
,21-07-2026,,,,,LU Loading,,,,,,4.25,,,RD141,,,
,21-07-2026,,,,,Waiting,,,,,,1.28,,,RD242,,,
,21-07-2026,,,,,LU Loading,,,,,,5.02,,,RD242,,,
,21-07-2026,,,,,Waiting,,,,,,0.88,,,RD121,,,
,21-07-2026,,,,,LU Loading,,,,,,3.6,,,RD121,,,
,21-07-2026,,,,,Waiting,,,,,,0.72,,,RD126,,,
,21-07-2026,,,,,LU Loading,,,,,,2.42,,,RD126,,,
,21-07-2026,,,,,Waiting,,,,,,1.18,,,RD239,,,
,21-07-2026,,,,,Spotting,,,,,,0.2,,,RD239,,,
,21-07-2026,,,,,LU Loading,,,,,,4.52,,,RD239,,,
,21-07-2026,,,,,Waiting,,,,,,0.53,,,RD234,,,
,21-07-2026,,,,,LU Loading,,,,,,2.97,,,RD234,,,
,21-07-2026,,,,,Waiting,,,,,,0.55,,,RD226,,,
,21-07-2026,,,,,LU Loading,,,,,,4.3,,,RD226,,,
,21-07-2026,,,,,Waiting,,,,,,0.07,,,RD233,,,
,21-07-2026,,,,,Spotting,,,,,,0.38,,,RD233,,,
,21-07-2026,,,,,LU Loading,,,,,,3.83,,,RD233,,,
,21-07-2026,,,,,Waiting,,,,,,0.55,,,RD141,,,
,21-07-2026,,,,,Spotting,,,,,,0.23,,,RD141,,,
,21-07-2026,,,,,LU Loading,,,,,,4.4,,,RD141,,,
,21-07-2026,,,,,Waiting,,,,,,9.12,,,RD242,,,
,21-07-2026,,,,,LU Loading,,,,,,4.68,,,RD242,,,
,21-07-2026,,,,,Waiting,,,,,,7.48,,,RD234,,,
,21-07-2026,,,,,LU Loading,,,,,,2.35,,,RD234,,,
,21-07-2026,,,,,Waiting,,,,,,0.48,,,RD239,,,
,21-07-2026,,,,,Spotting,,,,,,0.17,,,RD239,,,
,21-07-2026,,,,,LU Loading,,,,,,3.55,,,RD239,,,
,21-07-2026,,,,,Waiting,,,,,,1.83,,,RD126,,,
,21-07-2026,,,,,Spotting,,,,,,0.33,,,RD126,,,
,21-07-2026,,,,,LU Loading,,,,,,3.27,,,RD126,,,
,21-07-2026,,,,,Waiting,,,,,,1.83,,,RD226,,,
,21-07-2026,,,,,LU Loading,,,,,,2.73,,,RD226,,,
,21-07-2026,,,,,Waiting,,,,,,0.02,,,RD233,,,
,21-07-2026,,,,,LU Loading,,,,,,2.7,,,RD233,,,
,21-07-2026,,,,,Waiting,,,,,,0.32,,,RD141,,,
,21-07-2026,,,,,LU Loading,,,,,,2.78,,,RD141,,,
,21-07-2026,,,,,Waiting,,,,,,1.02,,,RD242,,,
,21-07-2026,,,,,LU Loading,,,,,,3.57,,,RD242,,,
,21-07-2026,,,,,Waiting,,,,,,2.28,,,RD239,,,
,21-07-2026,,,,,Spotting,,,,,,0.15,,,RD239,,,
,21-07-2026,,,,,LU Loading,,,,,,3.53,,,RD239,,,
,21-07-2026,,,,,Waiting,,,,,,0.48,,,RD234,,,
,21-07-2026,,,,,LU Loading,,,,,,2.58,,,RD234,,,
,21-07-2026,,,,,Waiting,,,,,,8.65,,,RD231,,,
,21-07-2026,,,,,LU Loading,,,,,,3.37,,,RD231,,,
,21-07-2026,,,,,Waiting,,,,,,6.07,,,RD252,,,
,21-07-2026,,,,,LU Loading,,,,,,2.83,,,RD252,,,
,21-07-2026,,,,,Waiting,,,,,,0.15,,,RD242,,,
,21-07-2026,,,,,LU Loading,,,,,,2.97,,,RD242,,,
,21-07-2026,,,,,Waiting,,,,,,0.1,,,RD234,,,
,21-07-2026,,,,,LU Loading,,,,,,3.13,,,RD234,,,
,21-07-2026,,,,,Waiting,,,,,,1.47,,,RD240,,,
,21-07-2026,,,,,LU Loading,,,,,,3.23,,,RD240,,,
,21-07-2026,,,,,Waiting,,,,,,1.07,,,RD232,,,
,21-07-2026,,,,,LU Loading,,,,,,3.3,,,RD232,,,
,21-07-2026,,,,,Waiting,,,,,,6.68,,,RD231,,,
,21-07-2026,,,,,Waiting,,,,,,2.33,,,RD231,,,
,21-07-2026,,,,,Spotting,,,,,,0.22,,,RD231,,,
,21-07-2026,,,,,LU Loading,,,,,,3.72,,,RD231,,,
,21-07-2026,,,,,Waiting,,,,,,0.08,,,RD252,,,
,21-07-2026,,,,,LU Loading,,,,,,2.9,,,RD252,,,
,21-07-2026,,,,,Waiting,,,,,,0.13,,,RD242,,,
,21-07-2026,,,,,LU Loading,,,,,,2.45,,,RD242,,,
,21-07-2026,,,,,Waiting,,,,,,0.12,,,RD234,,,
,21-07-2026,,,,,LU Loading,,,,,,3.42,,,RD234,,,
,21-07-2026,,,,,Waiting,,,,,,0.33,,,RD240,,,
,21-07-2026,,,,,LU Loading,,,,,,4.45,,,RD240,,,
,21-07-2026,,,,,Spotting,,,,,,0.05,,,RD232,,,
,21-07-2026,,,,,LU Loading,,,,,,3.08,,,RD232,,,
,21-07-2026,,,,,Waiting,,,,,,8.08,,,RD227,,,
,21-07-2026,,,,,LU Loading,,,,,,4.37,,,RD227,,,
,21-07-2026,,,,,Waiting,,,,,,8.9,,,RD226,,,
,21-07-2026,,,,,Spotting,,,,,,0.23,,,RD226,,,
,21-07-2026,,,,,LU Loading,,,,,,3.98,,,RD226,,,
,21-07-2026,,,,,Waiting,,,,,,0.38,,,RD251,,,
,21-07-2026,,,,,Spotting,,,,,,0.22,,,RD251,,,
,21-07-2026,,,,,LU Loading,,,,,,3.45,,,RD251,,,
,21-07-2026,,,,,Waiting,,,,,,1.23,,,RD253,,,
,21-07-2026,,,,,LU Loading,,,,,,1.98,,,RD253,,,
,21-07-2026,,,,,Waiting,,,,,,1.1,,,RD241,,,
,21-07-2026,,,,,Spotting,,,,,,0.73,,,RD241,,,
,21-07-2026,,,,,LU Loading,,,,,,2.18,,,RD241,,,
,21-07-2026,,,,,Waiting,,,,,,0.87,,,RD232,,,
,21-07-2026,,,,,Spotting,,,,,,0.7,,,RD232,,,
,21-07-2026,,,,,LU Loading,,,,,,2.68,,,RD232,,,
,21-07-2026,,,,,Spotting,,,,,,0.38,,,RD227,,,
,21-07-2026,,,,,LU Loading,,,,,,2.22,,,RD227,,,
,21-07-2026,,,,,Waiting,,,,,,0.02,,,RD242,,,
,21-07-2026,,,,,LU Loading,,,,,,3.25,,,RD242,,,
,21-07-2026,,,,,Waiting,,,,,,0.82,,,RD237,,,
,21-07-2026,,,,,LU Loading,,,,,,2.2,,,RD237,,,
,21-07-2026,,,,,Waiting,,,,,,5.15,,,RD251,,,
,21-07-2026,,,,,Spotting,,,,,,0.18,,,RD251,,,
,21-07-2026,,,,,LU Loading,,,,,,3.25,,,RD251,,,
,21-07-2026,,,,,Waiting,,,,,,1.02,,,RD253,,,
,21-07-2026,,,,,LU Loading,,,,,,2.7,,,RD253,,,
,21-07-2026,,,,,Waiting,,,,,,0.75,,,RD226,,,
,21-07-2026,,,,,LU Loading,,,,,,2.82,,,RD226,,,
,21-07-2026,,,,,Waiting,,,,,,3.05,,,RD241,,,
,21-07-2026,,,,,LU Loading,,,,,,3.58,,,RD241,,,
,21-07-2026,,,,,Spotting,,,,,,0.05,,,RD232,,,
,21-07-2026,,,,,LU Loading,,,,,,4.43,,,RD232,,,
,21-07-2026,,,,,Waiting,,,,,,0.2,,,RD227,,,
,21-07-2026,,,,,LU Loading,,,,,,3.5,,,RD227,,,
,21-07-2026,,,,,Waiting,,,,,,0.12,,,RD242,,,
,21-07-2026,,,,,LU Loading,,,,,,2.43,,,RD242,,,
,21-07-2026,,,,,Waiting,,,,,,0.53,,,RD237,,,
,21-07-2026,,,,,LU Loading,,,,,,2.55,,,RD237,,,
,21-07-2026,,,,,Waiting,,,,,,1.18,,,RD251,,,
,21-07-2026,,,,,LU Loading,,,,,,2.85,,,RD251,,,
,21-07-2026,,,,,Waiting,,,,,,1.22,,,RD253,,,
,21-07-2026,,,,,LU Loading,,,,,,4.03,,,RD253,,,
,21-07-2026,,,,,Waiting,,,,,,1.6,,,RD226,,,
,22-07-2026,,,,,LU Loading,,,,,,3.65,,,RD226,,,
,22-07-2026,,,,,Waiting,,,,,,1.45,,,RD241,,,
,22-07-2026,,,,,LU Loading,,,,,,2.58,,,RD241,,,
,22-07-2026,,,,,Waiting,,,,,,0.72,,,RD232,,,
,22-07-2026,,,,,Spotting,,,,,,0.45,,,RD232,,,
,22-07-2026,,,,,LU Loading,,,,,,2.55,,,RD232,,,
,22-07-2026,,,,,Waiting,,,,,,7.08,,,RD227,,,
,22-07-2026,,,,,LU Loading,,,,,,2.55,,,RD227,,,
,22-07-2026,,,,,Waiting,,,,,,0.35,,,RD242,,,
,22-07-2026,,,,,LU Loading,,,,,,2.48,,,RD242,,,
,22-07-2026,,,,,Waiting,,,,,,9.75,,,RD237,,,
,22-07-2026,,,,,LU Loading,,,,,,2.28,,,RD237,,,
,22-07-2026,,,,,Spotting,,,,,,0.9,,,RD251,,,
,22-07-2026,,,,,LU Loading,,,,,,2.42,,,RD251,,,
,22-07-2026,,,,,LU Loading,,,,,,2.98,,,RD253,,,
,22-07-2026,,,,,Waiting,,,,,,0.75,,,RD226,,,
,22-07-2026,,,,,LU Loading,,,,,,0.08,,,RD226,,,
,22-07-2026,,,,,LU Loading,,,,,,2.18,,,RD226,,,
,22-07-2026,,,,,Waiting,,,,,,0.93,,,RD232,,,
,22-07-2026,,,,,Spotting,,,,,,0.17,,,RD232,,,
,22-07-2026,,,,,LU Loading,,,,,,2.15,,,RD232,,,
,22-07-2026,,,,,Waiting,,,,,,1.12,,,RD241,,,
,22-07-2026,,,,,LU Loading,,,,,,2.33,,,RD241,,,
,22-07-2026,,,,,Waiting,,,,,,8.48,,,RD242,,,
,22-07-2026,,,,,Spotting,,,,,,0.13,,,RD242,,,
,22-07-2026,,,,,LU Loading,,,,,,3,,,RD242,,,
,22-07-2026,,,,,Waiting,,,,,,0.57,,,RD237,,,
,22-07-2026,,,,,Spotting,,,,,,0.13,,,RD237,,,
,22-07-2026,,,,,LU Loading,,,,,,3.33,,,RD237,,,
,22-07-2026,,,,,Waiting,,,,,,0.4,,,RD227,,,
,22-07-2026,,,,,Spotting,,,,,,0.1,,,RD227,,,
,22-07-2026,,,,,LU Loading,,,,,,3.05,,,RD227,,,
,22-07-2026,,,,,Waiting,,,,,,0.5,,,RD251,,,
,22-07-2026,,,,,LU Loading,,,,,,3.68,,,RD251,,,
,22-07-2026,,,,,Waiting,,,,,,0.37,,,RD226,,,
,22-07-2026,,,,,LU Loading,,,,,,3.6,,,RD226,,,
,22-07-2026,,,,,Waiting,,,,,,0.88,,,RD232,,,
,22-07-2026,,,,,Spotting,,,,,,0.12,,,RD232,,,
,22-07-2026,,,,,LU Loading,,,,,,3.12,,,RD232,,,
,22-07-2026,,,,,Waiting,,,,,,15.93,,,RD241,,,
,22-07-2026,,,,,LU Loading,,,,,,2.85,,,RD241,,,
,22-07-2026,,,,,Waiting,,,,,,0.92,,,RD237,,,
,22-07-2026,,,,,LU Loading,,,,,,2.77,,,RD237,,,
,22-07-2026,,,,,Waiting,,,,,,3.35,,,RD251,,,
,22-07-2026,,,,,Spotting,,,,,,0.27,,,RD251,,,
,22-07-2026,,,,,LU Loading,,,,,,2.83,,,RD251,,,
,22-07-2026,,,,,Waiting,,,,,,0.13,,,RD242,,,
,22-07-2026,,,,,Spotting,,,,,,0.17,,,RD242,,,
,22-07-2026,,,,,LU Loading,,,,,,2.47,,,RD242,,,
,22-07-2026,,,,,Waiting,,,,,,0.93,,,RD226,,,
,22-07-2026,,,,,LU Loading,,,,,,3.47,,,RD226,,,
,22-07-2026,,,,,Waiting,,,,,,0.78,,,RD227,,,
,22-07-2026,,,,,Spotting,,,,,,0.4,,,RD227,,,
,22-07-2026,,,,,LU Loading,,,,,,5.67,,,RD227,,,
,22-07-2026,,,,,Waiting,,,,,,0.02,,,RD253,,,
,22-07-2026,,,,,LU Loading,,,,,,6.08,,,RD253,,,
,22-07-2026,,,,,Waiting,,,,,,9.62,,,RD232,,,
,22-07-2026,,,,,LU Loading,,,,,,5.72,,,RD232,,,
,22-07-2026,,,,,LU Loading,,,,,,4.57,,,RD241,,,
,22-07-2026,,,,,Waiting,,,,,,0.65,,,RD242,,,
,22-07-2026,,,,,LU Loading,,,,,,3.3,,,RD242,,,
,22-07-2026,,,,,Waiting,,,,,,0.27,,,RD226,,,
,22-07-2026,,,,,Spotting,,,,,,0.57,,,RD226,,,
,22-07-2026,,,,,LU Loading,,,,,,3.52,,,RD226,,,
,22-07-2026,,,,,LU Loading,,,,,,4.23,,,RD237,,,
,22-07-2026,,,,,LU Loading,,,,,,5.78,,,RD227,,,
,22-07-2026,,,,,Waiting,,,,,,3.18,,,RD253,,,
,22-07-2026,,,,,LU Loading,,,,,,4.58,,,RD253,,,
,22-07-2026,,,,,Waiting,,,,,,9.25,,,RD232,,,
,22-07-2026,,,,,LU Loading,,,,,,5.32,,,RD232,,,
,22-07-2026,,,,,LU Loading,,,,,,3.93,,,RD242,,,
,22-07-2026,,,,,Waiting,,,,,,1.73,,,RD251,,,
,22-07-2026,,,,,LU Loading,,,,,,3.15,,,RD251,,,
,22-07-2026,,,,,Waiting,,,,,,0.42,,,RD241,,,
,22-07-2026,,,,,LU Loading,,,,,,3.7,,,RD241,,,
,22-07-2026,,,,,Waiting,,,,,,0.28,,,RD237,,,
,22-07-2026,,,,,LU Loading,,,,,,4.67,,,RD237,,,
,22-07-2026,,,,,Waiting,,,,,,0.32,,,RD227,,,
,22-07-2026,,,,,LU Loading,,,,,,5.02,,,RD227,,,
,22-07-2026,,,,,Waiting,,,,,,0.17,,,RD253,,,
,22-07-2026,,,,,LU Loading,,,,,,4.92,,,RD253,,,
,22-07-2026,,,,,Waiting,,,,,,0.67,,,RD226,,,
,22-07-2026,,,,,LU Loading,,,,,,4.48,,,RD226,,,
,22-07-2026,,,,,Waiting,,,,,,0.32,,,RD232,,,
,22-07-2026,,,,,LU Loading,,,,,,4.87,,,RD232,,,
,22-07-2026,,,,,Waiting,,,,,,1.8,,,RD242,,,
,22-07-2026,,,,,LU Loading,,,,,,3.67,,,RD242,,,
,22-07-2026,,,,,Waiting,,,,,,8.22,,,RD251,,,
,22-07-2026,,,,,LU Loading,,,,,,1.7,,,RD251,,,
,22-07-2026,,,,,Waiting,,,,,,1,,,RD251,,,
,22-07-2026,,,,,LU Loading,,,,,,0.52,,,RD251,,,
,22-07-2026,,,,,LU Loading,,,,,,4.68,,,RD241,,,
,22-07-2026,,,,,Spotting,,,,,,1.05,,,RD237,,,
,22-07-2026,,,,,LU Loading,,,,,,5.2,,,RD237,,,
,22-07-2026,,,,,Waiting,,,,,,0.67,,,RD227,,,
,22-07-2026,,,,,LU Loading,,,,,,4.37,,,RD227,,,
,22-07-2026,,,,,Waiting,,,,,,0.43,,,RD253,,,
,22-07-2026,,,,,LU Loading,,,,,,6.3,,,RD253,,,
,22-07-2026,,,,,Waiting,,,,,,10.63,,,RD226,,,
,22-07-2026,,,,,LU Loading,,,,,,3.95,,,RD226,,,
,22-07-2026,,,,,LU Loading,,,,,,0.22,,,RD232,,,
,22-07-2026,,,,,Waiting,,,,,,5.05,,,RD242,,,
,22-07-2026,,,,,Spotting,,,,,,0.92,,,RD242,,,
,22-07-2026,,,,,LU Loading,,,,,,3.43,,,RD242,,,
,22-07-2026,,,,,Waiting,,,,,,1.73,,,RD251,,,
,22-07-2026,,,,,LU Loading,,,,,,2.23,,,RD251,,,
,22-07-2026,,,,,Waiting,,,,,,2.35,,,RD237,,,
,22-07-2026,,,,,LU Loading,,,,,,3.95,,,RD237,,,
,22-07-2026,,,,,Waiting,,,,,,0.6,,,RD241,,,
,22-07-2026,,,,,LU Loading,,,,,,3.75,,,RD241,,,
,22-07-2026,,,,,LU Loading,,,,,,6.88,,,RD227,,,
,22-07-2026,,,,,Waiting,,,,,,1.52,,,RD253,,,
,22-07-2026,,,,,LU Loading,,,,,,3.03,,,RD253,,,
,22-07-2026,,,,,Waiting,,,,,,0.28,,,RD226,,,
,22-07-2026,,,,,LU Loading,,,,,,3,,,RD226,,,
,22-07-2026,,,,,Spotting,,,,,,0.18,,,RD245,,,
,22-07-2026,,,,,LU Loading,,,,,,4.65,,,RD245,,,
,22-07-2026,,,,,Waiting,,,,,,0.18,,,RD252,,,
,22-07-2026,,,,,LU Loading,,,,,,3.25,,,RD252,,,
,22-07-2026,,,,,Waiting,,,,,,9.58,,,RD245,,,
,22-07-2026,,,,,Shift Change,,,,,,16.95,,,RD245,,,
,22-07-2026,,,,,,,,,,,,,,,,,
,Timestamp,,,,,Status Code,,Sub-Status Code,,,,"Duration
(min)",,,Hauling Unit,,,
,22-07-2026,,,,,Shift Change,,,,,,13.4,,,RD245,,,
,22-07-2026,,,,,Daily Service,,,,,,43.95,,,RD245,,,
,22-07-2026,,,,,Waiting,,,,,,7.47,,,RD245,,,
,22-07-2026,,,,,LU Loading,,,,,,6.62,,,RD245,,,
,22-07-2026,,,,,Waiting,,,,,,4.75,,,RD228,,,
,22-07-2026,,,,,Spotting,,,,,,1.25,,,RD228,,,
,22-07-2026,,,,,LU Loading,,,,,,5.43,,,RD228,,,
,22-07-2026,,,,,Waiting,,,,,,0.48,,,RD230,,,
,22-07-2026,,,,,LU Loading,,,,,,5.78,,,RD230,,,
,22-07-2026,,,,,Waiting,,,,,,3.98,,,RD229,,,
,22-07-2026,,,,,LU Loading,,,,,,5.5,,,RD229,,,
,22-07-2026,,,,,Waiting,,,,,,7.25,,,RD226,,,
,22-07-2026,,,,,LU Loading,,,,,,5.05,,,RD226,,,
,22-07-2026,,,,,Waiting,,,,,,2.83,,,RD228,,,
,22-07-2026,,,,,LU Loading,,,,,,5.32,,,RD228,,,
,22-07-2026,,,,,Waiting,,,,,,3.08,,,RD245,,,
,22-07-2026,,,,,LU Loading,,,,,,5.4,,,RD245,,,
,22-07-2026,,,,,Spotting,,,,,,0.18,,,RD230,,,
,22-07-2026,,,,,LU Loading,,,,,,4.52,,,RD230,,,
,22-07-2026,,,,,Waiting,,,,,,2.82,,,RD226,,,
,22-07-2026,,,,,LU Loading,,,,,,25.53,,,RD226,,,
,22-07-2026,,,,,Waiting,,,,,,3.9,,,RD227,,,
,22-07-2026,,,,,LU Loading,,,,,,0.53,,,RD227,,,
,22-07-2026,,,,,Waiting,,,,,,1.38,,,RD227,,,
,22-07-2026,,,,,LU Loading,,,,,,3.22,,,RD227,,,
,22-07-2026,,,,,Waiting,,,,,,0.57,,,RD229,,,
,22-07-2026,,,,,LU Loading,,,,,,5.42,,,RD229,,,
,22-07-2026,,,,,Waiting,,,,,,2.15,,,RD228,,,
,22-07-2026,,,,,LU Loading,,,,,,6.85,,,RD228,,,
,22-07-2026,,,,,Waiting,,,,,,0.8,,,RD245,,,
,22-07-2026,,,,,LU Loading,,,,,,8.47,,,RD245,,,
,22-07-2026,,,,,Waiting,,,,,,0.6,,,RD230,,,
,22-07-2026,,,,,Spotting,,,,,,4.6,,,RD230,,,
,22-07-2026,,,,,LU Loading,,,,,,5.95,,,RD230,,,
,22-07-2026,,,,,Waiting,,,,,,4.6,,,RD227,,,
,22-07-2026,,,,,Spotting,,,,,,0.48,,,RD227,,,
,22-07-2026,,,,,LU Loading,,,,,,4.15,,,RD227,,,
,22-07-2026,,,,,Waiting,,,,,,0.25,,,RD237,,,
,22-07-2026,,,,,LU Loading,,,,,,4.82,,,RD237,,,
,22-07-2026,,,,,Waiting,,,,,,0.28,,,RD248,,,
,22-07-2026,,,,,LU Loading,,,,,,3.38,,,RD248,,,
,22-07-2026,,,,,Waiting,,,,,,21.4,,,RD226,,,
,22-07-2026,,,,,LU Loading,,,,,,5.88,,,RD226,,,
,22-07-2026,,,,,Waiting,,,,,,0.15,,,RD237,,,
,22-07-2026,,,,,Spotting,,,,,,0.27,,,RD237,,,
,22-07-2026,,,,,LU Loading,,,,,,15.88,,,RD237,,,
,22-07-2026,,,,,LU Loading,,,,,,11.77,,,RD243,,,
,22-07-2026,,,,,Waiting,,,,,,13.17,,,RD245,,,
,22-07-2026,,,,,LU Loading,,,,,,4.03,,,RD245,,,
,22-07-2026,,,,,Waiting,,,,,,0.73,,,RD226,,,
,22-07-2026,,,,,LU Loading,,,,,,3.53,,,RD226,,,
,22-07-2026,,,,,Waiting,,,,,,0.8,,,RD230,,,
,22-07-2026,,,,,LU Loading,,,,,,4.42,,,RD230,,,
,22-07-2026,,,,,Waiting,,,,,,1.83,,,RD228,,,
,22-07-2026,,,,,LU Loading,,,,,,4.9,,,RD228,,,
,22-07-2026,,,,,Waiting,,,,,,13.33,,,RD245,,,
,22-07-2026,,,,,LU Loading,,,,,,3.72,,,RD245,,,
,22-07-2026,,,,,Waiting,,,,,,0.4,,,RD227,,,
,22-07-2026,,,,,LU Loading,,,,,,4.65,,,RD227,,,
,22-07-2026,,,,,Waiting,,,,,,0.13,,,RD230,,,
,22-07-2026,,,,,Spotting,,,,,,0.77,,,RD230,,,
,22-07-2026,,,,,LU Loading,,,,,,10.47,,,RD230,,,
,22-07-2026,,,,,Waiting,,,,,,1.53,,,RD226,,,
,22-07-2026,,,,,LU Loading,,,,,,4,,,RD226,,,
,22-07-2026,,,,,Waiting,,,,,,1.53,,,RD228,,,
,22-07-2026,,,,,Spotting,,,,,,0.35,,,RD228,,,
,22-07-2026,,,,,LU Loading,,,,,,4.48,,,RD228,,,
,22-07-2026,,,,,Waiting,,,,,,1.62,,,RD245,,,
,22-07-2026,,,,,LU Loading,,,,,,3.67,,,RD245,,,
,22-07-2026,,,,,Waiting,,,,,,2.12,,,RD227,,,
,22-07-2026,,,,,Toilet Break,,,,,,5.65,,,RD227,,,
,22-07-2026,,,,,LU Loading,,,,,,7.17,,,RD227,,,
,22-07-2026,,,,,Waiting,,,,,,0.55,,,RD230,,,
,22-07-2026,,,,,LU Loading,,,,,,4.68,,,RD230,,,
,22-07-2026,,,,,Waiting,,,,,,6.15,,,RD245,,,
,22-07-2026,,,,,LU Loading,,,,,,5.2,,,RD245,,,
,22-07-2026,,,,,Waiting,,,,,,7.75,,,RD227,,,
,22-07-2026,,,,,LU Loading,,,,,,4.23,,,RD227,,,
,22-07-2026,,,,,Waiting,,,,,,2.07,,,RD226,,,
,22-07-2026,,,,,LU Loading,,,,,,3.45,,,RD226,,,
,22-07-2026,,,,,Waiting,,,,,,0.43,,,RD230,,,
,22-07-2026,,,,,LU Loading,,,,,,3.58,,,RD230,,,
,22-07-2026,,,,,Waiting,,,,,,8.12,,,RD228,,,
,22-07-2026,,,,,LU Loading,,,,,,2.75,,,RD228,,,
,22-07-2026,,,,,Waiting,,,,,,1.23,,,RD237,,,
,22-07-2026,,,,,Marching,,,,,,23.42,,,RD237,,,
,22-07-2026,,,,,Shift Change,,,,,,29.03,,,RD237,,,
,22-07-2026,,,,,Shift Change,,,,,,129.42,,,RD237,,,
,22-07-2026,,,,,Marching,,,,,,37.37,,,RD237,,,
,22-07-2026,,,,,LU Loading,,,,,,2.48,,,RD237,,,
,22-07-2026,,,,,Waiting,,,,,,7.93,,,RD231,,,
,22-07-2026,,,,,Spotting,,,,,,0.23,,,RD231,,,
,22-07-2026,,,,,LU Loading,,,,,,3.72,,,RD231,,,
,22-07-2026,,,,,Waiting,,,,,,7.42,,,RD237,,,
,22-07-2026,,,,,LU Loading,,,,,,2.22,,,RD237,,,
,22-07-2026,,,,,Waiting,,,,,,12.82,,,RD231,,,
,22-07-2026,,,,,LU Loading,,,,,,2.92,,,RD231,,,
,22-07-2026,,,,,Waiting,,,,,,0.37,,,RD234,,,
,22-07-2026,,,,,LU Loading,,,,,,2.72,,,RD234,,,
,22-07-2026,,,,,Waiting,,,,,,0.18,,,RD241,,,
,22-07-2026,,,,,LU Loading,,,,,,4.3,,,RD241,,,
,22-07-2026,,,,,Waiting,,,,,,1.97,,,RD237,,,
,22-07-2026,,,,,LU Loading,,,,,,4.58,,,RD237,,,
,22-07-2026,,,,,Waiting,,,,,,9.22,,,RD231,,,
,22-07-2026,,,,,Spotting,,,,,,0.78,,,RD231,,,
,22-07-2026,,,,,LU Loading,,,,,,4.77,,,RD231,,,
,22-07-2026,,,,,Waiting,,,,,,0.23,,,RD234,,,
,22-07-2026,,,,,LU Loading,,,,,,6,,,RD234,,,
,22-07-2026,,,,,Waiting,,,,,,0.8,,,RD241,,,
,22-07-2026,,,,,Spotting,,,,,,0.63,,,RD241,,,
,22-07-2026,,,,,LU Loading,,,,,,4.08,,,RD241,,,
,22-07-2026,,,,,Waiting,,,,,,1.8,,,RD237,,,
,22-07-2026,,,,,LU Loading,,,,,,3.27,,,RD237,,,
,22-07-2026,,,,,Waiting,,,,,,40.05,,,RD234,,,
,22-07-2026,,,,,Tea/ Breakfast / Snacks,,,,,,45.1,,,RD234,,,
,22-07-2026,,,,,LU Loading,,,,,,3.8,,,RD234,,,
,22-07-2026,,,,,Waiting,,,,,,0.35,,,RD237,,,
,22-07-2026,,,,,LU Loading,,,,,,4.48,,,RD237,,,
,22-07-2026,,,,,Spotting,,,,,,0.1,,,RD241,,,
,22-07-2026,,,,,LU Loading,,,,,,6.88,,,RD241,,,
,22-07-2026,,,,,Waiting,,,,,,1.33,,,RD231,,,
,22-07-2026,,,,,LU Loading,,,,,,3.62,,,RD231,,,
,22-07-2026,,,,,Waiting,,,,,,5.82,,,RD234,,,
,22-07-2026,,,,,LU Loading,,,,,,2.22,,,RD234,,,
,22-07-2026,,,,,Waiting,,,,,,2.52,,,RD237,,,
,22-07-2026,,,,,LU Loading,,,,,,2.47,,,RD237,,,
,22-07-2026,,,,,Waiting,,,,,,6.08,,,RD241,,,
,22-07-2026,,,,,LU Loading,,,,,,2.65,,,RD241,,,
,22-07-2026,,,,,Waiting,,,,,,4.6,,,RD231,,,
,22-07-2026,,,,,LU Loading,,,,,,5.83,,,RD231,,,
,22-07-2026,,,,,Waiting,,,,,,3.42,,,RD234,,,
,22-07-2026,,,,,Spotting,,,,,,0.83,,,RD234,,,
,22-07-2026,,,,,LU Loading,,,,,,3.22,,,RD234,,,
,22-07-2026,,,,,Waiting,,,,,,1.8,,,RD237,,,
,22-07-2026,,,,,LU Loading,,,,,,3.1,,,RD237,,,
,22-07-2026,,,,,Waiting,,,,,,18.02,,,RD241,,,
,22-07-2026,,,,,LU Loading,,,,,,3.02,,,RD241,,,
,22-07-2026,,,,,Waiting,,,,,,32.57,,,RD233,,,
,22-07-2026,,,,,Shift Change,,,,,,23.92,,,RD233,,,
,22-07-2026,,,,,Shift Change,,,,,,48.95,,,RD233,,,
,22-07-2026,,,,,Marching,,,,,,15.67,,,RD233,,,
,22-07-2026,,,,,Side Casting,,,,,,23.63,,,RD233,,,
,22-07-2026,,,,,LU Loading,,,,,,2.77,,,RD233,,,
,22-07-2026,,,,,Waiting,,,,,,0.4,,,RD239,,,
,22-07-2026,,,,,Marching,,,,,,46.45,,,RD239,,,
,23-07-2026,,,,,Side Casting,,,,,,258.97,,,RD239,,,
,23-07-2026,,,,,LU Loading,,,,,,1.52,,,RD239,,,
,23-07-2026,,,,,Spotting,,,,,,0.2,,,RD239,,,
,23-07-2026,,,,,LU Loading,,,,,,0.48,,,RD239,,,
,23-07-2026,,,,,Waiting,,,,,,9.5,,,RD141,,,
,23-07-2026,,,,,LU Loading,,,,,,2.48,,,RD141,,,
,23-07-2026,,,,,Waiting,,,,,,1.52,,,RD243,,,
,23-07-2026,,,,,LU Loading,,,,,,2.53,,,RD243,,,
,23-07-2026,,,,,Waiting,,,,,,1.18,,,RD239,,,
,23-07-2026,,,,,LU Loading,,,,,,2.58,,,RD239,,,
,23-07-2026,,,,,Waiting,,,,,,4.47,,,RD228,,,
,23-07-2026,,,,,LU Loading,,,,,,2.43,,,RD228,,,
,23-07-2026,,,,,Waiting,,,,,,0.52,,,RD243,,,
,23-07-2026,,,,,LU Loading,,,,,,2.38,,,RD243,,,
,23-07-2026,,,,,Waiting,,,,,,0.93,,,RD141,,,
,23-07-2026,,,,,Spotting,,,,,,0.27,,,RD141,,,
,23-07-2026,,,,,LU Loading,,,,,,3.08,,,RD141,,,
,23-07-2026,,,,,Waiting,,,,,,2.88,,,RD239,,,
,23-07-2026,,,,,LU Loading,,,,,,2.93,,,RD239,,,
,23-07-2026,,,,,Waiting,,,,,,0.57,,,RD228,,,
,23-07-2026,,,,,LU Loading,,,,,,2.87,,,RD228,,,
,23-07-2026,,,,,Waiting,,,,,,16.47,,,RD243,,,
,23-07-2026,,,,,Shift Change,,,,,,21.37,,,RD243,,,
,23-07-2026,,,,,,,,,,,,,,,,,
,Timestamp,,,,,Status Code,,Sub-Status Code,,,,"Duration
(min)",,,Hauling Unit,,,
,23-07-2026,,,,,Shift Change,,,,,,23.75,,,RD243,,,
,23-07-2026,,,,, Down,,,,,,0.12,,,RD243,,,
,23-07-2026,,,,,Daily Service,,,,,,56.98,,,RD243,,,
,23-07-2026,,,,,Waiting,,,,,,0.35,,,RD243,,,
,23-07-2026,,,,,LU Loading,,,,,,0.87,,,RD243,,,
,23-07-2026,,,,,Waiting,,,,,,0.42,,,RD248,,,
,23-07-2026,,,,,Spotting,,,,,,0.33,,,RD248,,,
,23-07-2026,,,,,LU Loading,,,,,,3.82,,,RD248,,,
,23-07-2026,,,,,Waiting,,,,,,13.67,,,RD249,,,
,23-07-2026,,,,,LU Loading,,,,,,3.7,,,RD249,,,
,23-07-2026,,,,,LU Loading,,,,,,3.12,,,RD243,,,
,23-07-2026,,,,,Spotting,,,,,,0.67,,,RD248,,,
,23-07-2026,,,,,LU Loading,,,,,,2.72,,,RD248,,,
,23-07-2026,,,,,Waiting,,,,,,3.35,,,RD249,,,
,23-07-2026,,,,,LU Loading,,,,,,3.32,,,RD249,,,
,23-07-2026,,,,,Spotting,,,,,,0.38,,,RD243,,,
,23-07-2026,,,,,LU Loading,,,,,,2.15,,,RD243,,,
,23-07-2026,,,,,Waiting,,,,,,4.1,,,RD248,,,
,23-07-2026,,,,,LU Loading,,,,,,2.75,,,RD248,,,
,23-07-2026,,,,,Waiting,,,,,,1.77,,,RD249,,,
,23-07-2026,,,,,LU Loading,,,,,,7.83,,,RD249,,,
,23-07-2026,,,,,Waiting,,,,,,2.4,,,RD243,,,
,23-07-2026,,,,,Fuel Filling,,,,,,3.47,,,RD243,,,
,23-07-2026,,,,,LU Loading,,,,,,3.53,,,RD243,,,
,23-07-2026,,,,,LU Loading,,,,,,3.27,,,RD248,,,
,23-07-2026,,,,,LU Loading,,,,,,2.52,,,RD246,,,
,23-07-2026,,,,,Waiting,,,,,,1.08,,,RD249,,,
,23-07-2026,,,,,LU Loading,,,,,,2.6,,,RD249,,,
,23-07-2026,,,,,Waiting,,,,,,1.92,,,RD231,,,
,23-07-2026,,,,,LU Loading,,,,,,3.02,,,RD231,,,
,23-07-2026,,,,,LU Loading,,,,,,3.25,,,RD243,,,
,23-07-2026,,,,,LU Loading,,,,,,3.17,,,RD248,,,
,23-07-2026,,,,,Waiting,,,,,,1.47,,,RD236,,,
,23-07-2026,,,,,LU Loading,,,,,,2.25,,,RD236,,,
,23-07-2026,,,,,Waiting,,,,,,0.93,,,RD249,,,
,23-07-2026,,,,,LU Loading,,,,,,2.6,,,RD249,,,
,23-07-2026,,,,,Waiting,,,,,,0.85,,,RD231,,,
,23-07-2026,,,,,LU Loading,,,,,,2.68,,,RD231,,,
,23-07-2026,,,,,Waiting,,,,,,0.93,,,RD243,,,
,23-07-2026,,,,,LU Loading,,,,,,2.77,,,RD243,,,
,23-07-2026,,,,,Waiting,,,,,,0.85,,,RD248,,,
,23-07-2026,,,,,LU Loading,,,,,,3.25,,,RD248,,,
,23-07-2026,,,,,Waiting,,,,,,1.53,,,RD249,,,
,23-07-2026,,,,,LU Loading,,,,,,3.73,,,RD249,,,
,23-07-2026,,,,,Waiting,,,,,,0.58,,,RD231,,,
,23-07-2026,,,,,LU Loading,,,,,,3.12,,,RD231,,,
,23-07-2026,,,,,Waiting,,,,,,3.82,,,RD248,,,
,23-07-2026,,,,,LU Loading,,,,,,5.12,,,RD248,,,
,23-07-2026,,,,,Waiting,,,,,,2.8,,,RD231,,,
,23-07-2026,,,,,LU Loading,,,,,,6.25,,,RD231,,,
,23-07-2026,,,,,Waiting,,,,,,4.07,,,RD248,,,
,23-07-2026,,,,,LU Loading,,,,,,3.07,,,RD248,,,
,23-07-2026,,,,,Waiting,,,,,,4.12,,,RD236,,,
,23-07-2026,,,,,LU Loading,,,,,,2.35,,,RD236,,,
,23-07-2026,,,,,Waiting,,,,,,0.87,,,RD231,,,
,23-07-2026,,,,,LU Loading,,,,,,2.52,,,RD231,,,
,23-07-2026,,,,,Waiting,,,,,,0.78,,,RD243,,,
,23-07-2026,,,,,LU Loading,,,,,,3.38,,,RD243,,,
,23-07-2026,,,,,LU Loading,,,,,,2.78,,,RD248,,,
,23-07-2026,,,,,Waiting,,,,,,5.63,,,RD231,,,
,23-07-2026,,,,,Spotting,,,,,,0.4,,,RD231,,,
,23-07-2026,,,,,LU Loading,,,,,,2.97,,,RD231,,,
,23-07-2026,,,,,LU Loading,,,,,,2.2,,,RD243,,,
,23-07-2026,,,,,LU Loading,,,,,,4.38,,,RD249,,,
,23-07-2026,,,,,Waiting,,,,,,5.73,,,RD231,,,
,23-07-2026,,,,,LU Loading,,,,,,3.53,,,RD231,,,
,23-07-2026,,,,,LU Loading,,,,,,3.03,,,RD243,,,
,23-07-2026,,,,,LU Loading,,,,,,4.02,,,RD249,,,
,23-07-2026,,,,,Waiting,,,,,,3.75,,,RD231,,,
,23-07-2026,,,,,Spotting,,,,,,0.32,,,RD231,,,
,23-07-2026,,,,,LU Loading,,,,,,3.2,,,RD231,,,
,23-07-2026,,,,,LU Loading,,,,,,2.87,,,RD243,,,
,23-07-2026,,,,,Waiting,,,,,,2.72,,,RD249,,,
,23-07-2026,,,,,LU Loading,,,,,,3.72,,,RD249,,,
,23-07-2026,,,,,Waiting,,,,,,0.45,,,RD248,,,
,23-07-2026,,,,,Spotting,,,,,,0.4,,,RD248,,,
,23-07-2026,,,,,LU Loading,,,,,,3.7,,,RD248,,,
,23-07-2026,,,,,Spotting,,,,,,0.13,,,RD231,,,
,23-07-2026,,,,,LU Loading,,,,,,3.85,,,RD231,,,
,23-07-2026,,,,,LU Loading,,,,,,3.15,,,RD243,,,
,23-07-2026,,,,,Waiting,,,,,,4.37,,,RD249,,,
,23-07-2026,,,,,Spotting,,,,,,0.9,,,RD249,,,
,23-07-2026,,,,,LU Loading,,,,,,4.22,,,RD249,,,
,23-07-2026,,,,,Waiting,,,,,,1.73,,,RD248,,,
,23-07-2026,,,,,LU Loading,,,,,,10.57,,,RD248,,,
,23-07-2026,,,,,Waiting,,,,,,1.23,,,RD231,,,
,23-07-2026,,,,,Spotting,,,,,,0.2,,,RD231,,,
,23-07-2026,,,,,LU Loading,,,,,,5.47,,,RD231,,,
,23-07-2026,,,,,Waiting,,,,,,0.62,,,RD243,,,
,23-07-2026,,,,,Spotting,,,,,,0.63,,,RD243,,,
,23-07-2026,,,,,LU Loading,,,,,,3.48,,,RD243,,,
,23-07-2026,,,,,Waiting,,,,,,1.43,,,RD249,,,
,23-07-2026,,,,,Spotting,,,,,,0.33,,,RD249,,,
,23-07-2026,,,,,LU Loading,,,,,,3.08,,,RD249,,,
,23-07-2026,,,,,LU Loading,,,,,,4.85,,,RD248,,,
,23-07-2026,,,,,Waiting,,,,,,1.1,,,RD237,,,
,23-07-2026,,,,, Down,,,,,,43.28,,,RD237,,,
,23-07-2026,,,,,Waiting,,,,,,1.37,,,RD237,,,
,23-07-2026,,,,,LU Loading,,,,,,2.5,,,RD237,,,
,23-07-2026,,,,,Waiting,,,,,,1.28,,,RD248,,,
,23-07-2026,,,,,Spotting,,,,,,0.1,,,RD248,,,
,23-07-2026,,,,,LU Loading,,,,,,4.43,,,RD248,,,
,23-07-2026,,,,,Waiting,,,,,,0.57,,,RD251,,,
,23-07-2026,,,,,LU Loading,,,,,,1.47,,,RD251,,,
,23-07-2026,,,,,Waiting,,,,,,3.77,,,RD243,,,
,23-07-2026,,,,,LU Loading,,,,,,3.38,,,RD243,,,
,23-07-2026,,,,,Waiting,,,,,,0.8,,,RD237,,,
,23-07-2026,,,,,LU Loading,,,,,,3.9,,,RD237,,,
,23-07-2026,,,,,Waiting,,,,,,0.85,,,RD248,,,
,23-07-2026,,,,,Spotting,,,,,,0.48,,,RD248,,,
,23-07-2026,,,,,LU Loading,,,,,,3.13,,,RD248,,,
,23-07-2026,,,,,Waiting,,,,,,0.68,,,RD251,,,
,23-07-2026,,,,,LU Loading,,,,,,3.45,,,RD251,,,
,23-07-2026,,,,,Waiting,,,,,,0.55,,,RD243,,,
,23-07-2026,,,,,LU Loading,,,,,,3.53,,,RD243,,,
,23-07-2026,,,,,Waiting,,,,,,0.7,,,RD237,,,
,23-07-2026,,,,,LU Loading,,,,,,4,,,RD237,,,
,23-07-2026,,,,,Waiting,,,,,,0.77,,,RD248,,,
,23-07-2026,,,,,LU Loading,,,,,,3.57,,,RD248,,,
,23-07-2026,,,,,Waiting,,,,,,0.68,,,RD251,,,
,23-07-2026,,,,,LU Loading,,,,,,3.27,,,RD251,,,
,23-07-2026,,,,,Waiting,,,,,,0.52,,,RD243,,,
,23-07-2026,,,,,LU Loading,,,,,,3.53,,,RD243,,,
,23-07-2026,,,,,Waiting,,,,,,6.23,,,RD242,,,
,23-07-2026,,,,,LU Loading,,,,,,1.92,,,RD242,,,
,23-07-2026,,,,,Waiting,,,,,,11,,,RD233,,,
,23-07-2026,,,,,Shift Change,,,,,,24.08,,,RD233,,,
,23-07-2026,,,,,Shift Change,,,,,,50.5,,,RD233,,,
,23-07-2026,,,,,Marching,,,,,,80.4,,,RD233,,,
,23-07-2026,,,,,Waiting,,,,,,0.47,,,RD233,,,
,23-07-2026,,,,,Spotting,,,,,,0.32,,,RD233,,,
,23-07-2026,,,,,LU Loading,,,,,,2.83,,,RD233,,,
,23-07-2026,,,,,Waiting,,,,,,1.2,,,RD226,,,
,23-07-2026,,,,,LU Loading,,,,,,2.83,,,RD226,,,
,23-07-2026,,,,,Waiting,,,,,,1.18,,,RD234,,,
,23-07-2026,,,,,LU Loading,,,,,,3.25,,,RD234,,,
,23-07-2026,,,,,Waiting,,,,,,4.57,,,RD132,,,
,23-07-2026,,,,,LU Loading,,,,,,3.7,,,RD132,,,
,23-07-2026,,,,,Waiting,,,,,,7.25,,,RD246,,,
,23-07-2026,,,,,LU Loading,,,,,,3.77,,,RD246,,,
,23-07-2026,,,,,Waiting,,,,,,6.52,,,RD126,,,
,23-07-2026,,,,,LU Loading,,,,,,3.08,,,RD126,,,
,23-07-2026,,,,,Waiting,,,,,,13.75,,,RD234,,,
,23-07-2026,,,,,LU Loading,,,,,,2.82,,,RD234,,,
,23-07-2026,,,,,Waiting,,,,,,1.25,,,RD132,,,
,23-07-2026,,,,,LU Loading,,,,,,3.3,,,RD132,,,
,23-07-2026,,,,,Waiting,,,,,,7.95,,,RD233,,,
,23-07-2026,,,,,LU Loading,,,,,,1.85,,,RD233,,,
,23-07-2026,,,,,Waiting,,,,,,0.8,,,RD226,,,
,23-07-2026,,,,,Spotting,,,,,,0.42,,,RD226,,,
,23-07-2026,,,,,LU Loading,,,,,,1.8,,,RD226,,,
,23-07-2026,,,,,Waiting,,,,,,23.02,,,RD246,,,
,23-07-2026,,,,,LU Loading,,,,,,2,,,RD246,,,
,23-07-2026,,,,,Waiting,,,,,,1.18,,,RD230,,,
,23-07-2026,,,,,LU Loading,,,,,,2,,,RD230,,,
,23-07-2026,,,,,Waiting,,,,,,4.62,,,RD126,,,
,23-07-2026,,,,,LU Loading,,,,,,2.08,,,RD126,,,
,23-07-2026,,,,,Waiting,,,,,,13.43,,,RD233,,,
,23-07-2026,,,,,LU Loading,,,,,,2.45,,,RD233,,,
,23-07-2026,,,,,Waiting,,,,,,7.7,,,RD132,,,
,23-07-2026,,,,,LU Loading,,,,,,1.63,,,RD132,,,
,23-07-2026,,,,,Waiting,,,,,,9.32,,,RD226,,,
,23-07-2026,,,,,LU Loading,,,,,,1.88,,,RD226,,,
,23-07-2026,,,,,LU Loading,,,,,,1.9,,,RD230,,,
,23-07-2026,,,,,Waiting,,,,,,39.45,,,RD233,,,
,23-07-2026,,,,,LU Loading,,,,,,3.05,,,RD233,,,
,23-07-2026,,,,,Waiting,,,,,,0.93,,,RD234,,,
,23-07-2026,,,,,LU Loading,,,,,,2.63,,,RD234,,,
,23-07-2026,,,,,Waiting,,,,,,0.77,,,RD226,,,
,23-07-2026,,,,,LU Loading,,,,,,2.1,,,RD226,,,
,23-07-2026,,,,,Waiting,,,,,,8.52,,,RD246,,,
,23-07-2026,,,,,LU Loading,,,,,,2.67,,,RD246,,,
,23-07-2026,,,,,LU Loading,,,,,,0.02,,,RD230,,,
,23-07-2026,,,,,Waiting,,,,,,7.67,,,RD132,,,
,23-07-2026,,,,,LU Loading,,,,,,2.62,,,RD132,,,
,23-07-2026,,,,,Waiting,,,,,,4.17,,,RD234,,,
,23-07-2026,,,,,LU Loading,,,,,,2.65,,,RD234,,,
,23-07-2026,,,,,Waiting,,,,,,3.55,,,RD226,,,
,23-07-2026,,,,,LU Loading,,,,,,3.08,,,RD226,,,
,23-07-2026,,,,,Waiting,,,,,,1.3,,,RD244,,,
,23-07-2026,,,,,LU Loading,,,,,,2.2,,,RD244,,,
,23-07-2026,,,,,Waiting,,,,,,0.98,,,RD233,,,
,23-07-2026,,,,,LU Loading,,,,,,3.05,,,RD233,,,
,23-07-2026,,,,,Waiting,,,,,,8.72,,,RD230,,,
,23-07-2026,,,,,Spotting,,,,,,0.17,,,RD230,,,
,23-07-2026,,,,,LU Loading,,,,,,6.2,,,RD230,,,
,23-07-2026,,,,,Waiting,,,,,,3.47,,,RD249,,,
,23-07-2026,,,,,LU Loading,,,,,,0.43,,,RD249,,,
,23-07-2026,,,,,Waiting,,,,,,0.73,,,RD246,,,
,23-07-2026,,,,,Spotting,,,,,,0.13,,,RD246,,,
,23-07-2026,,,,,LU Loading,,,,,,3.83,,,RD246,,,
,23-07-2026,,,,,Waiting,,,,,,0.9,,,RD132,,,
,23-07-2026,,,,,Spotting,,,,,,0.5,,,RD132,,,
,23-07-2026,,,,,LU Loading,,,,,,2.9,,,RD132,,,
,23-07-2026,,,,,Waiting,,,,,,5.57,,,RD226,,,
,23-07-2026,,,,,LU Loading,,,,,,3.88,,,RD226,,,
,23-07-2026,,,,,Waiting,,,,,,0.8,,,RD244,,,
,23-07-2026,,,,,LU Loading,,,,,,3.47,,,RD244,,,
,23-07-2026,,,,,Waiting,,,,,,1.02,,,RD233,,,
,23-07-2026,,,,,LU Loading,,,,,,4.48,,,RD233,,,
,23-07-2026,,,,,Waiting,,,,,,0.6,,,RD249,,,
,23-07-2026,,,,,Spotting,,,,,,0.43,,,RD249,,,
,23-07-2026,,,,,LU Loading,,,,,,3.78,,,RD249,,,
,23-07-2026,,,,,Waiting,,,,,,2.92,,,RD230,,,
,23-07-2026,,,,,LU Loading,,,,,,2.97,,,RD230,,,
,23-07-2026,,,,,Waiting,,,,,,2.45,,,RD246,,,
,23-07-2026,,,,,LU Loading,,,,,,3.53,,,RD246,,,
,23-07-2026,,,,,Waiting,,,,,,5.23,,,RD226,,,
,23-07-2026,,,,,LU Loading,,,,,,4.2,,,RD226,,,
,23-07-2026,,,,,LU Loading,,,,,,0.35,,,RD234,,,
,23-07-2026,,,,,Spotting,,,,,,0.27,,,RD132,,,
,23-07-2026,,,,,LU Loading,,,,,,4.23,,,RD132,,,
,23-07-2026,,,,,Waiting,,,,,,7.48,,,RD238,,,
,23-07-2026,,,,,Shift Change,,,,,,23.93,,,RD238,,,
,23-07-2026,,,,,Shift Change,,,,,,50.03,,,RD238,,,
,23-07-2026,,,,,Waiting,,,,,,0.12,,,RD238,,,
,23-07-2026,,,,,LU Loading,,,,,,3.53,,,RD238,,,
,23-07-2026,,,,,Waiting,,,,,,1.02,,,RD241,,,
,23-07-2026,,,,,Spotting,,,,,,0.5,,,RD241,,,
,23-07-2026,,,,,LU Loading,,,,,,3.25,,,RD241,,,
,23-07-2026,,,,,Waiting,,,,,,10.08,,,RD240,,,
,23-07-2026,,,,,Spotting,,,,,,0.17,,,RD240,,,
,23-07-2026,,,,,LU Loading,,,,,,3.68,,,RD240,,,
,23-07-2026,,,,,Waiting,,,,,,1.33,,,RD226,,,
,23-07-2026,,,,,LU Loading,,,,,,3.28,,,RD226,,,
,23-07-2026,,,,,Waiting,,,,,,1.02,,,RD244,,,
,23-07-2026,,,,,LU Loading,,,,,,3,,,RD244,,,
,23-07-2026,,,,,Waiting,,,,,,1.3,,,RD227,,,
,23-07-2026,,,,,LU Loading,,,,,,3.45,,,RD227,,,
,23-07-2026,,,,,Waiting,,,,,,5.38,,,RD141,,,
,23-07-2026,,,,,LU Loading,,,,,,4.1,,,RD141,,,
,23-07-2026,,,,,Waiting,,,,,,2.08,,,RD238,,,
,23-07-2026,,,,,LU Loading,,,,,,3.53,,,RD238,,,
,23-07-2026,,,,,Waiting,,,,,,1.28,,,RD241,,,
,23-07-2026,,,,,LU Loading,,,,,,3.33,,,RD241,,,
,23-07-2026,,,,,Waiting,,,,,,6.57,,,RD230,,,
,23-07-2026,,,,,LU Loading,,,,,,3.3,,,RD230,,,
,23-07-2026,,,,,Waiting,,,,,,6.72,,,RD226,,,
,24-07-2026,,,,,LU Loading,,,,,,3.47,,,RD226,,,
,24-07-2026,,,,,Waiting,,,,,,0.9,,,RD244,,,
,24-07-2026,,,,,LU Loading,,,,,,3.82,,,RD244,,,
,24-07-2026,,,,,Waiting,,,,,,2.33,,,RD227,,,
,24-07-2026,,,,,LU Loading,,,,,,3.27,,,RD227,,,
,24-07-2026,,,,,Waiting,,,,,,1.32,,,RD141,,,
,24-07-2026,,,,,LU Loading,,,,,,3.13,,,RD141,,,
,24-07-2026,,,,,Waiting,,,,,,2.25,,,RD238,,,
,24-07-2026,,,,,LU Loading,,,,,,2.98,,,RD238,,,
,24-07-2026,,,,,Waiting,,,,,,0.9,,,RD241,,,
,24-07-2026,,,,,LU Loading,,,,,,3.53,,,RD241,,,
,24-07-2026,,,,,Waiting,,,,,,8.48,,,RD230,,,
,24-07-2026,,,,,LU Loading,,,,,,3.57,,,RD230,,,
,24-07-2026,,,,,Waiting,,,,,,1.18,,,RD226,,,
,24-07-2026,,,,,LU Loading,,,,,,3.7,,,RD226,,,
,24-07-2026,,,,,Waiting,,,,,,0.68,,,RD244,,,
,24-07-2026,,,,,LU Loading,,,,,,3.43,,,RD244,,,
,24-07-2026,,,,,Waiting,,,,,,2.07,,,RD227,,,
,24-07-2026,,,,,LU Loading,,,,,,3.13,,,RD227,,,
,24-07-2026,,,,,Waiting,,,,,,3.5,,,RD141,,,
,24-07-2026,,,,,Spotting,,,,,,0.25,,,RD141,,,
,24-07-2026,,,,,LU Loading,,,,,,2.82,,,RD141,,,
,24-07-2026,,,,,Waiting,,,,,,5.28,,,RD238,,,
,24-07-2026,,,,,Spotting,,,,,,0.32,,,RD238,,,
,24-07-2026,,,,,LU Loading,,,,,,3.75,,,RD238,,,
,24-07-2026,,,,,Waiting,,,,,,0.98,,,RD241,,,
,24-07-2026,,,,,Spotting,,,,,,0.25,,,RD241,,,
,24-07-2026,,,,,LU Loading,,,,,,3.35,,,RD241,,,
,24-07-2026,,,,,Waiting,,,,,,2.05,,,RD226,,,
,24-07-2026,,,,,Spotting,,,,,,0.53,,,RD226,,,
,24-07-2026,,,,,LU Loading,,,,,,3.2,,,RD226,,,
,24-07-2026,,,,,Waiting,,,,,,1.32,,,RD230,,,
,24-07-2026,,,,,LU Loading,,,,,,3.88,,,RD230,,,
,24-07-2026,,,,,Waiting,,,,,,0.47,,,RD244,,,
,24-07-2026,,,,,LU Loading,,,,,,3.5,,,RD244,,,
,24-07-2026,,,,,Waiting,,,,,,5.23,,,RD227,,,
,24-07-2026,,,,,LU Loading,,,,,,3,,,RD227,,,
,24-07-2026,,,,,Waiting,,,,,,2.08,,,RD141,,,
,24-07-2026,,,,,LU Loading,,,,,,2.23,,,RD141,,,
,24-07-2026,,,,,Waiting,,,,,,8.68,,,RD241,,,
,24-07-2026,,,,,LU Loading,,,,,,2.23,,,RD241,,,
,24-07-2026,,,,,Waiting,,,,,,6.58,,,RD238,,,
,24-07-2026,,,,,Spotting,,,,,,0.05,,,RD238,,,
,24-07-2026,,,,,LU Loading,,,,,,1.82,,,RD238,,,
,24-07-2026,,,,,Waiting,,,,,,0.72,,,RD226,,,
,24-07-2026,,,,,LU Loading,,,,,,2.78,,,RD226,,,
,24-07-2026,,,,,Waiting,,,,,,3.02,,,RD227,,,
,24-07-2026,,,,,Spotting,,,,,,0.12,,,RD227,,,
,24-07-2026,,,,,LU Loading,,,,,,2.95,,,RD227,,,
,24-07-2026,,,,,Waiting,,,,,,1.2,,,RD230,,,
,24-07-2026,,,,,LU Loading,,,,,,2.9,,,RD230,,,
,24-07-2026,,,,,Waiting,,,,,,15.3,,,RD241,,,
,24-07-2026,,,,,LU Loading,,,,,,2.77,,,RD241,,,
,24-07-2026,,,,,Waiting,,,,,,0.72,,,RD244,,,
,24-07-2026,,,,,LU Loading,,,,,,3.18,,,RD244,,,
,24-07-2026,,,,,Waiting,,,,,,6.57,,,RD227,,,
,24-07-2026,,,,,LU Loading,,,,,,2.77,,,RD227,,,
,24-07-2026,,,,,Waiting,,,,,,6.57,,,RD230,,,
,24-07-2026,,,,,LU Loading,,,,,,2.97,,,RD230,,,
,24-07-2026,,,,,Waiting,,,,,,4.6,,,RD226,,,
,24-07-2026,,,,,LU Loading,,,,,,3.03,,,RD226,,,
,24-07-2026,,,,,Waiting,,,,,,2.57,,,RD238,,,
,24-07-2026,,,,,LU Loading,,,,,,3.15,,,RD238,,,
,24-07-2026,,,,,Waiting,,,,,,4.6,,,RD244,,,
,24-07-2026,,,,,LU Loading,,,,,,3.72,,,RD244,,,
,24-07-2026,,,,,Waiting,,,,,,8.3,,,RD141,,,
,24-07-2026,,,,,LU Loading,,,,,,2.45,,,RD141,,,
,24-07-2026,,,,,Waiting,,,,,,5.58,,,RD241,,,
,24-07-2026,,,,,LU Loading,,,,,,3.22,,,RD241,,,
,24-07-2026,,,,,Waiting,,,,,,1.92,,,RD230,,,
,24-07-2026,,,,,LU Loading,,,,,,2.65,,,RD230,,,
,24-07-2026,,,,,Waiting,,,,,,0.97,,,RD227,,,
,24-07-2026,,,,,LU Loading,,,,,,2.48,,,RD227,,,
,24-07-2026,,,,,Waiting,,,,,,0.87,,,RD226,,,
,24-07-2026,,,,,LU Loading,,,,,,3.3,,,RD226,,,
,24-07-2026,,,,,Waiting,,,,,,2.1,,,RD238,,,
,24-07-2026,,,,,LU Loading,,,,,,3.55,,,RD238,,,
,24-07-2026,,,,,Waiting,,,,,,6.87,,,RD244,,,
,24-07-2026,,,,,LU Loading,,,,,,3.23,,,RD244,,,
,24-07-2026,,,,,Waiting,,,,,,0.88,,,RD141,,,
,24-07-2026,,,,,Spotting,,,,,,0.2,,,RD141,,,
,24-07-2026,,,,,LU Loading,,,,,,2.83,,,RD141,,,
,24-07-2026,,,,,Waiting,,,,,,2.37,,,RD241,,,
,24-07-2026,,,,,LU Loading,,,,,,3.32,,,RD241,,,
,24-07-2026,,,,,Waiting,,,,,,11.63,,,RD230,,,
,24-07-2026,,,,,LU Loading,,,,,,3.52,,,RD230,,,
,24-07-2026,,,,,Waiting,,,,,,0.5,,,RD227,,,
,24-07-2026,,,,,Spotting,,,,,,0.23,,,RD227,,,
,24-07-2026,,,,,LU Loading,,,,,,3.48,,,RD227,,,
,24-07-2026,,,,,Waiting,,,,,,1.4,,,RD226,,,
,24-07-2026,,,,,LU Loading,,,,,,2.83,,,RD226,,,
,24-07-2026,,,,,Waiting,,,,,,8.45,,,RD141,,,
,24-07-2026,,,,,LU Loading,,,,,,2.53,,,RD141,,,
,24-07-2026,,,,,Waiting,,,,,,3.82,,,RD238,,,
,24-07-2026,,,,,LU Loading,,,,,,3.47,,,RD238,,,
,24-07-2026,,,,,Waiting,,,,,,0.58,,,RD244,,,
,24-07-2026,,,,,LU Loading,,,,,,3.33,,,RD244,,,
,24-07-2026,,,,,Waiting,,,,,,0.12,,,RD241,,,
,24-07-2026,,,,,Spotting,,,,,,0.1,,,RD241,,,
,24-07-2026,,,,,LU Loading,,,,,,3.38,,,RD241,,,
,24-07-2026,,,,,Waiting,,,,,,0.95,,,RD230,,,
,24-07-2026,,,,,LU Loading,,,,,,2.98,,,RD230,,,
,24-07-2026,,,,,Waiting,,,,,,2.93,,,RD227,,,
,24-07-2026,,,,,LU Loading,,,,,,3.87,,,RD227,,,
,24-07-2026,,,,,Waiting,,,,,,0.68,,,RD141,,,
,24-07-2026,,,,,LU Loading,,,,,,2.1,,,RD141,,,
,24-07-2026,,,,,Waiting,,,,,,10.23,,,RD121,,,
,24-07-2026,,,,,Shift Change,,,,,,30.02,,,RD121,,,
,24-07-2026,,,,,,,,,,,,,,,,,
,Timestamp,,,,,Status Code,,Sub-Status Code,,,,"Duration
(min)",,,Hauling Unit,,,
,24-07-2026,,,,,Shift Change,,,,,,42.72,,,RD121,,,
,24-07-2026,,,,,Waiting,,,,,,3.97,,,RD121,,,
,24-07-2026,,,,,LU Loading,,,,,,2.55,,,RD121,,,
,24-07-2026,,,,,Waiting,,,,,,1.7,,,RD245,,,
,24-07-2026,,,,,Spotting,,,,,,0.07,,,RD245,,,
,24-07-2026,,,,,LU Loading,,,,,,2.48,,,RD245,,,
,24-07-2026,,,,,Waiting,,,,,,3.53,,,RD240,,,
,24-07-2026,,,,,LU Loading,,,,,,2.8,,,RD240,,,
,24-07-2026,,,,,Waiting,,,,,,1.48,,,RD141,,,
,24-07-2026,,,,,LU Loading,,,,,,2.48,,,RD141,,,
,24-07-2026,,,,,Waiting,,,,,,1.62,,,RD228,,,
,24-07-2026,,,,,Spotting,,,,,,0.57,,,RD228,,,
,24-07-2026,,,,,LU Loading,,,,,,4.35,,,RD228,,,
,24-07-2026,,,,,Waiting,,,,,,0.22,,,RD226,,,
,24-07-2026,,,,,LU Loading,,,,,,3.48,,,RD226,,,
,24-07-2026,,,,,Waiting,,,,,,10.77,,,RD121,,,
,24-07-2026,,,,,LU Loading,,,,,,2.02,,,RD121,,,
,24-07-2026,,,,,Waiting,,,,,,3.5,,,RD245,,,
,24-07-2026,,,,,LU Loading,,,,,,2.58,,,RD245,,,
,24-07-2026,,,,,Waiting,,,,,,5.82,,,RD240,,,
,24-07-2026,,,,,LU Loading,,,,,,2.75,,,RD240,,,
,24-07-2026,,,,,Waiting,,,,,,7.12,,,RD228,,,
,24-07-2026,,,,,LU Loading,,,,,,3.5,,,RD228,,,
,24-07-2026,,,,,Waiting,,,,,,0.18,,,RD226,,,
,24-07-2026,,,,,LU Loading,,,,,,3.32,,,RD226,,,
,24-07-2026,,,,,Waiting,,,,,,1.17,,,RD141,,,
,24-07-2026,,,,,LU Loading,,,,,,1.98,,,RD141,,,
,24-07-2026,,,,,Waiting,,,,,,10.17,,,RD233,,,
,24-07-2026,,,,,Spotting,,,,,,0.22,,,RD233,,,
,24-07-2026,,,,,LU Loading,,,,,,3.7,,,RD233,,,
,24-07-2026,,,,,Waiting,,,,,,0.07,,,RD232,,,
,24-07-2026,,,,,Spotting,,,,,,0.47,,,RD232,,,
,24-07-2026,,,,,LU Loading,,,,,,2.83,,,RD232,,,
,24-07-2026,,,,,Waiting,,,,,,5.47,,,RD236,,,
,24-07-2026,,,,,Spotting,,,,,,0.08,,,RD236,,,
,24-07-2026,,,,,LU Loading,,,,,,2.48,,,RD236,,,
,24-07-2026,,,,,Waiting,,,,,,4.83,,,RD249,,,
,24-07-2026,,,,,LU Loading,,,,,,0.07,,,RD249,,,
,24-07-2026,,,,,Waiting,,,,,,4.42,,,RD242,,,
,24-07-2026,,,,,Spotting,,,,,,0.18,,,RD242,,,
,24-07-2026,,,,,LU Loading,,,,,,2.68,,,RD242,,,
,24-07-2026,,,,,Waiting,,,,,,10.48,,,RD233,,,
,24-07-2026,,,,,LU Loading,,,,,,2.5,,,RD233,,,
,24-07-2026,,,,,Waiting,,,,,,0.18,,,RD232,,,
,24-07-2026,,,,,LU Loading,,,,,,2.7,,,RD232,,,
,24-07-2026,,,,,Waiting,,,,,,28.27,,,RD232,,,
,24-07-2026,,,,,LU Loading,,,,,,2.53,,,RD232,,,
,24-07-2026,,,,,Waiting,,,,,,0.58,,,RD233,,,
,24-07-2026,,,,,Spotting,,,,,,0.18,,,RD233,,,
,24-07-2026,,,,,LU Loading,,,,,,2.77,,,RD233,,,
,24-07-2026,,,,,Waiting,,,,,,17.52,,,RD236,,,
,24-07-2026,,,,,LU Loading,,,,,,2.78,,,RD236,,,
,24-07-2026,,,,,Waiting,,,,,,3.02,,,RD242,,,
,24-07-2026,,,,,LU Loading,,,,,,2.33,,,RD242,,,
,24-07-2026,,,,,Waiting,,,,,,12.78,,,RD235,,,
,24-07-2026,,,,,LU Loading,,,,,,0.08,,,RD235,,,
,24-07-2026,,,,,Waiting,,,,,,0.38,,,RD232,,,
,24-07-2026,,,,,LU Loading,,,,,,4.6,,,RD232,,,
,24-07-2026,,,,,Waiting,,,,,,9.05,,,RD236,,,
,24-07-2026,,,,,LU Loading,,,,,,3.43,,,RD236,,,
,24-07-2026,,,,,Waiting,,,,,,1.43,,,RD233,,,
,24-07-2026,,,,,LU Loading,,,,,,3.27,,,RD233,,,
,24-07-2026,,,,,Waiting,,,,,,0.47,,,RD242,,,
,24-07-2026,,,,,LU Loading,,,,,,3.4,,,RD242,,,
,24-07-2026,,,,,Waiting,,,,,,4.3,,,RD249,,,
,24-07-2026,,,,,Spotting,,,,,,0.05,,,RD249,,,
,24-07-2026,,,,,LU Loading,,,,,,2.98,,,RD249,,,
,24-07-2026,,,,,Waiting,,,,,,6.12,,,RD233,,,
,24-07-2026,,,,,Marching,,,,,,18.8,,,RD233,,,
,24-07-2026,,,,,LU Loading,,,,,,4.07,,,RD233,,,
,24-07-2026,,,,,Waiting,,,,,,2.75,,,RD249,,,
,24-07-2026,,,,,Spotting,,,,,,0.6,,,RD249,,,
,24-07-2026,,,,,LU Loading,,,,,,4.9,,,RD249,,,
,24-07-2026,,,,,Waiting,,,,,,12.43,,,RD232,,,
,24-07-2026,,,,,LU Loading,,,,,,2.77,,,RD232,,,
,24-07-2026,,,,,Waiting,,,,,,7.47,,,RD233,,,
,24-07-2026,,,,,Spotting,,,,,,0.47,,,RD233,,,
,24-07-2026,,,,,LU Loading,,,,,,2.43,,,RD233,,,
,24-07-2026,,,,,Waiting,,,,,,3.93,,,RD249,,,
,24-07-2026,,,,,Spotting,,,,,,0.1,,,RD249,,,
,24-07-2026,,,,,LU Loading,,,,,,4.35,,,RD249,,,
,24-07-2026,,,,,Waiting,,,,,,7.58,,,RD236,,,
,24-07-2026,,,,,LU Loading,,,,,,2.42,,,RD236,,,
,24-07-2026,,,,,Waiting,,,,,,2.42,,,RD232,,,
,24-07-2026,,,,,Spotting,,,,,,0.53,,,RD232,,,
,24-07-2026,,,,,LU Loading,,,,,,2.47,,,RD232,,,
,24-07-2026,,,,,Waiting,,,,,,7.28,,,RD233,,,
,24-07-2026,,,,,LU Loading,,,,,,3.17,,,RD233,,,
,24-07-2026,,,,,Waiting,,,,,,6.72,,,RD242,,,
,24-07-2026,,,,,Spotting,,,,,,0.12,,,RD242,,,
,24-07-2026,,,,,LU Loading,,,,,,2.88,,,RD242,,,
,24-07-2026,,,,,Waiting,,,,,,2.43,,,RD249,,,
,24-07-2026,,,,,LU Loading,,,,,,3.18,,,RD249,,,
,24-07-2026,,,,,Waiting,,,,,,6.73,,,RD232,,,
,24-07-2026,,,,,LU Loading,,,,,,3.35,,,RD232,,,
,24-07-2026,,,,,Waiting,,,,,,0.87,,,RD236,,,
,24-07-2026,,,,,LU Loading,,,,,,2.8,,,RD236,,,
,24-07-2026,,,,,Waiting,,,,,,6.63,,,RD231,,,
,24-07-2026,,,,,Marching,,,,,,39.72,,,RD231,,,
,24-07-2026,,,,,Shift Change,,,,,,29.05,,,RD231,,,
,24-07-2026,,,,,Shift Change,,,,,,123.13,,,RD231,,,
,24-07-2026,,,,,Daily Service,,,,,,70.97,,,RD231,,,
,24-07-2026,,,,,Marching,,,,,,16.73,,,RD231,,,
,24-07-2026,,,,,LU Loading,,,,,,4.33,,,RD231,,,
,24-07-2026,,,,,Waiting,,,,,,1.98,,,RD237,,,
,24-07-2026,,,,,LU Loading,,,,,,3.2,,,RD237,,,
,24-07-2026,,,,,Waiting,,,,,,7.02,,,RD249,,,
,24-07-2026,,,,,LU Loading,,,,,,3.1,,,RD249,,,
,24-07-2026,,,,,Waiting,,,,,,0.93,,,RD231,,,
,24-07-2026,,,,,Spotting,,,,,,0.28,,,RD231,,,
,24-07-2026,,,,,LU Loading,,,,,,3.15,,,RD231,,,
,24-07-2026,,,,,Waiting,,,,,,1.12,,,RD243,,,
,24-07-2026,,,,,LU Loading,,,,,,2.98,,,RD243,,,
,24-07-2026,,,,,Waiting,,,,,,0.92,,,RD143,,,
,24-07-2026,,,,,LU Loading,,,,,,0.53,,,RD143,,,
,24-07-2026,,,,,LU Loading,,,,,,2.7,,,RD237,,,
,24-07-2026,,,,,Waiting,,,,,,0.9,,,RD249,,,
,24-07-2026,,,,,LU Loading,,,,,,2.98,,,RD249,,,
,24-07-2026,,,,,Waiting,,,,,,0.98,,,RD239,,,
,24-07-2026,,,,,LU Loading,,,,,,2.95,,,RD239,,,
,24-07-2026,,,,,LU Loading,,,,,,1.18,,,RD126,,,
,24-07-2026,,,,,LU Loading,,,,,,2.6,,,RD231,,,
,24-07-2026,,,,,LU Loading,,,,,,5.73,,,RD132,,,
,24-07-2026,,,,,LU Loading,,,,,,3,,,RD237,,,
,24-07-2026,,,,,Waiting,,,,,,4.83,,,RD239,,,
,24-07-2026,,,,,LU Loading,,,,,,2.92,,,RD239,,,
,24-07-2026,,,,,Waiting,,,,,,1.15,,,RD231,,,
,24-07-2026,,,,,LU Loading,,,,,,2.97,,,RD231,,,
,24-07-2026,,,,,Waiting,,,,,,1.2,,,RD243,,,
,24-07-2026,,,,,LU Loading,,,,,,2.95,,,RD243,,,
,24-07-2026,,,,,Waiting,,,,,,1.32,,,RD237,,,
,24-07-2026,,,,,LU Loading,,,,,,2.97,,,RD237,,,
,24-07-2026,,,,,Waiting,,,,,,2.77,,,RD239,,,
,24-07-2026,,,,,Spotting,,,,,,0.2,,,RD239,,,
,24-07-2026,,,,,LU Loading,,,,,,3.03,,,RD239,,,
,24-07-2026,,,,,Waiting,,,,,,0.98,,,RD231,,,
,24-07-2026,,,,,LU Loading,,,,,,2.92,,,RD231,,,
,24-07-2026,,,,,Waiting,,,,,,4.65,,,RD237,,,
,24-07-2026,,,,,Spotting,,,,,,0.48,,,RD237,,,
,24-07-2026,,,,,LU Loading,,,,,,3.4,,,RD237,,,
,24-07-2026,,,,,Waiting,,,,,,6.5,,,RD239,,,
,24-07-2026,,,,,LU Loading,,,,,,3.72,,,RD239,,,
,24-07-2026,,,,,Waiting,,,,,,0.87,,,RD231,,,
,24-07-2026,,,,,Spotting,,,,,,0.23,,,RD231,,,
,24-07-2026,,,,,LU Loading,,,,,,3.52,,,RD231,,,
,24-07-2026,,,,,Waiting,,,,,,0.6,,,RD243,,,
,24-07-2026,,,,,LU Loading,,,,,,5.37,,,RD243,,,
,24-07-2026,,,,,Waiting,,,,,,0.55,,,RD237,,,
,24-07-2026,,,,,LU Loading,,,,,,6.4,,,RD237,,,
,24-07-2026,,,,,Waiting,,,,,,0.85,,,RD239,,,
,24-07-2026,,,,,LU Loading,,,,,,3.67,,,RD239,,,
,24-07-2026,,,,,Waiting,,,,,,0.58,,,RD231,,,
,24-07-2026,,,,,LU Loading,,,,,,3.62,,,RD231,,,
,24-07-2026,,,,,Waiting,,,,,,0.47,,,RD243,,,
,24-07-2026,,,,,LU Loading,,,,,,3,,,RD243,,,
,24-07-2026,,,,,Waiting,,,,,,0.78,,,RD237,,,
,24-07-2026,,,,,LU Loading,,,,,,3.97,,,RD237,,,
,24-07-2026,,,,,Waiting,,,,,,2.63,,,RD239,,,
,24-07-2026,,,,,LU Loading,,,,,,3.98,,,RD239,,,
,24-07-2026,,,,,Waiting,,,,,,0.55,,,RD231,,,
,24-07-2026,,,,,Spotting,,,,,,0.53,,,RD231,,,
,24-07-2026,,,,,LU Loading,,,,,,3.25,,,RD231,,,
,24-07-2026,,,,,Waiting,,,,,,0.52,,,RD243,,,
,24-07-2026,,,,,LU Loading,,,,,,3.07,,,RD243,,,
,24-07-2026,,,,,Waiting,,,,,,0.88,,,RD237,,,
,24-07-2026,,,,,LU Loading,,,,,,3.88,,,RD237,,,
,24-07-2026,,,,,Waiting,,,,,,5.68,,,RD239,,,
,24-07-2026,,,,,LU Loading,,,,,,4.22,,,RD239,,,
,24-07-2026,,,,,Waiting,,,,,,0.4,,,RD231,,,
,24-07-2026,,,,,LU Loading,,,,,,6.55,,,RD231,,,
,24-07-2026,,,,,Waiting,,,,,,1.4,,,RD243,,,
,24-07-2026,,,,,LU Loading,,,,,,5.17,,,RD243,,,
,24-07-2026,,,,,Waiting,,,,,,5.72,,,RD237,,,
,24-07-2026,,,,,LU Loading,,,,,,4.7,,,RD237,,,
,24-07-2026,,,,,Waiting,,,,,,0.68,,,RD239,,,
,24-07-2026,,,,,LU Loading,,,,,,4.33,,,RD239,,,
,24-07-2026,,,,,Waiting,,,,,,0.57,,,RD231,,,
,24-07-2026,,,,,Spotting,,,,,,0.37,,,RD231,,,
,24-07-2026,,,,,LU Loading,,,,,,4.92,,,RD231,,,
,24-07-2026,,,,,Waiting,,,,,,0.67,,,RD243,,,
,24-07-2026,,,,,LU Loading,,,,,,3.77,,,RD243,,,
,24-07-2026,,,,,Waiting,,,,,,1.2,,,RD237,,,
,24-07-2026,,,,,LU Loading,,,,,,4.28,,,RD237,,,
,24-07-2026,,,,,Waiting,,,,,,4.1,,,RD231,,,
,24-07-2026,,,,,LU Loading,,,,,,5.72,,,RD231,,,
,24-07-2026,,,,,Waiting,,,,,,0.97,,,RD239,,,
,24-07-2026,,,,,LU Loading,,,,,,4.98,,,RD239,,,
,24-07-2026,,,,,Waiting,,,,,,0.68,,,RD243,,,
,24-07-2026,,,,,LU Loading,,,,,,4.6,,,RD243,,,
,24-07-2026,,,,,Waiting,,,,,,1.35,,,RD237,,,
,24-07-2026,,,,,Spotting,,,,,,0.27,,,RD237,,,
,24-07-2026,,,,,LU Loading,,,,,,3.05,,,RD237,,,
,24-07-2026,,,,,Waiting,,,,,,3.67,,,RD243,,,
,24-07-2026,,,,,Shift Change,,,,,,4.55,,,RD243,,,
,24-07-2026,,,,,LU Loading,,,,,,0.1,,,RD243,,,
,24-07-2026,,,,,Waiting,,,,,,1.12,,,RD241,,,
,24-07-2026,,,,,Shift Change,,,,,,24.1,,,RD241,,,
,24-07-2026,,,,,Shift Change,,,,,,49.45,,,RD241,,,
,24-07-2026,,,,,Waiting,,,,,,0.78,,,RD241,,,
,24-07-2026,,,,,LU Loading,,,,,,3.87,,,RD241,,,
,24-07-2026,,,,,Waiting,,,,,,0.73,,,RD243,,,
,24-07-2026,,,,,LU Loading,,,,,,4.78,,,RD243,,,
,24-07-2026,,,,,Waiting,,,,,,0.78,,,RD231,,,
,24-07-2026,,,,,LU Loading,,,,,,4.27,,,RD231,,,
,24-07-2026,,,,,Waiting,,,,,,2.42,,,RD230,,,
,24-07-2026,,,,,Spotting,,,,,,0.22,,,RD230,,,
,24-07-2026,,,,,LU Loading,,,,,,3.48,,,RD230,,,
,24-07-2026,,,,,Waiting,,,,,,0.88,,,RD241,,,
,24-07-2026,,,,,LU Loading,,,,,,2.72,,,RD241,,,
,24-07-2026,,,,,Waiting,,,,,,7.27,,,RD230,,,
,24-07-2026,,,,,Face Prep,,,,,,10.9,,,RD230,,,
,24-07-2026,,,,,LU Loading,,,,,,3.08,,,RD230,,,
,24-07-2026,,,,,Waiting,,,,,,0.53,,,RD241,,,
,24-07-2026,,,,,LU Loading,,,,,,5.13,,,RD241,,,
,24-07-2026,,,,,Waiting,,,,,,1.35,,,RD231,,,
,24-07-2026,,,,,LU Loading,,,,,,4,,,RD231,,,
,24-07-2026,,,,,Waiting,,,,,,1.78,,,RD230,,,
,24-07-2026,,,,,LU Loading,,,,,,2.68,,,RD230,,,
,24-07-2026,,,,,Waiting,,,,,,2.72,,,RD241,,,
,24-07-2026,,,,,LU Loading,,,,,,2.62,,,RD241,,,
,24-07-2026,,,,,Waiting,,,,,,5.62,,,RD231,,,
,25-07-2026,,,,,LU Loading,,,,,,3.25,,,RD231,,,
,25-07-2026,,,,,Waiting,,,,,,0.65,,,RD230,,,
,25-07-2026,,,,,LU Loading,,,,,,5.4,,,RD230,,,
,25-07-2026,,,,,Waiting,,,,,,0.48,,,RD241,,,
,25-07-2026,,,,,LU Loading,,,,,,3.93,,,RD241,,,
,25-07-2026,,,,,Waiting,,,,,,5.6,,,RD231,,,
,25-07-2026,,,,,LU Loading,,,,,,3.52,,,RD231,,,
,25-07-2026,,,,,Waiting,,,,,,1.32,,,RD230,,,
,25-07-2026,,,,,LU Loading,,,,,,2.7,,,RD230,,,
,25-07-2026,,,,,Waiting,,,,,,0.55,,,RD241,,,
,25-07-2026,,,,,LU Loading,,,,,,2.62,,,RD241,,,
,25-07-2026,,,,,Waiting,,,,,,34.47,,,RD230,,,
,25-07-2026,,,,,Tea/ Breakfast / Snacks,,,,,,39.73,,,RD230,,,
,25-07-2026,,,,,LU Loading,,,,,,3.77,,,RD230,,,
,25-07-2026,,,,,Waiting,,,,,,0.92,,,RD241,,,
,25-07-2026,,,,,LU Loading,,,,,,2.97,,,RD241,,,
,25-07-2026,,,,,Waiting,,,,,,1.18,,,RD231,,,
,25-07-2026,,,,,LU Loading,,,,,,4.4,,,RD231,,,
,25-07-2026,,,,,Waiting,,,,,,7.62,,,RD230,,,
,25-07-2026,,,,,LU Loading,,,,,,2.93,,,RD230,,,
,25-07-2026,,,,,Waiting,,,,,,1.18,,,RD241,,,
,25-07-2026,,,,,Spotting,,,,,,0.17,,,RD241,,,
,25-07-2026,,,,,LU Loading,,,,,,4.12,,,RD241,,,
,25-07-2026,,,,,Waiting,,,,,,4.12,,,RD231,,,
,25-07-2026,,,,,LU Loading,,,,,,4.95,,,RD231,,,
,25-07-2026,,,,,Waiting,,,,,,2.42,,,RD230,,,
,25-07-2026,,,,,LU Loading,,,,,,3.82,,,RD230,,,
,25-07-2026,,,,,Waiting,,,,,,1.5,,,RD241,,,
,25-07-2026,,,,,Spotting,,,,,,0.12,,,RD241,,,
,25-07-2026,,,,,LU Loading,,,,,,3.47,,,RD241,,,
,25-07-2026,,,,,Waiting,,,,,,2.18,,,RD242,,,
,25-07-2026,,,,,LU Loading,,,,,,3.88,,,RD242,,,
,25-07-2026,,,,,Waiting,,,,,,2.87,,,RD231,,,
,25-07-2026,,,,,LU Loading,,,,,,3.47,,,RD231,,,
,25-07-2026,,,,,Waiting,,,,,,0.97,,,RD230,,,
,25-07-2026,,,,,Spotting,,,,,,0.15,,,RD230,,,
,25-07-2026,,,,,LU Loading,,,,,,1.7,,,RD230,,,
,25-07-2026,,,,,Face Prep,,,,,,3.6,,,RD241,,,
,25-07-2026,,,,,LU Loading,,,,,,9.55,,,RD241,,,
,25-07-2026,,,,,LU Loading,,,,,,4.1,,,RD230,,,
,25-07-2026,,,,,Waiting,,,,,,2.68,,,RD241,,,
,25-07-2026,,,,,LU Loading,,,,,,2.75,,,RD241,,,
,25-07-2026,,,,,Waiting,,,,,,1.85,,,RD231,,,
,25-07-2026,,,,,LU Loading,,,,,,3.87,,,RD231,,,
,25-07-2026,,,,,Waiting,,,,,,4.13,,,RD230,,,
,25-07-2026,,,,,LU Loading,,,,,,3.85,,,RD230,,,
,25-07-2026,,,,,Waiting,,,,,,0.98,,,RD241,,,
,25-07-2026,,,,,LU Loading,,,,,,3.63,,,RD241,,,
,25-07-2026,,,,,Waiting,,,,,,1.43,,,RD231,,,
,25-07-2026,,,,,LU Loading,,,,,,2.7,,,RD231,,,
,25-07-2026,,,,,Waiting,,,,,,4.78,,,RD230,,,
,25-07-2026,,,,,LU Loading,,,,,,2.97,,,RD230,,,
,25-07-2026,,,,,Waiting,,,,,,3.43,,,RD241,,,
,25-07-2026,,,,,Spotting,,,,,,0.05,,,RD241,,,
,25-07-2026,,,,,LU Loading,,,,,,2.58,,,RD241,,,
,25-07-2026,,,,,Waiting,,,,,,2.52,,,RD231,,,
,25-07-2026,,,,,Spotting,,,,,,0.17,,,RD231,,,
,25-07-2026,,,,,LU Loading,,,,,,4.18,,,RD231,,,
,25-07-2026,,,,,Waiting,,,,,,2.42,,,RD230,,,
,25-07-2026,,,,,Spotting,,,,,,0.23,,,RD230,,,
,25-07-2026,,,,,LU Loading,,,,,,2.85,,,RD230,,,
,25-07-2026,,,,,Waiting,,,,,,0.82,,,RD241,,,
,25-07-2026,,,,,LU Loading,,,,,,2.93,,,RD241,,,
,25-07-2026,,,,,Waiting,,,,,,5.02,,,RD231,,,
,25-07-2026,,,,,LU Loading,,,,,,2.95,,,RD231,,,
,25-07-2026,,,,,Waiting,,,,,,3,,,RD230,,,
,25-07-2026,,,,,Spotting,,,,,,0.13,,,RD230,,,
,25-07-2026,,,,,LU Loading,,,,,,3.75,,,RD230,,,
,25-07-2026,,,,,Waiting,,,,,,0.75,,,RD241,,,
,25-07-2026,,,,,LU Loading,,,,,,3.63,,,RD241,,,
,25-07-2026,,,,,Waiting,,,,,,14.62,,,RD230,,,
,25-07-2026,,,,,Spotting,,,,,,0.32,,,RD230,,,
,25-07-2026,,,,,LU Loading,,,,,,3.52,,,RD230,,,
,25-07-2026,,,,,Waiting,,,,,,1.05,,,RD241,,,
,25-07-2026,,,,,LU Loading,,,,,,2.6,,,RD241,,,
,25-07-2026,,,,,Waiting,,,,,,1.9,,,RD231,,,
,25-07-2026,,,,,LU Loading,,,,,,3.38,,,RD231,,,
,25-07-2026,,,,,Waiting,,,,,,6.17,,,RD230,,,
,25-07-2026,,,,,LU Loading,,,,,,3.52,,,RD230,,,
,25-07-2026,,,,,Waiting,,,,,,0.82,,,RD231,,,
,25-07-2026,,,,,LU Loading,,,,,,2.55,,,RD231,,,
,25-07-2026,,,,,Waiting,,,,,,0.9,,,RD241,,,
,25-07-2026,,,,,LU Loading,,,,,,2.82,,,RD241,,,
,25-07-2026,,,,,Waiting,,,,,,6.78,,,RD230,,,
,25-07-2026,,,,,LU Loading,,,,,,2.98,,,RD230,,,
,25-07-2026,,,,,Waiting,,,,,,1.17,,,RD241,,,
,25-07-2026,,,,,LU Loading,,,,,,2.97,,,RD241,,,
,25-07-2026,,,,,Waiting,,,,,,18.55,,,RD241,,,
,25-07-2026,,,,,Shift Change,,,,,,17.97,,,RD241,,,
,25-07-2026,,,,,,,,,,,,,,,,,
,Timestamp,,,,,Status Code,,Sub-Status Code,,,,"Duration
(min)",,,Hauling Unit,,,
,25-07-2026,,,,,Shift Change,,,,,,35.03,,,RD241,,,
,25-07-2026,,,,,Waiting,,,,,,5.27,,,RD241,,,
,25-07-2026,,,,,LU Loading,,,,,,3.35,,,RD241,,,
,25-07-2026,,,,,Waiting,,,,,,0.72,,,RD230,,,
,25-07-2026,,,,,Spotting,,,,,,1.32,,,RD230,,,
,25-07-2026,,,,,LU Loading,,,,,,3.15,,,RD230,,,
,25-07-2026,,,,,Waiting,,,,,,8.58,,,RD241,,,
,25-07-2026,,,,,LU Loading,,,,,,7.05,,,RD241,,,
,25-07-2026,,,,,Waiting,,,,,,1.03,,,RD233,,,
,25-07-2026,,,,,LU Loading,,,,,,3.42,,,RD233,,,
,25-07-2026,,,,,Waiting,,,,,,4.4,,,RD230,,,
,25-07-2026,,,,,LU Loading,,,,,,3.28,,,RD230,,,
,25-07-2026,,,,,Waiting,,,,,,0.63,,,RD242,,,
,25-07-2026,,,,,LU Loading,,,,,,1.55,,,RD242,,,
,25-07-2026,,,,,Waiting,,,,,,2.85,,,RD232,,,
,25-07-2026,,,,, Down,,,,,,329.75,,,RD232,,,
,25-07-2026,,,,,Schedule No Work,,,,,,10.95,,,RD232,,,
,25-07-2026,,,,,Marching,,,,,,32.33,,,RD232,,,
,25-07-2026,,,,,Shift Change,,,,,,25.33,,,RD232,,,
,25-07-2026,,,,,Shift Change,,,,,,24.48,,,RD232,,,
,25-07-2026,,,,,Blasting,,,,,,61.1,,,RD232,,,
,25-07-2026,,,,,Meeting,,,,,,1.67,,,RD232,,,
,25-07-2026,,,,,Marching,,,,,,16.07,,,RD232,,,
,25-07-2026,,,,,LU Loading,,,,,,3.53,,,RD232,,,
,25-07-2026,,,,,Waiting,,,,,,0.8,,,RD249,,,
,25-07-2026,,,,,LU Loading,,,,,,4.13,,,RD249,,,
,25-07-2026,,,,,LU Loading,,,,,,1.85,,,RD126,,,
,25-07-2026,,,,,LU Loading,,,,,,3.17,,,RD248,,,
,25-07-2026,,,,,Waiting,,,,,,1.52,,,RD126,,,
,25-07-2026,,,,,LU Loading,,,,,,0.03,,,RD126,,,
,25-07-2026,,,,,Waiting,,,,,,0.12,,,RD126,,,
,25-07-2026,,,,,LU Loading,,,,,,0.08,,,RD126,,,
,25-07-2026,,,,,Waiting,,,,,,3.65,,,RD132,,,
,25-07-2026,,,,,Face Prep,,,,,,2.18,,,RD132,,,
,25-07-2026,,,,,LU Loading,,,,,,0.13,,,RD132,,,
,25-07-2026,,,,,LU Loading,,,,,,3.4,,,RD232,,,
,25-07-2026,,,,,Waiting,,,,,,0.77,,,RD249,,,
,25-07-2026,,,,,LU Loading,,,,,,3.52,,,RD249,,,
,25-07-2026,,,,,Waiting,,,,,,4.1,,,RD248,,,
,25-07-2026,,,,,LU Loading,,,,,,3.25,,,RD248,,,
,25-07-2026,,,,,Waiting,,,,,,1,,,RD242,,,
,25-07-2026,,,,,LU Loading,,,,,,3.23,,,RD242,,,
,25-07-2026,,,,,Waiting,,,,,,0.68,,,RD232,,,
,25-07-2026,,,,,LU Loading,,,,,,3.4,,,RD232,,,
,25-07-2026,,,,,Waiting,,,,,,0.87,,,RD249,,,
,25-07-2026,,,,,LU Loading,,,,,,3.23,,,RD249,,,
,25-07-2026,,,,,Waiting,,,,,,0.97,,,RD248,,,
,25-07-2026,,,,,LU Loading,,,,,,4.3,,,RD248,,,
,25-07-2026,,,,,Waiting,,,,,,0.75,,,RD242,,,
,25-07-2026,,,,,LU Loading,,,,,,2.73,,,RD242,,,
,25-07-2026,,,,,Waiting,,,,,,1.8,,,RD232,,,
,25-07-2026,,,,,LU Loading,,,,,,3.02,,,RD232,,,
,25-07-2026,,,,,Waiting,,,,,,1.23,,,RD249,,,
,25-07-2026,,,,,LU Loading,,,,,,3.47,,,RD249,,,
,25-07-2026,,,,,Waiting,,,,,,6.22,,,RD248,,,
,25-07-2026,,,,,Spotting,,,,,,0.12,,,RD248,,,
,25-07-2026,,,,,LU Loading,,,,,,2.53,,,RD248,,,
,25-07-2026,,,,,Waiting,,,,,,5.38,,,RD232,,,
,25-07-2026,,,,,LU Loading,,,,,,2.85,,,RD232,,,
,25-07-2026,,,,,Waiting,,,,,,0.63,,,RD242,,,
,25-07-2026,,,,,LU Loading,,,,,,2.93,,,RD242,,,
,25-07-2026,,,,,Waiting,,,,,,0.67,,,RD249,,,
,25-07-2026,,,,,LU Loading,,,,,,3.33,,,RD249,,,
,25-07-2026,,,,,Waiting,,,,,,0.65,,,RD248,,,
,25-07-2026,,,,,LU Loading,,,,,,2.77,,,RD248,,,
,25-07-2026,,,,,Waiting,,,,,,0.98,,,RD232,,,
,25-07-2026,,,,,LU Loading,,,,,,2.72,,,RD232,,,
,25-07-2026,,,,,Waiting,,,,,,2.95,,,RD243,,,
,25-07-2026,,,,,LU Loading,,,,,,2.97,,,RD243,,,
,25-07-2026,,,,,Waiting,,,,,,0.63,,,RD249,,,
,25-07-2026,,,,,LU Loading,,,,,,2.67,,,RD249,,,
,25-07-2026,,,,,Waiting,,,,,,1.12,,,RD248,,,
,25-07-2026,,,,,LU Loading,,,,,,2.63,,,RD248,,,
,25-07-2026,,,,,Waiting,,,,,,0.55,,,RD232,,,
,25-07-2026,,,,,Spotting,,,,,,0.12,,,RD232,,,
,25-07-2026,,,,,LU Loading,,,,,,3.1,,,RD232,,,
,25-07-2026,,,,,Waiting,,,,,,0.58,,,RD243,,,
,25-07-2026,,,,,LU Loading,,,,,,2.35,,,RD243,,,
,25-07-2026,,,,,Waiting,,,,,,4.77,,,RD249,,,
,25-07-2026,,,,,LU Loading,,,,,,2.33,,,RD249,,,
,25-07-2026,,,,,Waiting,,,,,,1.7,,,RD232,,,
,25-07-2026,,,,,LU Loading,,,,,,2.52,,,RD232,,,
,25-07-2026,,,,,Waiting,,,,,,6.25,,,RD249,,,
,25-07-2026,,,,,LU Loading,,,,,,2.75,,,RD249,,,
,25-07-2026,,,,,Waiting,,,,,,2.52,,,RD232,,,
,25-07-2026,,,,,LU Loading,,,,,,2.92,,,RD232,,,
,25-07-2026,,,,,Waiting,,,,,,6.63,,,RD245,,,
,25-07-2026,,,,,LU Loading,,,,,,2.5,,,RD245,,,
,25-07-2026,,,,,Waiting,,,,,,17.27,,,RD246,,,
,25-07-2026,,,,,Side Casting,,,,,,95.03,,,RD246,,,
,25-07-2026,,,,,Toilet Break,,,,,,7.5,,,RD246,,,
,25-07-2026,,,,,Side Casting,,,,,,77.05,,,RD246,,,
,25-07-2026,,,,,Shift Change,,,,,,26.58,,,RD246,,,
,25-07-2026,,,,,Shift Change,,,,,,57.6,,,RD246,,,
,25-07-2026,,,,,Schedule No Work,,,,,,422.4,,,RD246,,,
,26-07-2026,,,,,,,,,,,,,,,,,
,Timestamp,,,,,Status Code,,Sub-Status Code,,,,"Duration
(min)",,,Hauling Unit,,,
,26-07-2026,,,,,Schedule No Work,,,,,,50.2,,,RD246,,,
,26-07-2026,,,,,Waiting,,,,,,14.28,,,RD246,,,
,26-07-2026,,,,,LU Loading,,,,,,4.25,,,RD246,,,
,26-07-2026,,,,,Waiting,,,,,,0.45,,,RD246,,,
,26-07-2026,,,,,Side Casting,,,,,,1.3,,,RD246,,,
,26-07-2026,,,,,LU Loading,,,,,,4.07,,,RD246,,,
,26-07-2026,,,,,Waiting,,,,,,9.2,,,RD230,,,
,26-07-2026,,,,,Spotting,,,,,,0.18,,,RD230,,,
,26-07-2026,,,,,LU Loading,,,,,,3.2,,,RD230,,,
,26-07-2026,,,,,Waiting,,,,,,0.82,,,RD237,,,
,26-07-2026,,,,,Spotting,,,,,,0.27,,,RD237,,,
,26-07-2026,,,,,LU Loading,,,,,,4.28,,,RD237,,,
,26-07-2026,,,,,Waiting,,,,,,5.62,,,RD235,,,
,26-07-2026,,,,,LU Loading,,,,,,2.37,,,RD235,,,
,26-07-2026,,,,,Waiting,,,,,,1.93,,,RD246,,,
,26-07-2026,,,,,Spotting,,,,,,0.12,,,RD246,,,
,26-07-2026,,,,,LU Loading,,,,,,3.48,,,RD246,,,
,26-07-2026,,,,,Waiting,,,,,,3.8,,,RD230,,,
,26-07-2026,,,,,LU Loading,,,,,,3.3,,,RD230,,,
,26-07-2026,,,,,Waiting,,,,,,2.78,,,RD237,,,
,26-07-2026,,,,,LU Loading,,,,,,3.53,,,RD237,,,
,26-07-2026,,,,,Waiting,,,,,,3.73,,,RD235,,,
,26-07-2026,,,,,LU Loading,,,,,,3.17,,,RD235,,,
,26-07-2026,,,,,Waiting,,,,,,3.95,,,RD246,,,
,26-07-2026,,,,,LU Loading,,,,,,3.83,,,RD246,,,
,26-07-2026,,,,,Waiting,,,,,,1.3,,,RD230,,,
,26-07-2026,,,,,LU Loading,,,,,,2.92,,,RD230,,,
,26-07-2026,,,,,Waiting,,,,,,0.07,,,RD237,,,
,26-07-2026,,,,,Spotting,,,,,,0.28,,,RD237,,,
,26-07-2026,,,,,LU Loading,,,,,,3.33,,,RD237,,,
,26-07-2026,,,,,Waiting,,,,,,11.7,,,RD235,,,
,26-07-2026,,,,,LU Loading,,,,,,3.75,,,RD235,,,
,26-07-2026,,,,,Waiting,,,,,,0.95,,,RD246,,,
,26-07-2026,,,,,LU Loading,,,,,,3.6,,,RD246,,,
,26-07-2026,,,,,Waiting,,,,,,4.15,,,RD237,,,
,26-07-2026,,,,,Spotting,,,,,,0.37,,,RD237,,,
,26-07-2026,,,,,LU Loading,,,,,,3.38,,,RD237,,,
,26-07-2026,,,,,Waiting,,,,,,7.07,,,RD235,,,
,26-07-2026,,,,,LU Loading,,,,,,2.73,,,RD235,,,
,26-07-2026,,,,,Waiting,,,,,,0.72,,,RD246,,,
,26-07-2026,,,,,LU Loading,,,,,,2.82,,,RD246,,,
,26-07-2026,,,,,Waiting,,,,,,1.92,,,RD237,,,
,26-07-2026,,,,,LU Loading,,,,,,3.35,,,RD237,,,
,26-07-2026,,,,,Waiting,,,,,,13.27,,,RD232,,,
,26-07-2026,,,,,LU Loading,,,,,,6.45,,,RD232,,,
,26-07-2026,,,,,Waiting,,,,,,13.43,,,RD232,,,
,26-07-2026,,,,,Spotting,,,,,,0.15,,,RD232,,,
,26-07-2026,,,,,LU Loading,,,,,,3.15,,,RD232,,,
,26-07-2026,,,,,Waiting,,,,,,1.53,,,RD253,,,
,26-07-2026,,,,,LU Loading,,,,,,3.05,,,RD253,,,
,26-07-2026,,,,,Waiting,,,,,,17.82,,,RD253,,,
,26-07-2026,,,,,LU Loading,,,,,,4.95,,,RD253,,,
,26-07-2026,,,,,Waiting,,,,,,12.77,,,RD230,,,
,26-07-2026,,,,,Spotting,,,,,,0.27,,,RD230,,,
,26-07-2026,,,,,LU Loading,,,,,,3.93,,,RD230,,,
,26-07-2026,,,,,LU Loading,,,,,,3.65,,,RD241,,,
,26-07-2026,,,,,Waiting,,,,,,1.28,,,RD253,,,
,26-07-2026,,,,,Spotting,,,,,,0.13,,,RD253,,,
,26-07-2026,,,,,LU Loading,,,,,,3.33,,,RD253,,,
,26-07-2026,,,,,Waiting,,,,,,5.58,,,RD232,,,
,26-07-2026,,,,,LU Loading,,,,,,3.47,,,RD232,,,
,26-07-2026,,,,,Waiting,,,,,,1.48,,,RD230,,,
,26-07-2026,,,,,LU Loading,,,,,,2.48,,,RD230,,,
,26-07-2026,,,,,Spotting,,,,,,0.42,,,RD237,,,
,26-07-2026,,,,,LU Loading,,,,,,3.78,,,RD237,,,
,26-07-2026,,,,,LU Loading,,,,,,0.08,,,RD241,,,
,26-07-2026,,,,,Waiting,,,,,,0.12,,,RD241,,,
,26-07-2026,,,,,Face Prep,,,,,,10.95,,,RD241,,,
,26-07-2026,,,,,Waiting,,,,,,0.67,,,RD241,,,
,26-07-2026,,,,,LU Loading,,,,,,1.58,,,RD241,,,
,26-07-2026,,,,,Waiting,,,,,,0.9,,,RD253,,,
,26-07-2026,,,,,LU Loading,,,,,,4.4,,,RD253,,,
,26-07-2026,,,,,Waiting,,,,,,1.65,,,RD232,,,
,26-07-2026,,,,,LU Loading,,,,,,3.95,,,RD232,,,
,26-07-2026,,,,,Waiting,,,,,,0.92,,,RD230,,,
,26-07-2026,,,,,Spotting,,,,,,0.2,,,RD230,,,
,26-07-2026,,,,,LU Loading,,,,,,4.02,,,RD230,,,
,26-07-2026,,,,,Waiting,,,,,,3.53,,,RD241,,,
,26-07-2026,,,,,Spotting,,,,,,0.8,,,RD241,,,
,26-07-2026,,,,,LU Loading,,,,,,8.28,,,RD241,,,
,26-07-2026,,,,,Waiting,,,,,,0.78,,,RD253,,,
,26-07-2026,,,,,Spotting,,,,,,0.4,,,RD253,,,
,26-07-2026,,,,,LU Loading,,,,,,2.93,,,RD253,,,
,26-07-2026,,,,,Waiting,,,,,,0.4,,,RD253,,,
,26-07-2026,,,,,LU Loading,,,,,,0.87,,,RD253,,,
,26-07-2026,,,,,Waiting,,,,,,1.68,,,RD232,,,
,26-07-2026,,,,,LU Loading,,,,,,0.18,,,RD232,,,
,26-07-2026,,,,,LU Loading,,,,,,3.17,,,RD232,,,
,26-07-2026,,,,,Waiting,,,,,,5.18,,,RD230,,,
,26-07-2026,,,,,LU Loading,,,,,,0.02,,,RD230,,,
,26-07-2026,,,,,Waiting,,,,,,0.02,,,RD230,,,
,26-07-2026,,,,,LU Loading,,,,,,0.3,,,RD230,,,
,26-07-2026,,,,,Spotting,,,,,,0.27,,,RD237,,,
,26-07-2026,,,,,LU Loading,,,,,,3.33,,,RD237,,,
,26-07-2026,,,,,Waiting,,,,,,0.67,,,RD241,,,
,26-07-2026,,,,,LU Loading,,,,,,4.12,,,RD241,,,
,26-07-2026,,,,,Waiting,,,,,,1.92,,,RD232,,,
,26-07-2026,,,,,Spotting,,,,,,0.73,,,RD232,,,
,26-07-2026,,,,,LU Loading,,,,,,3.07,,,RD232,,,
,26-07-2026,,,,,Waiting,,,,,,4.37,,,RD230,,,
,26-07-2026,,,,,LU Loading,,,,,,0.02,,,RD230,,,
,26-07-2026,,,,,Waiting,,,,,,5.87,,,RD241,,,
,26-07-2026,,,,,Spotting,,,,,,0.18,,,RD241,,,
,26-07-2026,,,,,LU Loading,,,,,,4,,,RD241,,,
,26-07-2026,,,,,Waiting,,,,,,1.15,,,RD232,,,
,26-07-2026,,,,,LU Loading,,,,,,3.43,,,RD232,,,
,26-07-2026,,,,,Waiting,,,,,,5.45,,,RD237,,,
,26-07-2026,,,,,LU Loading,,,,,,2.73,,,RD237,,,
,26-07-2026,,,,,Spotting,,,,,,0.13,,,RD230,,,
,26-07-2026,,,,,LU Loading,,,,,,3,,,RD230,,,
,26-07-2026,,,,,Waiting,,,,,,2.63,,,RD241,,,
,26-07-2026,,,,,Spotting,,,,,,0.17,,,RD241,,,
,26-07-2026,,,,,LU Loading,,,,,,3.3,,,RD241,,,
,26-07-2026,,,,,Waiting,,,,,,2.73,,,RD232,,,
,26-07-2026,,,,,LU Loading,,,,,,0.02,,,RD232,,,
,26-07-2026,,,,,Waiting,,,,,,0.73,,,RD232,,,
,26-07-2026,,,,,LU Loading,,,,,,0.9,,,RD232,,,
,26-07-2026,,,,,Waiting,,,,,,0.87,,,RD237,,,
,26-07-2026,,,,,Spotting,,,,,,0.1,,,RD237,,,
,26-07-2026,,,,,LU Loading,,,,,,3.55,,,RD237,,,
,26-07-2026,,,,,Waiting,,,,,,0.27,,,RD230,,,
,26-07-2026,,,,,LU Loading,,,,,,0.2,,,RD230,,,
,26-07-2026,,,,,Waiting,,,,,,0.02,,,RD230,,,
,26-07-2026,,,,,LU Loading,,,,,,2.62,,,RD230,,,
,26-07-2026,,,,,Waiting,,,,,,11.92,,,RD237,,,
,26-07-2026,,,,,LU Loading,,,,,,3.03,,,RD237,,,
,26-07-2026,,,,,Waiting,,,,,,27.48,,,RD235,,,
,26-07-2026,,,,,Shift Change,,,,,,22.15,,,RD235,,,
,26-07-2026,,,,,Shift Change,,,,,,76.28,,,RD235,,,
,26-07-2026,,,,,Schedule No Work,,,,,,56,,,RD235,,,
,26-07-2026,,,,,Daily Service,,,,,,347.72,,,RD235,,,
,26-07-2026,,,,,Daily Service,,,,,,84.6,,,RD235,,,
,26-07-2026,,,,,Schedule No Work,,,,,,85.12,,,RD235,,,
,27-07-2026,,,,,Marching,,,,,,91.1,,,RD235,,,
,27-07-2026,,,,,Waiting,,,,,,1.35,,,RD235,,,
,27-07-2026,,,,,LU Loading,,,,,,3.58,,,RD235,,,
,27-07-2026,,,,,Waiting,,,,,,1.3,,,RD249,,,
,27-07-2026,,,,,Spotting,,,,,,0.42,,,RD249,,,
,27-07-2026,,,,,LU Loading,,,,,,3.73,,,RD249,,,
,27-07-2026,,,,,Waiting,,,,,,2.15,,,RD252,,,
,27-07-2026,,,,,Spotting,,,,,,0.13,,,RD252,,,
,27-07-2026,,,,,LU Loading,,,,,,3.62,,,RD252,,,
,27-07-2026,,,,,Waiting,,,,,,1.08,,,RD247,,,
,27-07-2026,,,,,LU Loading,,,,,,3.32,,,RD247,,,
,27-07-2026,,,,,Waiting,,,,,,0.63,,,RD235,,,
,27-07-2026,,,,,LU Loading,,,,,,2.4,,,RD235,,,
,27-07-2026,,,,,Waiting,,,,,,0.95,,,RD249,,,
,27-07-2026,,,,,Spotting,,,,,,0.15,,,RD249,,,
,27-07-2026,,,,,LU Loading,,,,,,2.72,,,RD249,,,
,27-07-2026,,,,,Waiting,,,,,,0.35,,,RD252,,,
,27-07-2026,,,,,Spotting,,,,,,0.23,,,RD252,,,
,27-07-2026,,,,,LU Loading,,,,,,2.88,,,RD252,,,
,27-07-2026,,,,,Waiting,,,,,,0.82,,,RD247,,,
,27-07-2026,,,,,LU Loading,,,,,,2.9,,,RD247,,,
,27-07-2026,,,,,Waiting,,,,,,0.58,,,RD235,,,
,27-07-2026,,,,,Spotting,,,,,,0.13,,,RD235,,,
,27-07-2026,,,,,LU Loading,,,,,,3.12,,,RD235,,,
,27-07-2026,,,,,Waiting,,,,,,0.38,,,RD249,,,
,27-07-2026,,,,,Spotting,,,,,,0.65,,,RD249,,,
,27-07-2026,,,,,LU Loading,,,,,,3.08,,,RD249,,,
,27-07-2026,,,,,Waiting,,,,,,0.55,,,RD252,,,
,27-07-2026,,,,,LU Loading,,,,,,3.48,,,RD252,,,
,27-07-2026,,,,,Waiting,,,,,,0.97,,,RD247,,,
,27-07-2026,,,,,LU Loading,,,,,,4.05,,,RD247,,,
,27-07-2026,,,,,Waiting,,,,,,3.68,,,RD235,,,
,27-07-2026,,,,,LU Loading,,,,,,2.83,,,RD235,,,
,27-07-2026,,,,,Waiting,,,,,,0.87,,,RD249,,,
,27-07-2026,,,,,LU Loading,,,,,,2.68,,,RD249,,,
,27-07-2026,,,,,Waiting,,,,,,0.68,,,RD252,,,
,27-07-2026,,,,,Spotting,,,,,,0.12,,,RD252,,,
,27-07-2026,,,,,LU Loading,,,,,,5.5,,,RD252,,,
,27-07-2026,,,,,Waiting,,,,,,0.95,,,RD247,,,
,27-07-2026,,,,,LU Loading,,,,,,3.43,,,RD247,,,
,27-07-2026,,,,,Waiting,,,,,,0.38,,,RD235,,,
,27-07-2026,,,,,LU Loading,,,,,,2.78,,,RD235,,,
,27-07-2026,,,,,Spotting,,,,,,0.92,,,RD249,,,
,27-07-2026,,,,,LU Loading,,,,,,2.25,,,RD249,,,
,27-07-2026,,,,,Waiting,,,,,,0.88,,,RD252,,,
,27-07-2026,,,,,LU Loading,,,,,,0.22,,,RD252,,,
,27-07-2026,,,,,LU Loading,,,,,,2.85,,,RD252,,,
,27-07-2026,,,,,Waiting,,,,,,0.77,,,RD247,,,
,27-07-2026,,,,,Spotting,,,,,,0.3,,,RD247,,,
,27-07-2026,,,,,LU Loading,,,,,,4.07,,,RD247,,,
,27-07-2026,,,,,LU Loading,,,,,,4.97,,,RD228,,,
,27-07-2026,,,,,LU Loading,,,,,,2.97,,,RD249,,,
,27-07-2026,,,,,LU Loading,,,,,,3.23,,,RD252,,,
,27-07-2026,,,,,Waiting,,,,,,0.33,,,RD247,,,
,27-07-2026,,,,,Spotting,,,,,,0.33,,,RD247,,,
,27-07-2026,,,,,LU Loading,,,,,,2.67,,,RD247,,,
,27-07-2026,,,,,Waiting,,,,,,0.42,,,RD249,,,
,27-07-2026,,,,,Spotting,,,,,,0.95,,,RD249,,,
,27-07-2026,,,,,LU Loading,,,,,,7.78,,,RD249,,,
,27-07-2026,,,,,Waiting,,,,,,0.52,,,RD235,,,
,27-07-2026,,,,,LU Loading,,,,,,2.37,,,RD235,,,
,27-07-2026,,,,,Waiting,,,,,,0.77,,,RD247,,,
,27-07-2026,,,,,LU Loading,,,,,,2.4,,,RD247,,,
,27-07-2026,,,,,Waiting,,,,,,0.07,,,RD228,,,
,27-07-2026,,,,,LU Loading,,,,,,0.02,,,RD228,,,
,27-07-2026,,,,,Waiting,,,,,,1.05,,,RD249,,,
,27-07-2026,,,,,LU Loading,,,,,,2.82,,,RD249,,,
,27-07-2026,,,,,Waiting,,,,,,2.28,,,RD235,,,
,27-07-2026,,,,,Spotting,,,,,,0.22,,,RD235,,,
,27-07-2026,,,,,LU Loading,,,,,,3.15,,,RD235,,,
,27-07-2026,,,,,Waiting,,,,,,2.58,,,RD247,,,
,27-07-2026,,,,,LU Loading,,,,,,3.43,,,RD247,,,
,27-07-2026,,,,,Waiting,,,,,,0.58,,,RD249,,,
,27-07-2026,,,,,Spotting,,,,,,0.43,,,RD249,,,
,27-07-2026,,,,,LU Loading,,,,,,3.12,,,RD249,,,
,27-07-2026,,,,,Waiting,,,,,,0.3,,,RD235,,,
,27-07-2026,,,,,Spotting,,,,,,0.2,,,RD235,,,
,27-07-2026,,,,,LU Loading,,,,,,3.23,,,RD235,,,
,27-07-2026,,,,,Waiting,,,,,,0.68,,,RD247,,,
,27-07-2026,,,,,Spotting,,,,,,0.45,,,RD247,,,
,27-07-2026,,,,,LU Loading,,,,,,2.95,,,RD247,,,
,27-07-2026,,,,,LU Loading,,,,,,6.82,,,RD252,,,
,27-07-2026,,,,,Spotting,,,,,,0.58,,,RD249,,,
,27-07-2026,,,,,LU Loading,,,,,,3.75,,,RD249,,,
,27-07-2026,,,,,Spotting,,,,,,0.68,,,RD235,,,
,27-07-2026,,,,,LU Loading,,,,,,2.72,,,RD235,,,
,27-07-2026,,,,,Spotting,,,,,,0.82,,,RD247,,,
,27-07-2026,,,,,LU Loading,,,,,,2.3,,,RD247,,,
,27-07-2026,,,,,Waiting,,,,,,1.07,,,RD249,,,
,27-07-2026,,,,,LU Loading,,,,,,3.53,,,RD249,,,
,27-07-2026,,,,,Waiting,,,,,,0.25,,,RD235,,,
,27-07-2026,,,,,Spotting,,,,,,0.12,,,RD235,,,
,27-07-2026,,,,,LU Loading,,,,,,2.75,,,RD235,,,
,27-07-2026,,,,,Waiting,,,,,,0.52,,,RD247,,,
,27-07-2026,,,,,Spotting,,,,,,0.25,,,RD247,,,
,27-07-2026,,,,,LU Loading,,,,,,2.63,,,RD247,,,
,27-07-2026,,,,,Waiting,,,,,,0.78,,,RD249,,,
,27-07-2026,,,,,Spotting,,,,,,0.35,,,RD249,,,
,27-07-2026,,,,,LU Loading,,,,,,3.77,,,RD249,,,
,27-07-2026,,,,,Waiting,,,,,,1.33,,,RD247,,,
,27-07-2026,,,,,LU Loading,,,,,,2.2,,,RD247,,,
,27-07-2026,,,,,Spotting,,,,,,0.3,,,RD235,,,
,27-07-2026,,,,,LU Loading,,,,,,3.08,,,RD235,,,
,27-07-2026,,,,,Waiting,,,,,,18.3,,,RD246,,,
,27-07-2026,,,,,Shift Change,,,,,,15.13,,,RD246,,,
,27-07-2026,,,,,,,,,,,,,,,,,
,Timestamp,,,,,Status Code,,Sub-Status Code,,,,"Duration
(min)",,,Hauling Unit,,,
,27-07-2026,,,,,Shift Change,,,,,,59.32,,,RD246,,,
,27-07-2026,,,,,Marching,,,,,,5.35,,,RD246,,,
,27-07-2026,,,,,LU Loading,,,,,,3.85,,,RD246,,,
,27-07-2026,,,,,LU Loading,,,,,,3.22,,,RD237,,,
,27-07-2026,,,,,LU Loading,,,,,,3.55,,,RD243,,,
,27-07-2026,,,,,Spotting,,,,,,0.55,,,RD232,,,
,27-07-2026,,,,,LU Loading,,,,,,3,,,RD232,,,
,27-07-2026,,,,,Waiting,,,,,,1.62,,,RD246,,,
,27-07-2026,,,,,Spotting,,,,,,0.48,,,RD246,,,
,27-07-2026,,,,,LU Loading,,,,,,3.05,,,RD246,,,
,27-07-2026,,,,,Waiting,,,,,,31.42,,,RD229,,,
,27-07-2026,,,,,LU Loading,,,,,,8.55,,,RD229,,,
,27-07-2026,,,,,Waiting,,,,,,13.62,,,RD243,,,
,27-07-2026,,,,,LU Loading,,,,,,17.5,,,RD243,,,
,27-07-2026,,,,,LU Loading,,,,,,3.52,,,RD232,,,
,27-07-2026,,,,,Spotting,,,,,,0.82,,,RD237,,,
,27-07-2026,,,,,LU Loading,,,,,,4.75,,,RD237,,,
,27-07-2026,,,,,Waiting,,,,,,0.37,,,RD246,,,
,27-07-2026,,,,,LU Loading,,,,,,4.05,,,RD246,,,
,27-07-2026,,,,,Spotting,,,,,,0.33,,,RD243,,,
,27-07-2026,,,,,LU Loading,,,,,,3.75,,,RD243,,,
,27-07-2026,,,,,Spotting,,,,,,0.73,,,RD232,,,
,27-07-2026,,,,,LU Loading,,,,,,4.12,,,RD232,,,
,27-07-2026,,,,,Spotting,,,,,,0.15,,,RD237,,,
,27-07-2026,,,,,LU Loading,,,,,,7.15,,,RD237,,,
,27-07-2026,,,,,Waiting,,,,,,0.02,,,RD246,,,
,27-07-2026,,,,,Spotting,,,,,,2.3,,,RD246,,,
,27-07-2026,,,,,LU Loading,,,,,,4.42,,,RD246,,,
,27-07-2026,,,,,Waiting,,,,,,0.3,,,RD232,,,
,27-07-2026,,,,,Spotting,,,,,,0.3,,,RD232,,,
,27-07-2026,,,,,LU Loading,,,,,,5.67,,,RD232,,,
,27-07-2026,,,,,Waiting,,,,,,2.9,,,RD237,,,
,27-07-2026,,,,,LU Loading,,,,,,3.47,,,RD237,,,
,27-07-2026,,,,,Waiting,,,,,,1.3,,,RD232,,,
,27-07-2026,,,,,Spotting,,,,,,0.13,,,RD232,,,
,27-07-2026,,,,,LU Loading,,,,,,3.6,,,RD232,,,
,27-07-2026,,,,,Waiting,,,,,,2.08,,,RD237,,,
,27-07-2026,,,,,LU Loading,,,,,,6.37,,,RD237,,,
,27-07-2026,,,,,Waiting,,,,,,1.33,,,RD243,,,
,27-07-2026,,,,,Spotting,,,,,,0.7,,,RD243,,,
,27-07-2026,,,,,LU Loading,,,,,,8.17,,,RD243,,,
,27-07-2026,,,,,Waiting,,,,,,0.48,,,RD240,,,
,27-07-2026,,,,,LU Loading,,,,,,0.62,,,RD240,,,
,27-07-2026,,,,,Spotting,,,,,,2.75,,,RD246,,,
,27-07-2026,,,,,LU Loading,,,,,,8.68,,,RD246,,,
,27-07-2026,,,,,Waiting,,,,,,24.92,,,RD232,,,
,27-07-2026,,,,,LU Loading,,,,,,22.45,,,RD232,,,
,27-07-2026,,,,,LU Loading,,,,,,2.77,,,RD232,,,
,27-07-2026,,,,,Waiting,,,,,,22,,,RD237,,,
,27-07-2026,,,,,Spotting,,,,,,0.48,,,RD237,,,
,27-07-2026,,,,,LU Loading,,,,,,11.5,,,RD237,,,
,27-07-2026,,,,,Waiting,,,,,,2.37,,,RD246,,,
,27-07-2026,,,,,Spotting,,,,,,0.42,,,RD246,,,
,27-07-2026,,,,,LU Loading,,,,,,9.13,,,RD246,,,
,27-07-2026,,,,,Waiting,,,,,,1.88,,,RD243,,,
,27-07-2026,,,,,LU Loading,,,,,,10.72,,,RD243,,,
,27-07-2026,,,,,Waiting,,,,,,8.97,,,RD237,,,
,27-07-2026,,,,,Spotting,,,,,,0.2,,,RD237,,,
,27-07-2026,,,,,LU Loading,,,,,,5.72,,,RD237,,,
,27-07-2026,,,,,Waiting,,,,,,4.35,,,RD246,,,
,27-07-2026,,,,,LU Loading,,,,,,5.73,,,RD246,,,
,27-07-2026,,,,,Waiting,,,,,,1.27,,,RD243,,,
,27-07-2026,,,,,Spotting,,,,,,0.27,,,RD243,,,
,27-07-2026,,,,,LU Loading,,,,,,5.25,,,RD243,,,
,27-07-2026,,,,,Waiting,,,,,,3.52,,,RD237,,,
,27-07-2026,,,,,LU Loading,,,,,,6.52,,,RD237,,,
,27-07-2026,,,,,Waiting,,,,,,1.27,,,RD246,,,
,27-07-2026,,,,,LU Loading,,,,,,4.33,,,RD246,,,
,27-07-2026,,,,,Waiting,,,,,,13.68,,,RD243,,,
,27-07-2026,,,,,LU Loading,,,,,,3.43,,,RD243,,,
,27-07-2026,,,,,Waiting,,,,,,0.63,,,RD237,,,
,27-07-2026,,,,,LU Loading,,,,,,3.5,,,RD237,,,
,27-07-2026,,,,,Waiting,,,,,,2.03,,,RD246,,,
,27-07-2026,,,,,LU Loading,,,,,,2.98,,,RD246,,,
,27-07-2026,,,,,Waiting,,,,,,0.73,,,RD237,,,
,27-07-2026,,,,,Spotting,,,,,,0.13,,,RD237,,,
,27-07-2026,,,,,LU Loading,,,,,,3.57,,,RD237,,,
,27-07-2026,,,,,Waiting,,,,,,1.23,,,RD243,,,
,27-07-2026,,,,,Spotting,,,,,,0.22,,,RD243,,,
,27-07-2026,,,,,LU Loading,,,,,,4.47,,,RD243,,,
,27-07-2026,,,,,Waiting,,,,,,0.8,,,RD246,,,
,27-07-2026,,,,,Spotting,,,,,,0.75,,,RD246,,,
,27-07-2026,,,,,LU Loading,,,,,,3.1,,,RD246,,,
,27-07-2026,,,,,Waiting,,,,,,0.42,,,RD237,,,
,27-07-2026,,,,,LU Loading,,,,,,3.9,,,RD237,,,
,27-07-2026,,,,,Waiting,,,,,,3.75,,,RD251,,,
,27-07-2026,,,,,Marching,,,,,,12,,,RD251,,,
,27-07-2026,,,,,Shift Change,,,,,,22.27,,,RD251,,,
,27-07-2026,,,,,Shift Change,,,,,,116.7,,,RD251,,,
,27-07-2026,,,,,Blasting,,,,,,53.43,,,RD251,,,
,27-07-2026,,,,,Marching,,,,,,10.83,,,RD251,,,
,27-07-2026,,,,,LU Loading,,,,,,0.38,,,RD251,,,
,27-07-2026,,,,,Waiting,,,,,,4.93,,,RD235,,,
,27-07-2026,,,,,Tea/ Breakfast / Snacks,,,,,,25.38,,,RD235,,,
,27-07-2026,,,,,Side Casting,,,,,,41.3,,,RD235,,,
,27-07-2026,,,,,LU Loading,,,,,,3.65,,,RD235,,,
,27-07-2026,,,,,Side Casting,,,,,,31.23,,,RD231,,,
,27-07-2026,,,,,LU Loading,,,,,,3.73,,,RD231,,,
,27-07-2026,,,,,Waiting,,,,,,1.15,,,RD235,,,
,27-07-2026,,,,,LU Loading,,,,,,9.92,,,RD235,,,
,27-07-2026,,,,,Waiting,,,,,,9.05,,,RD247,,,
,27-07-2026,,,,,LU Loading,,,,,,2.32,,,RD247,,,
,27-07-2026,,,,,Waiting,,,,,,1.25,,,RD248,,,
,27-07-2026,,,,,LU Loading,,,,,,2.5,,,RD248,,,
,27-07-2026,,,,,Waiting,,,,,,1.08,,,RD235,,,
,27-07-2026,,,,,Spotting,,,,,,0.17,,,RD235,,,
,27-07-2026,,,,,LU Loading,,,,,,2.77,,,RD235,,,
,27-07-2026,,,,,Waiting,,,,,,1.47,,,RD249,,,
,27-07-2026,,,,,LU Loading,,,,,,2.3,,,RD249,,,
,27-07-2026,,,,,Waiting,,,,,,0.55,,,RD247,,,
,27-07-2026,,,,,Spotting,,,,,,1.17,,,RD247,,,
,27-07-2026,,,,,LU Loading,,,,,,17,,,RD247,,,
,27-07-2026,,,,,Waiting,,,,,,4.58,,,RD248,,,
,27-07-2026,,,,,LU Loading,,,,,,2.98,,,RD248,,,
,27-07-2026,,,,,Waiting,,,,,,1.08,,,RD235,,,
,27-07-2026,,,,,LU Loading,,,,,,3.5,,,RD235,,,
,27-07-2026,,,,,Waiting,,,,,,0.65,,,RD249,,,
,27-07-2026,,,,,LU Loading,,,,,,1.23,,,RD249,,,
,27-07-2026,,,,,Waiting,,,,,,0.75,,,RD249,,,
,27-07-2026,,,,,LU Loading,,,,,,1.02,,,RD249,,,
,27-07-2026,,,,,Waiting,,,,,,14.27,,,RD247,,,
,27-07-2026,,,,,Spotting,,,,,,0.25,,,RD247,,,
,27-07-2026,,,,,LU Loading,,,,,,2.82,,,RD247,,,
,27-07-2026,,,,,Waiting,,,,,,0.85,,,RD248,,,
,27-07-2026,,,,,LU Loading,,,,,,2.68,,,RD248,,,
,27-07-2026,,,,,Waiting,,,,,,0.77,,,RD235,,,
,27-07-2026,,,,,LU Loading,,,,,,2.83,,,RD235,,,
,27-07-2026,,,,,Waiting,,,,,,0.58,,,RD249,,,
,27-07-2026,,,,,LU Loading,,,,,,2.62,,,RD249,,,
,27-07-2026,,,,,Waiting,,,,,,0.92,,,RD247,,,
,27-07-2026,,,,,LU Loading,,,,,,2.52,,,RD247,,,
,27-07-2026,,,,,Waiting,,,,,,1.08,,,RD236,,,
,27-07-2026,,,,,LU Loading,,,,,,3.08,,,RD236,,,
,27-07-2026,,,,,Waiting,,,,,,0.47,,,RD248,,,
,27-07-2026,,,,,LU Loading,,,,,,2.87,,,RD248,,,
,27-07-2026,,,,,Waiting,,,,,,0.95,,,RD235,,,
,27-07-2026,,,,,Spotting,,,,,,0.53,,,RD235,,,
,27-07-2026,,,,,LU Loading,,,,,,3.17,,,RD235,,,
,27-07-2026,,,,,Waiting,,,,,,2.92,,,RD247,,,
,27-07-2026,,,,,LU Loading,,,,,,2.68,,,RD247,,,
,27-07-2026,,,,,Waiting,,,,,,1.78,,,RD249,,,
,27-07-2026,,,,,LU Loading,,,,,,2.8,,,RD249,,,
,27-07-2026,,,,,Waiting,,,,,,0.63,,,RD248,,,
,27-07-2026,,,,,LU Loading,,,,,,2.83,,,RD248,,,
,27-07-2026,,,,,Waiting,,,,,,0.98,,,RD235,,,
,27-07-2026,,,,,LU Loading,,,,,,2.55,,,RD235,,,
,27-07-2026,,,,,Waiting,,,,,,1.53,,,RD247,,,
,27-07-2026,,,,,LU Loading,,,,,,2.47,,,RD247,,,
,27-07-2026,,,,,Waiting,,,,,,4.73,,,RD248,,,
,27-07-2026,,,,,LU Loading,,,,,,3.67,,,RD248,,,
,27-07-2026,,,,,Waiting,,,,,,0.7,,,RD249,,,
,27-07-2026,,,,,LU Loading,,,,,,2.38,,,RD249,,,
,27-07-2026,,,,,Waiting,,,,,,0.6,,,RD235,,,
,27-07-2026,,,,,LU Loading,,,,,,2.45,,,RD235,,,
,27-07-2026,,,,,Waiting,,,,,,0.63,,,RD247,,,
,27-07-2026,,,,,LU Loading,,,,,,2.43,,,RD247,,,
,27-07-2026,,,,,Waiting,,,,,,13.18,,,RD236,,,
,27-07-2026,,,,,Shift Change,,,,,,24.72,,,RD236,,,
,27-07-2026,,,,,Shift Change,,,,,,63.7,,,RD236,,,
,27-07-2026,,,,,Schedule No Work,,,,,,416.3,,,RD236,,,
,28-07-2026,,,,,,,,,,,,,,,,,
,Timestamp,,,,,Status Code,,Sub-Status Code,,,,"Duration
(min)",,,Hauling Unit,,,
,28-07-2026,,,,,Schedule No Work,,,,,,34.72,,,RD236,,,
,28-07-2026,,,,,Waiting,,,,,,7.72,,,RD236,,,
,28-07-2026,,,,,LU Loading,,,,,,4.6,,,RD236,,,
,28-07-2026,,,,,Waiting,,,,,,0.57,,,RD240,,,
,28-07-2026,,,,,LU Loading,,,,,,4.48,,,RD240,,,
,28-07-2026,,,,,Waiting,,,,,,0.67,,,RD228,,,
,28-07-2026,,,,,Spotting,,,,,,0.25,,,RD228,,,
,28-07-2026,,,,,LU Loading,,,,,,5.43,,,RD228,,,
,28-07-2026,,,,,Waiting,,,,,,0.07,,,RD249,,,
,28-07-2026,,,,,LU Loading,,,,,,5.17,,,RD249,,,
,28-07-2026,,,,,Waiting,,,,,,0.88,,,RD236,,,
,28-07-2026,,,,,LU Loading,,,,,,3.78,,,RD236,,,
,28-07-2026,,,,,Waiting,,,,,,0.82,,,RD240,,,
,28-07-2026,,,,,LU Loading,,,,,,3.83,,,RD240,,,
,28-07-2026,,,,,Waiting,,,,,,0.72,,,RD228,,,
,28-07-2026,,,,,LU Loading,,,,,,3.62,,,RD228,,,
,28-07-2026,,,,,Waiting,,,,,,0.98,,,RD249,,,
,28-07-2026,,,,,LU Loading,,,,,,3.6,,,RD249,,,
,28-07-2026,,,,,Waiting,,,,,,0.62,,,RD236,,,
,28-07-2026,,,,,Fuel Filling,,,,,,10.83,,,RD236,,,
,28-07-2026,,,,,LU Loading,,,,,,3.68,,,RD236,,,
,28-07-2026,,,,,Waiting,,,,,,0.43,,,RD240,,,
,28-07-2026,,,,,LU Loading,,,,,,4.92,,,RD240,,,
,28-07-2026,,,,,Waiting,,,,,,0.2,,,RD228,,,
,28-07-2026,,,,,LU Loading,,,,,,10.15,,,RD228,,,
,28-07-2026,,,,,Waiting,,,,,,0.72,,,RD249,,,
,28-07-2026,,,,,LU Loading,,,,,,3.6,,,RD249,,,
,28-07-2026,,,,,Waiting,,,,,,0.6,,,RD236,,,
,28-07-2026,,,,,LU Loading,,,,,,3.53,,,RD236,,,
,28-07-2026,,,,,Waiting,,,,,,0.75,,,RD240,,,
,28-07-2026,,,,,LU Loading,,,,,,4.05,,,RD240,,,
,28-07-2026,,,,,Waiting,,,,,,1,,,RD228,,,
,28-07-2026,,,,,LU Loading,,,,,,5.25,,,RD228,,,
,28-07-2026,,,,,Waiting,,,,,,3.48,,,RD249,,,
,28-07-2026,,,,,LU Loading,,,,,,4.1,,,RD249,,,
,28-07-2026,,,,,Waiting,,,,,,0.92,,,RD240,,,
,28-07-2026,,,,,LU Loading,,,,,,4.18,,,RD240,,,
,28-07-2026,,,,,Waiting,,,,,,0.87,,,RD236,,,
,28-07-2026,,,,,LU Loading,,,,,,3.35,,,RD236,,,
,28-07-2026,,,,,Waiting,,,,,,0.72,,,RD228,,,
,28-07-2026,,,,,LU Loading,,,,,,3.13,,,RD228,,,
,28-07-2026,,,,,Waiting,,,,,,2.92,,,RD249,,,
,28-07-2026,,,,,LU Loading,,,,,,5.35,,,RD249,,,
,28-07-2026,,,,,Waiting,,,,,,0.7,,,RD240,,,
,28-07-2026,,,,,LU Loading,,,,,,4.6,,,RD240,,,
,28-07-2026,,,,,Waiting,,,,,,0.67,,,RD236,,,
,28-07-2026,,,,,LU Loading,,,,,,2.93,,,RD236,,,
,28-07-2026,,,,,Waiting,,,,,,0.62,,,RD228,,,
,28-07-2026,,,,,LU Loading,,,,,,4.25,,,RD228,,,
,28-07-2026,,,,,Waiting,,,,,,0.57,,,RD249,,,
,28-07-2026,,,,,LU Loading,,,,,,3.9,,,RD249,,,
,28-07-2026,,,,,Waiting,,,,,,1.67,,,RD240,,,
,28-07-2026,,,,,LU Loading,,,,,,3.07,,,RD240,,,
,28-07-2026,,,,,Waiting,,,,,,0.65,,,RD236,,,
,28-07-2026,,,,,LU Loading,,,,,,2.92,,,RD236,,,
,28-07-2026,,,,,Waiting,,,,,,0.62,,,RD246,,,
,28-07-2026,,,,,LU Loading,,,,,,3.1,,,RD246,,,
,28-07-2026,,,,,Waiting,,,,,,0.75,,,RD240,,,
,28-07-2026,,,,,Daily Service,,,,,,116.58,,,RD240,,,
,28-07-2026,,,,,Waiting,,,,,,2.63,,,RD240,,,
,28-07-2026,,,,,LU Loading,,,,,,18.18,,,RD240,,,
,28-07-2026,,,,,Waiting,,,,,,3.15,,,RD249,,,
,28-07-2026,,,,,LU Loading,,,,,,2.7,,,RD249,,,
,28-07-2026,,,,,Waiting,,,,,,9.3,,,RD249,,,
,28-07-2026,,,,,LU Loading,,,,,,3.18,,,RD249,,,
,28-07-2026,,,,,Waiting,,,,,,0.53,,,RD247,,,
,28-07-2026,,,,,LU Loading,,,,,,3.82,,,RD247,,,
,28-07-2026,,,,,Waiting,,,,,,2.13,,,RD240,,,
,28-07-2026,,,,,LU Loading,,,,,,8.48,,,RD240,,,
,28-07-2026,,,,,Waiting,,,,,,1.18,,,RD249,,,
,28-07-2026,,,,,LU Loading,,,,,,4.02,,,RD249,,,
,28-07-2026,,,,,Waiting,,,,,,1.87,,,RD240,,,
,28-07-2026,,,,,LU Loading,,,,,,3.95,,,RD240,,,
,28-07-2026,,,,,Waiting,,,,,,6.27,,,RD235,,,
,28-07-2026,,,,,Side Casting,,,,,,48.97,,,RD235,,,
,28-07-2026,,,,,Marching,,,,,,38.73,,,RD235,,,
,28-07-2026,,,,,Shift Change,,,,,,12.07,,,RD235,,,
,28-07-2026,,,,,Shift Change,,,,,,44.1,,,RD235,,,
,28-07-2026,,,,,Blasting,,,,,,182.67,,,RD235,,,
,28-07-2026,,,,,Marching,,,,,,4.25,,,RD235,,,
,28-07-2026,,,,,LU Loading,,,,,,0.88,,,RD235,,,
,28-07-2026,,,,,Waiting,,,,,,0.98,,,RD245,,,
,28-07-2026,,,,,Marching,,,,,,20.87,,,RD245,,,
,28-07-2026,,,,,Side Casting,,,,,,194.48,,,RD245,,,
,28-07-2026,,,,,Shift Change,,,,,,31.77,,,RD245,,,
,28-07-2026,,,,,Shift Change,,,,,,87.8,,,RD245,,,
,28-07-2026,,,,,Side Casting,,,,,,364.07,,,RD245,,,
,29-07-2026,,,,,Shift Change,,,,,,28.13,,,RD245,,,
,29-07-2026,,,,,,,,,,,,,,,,,
,Timestamp,,,,,Status Code,,Sub-Status Code,,,,"Duration
(min)",,,Hauling Unit,,,
,29-07-2026,,,,,Shift Change,,,,,,57.37,,,RD245,,,
,29-07-2026,,,,,Schedule No Work,,,,,,422.63,,,RD245,,,
,29-07-2026,,,,,Schedule No Work,,,,,,89.93,,,RD245,,,
,29-07-2026,,,,,Fuel Filling,,,,,,25.18,,,RD245,,,
,29-07-2026,,,,,Side Casting,,,,,,338.4,,,RD245,,,
,29-07-2026,,,,,Shift Change,,,,,,26.48,,,RD245,,,
,29-07-2026,,,,,Shift Change,,,,,,38.88,,,RD245,,,
,29-07-2026,,,,,Waiting,,,,,,7.68,,,RD245,,,
,29-07-2026,,,,,LU Loading,,,,,,2.38,,,RD245,,,
,29-07-2026,,,,,Waiting,,,,,,4.3,,,RD248,,,
,29-07-2026,,,,,LU Loading,,,,,,2.58,,,RD248,,,
,29-07-2026,,,,,Waiting,,,,,,0.23,,,RD126,,,
,29-07-2026,,,,,LU Loading,,,,,,2.92,,,RD126,,,
,29-07-2026,,,,,Waiting,,,,,,0.6,,,RD230,,,
,29-07-2026,,,,,Spotting,,,,,,0.37,,,RD230,,,
,29-07-2026,,,,,LU Loading,,,,,,2.52,,,RD230,,,
,29-07-2026,,,,,Waiting,,,,,,0.58,,,RD226,,,
,29-07-2026,,,,,LU Loading,,,,,,2.23,,,RD226,,,
,29-07-2026,,,,,Waiting,,,,,,1.97,,,RD231,,,
,29-07-2026,,,,,LU Loading,,,,,,3.17,,,RD231,,,
,29-07-2026,,,,,Waiting,,,,,,12.23,,,RD245,,,
,29-07-2026,,,,,LU Loading,,,,,,2.82,,,RD245,,,
,29-07-2026,,,,,Waiting,,,,,,0.5,,,RD248,,,
,29-07-2026,,,,,LU Loading,,,,,,2.28,,,RD248,,,
,29-07-2026,,,,,Waiting,,,,,,4.28,,,RD141,,,
,29-07-2026,,,,,LU Loading,,,,,,2.58,,,RD141,,,
,29-07-2026,,,,,Waiting,,,,,,0.6,,,RD230,,,
,29-07-2026,,,,,Spotting,,,,,,0.4,,,RD230,,,
,29-07-2026,,,,,LU Loading,,,,,,2.7,,,RD230,,,
,29-07-2026,,,,,Waiting,,,,,,0.82,,,RD226,,,
,29-07-2026,,,,,LU Loading,,,,,,2.73,,,RD226,,,
,29-07-2026,,,,,Spotting,,,,,,0.62,,,RD126,,,
,29-07-2026,,,,,LU Loading,,,,,,2.43,,,RD126,,,
,29-07-2026,,,,,Waiting,,,,,,1.12,,,RD231,,,
,29-07-2026,,,,,LU Loading,,,,,,2.72,,,RD231,,,
,29-07-2026,,,,,Waiting,,,,,,9.15,,,RD245,,,
,29-07-2026,,,,,LU Loading,,,,,,2.65,,,RD245,,,
,30-07-2026,,,,,Waiting,,,,,,0.3,,,RD143,,,
,30-07-2026,,,,,LU Loading,,,,,,3.28,,,RD143,,,
,30-07-2026,,,,,Waiting,,,,,,6.63,,,RD226,,,
,30-07-2026,,,,,LU Loading,,,,,,2.65,,,RD226,,,
,30-07-2026,,,,,Waiting,,,,,,0.17,,,RD248,,,
,30-07-2026,,,,,LU Loading,,,,,,2.45,,,RD248,,,
,30-07-2026,,,,,Waiting,,,,,,5.88,,,RD141,,,
,30-07-2026,,,,,LU Loading,,,,,,2.8,,,RD141,,,
,30-07-2026,,,,,Waiting,,,,,,0.88,,,RD231,,,
,30-07-2026,,,,,Spotting,,,,,,0.4,,,RD231,,,
,30-07-2026,,,,,LU Loading,,,,,,2.33,,,RD231,,,
,30-07-2026,,,,,Waiting,,,,,,5.98,,,RD230,,,
,30-07-2026,,,,,LU Loading,,,,,,2.72,,,RD230,,,
,30-07-2026,,,,,Waiting,,,,,,0.73,,,RD245,,,
,30-07-2026,,,,,LU Loading,,,,,,3.03,,,RD245,,,
,30-07-2026,,,,,Waiting,,,,,,0.27,,,RD126,,,
,30-07-2026,,,,,LU Loading,,,,,,3.25,,,RD126,,,
,30-07-2026,,,,,Waiting,,,,,,1.07,,,RD226,,,
,30-07-2026,,,,,LU Loading,,,,,,3.18,,,RD226,,,
,30-07-2026,,,,,Waiting,,,,,,0.37,,,RD143,,,
,30-07-2026,,,,,Spotting,,,,,,0.42,,,RD143,,,
,30-07-2026,,,,,LU Loading,,,,,,2.78,,,RD143,,,
,30-07-2026,,,,,Waiting,,,,,,7.05,,,RD248,,,
,30-07-2026,,,,,LU Loading,,,,,,4.73,,,RD248,,,
,30-07-2026,,,,,Waiting,,,,,,1.88,,,RD231,,,
,30-07-2026,,,,,LU Loading,,,,,,2.62,,,RD231,,,
,30-07-2026,,,,,Waiting,,,,,,6.05,,,RD141,,,
,30-07-2026,,,,,LU Loading,,,,,,0.12,,,RD141,,,
,30-07-2026,,,,,LU Loading,,,,,,2.48,,,RD141,,,
,30-07-2026,,,,,Waiting,,,,,,1.53,,,RD245,,,
,30-07-2026,,,,,LU Loading,,,,,,3.32,,,RD245,,,
,30-07-2026,,,,,Waiting,,,,,,6.45,,,RD226,,,
,30-07-2026,,,,,LU Loading,,,,,,3.23,,,RD226,,,
,30-07-2026,,,,,Waiting,,,,,,13.68,,,RD231,,,
,30-07-2026,,,,,LU Loading,,,,,,3.02,,,RD231,,,
,30-07-2026,,,,,Waiting,,,,,,0.6,,,RD230,,,
,30-07-2026,,,,,LU Loading,,,,,,2.18,,,RD230,,,
,30-07-2026,,,,,Waiting,,,,,,0.2,,,RD126,,,
,30-07-2026,,,,,LU Loading,,,,,,3.62,,,RD126,,,
,30-07-2026,,,,,LU Loading,,,,,,3.03,,,RD248,,,
,30-07-2026,,,,,Waiting,,,,,,0.68,,,RD245,,,
,30-07-2026,,,,,LU Loading,,,,,,3.13,,,RD245,,,
,30-07-2026,,,,,Waiting,,,,,,8.67,,,RD141,,,
,30-07-2026,,,,,Spotting,,,,,,0.32,,,RD141,,,
,30-07-2026,,,,,LU Loading,,,,,,2.42,,,RD141,,,
,30-07-2026,,,,,Waiting,,,,,,9.97,,,RD230,,,
,30-07-2026,,,,,Spotting,,,,,,0.4,,,RD230,,,
,30-07-2026,,,,,LU Loading,,,,,,2.5,,,RD230,,,
,30-07-2026,,,,,Waiting,,,,,,2.15,,,RD248,,,
,30-07-2026,,,,,Spotting,,,,,,0.58,,,RD248,,,
,30-07-2026,,,,,LU Loading,,,,,,3.38,,,RD248,,,
,30-07-2026,,,,,Waiting,,,,,,0.47,,,RD226,,,
,30-07-2026,,,,,LU Loading,,,,,,6.67,,,RD226,,,
,30-07-2026,,,,,Waiting,,,,,,0.8,,,RD143,,,
,30-07-2026,,,,,Spotting,,,,,,0.12,,,RD143,,,
,30-07-2026,,,,,LU Loading,,,,,,2.13,,,RD143,,,
,30-07-2026,,,,,Waiting,,,,,,6.35,,,RD245,,,
,30-07-2026,,,,,LU Loading,,,,,,3.38,,,RD245,,,
,30-07-2026,,,,,Waiting,,,,,,9.7,,,RD126,,,
,30-07-2026,,,,,LU Loading,,,,,,3.53,,,RD126,,,
,30-07-2026,,,,,Waiting,,,,,,2.57,,,RD231,,,
,30-07-2026,,,,,LU Loading,,,,,,3.05,,,RD231,,,
,30-07-2026,,,,,Waiting,,,,,,3.73,,,RD230,,,
,30-07-2026,,,,,Face Prep,,,,,,6.82,,,RD230,,,
,30-07-2026,,,,,LU Loading,,,,,,2.77,,,RD230,,,
,30-07-2026,,,,,Waiting,,,,,,0.18,,,RD248,,,
,30-07-2026,,,,,Spotting,,,,,,1.4,,,RD248,,,
,30-07-2026,,,,,LU Loading,,,,,,4.05,,,RD248,,,
,30-07-2026,,,,,Waiting,,,,,,2.72,,,RD143,,,
,30-07-2026,,,,,Spotting,,,,,,0.22,,,RD143,,,
,30-07-2026,,,,,LU Loading,,,,,,2.9,,,RD143,,,
,30-07-2026,,,,,Waiting,,,,,,1.13,,,RD141,,,
,30-07-2026,,,,,LU Loading,,,,,,3.18,,,RD141,,,
,30-07-2026,,,,,Waiting,,,,,,1.62,,,RD226,,,
,30-07-2026,,,,,LU Loading,,,,,,2.63,,,RD226,,,
,30-07-2026,,,,,Waiting,,,,,,12.67,,,RD126,,,
,30-07-2026,,,,,LU Loading,,,,,,4.82,,,RD126,,,
,30-07-2026,,,,,Waiting,,,,,,5.33,,,RD231,,,
,30-07-2026,,,,,LU Loading,,,,,,7.37,,,RD231,,,
,30-07-2026,,,,,LU Loading,,,,,,7.02,,,RD248,,,
,30-07-2026,,,,,LU Loading,,,,,,0.22,,,RD143,,,
,30-07-2026,,,,,Waiting,,,,,,0.15,,,RD248,,,
,30-07-2026,,,,,Schedule No Work,,,,,,2.1,,,RD248,,,
,30-07-2026,,,,,LU Loading,,,,,,0.13,,,RD248,,,
,30-07-2026,,,,,LU Loading,,,,,,0.13,,,RD143,,,
,30-07-2026,,,,,Waiting,,,,,,3.92,,,RD243,,,
,30-07-2026,,,,,Schedule No Work,,,,,,67.47,,,RD243,,,
,30-07-2026,,,,,Shift Change,,,,,,23.93,,,RD243,,,
,30-07-2026,,,,,,,,,,,,,,,,,
,Timestamp,,,,,Status Code,,Sub-Status Code,,,,"Duration
(min)",,,Hauling Unit,,,
,30-07-2026,,,,,Shift Change,,,,,,55.13,,,RD243,,,
,30-07-2026,,,,,Schedule No Work,,,,,,424.87,,,RD243,,,
,30-07-2026,,,,,Schedule No Work,,,,,,128.7,,,RD243,,,
,30-07-2026,,,,,Waiting,,,,,,12.32,,,RD243,,,
,30-07-2026,,,,,LU Loading,,,,,,3.28,,,RD243,,,
,30-07-2026,,,,,Waiting,,,,,,2.4,,,RD132,,,
,30-07-2026,,,,,LU Loading,,,,,,5.33,,,RD132,,,
,30-07-2026,,,,,Waiting,,,,,,5.12,,,RD244,,,
,30-07-2026,,,,,Spotting,,,,,,0.18,,,RD244,,,
,30-07-2026,,,,,LU Loading,,,,,,3.68,,,RD244,,,
,30-07-2026,,,,,Waiting,,,,,,0.73,,,RD121,,,
,30-07-2026,,,,,Spotting,,,,,,0.47,,,RD121,,,
,30-07-2026,,,,,LU Loading,,,,,,3.7,,,RD121,,,
,30-07-2026,,,,,Waiting,,,,,,19.5,,,RD132,,,
,30-07-2026,,,,,Spotting,,,,,,0.53,,,RD132,,,
,30-07-2026,,,,,LU Loading,,,,,,8.98,,,RD132,,,
,30-07-2026,,,,,Waiting,,,,,,1.15,,,RD237,,,
,30-07-2026,,,,,LU Loading,,,,,,3.73,,,RD237,,,
,30-07-2026,,,,,Waiting,,,,,,0.75,,,RD244,,,
,30-07-2026,,,,,LU Loading,,,,,,5.13,,,RD244,,,
,30-07-2026,,,,,Waiting,,,,,,1.65,,,RD243,,,
,30-07-2026,,,,,Spotting,,,,,,0.52,,,RD243,,,
,30-07-2026,,,,,LU Loading,,,,,,7.68,,,RD243,,,
,30-07-2026,,,,,LU Loading,,,,,,4.23,,,RD121,,,
,30-07-2026,,,,,Waiting,,,,,,1.43,,,RD243,,,
,30-07-2026,,,,,LU Loading,,,,,,4.7,,,RD243,,,
,30-07-2026,,,,,Waiting,,,,,,7.93,,,RD132,,,
,30-07-2026,,,,,LU Loading,,,,,,3.3,,,RD132,,,
,30-07-2026,,,,,Waiting,,,,,,1.22,,,RD244,,,
,30-07-2026,,,,,LU Loading,,,,,,4.35,,,RD244,,,
,30-07-2026,,,,,Waiting,,,,,,0.55,,,RD237,,,
,30-07-2026,,,,,LU Loading,,,,,,5.8,,,RD237,,,
,30-07-2026,,,,,Waiting,,,,,,10.83,,,RD121,,,
,30-07-2026,,,,,LU Loading,,,,,,6.47,,,RD121,,,
,30-07-2026,,,,,Waiting,,,,,,0.92,,,RD243,,,
,30-07-2026,,,,,LU Loading,,,,,,6.3,,,RD243,,,
,30-07-2026,,,,,Waiting,,,,,,0.42,,,RD237,,,
,30-07-2026,,,,,LU Loading,,,,,,4.75,,,RD237,,,
,30-07-2026,,,,,Waiting,,,,,,1.43,,,RD121,,,
,30-07-2026,,,,,LU Loading,,,,,,2.8,,,RD121,,,
,30-07-2026,,,,,Waiting,,,,,,3.17,,,RD243,,,
,30-07-2026,,,,,Spotting,,,,,,0.5,,,RD243,,,
,30-07-2026,,,,,LU Loading,,,,,,7,,,RD243,,,
,30-07-2026,,,,,Waiting,,,,,,1.6,,,RD244,,,
,30-07-2026,,,,,Spotting,,,,,,0.5,,,RD244,,,
,30-07-2026,,,,,LU Loading,,,,,,4.33,,,RD244,,,
,30-07-2026,,,,,Waiting,,,,,,0.55,,,RD237,,,
,30-07-2026,,,,,Spotting,,,,,,0.47,,,RD237,,,
,30-07-2026,,,,,LU Loading,,,,,,5.18,,,RD237,,,
,30-07-2026,,,,,Waiting,,,,,,0.75,,,RD121,,,
,30-07-2026,,,,,LU Loading,,,,,,2.7,,,RD121,,,
,30-07-2026,,,,,Waiting,,,,,,10.27,,,RD244,,,
,30-07-2026,,,,,LU Loading,,,,,,5.67,,,RD244,,,
,30-07-2026,,,,,Waiting,,,,,,19.33,,,RD244,,,
,30-07-2026,,,,,Spotting,,,,,,0.82,,,RD244,,,
,30-07-2026,,,,,LU Loading,,,,,,3.67,,,RD244,,,
,30-07-2026,,,,,Waiting,,,,,,2.52,,,RD244,,,
,30-07-2026,,,,,Spotting,,,,,,1.38,,,RD244,,,
,30-07-2026,,,,,LU Loading,,,,,,5.18,,,RD244,,,
,30-07-2026,,,,,Waiting,,,,,,15.35,,,RD237,,,
,30-07-2026,,,,,LU Loading,,,,,,3.73,,,RD237,,,
,30-07-2026,,,,,Waiting,,,,,,1.42,,,RD121,,,
,30-07-2026,,,,,LU Loading,,,,,,3.07,,,RD121,,,
,30-07-2026,,,,,Waiting,,,,,,1.05,,,RD243,,,
,30-07-2026,,,,,LU Loading,,,,,,4.95,,,RD243,,,
,30-07-2026,,,,,Waiting,,,,,,1.37,,,RD244,,,
,30-07-2026,,,,,Spotting,,,,,,0.2,,,RD244,,,
,30-07-2026,,,,,LU Loading,,,,,,5.32,,,RD244,,,
,30-07-2026,,,,,Waiting,,,,,,0.53,,,RD237,,,
,30-07-2026,,,,,Spotting,,,,,,0.72,,,RD237,,,
,30-07-2026,,,,,LU Loading,,,,,,4.22,,,RD237,,,
,30-07-2026,,,,,Waiting,,,,,,2.57,,,RD121,,,
,30-07-2026,,,,,LU Loading,,,,,,4.05,,,RD121,,,
,30-07-2026,,,,,Waiting,,,,,,2.62,,,RD243,,,
,30-07-2026,,,,,LU Loading,,,,,,3.83,,,RD243,,,
,30-07-2026,,,,,Waiting,,,,,,2.57,,,RD244,,,
,30-07-2026,,,,,LU Loading,,,,,,3.3,,,RD244,,,
,30-07-2026,,,,,Waiting,,,,,,0.48,,,RD237,,,
,30-07-2026,,,,,Spotting,,,,,,0.35,,,RD237,,,
,30-07-2026,,,,,LU Loading,,,,,,3.33,,,RD237,,,
,30-07-2026,,,,,Waiting,,,,,,1.38,,,RD121,,,
,30-07-2026,,,,,LU Loading,,,,,,3.18,,,RD121,,,
,30-07-2026,,,,,Waiting,,,,,,4.48,,,RD243,,,
,30-07-2026,,,,,LU Loading,,,,,,3.77,,,RD243,,,
,30-07-2026,,,,,Waiting,,,,,,16.3,,,RD248,,,
,30-07-2026,,,,,Shift Change,,,,,,27.3,,,RD248,,,
,30-07-2026,,,,,Shift Change,,,,,,36.07,,,RD248,,,
,30-07-2026,,,,,Schedule No Work,,,,,,443.93,,,RD248,,,
,31-07-2026,,,,,,,,,,,,,,,,,
,Timestamp,,,,,Status Code,,Sub-Status Code,,,,"Duration
(min)",,,Hauling Unit,,,
,31-07-2026,,,,,Schedule No Work,,,,,,46.97,,,RD248,,,
,31-07-2026,,,,,Waiting,,,,,,13.58,,,RD248,,,
,31-07-2026,,,,,Marching,,,,,,28.85,,,RD248,,,
,31-07-2026,,,,,LU Loading,,,,,,4.93,,,RD248,,,
,31-07-2026,,,,,Waiting,,,,,,0.45,,,RD243,,,
,31-07-2026,,,,,LU Loading,,,,,,4.05,,,RD243,,,
,31-07-2026,,,,,Waiting,,,,,,9.15,,,RD231,,,
,31-07-2026,,,,,LU Loading,,,,,,3.9,,,RD231,,,
,31-07-2026,,,,,Waiting,,,,,,3.27,,,RD232,,,
,31-07-2026,,,,,LU Loading,,,,,,3.77,,,RD232,,,
,31-07-2026,,,,,Waiting,,,,,,1.1,,,RD248,,,
,31-07-2026,,,,,LU Loading,,,,,,3.52,,,RD248,,,
,31-07-2026,,,,,Waiting,,,,,,0.3,,,RD243,,,
,31-07-2026,,,,,LU Loading,,,,,,3.13,,,RD243,,,
,31-07-2026,,,,,Waiting,,,,,,3.12,,,RD231,,,
,31-07-2026,,,,,LU Loading,,,,,,3.95,,,RD231,,,
,31-07-2026,,,,,Waiting,,,,,,2.57,,,RD232,,,
,31-07-2026,,,,,LU Loading,,,,,,3.6,,,RD232,,,
,31-07-2026,,,,,Waiting,,,,,,10.92,,,RD231,,,
,31-07-2026,,,,,LU Loading,,,,,,3.55,,,RD231,,,
,31-07-2026,,,,,Waiting,,,,,,1.6,,,RD232,,,
,31-07-2026,,,,,LU Loading,,,,,,3.78,,,RD232,,,
,31-07-2026,,,,,Waiting,,,,,,0.5,,,RD248,,,
,31-07-2026,,,,,LU Loading,,,,,,4.57,,,RD248,,,
,31-07-2026,,,,,Waiting,,,,,,0.13,,,RD243,,,
,31-07-2026,,,,,LU Loading,,,,,,3.47,,,RD243,,,
,31-07-2026,,,,,Waiting,,,,,,18.17,,,RD252,,,
,31-07-2026,,,,,Daily Service,,,,,,293.12,,,RD252,,,
,31-07-2026,,,,,Daily Service,,,,,,480,,,RD252,,,
,31-07-2026,,,,,Daily Service,,,,,,5.12,,,RD252,,,
,31-07-2026,,,,,Shift Change,,,,,,42.48,,,RD252,,,
,31-07-2026,,,,,Schedule No Work,,,,,,412,,,RD252,,,
,01-08-2026,,,,,Shift Change,,,,,,20.4,,,RD252,,,
